<?xml version='1.0' encoding='UTF-8' standalone='yes' ?>
<gpx xmlns="http://www.topografix.com/GPX/1/1" xmlns:geotracker="http://ilyabogdanovich.com/gpx/extensions/geotracker" xmlns:xsi="http://www.w3.org/2001/XMLSchema-instance" xsi:schemaLocation="http://www.topografix.com/GPX/1/1 http://www.topografix.com/GPX/1/1/gpx.xsd" version="1.1" creator="Recorded in Geo Tracker for Android from Ilya Bogdanovich">
  <metadata>
    <name>b_0731_03</name>
    <author>
      <name>Recorded in Geo Tracker for Android from Ilya Bogdanovich</name>
      <link href="https://play.google.com/store/apps/details?id=com.ilyabogdanovich.geotracker" />
    </author>
    <link href="https://play.google.com/store/apps/details?id=com.ilyabogdanovich.geotracker" />
    <time>2025-07-31T15:42:32Z</time>
  </metadata>
  <wpt lat="47.08168667" lon="17.64536667">
    <ele>451.5</ele>
    <time>2025-07-31T15:45:31Z</time>
    <name>Stop for ~3 min</name>
    <desc>Elevation: 452 m
Time from start: 00:02:58
Distance from start: 8 m</desc>
    <extensions>
      <geotracker:meta visited="1" />
    </extensions>
  </wpt>
  <trk>
    <name>b_0731_03</name>
    <src>Recorded in Geo Tracker for Android from Ilya Bogdanovich</src>
    <link href="https://play.google.com/store/apps/details?id=com.ilyabogdanovich.geotracker" />
    <extensions>
      <geotracker:meta>
        <geotracker:length>29175.86</geotracker:length>
        <geotracker:duration>2657892</geotracker:duration>
        <geotracker:creationtime>2025-07-31T15:42:32Z</geotracker:creationtime>
        <geotracker:activity>0</geotracker:activity>
      </geotracker:meta>
    </extensions>
    <trkseg>
      <trkpt lat="47.08167667" lon="17.64526833">
        <ele>449.1</ele>
        <time>2025-07-31T15:42:45Z</time>
      </trkpt>
      <trkpt lat="47.08168667" lon="17.64536667">
        <ele>451.5</ele>
        <time>2025-07-31T15:45:31Z</time>
      </trkpt>
      <trkpt lat="47.08162833" lon="17.64566833">
        <ele>456.5</ele>
        <time>2025-07-31T15:46:28Z</time>
      </trkpt>
      <trkpt lat="47.08160333" lon="17.64581333">
        <ele>456.6</ele>
        <time>2025-07-31T15:46:30Z</time>
      </trkpt>
      <trkpt lat="47.081575" lon="17.64597833">
        <ele>456.4</ele>
        <time>2025-07-31T15:46:32Z</time>
      </trkpt>
      <trkpt lat="47.08153833" lon="17.6462">
        <ele>455.6</ele>
        <time>2025-07-31T15:46:34Z</time>
      </trkpt>
      <trkpt lat="47.08153333" lon="17.64647833">
        <ele>452.8</ele>
        <time>2025-07-31T15:46:36Z</time>
      </trkpt>
      <trkpt lat="47.08152833" lon="17.64662333">
        <ele>453</ele>
        <time>2025-07-31T15:46:37Z</time>
      </trkpt>
      <trkpt lat="47.08151667" lon="17.64676833">
        <ele>451.8</ele>
        <time>2025-07-31T15:46:38Z</time>
      </trkpt>
      <trkpt lat="47.08150833" lon="17.64690667">
        <ele>451.3</ele>
        <time>2025-07-31T15:46:39Z</time>
      </trkpt>
      <trkpt lat="47.08150333" lon="17.647055">
        <ele>450.3</ele>
        <time>2025-07-31T15:46:40Z</time>
      </trkpt>
      <trkpt lat="47.08149833" lon="17.64720167">
        <ele>449.5</ele>
        <time>2025-07-31T15:46:41Z</time>
      </trkpt>
      <trkpt lat="47.08149" lon="17.64734667">
        <ele>449.9</ele>
        <time>2025-07-31T15:46:42Z</time>
      </trkpt>
      <trkpt lat="47.08148667" lon="17.64750333">
        <ele>449.5</ele>
        <time>2025-07-31T15:46:43Z</time>
      </trkpt>
      <trkpt lat="47.08147667" lon="17.64765333">
        <ele>449.9</ele>
        <time>2025-07-31T15:46:44Z</time>
      </trkpt>
      <trkpt lat="47.08147333" lon="17.647795">
        <ele>449.7</ele>
        <time>2025-07-31T15:46:45Z</time>
      </trkpt>
      <trkpt lat="47.08146667" lon="17.64794833">
        <ele>449.3</ele>
        <time>2025-07-31T15:46:46Z</time>
      </trkpt>
      <trkpt lat="47.08147333" lon="17.64808667">
        <ele>449</ele>
        <time>2025-07-31T15:46:47Z</time>
      </trkpt>
      <trkpt lat="47.08148" lon="17.64823667">
        <ele>449.5</ele>
        <time>2025-07-31T15:46:48Z</time>
      </trkpt>
      <trkpt lat="47.08149167" lon="17.64838667">
        <ele>449.5</ele>
        <time>2025-07-31T15:46:49Z</time>
      </trkpt>
      <trkpt lat="47.08149333" lon="17.64852667">
        <ele>449.4</ele>
        <time>2025-07-31T15:46:50Z</time>
      </trkpt>
      <trkpt lat="47.08149833" lon="17.64866667">
        <ele>448.7</ele>
        <time>2025-07-31T15:46:51Z</time>
      </trkpt>
      <trkpt lat="47.08149667" lon="17.6488">
        <ele>448.5</ele>
        <time>2025-07-31T15:46:52Z</time>
      </trkpt>
      <trkpt lat="47.08148167" lon="17.648935">
        <ele>448.9</ele>
        <time>2025-07-31T15:46:53Z</time>
      </trkpt>
      <trkpt lat="47.081455" lon="17.64907167">
        <ele>449.5</ele>
        <time>2025-07-31T15:46:54Z</time>
      </trkpt>
      <trkpt lat="47.08143333" lon="17.64920833">
        <ele>449.9</ele>
        <time>2025-07-31T15:46:55Z</time>
      </trkpt>
      <trkpt lat="47.08139667" lon="17.64933667">
        <ele>450.4</ele>
        <time>2025-07-31T15:46:56Z</time>
      </trkpt>
      <trkpt lat="47.08135833" lon="17.64946">
        <ele>451.5</ele>
        <time>2025-07-31T15:46:57Z</time>
      </trkpt>
      <trkpt lat="47.08129333" lon="17.6497">
        <ele>454.8</ele>
        <time>2025-07-31T15:46:59Z</time>
      </trkpt>
      <trkpt lat="47.08125333" lon="17.64981833">
        <ele>456.6</ele>
        <time>2025-07-31T15:47:00Z</time>
      </trkpt>
      <trkpt lat="47.08116" lon="17.65004">
        <ele>460.4</ele>
        <time>2025-07-31T15:47:02Z</time>
      </trkpt>
      <trkpt lat="47.08104833" lon="17.650205">
        <ele>462.8</ele>
        <time>2025-07-31T15:47:04Z</time>
      </trkpt>
      <trkpt lat="47.08092667" lon="17.65038667">
        <ele>464.7</ele>
        <time>2025-07-31T15:47:06Z</time>
      </trkpt>
      <trkpt lat="47.08086167" lon="17.650495">
        <ele>465.9</ele>
        <time>2025-07-31T15:47:07Z</time>
      </trkpt>
      <trkpt lat="47.08079667" lon="17.65059333">
        <ele>465.7</ele>
        <time>2025-07-31T15:47:08Z</time>
      </trkpt>
      <trkpt lat="47.080725" lon="17.65069">
        <ele>465.4</ele>
        <time>2025-07-31T15:47:09Z</time>
      </trkpt>
      <trkpt lat="47.08066333" lon="17.65079">
        <ele>465.8</ele>
        <time>2025-07-31T15:47:10Z</time>
      </trkpt>
      <trkpt lat="47.08059667" lon="17.65088833">
        <ele>466.5</ele>
        <time>2025-07-31T15:47:11Z</time>
      </trkpt>
      <trkpt lat="47.08047667" lon="17.65108333">
        <ele>468</ele>
        <time>2025-07-31T15:47:13Z</time>
      </trkpt>
      <trkpt lat="47.08040333" lon="17.65116667">
        <ele>469.8</ele>
        <time>2025-07-31T15:47:14Z</time>
      </trkpt>
      <trkpt lat="47.08031667" lon="17.65124">
        <ele>471.2</ele>
        <time>2025-07-31T15:47:15Z</time>
      </trkpt>
      <trkpt lat="47.08022" lon="17.65131">
        <ele>472.1</ele>
        <time>2025-07-31T15:47:16Z</time>
      </trkpt>
      <trkpt lat="47.08012167" lon="17.65138167">
        <ele>472</ele>
        <time>2025-07-31T15:47:17Z</time>
      </trkpt>
      <trkpt lat="47.08003167" lon="17.65144667">
        <ele>472</ele>
        <time>2025-07-31T15:47:18Z</time>
      </trkpt>
      <trkpt lat="47.079935" lon="17.65151">
        <ele>472.2</ele>
        <time>2025-07-31T15:47:19Z</time>
      </trkpt>
      <trkpt lat="47.07984" lon="17.65157167">
        <ele>472.8</ele>
        <time>2025-07-31T15:47:20Z</time>
      </trkpt>
      <trkpt lat="47.07975167" lon="17.65163333">
        <ele>473.6</ele>
        <time>2025-07-31T15:47:21Z</time>
      </trkpt>
      <trkpt lat="47.079645" lon="17.65167833">
        <ele>475.3</ele>
        <time>2025-07-31T15:47:22Z</time>
      </trkpt>
      <trkpt lat="47.07953167" lon="17.65172667">
        <ele>475.9</ele>
        <time>2025-07-31T15:47:23Z</time>
      </trkpt>
      <trkpt lat="47.07943" lon="17.65177333">
        <ele>476</ele>
        <time>2025-07-31T15:47:24Z</time>
      </trkpt>
      <trkpt lat="47.079325" lon="17.65181667">
        <ele>476.6</ele>
        <time>2025-07-31T15:47:25Z</time>
      </trkpt>
      <trkpt lat="47.079215" lon="17.651845">
        <ele>476.5</ele>
        <time>2025-07-31T15:47:26Z</time>
      </trkpt>
      <trkpt lat="47.07910833" lon="17.65187">
        <ele>476.5</ele>
        <time>2025-07-31T15:47:27Z</time>
      </trkpt>
      <trkpt lat="47.07901167" lon="17.65189667">
        <ele>476.7</ele>
        <time>2025-07-31T15:47:28Z</time>
      </trkpt>
      <trkpt lat="47.07891833" lon="17.65192333">
        <ele>476.4</ele>
        <time>2025-07-31T15:47:29Z</time>
      </trkpt>
      <trkpt lat="47.07883167" lon="17.65196">
        <ele>476.4</ele>
        <time>2025-07-31T15:47:30Z</time>
      </trkpt>
      <trkpt lat="47.07866667" lon="17.65202833">
        <ele>477.2</ele>
        <time>2025-07-31T15:47:32Z</time>
      </trkpt>
      <trkpt lat="47.078575" lon="17.65206167">
        <ele>477.8</ele>
        <time>2025-07-31T15:47:33Z</time>
      </trkpt>
      <trkpt lat="47.07839167" lon="17.65211333">
        <ele>478.3</ele>
        <time>2025-07-31T15:47:35Z</time>
      </trkpt>
      <trkpt lat="47.078285" lon="17.652135">
        <ele>477.4</ele>
        <time>2025-07-31T15:47:36Z</time>
      </trkpt>
      <trkpt lat="47.07819" lon="17.65215">
        <ele>477.5</ele>
        <time>2025-07-31T15:47:37Z</time>
      </trkpt>
      <trkpt lat="47.07810167" lon="17.65218833">
        <ele>476.5</ele>
        <time>2025-07-31T15:47:38Z</time>
      </trkpt>
      <trkpt lat="47.07801333" lon="17.652245">
        <ele>477.2</ele>
        <time>2025-07-31T15:47:39Z</time>
      </trkpt>
      <trkpt lat="47.077925" lon="17.65232167">
        <ele>476.9</ele>
        <time>2025-07-31T15:47:40Z</time>
      </trkpt>
      <trkpt lat="47.077835" lon="17.65244667">
        <ele>477.3</ele>
        <time>2025-07-31T15:47:41Z</time>
      </trkpt>
      <trkpt lat="47.077775" lon="17.65258">
        <ele>477.6</ele>
        <time>2025-07-31T15:47:42Z</time>
      </trkpt>
      <trkpt lat="47.07773" lon="17.65273167">
        <ele>477.9</ele>
        <time>2025-07-31T15:47:43Z</time>
      </trkpt>
      <trkpt lat="47.07771" lon="17.65289167">
        <ele>478.9</ele>
        <time>2025-07-31T15:47:44Z</time>
      </trkpt>
      <trkpt lat="47.077695" lon="17.653045">
        <ele>480.2</ele>
        <time>2025-07-31T15:47:45Z</time>
      </trkpt>
      <trkpt lat="47.07769" lon="17.65320333">
        <ele>481.8</ele>
        <time>2025-07-31T15:47:46Z</time>
      </trkpt>
      <trkpt lat="47.077685" lon="17.65335833">
        <ele>482.9</ele>
        <time>2025-07-31T15:47:47Z</time>
      </trkpt>
      <trkpt lat="47.07768833" lon="17.65352">
        <ele>484.1</ele>
        <time>2025-07-31T15:47:48Z</time>
      </trkpt>
      <trkpt lat="47.07769667" lon="17.653665">
        <ele>485</ele>
        <time>2025-07-31T15:47:49Z</time>
      </trkpt>
      <trkpt lat="47.077705" lon="17.65381">
        <ele>485.6</ele>
        <time>2025-07-31T15:47:50Z</time>
      </trkpt>
      <trkpt lat="47.07771333" lon="17.65394833">
        <ele>488.2</ele>
        <time>2025-07-31T15:47:51Z</time>
      </trkpt>
      <trkpt lat="47.077725" lon="17.65408333">
        <ele>488.8</ele>
        <time>2025-07-31T15:47:52Z</time>
      </trkpt>
      <trkpt lat="47.077745" lon="17.65423167">
        <ele>489.5</ele>
        <time>2025-07-31T15:47:53Z</time>
      </trkpt>
      <trkpt lat="47.07776333" lon="17.654375">
        <ele>490.5</ele>
        <time>2025-07-31T15:47:54Z</time>
      </trkpt>
      <trkpt lat="47.07778833" lon="17.65452667">
        <ele>490.4</ele>
        <time>2025-07-31T15:47:55Z</time>
      </trkpt>
      <trkpt lat="47.077815" lon="17.65469333">
        <ele>491.4</ele>
        <time>2025-07-31T15:47:56Z</time>
      </trkpt>
      <trkpt lat="47.07784667" lon="17.654855">
        <ele>492.4</ele>
        <time>2025-07-31T15:47:57Z</time>
      </trkpt>
      <trkpt lat="47.07787333" lon="17.65501833">
        <ele>492.6</ele>
        <time>2025-07-31T15:47:58Z</time>
      </trkpt>
      <trkpt lat="47.07790333" lon="17.65518167">
        <ele>492.6</ele>
        <time>2025-07-31T15:47:59Z</time>
      </trkpt>
      <trkpt lat="47.07793167" lon="17.65534">
        <ele>493.2</ele>
        <time>2025-07-31T15:48:00Z</time>
      </trkpt>
      <trkpt lat="47.07796167" lon="17.65549333">
        <ele>493.9</ele>
        <time>2025-07-31T15:48:01Z</time>
      </trkpt>
      <trkpt lat="47.077975" lon="17.65564833">
        <ele>495.3</ele>
        <time>2025-07-31T15:48:02Z</time>
      </trkpt>
      <trkpt lat="47.07799" lon="17.65579333">
        <ele>496.5</ele>
        <time>2025-07-31T15:48:03Z</time>
      </trkpt>
      <trkpt lat="47.07800167" lon="17.65593667">
        <ele>496.8</ele>
        <time>2025-07-31T15:48:04Z</time>
      </trkpt>
      <trkpt lat="47.07800833" lon="17.65607667">
        <ele>496.6</ele>
        <time>2025-07-31T15:48:05Z</time>
      </trkpt>
      <trkpt lat="47.078015" lon="17.65622">
        <ele>497.1</ele>
        <time>2025-07-31T15:48:06Z</time>
      </trkpt>
      <trkpt lat="47.078015" lon="17.65636833">
        <ele>497.5</ele>
        <time>2025-07-31T15:48:07Z</time>
      </trkpt>
      <trkpt lat="47.07801" lon="17.65662667">
        <ele>497.2</ele>
        <time>2025-07-31T15:48:09Z</time>
      </trkpt>
      <trkpt lat="47.07800333" lon="17.65678">
        <ele>496.9</ele>
        <time>2025-07-31T15:48:10Z</time>
      </trkpt>
      <trkpt lat="47.07799167" lon="17.65692833">
        <ele>496.5</ele>
        <time>2025-07-31T15:48:11Z</time>
      </trkpt>
      <trkpt lat="47.07797833" lon="17.65708167">
        <ele>496.2</ele>
        <time>2025-07-31T15:48:12Z</time>
      </trkpt>
      <trkpt lat="47.077955" lon="17.65724167">
        <ele>496</ele>
        <time>2025-07-31T15:48:13Z</time>
      </trkpt>
      <trkpt lat="47.07793167" lon="17.65740167">
        <ele>495.8</ele>
        <time>2025-07-31T15:48:14Z</time>
      </trkpt>
      <trkpt lat="47.07790833" lon="17.65756333">
        <ele>494.4</ele>
        <time>2025-07-31T15:48:15Z</time>
      </trkpt>
      <trkpt lat="47.07788" lon="17.657735">
        <ele>494.5</ele>
        <time>2025-07-31T15:48:16Z</time>
      </trkpt>
      <trkpt lat="47.07784667" lon="17.65792667">
        <ele>494.5</ele>
        <time>2025-07-31T15:48:17Z</time>
      </trkpt>
      <trkpt lat="47.07781" lon="17.65812167">
        <ele>494.7</ele>
        <time>2025-07-31T15:48:18Z</time>
      </trkpt>
      <trkpt lat="47.07777333" lon="17.65832667">
        <ele>495</ele>
        <time>2025-07-31T15:48:19Z</time>
      </trkpt>
      <trkpt lat="47.07773333" lon="17.658535">
        <ele>495.2</ele>
        <time>2025-07-31T15:48:20Z</time>
      </trkpt>
      <trkpt lat="47.07769" lon="17.65875333">
        <ele>495.3</ele>
        <time>2025-07-31T15:48:21Z</time>
      </trkpt>
      <trkpt lat="47.07764667" lon="17.65897">
        <ele>495.1</ele>
        <time>2025-07-31T15:48:22Z</time>
      </trkpt>
      <trkpt lat="47.07760667" lon="17.65919333">
        <ele>495.3</ele>
        <time>2025-07-31T15:48:23Z</time>
      </trkpt>
      <trkpt lat="47.07757833" lon="17.65941333">
        <ele>494.7</ele>
        <time>2025-07-31T15:48:24Z</time>
      </trkpt>
      <trkpt lat="47.07754667" lon="17.65962833">
        <ele>494.4</ele>
        <time>2025-07-31T15:48:25Z</time>
      </trkpt>
      <trkpt lat="47.07751167" lon="17.65985">
        <ele>494.1</ele>
        <time>2025-07-31T15:48:26Z</time>
      </trkpt>
      <trkpt lat="47.07748167" lon="17.66008333">
        <ele>493.9</ele>
        <time>2025-07-31T15:48:27Z</time>
      </trkpt>
      <trkpt lat="47.07745167" lon="17.66031">
        <ele>493.2</ele>
        <time>2025-07-31T15:48:28Z</time>
      </trkpt>
      <trkpt lat="47.077425" lon="17.66054333">
        <ele>492</ele>
        <time>2025-07-31T15:48:29Z</time>
      </trkpt>
      <trkpt lat="47.07742667" lon="17.66077167">
        <ele>491.1</ele>
        <time>2025-07-31T15:48:30Z</time>
      </trkpt>
      <trkpt lat="47.07741333" lon="17.66101333">
        <ele>489</ele>
        <time>2025-07-31T15:48:31Z</time>
      </trkpt>
      <trkpt lat="47.07738833" lon="17.66124833">
        <ele>487.7</ele>
        <time>2025-07-31T15:48:32Z</time>
      </trkpt>
      <trkpt lat="47.07737" lon="17.66149167">
        <ele>487.3</ele>
        <time>2025-07-31T15:48:33Z</time>
      </trkpt>
      <trkpt lat="47.077345" lon="17.66170833">
        <ele>486.1</ele>
        <time>2025-07-31T15:48:34Z</time>
      </trkpt>
      <trkpt lat="47.07732667" lon="17.66190667">
        <ele>486</ele>
        <time>2025-07-31T15:48:35Z</time>
      </trkpt>
      <trkpt lat="47.077305" lon="17.66210333">
        <ele>488.7</ele>
        <time>2025-07-31T15:48:36Z</time>
      </trkpt>
      <trkpt lat="47.077295" lon="17.66228167">
        <ele>490.4</ele>
        <time>2025-07-31T15:48:37Z</time>
      </trkpt>
      <trkpt lat="47.07731833" lon="17.66247667">
        <ele>488.7</ele>
        <time>2025-07-31T15:48:38Z</time>
      </trkpt>
      <trkpt lat="47.07732333" lon="17.66263667">
        <ele>487.4</ele>
        <time>2025-07-31T15:48:39Z</time>
      </trkpt>
      <trkpt lat="47.07733667" lon="17.66279667">
        <ele>486.1</ele>
        <time>2025-07-31T15:48:40Z</time>
      </trkpt>
      <trkpt lat="47.07735167" lon="17.66296167">
        <ele>484.5</ele>
        <time>2025-07-31T15:48:41Z</time>
      </trkpt>
      <trkpt lat="47.07738167" lon="17.66312167">
        <ele>483.5</ele>
        <time>2025-07-31T15:48:42Z</time>
      </trkpt>
      <trkpt lat="47.07744667" lon="17.663275">
        <ele>482.6</ele>
        <time>2025-07-31T15:48:43Z</time>
      </trkpt>
      <trkpt lat="47.07754667" lon="17.66342333">
        <ele>481.3</ele>
        <time>2025-07-31T15:48:44Z</time>
      </trkpt>
      <trkpt lat="47.07765333" lon="17.66357">
        <ele>480.9</ele>
        <time>2025-07-31T15:48:45Z</time>
      </trkpt>
      <trkpt lat="47.07774667" lon="17.66371333">
        <ele>480.5</ele>
        <time>2025-07-31T15:48:46Z</time>
      </trkpt>
      <trkpt lat="47.07784333" lon="17.66386167">
        <ele>479.2</ele>
        <time>2025-07-31T15:48:47Z</time>
      </trkpt>
      <trkpt lat="47.07792833" lon="17.66402833">
        <ele>477.1</ele>
        <time>2025-07-31T15:48:48Z</time>
      </trkpt>
      <trkpt lat="47.07800333" lon="17.66420667">
        <ele>475.1</ele>
        <time>2025-07-31T15:48:49Z</time>
      </trkpt>
      <trkpt lat="47.07805333" lon="17.664395">
        <ele>472.7</ele>
        <time>2025-07-31T15:48:50Z</time>
      </trkpt>
      <trkpt lat="47.07807" lon="17.66457833">
        <ele>470.1</ele>
        <time>2025-07-31T15:48:51Z</time>
      </trkpt>
      <trkpt lat="47.07807667" lon="17.66478167">
        <ele>468.7</ele>
        <time>2025-07-31T15:48:52Z</time>
      </trkpt>
      <trkpt lat="47.07807667" lon="17.66500167">
        <ele>467.7</ele>
        <time>2025-07-31T15:48:53Z</time>
      </trkpt>
      <trkpt lat="47.07806833" lon="17.66523">
        <ele>467.5</ele>
        <time>2025-07-31T15:48:54Z</time>
      </trkpt>
      <trkpt lat="47.07805333" lon="17.66547167">
        <ele>467.9</ele>
        <time>2025-07-31T15:48:55Z</time>
      </trkpt>
      <trkpt lat="47.07803667" lon="17.665705">
        <ele>467.8</ele>
        <time>2025-07-31T15:48:56Z</time>
      </trkpt>
      <trkpt lat="47.078025" lon="17.66594333">
        <ele>466.6</ele>
        <time>2025-07-31T15:48:57Z</time>
      </trkpt>
      <trkpt lat="47.07800667" lon="17.66618">
        <ele>465.6</ele>
        <time>2025-07-31T15:48:58Z</time>
      </trkpt>
      <trkpt lat="47.07800833" lon="17.666425">
        <ele>462.3</ele>
        <time>2025-07-31T15:48:59Z</time>
      </trkpt>
      <trkpt lat="47.07800167" lon="17.66666167">
        <ele>460.1</ele>
        <time>2025-07-31T15:49:00Z</time>
      </trkpt>
      <trkpt lat="47.07799833" lon="17.66689167">
        <ele>457.3</ele>
        <time>2025-07-31T15:49:01Z</time>
      </trkpt>
      <trkpt lat="47.07798833" lon="17.66712333">
        <ele>455.8</ele>
        <time>2025-07-31T15:49:02Z</time>
      </trkpt>
      <trkpt lat="47.07798" lon="17.66735667">
        <ele>454.8</ele>
        <time>2025-07-31T15:49:03Z</time>
      </trkpt>
      <trkpt lat="47.07795333" lon="17.66758">
        <ele>452.5</ele>
        <time>2025-07-31T15:49:04Z</time>
      </trkpt>
      <trkpt lat="47.07794667" lon="17.667815">
        <ele>453.1</ele>
        <time>2025-07-31T15:49:05Z</time>
      </trkpt>
      <trkpt lat="47.077945" lon="17.66804">
        <ele>453.2</ele>
        <time>2025-07-31T15:49:06Z</time>
      </trkpt>
      <trkpt lat="47.07792833" lon="17.66827333">
        <ele>453.8</ele>
        <time>2025-07-31T15:49:07Z</time>
      </trkpt>
      <trkpt lat="47.07789333" lon="17.66850167">
        <ele>453.2</ele>
        <time>2025-07-31T15:49:08Z</time>
      </trkpt>
      <trkpt lat="47.07783667" lon="17.6687">
        <ele>453</ele>
        <time>2025-07-31T15:49:09Z</time>
      </trkpt>
      <trkpt lat="47.07776" lon="17.668865">
        <ele>454.4</ele>
        <time>2025-07-31T15:49:10Z</time>
      </trkpt>
      <trkpt lat="47.07765833" lon="17.669025">
        <ele>454</ele>
        <time>2025-07-31T15:49:11Z</time>
      </trkpt>
      <trkpt lat="47.07756333" lon="17.669175">
        <ele>454.5</ele>
        <time>2025-07-31T15:49:12Z</time>
      </trkpt>
      <trkpt lat="47.07746" lon="17.669325">
        <ele>454.1</ele>
        <time>2025-07-31T15:49:13Z</time>
      </trkpt>
      <trkpt lat="47.07735333" lon="17.66947833">
        <ele>454.5</ele>
        <time>2025-07-31T15:49:14Z</time>
      </trkpt>
      <trkpt lat="47.07724667" lon="17.66963333">
        <ele>454.7</ele>
        <time>2025-07-31T15:49:15Z</time>
      </trkpt>
      <trkpt lat="47.07714333" lon="17.66978333">
        <ele>454.8</ele>
        <time>2025-07-31T15:49:16Z</time>
      </trkpt>
      <trkpt lat="47.07704667" lon="17.66992">
        <ele>454.4</ele>
        <time>2025-07-31T15:49:17Z</time>
      </trkpt>
      <trkpt lat="47.076955" lon="17.67005333">
        <ele>454.1</ele>
        <time>2025-07-31T15:49:18Z</time>
      </trkpt>
      <trkpt lat="47.07687333" lon="17.67017167">
        <ele>454.2</ele>
        <time>2025-07-31T15:49:19Z</time>
      </trkpt>
      <trkpt lat="47.07679833" lon="17.67027833">
        <ele>453.8</ele>
        <time>2025-07-31T15:49:20Z</time>
      </trkpt>
      <trkpt lat="47.07673667" lon="17.67038">
        <ele>453.7</ele>
        <time>2025-07-31T15:49:21Z</time>
      </trkpt>
      <trkpt lat="47.07668167" lon="17.67049167">
        <ele>453.1</ele>
        <time>2025-07-31T15:49:22Z</time>
      </trkpt>
      <trkpt lat="47.076645" lon="17.67061667">
        <ele>453.6</ele>
        <time>2025-07-31T15:49:23Z</time>
      </trkpt>
      <trkpt lat="47.07663" lon="17.67075167">
        <ele>453.8</ele>
        <time>2025-07-31T15:49:24Z</time>
      </trkpt>
      <trkpt lat="47.07664167" lon="17.67090333">
        <ele>453.7</ele>
        <time>2025-07-31T15:49:25Z</time>
      </trkpt>
      <trkpt lat="47.07667167" lon="17.67105667">
        <ele>453.8</ele>
        <time>2025-07-31T15:49:26Z</time>
      </trkpt>
      <trkpt lat="47.076715" lon="17.67119833">
        <ele>452.1</ele>
        <time>2025-07-31T15:49:27Z</time>
      </trkpt>
      <trkpt lat="47.07677667" lon="17.67133333">
        <ele>451.5</ele>
        <time>2025-07-31T15:49:28Z</time>
      </trkpt>
      <trkpt lat="47.07685333" lon="17.67146333">
        <ele>450</ele>
        <time>2025-07-31T15:49:29Z</time>
      </trkpt>
      <trkpt lat="47.07693333" lon="17.67159">
        <ele>449.5</ele>
        <time>2025-07-31T15:49:30Z</time>
      </trkpt>
      <trkpt lat="47.077035" lon="17.67173333">
        <ele>449</ele>
        <time>2025-07-31T15:49:31Z</time>
      </trkpt>
      <trkpt lat="47.07713167" lon="17.67188">
        <ele>449.5</ele>
        <time>2025-07-31T15:49:32Z</time>
      </trkpt>
      <trkpt lat="47.07721833" lon="17.67202833">
        <ele>448.5</ele>
        <time>2025-07-31T15:49:33Z</time>
      </trkpt>
      <trkpt lat="47.07731167" lon="17.67218">
        <ele>448.2</ele>
        <time>2025-07-31T15:49:34Z</time>
      </trkpt>
      <trkpt lat="47.0774" lon="17.67232833">
        <ele>447.3</ele>
        <time>2025-07-31T15:49:35Z</time>
      </trkpt>
      <trkpt lat="47.07750167" lon="17.67248">
        <ele>447.4</ele>
        <time>2025-07-31T15:49:36Z</time>
      </trkpt>
      <trkpt lat="47.077595" lon="17.67263667">
        <ele>446.5</ele>
        <time>2025-07-31T15:49:37Z</time>
      </trkpt>
      <trkpt lat="47.07770833" lon="17.672805">
        <ele>445.6</ele>
        <time>2025-07-31T15:49:38Z</time>
      </trkpt>
      <trkpt lat="47.07782" lon="17.67296833">
        <ele>445.4</ele>
        <time>2025-07-31T15:49:39Z</time>
      </trkpt>
      <trkpt lat="47.07793167" lon="17.673155">
        <ele>444.8</ele>
        <time>2025-07-31T15:49:40Z</time>
      </trkpt>
      <trkpt lat="47.07804333" lon="17.67333667">
        <ele>443.8</ele>
        <time>2025-07-31T15:49:41Z</time>
      </trkpt>
      <trkpt lat="47.07816667" lon="17.67352833">
        <ele>444.1</ele>
        <time>2025-07-31T15:49:42Z</time>
      </trkpt>
      <trkpt lat="47.07829167" lon="17.67371833">
        <ele>444.1</ele>
        <time>2025-07-31T15:49:43Z</time>
      </trkpt>
      <trkpt lat="47.078425" lon="17.67392">
        <ele>443.9</ele>
        <time>2025-07-31T15:49:44Z</time>
      </trkpt>
      <trkpt lat="47.07855167" lon="17.67411167">
        <ele>443.5</ele>
        <time>2025-07-31T15:49:45Z</time>
      </trkpt>
      <trkpt lat="47.07867333" lon="17.6743">
        <ele>442.3</ele>
        <time>2025-07-31T15:49:46Z</time>
      </trkpt>
      <trkpt lat="47.078795" lon="17.67448667">
        <ele>441.1</ele>
        <time>2025-07-31T15:49:47Z</time>
      </trkpt>
      <trkpt lat="47.07891333" lon="17.67466">
        <ele>440.8</ele>
        <time>2025-07-31T15:49:48Z</time>
      </trkpt>
      <trkpt lat="47.07900333" lon="17.67482667">
        <ele>440.7</ele>
        <time>2025-07-31T15:49:49Z</time>
      </trkpt>
      <trkpt lat="47.07909667" lon="17.67498833">
        <ele>439.7</ele>
        <time>2025-07-31T15:49:50Z</time>
      </trkpt>
      <trkpt lat="47.07918833" lon="17.675135">
        <ele>439.6</ele>
        <time>2025-07-31T15:49:51Z</time>
      </trkpt>
      <trkpt lat="47.079275" lon="17.67526667">
        <ele>439.7</ele>
        <time>2025-07-31T15:49:52Z</time>
      </trkpt>
      <trkpt lat="47.07935833" lon="17.67539333">
        <ele>439.4</ele>
        <time>2025-07-31T15:49:53Z</time>
      </trkpt>
      <trkpt lat="47.079435" lon="17.67551833">
        <ele>439.7</ele>
        <time>2025-07-31T15:49:54Z</time>
      </trkpt>
      <trkpt lat="47.07952167" lon="17.67564333">
        <ele>439.6</ele>
        <time>2025-07-31T15:49:55Z</time>
      </trkpt>
      <trkpt lat="47.07960833" lon="17.67578167">
        <ele>440.4</ele>
        <time>2025-07-31T15:49:56Z</time>
      </trkpt>
      <trkpt lat="47.07969333" lon="17.67590667">
        <ele>440.8</ele>
        <time>2025-07-31T15:49:57Z</time>
      </trkpt>
      <trkpt lat="47.079775" lon="17.67605">
        <ele>440.3</ele>
        <time>2025-07-31T15:49:58Z</time>
      </trkpt>
      <trkpt lat="47.07985167" lon="17.67619833">
        <ele>439.9</ele>
        <time>2025-07-31T15:49:59Z</time>
      </trkpt>
      <trkpt lat="47.079935" lon="17.67634667">
        <ele>438.6</ele>
        <time>2025-07-31T15:50:00Z</time>
      </trkpt>
      <trkpt lat="47.08003" lon="17.67650667">
        <ele>438.8</ele>
        <time>2025-07-31T15:50:01Z</time>
      </trkpt>
      <trkpt lat="47.080135" lon="17.67667333">
        <ele>439.6</ele>
        <time>2025-07-31T15:50:02Z</time>
      </trkpt>
      <trkpt lat="47.08023" lon="17.67685167">
        <ele>439.5</ele>
        <time>2025-07-31T15:50:03Z</time>
      </trkpt>
      <trkpt lat="47.080325" lon="17.67701667">
        <ele>439.2</ele>
        <time>2025-07-31T15:50:04Z</time>
      </trkpt>
      <trkpt lat="47.08042" lon="17.67719667">
        <ele>438.6</ele>
        <time>2025-07-31T15:50:05Z</time>
      </trkpt>
      <trkpt lat="47.08052333" lon="17.67736333">
        <ele>438.6</ele>
        <time>2025-07-31T15:50:06Z</time>
      </trkpt>
      <trkpt lat="47.08062333" lon="17.67754333">
        <ele>437.9</ele>
        <time>2025-07-31T15:50:07Z</time>
      </trkpt>
      <trkpt lat="47.08073333" lon="17.67773333">
        <ele>439.1</ele>
        <time>2025-07-31T15:50:08Z</time>
      </trkpt>
      <trkpt lat="47.08083167" lon="17.67792333">
        <ele>439.5</ele>
        <time>2025-07-31T15:50:09Z</time>
      </trkpt>
      <trkpt lat="47.08094167" lon="17.67810333">
        <ele>440.8</ele>
        <time>2025-07-31T15:50:10Z</time>
      </trkpt>
      <trkpt lat="47.08105333" lon="17.67828">
        <ele>440.6</ele>
        <time>2025-07-31T15:50:11Z</time>
      </trkpt>
      <trkpt lat="47.081165" lon="17.67847333">
        <ele>440.9</ele>
        <time>2025-07-31T15:50:12Z</time>
      </trkpt>
      <trkpt lat="47.08127167" lon="17.678675">
        <ele>440.2</ele>
        <time>2025-07-31T15:50:13Z</time>
      </trkpt>
      <trkpt lat="47.08138833" lon="17.67888">
        <ele>440.2</ele>
        <time>2025-07-31T15:50:14Z</time>
      </trkpt>
      <trkpt lat="47.08151167" lon="17.67908167">
        <ele>439.2</ele>
        <time>2025-07-31T15:50:15Z</time>
      </trkpt>
      <trkpt lat="47.08163333" lon="17.67928833">
        <ele>438.4</ele>
        <time>2025-07-31T15:50:16Z</time>
      </trkpt>
      <trkpt lat="47.08176167" lon="17.67949667">
        <ele>437.9</ele>
        <time>2025-07-31T15:50:17Z</time>
      </trkpt>
      <trkpt lat="47.08188167" lon="17.67972">
        <ele>436.9</ele>
        <time>2025-07-31T15:50:18Z</time>
      </trkpt>
      <trkpt lat="47.08200167" lon="17.67994833">
        <ele>436.4</ele>
        <time>2025-07-31T15:50:19Z</time>
      </trkpt>
      <trkpt lat="47.08212667" lon="17.68017333">
        <ele>436</ele>
        <time>2025-07-31T15:50:20Z</time>
      </trkpt>
      <trkpt lat="47.08224833" lon="17.68039333">
        <ele>435.6</ele>
        <time>2025-07-31T15:50:21Z</time>
      </trkpt>
      <trkpt lat="47.08237667" lon="17.68062333">
        <ele>436.6</ele>
        <time>2025-07-31T15:50:22Z</time>
      </trkpt>
      <trkpt lat="47.08250167" lon="17.680855">
        <ele>436.9</ele>
        <time>2025-07-31T15:50:23Z</time>
      </trkpt>
      <trkpt lat="47.08262333" lon="17.68107333">
        <ele>436.5</ele>
        <time>2025-07-31T15:50:24Z</time>
      </trkpt>
      <trkpt lat="47.08275667" lon="17.68129333">
        <ele>436</ele>
        <time>2025-07-31T15:50:25Z</time>
      </trkpt>
      <trkpt lat="47.08289667" lon="17.68150333">
        <ele>435.7</ele>
        <time>2025-07-31T15:50:26Z</time>
      </trkpt>
      <trkpt lat="47.083035" lon="17.68172333">
        <ele>434.4</ele>
        <time>2025-07-31T15:50:27Z</time>
      </trkpt>
      <trkpt lat="47.08316167" lon="17.68194667">
        <ele>433.3</ele>
        <time>2025-07-31T15:50:28Z</time>
      </trkpt>
      <trkpt lat="47.0833" lon="17.68215167">
        <ele>433.2</ele>
        <time>2025-07-31T15:50:29Z</time>
      </trkpt>
      <trkpt lat="47.08344833" lon="17.68239">
        <ele>433.9</ele>
        <time>2025-07-31T15:50:30Z</time>
      </trkpt>
      <trkpt lat="47.083595" lon="17.682605">
        <ele>433.1</ele>
        <time>2025-07-31T15:50:31Z</time>
      </trkpt>
      <trkpt lat="47.08374667" lon="17.68281667">
        <ele>433.3</ele>
        <time>2025-07-31T15:50:32Z</time>
      </trkpt>
      <trkpt lat="47.08390667" lon="17.68303167">
        <ele>433.5</ele>
        <time>2025-07-31T15:50:33Z</time>
      </trkpt>
      <trkpt lat="47.084065" lon="17.68324">
        <ele>433.2</ele>
        <time>2025-07-31T15:50:34Z</time>
      </trkpt>
      <trkpt lat="47.08422667" lon="17.68343167">
        <ele>431.6</ele>
        <time>2025-07-31T15:50:35Z</time>
      </trkpt>
      <trkpt lat="47.084385" lon="17.68362333">
        <ele>431</ele>
        <time>2025-07-31T15:50:36Z</time>
      </trkpt>
      <trkpt lat="47.08455" lon="17.68379833">
        <ele>430.3</ele>
        <time>2025-07-31T15:50:37Z</time>
      </trkpt>
      <trkpt lat="47.084715" lon="17.68398167">
        <ele>430</ele>
        <time>2025-07-31T15:50:38Z</time>
      </trkpt>
      <trkpt lat="47.08488667" lon="17.68416">
        <ele>430.4</ele>
        <time>2025-07-31T15:50:39Z</time>
      </trkpt>
      <trkpt lat="47.08504833" lon="17.68433333">
        <ele>430.5</ele>
        <time>2025-07-31T15:50:40Z</time>
      </trkpt>
      <trkpt lat="47.08520167" lon="17.68449833">
        <ele>429</ele>
        <time>2025-07-31T15:50:41Z</time>
      </trkpt>
      <trkpt lat="47.08537" lon="17.684665">
        <ele>428.8</ele>
        <time>2025-07-31T15:50:42Z</time>
      </trkpt>
      <trkpt lat="47.08553833" lon="17.68484">
        <ele>429.3</ele>
        <time>2025-07-31T15:50:43Z</time>
      </trkpt>
      <trkpt lat="47.08571" lon="17.68500667">
        <ele>429.2</ele>
        <time>2025-07-31T15:50:44Z</time>
      </trkpt>
      <trkpt lat="47.08587667" lon="17.685175">
        <ele>429.3</ele>
        <time>2025-07-31T15:50:45Z</time>
      </trkpt>
      <trkpt lat="47.08604833" lon="17.68534667">
        <ele>429.2</ele>
        <time>2025-07-31T15:50:46Z</time>
      </trkpt>
      <trkpt lat="47.08621167" lon="17.68551833">
        <ele>429.6</ele>
        <time>2025-07-31T15:50:47Z</time>
      </trkpt>
      <trkpt lat="47.08637333" lon="17.68567333">
        <ele>429.3</ele>
        <time>2025-07-31T15:50:48Z</time>
      </trkpt>
      <trkpt lat="47.08653333" lon="17.685835">
        <ele>429</ele>
        <time>2025-07-31T15:50:49Z</time>
      </trkpt>
      <trkpt lat="47.08669667" lon="17.68599833">
        <ele>428.9</ele>
        <time>2025-07-31T15:50:50Z</time>
      </trkpt>
      <trkpt lat="47.08686" lon="17.68616833">
        <ele>429.9</ele>
        <time>2025-07-31T15:50:51Z</time>
      </trkpt>
      <trkpt lat="47.08701833" lon="17.68634167">
        <ele>430.2</ele>
        <time>2025-07-31T15:50:52Z</time>
      </trkpt>
      <trkpt lat="47.087185" lon="17.68651167">
        <ele>431</ele>
        <time>2025-07-31T15:50:53Z</time>
      </trkpt>
      <trkpt lat="47.08735667" lon="17.68667833">
        <ele>431.6</ele>
        <time>2025-07-31T15:50:54Z</time>
      </trkpt>
      <trkpt lat="47.08753" lon="17.68685333">
        <ele>432.4</ele>
        <time>2025-07-31T15:50:55Z</time>
      </trkpt>
      <trkpt lat="47.08769333" lon="17.68702">
        <ele>431.1</ele>
        <time>2025-07-31T15:50:56Z</time>
      </trkpt>
      <trkpt lat="47.08785833" lon="17.68718167">
        <ele>430.7</ele>
        <time>2025-07-31T15:50:57Z</time>
      </trkpt>
      <trkpt lat="47.08802833" lon="17.68733833">
        <ele>430.9</ele>
        <time>2025-07-31T15:50:58Z</time>
      </trkpt>
      <trkpt lat="47.08819333" lon="17.687505">
        <ele>431.6</ele>
        <time>2025-07-31T15:50:59Z</time>
      </trkpt>
      <trkpt lat="47.08835667" lon="17.68767833">
        <ele>431.4</ele>
        <time>2025-07-31T15:51:00Z</time>
      </trkpt>
      <trkpt lat="47.08851833" lon="17.68784667">
        <ele>431.1</ele>
        <time>2025-07-31T15:51:01Z</time>
      </trkpt>
      <trkpt lat="47.08868833" lon="17.68803667">
        <ele>431.9</ele>
        <time>2025-07-31T15:51:02Z</time>
      </trkpt>
      <trkpt lat="47.08884167" lon="17.68820833">
        <ele>430.5</ele>
        <time>2025-07-31T15:51:03Z</time>
      </trkpt>
      <trkpt lat="47.08899833" lon="17.68837333">
        <ele>430.8</ele>
        <time>2025-07-31T15:51:04Z</time>
      </trkpt>
      <trkpt lat="47.08916833" lon="17.68854333">
        <ele>430.2</ele>
        <time>2025-07-31T15:51:05Z</time>
      </trkpt>
      <trkpt lat="47.08933333" lon="17.68871">
        <ele>430</ele>
        <time>2025-07-31T15:51:06Z</time>
      </trkpt>
      <trkpt lat="47.0895" lon="17.68888">
        <ele>430.2</ele>
        <time>2025-07-31T15:51:07Z</time>
      </trkpt>
      <trkpt lat="47.08965333" lon="17.68905333">
        <ele>430.5</ele>
        <time>2025-07-31T15:51:08Z</time>
      </trkpt>
      <trkpt lat="47.089815" lon="17.68921">
        <ele>430</ele>
        <time>2025-07-31T15:51:09Z</time>
      </trkpt>
      <trkpt lat="47.08997167" lon="17.689365">
        <ele>430.1</ele>
        <time>2025-07-31T15:51:10Z</time>
      </trkpt>
      <trkpt lat="47.09013167" lon="17.68952">
        <ele>430.1</ele>
        <time>2025-07-31T15:51:11Z</time>
      </trkpt>
      <trkpt lat="47.090285" lon="17.68968333">
        <ele>431</ele>
        <time>2025-07-31T15:51:12Z</time>
      </trkpt>
      <trkpt lat="47.09043" lon="17.68984667">
        <ele>430.7</ele>
        <time>2025-07-31T15:51:13Z</time>
      </trkpt>
      <trkpt lat="47.090575" lon="17.69000667">
        <ele>430.7</ele>
        <time>2025-07-31T15:51:14Z</time>
      </trkpt>
      <trkpt lat="47.090715" lon="17.69016333">
        <ele>431.7</ele>
        <time>2025-07-31T15:51:15Z</time>
      </trkpt>
      <trkpt lat="47.09086167" lon="17.690315">
        <ele>431.7</ele>
        <time>2025-07-31T15:51:16Z</time>
      </trkpt>
      <trkpt lat="47.09101" lon="17.69047167">
        <ele>428.2</ele>
        <time>2025-07-31T15:51:17Z</time>
      </trkpt>
      <trkpt lat="47.09116667" lon="17.69063333">
        <ele>428.9</ele>
        <time>2025-07-31T15:51:18Z</time>
      </trkpt>
      <trkpt lat="47.09132167" lon="17.69077667">
        <ele>427.9</ele>
        <time>2025-07-31T15:51:19Z</time>
      </trkpt>
      <trkpt lat="47.09146833" lon="17.690925">
        <ele>428.5</ele>
        <time>2025-07-31T15:51:20Z</time>
      </trkpt>
      <trkpt lat="47.09161833" lon="17.691075">
        <ele>428.2</ele>
        <time>2025-07-31T15:51:21Z</time>
      </trkpt>
      <trkpt lat="47.09176333" lon="17.69122">
        <ele>427.6</ele>
        <time>2025-07-31T15:51:22Z</time>
      </trkpt>
      <trkpt lat="47.09190667" lon="17.69135833">
        <ele>425.6</ele>
        <time>2025-07-31T15:51:23Z</time>
      </trkpt>
      <trkpt lat="47.09205667" lon="17.69151667">
        <ele>424.9</ele>
        <time>2025-07-31T15:51:24Z</time>
      </trkpt>
      <trkpt lat="47.09220667" lon="17.69168333">
        <ele>426.7</ele>
        <time>2025-07-31T15:51:25Z</time>
      </trkpt>
      <trkpt lat="47.092355" lon="17.691825">
        <ele>427.1</ele>
        <time>2025-07-31T15:51:26Z</time>
      </trkpt>
      <trkpt lat="47.09249" lon="17.69197167">
        <ele>426.3</ele>
        <time>2025-07-31T15:51:27Z</time>
      </trkpt>
      <trkpt lat="47.092635" lon="17.69211833">
        <ele>425.8</ele>
        <time>2025-07-31T15:51:28Z</time>
      </trkpt>
      <trkpt lat="47.09277667" lon="17.69226167">
        <ele>425.3</ele>
        <time>2025-07-31T15:51:29Z</time>
      </trkpt>
      <trkpt lat="47.09292" lon="17.69239667">
        <ele>424.4</ele>
        <time>2025-07-31T15:51:30Z</time>
      </trkpt>
      <trkpt lat="47.09304833" lon="17.69252833">
        <ele>423.8</ele>
        <time>2025-07-31T15:51:31Z</time>
      </trkpt>
      <trkpt lat="47.093185" lon="17.69267167">
        <ele>423.1</ele>
        <time>2025-07-31T15:51:32Z</time>
      </trkpt>
      <trkpt lat="47.09332" lon="17.69281333">
        <ele>422.4</ele>
        <time>2025-07-31T15:51:33Z</time>
      </trkpt>
      <trkpt lat="47.09344667" lon="17.692935">
        <ele>421.5</ele>
        <time>2025-07-31T15:51:34Z</time>
      </trkpt>
      <trkpt lat="47.09357667" lon="17.693075">
        <ele>421</ele>
        <time>2025-07-31T15:51:35Z</time>
      </trkpt>
      <trkpt lat="47.09370333" lon="17.69321833">
        <ele>420.4</ele>
        <time>2025-07-31T15:51:36Z</time>
      </trkpt>
      <trkpt lat="47.09383333" lon="17.693365">
        <ele>421.1</ele>
        <time>2025-07-31T15:51:37Z</time>
      </trkpt>
      <trkpt lat="47.09396667" lon="17.693505">
        <ele>421.1</ele>
        <time>2025-07-31T15:51:38Z</time>
      </trkpt>
      <trkpt lat="47.094095" lon="17.693635">
        <ele>420</ele>
        <time>2025-07-31T15:51:39Z</time>
      </trkpt>
      <trkpt lat="47.09422167" lon="17.69377167">
        <ele>420</ele>
        <time>2025-07-31T15:51:40Z</time>
      </trkpt>
      <trkpt lat="47.09435167" lon="17.69390167">
        <ele>420.1</ele>
        <time>2025-07-31T15:51:41Z</time>
      </trkpt>
      <trkpt lat="47.09448" lon="17.69404">
        <ele>419.7</ele>
        <time>2025-07-31T15:51:42Z</time>
      </trkpt>
      <trkpt lat="47.09460333" lon="17.69418167">
        <ele>419.9</ele>
        <time>2025-07-31T15:51:43Z</time>
      </trkpt>
      <trkpt lat="47.09473333" lon="17.69430833">
        <ele>419.4</ele>
        <time>2025-07-31T15:51:44Z</time>
      </trkpt>
      <trkpt lat="47.09486667" lon="17.694435">
        <ele>419.6</ele>
        <time>2025-07-31T15:51:45Z</time>
      </trkpt>
      <trkpt lat="47.095" lon="17.69457333">
        <ele>419.4</ele>
        <time>2025-07-31T15:51:46Z</time>
      </trkpt>
      <trkpt lat="47.09513667" lon="17.69471167">
        <ele>420.8</ele>
        <time>2025-07-31T15:51:47Z</time>
      </trkpt>
      <trkpt lat="47.09526833" lon="17.694845">
        <ele>420.9</ele>
        <time>2025-07-31T15:51:48Z</time>
      </trkpt>
      <trkpt lat="47.09539833" lon="17.69498167">
        <ele>420.8</ele>
        <time>2025-07-31T15:51:49Z</time>
      </trkpt>
      <trkpt lat="47.09553333" lon="17.69512">
        <ele>420.8</ele>
        <time>2025-07-31T15:51:50Z</time>
      </trkpt>
      <trkpt lat="47.095665" lon="17.69526333">
        <ele>420.6</ele>
        <time>2025-07-31T15:51:51Z</time>
      </trkpt>
      <trkpt lat="47.09580333" lon="17.69539">
        <ele>420.1</ele>
        <time>2025-07-31T15:51:52Z</time>
      </trkpt>
      <trkpt lat="47.09595333" lon="17.695535">
        <ele>421.3</ele>
        <time>2025-07-31T15:51:53Z</time>
      </trkpt>
      <trkpt lat="47.09609167" lon="17.69568333">
        <ele>420.8</ele>
        <time>2025-07-31T15:51:54Z</time>
      </trkpt>
      <trkpt lat="47.09623333" lon="17.69582">
        <ele>421.1</ele>
        <time>2025-07-31T15:51:55Z</time>
      </trkpt>
      <trkpt lat="47.09637167" lon="17.69596667">
        <ele>421.3</ele>
        <time>2025-07-31T15:51:56Z</time>
      </trkpt>
      <trkpt lat="47.096515" lon="17.69610667">
        <ele>421.4</ele>
        <time>2025-07-31T15:51:57Z</time>
      </trkpt>
      <trkpt lat="47.09665167" lon="17.69624833">
        <ele>421.9</ele>
        <time>2025-07-31T15:51:58Z</time>
      </trkpt>
      <trkpt lat="47.09678333" lon="17.696395">
        <ele>422</ele>
        <time>2025-07-31T15:51:59Z</time>
      </trkpt>
      <trkpt lat="47.09692167" lon="17.69654167">
        <ele>422.2</ele>
        <time>2025-07-31T15:52:00Z</time>
      </trkpt>
      <trkpt lat="47.09706333" lon="17.69667667">
        <ele>419.7</ele>
        <time>2025-07-31T15:52:01Z</time>
      </trkpt>
      <trkpt lat="47.097195" lon="17.69681333">
        <ele>419.4</ele>
        <time>2025-07-31T15:52:02Z</time>
      </trkpt>
      <trkpt lat="47.09732333" lon="17.69694833">
        <ele>419.6</ele>
        <time>2025-07-31T15:52:03Z</time>
      </trkpt>
      <trkpt lat="47.09745" lon="17.69708167">
        <ele>419.8</ele>
        <time>2025-07-31T15:52:04Z</time>
      </trkpt>
      <trkpt lat="47.09759" lon="17.697225">
        <ele>420.4</ele>
        <time>2025-07-31T15:52:05Z</time>
      </trkpt>
      <trkpt lat="47.09772167" lon="17.69735333">
        <ele>420.3</ele>
        <time>2025-07-31T15:52:06Z</time>
      </trkpt>
      <trkpt lat="47.09785333" lon="17.69748833">
        <ele>420.9</ele>
        <time>2025-07-31T15:52:07Z</time>
      </trkpt>
      <trkpt lat="47.09798667" lon="17.69762167">
        <ele>421</ele>
        <time>2025-07-31T15:52:08Z</time>
      </trkpt>
      <trkpt lat="47.098125" lon="17.69776167">
        <ele>421.1</ele>
        <time>2025-07-31T15:52:09Z</time>
      </trkpt>
      <trkpt lat="47.09826" lon="17.69790333">
        <ele>421.3</ele>
        <time>2025-07-31T15:52:10Z</time>
      </trkpt>
      <trkpt lat="47.09839333" lon="17.69803833">
        <ele>421.6</ele>
        <time>2025-07-31T15:52:11Z</time>
      </trkpt>
      <trkpt lat="47.09852833" lon="17.69818167">
        <ele>421.5</ele>
        <time>2025-07-31T15:52:12Z</time>
      </trkpt>
      <trkpt lat="47.09866333" lon="17.69833">
        <ele>421.3</ele>
        <time>2025-07-31T15:52:13Z</time>
      </trkpt>
      <trkpt lat="47.0988" lon="17.698475">
        <ele>421.2</ele>
        <time>2025-07-31T15:52:14Z</time>
      </trkpt>
      <trkpt lat="47.09894333" lon="17.69861833">
        <ele>421.3</ele>
        <time>2025-07-31T15:52:15Z</time>
      </trkpt>
      <trkpt lat="47.09908167" lon="17.69876667">
        <ele>421</ele>
        <time>2025-07-31T15:52:16Z</time>
      </trkpt>
      <trkpt lat="47.09922333" lon="17.69891333">
        <ele>421</ele>
        <time>2025-07-31T15:52:17Z</time>
      </trkpt>
      <trkpt lat="47.09937167" lon="17.69905667">
        <ele>420.2</ele>
        <time>2025-07-31T15:52:18Z</time>
      </trkpt>
      <trkpt lat="47.09951667" lon="17.69920167">
        <ele>420.3</ele>
        <time>2025-07-31T15:52:19Z</time>
      </trkpt>
      <trkpt lat="47.09966167" lon="17.699355">
        <ele>419.7</ele>
        <time>2025-07-31T15:52:20Z</time>
      </trkpt>
      <trkpt lat="47.09979667" lon="17.69949667">
        <ele>418.8</ele>
        <time>2025-07-31T15:52:21Z</time>
      </trkpt>
      <trkpt lat="47.09993167" lon="17.69963833">
        <ele>418.5</ele>
        <time>2025-07-31T15:52:22Z</time>
      </trkpt>
      <trkpt lat="47.100075" lon="17.69978333">
        <ele>419.4</ele>
        <time>2025-07-31T15:52:23Z</time>
      </trkpt>
      <trkpt lat="47.100235" lon="17.69995167">
        <ele>420.9</ele>
        <time>2025-07-31T15:52:24Z</time>
      </trkpt>
      <trkpt lat="47.10038333" lon="17.70010833">
        <ele>421.3</ele>
        <time>2025-07-31T15:52:25Z</time>
      </trkpt>
      <trkpt lat="47.10053667" lon="17.700265">
        <ele>422</ele>
        <time>2025-07-31T15:52:26Z</time>
      </trkpt>
      <trkpt lat="47.10069167" lon="17.70041333">
        <ele>422.9</ele>
        <time>2025-07-31T15:52:27Z</time>
      </trkpt>
      <trkpt lat="47.10084333" lon="17.70056667">
        <ele>423.1</ele>
        <time>2025-07-31T15:52:28Z</time>
      </trkpt>
      <trkpt lat="47.100995" lon="17.70072333">
        <ele>423.4</ele>
        <time>2025-07-31T15:52:29Z</time>
      </trkpt>
      <trkpt lat="47.10114" lon="17.70087333">
        <ele>423.4</ele>
        <time>2025-07-31T15:52:30Z</time>
      </trkpt>
      <trkpt lat="47.10128167" lon="17.701015">
        <ele>422.4</ele>
        <time>2025-07-31T15:52:31Z</time>
      </trkpt>
      <trkpt lat="47.101435" lon="17.701175">
        <ele>423.5</ele>
        <time>2025-07-31T15:52:32Z</time>
      </trkpt>
      <trkpt lat="47.10157667" lon="17.70133">
        <ele>424.7</ele>
        <time>2025-07-31T15:52:33Z</time>
      </trkpt>
      <trkpt lat="47.10171833" lon="17.70148667">
        <ele>426.2</ele>
        <time>2025-07-31T15:52:34Z</time>
      </trkpt>
      <trkpt lat="47.10186667" lon="17.70162833">
        <ele>426.9</ele>
        <time>2025-07-31T15:52:35Z</time>
      </trkpt>
      <trkpt lat="47.102015" lon="17.70176833">
        <ele>426.5</ele>
        <time>2025-07-31T15:52:36Z</time>
      </trkpt>
      <trkpt lat="47.102165" lon="17.70190833">
        <ele>426.9</ele>
        <time>2025-07-31T15:52:37Z</time>
      </trkpt>
      <trkpt lat="47.10229" lon="17.70206">
        <ele>427.1</ele>
        <time>2025-07-31T15:52:38Z</time>
      </trkpt>
      <trkpt lat="47.10241833" lon="17.70222333">
        <ele>427</ele>
        <time>2025-07-31T15:52:39Z</time>
      </trkpt>
      <trkpt lat="47.10253667" lon="17.70239333">
        <ele>425.9</ele>
        <time>2025-07-31T15:52:40Z</time>
      </trkpt>
      <trkpt lat="47.102655" lon="17.70259167">
        <ele>426.2</ele>
        <time>2025-07-31T15:52:41Z</time>
      </trkpt>
      <trkpt lat="47.10276833" lon="17.70279667">
        <ele>426.9</ele>
        <time>2025-07-31T15:52:42Z</time>
      </trkpt>
      <trkpt lat="47.10286667" lon="17.70300167">
        <ele>427.2</ele>
        <time>2025-07-31T15:52:43Z</time>
      </trkpt>
      <trkpt lat="47.10295667" lon="17.70320667">
        <ele>426.9</ele>
        <time>2025-07-31T15:52:44Z</time>
      </trkpt>
      <trkpt lat="47.10304667" lon="17.703425">
        <ele>428.3</ele>
        <time>2025-07-31T15:52:45Z</time>
      </trkpt>
      <trkpt lat="47.10313" lon="17.70363833">
        <ele>429.7</ele>
        <time>2025-07-31T15:52:46Z</time>
      </trkpt>
      <trkpt lat="47.10319333" lon="17.70385833">
        <ele>430.1</ele>
        <time>2025-07-31T15:52:47Z</time>
      </trkpt>
      <trkpt lat="47.103245" lon="17.70407167">
        <ele>429.2</ele>
        <time>2025-07-31T15:52:48Z</time>
      </trkpt>
      <trkpt lat="47.10326667" lon="17.70429333">
        <ele>427</ele>
        <time>2025-07-31T15:52:49Z</time>
      </trkpt>
      <trkpt lat="47.10329333" lon="17.70449833">
        <ele>426.8</ele>
        <time>2025-07-31T15:52:50Z</time>
      </trkpt>
      <trkpt lat="47.10331" lon="17.704735">
        <ele>427.6</ele>
        <time>2025-07-31T15:52:51Z</time>
      </trkpt>
      <trkpt lat="47.103315" lon="17.704965">
        <ele>429.3</ele>
        <time>2025-07-31T15:52:52Z</time>
      </trkpt>
      <trkpt lat="47.10332167" lon="17.7052">
        <ele>430.1</ele>
        <time>2025-07-31T15:52:53Z</time>
      </trkpt>
      <trkpt lat="47.10332333" lon="17.70542333">
        <ele>430.7</ele>
        <time>2025-07-31T15:52:54Z</time>
      </trkpt>
      <trkpt lat="47.10332" lon="17.70564833">
        <ele>431.7</ele>
        <time>2025-07-31T15:52:55Z</time>
      </trkpt>
      <trkpt lat="47.10331667" lon="17.70585667">
        <ele>433.5</ele>
        <time>2025-07-31T15:52:56Z</time>
      </trkpt>
      <trkpt lat="47.10330167" lon="17.70607167">
        <ele>434.8</ele>
        <time>2025-07-31T15:52:57Z</time>
      </trkpt>
      <trkpt lat="47.10329" lon="17.70628667">
        <ele>436</ele>
        <time>2025-07-31T15:52:58Z</time>
      </trkpt>
      <trkpt lat="47.10328167" lon="17.70649667">
        <ele>438.4</ele>
        <time>2025-07-31T15:52:59Z</time>
      </trkpt>
      <trkpt lat="47.10327333" lon="17.70670167">
        <ele>440.6</ele>
        <time>2025-07-31T15:53:00Z</time>
      </trkpt>
      <trkpt lat="47.10326" lon="17.706895">
        <ele>442.5</ele>
        <time>2025-07-31T15:53:01Z</time>
      </trkpt>
      <trkpt lat="47.10323833" lon="17.707095">
        <ele>443.2</ele>
        <time>2025-07-31T15:53:02Z</time>
      </trkpt>
      <trkpt lat="47.10322167" lon="17.70728667">
        <ele>444.3</ele>
        <time>2025-07-31T15:53:03Z</time>
      </trkpt>
      <trkpt lat="47.10320833" lon="17.70748667">
        <ele>446.2</ele>
        <time>2025-07-31T15:53:04Z</time>
      </trkpt>
      <trkpt lat="47.10319833" lon="17.70767833">
        <ele>446.7</ele>
        <time>2025-07-31T15:53:05Z</time>
      </trkpt>
      <trkpt lat="47.10319" lon="17.70788333">
        <ele>447</ele>
        <time>2025-07-31T15:53:06Z</time>
      </trkpt>
      <trkpt lat="47.10318667" lon="17.708085">
        <ele>448</ele>
        <time>2025-07-31T15:53:07Z</time>
      </trkpt>
      <trkpt lat="47.10317333" lon="17.70829">
        <ele>448</ele>
        <time>2025-07-31T15:53:08Z</time>
      </trkpt>
      <trkpt lat="47.103185" lon="17.70849667">
        <ele>448.2</ele>
        <time>2025-07-31T15:53:09Z</time>
      </trkpt>
      <trkpt lat="47.10319167" lon="17.70869833">
        <ele>448.2</ele>
        <time>2025-07-31T15:53:10Z</time>
      </trkpt>
      <trkpt lat="47.10320667" lon="17.708905">
        <ele>447.1</ele>
        <time>2025-07-31T15:53:11Z</time>
      </trkpt>
      <trkpt lat="47.10323167" lon="17.70910167">
        <ele>446.7</ele>
        <time>2025-07-31T15:53:12Z</time>
      </trkpt>
      <trkpt lat="47.103255" lon="17.7093">
        <ele>443.7</ele>
        <time>2025-07-31T15:53:13Z</time>
      </trkpt>
      <trkpt lat="47.10329667" lon="17.7095">
        <ele>443.1</ele>
        <time>2025-07-31T15:53:14Z</time>
      </trkpt>
      <trkpt lat="47.10333" lon="17.70970167">
        <ele>441.4</ele>
        <time>2025-07-31T15:53:15Z</time>
      </trkpt>
      <trkpt lat="47.10337667" lon="17.70989833">
        <ele>441.7</ele>
        <time>2025-07-31T15:53:16Z</time>
      </trkpt>
      <trkpt lat="47.10342333" lon="17.71008167">
        <ele>441.8</ele>
        <time>2025-07-31T15:53:17Z</time>
      </trkpt>
      <trkpt lat="47.10347167" lon="17.71027333">
        <ele>441.3</ele>
        <time>2025-07-31T15:53:18Z</time>
      </trkpt>
      <trkpt lat="47.10352667" lon="17.71046667">
        <ele>440.5</ele>
        <time>2025-07-31T15:53:19Z</time>
      </trkpt>
      <trkpt lat="47.103585" lon="17.710655">
        <ele>440</ele>
        <time>2025-07-31T15:53:20Z</time>
      </trkpt>
      <trkpt lat="47.10364" lon="17.71084667">
        <ele>439.2</ele>
        <time>2025-07-31T15:53:21Z</time>
      </trkpt>
      <trkpt lat="47.10369167" lon="17.71103333">
        <ele>438</ele>
        <time>2025-07-31T15:53:22Z</time>
      </trkpt>
      <trkpt lat="47.10374167" lon="17.71123667">
        <ele>436</ele>
        <time>2025-07-31T15:53:23Z</time>
      </trkpt>
      <trkpt lat="47.10378667" lon="17.71143167">
        <ele>433.9</ele>
        <time>2025-07-31T15:53:24Z</time>
      </trkpt>
      <trkpt lat="47.103835" lon="17.71162">
        <ele>432.6</ele>
        <time>2025-07-31T15:53:25Z</time>
      </trkpt>
      <trkpt lat="47.10388167" lon="17.71178667">
        <ele>432.2</ele>
        <time>2025-07-31T15:53:26Z</time>
      </trkpt>
      <trkpt lat="47.10390333" lon="17.711945">
        <ele>428.2</ele>
        <time>2025-07-31T15:53:27Z</time>
      </trkpt>
      <trkpt lat="47.10394333" lon="17.7121">
        <ele>427.7</ele>
        <time>2025-07-31T15:53:28Z</time>
      </trkpt>
      <trkpt lat="47.10398833" lon="17.71225333">
        <ele>427</ele>
        <time>2025-07-31T15:53:29Z</time>
      </trkpt>
      <trkpt lat="47.104025" lon="17.712415">
        <ele>425.9</ele>
        <time>2025-07-31T15:53:30Z</time>
      </trkpt>
      <trkpt lat="47.10405333" lon="17.71258667">
        <ele>424.4</ele>
        <time>2025-07-31T15:53:31Z</time>
      </trkpt>
      <trkpt lat="47.10408667" lon="17.71276833">
        <ele>423.4</ele>
        <time>2025-07-31T15:53:32Z</time>
      </trkpt>
      <trkpt lat="47.10412667" lon="17.71294667">
        <ele>422.4</ele>
        <time>2025-07-31T15:53:33Z</time>
      </trkpt>
      <trkpt lat="47.10415833" lon="17.71312667">
        <ele>421.6</ele>
        <time>2025-07-31T15:53:34Z</time>
      </trkpt>
      <trkpt lat="47.10417667" lon="17.713295">
        <ele>420.9</ele>
        <time>2025-07-31T15:53:35Z</time>
      </trkpt>
      <trkpt lat="47.10419667" lon="17.71347333">
        <ele>420.3</ele>
        <time>2025-07-31T15:53:36Z</time>
      </trkpt>
      <trkpt lat="47.1042" lon="17.71367333">
        <ele>419.1</ele>
        <time>2025-07-31T15:53:37Z</time>
      </trkpt>
      <trkpt lat="47.10421333" lon="17.71387">
        <ele>419.9</ele>
        <time>2025-07-31T15:53:38Z</time>
      </trkpt>
      <trkpt lat="47.104225" lon="17.71406333">
        <ele>420.6</ele>
        <time>2025-07-31T15:53:39Z</time>
      </trkpt>
      <trkpt lat="47.10423667" lon="17.714265">
        <ele>420.2</ele>
        <time>2025-07-31T15:53:40Z</time>
      </trkpt>
      <trkpt lat="47.10424333" lon="17.71445167">
        <ele>420.3</ele>
        <time>2025-07-31T15:53:41Z</time>
      </trkpt>
      <trkpt lat="47.10425333" lon="17.71463333">
        <ele>419.6</ele>
        <time>2025-07-31T15:53:42Z</time>
      </trkpt>
      <trkpt lat="47.104255" lon="17.71481667">
        <ele>419.5</ele>
        <time>2025-07-31T15:53:43Z</time>
      </trkpt>
      <trkpt lat="47.10426167" lon="17.71501167">
        <ele>418.7</ele>
        <time>2025-07-31T15:53:44Z</time>
      </trkpt>
      <trkpt lat="47.10427167" lon="17.71520667">
        <ele>418.1</ele>
        <time>2025-07-31T15:53:45Z</time>
      </trkpt>
      <trkpt lat="47.10427833" lon="17.715395">
        <ele>418.2</ele>
        <time>2025-07-31T15:53:46Z</time>
      </trkpt>
      <trkpt lat="47.10428" lon="17.71559">
        <ele>419.2</ele>
        <time>2025-07-31T15:53:47Z</time>
      </trkpt>
      <trkpt lat="47.10429" lon="17.71578333">
        <ele>417.4</ele>
        <time>2025-07-31T15:53:48Z</time>
      </trkpt>
      <trkpt lat="47.1043" lon="17.71598833">
        <ele>417.2</ele>
        <time>2025-07-31T15:53:49Z</time>
      </trkpt>
      <trkpt lat="47.10430333" lon="17.71618667">
        <ele>416.9</ele>
        <time>2025-07-31T15:53:50Z</time>
      </trkpt>
      <trkpt lat="47.10431167" lon="17.71638667">
        <ele>416.7</ele>
        <time>2025-07-31T15:53:51Z</time>
      </trkpt>
      <trkpt lat="47.10430833" lon="17.71661">
        <ele>418.1</ele>
        <time>2025-07-31T15:53:52Z</time>
      </trkpt>
      <trkpt lat="47.10431167" lon="17.71682">
        <ele>417.3</ele>
        <time>2025-07-31T15:53:53Z</time>
      </trkpt>
      <trkpt lat="47.10432667" lon="17.71703667">
        <ele>417.8</ele>
        <time>2025-07-31T15:53:54Z</time>
      </trkpt>
      <trkpt lat="47.10433" lon="17.71724667">
        <ele>417.7</ele>
        <time>2025-07-31T15:53:55Z</time>
      </trkpt>
      <trkpt lat="47.10433167" lon="17.71745333">
        <ele>417.6</ele>
        <time>2025-07-31T15:53:56Z</time>
      </trkpt>
      <trkpt lat="47.10433333" lon="17.71765833">
        <ele>417.8</ele>
        <time>2025-07-31T15:53:57Z</time>
      </trkpt>
      <trkpt lat="47.10433667" lon="17.71786">
        <ele>417.3</ele>
        <time>2025-07-31T15:53:58Z</time>
      </trkpt>
      <trkpt lat="47.10434" lon="17.71806167">
        <ele>417</ele>
        <time>2025-07-31T15:53:59Z</time>
      </trkpt>
      <trkpt lat="47.10434667" lon="17.71826333">
        <ele>416.7</ele>
        <time>2025-07-31T15:54:00Z</time>
      </trkpt>
      <trkpt lat="47.104355" lon="17.71847">
        <ele>416.1</ele>
        <time>2025-07-31T15:54:01Z</time>
      </trkpt>
      <trkpt lat="47.104355" lon="17.71867167">
        <ele>414.4</ele>
        <time>2025-07-31T15:54:02Z</time>
      </trkpt>
      <trkpt lat="47.10436167" lon="17.71887333">
        <ele>413.6</ele>
        <time>2025-07-31T15:54:03Z</time>
      </trkpt>
      <trkpt lat="47.10436667" lon="17.719085">
        <ele>412.7</ele>
        <time>2025-07-31T15:54:04Z</time>
      </trkpt>
      <trkpt lat="47.10437833" lon="17.71929333">
        <ele>412.1</ele>
        <time>2025-07-31T15:54:05Z</time>
      </trkpt>
      <trkpt lat="47.104395" lon="17.71949667">
        <ele>411.7</ele>
        <time>2025-07-31T15:54:06Z</time>
      </trkpt>
      <trkpt lat="47.10441" lon="17.71970833">
        <ele>411.3</ele>
        <time>2025-07-31T15:54:07Z</time>
      </trkpt>
      <trkpt lat="47.10442" lon="17.71991667">
        <ele>411.2</ele>
        <time>2025-07-31T15:54:08Z</time>
      </trkpt>
      <trkpt lat="47.104435" lon="17.72012">
        <ele>410.8</ele>
        <time>2025-07-31T15:54:09Z</time>
      </trkpt>
      <trkpt lat="47.10445" lon="17.72032">
        <ele>410.1</ele>
        <time>2025-07-31T15:54:10Z</time>
      </trkpt>
      <trkpt lat="47.10446667" lon="17.720515">
        <ele>409.6</ele>
        <time>2025-07-31T15:54:11Z</time>
      </trkpt>
      <trkpt lat="47.104485" lon="17.72072167">
        <ele>407.9</ele>
        <time>2025-07-31T15:54:12Z</time>
      </trkpt>
      <trkpt lat="47.104505" lon="17.72092333">
        <ele>406.7</ele>
        <time>2025-07-31T15:54:13Z</time>
      </trkpt>
      <trkpt lat="47.10454" lon="17.72111667">
        <ele>406.5</ele>
        <time>2025-07-31T15:54:14Z</time>
      </trkpt>
      <trkpt lat="47.10458167" lon="17.72131833">
        <ele>405.6</ele>
        <time>2025-07-31T15:54:15Z</time>
      </trkpt>
      <trkpt lat="47.10463" lon="17.72152667">
        <ele>404.8</ele>
        <time>2025-07-31T15:54:16Z</time>
      </trkpt>
      <trkpt lat="47.10467667" lon="17.72172667">
        <ele>403.8</ele>
        <time>2025-07-31T15:54:17Z</time>
      </trkpt>
      <trkpt lat="47.10472167" lon="17.72193667">
        <ele>403.1</ele>
        <time>2025-07-31T15:54:18Z</time>
      </trkpt>
      <trkpt lat="47.10477" lon="17.72213667">
        <ele>402.4</ele>
        <time>2025-07-31T15:54:19Z</time>
      </trkpt>
      <trkpt lat="47.10483" lon="17.72234167">
        <ele>401.5</ele>
        <time>2025-07-31T15:54:20Z</time>
      </trkpt>
      <trkpt lat="47.104895" lon="17.72251833">
        <ele>400.9</ele>
        <time>2025-07-31T15:54:21Z</time>
      </trkpt>
      <trkpt lat="47.10496" lon="17.72270833">
        <ele>399.4</ele>
        <time>2025-07-31T15:54:22Z</time>
      </trkpt>
      <trkpt lat="47.10503833" lon="17.72288667">
        <ele>397.7</ele>
        <time>2025-07-31T15:54:23Z</time>
      </trkpt>
      <trkpt lat="47.10511833" lon="17.72308833">
        <ele>395.4</ele>
        <time>2025-07-31T15:54:24Z</time>
      </trkpt>
      <trkpt lat="47.10519833" lon="17.72326667">
        <ele>393.8</ele>
        <time>2025-07-31T15:54:25Z</time>
      </trkpt>
      <trkpt lat="47.10528167" lon="17.72344833">
        <ele>393.2</ele>
        <time>2025-07-31T15:54:26Z</time>
      </trkpt>
      <trkpt lat="47.10538167" lon="17.72361333">
        <ele>393.2</ele>
        <time>2025-07-31T15:54:27Z</time>
      </trkpt>
      <trkpt lat="47.10548167" lon="17.723785">
        <ele>393.1</ele>
        <time>2025-07-31T15:54:28Z</time>
      </trkpt>
      <trkpt lat="47.10557833" lon="17.72394167">
        <ele>392.9</ele>
        <time>2025-07-31T15:54:29Z</time>
      </trkpt>
      <trkpt lat="47.10567667" lon="17.72408">
        <ele>392.1</ele>
        <time>2025-07-31T15:54:30Z</time>
      </trkpt>
      <trkpt lat="47.105775" lon="17.72422833">
        <ele>391.6</ele>
        <time>2025-07-31T15:54:31Z</time>
      </trkpt>
      <trkpt lat="47.10589" lon="17.72438333">
        <ele>390.4</ele>
        <time>2025-07-31T15:54:32Z</time>
      </trkpt>
      <trkpt lat="47.105995" lon="17.72454167">
        <ele>389.5</ele>
        <time>2025-07-31T15:54:33Z</time>
      </trkpt>
      <trkpt lat="47.10611167" lon="17.72470167">
        <ele>390.3</ele>
        <time>2025-07-31T15:54:34Z</time>
      </trkpt>
      <trkpt lat="47.106225" lon="17.724845">
        <ele>388.3</ele>
        <time>2025-07-31T15:54:35Z</time>
      </trkpt>
      <trkpt lat="47.10633833" lon="17.72498667">
        <ele>385.1</ele>
        <time>2025-07-31T15:54:36Z</time>
      </trkpt>
      <trkpt lat="47.10645167" lon="17.72512667">
        <ele>382.4</ele>
        <time>2025-07-31T15:54:37Z</time>
      </trkpt>
      <trkpt lat="47.10657333" lon="17.725255">
        <ele>381.3</ele>
        <time>2025-07-31T15:54:38Z</time>
      </trkpt>
      <trkpt lat="47.10670167" lon="17.72539167">
        <ele>380.2</ele>
        <time>2025-07-31T15:54:39Z</time>
      </trkpt>
      <trkpt lat="47.10682" lon="17.72554">
        <ele>378.7</ele>
        <time>2025-07-31T15:54:40Z</time>
      </trkpt>
      <trkpt lat="47.10693167" lon="17.725685">
        <ele>377.3</ele>
        <time>2025-07-31T15:54:41Z</time>
      </trkpt>
      <trkpt lat="47.107055" lon="17.72583333">
        <ele>375.8</ele>
        <time>2025-07-31T15:54:42Z</time>
      </trkpt>
      <trkpt lat="47.10717667" lon="17.72598167">
        <ele>375</ele>
        <time>2025-07-31T15:54:43Z</time>
      </trkpt>
      <trkpt lat="47.10729667" lon="17.726115">
        <ele>374.6</ele>
        <time>2025-07-31T15:54:44Z</time>
      </trkpt>
      <trkpt lat="47.10741" lon="17.72626">
        <ele>373.5</ele>
        <time>2025-07-31T15:54:45Z</time>
      </trkpt>
      <trkpt lat="47.10750667" lon="17.726405">
        <ele>372.4</ele>
        <time>2025-07-31T15:54:46Z</time>
      </trkpt>
      <trkpt lat="47.1076" lon="17.72654833">
        <ele>372</ele>
        <time>2025-07-31T15:54:47Z</time>
      </trkpt>
      <trkpt lat="47.10768167" lon="17.72668167">
        <ele>372</ele>
        <time>2025-07-31T15:54:48Z</time>
      </trkpt>
      <trkpt lat="47.10776" lon="17.72682167">
        <ele>371.4</ele>
        <time>2025-07-31T15:54:49Z</time>
      </trkpt>
      <trkpt lat="47.10784" lon="17.72696333">
        <ele>371.1</ele>
        <time>2025-07-31T15:54:50Z</time>
      </trkpt>
      <trkpt lat="47.10792" lon="17.72711833">
        <ele>370.7</ele>
        <time>2025-07-31T15:54:51Z</time>
      </trkpt>
      <trkpt lat="47.10799" lon="17.727285">
        <ele>370.2</ele>
        <time>2025-07-31T15:54:52Z</time>
      </trkpt>
      <trkpt lat="47.10805667" lon="17.72744667">
        <ele>369.5</ele>
        <time>2025-07-31T15:54:53Z</time>
      </trkpt>
      <trkpt lat="47.10813333" lon="17.72762333">
        <ele>370.8</ele>
        <time>2025-07-31T15:54:54Z</time>
      </trkpt>
      <trkpt lat="47.10819167" lon="17.727795">
        <ele>370.3</ele>
        <time>2025-07-31T15:54:55Z</time>
      </trkpt>
      <trkpt lat="47.108255" lon="17.727975">
        <ele>369.9</ele>
        <time>2025-07-31T15:54:56Z</time>
      </trkpt>
      <trkpt lat="47.10830833" lon="17.728165">
        <ele>369.3</ele>
        <time>2025-07-31T15:54:57Z</time>
      </trkpt>
      <trkpt lat="47.10835833" lon="17.728345">
        <ele>369.2</ele>
        <time>2025-07-31T15:54:58Z</time>
      </trkpt>
      <trkpt lat="47.10840167" lon="17.728535">
        <ele>369.3</ele>
        <time>2025-07-31T15:54:59Z</time>
      </trkpt>
      <trkpt lat="47.108445" lon="17.72872667">
        <ele>369.7</ele>
        <time>2025-07-31T15:55:00Z</time>
      </trkpt>
      <trkpt lat="47.108495" lon="17.72892">
        <ele>369.8</ele>
        <time>2025-07-31T15:55:01Z</time>
      </trkpt>
      <trkpt lat="47.10854667" lon="17.72911833">
        <ele>369.6</ele>
        <time>2025-07-31T15:55:02Z</time>
      </trkpt>
      <trkpt lat="47.10859667" lon="17.72930667">
        <ele>369.7</ele>
        <time>2025-07-31T15:55:03Z</time>
      </trkpt>
      <trkpt lat="47.10864833" lon="17.729505">
        <ele>369.9</ele>
        <time>2025-07-31T15:55:04Z</time>
      </trkpt>
      <trkpt lat="47.108705" lon="17.72970333">
        <ele>369.6</ele>
        <time>2025-07-31T15:55:05Z</time>
      </trkpt>
      <trkpt lat="47.108775" lon="17.72988667">
        <ele>369.8</ele>
        <time>2025-07-31T15:55:06Z</time>
      </trkpt>
      <trkpt lat="47.10884833" lon="17.73007667">
        <ele>372.2</ele>
        <time>2025-07-31T15:55:07Z</time>
      </trkpt>
      <trkpt lat="47.10892667" lon="17.730255">
        <ele>373.6</ele>
        <time>2025-07-31T15:55:08Z</time>
      </trkpt>
      <trkpt lat="47.10899333" lon="17.73044333">
        <ele>374.2</ele>
        <time>2025-07-31T15:55:09Z</time>
      </trkpt>
      <trkpt lat="47.109065" lon="17.73062">
        <ele>374.1</ele>
        <time>2025-07-31T15:55:10Z</time>
      </trkpt>
      <trkpt lat="47.109135" lon="17.73078667">
        <ele>374.3</ele>
        <time>2025-07-31T15:55:11Z</time>
      </trkpt>
      <trkpt lat="47.109215" lon="17.73095667">
        <ele>375.3</ele>
        <time>2025-07-31T15:55:12Z</time>
      </trkpt>
      <trkpt lat="47.10929333" lon="17.73112167">
        <ele>378.2</ele>
        <time>2025-07-31T15:55:13Z</time>
      </trkpt>
      <trkpt lat="47.10937667" lon="17.73126167">
        <ele>379.9</ele>
        <time>2025-07-31T15:55:14Z</time>
      </trkpt>
      <trkpt lat="47.10945833" lon="17.73141167">
        <ele>380</ele>
        <time>2025-07-31T15:55:15Z</time>
      </trkpt>
      <trkpt lat="47.10953667" lon="17.73155167">
        <ele>381.2</ele>
        <time>2025-07-31T15:55:16Z</time>
      </trkpt>
      <trkpt lat="47.10961333" lon="17.73168333">
        <ele>381.6</ele>
        <time>2025-07-31T15:55:17Z</time>
      </trkpt>
      <trkpt lat="47.10969667" lon="17.73182667">
        <ele>382.4</ele>
        <time>2025-07-31T15:55:18Z</time>
      </trkpt>
      <trkpt lat="47.109775" lon="17.73196667">
        <ele>382.3</ele>
        <time>2025-07-31T15:55:19Z</time>
      </trkpt>
      <trkpt lat="47.10985667" lon="17.73211667">
        <ele>383.3</ele>
        <time>2025-07-31T15:55:20Z</time>
      </trkpt>
      <trkpt lat="47.10993667" lon="17.732255">
        <ele>383.4</ele>
        <time>2025-07-31T15:55:21Z</time>
      </trkpt>
      <trkpt lat="47.110015" lon="17.73240333">
        <ele>382.8</ele>
        <time>2025-07-31T15:55:22Z</time>
      </trkpt>
      <trkpt lat="47.11010167" lon="17.73256333">
        <ele>383.3</ele>
        <time>2025-07-31T15:55:23Z</time>
      </trkpt>
      <trkpt lat="47.11017833" lon="17.73273">
        <ele>383.6</ele>
        <time>2025-07-31T15:55:24Z</time>
      </trkpt>
      <trkpt lat="47.11026" lon="17.73288667">
        <ele>383.5</ele>
        <time>2025-07-31T15:55:25Z</time>
      </trkpt>
      <trkpt lat="47.11034833" lon="17.73303833">
        <ele>384</ele>
        <time>2025-07-31T15:55:26Z</time>
      </trkpt>
      <trkpt lat="47.11042333" lon="17.73317333">
        <ele>382.9</ele>
        <time>2025-07-31T15:55:27Z</time>
      </trkpt>
      <trkpt lat="47.11049833" lon="17.73330667">
        <ele>382.7</ele>
        <time>2025-07-31T15:55:28Z</time>
      </trkpt>
      <trkpt lat="47.11057833" lon="17.73346167">
        <ele>385</ele>
        <time>2025-07-31T15:55:29Z</time>
      </trkpt>
      <trkpt lat="47.11064667" lon="17.73361">
        <ele>385.4</ele>
        <time>2025-07-31T15:55:30Z</time>
      </trkpt>
      <trkpt lat="47.11072167" lon="17.73373333">
        <ele>385.5</ele>
        <time>2025-07-31T15:55:31Z</time>
      </trkpt>
      <trkpt lat="47.11079167" lon="17.73385667">
        <ele>385.3</ele>
        <time>2025-07-31T15:55:32Z</time>
      </trkpt>
      <trkpt lat="47.110855" lon="17.73396833">
        <ele>383.9</ele>
        <time>2025-07-31T15:55:33Z</time>
      </trkpt>
      <trkpt lat="47.110915" lon="17.73409">
        <ele>384</ele>
        <time>2025-07-31T15:55:34Z</time>
      </trkpt>
      <trkpt lat="47.11097667" lon="17.73418667">
        <ele>382.7</ele>
        <time>2025-07-31T15:55:35Z</time>
      </trkpt>
      <trkpt lat="47.11109" lon="17.73437833">
        <ele>381.3</ele>
        <time>2025-07-31T15:55:37Z</time>
      </trkpt>
      <trkpt lat="47.11118833" lon="17.73455333">
        <ele>381.1</ele>
        <time>2025-07-31T15:55:39Z</time>
      </trkpt>
      <trkpt lat="47.11127833" lon="17.734705">
        <ele>379.5</ele>
        <time>2025-07-31T15:55:41Z</time>
      </trkpt>
      <trkpt lat="47.11137" lon="17.73486">
        <ele>377.6</ele>
        <time>2025-07-31T15:55:43Z</time>
      </trkpt>
      <trkpt lat="47.11145333" lon="17.73502833">
        <ele>374.8</ele>
        <time>2025-07-31T15:55:45Z</time>
      </trkpt>
      <trkpt lat="47.11153333" lon="17.73518667">
        <ele>373.1</ele>
        <time>2025-07-31T15:55:47Z</time>
      </trkpt>
      <trkpt lat="47.111595" lon="17.73529667">
        <ele>372.4</ele>
        <time>2025-07-31T15:55:49Z</time>
      </trkpt>
      <trkpt lat="47.11166667" lon="17.73538333">
        <ele>370.5</ele>
        <time>2025-07-31T15:55:53Z</time>
      </trkpt>
      <trkpt lat="47.111735" lon="17.73550667">
        <ele>368.6</ele>
        <time>2025-07-31T15:56:41Z</time>
      </trkpt>
      <trkpt lat="47.1118" lon="17.73560333">
        <ele>368.6</ele>
        <time>2025-07-31T15:56:43Z</time>
      </trkpt>
      <trkpt lat="47.11189" lon="17.73572833">
        <ele>368.6</ele>
        <time>2025-07-31T15:56:45Z</time>
      </trkpt>
      <trkpt lat="47.111995" lon="17.735865">
        <ele>368</ele>
        <time>2025-07-31T15:56:47Z</time>
      </trkpt>
      <trkpt lat="47.11212" lon="17.73603833">
        <ele>366.8</ele>
        <time>2025-07-31T15:56:49Z</time>
      </trkpt>
      <trkpt lat="47.112185" lon="17.73613833">
        <ele>366.2</ele>
        <time>2025-07-31T15:56:50Z</time>
      </trkpt>
      <trkpt lat="47.11225667" lon="17.73624167">
        <ele>365.6</ele>
        <time>2025-07-31T15:56:51Z</time>
      </trkpt>
      <trkpt lat="47.11232833" lon="17.73634833">
        <ele>365</ele>
        <time>2025-07-31T15:56:52Z</time>
      </trkpt>
      <trkpt lat="47.1124" lon="17.73645667">
        <ele>364.4</ele>
        <time>2025-07-31T15:56:53Z</time>
      </trkpt>
      <trkpt lat="47.11247167" lon="17.73657">
        <ele>363.7</ele>
        <time>2025-07-31T15:56:54Z</time>
      </trkpt>
      <trkpt lat="47.11255333" lon="17.73668667">
        <ele>362.8</ele>
        <time>2025-07-31T15:56:55Z</time>
      </trkpt>
      <trkpt lat="47.11263667" lon="17.73680333">
        <ele>363.2</ele>
        <time>2025-07-31T15:56:56Z</time>
      </trkpt>
      <trkpt lat="47.11272333" lon="17.73692833">
        <ele>363.3</ele>
        <time>2025-07-31T15:56:57Z</time>
      </trkpt>
      <trkpt lat="47.11281" lon="17.73706">
        <ele>363.4</ele>
        <time>2025-07-31T15:56:58Z</time>
      </trkpt>
      <trkpt lat="47.11289333" lon="17.73718667">
        <ele>362.7</ele>
        <time>2025-07-31T15:56:59Z</time>
      </trkpt>
      <trkpt lat="47.11298167" lon="17.73731667">
        <ele>362.9</ele>
        <time>2025-07-31T15:57:00Z</time>
      </trkpt>
      <trkpt lat="47.11305833" lon="17.73744667">
        <ele>363.3</ele>
        <time>2025-07-31T15:57:01Z</time>
      </trkpt>
      <trkpt lat="47.11314833" lon="17.737575">
        <ele>363.4</ele>
        <time>2025-07-31T15:57:02Z</time>
      </trkpt>
      <trkpt lat="47.11324167" lon="17.737705">
        <ele>364.6</ele>
        <time>2025-07-31T15:57:03Z</time>
      </trkpt>
      <trkpt lat="47.11332833" lon="17.73782667">
        <ele>363.7</ele>
        <time>2025-07-31T15:57:04Z</time>
      </trkpt>
      <trkpt lat="47.11340833" lon="17.73796167">
        <ele>363.8</ele>
        <time>2025-07-31T15:57:05Z</time>
      </trkpt>
      <trkpt lat="47.11348667" lon="17.738085">
        <ele>363.9</ele>
        <time>2025-07-31T15:57:06Z</time>
      </trkpt>
      <trkpt lat="47.11355833" lon="17.73819333">
        <ele>364.4</ele>
        <time>2025-07-31T15:57:07Z</time>
      </trkpt>
      <trkpt lat="47.11364" lon="17.73832">
        <ele>365.6</ele>
        <time>2025-07-31T15:57:08Z</time>
      </trkpt>
      <trkpt lat="47.11373" lon="17.73844167">
        <ele>367</ele>
        <time>2025-07-31T15:57:09Z</time>
      </trkpt>
      <trkpt lat="47.11381333" lon="17.738565">
        <ele>368.2</ele>
        <time>2025-07-31T15:57:10Z</time>
      </trkpt>
      <trkpt lat="47.11391" lon="17.73869167">
        <ele>368.8</ele>
        <time>2025-07-31T15:57:11Z</time>
      </trkpt>
      <trkpt lat="47.11401" lon="17.738805">
        <ele>369.9</ele>
        <time>2025-07-31T15:57:12Z</time>
      </trkpt>
      <trkpt lat="47.11410833" lon="17.738905">
        <ele>370.7</ele>
        <time>2025-07-31T15:57:13Z</time>
      </trkpt>
      <trkpt lat="47.11420667" lon="17.73898667">
        <ele>371.1</ele>
        <time>2025-07-31T15:57:14Z</time>
      </trkpt>
      <trkpt lat="47.114305" lon="17.73906667">
        <ele>372.2</ele>
        <time>2025-07-31T15:57:15Z</time>
      </trkpt>
      <trkpt lat="47.11439667" lon="17.73915333">
        <ele>372.5</ele>
        <time>2025-07-31T15:57:16Z</time>
      </trkpt>
      <trkpt lat="47.11448667" lon="17.73924">
        <ele>372.3</ele>
        <time>2025-07-31T15:57:17Z</time>
      </trkpt>
      <trkpt lat="47.11457333" lon="17.73933">
        <ele>372</ele>
        <time>2025-07-31T15:57:18Z</time>
      </trkpt>
      <trkpt lat="47.11465" lon="17.73942833">
        <ele>371.9</ele>
        <time>2025-07-31T15:57:19Z</time>
      </trkpt>
      <trkpt lat="47.11471667" lon="17.73952333">
        <ele>371.9</ele>
        <time>2025-07-31T15:57:20Z</time>
      </trkpt>
      <trkpt lat="47.114835" lon="17.73969667">
        <ele>371</ele>
        <time>2025-07-31T15:57:22Z</time>
      </trkpt>
      <trkpt lat="47.11490333" lon="17.739805">
        <ele>370.2</ele>
        <time>2025-07-31T15:57:24Z</time>
      </trkpt>
      <trkpt lat="47.11496833" lon="17.739925">
        <ele>369.6</ele>
        <time>2025-07-31T15:58:16Z</time>
      </trkpt>
      <trkpt lat="47.11503333" lon="17.74004667">
        <ele>370.2</ele>
        <time>2025-07-31T15:58:19Z</time>
      </trkpt>
      <trkpt lat="47.11510167" lon="17.74015167">
        <ele>371</ele>
        <time>2025-07-31T15:58:21Z</time>
      </trkpt>
      <trkpt lat="47.11517833" lon="17.74027833">
        <ele>370.5</ele>
        <time>2025-07-31T15:58:23Z</time>
      </trkpt>
      <trkpt lat="47.11528167" lon="17.74042833">
        <ele>371.1</ele>
        <time>2025-07-31T15:58:25Z</time>
      </trkpt>
      <trkpt lat="47.11540167" lon="17.74058167">
        <ele>371.4</ele>
        <time>2025-07-31T15:58:27Z</time>
      </trkpt>
      <trkpt lat="47.11553" lon="17.74076">
        <ele>372.3</ele>
        <time>2025-07-31T15:58:29Z</time>
      </trkpt>
      <trkpt lat="47.11560167" lon="17.74084333">
        <ele>372.2</ele>
        <time>2025-07-31T15:58:30Z</time>
      </trkpt>
      <trkpt lat="47.11567833" lon="17.74093">
        <ele>372.1</ele>
        <time>2025-07-31T15:58:31Z</time>
      </trkpt>
      <trkpt lat="47.11575667" lon="17.741015">
        <ele>372.5</ele>
        <time>2025-07-31T15:58:32Z</time>
      </trkpt>
      <trkpt lat="47.11584" lon="17.74111333">
        <ele>372.6</ele>
        <time>2025-07-31T15:58:33Z</time>
      </trkpt>
      <trkpt lat="47.11592167" lon="17.741205">
        <ele>372.4</ele>
        <time>2025-07-31T15:58:34Z</time>
      </trkpt>
      <trkpt lat="47.11601333" lon="17.741305">
        <ele>373.1</ele>
        <time>2025-07-31T15:58:35Z</time>
      </trkpt>
      <trkpt lat="47.11610833" lon="17.74140333">
        <ele>373.4</ele>
        <time>2025-07-31T15:58:36Z</time>
      </trkpt>
      <trkpt lat="47.11620167" lon="17.74148833">
        <ele>373.6</ele>
        <time>2025-07-31T15:58:37Z</time>
      </trkpt>
      <trkpt lat="47.11628833" lon="17.74158667">
        <ele>374.7</ele>
        <time>2025-07-31T15:58:38Z</time>
      </trkpt>
      <trkpt lat="47.11638" lon="17.74168167">
        <ele>375.7</ele>
        <time>2025-07-31T15:58:39Z</time>
      </trkpt>
      <trkpt lat="47.116475" lon="17.74178167">
        <ele>376.1</ele>
        <time>2025-07-31T15:58:40Z</time>
      </trkpt>
      <trkpt lat="47.116565" lon="17.74189">
        <ele>376.9</ele>
        <time>2025-07-31T15:58:41Z</time>
      </trkpt>
      <trkpt lat="47.11667333" lon="17.74200333">
        <ele>376.6</ele>
        <time>2025-07-31T15:58:42Z</time>
      </trkpt>
      <trkpt lat="47.116775" lon="17.74212">
        <ele>376.2</ele>
        <time>2025-07-31T15:58:43Z</time>
      </trkpt>
      <trkpt lat="47.11688333" lon="17.74224167">
        <ele>375.6</ele>
        <time>2025-07-31T15:58:44Z</time>
      </trkpt>
      <trkpt lat="47.11699333" lon="17.74236833">
        <ele>374.2</ele>
        <time>2025-07-31T15:58:45Z</time>
      </trkpt>
      <trkpt lat="47.11711" lon="17.7425">
        <ele>373.7</ele>
        <time>2025-07-31T15:58:46Z</time>
      </trkpt>
      <trkpt lat="47.11723" lon="17.74263167">
        <ele>372.7</ele>
        <time>2025-07-31T15:58:47Z</time>
      </trkpt>
      <trkpt lat="47.11735667" lon="17.74276333">
        <ele>372.1</ele>
        <time>2025-07-31T15:58:48Z</time>
      </trkpt>
      <trkpt lat="47.11748" lon="17.7429">
        <ele>371.4</ele>
        <time>2025-07-31T15:58:49Z</time>
      </trkpt>
      <trkpt lat="47.117605" lon="17.74303167">
        <ele>370.5</ele>
        <time>2025-07-31T15:58:50Z</time>
      </trkpt>
      <trkpt lat="47.11773667" lon="17.743175">
        <ele>370.7</ele>
        <time>2025-07-31T15:58:51Z</time>
      </trkpt>
      <trkpt lat="47.11786833" lon="17.74332167">
        <ele>368.9</ele>
        <time>2025-07-31T15:58:52Z</time>
      </trkpt>
      <trkpt lat="47.118005" lon="17.74347167">
        <ele>367.4</ele>
        <time>2025-07-31T15:58:53Z</time>
      </trkpt>
      <trkpt lat="47.11815" lon="17.74363167">
        <ele>367.3</ele>
        <time>2025-07-31T15:58:54Z</time>
      </trkpt>
      <trkpt lat="47.1183" lon="17.743785">
        <ele>366.2</ele>
        <time>2025-07-31T15:58:55Z</time>
      </trkpt>
      <trkpt lat="47.11845333" lon="17.74392333">
        <ele>366.9</ele>
        <time>2025-07-31T15:58:56Z</time>
      </trkpt>
      <trkpt lat="47.11861167" lon="17.74408167">
        <ele>365.9</ele>
        <time>2025-07-31T15:58:57Z</time>
      </trkpt>
      <trkpt lat="47.11877833" lon="17.74422167">
        <ele>366.4</ele>
        <time>2025-07-31T15:58:58Z</time>
      </trkpt>
      <trkpt lat="47.11895333" lon="17.74434167">
        <ele>367.5</ele>
        <time>2025-07-31T15:58:59Z</time>
      </trkpt>
      <trkpt lat="47.11912833" lon="17.74445">
        <ele>366.4</ele>
        <time>2025-07-31T15:59:00Z</time>
      </trkpt>
      <trkpt lat="47.11930833" lon="17.74453833">
        <ele>366.3</ele>
        <time>2025-07-31T15:59:01Z</time>
      </trkpt>
      <trkpt lat="47.11949333" lon="17.744625">
        <ele>366.4</ele>
        <time>2025-07-31T15:59:02Z</time>
      </trkpt>
      <trkpt lat="47.119695" lon="17.74468">
        <ele>366.6</ele>
        <time>2025-07-31T15:59:03Z</time>
      </trkpt>
      <trkpt lat="47.11988667" lon="17.744725">
        <ele>366.8</ele>
        <time>2025-07-31T15:59:04Z</time>
      </trkpt>
      <trkpt lat="47.120075" lon="17.74475833">
        <ele>366.9</ele>
        <time>2025-07-31T15:59:05Z</time>
      </trkpt>
      <trkpt lat="47.12026667" lon="17.74478">
        <ele>367</ele>
        <time>2025-07-31T15:59:06Z</time>
      </trkpt>
      <trkpt lat="47.12046167" lon="17.7448">
        <ele>366.5</ele>
        <time>2025-07-31T15:59:07Z</time>
      </trkpt>
      <trkpt lat="47.12065833" lon="17.74482">
        <ele>367.2</ele>
        <time>2025-07-31T15:59:08Z</time>
      </trkpt>
      <trkpt lat="47.12086333" lon="17.74483167">
        <ele>368.5</ele>
        <time>2025-07-31T15:59:09Z</time>
      </trkpt>
      <trkpt lat="47.12106" lon="17.74483167">
        <ele>369.6</ele>
        <time>2025-07-31T15:59:10Z</time>
      </trkpt>
      <trkpt lat="47.12125167" lon="17.74483833">
        <ele>370.3</ele>
        <time>2025-07-31T15:59:11Z</time>
      </trkpt>
      <trkpt lat="47.121445" lon="17.74484333">
        <ele>370.4</ele>
        <time>2025-07-31T15:59:12Z</time>
      </trkpt>
      <trkpt lat="47.12164167" lon="17.744845">
        <ele>371.2</ele>
        <time>2025-07-31T15:59:13Z</time>
      </trkpt>
      <trkpt lat="47.12184833" lon="17.74485167">
        <ele>372.4</ele>
        <time>2025-07-31T15:59:14Z</time>
      </trkpt>
      <trkpt lat="47.12205" lon="17.74486">
        <ele>373.4</ele>
        <time>2025-07-31T15:59:15Z</time>
      </trkpt>
      <trkpt lat="47.12224667" lon="17.74486667">
        <ele>374.3</ele>
        <time>2025-07-31T15:59:16Z</time>
      </trkpt>
      <trkpt lat="47.12244167" lon="17.74486167">
        <ele>374.6</ele>
        <time>2025-07-31T15:59:17Z</time>
      </trkpt>
      <trkpt lat="47.12262667" lon="17.74486833">
        <ele>375.8</ele>
        <time>2025-07-31T15:59:18Z</time>
      </trkpt>
      <trkpt lat="47.12280667" lon="17.74487833">
        <ele>376.2</ele>
        <time>2025-07-31T15:59:19Z</time>
      </trkpt>
      <trkpt lat="47.12300333" lon="17.744875">
        <ele>377.1</ele>
        <time>2025-07-31T15:59:20Z</time>
      </trkpt>
      <trkpt lat="47.12320167" lon="17.74488">
        <ele>377.5</ele>
        <time>2025-07-31T15:59:21Z</time>
      </trkpt>
      <trkpt lat="47.1234" lon="17.74488333">
        <ele>378.6</ele>
        <time>2025-07-31T15:59:22Z</time>
      </trkpt>
      <trkpt lat="47.123595" lon="17.74489">
        <ele>379.5</ele>
        <time>2025-07-31T15:59:23Z</time>
      </trkpt>
      <trkpt lat="47.12379333" lon="17.74490167">
        <ele>380.6</ele>
        <time>2025-07-31T15:59:24Z</time>
      </trkpt>
      <trkpt lat="47.123985" lon="17.74491">
        <ele>381.6</ele>
        <time>2025-07-31T15:59:25Z</time>
      </trkpt>
      <trkpt lat="47.12418" lon="17.74492">
        <ele>382.9</ele>
        <time>2025-07-31T15:59:26Z</time>
      </trkpt>
      <trkpt lat="47.12436667" lon="17.744935">
        <ele>383.3</ele>
        <time>2025-07-31T15:59:27Z</time>
      </trkpt>
      <trkpt lat="47.124555" lon="17.74493833">
        <ele>383.4</ele>
        <time>2025-07-31T15:59:28Z</time>
      </trkpt>
      <trkpt lat="47.12474667" lon="17.74493833">
        <ele>384.6</ele>
        <time>2025-07-31T15:59:29Z</time>
      </trkpt>
      <trkpt lat="47.12493167" lon="17.74493667">
        <ele>386</ele>
        <time>2025-07-31T15:59:30Z</time>
      </trkpt>
      <trkpt lat="47.12511833" lon="17.74493667">
        <ele>386.2</ele>
        <time>2025-07-31T15:59:31Z</time>
      </trkpt>
      <trkpt lat="47.12529833" lon="17.74494667">
        <ele>386.5</ele>
        <time>2025-07-31T15:59:32Z</time>
      </trkpt>
      <trkpt lat="47.12547" lon="17.74497">
        <ele>386.9</ele>
        <time>2025-07-31T15:59:33Z</time>
      </trkpt>
      <trkpt lat="47.12564333" lon="17.74499167">
        <ele>386.3</ele>
        <time>2025-07-31T15:59:34Z</time>
      </trkpt>
      <trkpt lat="47.12581333" lon="17.74501833">
        <ele>385.6</ele>
        <time>2025-07-31T15:59:35Z</time>
      </trkpt>
      <trkpt lat="47.125985" lon="17.74505">
        <ele>385.3</ele>
        <time>2025-07-31T15:59:36Z</time>
      </trkpt>
      <trkpt lat="47.126155" lon="17.74508167">
        <ele>385.5</ele>
        <time>2025-07-31T15:59:37Z</time>
      </trkpt>
      <trkpt lat="47.12631833" lon="17.74511167">
        <ele>385.8</ele>
        <time>2025-07-31T15:59:38Z</time>
      </trkpt>
      <trkpt lat="47.12648" lon="17.745155">
        <ele>386.1</ele>
        <time>2025-07-31T15:59:39Z</time>
      </trkpt>
      <trkpt lat="47.12664667" lon="17.74518833">
        <ele>385.7</ele>
        <time>2025-07-31T15:59:40Z</time>
      </trkpt>
      <trkpt lat="47.12680167" lon="17.74524333">
        <ele>386</ele>
        <time>2025-07-31T15:59:41Z</time>
      </trkpt>
      <trkpt lat="47.12695667" lon="17.74530667">
        <ele>385.3</ele>
        <time>2025-07-31T15:59:42Z</time>
      </trkpt>
      <trkpt lat="47.12710667" lon="17.745385">
        <ele>384</ele>
        <time>2025-07-31T15:59:43Z</time>
      </trkpt>
      <trkpt lat="47.12724667" lon="17.74546167">
        <ele>383.5</ele>
        <time>2025-07-31T15:59:44Z</time>
      </trkpt>
      <trkpt lat="47.12740333" lon="17.74554167">
        <ele>382.7</ele>
        <time>2025-07-31T15:59:45Z</time>
      </trkpt>
      <trkpt lat="47.127555" lon="17.745635">
        <ele>383</ele>
        <time>2025-07-31T15:59:46Z</time>
      </trkpt>
      <trkpt lat="47.12770167" lon="17.74572167">
        <ele>382.5</ele>
        <time>2025-07-31T15:59:47Z</time>
      </trkpt>
      <trkpt lat="47.12785333" lon="17.74582833">
        <ele>382.3</ele>
        <time>2025-07-31T15:59:48Z</time>
      </trkpt>
      <trkpt lat="47.12799" lon="17.74592667">
        <ele>380.5</ele>
        <time>2025-07-31T15:59:49Z</time>
      </trkpt>
      <trkpt lat="47.12812667" lon="17.74603833">
        <ele>380</ele>
        <time>2025-07-31T15:59:50Z</time>
      </trkpt>
      <trkpt lat="47.12826167" lon="17.74616333">
        <ele>378.8</ele>
        <time>2025-07-31T15:59:51Z</time>
      </trkpt>
      <trkpt lat="47.1284" lon="17.74627833">
        <ele>377.4</ele>
        <time>2025-07-31T15:59:52Z</time>
      </trkpt>
      <trkpt lat="47.12854167" lon="17.74640167">
        <ele>376.9</ele>
        <time>2025-07-31T15:59:53Z</time>
      </trkpt>
      <trkpt lat="47.128685" lon="17.74652167">
        <ele>376.3</ele>
        <time>2025-07-31T15:59:54Z</time>
      </trkpt>
      <trkpt lat="47.12882" lon="17.74667">
        <ele>375.5</ele>
        <time>2025-07-31T15:59:55Z</time>
      </trkpt>
      <trkpt lat="47.12895167" lon="17.74684667">
        <ele>374.6</ele>
        <time>2025-07-31T15:59:56Z</time>
      </trkpt>
      <trkpt lat="47.12906" lon="17.74703833">
        <ele>373.6</ele>
        <time>2025-07-31T15:59:57Z</time>
      </trkpt>
      <trkpt lat="47.12917" lon="17.74727333">
        <ele>374.7</ele>
        <time>2025-07-31T15:59:58Z</time>
      </trkpt>
      <trkpt lat="47.129255" lon="17.74749333">
        <ele>373.7</ele>
        <time>2025-07-31T15:59:59Z</time>
      </trkpt>
      <trkpt lat="47.129325" lon="17.74772167">
        <ele>373.8</ele>
        <time>2025-07-31T16:00:00Z</time>
      </trkpt>
      <trkpt lat="47.1294" lon="17.74795167">
        <ele>371.8</ele>
        <time>2025-07-31T16:00:01Z</time>
      </trkpt>
      <trkpt lat="47.12947333" lon="17.748165">
        <ele>371</ele>
        <time>2025-07-31T16:00:02Z</time>
      </trkpt>
      <trkpt lat="47.12955833" lon="17.74835">
        <ele>369.1</ele>
        <time>2025-07-31T16:00:03Z</time>
      </trkpt>
      <trkpt lat="47.12967667" lon="17.74850833">
        <ele>370.6</ele>
        <time>2025-07-31T16:00:04Z</time>
      </trkpt>
      <trkpt lat="47.12980167" lon="17.74864667">
        <ele>368.5</ele>
        <time>2025-07-31T16:00:05Z</time>
      </trkpt>
      <trkpt lat="47.12993667" lon="17.74875333">
        <ele>366.1</ele>
        <time>2025-07-31T16:00:06Z</time>
      </trkpt>
      <trkpt lat="47.13008" lon="17.74880833">
        <ele>366</ele>
        <time>2025-07-31T16:00:07Z</time>
      </trkpt>
      <trkpt lat="47.130225" lon="17.74884833">
        <ele>364.9</ele>
        <time>2025-07-31T16:00:08Z</time>
      </trkpt>
      <trkpt lat="47.130375" lon="17.74889167">
        <ele>364.1</ele>
        <time>2025-07-31T16:00:09Z</time>
      </trkpt>
      <trkpt lat="47.13052167" lon="17.74893333">
        <ele>363.1</ele>
        <time>2025-07-31T16:00:10Z</time>
      </trkpt>
      <trkpt lat="47.13066167" lon="17.74898">
        <ele>362.8</ele>
        <time>2025-07-31T16:00:11Z</time>
      </trkpt>
      <trkpt lat="47.130795" lon="17.74902167">
        <ele>363.1</ele>
        <time>2025-07-31T16:00:12Z</time>
      </trkpt>
      <trkpt lat="47.13092833" lon="17.74906833">
        <ele>363.5</ele>
        <time>2025-07-31T16:00:13Z</time>
      </trkpt>
      <trkpt lat="47.13106333" lon="17.74910833">
        <ele>363.2</ele>
        <time>2025-07-31T16:00:14Z</time>
      </trkpt>
      <trkpt lat="47.13128667" lon="17.74919833">
        <ele>361.5</ele>
        <time>2025-07-31T16:00:16Z</time>
      </trkpt>
      <trkpt lat="47.13137333" lon="17.74926">
        <ele>361.3</ele>
        <time>2025-07-31T16:00:17Z</time>
      </trkpt>
      <trkpt lat="47.13151333" lon="17.74937">
        <ele>360.7</ele>
        <time>2025-07-31T16:00:19Z</time>
      </trkpt>
      <trkpt lat="47.131595" lon="17.74945167">
        <ele>359.6</ele>
        <time>2025-07-31T16:00:21Z</time>
      </trkpt>
      <trkpt lat="47.131685" lon="17.74948833">
        <ele>357.1</ele>
        <time>2025-07-31T16:00:27Z</time>
      </trkpt>
      <trkpt lat="47.131795" lon="17.749425">
        <ele>355.9</ele>
        <time>2025-07-31T16:00:30Z</time>
      </trkpt>
      <trkpt lat="47.13192333" lon="17.74940167">
        <ele>355.9</ele>
        <time>2025-07-31T16:00:33Z</time>
      </trkpt>
      <trkpt lat="47.13200333" lon="17.74949833">
        <ele>356.2</ele>
        <time>2025-07-31T16:00:35Z</time>
      </trkpt>
      <trkpt lat="47.132055" lon="17.74969167">
        <ele>356.9</ele>
        <time>2025-07-31T16:00:37Z</time>
      </trkpt>
      <trkpt lat="47.132115" lon="17.74988333">
        <ele>356.8</ele>
        <time>2025-07-31T16:00:39Z</time>
      </trkpt>
      <trkpt lat="47.13218833" lon="17.75005333">
        <ele>356</ele>
        <time>2025-07-31T16:00:41Z</time>
      </trkpt>
      <trkpt lat="47.13224167" lon="17.750165">
        <ele>353.1</ele>
        <time>2025-07-31T16:00:44Z</time>
      </trkpt>
      <trkpt lat="47.13233667" lon="17.75027167">
        <ele>351.7</ele>
        <time>2025-07-31T16:01:10Z</time>
      </trkpt>
      <trkpt lat="47.13239167" lon="17.75042333">
        <ele>352.3</ele>
        <time>2025-07-31T16:01:13Z</time>
      </trkpt>
      <trkpt lat="47.13235833" lon="17.75054833">
        <ele>351.8</ele>
        <time>2025-07-31T16:01:16Z</time>
      </trkpt>
      <trkpt lat="47.13229333" lon="17.75068833">
        <ele>351.7</ele>
        <time>2025-07-31T16:01:23Z</time>
      </trkpt>
      <trkpt lat="47.13232833" lon="17.75087">
        <ele>352.5</ele>
        <time>2025-07-31T16:01:26Z</time>
      </trkpt>
      <trkpt lat="47.13238167" lon="17.75098667">
        <ele>354.2</ele>
        <time>2025-07-31T16:01:28Z</time>
      </trkpt>
      <trkpt lat="47.13244833" lon="17.75110667">
        <ele>356.2</ele>
        <time>2025-07-31T16:01:30Z</time>
      </trkpt>
      <trkpt lat="47.13251833" lon="17.75122">
        <ele>357.4</ele>
        <time>2025-07-31T16:01:32Z</time>
      </trkpt>
      <trkpt lat="47.13253333" lon="17.75140167">
        <ele>358.6</ele>
        <time>2025-07-31T16:01:35Z</time>
      </trkpt>
      <trkpt lat="47.13247" lon="17.75152667">
        <ele>360</ele>
        <time>2025-07-31T16:01:37Z</time>
      </trkpt>
      <trkpt lat="47.132385" lon="17.75169833">
        <ele>360.6</ele>
        <time>2025-07-31T16:01:39Z</time>
      </trkpt>
      <trkpt lat="47.13229333" lon="17.751895">
        <ele>360.8</ele>
        <time>2025-07-31T16:01:41Z</time>
      </trkpt>
      <trkpt lat="47.132215" lon="17.752115">
        <ele>361.9</ele>
        <time>2025-07-31T16:01:43Z</time>
      </trkpt>
      <trkpt lat="47.13212833" lon="17.75235167">
        <ele>361.5</ele>
        <time>2025-07-31T16:01:45Z</time>
      </trkpt>
      <trkpt lat="47.132085" lon="17.75247167">
        <ele>361.1</ele>
        <time>2025-07-31T16:01:46Z</time>
      </trkpt>
      <trkpt lat="47.13204167" lon="17.75259333">
        <ele>361.4</ele>
        <time>2025-07-31T16:01:47Z</time>
      </trkpt>
      <trkpt lat="47.13199667" lon="17.75271">
        <ele>361.3</ele>
        <time>2025-07-31T16:01:48Z</time>
      </trkpt>
      <trkpt lat="47.13190167" lon="17.75292667">
        <ele>360.3</ele>
        <time>2025-07-31T16:01:50Z</time>
      </trkpt>
      <trkpt lat="47.131795" lon="17.753145">
        <ele>358.3</ele>
        <time>2025-07-31T16:01:52Z</time>
      </trkpt>
      <trkpt lat="47.13173667" lon="17.75325833">
        <ele>358.5</ele>
        <time>2025-07-31T16:01:53Z</time>
      </trkpt>
      <trkpt lat="47.13165667" lon="17.75350333">
        <ele>359.5</ele>
        <time>2025-07-31T16:01:55Z</time>
      </trkpt>
      <trkpt lat="47.13161667" lon="17.75362667">
        <ele>359.5</ele>
        <time>2025-07-31T16:01:56Z</time>
      </trkpt>
      <trkpt lat="47.131585" lon="17.75375667">
        <ele>359.8</ele>
        <time>2025-07-31T16:01:57Z</time>
      </trkpt>
      <trkpt lat="47.13156" lon="17.75389167">
        <ele>360.7</ele>
        <time>2025-07-31T16:01:58Z</time>
      </trkpt>
      <trkpt lat="47.131535" lon="17.75402833">
        <ele>361.2</ele>
        <time>2025-07-31T16:01:59Z</time>
      </trkpt>
      <trkpt lat="47.131515" lon="17.75416667">
        <ele>361.3</ele>
        <time>2025-07-31T16:02:00Z</time>
      </trkpt>
      <trkpt lat="47.13149" lon="17.75431167">
        <ele>361.2</ele>
        <time>2025-07-31T16:02:01Z</time>
      </trkpt>
      <trkpt lat="47.13146333" lon="17.75446167">
        <ele>360.9</ele>
        <time>2025-07-31T16:02:02Z</time>
      </trkpt>
      <trkpt lat="47.13143167" lon="17.7546">
        <ele>360.8</ele>
        <time>2025-07-31T16:02:03Z</time>
      </trkpt>
      <trkpt lat="47.13140833" lon="17.75474833">
        <ele>360.2</ele>
        <time>2025-07-31T16:02:04Z</time>
      </trkpt>
      <trkpt lat="47.13137667" lon="17.75490667">
        <ele>360</ele>
        <time>2025-07-31T16:02:05Z</time>
      </trkpt>
      <trkpt lat="47.13133833" lon="17.75504667">
        <ele>359.6</ele>
        <time>2025-07-31T16:02:06Z</time>
      </trkpt>
      <trkpt lat="47.13130333" lon="17.75519667">
        <ele>358.5</ele>
        <time>2025-07-31T16:02:07Z</time>
      </trkpt>
      <trkpt lat="47.131285" lon="17.75534167">
        <ele>357.1</ele>
        <time>2025-07-31T16:02:08Z</time>
      </trkpt>
      <trkpt lat="47.13122833" lon="17.75558">
        <ele>354.9</ele>
        <time>2025-07-31T16:02:10Z</time>
      </trkpt>
      <trkpt lat="47.13117167" lon="17.755745">
        <ele>353.6</ele>
        <time>2025-07-31T16:02:12Z</time>
      </trkpt>
      <trkpt lat="47.13113" lon="17.755865">
        <ele>352</ele>
        <time>2025-07-31T16:02:15Z</time>
      </trkpt>
      <trkpt lat="47.13111" lon="17.75602667">
        <ele>351.5</ele>
        <time>2025-07-31T16:02:49Z</time>
      </trkpt>
      <trkpt lat="47.131075" lon="17.756155">
        <ele>351</ele>
        <time>2025-07-31T16:02:51Z</time>
      </trkpt>
      <trkpt lat="47.13103833" lon="17.756315">
        <ele>350.9</ele>
        <time>2025-07-31T16:02:53Z</time>
      </trkpt>
      <trkpt lat="47.13099" lon="17.75653167">
        <ele>350.4</ele>
        <time>2025-07-31T16:02:55Z</time>
      </trkpt>
      <trkpt lat="47.13093667" lon="17.75676">
        <ele>350.2</ele>
        <time>2025-07-31T16:02:57Z</time>
      </trkpt>
      <trkpt lat="47.130865" lon="17.75700833">
        <ele>349.5</ele>
        <time>2025-07-31T16:02:59Z</time>
      </trkpt>
      <trkpt lat="47.13083167" lon="17.757135">
        <ele>348.7</ele>
        <time>2025-07-31T16:03:00Z</time>
      </trkpt>
      <trkpt lat="47.130785" lon="17.75728">
        <ele>348.4</ele>
        <time>2025-07-31T16:03:01Z</time>
      </trkpt>
      <trkpt lat="47.13074167" lon="17.75742333">
        <ele>348.3</ele>
        <time>2025-07-31T16:03:02Z</time>
      </trkpt>
      <trkpt lat="47.13070333" lon="17.75758667">
        <ele>347.5</ele>
        <time>2025-07-31T16:03:03Z</time>
      </trkpt>
      <trkpt lat="47.13066" lon="17.75773667">
        <ele>347</ele>
        <time>2025-07-31T16:03:04Z</time>
      </trkpt>
      <trkpt lat="47.130615" lon="17.75789">
        <ele>346.5</ele>
        <time>2025-07-31T16:03:05Z</time>
      </trkpt>
      <trkpt lat="47.13057167" lon="17.75804833">
        <ele>346.7</ele>
        <time>2025-07-31T16:03:06Z</time>
      </trkpt>
      <trkpt lat="47.130525" lon="17.75822">
        <ele>346.9</ele>
        <time>2025-07-31T16:03:07Z</time>
      </trkpt>
      <trkpt lat="47.13047833" lon="17.75839833">
        <ele>346.6</ele>
        <time>2025-07-31T16:03:08Z</time>
      </trkpt>
      <trkpt lat="47.13043333" lon="17.75858167">
        <ele>347.3</ele>
        <time>2025-07-31T16:03:09Z</time>
      </trkpt>
      <trkpt lat="47.130385" lon="17.75877167">
        <ele>346.8</ele>
        <time>2025-07-31T16:03:10Z</time>
      </trkpt>
      <trkpt lat="47.130345" lon="17.75895667">
        <ele>347.3</ele>
        <time>2025-07-31T16:03:11Z</time>
      </trkpt>
      <trkpt lat="47.13032333" lon="17.75915">
        <ele>348.3</ele>
        <time>2025-07-31T16:03:12Z</time>
      </trkpt>
      <trkpt lat="47.130315" lon="17.75935167">
        <ele>348.8</ele>
        <time>2025-07-31T16:03:13Z</time>
      </trkpt>
      <trkpt lat="47.130305" lon="17.75955167">
        <ele>348.5</ele>
        <time>2025-07-31T16:03:14Z</time>
      </trkpt>
      <trkpt lat="47.13031833" lon="17.75975167">
        <ele>348.3</ele>
        <time>2025-07-31T16:03:15Z</time>
      </trkpt>
      <trkpt lat="47.13032167" lon="17.759965">
        <ele>347.2</ele>
        <time>2025-07-31T16:03:16Z</time>
      </trkpt>
      <trkpt lat="47.13032167" lon="17.76017">
        <ele>349.6</ele>
        <time>2025-07-31T16:03:17Z</time>
      </trkpt>
      <trkpt lat="47.13031833" lon="17.76037">
        <ele>349.9</ele>
        <time>2025-07-31T16:03:18Z</time>
      </trkpt>
      <trkpt lat="47.13030333" lon="17.76057">
        <ele>350.1</ele>
        <time>2025-07-31T16:03:19Z</time>
      </trkpt>
      <trkpt lat="47.130285" lon="17.76078833">
        <ele>350.5</ele>
        <time>2025-07-31T16:03:20Z</time>
      </trkpt>
      <trkpt lat="47.13026167" lon="17.76098">
        <ele>351.4</ele>
        <time>2025-07-31T16:03:21Z</time>
      </trkpt>
      <trkpt lat="47.13024167" lon="17.76117333">
        <ele>351.3</ele>
        <time>2025-07-31T16:03:22Z</time>
      </trkpt>
      <trkpt lat="47.13023333" lon="17.76137333">
        <ele>352</ele>
        <time>2025-07-31T16:03:23Z</time>
      </trkpt>
      <trkpt lat="47.13021167" lon="17.76159167">
        <ele>351.7</ele>
        <time>2025-07-31T16:03:24Z</time>
      </trkpt>
      <trkpt lat="47.13021667" lon="17.76179">
        <ele>350.7</ele>
        <time>2025-07-31T16:03:25Z</time>
      </trkpt>
      <trkpt lat="47.13022833" lon="17.761985">
        <ele>349.3</ele>
        <time>2025-07-31T16:03:26Z</time>
      </trkpt>
      <trkpt lat="47.13025667" lon="17.76219333">
        <ele>349.8</ele>
        <time>2025-07-31T16:03:27Z</time>
      </trkpt>
      <trkpt lat="47.13029833" lon="17.76238667">
        <ele>349.6</ele>
        <time>2025-07-31T16:03:28Z</time>
      </trkpt>
      <trkpt lat="47.13034333" lon="17.76255833">
        <ele>349.5</ele>
        <time>2025-07-31T16:03:29Z</time>
      </trkpt>
      <trkpt lat="47.13039667" lon="17.76272167">
        <ele>349.3</ele>
        <time>2025-07-31T16:03:30Z</time>
      </trkpt>
      <trkpt lat="47.13045667" lon="17.76287167">
        <ele>349.9</ele>
        <time>2025-07-31T16:03:31Z</time>
      </trkpt>
      <trkpt lat="47.13052333" lon="17.76301333">
        <ele>350.3</ele>
        <time>2025-07-31T16:03:32Z</time>
      </trkpt>
      <trkpt lat="47.13059833" lon="17.763165">
        <ele>350.7</ele>
        <time>2025-07-31T16:03:33Z</time>
      </trkpt>
      <trkpt lat="47.130665" lon="17.76332833">
        <ele>350.2</ele>
        <time>2025-07-31T16:03:34Z</time>
      </trkpt>
      <trkpt lat="47.13072833" lon="17.76349">
        <ele>349.9</ele>
        <time>2025-07-31T16:03:35Z</time>
      </trkpt>
      <trkpt lat="47.13077833" lon="17.763645">
        <ele>349.5</ele>
        <time>2025-07-31T16:03:36Z</time>
      </trkpt>
      <trkpt lat="47.13081833" lon="17.76380333">
        <ele>350.1</ele>
        <time>2025-07-31T16:03:37Z</time>
      </trkpt>
      <trkpt lat="47.13083333" lon="17.76396667">
        <ele>350.6</ele>
        <time>2025-07-31T16:03:38Z</time>
      </trkpt>
      <trkpt lat="47.13079667" lon="17.76415">
        <ele>348.7</ele>
        <time>2025-07-31T16:03:39Z</time>
      </trkpt>
      <trkpt lat="47.13077167" lon="17.764315">
        <ele>349.2</ele>
        <time>2025-07-31T16:03:40Z</time>
      </trkpt>
      <trkpt lat="47.13070667" lon="17.76451333">
        <ele>348</ele>
        <time>2025-07-31T16:03:41Z</time>
      </trkpt>
      <trkpt lat="47.13062667" lon="17.76468167">
        <ele>347.4</ele>
        <time>2025-07-31T16:03:42Z</time>
      </trkpt>
      <trkpt lat="47.13054333" lon="17.76483833">
        <ele>347.1</ele>
        <time>2025-07-31T16:03:43Z</time>
      </trkpt>
      <trkpt lat="47.13045667" lon="17.76499333">
        <ele>348.8</ele>
        <time>2025-07-31T16:03:44Z</time>
      </trkpt>
      <trkpt lat="47.13036667" lon="17.765155">
        <ele>348.9</ele>
        <time>2025-07-31T16:03:45Z</time>
      </trkpt>
      <trkpt lat="47.130275" lon="17.76531833">
        <ele>348.9</ele>
        <time>2025-07-31T16:03:46Z</time>
      </trkpt>
      <trkpt lat="47.13017833" lon="17.76549333">
        <ele>350.8</ele>
        <time>2025-07-31T16:03:47Z</time>
      </trkpt>
      <trkpt lat="47.130065" lon="17.765655">
        <ele>349.8</ele>
        <time>2025-07-31T16:03:48Z</time>
      </trkpt>
      <trkpt lat="47.12994333" lon="17.765815">
        <ele>349.7</ele>
        <time>2025-07-31T16:03:49Z</time>
      </trkpt>
      <trkpt lat="47.12981333" lon="17.76596667">
        <ele>349.5</ele>
        <time>2025-07-31T16:03:50Z</time>
      </trkpt>
      <trkpt lat="47.12967833" lon="17.76611">
        <ele>351.1</ele>
        <time>2025-07-31T16:03:51Z</time>
      </trkpt>
      <trkpt lat="47.12954333" lon="17.76625333">
        <ele>351.3</ele>
        <time>2025-07-31T16:03:52Z</time>
      </trkpt>
      <trkpt lat="47.12940833" lon="17.76639667">
        <ele>351.1</ele>
        <time>2025-07-31T16:03:53Z</time>
      </trkpt>
      <trkpt lat="47.12926167" lon="17.76654167">
        <ele>351.7</ele>
        <time>2025-07-31T16:03:54Z</time>
      </trkpt>
      <trkpt lat="47.12912333" lon="17.76669333">
        <ele>350.5</ele>
        <time>2025-07-31T16:03:55Z</time>
      </trkpt>
      <trkpt lat="47.12898333" lon="17.766825">
        <ele>350</ele>
        <time>2025-07-31T16:03:56Z</time>
      </trkpt>
      <trkpt lat="47.12883167" lon="17.766945">
        <ele>349.7</ele>
        <time>2025-07-31T16:03:57Z</time>
      </trkpt>
      <trkpt lat="47.128675" lon="17.76703167">
        <ele>349.1</ele>
        <time>2025-07-31T16:03:58Z</time>
      </trkpt>
      <trkpt lat="47.12852333" lon="17.767085">
        <ele>350</ele>
        <time>2025-07-31T16:03:59Z</time>
      </trkpt>
      <trkpt lat="47.12837667" lon="17.76710167">
        <ele>350</ele>
        <time>2025-07-31T16:04:00Z</time>
      </trkpt>
      <trkpt lat="47.12822667" lon="17.767115">
        <ele>350.8</ele>
        <time>2025-07-31T16:04:01Z</time>
      </trkpt>
      <trkpt lat="47.12808333" lon="17.76710833">
        <ele>351.3</ele>
        <time>2025-07-31T16:04:02Z</time>
      </trkpt>
      <trkpt lat="47.12794167" lon="17.767105">
        <ele>352.2</ele>
        <time>2025-07-31T16:04:03Z</time>
      </trkpt>
      <trkpt lat="47.12779333" lon="17.76710167">
        <ele>352.4</ele>
        <time>2025-07-31T16:04:04Z</time>
      </trkpt>
      <trkpt lat="47.12764833" lon="17.767115">
        <ele>352.4</ele>
        <time>2025-07-31T16:04:05Z</time>
      </trkpt>
      <trkpt lat="47.12751" lon="17.767125">
        <ele>352</ele>
        <time>2025-07-31T16:04:06Z</time>
      </trkpt>
      <trkpt lat="47.12737333" lon="17.76711667">
        <ele>351.4</ele>
        <time>2025-07-31T16:04:07Z</time>
      </trkpt>
      <trkpt lat="47.12723" lon="17.76711833">
        <ele>350.8</ele>
        <time>2025-07-31T16:04:08Z</time>
      </trkpt>
      <trkpt lat="47.12709" lon="17.767155">
        <ele>350.2</ele>
        <time>2025-07-31T16:04:09Z</time>
      </trkpt>
      <trkpt lat="47.126945" lon="17.76720333">
        <ele>349.5</ele>
        <time>2025-07-31T16:04:10Z</time>
      </trkpt>
      <trkpt lat="47.12681167" lon="17.76729167">
        <ele>349.1</ele>
        <time>2025-07-31T16:04:11Z</time>
      </trkpt>
      <trkpt lat="47.12669333" lon="17.76740333">
        <ele>347.6</ele>
        <time>2025-07-31T16:04:12Z</time>
      </trkpt>
      <trkpt lat="47.126585" lon="17.76755833">
        <ele>346.3</ele>
        <time>2025-07-31T16:04:13Z</time>
      </trkpt>
      <trkpt lat="47.12650833" lon="17.76775167">
        <ele>345.4</ele>
        <time>2025-07-31T16:04:14Z</time>
      </trkpt>
      <trkpt lat="47.12645333" lon="17.767965">
        <ele>345.3</ele>
        <time>2025-07-31T16:04:15Z</time>
      </trkpt>
      <trkpt lat="47.126425" lon="17.76818333">
        <ele>345.4</ele>
        <time>2025-07-31T16:04:16Z</time>
      </trkpt>
      <trkpt lat="47.12644" lon="17.768405">
        <ele>346</ele>
        <time>2025-07-31T16:04:17Z</time>
      </trkpt>
      <trkpt lat="47.126465" lon="17.76862667">
        <ele>347.3</ele>
        <time>2025-07-31T16:04:18Z</time>
      </trkpt>
      <trkpt lat="47.126495" lon="17.76883833">
        <ele>348.9</ele>
        <time>2025-07-31T16:04:19Z</time>
      </trkpt>
      <trkpt lat="47.12652667" lon="17.76904833">
        <ele>349.2</ele>
        <time>2025-07-31T16:04:20Z</time>
      </trkpt>
      <trkpt lat="47.12655667" lon="17.76925667">
        <ele>348.3</ele>
        <time>2025-07-31T16:04:21Z</time>
      </trkpt>
      <trkpt lat="47.12657333" lon="17.769465">
        <ele>349.6</ele>
        <time>2025-07-31T16:04:22Z</time>
      </trkpt>
      <trkpt lat="47.12658667" lon="17.76967">
        <ele>350.4</ele>
        <time>2025-07-31T16:04:23Z</time>
      </trkpt>
      <trkpt lat="47.12657333" lon="17.769865">
        <ele>350.7</ele>
        <time>2025-07-31T16:04:24Z</time>
      </trkpt>
      <trkpt lat="47.12654333" lon="17.77005667">
        <ele>350.8</ele>
        <time>2025-07-31T16:04:25Z</time>
      </trkpt>
      <trkpt lat="47.12649" lon="17.77023833">
        <ele>349.9</ele>
        <time>2025-07-31T16:04:26Z</time>
      </trkpt>
      <trkpt lat="47.12642" lon="17.77040333">
        <ele>349.4</ele>
        <time>2025-07-31T16:04:27Z</time>
      </trkpt>
      <trkpt lat="47.12634333" lon="17.77054667">
        <ele>349.6</ele>
        <time>2025-07-31T16:04:28Z</time>
      </trkpt>
      <trkpt lat="47.12625667" lon="17.77067667">
        <ele>350.7</ele>
        <time>2025-07-31T16:04:29Z</time>
      </trkpt>
      <trkpt lat="47.12617" lon="17.77080833">
        <ele>351.5</ele>
        <time>2025-07-31T16:04:30Z</time>
      </trkpt>
      <trkpt lat="47.12608" lon="17.77093667">
        <ele>351</ele>
        <time>2025-07-31T16:04:31Z</time>
      </trkpt>
      <trkpt lat="47.125985" lon="17.77107833">
        <ele>350</ele>
        <time>2025-07-31T16:04:32Z</time>
      </trkpt>
      <trkpt lat="47.12589" lon="17.77122">
        <ele>349.5</ele>
        <time>2025-07-31T16:04:33Z</time>
      </trkpt>
      <trkpt lat="47.12580333" lon="17.77135833">
        <ele>348.9</ele>
        <time>2025-07-31T16:04:34Z</time>
      </trkpt>
      <trkpt lat="47.12571333" lon="17.77149167">
        <ele>348.7</ele>
        <time>2025-07-31T16:04:35Z</time>
      </trkpt>
      <trkpt lat="47.12563" lon="17.77163167">
        <ele>348.3</ele>
        <time>2025-07-31T16:04:36Z</time>
      </trkpt>
      <trkpt lat="47.12554167" lon="17.77177667">
        <ele>348</ele>
        <time>2025-07-31T16:04:37Z</time>
      </trkpt>
      <trkpt lat="47.12545167" lon="17.77192">
        <ele>347.7</ele>
        <time>2025-07-31T16:04:38Z</time>
      </trkpt>
      <trkpt lat="47.12536167" lon="17.77206333">
        <ele>347.1</ele>
        <time>2025-07-31T16:04:39Z</time>
      </trkpt>
      <trkpt lat="47.12527667" lon="17.77219333">
        <ele>347.1</ele>
        <time>2025-07-31T16:04:40Z</time>
      </trkpt>
      <trkpt lat="47.12518333" lon="17.77234167">
        <ele>345.3</ele>
        <time>2025-07-31T16:04:41Z</time>
      </trkpt>
      <trkpt lat="47.12510667" lon="17.772495">
        <ele>345.4</ele>
        <time>2025-07-31T16:04:42Z</time>
      </trkpt>
      <trkpt lat="47.12503333" lon="17.77265167">
        <ele>346.6</ele>
        <time>2025-07-31T16:04:43Z</time>
      </trkpt>
      <trkpt lat="47.124945" lon="17.77280833">
        <ele>347.3</ele>
        <time>2025-07-31T16:04:44Z</time>
      </trkpt>
      <trkpt lat="47.12486" lon="17.77296">
        <ele>347.4</ele>
        <time>2025-07-31T16:04:45Z</time>
      </trkpt>
      <trkpt lat="47.12478" lon="17.77310833">
        <ele>347.8</ele>
        <time>2025-07-31T16:04:46Z</time>
      </trkpt>
      <trkpt lat="47.12469667" lon="17.77325833">
        <ele>347.5</ele>
        <time>2025-07-31T16:04:47Z</time>
      </trkpt>
      <trkpt lat="47.12461833" lon="17.77341167">
        <ele>347.5</ele>
        <time>2025-07-31T16:04:48Z</time>
      </trkpt>
      <trkpt lat="47.12453333" lon="17.773565">
        <ele>347.8</ele>
        <time>2025-07-31T16:04:49Z</time>
      </trkpt>
      <trkpt lat="47.12445" lon="17.77371">
        <ele>347</ele>
        <time>2025-07-31T16:04:50Z</time>
      </trkpt>
      <trkpt lat="47.12436667" lon="17.77386667">
        <ele>346.8</ele>
        <time>2025-07-31T16:04:51Z</time>
      </trkpt>
      <trkpt lat="47.12428667" lon="17.77401333">
        <ele>346.2</ele>
        <time>2025-07-31T16:04:52Z</time>
      </trkpt>
      <trkpt lat="47.12421667" lon="17.77415667">
        <ele>345.7</ele>
        <time>2025-07-31T16:04:53Z</time>
      </trkpt>
      <trkpt lat="47.12413333" lon="17.77430167">
        <ele>345.8</ele>
        <time>2025-07-31T16:04:54Z</time>
      </trkpt>
      <trkpt lat="47.12406" lon="17.77444167">
        <ele>345.9</ele>
        <time>2025-07-31T16:04:55Z</time>
      </trkpt>
      <trkpt lat="47.123985" lon="17.77459333">
        <ele>346</ele>
        <time>2025-07-31T16:04:56Z</time>
      </trkpt>
      <trkpt lat="47.12391667" lon="17.77474333">
        <ele>346.4</ele>
        <time>2025-07-31T16:04:57Z</time>
      </trkpt>
      <trkpt lat="47.12384667" lon="17.77488333">
        <ele>345.8</ele>
        <time>2025-07-31T16:04:58Z</time>
      </trkpt>
      <trkpt lat="47.12378333" lon="17.77501833">
        <ele>345.9</ele>
        <time>2025-07-31T16:04:59Z</time>
      </trkpt>
      <trkpt lat="47.12371833" lon="17.77515167">
        <ele>345.6</ele>
        <time>2025-07-31T16:05:00Z</time>
      </trkpt>
      <trkpt lat="47.12365167" lon="17.77530167">
        <ele>344.9</ele>
        <time>2025-07-31T16:05:01Z</time>
      </trkpt>
      <trkpt lat="47.12357833" lon="17.775445">
        <ele>343.8</ele>
        <time>2025-07-31T16:05:02Z</time>
      </trkpt>
      <trkpt lat="47.12351" lon="17.77558167">
        <ele>342.5</ele>
        <time>2025-07-31T16:05:03Z</time>
      </trkpt>
      <trkpt lat="47.12343833" lon="17.77572">
        <ele>341.9</ele>
        <time>2025-07-31T16:05:04Z</time>
      </trkpt>
      <trkpt lat="47.12336667" lon="17.77586167">
        <ele>342.4</ele>
        <time>2025-07-31T16:05:05Z</time>
      </trkpt>
      <trkpt lat="47.12329333" lon="17.77598167">
        <ele>341.9</ele>
        <time>2025-07-31T16:05:06Z</time>
      </trkpt>
      <trkpt lat="47.12321167" lon="17.77610667">
        <ele>340.9</ele>
        <time>2025-07-31T16:05:07Z</time>
      </trkpt>
      <trkpt lat="47.12313" lon="17.77623167">
        <ele>341.1</ele>
        <time>2025-07-31T16:05:08Z</time>
      </trkpt>
      <trkpt lat="47.12305167" lon="17.77635667">
        <ele>340.7</ele>
        <time>2025-07-31T16:05:09Z</time>
      </trkpt>
      <trkpt lat="47.122975" lon="17.77648833">
        <ele>340.9</ele>
        <time>2025-07-31T16:05:10Z</time>
      </trkpt>
      <trkpt lat="47.1229" lon="17.77661333">
        <ele>340.9</ele>
        <time>2025-07-31T16:05:11Z</time>
      </trkpt>
      <trkpt lat="47.12281833" lon="17.77674833">
        <ele>340.9</ele>
        <time>2025-07-31T16:05:12Z</time>
      </trkpt>
      <trkpt lat="47.12273167" lon="17.77688167">
        <ele>341.1</ele>
        <time>2025-07-31T16:05:13Z</time>
      </trkpt>
      <trkpt lat="47.12264833" lon="17.77702">
        <ele>341</ele>
        <time>2025-07-31T16:05:14Z</time>
      </trkpt>
      <trkpt lat="47.122565" lon="17.777155">
        <ele>340.8</ele>
        <time>2025-07-31T16:05:15Z</time>
      </trkpt>
      <trkpt lat="47.12248" lon="17.777285">
        <ele>340.4</ele>
        <time>2025-07-31T16:05:16Z</time>
      </trkpt>
      <trkpt lat="47.122395" lon="17.77740333">
        <ele>338.4</ele>
        <time>2025-07-31T16:05:17Z</time>
      </trkpt>
      <trkpt lat="47.12232" lon="17.77753667">
        <ele>337.9</ele>
        <time>2025-07-31T16:05:18Z</time>
      </trkpt>
      <trkpt lat="47.12224" lon="17.77769667">
        <ele>336.1</ele>
        <time>2025-07-31T16:05:19Z</time>
      </trkpt>
      <trkpt lat="47.12216833" lon="17.77784667">
        <ele>336</ele>
        <time>2025-07-31T16:05:20Z</time>
      </trkpt>
      <trkpt lat="47.12210167" lon="17.77801333">
        <ele>335.8</ele>
        <time>2025-07-31T16:05:21Z</time>
      </trkpt>
      <trkpt lat="47.12204" lon="17.778175">
        <ele>335.3</ele>
        <time>2025-07-31T16:05:22Z</time>
      </trkpt>
      <trkpt lat="47.121975" lon="17.77835">
        <ele>334.4</ele>
        <time>2025-07-31T16:05:23Z</time>
      </trkpt>
      <trkpt lat="47.12191333" lon="17.77852333">
        <ele>333.6</ele>
        <time>2025-07-31T16:05:24Z</time>
      </trkpt>
      <trkpt lat="47.12185667" lon="17.77867833">
        <ele>333.1</ele>
        <time>2025-07-31T16:05:25Z</time>
      </trkpt>
      <trkpt lat="47.12180333" lon="17.77883">
        <ele>332.2</ele>
        <time>2025-07-31T16:05:26Z</time>
      </trkpt>
      <trkpt lat="47.12174833" lon="17.77897833">
        <ele>331</ele>
        <time>2025-07-31T16:05:27Z</time>
      </trkpt>
      <trkpt lat="47.12169833" lon="17.77911333">
        <ele>330.3</ele>
        <time>2025-07-31T16:05:28Z</time>
      </trkpt>
      <trkpt lat="47.121655" lon="17.779245">
        <ele>330.5</ele>
        <time>2025-07-31T16:05:29Z</time>
      </trkpt>
      <trkpt lat="47.12161" lon="17.77937333">
        <ele>330.6</ele>
        <time>2025-07-31T16:05:30Z</time>
      </trkpt>
      <trkpt lat="47.12157667" lon="17.779505">
        <ele>330.8</ele>
        <time>2025-07-31T16:05:31Z</time>
      </trkpt>
      <trkpt lat="47.12154833" lon="17.779635">
        <ele>331</ele>
        <time>2025-07-31T16:05:32Z</time>
      </trkpt>
      <trkpt lat="47.12155333" lon="17.77976667">
        <ele>330.1</ele>
        <time>2025-07-31T16:05:33Z</time>
      </trkpt>
      <trkpt lat="47.12157167" lon="17.77989833">
        <ele>329.2</ele>
        <time>2025-07-31T16:05:34Z</time>
      </trkpt>
      <trkpt lat="47.12160333" lon="17.78002833">
        <ele>329</ele>
        <time>2025-07-31T16:05:35Z</time>
      </trkpt>
      <trkpt lat="47.12166833" lon="17.78013333">
        <ele>328.7</ele>
        <time>2025-07-31T16:05:36Z</time>
      </trkpt>
      <trkpt lat="47.121745" lon="17.78023333">
        <ele>328.8</ele>
        <time>2025-07-31T16:05:37Z</time>
      </trkpt>
      <trkpt lat="47.12182667" lon="17.78032">
        <ele>330</ele>
        <time>2025-07-31T16:05:38Z</time>
      </trkpt>
      <trkpt lat="47.121915" lon="17.78041">
        <ele>329.7</ele>
        <time>2025-07-31T16:05:39Z</time>
      </trkpt>
      <trkpt lat="47.122015" lon="17.78047833">
        <ele>329.4</ele>
        <time>2025-07-31T16:05:40Z</time>
      </trkpt>
      <trkpt lat="47.12210833" lon="17.78055667">
        <ele>330.1</ele>
        <time>2025-07-31T16:05:41Z</time>
      </trkpt>
      <trkpt lat="47.12220167" lon="17.78063333">
        <ele>330.4</ele>
        <time>2025-07-31T16:05:42Z</time>
      </trkpt>
      <trkpt lat="47.12228833" lon="17.78071667">
        <ele>331.3</ele>
        <time>2025-07-31T16:05:43Z</time>
      </trkpt>
      <trkpt lat="47.12236667" lon="17.78080833">
        <ele>332</ele>
        <time>2025-07-31T16:05:44Z</time>
      </trkpt>
      <trkpt lat="47.12245" lon="17.78091167">
        <ele>331.9</ele>
        <time>2025-07-31T16:05:45Z</time>
      </trkpt>
      <trkpt lat="47.12252833" lon="17.781025">
        <ele>332.3</ele>
        <time>2025-07-31T16:05:46Z</time>
      </trkpt>
      <trkpt lat="47.12260167" lon="17.78114667">
        <ele>332.9</ele>
        <time>2025-07-31T16:05:47Z</time>
      </trkpt>
      <trkpt lat="47.12266" lon="17.78129333">
        <ele>334</ele>
        <time>2025-07-31T16:05:48Z</time>
      </trkpt>
      <trkpt lat="47.122705" lon="17.78145">
        <ele>334.2</ele>
        <time>2025-07-31T16:05:49Z</time>
      </trkpt>
      <trkpt lat="47.12273667" lon="17.78161667">
        <ele>334.7</ele>
        <time>2025-07-31T16:05:50Z</time>
      </trkpt>
      <trkpt lat="47.12276333" lon="17.78177667">
        <ele>335.1</ele>
        <time>2025-07-31T16:05:51Z</time>
      </trkpt>
      <trkpt lat="47.12278" lon="17.78192833">
        <ele>334.4</ele>
        <time>2025-07-31T16:05:52Z</time>
      </trkpt>
      <trkpt lat="47.12279833" lon="17.78208167">
        <ele>333.6</ele>
        <time>2025-07-31T16:05:53Z</time>
      </trkpt>
      <trkpt lat="47.12281833" lon="17.78223833">
        <ele>333</ele>
        <time>2025-07-31T16:05:54Z</time>
      </trkpt>
      <trkpt lat="47.12284167" lon="17.78238833">
        <ele>333.1</ele>
        <time>2025-07-31T16:05:55Z</time>
      </trkpt>
      <trkpt lat="47.12285333" lon="17.78254167">
        <ele>332.2</ele>
        <time>2025-07-31T16:05:56Z</time>
      </trkpt>
      <trkpt lat="47.12285833" lon="17.7827">
        <ele>331</ele>
        <time>2025-07-31T16:05:57Z</time>
      </trkpt>
      <trkpt lat="47.12284667" lon="17.78285333">
        <ele>330.5</ele>
        <time>2025-07-31T16:05:58Z</time>
      </trkpt>
      <trkpt lat="47.12282333" lon="17.78301">
        <ele>330.2</ele>
        <time>2025-07-31T16:05:59Z</time>
      </trkpt>
      <trkpt lat="47.122785" lon="17.78316667">
        <ele>330.5</ele>
        <time>2025-07-31T16:06:00Z</time>
      </trkpt>
      <trkpt lat="47.122725" lon="17.78330333">
        <ele>331.1</ele>
        <time>2025-07-31T16:06:01Z</time>
      </trkpt>
      <trkpt lat="47.12265333" lon="17.78342833">
        <ele>331.9</ele>
        <time>2025-07-31T16:06:02Z</time>
      </trkpt>
      <trkpt lat="47.12257333" lon="17.783555">
        <ele>332.8</ele>
        <time>2025-07-31T16:06:03Z</time>
      </trkpt>
      <trkpt lat="47.12248333" lon="17.783675">
        <ele>332.8</ele>
        <time>2025-07-31T16:06:04Z</time>
      </trkpt>
      <trkpt lat="47.12239167" lon="17.78378667">
        <ele>332.4</ele>
        <time>2025-07-31T16:06:05Z</time>
      </trkpt>
      <trkpt lat="47.12231" lon="17.78390333">
        <ele>333</ele>
        <time>2025-07-31T16:06:06Z</time>
      </trkpt>
      <trkpt lat="47.122225" lon="17.78402833">
        <ele>333.5</ele>
        <time>2025-07-31T16:06:07Z</time>
      </trkpt>
      <trkpt lat="47.12215667" lon="17.78417333">
        <ele>333.6</ele>
        <time>2025-07-31T16:06:08Z</time>
      </trkpt>
      <trkpt lat="47.12209833" lon="17.78431667">
        <ele>333.8</ele>
        <time>2025-07-31T16:06:09Z</time>
      </trkpt>
      <trkpt lat="47.12204667" lon="17.78445833">
        <ele>334.2</ele>
        <time>2025-07-31T16:06:10Z</time>
      </trkpt>
      <trkpt lat="47.12200333" lon="17.78459333">
        <ele>334.8</ele>
        <time>2025-07-31T16:06:11Z</time>
      </trkpt>
      <trkpt lat="47.12197" lon="17.78474333">
        <ele>335.8</ele>
        <time>2025-07-31T16:06:12Z</time>
      </trkpt>
      <trkpt lat="47.12194333" lon="17.78488667">
        <ele>335.6</ele>
        <time>2025-07-31T16:06:13Z</time>
      </trkpt>
      <trkpt lat="47.121945" lon="17.78502333">
        <ele>336.4</ele>
        <time>2025-07-31T16:06:14Z</time>
      </trkpt>
      <trkpt lat="47.12193833" lon="17.78517167">
        <ele>337.5</ele>
        <time>2025-07-31T16:06:15Z</time>
      </trkpt>
      <trkpt lat="47.12196667" lon="17.78542833">
        <ele>337.3</ele>
        <time>2025-07-31T16:06:17Z</time>
      </trkpt>
      <trkpt lat="47.12198667" lon="17.78557667">
        <ele>337.4</ele>
        <time>2025-07-31T16:06:18Z</time>
      </trkpt>
      <trkpt lat="47.12201667" lon="17.78571667">
        <ele>337.7</ele>
        <time>2025-07-31T16:06:19Z</time>
      </trkpt>
      <trkpt lat="47.12205333" lon="17.78586167">
        <ele>337.3</ele>
        <time>2025-07-31T16:06:20Z</time>
      </trkpt>
      <trkpt lat="47.12209833" lon="17.78601167">
        <ele>337.3</ele>
        <time>2025-07-31T16:06:21Z</time>
      </trkpt>
      <trkpt lat="47.12215167" lon="17.78616833">
        <ele>337.4</ele>
        <time>2025-07-31T16:06:22Z</time>
      </trkpt>
      <trkpt lat="47.12220167" lon="17.78633333">
        <ele>337.1</ele>
        <time>2025-07-31T16:06:23Z</time>
      </trkpt>
      <trkpt lat="47.12226" lon="17.78648333">
        <ele>338.1</ele>
        <time>2025-07-31T16:06:24Z</time>
      </trkpt>
      <trkpt lat="47.12231333" lon="17.78663333">
        <ele>338.3</ele>
        <time>2025-07-31T16:06:25Z</time>
      </trkpt>
      <trkpt lat="47.12236833" lon="17.786785">
        <ele>338.6</ele>
        <time>2025-07-31T16:06:26Z</time>
      </trkpt>
      <trkpt lat="47.12242" lon="17.78693">
        <ele>339</ele>
        <time>2025-07-31T16:06:27Z</time>
      </trkpt>
      <trkpt lat="47.12247" lon="17.78706833">
        <ele>339.9</ele>
        <time>2025-07-31T16:06:28Z</time>
      </trkpt>
      <trkpt lat="47.12252" lon="17.7872">
        <ele>339.4</ele>
        <time>2025-07-31T16:06:29Z</time>
      </trkpt>
      <trkpt lat="47.12256667" lon="17.78733167">
        <ele>339.4</ele>
        <time>2025-07-31T16:06:30Z</time>
      </trkpt>
      <trkpt lat="47.12260667" lon="17.78747">
        <ele>339.2</ele>
        <time>2025-07-31T16:06:31Z</time>
      </trkpt>
      <trkpt lat="47.12262667" lon="17.78760667">
        <ele>339.3</ele>
        <time>2025-07-31T16:06:32Z</time>
      </trkpt>
      <trkpt lat="47.12262667" lon="17.78774333">
        <ele>339.8</ele>
        <time>2025-07-31T16:06:33Z</time>
      </trkpt>
      <trkpt lat="47.12258167" lon="17.78798833">
        <ele>340.1</ele>
        <time>2025-07-31T16:06:35Z</time>
      </trkpt>
      <trkpt lat="47.12255667" lon="17.78813333">
        <ele>340.3</ele>
        <time>2025-07-31T16:06:36Z</time>
      </trkpt>
      <trkpt lat="47.122525" lon="17.78827333">
        <ele>341.1</ele>
        <time>2025-07-31T16:06:37Z</time>
      </trkpt>
      <trkpt lat="47.12249" lon="17.78841333">
        <ele>341.8</ele>
        <time>2025-07-31T16:06:38Z</time>
      </trkpt>
      <trkpt lat="47.12246" lon="17.78854333">
        <ele>341.1</ele>
        <time>2025-07-31T16:06:39Z</time>
      </trkpt>
      <trkpt lat="47.12242667" lon="17.78868">
        <ele>341.2</ele>
        <time>2025-07-31T16:06:40Z</time>
      </trkpt>
      <trkpt lat="47.12239" lon="17.78881667">
        <ele>341.4</ele>
        <time>2025-07-31T16:06:41Z</time>
      </trkpt>
      <trkpt lat="47.122355" lon="17.78896">
        <ele>341.8</ele>
        <time>2025-07-31T16:06:42Z</time>
      </trkpt>
      <trkpt lat="47.122315" lon="17.789105">
        <ele>341.4</ele>
        <time>2025-07-31T16:06:43Z</time>
      </trkpt>
      <trkpt lat="47.12227667" lon="17.78924833">
        <ele>342</ele>
        <time>2025-07-31T16:06:44Z</time>
      </trkpt>
      <trkpt lat="47.122235" lon="17.78938333">
        <ele>342.7</ele>
        <time>2025-07-31T16:06:45Z</time>
      </trkpt>
      <trkpt lat="47.12219667" lon="17.78952167">
        <ele>344</ele>
        <time>2025-07-31T16:06:46Z</time>
      </trkpt>
      <trkpt lat="47.122165" lon="17.78966667">
        <ele>344.4</ele>
        <time>2025-07-31T16:06:47Z</time>
      </trkpt>
      <trkpt lat="47.12213333" lon="17.78981333">
        <ele>345.7</ele>
        <time>2025-07-31T16:06:48Z</time>
      </trkpt>
      <trkpt lat="47.12210333" lon="17.789975">
        <ele>346.2</ele>
        <time>2025-07-31T16:06:49Z</time>
      </trkpt>
      <trkpt lat="47.12208167" lon="17.79012167">
        <ele>346.8</ele>
        <time>2025-07-31T16:06:50Z</time>
      </trkpt>
      <trkpt lat="47.12206333" lon="17.79027167">
        <ele>347.1</ele>
        <time>2025-07-31T16:06:51Z</time>
      </trkpt>
      <trkpt lat="47.12205" lon="17.79044167">
        <ele>348.6</ele>
        <time>2025-07-31T16:06:52Z</time>
      </trkpt>
      <trkpt lat="47.12203833" lon="17.79061333">
        <ele>348</ele>
        <time>2025-07-31T16:06:53Z</time>
      </trkpt>
      <trkpt lat="47.12203333" lon="17.79078667">
        <ele>347.5</ele>
        <time>2025-07-31T16:06:54Z</time>
      </trkpt>
      <trkpt lat="47.12203333" lon="17.79096333">
        <ele>347.2</ele>
        <time>2025-07-31T16:06:55Z</time>
      </trkpt>
      <trkpt lat="47.12202333" lon="17.791145">
        <ele>347.8</ele>
        <time>2025-07-31T16:06:56Z</time>
      </trkpt>
      <trkpt lat="47.12202667" lon="17.79132167">
        <ele>347.9</ele>
        <time>2025-07-31T16:06:57Z</time>
      </trkpt>
      <trkpt lat="47.12202333" lon="17.79148833">
        <ele>348.7</ele>
        <time>2025-07-31T16:06:58Z</time>
      </trkpt>
      <trkpt lat="47.12201833" lon="17.79165167">
        <ele>348.9</ele>
        <time>2025-07-31T16:06:59Z</time>
      </trkpt>
      <trkpt lat="47.12201" lon="17.791825">
        <ele>349.5</ele>
        <time>2025-07-31T16:07:00Z</time>
      </trkpt>
      <trkpt lat="47.12200167" lon="17.79197333">
        <ele>351.1</ele>
        <time>2025-07-31T16:07:01Z</time>
      </trkpt>
      <trkpt lat="47.12199167" lon="17.79215333">
        <ele>350.8</ele>
        <time>2025-07-31T16:07:02Z</time>
      </trkpt>
      <trkpt lat="47.12198667" lon="17.79231833">
        <ele>351.1</ele>
        <time>2025-07-31T16:07:03Z</time>
      </trkpt>
      <trkpt lat="47.12198" lon="17.792495">
        <ele>350.7</ele>
        <time>2025-07-31T16:07:04Z</time>
      </trkpt>
      <trkpt lat="47.12195333" lon="17.792665">
        <ele>351.7</ele>
        <time>2025-07-31T16:07:05Z</time>
      </trkpt>
      <trkpt lat="47.12193833" lon="17.79284">
        <ele>353.6</ele>
        <time>2025-07-31T16:07:06Z</time>
      </trkpt>
      <trkpt lat="47.12193167" lon="17.793025">
        <ele>355.7</ele>
        <time>2025-07-31T16:07:07Z</time>
      </trkpt>
      <trkpt lat="47.12191" lon="17.79321833">
        <ele>359.2</ele>
        <time>2025-07-31T16:07:08Z</time>
      </trkpt>
      <trkpt lat="47.121905" lon="17.79341333">
        <ele>360.2</ele>
        <time>2025-07-31T16:07:09Z</time>
      </trkpt>
      <trkpt lat="47.12190333" lon="17.79362167">
        <ele>359.1</ele>
        <time>2025-07-31T16:07:10Z</time>
      </trkpt>
      <trkpt lat="47.12191667" lon="17.793835">
        <ele>355.9</ele>
        <time>2025-07-31T16:07:11Z</time>
      </trkpt>
      <trkpt lat="47.121925" lon="17.79405167">
        <ele>353.7</ele>
        <time>2025-07-31T16:07:12Z</time>
      </trkpt>
      <trkpt lat="47.12192167" lon="17.794265">
        <ele>352.8</ele>
        <time>2025-07-31T16:07:13Z</time>
      </trkpt>
      <trkpt lat="47.12191" lon="17.794485">
        <ele>351.7</ele>
        <time>2025-07-31T16:07:14Z</time>
      </trkpt>
      <trkpt lat="47.12190333" lon="17.79471167">
        <ele>349.8</ele>
        <time>2025-07-31T16:07:15Z</time>
      </trkpt>
      <trkpt lat="47.12188167" lon="17.79492833">
        <ele>349.1</ele>
        <time>2025-07-31T16:07:16Z</time>
      </trkpt>
      <trkpt lat="47.121865" lon="17.795165">
        <ele>348.3</ele>
        <time>2025-07-31T16:07:17Z</time>
      </trkpt>
      <trkpt lat="47.12183833" lon="17.79537167">
        <ele>348.5</ele>
        <time>2025-07-31T16:07:18Z</time>
      </trkpt>
      <trkpt lat="47.12181333" lon="17.79560833">
        <ele>349.5</ele>
        <time>2025-07-31T16:07:19Z</time>
      </trkpt>
      <trkpt lat="47.12178" lon="17.795835">
        <ele>350</ele>
        <time>2025-07-31T16:07:20Z</time>
      </trkpt>
      <trkpt lat="47.12172667" lon="17.79607">
        <ele>349.7</ele>
        <time>2025-07-31T16:07:21Z</time>
      </trkpt>
      <trkpt lat="47.12166" lon="17.7963">
        <ele>350.8</ele>
        <time>2025-07-31T16:07:22Z</time>
      </trkpt>
      <trkpt lat="47.12159" lon="17.79653167">
        <ele>349.8</ele>
        <time>2025-07-31T16:07:23Z</time>
      </trkpt>
      <trkpt lat="47.12151" lon="17.79675667">
        <ele>349.4</ele>
        <time>2025-07-31T16:07:24Z</time>
      </trkpt>
      <trkpt lat="47.12141167" lon="17.79697167">
        <ele>350.3</ele>
        <time>2025-07-31T16:07:25Z</time>
      </trkpt>
      <trkpt lat="47.12130333" lon="17.79716667">
        <ele>349.8</ele>
        <time>2025-07-31T16:07:26Z</time>
      </trkpt>
      <trkpt lat="47.12118667" lon="17.79736333">
        <ele>350.2</ele>
        <time>2025-07-31T16:07:27Z</time>
      </trkpt>
      <trkpt lat="47.12106833" lon="17.797545">
        <ele>350.5</ele>
        <time>2025-07-31T16:07:28Z</time>
      </trkpt>
      <trkpt lat="47.120945" lon="17.79771667">
        <ele>350.7</ele>
        <time>2025-07-31T16:07:29Z</time>
      </trkpt>
      <trkpt lat="47.12081167" lon="17.79786667">
        <ele>350.4</ele>
        <time>2025-07-31T16:07:30Z</time>
      </trkpt>
      <trkpt lat="47.12066667" lon="17.79799833">
        <ele>350.2</ele>
        <time>2025-07-31T16:07:31Z</time>
      </trkpt>
      <trkpt lat="47.12051" lon="17.79814667">
        <ele>350.7</ele>
        <time>2025-07-31T16:07:32Z</time>
      </trkpt>
      <trkpt lat="47.12035333" lon="17.79827833">
        <ele>351.8</ele>
        <time>2025-07-31T16:07:33Z</time>
      </trkpt>
      <trkpt lat="47.12019667" lon="17.79839667">
        <ele>351.8</ele>
        <time>2025-07-31T16:07:34Z</time>
      </trkpt>
      <trkpt lat="47.12004167" lon="17.79850167">
        <ele>352.1</ele>
        <time>2025-07-31T16:07:35Z</time>
      </trkpt>
      <trkpt lat="47.11988667" lon="17.79860667">
        <ele>352.8</ele>
        <time>2025-07-31T16:07:36Z</time>
      </trkpt>
      <trkpt lat="47.11973833" lon="17.79873333">
        <ele>353.1</ele>
        <time>2025-07-31T16:07:37Z</time>
      </trkpt>
      <trkpt lat="47.11958333" lon="17.79886167">
        <ele>353.1</ele>
        <time>2025-07-31T16:07:38Z</time>
      </trkpt>
      <trkpt lat="47.11944333" lon="17.799">
        <ele>353</ele>
        <time>2025-07-31T16:07:39Z</time>
      </trkpt>
      <trkpt lat="47.11931167" lon="17.79917">
        <ele>353.2</ele>
        <time>2025-07-31T16:07:40Z</time>
      </trkpt>
      <trkpt lat="47.11919333" lon="17.79934833">
        <ele>354</ele>
        <time>2025-07-31T16:07:41Z</time>
      </trkpt>
      <trkpt lat="47.11908" lon="17.79954833">
        <ele>354.1</ele>
        <time>2025-07-31T16:07:42Z</time>
      </trkpt>
      <trkpt lat="47.11898" lon="17.79975167">
        <ele>354.1</ele>
        <time>2025-07-31T16:07:43Z</time>
      </trkpt>
      <trkpt lat="47.1189" lon="17.79997167">
        <ele>354.6</ele>
        <time>2025-07-31T16:07:44Z</time>
      </trkpt>
      <trkpt lat="47.11883333" lon="17.80020833">
        <ele>355.2</ele>
        <time>2025-07-31T16:07:45Z</time>
      </trkpt>
      <trkpt lat="47.11878667" lon="17.80044833">
        <ele>356.4</ele>
        <time>2025-07-31T16:07:46Z</time>
      </trkpt>
      <trkpt lat="47.11875" lon="17.800685">
        <ele>357.5</ele>
        <time>2025-07-31T16:07:47Z</time>
      </trkpt>
      <trkpt lat="47.11872333" lon="17.80092333">
        <ele>358.8</ele>
        <time>2025-07-31T16:07:48Z</time>
      </trkpt>
      <trkpt lat="47.11872167" lon="17.80116833">
        <ele>359.7</ele>
        <time>2025-07-31T16:07:49Z</time>
      </trkpt>
      <trkpt lat="47.11872833" lon="17.80141">
        <ele>359.7</ele>
        <time>2025-07-31T16:07:50Z</time>
      </trkpt>
      <trkpt lat="47.118745" lon="17.801645">
        <ele>360.4</ele>
        <time>2025-07-31T16:07:51Z</time>
      </trkpt>
      <trkpt lat="47.11878333" lon="17.801875">
        <ele>360.8</ele>
        <time>2025-07-31T16:07:52Z</time>
      </trkpt>
      <trkpt lat="47.11883167" lon="17.80209667">
        <ele>361</ele>
        <time>2025-07-31T16:07:53Z</time>
      </trkpt>
      <trkpt lat="47.11889833" lon="17.802305">
        <ele>361.3</ele>
        <time>2025-07-31T16:07:54Z</time>
      </trkpt>
      <trkpt lat="47.11896833" lon="17.802505">
        <ele>362.4</ele>
        <time>2025-07-31T16:07:55Z</time>
      </trkpt>
      <trkpt lat="47.11903167" lon="17.8027">
        <ele>362.6</ele>
        <time>2025-07-31T16:07:56Z</time>
      </trkpt>
      <trkpt lat="47.11909333" lon="17.80287833">
        <ele>363.2</ele>
        <time>2025-07-31T16:07:57Z</time>
      </trkpt>
      <trkpt lat="47.11916167" lon="17.80305833">
        <ele>363.8</ele>
        <time>2025-07-31T16:07:58Z</time>
      </trkpt>
      <trkpt lat="47.11922833" lon="17.803245">
        <ele>364.3</ele>
        <time>2025-07-31T16:07:59Z</time>
      </trkpt>
      <trkpt lat="47.119295" lon="17.803445">
        <ele>363.6</ele>
        <time>2025-07-31T16:08:00Z</time>
      </trkpt>
      <trkpt lat="47.11936167" lon="17.80364167">
        <ele>362.4</ele>
        <time>2025-07-31T16:08:01Z</time>
      </trkpt>
      <trkpt lat="47.11942833" lon="17.803835">
        <ele>362</ele>
        <time>2025-07-31T16:08:02Z</time>
      </trkpt>
      <trkpt lat="47.11948833" lon="17.80402167">
        <ele>362.4</ele>
        <time>2025-07-31T16:08:03Z</time>
      </trkpt>
      <trkpt lat="47.11955167" lon="17.804215">
        <ele>361.4</ele>
        <time>2025-07-31T16:08:04Z</time>
      </trkpt>
      <trkpt lat="47.11961167" lon="17.80442167">
        <ele>360.8</ele>
        <time>2025-07-31T16:08:05Z</time>
      </trkpt>
      <trkpt lat="47.11965667" lon="17.80462">
        <ele>360</ele>
        <time>2025-07-31T16:08:06Z</time>
      </trkpt>
      <trkpt lat="47.1197" lon="17.80483333">
        <ele>358.9</ele>
        <time>2025-07-31T16:08:07Z</time>
      </trkpt>
      <trkpt lat="47.119735" lon="17.80505667">
        <ele>357.6</ele>
        <time>2025-07-31T16:08:08Z</time>
      </trkpt>
      <trkpt lat="47.11975667" lon="17.80529">
        <ele>355.5</ele>
        <time>2025-07-31T16:08:09Z</time>
      </trkpt>
      <trkpt lat="47.11976167" lon="17.805515">
        <ele>353.8</ele>
        <time>2025-07-31T16:08:10Z</time>
      </trkpt>
      <trkpt lat="47.11975" lon="17.80574167">
        <ele>352.9</ele>
        <time>2025-07-31T16:08:11Z</time>
      </trkpt>
      <trkpt lat="47.11972833" lon="17.80597333">
        <ele>351.1</ele>
        <time>2025-07-31T16:08:12Z</time>
      </trkpt>
      <trkpt lat="47.11969833" lon="17.80621">
        <ele>350.7</ele>
        <time>2025-07-31T16:08:13Z</time>
      </trkpt>
      <trkpt lat="47.11968167" lon="17.80645667">
        <ele>349.7</ele>
        <time>2025-07-31T16:08:14Z</time>
      </trkpt>
      <trkpt lat="47.11965667" lon="17.80670167">
        <ele>347.8</ele>
        <time>2025-07-31T16:08:15Z</time>
      </trkpt>
      <trkpt lat="47.11964167" lon="17.80695333">
        <ele>345.9</ele>
        <time>2025-07-31T16:08:16Z</time>
      </trkpt>
      <trkpt lat="47.119635" lon="17.80720333">
        <ele>345.3</ele>
        <time>2025-07-31T16:08:17Z</time>
      </trkpt>
      <trkpt lat="47.119625" lon="17.80744833">
        <ele>345.1</ele>
        <time>2025-07-31T16:08:18Z</time>
      </trkpt>
      <trkpt lat="47.11963" lon="17.80768333">
        <ele>344.3</ele>
        <time>2025-07-31T16:08:19Z</time>
      </trkpt>
      <trkpt lat="47.11962667" lon="17.80793667">
        <ele>342.7</ele>
        <time>2025-07-31T16:08:20Z</time>
      </trkpt>
      <trkpt lat="47.11963667" lon="17.80819333">
        <ele>341.3</ele>
        <time>2025-07-31T16:08:21Z</time>
      </trkpt>
      <trkpt lat="47.11965833" lon="17.80844833">
        <ele>340.1</ele>
        <time>2025-07-31T16:08:22Z</time>
      </trkpt>
      <trkpt lat="47.119685" lon="17.80869667">
        <ele>339.2</ele>
        <time>2025-07-31T16:08:23Z</time>
      </trkpt>
      <trkpt lat="47.11971667" lon="17.80896333">
        <ele>338.3</ele>
        <time>2025-07-31T16:08:24Z</time>
      </trkpt>
      <trkpt lat="47.119755" lon="17.80921167">
        <ele>337.3</ele>
        <time>2025-07-31T16:08:25Z</time>
      </trkpt>
      <trkpt lat="47.1198" lon="17.80945667">
        <ele>335.4</ele>
        <time>2025-07-31T16:08:26Z</time>
      </trkpt>
      <trkpt lat="47.11985167" lon="17.80971">
        <ele>333.7</ele>
        <time>2025-07-31T16:08:27Z</time>
      </trkpt>
      <trkpt lat="47.11992167" lon="17.80995167">
        <ele>332.5</ele>
        <time>2025-07-31T16:08:28Z</time>
      </trkpt>
      <trkpt lat="47.119985" lon="17.81020667">
        <ele>331</ele>
        <time>2025-07-31T16:08:29Z</time>
      </trkpt>
      <trkpt lat="47.12004833" lon="17.81044667">
        <ele>329.8</ele>
        <time>2025-07-31T16:08:30Z</time>
      </trkpt>
      <trkpt lat="47.120115" lon="17.810675">
        <ele>328.6</ele>
        <time>2025-07-31T16:08:31Z</time>
      </trkpt>
      <trkpt lat="47.12019167" lon="17.81090167">
        <ele>327.5</ele>
        <time>2025-07-31T16:08:32Z</time>
      </trkpt>
      <trkpt lat="47.12027333" lon="17.81111833">
        <ele>326.3</ele>
        <time>2025-07-31T16:08:33Z</time>
      </trkpt>
      <trkpt lat="47.12035167" lon="17.81131">
        <ele>325.1</ele>
        <time>2025-07-31T16:08:34Z</time>
      </trkpt>
      <trkpt lat="47.12043" lon="17.81149333">
        <ele>324.8</ele>
        <time>2025-07-31T16:08:35Z</time>
      </trkpt>
      <trkpt lat="47.12051167" lon="17.81166833">
        <ele>323.5</ele>
        <time>2025-07-31T16:08:36Z</time>
      </trkpt>
      <trkpt lat="47.120585" lon="17.81184333">
        <ele>323.8</ele>
        <time>2025-07-31T16:08:37Z</time>
      </trkpt>
      <trkpt lat="47.120665" lon="17.81200833">
        <ele>323.1</ele>
        <time>2025-07-31T16:08:38Z</time>
      </trkpt>
      <trkpt lat="47.12075167" lon="17.81216667">
        <ele>323.1</ele>
        <time>2025-07-31T16:08:39Z</time>
      </trkpt>
      <trkpt lat="47.12084" lon="17.81231333">
        <ele>323</ele>
        <time>2025-07-31T16:08:40Z</time>
      </trkpt>
      <trkpt lat="47.12093167" lon="17.812455">
        <ele>323.4</ele>
        <time>2025-07-31T16:08:41Z</time>
      </trkpt>
      <trkpt lat="47.12101833" lon="17.81258833">
        <ele>322.4</ele>
        <time>2025-07-31T16:08:42Z</time>
      </trkpt>
      <trkpt lat="47.12110333" lon="17.81272333">
        <ele>323.3</ele>
        <time>2025-07-31T16:08:43Z</time>
      </trkpt>
      <trkpt lat="47.12118667" lon="17.81286333">
        <ele>323.2</ele>
        <time>2025-07-31T16:08:44Z</time>
      </trkpt>
      <trkpt lat="47.12127167" lon="17.812995">
        <ele>322.6</ele>
        <time>2025-07-31T16:08:45Z</time>
      </trkpt>
      <trkpt lat="47.121355" lon="17.81312">
        <ele>323.2</ele>
        <time>2025-07-31T16:08:46Z</time>
      </trkpt>
      <trkpt lat="47.12143333" lon="17.81324167">
        <ele>324.1</ele>
        <time>2025-07-31T16:08:47Z</time>
      </trkpt>
      <trkpt lat="47.12152167" lon="17.81336">
        <ele>324.1</ele>
        <time>2025-07-31T16:08:48Z</time>
      </trkpt>
      <trkpt lat="47.12161333" lon="17.81349">
        <ele>324.2</ele>
        <time>2025-07-31T16:08:49Z</time>
      </trkpt>
      <trkpt lat="47.12170167" lon="17.81360833">
        <ele>323.9</ele>
        <time>2025-07-31T16:08:50Z</time>
      </trkpt>
      <trkpt lat="47.12178" lon="17.81373">
        <ele>323.5</ele>
        <time>2025-07-31T16:08:51Z</time>
      </trkpt>
      <trkpt lat="47.12185833" lon="17.813865">
        <ele>323.3</ele>
        <time>2025-07-31T16:08:52Z</time>
      </trkpt>
      <trkpt lat="47.12194167" lon="17.81398833">
        <ele>322.9</ele>
        <time>2025-07-31T16:08:53Z</time>
      </trkpt>
      <trkpt lat="47.12202333" lon="17.81411333">
        <ele>322.7</ele>
        <time>2025-07-31T16:08:54Z</time>
      </trkpt>
      <trkpt lat="47.1221" lon="17.81422667">
        <ele>322.5</ele>
        <time>2025-07-31T16:08:55Z</time>
      </trkpt>
      <trkpt lat="47.12217167" lon="17.81433833">
        <ele>322.6</ele>
        <time>2025-07-31T16:08:56Z</time>
      </trkpt>
      <trkpt lat="47.12222333" lon="17.81445333">
        <ele>322.1</ele>
        <time>2025-07-31T16:08:57Z</time>
      </trkpt>
      <trkpt lat="47.12228" lon="17.81464167">
        <ele>320.9</ele>
        <time>2025-07-31T16:08:59Z</time>
      </trkpt>
      <trkpt lat="47.12232167" lon="17.81477833">
        <ele>319.5</ele>
        <time>2025-07-31T16:09:01Z</time>
      </trkpt>
      <trkpt lat="47.12236833" lon="17.814905">
        <ele>318.7</ele>
        <time>2025-07-31T16:09:05Z</time>
      </trkpt>
      <trkpt lat="47.12244833" lon="17.81506">
        <ele>317.6</ele>
        <time>2025-07-31T16:09:51Z</time>
      </trkpt>
      <trkpt lat="47.12251167" lon="17.81522167">
        <ele>318.1</ele>
        <time>2025-07-31T16:09:54Z</time>
      </trkpt>
      <trkpt lat="47.12255333" lon="17.81539">
        <ele>318.5</ele>
        <time>2025-07-31T16:09:56Z</time>
      </trkpt>
      <trkpt lat="47.12259833" lon="17.81560333">
        <ele>318.8</ele>
        <time>2025-07-31T16:09:58Z</time>
      </trkpt>
      <trkpt lat="47.12264167" lon="17.815835">
        <ele>318.4</ele>
        <time>2025-07-31T16:10:00Z</time>
      </trkpt>
      <trkpt lat="47.12267" lon="17.816095">
        <ele>319.3</ele>
        <time>2025-07-31T16:10:02Z</time>
      </trkpt>
      <trkpt lat="47.12268667" lon="17.81622667">
        <ele>319.5</ele>
        <time>2025-07-31T16:10:03Z</time>
      </trkpt>
      <trkpt lat="47.12269833" lon="17.81637667">
        <ele>319.7</ele>
        <time>2025-07-31T16:10:04Z</time>
      </trkpt>
      <trkpt lat="47.12270333" lon="17.816535">
        <ele>320.4</ele>
        <time>2025-07-31T16:10:05Z</time>
      </trkpt>
      <trkpt lat="47.12270333" lon="17.81670167">
        <ele>320.9</ele>
        <time>2025-07-31T16:10:06Z</time>
      </trkpt>
      <trkpt lat="47.12270333" lon="17.81686167">
        <ele>321.5</ele>
        <time>2025-07-31T16:10:07Z</time>
      </trkpt>
      <trkpt lat="47.1227" lon="17.81703167">
        <ele>321.6</ele>
        <time>2025-07-31T16:10:08Z</time>
      </trkpt>
      <trkpt lat="47.122685" lon="17.81720167">
        <ele>320.9</ele>
        <time>2025-07-31T16:10:09Z</time>
      </trkpt>
      <trkpt lat="47.12266667" lon="17.817375">
        <ele>319.6</ele>
        <time>2025-07-31T16:10:10Z</time>
      </trkpt>
      <trkpt lat="47.12263833" lon="17.81755">
        <ele>318.8</ele>
        <time>2025-07-31T16:10:11Z</time>
      </trkpt>
      <trkpt lat="47.12260833" lon="17.81772667">
        <ele>318.1</ele>
        <time>2025-07-31T16:10:12Z</time>
      </trkpt>
      <trkpt lat="47.12258" lon="17.81791">
        <ele>318.7</ele>
        <time>2025-07-31T16:10:13Z</time>
      </trkpt>
      <trkpt lat="47.12255333" lon="17.81809833">
        <ele>318.9</ele>
        <time>2025-07-31T16:10:14Z</time>
      </trkpt>
      <trkpt lat="47.12252667" lon="17.818285">
        <ele>319.5</ele>
        <time>2025-07-31T16:10:15Z</time>
      </trkpt>
      <trkpt lat="47.12250167" lon="17.81848667">
        <ele>320</ele>
        <time>2025-07-31T16:10:16Z</time>
      </trkpt>
      <trkpt lat="47.12246667" lon="17.81869167">
        <ele>320.3</ele>
        <time>2025-07-31T16:10:17Z</time>
      </trkpt>
      <trkpt lat="47.12243333" lon="17.81888833">
        <ele>320</ele>
        <time>2025-07-31T16:10:18Z</time>
      </trkpt>
      <trkpt lat="47.12240333" lon="17.81908167">
        <ele>319.9</ele>
        <time>2025-07-31T16:10:19Z</time>
      </trkpt>
      <trkpt lat="47.12237667" lon="17.81928167">
        <ele>320.7</ele>
        <time>2025-07-31T16:10:20Z</time>
      </trkpt>
      <trkpt lat="47.122345" lon="17.81948667">
        <ele>321.1</ele>
        <time>2025-07-31T16:10:21Z</time>
      </trkpt>
      <trkpt lat="47.12230667" lon="17.81969667">
        <ele>322.4</ele>
        <time>2025-07-31T16:10:22Z</time>
      </trkpt>
      <trkpt lat="47.12228" lon="17.81990167">
        <ele>323</ele>
        <time>2025-07-31T16:10:23Z</time>
      </trkpt>
      <trkpt lat="47.12224333" lon="17.8201">
        <ele>323</ele>
        <time>2025-07-31T16:10:24Z</time>
      </trkpt>
      <trkpt lat="47.12220667" lon="17.82030167">
        <ele>322.9</ele>
        <time>2025-07-31T16:10:25Z</time>
      </trkpt>
      <trkpt lat="47.12217667" lon="17.82050667">
        <ele>323.7</ele>
        <time>2025-07-31T16:10:26Z</time>
      </trkpt>
      <trkpt lat="47.12214333" lon="17.820715">
        <ele>323.8</ele>
        <time>2025-07-31T16:10:27Z</time>
      </trkpt>
      <trkpt lat="47.12211667" lon="17.820915">
        <ele>324.7</ele>
        <time>2025-07-31T16:10:28Z</time>
      </trkpt>
      <trkpt lat="47.12208167" lon="17.82112">
        <ele>325.2</ele>
        <time>2025-07-31T16:10:29Z</time>
      </trkpt>
      <trkpt lat="47.12204833" lon="17.82132">
        <ele>325.6</ele>
        <time>2025-07-31T16:10:30Z</time>
      </trkpt>
      <trkpt lat="47.12201" lon="17.82151833">
        <ele>325.2</ele>
        <time>2025-07-31T16:10:31Z</time>
      </trkpt>
      <trkpt lat="47.12198" lon="17.82171667">
        <ele>325.6</ele>
        <time>2025-07-31T16:10:32Z</time>
      </trkpt>
      <trkpt lat="47.121955" lon="17.82191833">
        <ele>325.9</ele>
        <time>2025-07-31T16:10:33Z</time>
      </trkpt>
      <trkpt lat="47.12192833" lon="17.82211833">
        <ele>326.6</ele>
        <time>2025-07-31T16:10:34Z</time>
      </trkpt>
      <trkpt lat="47.12190167" lon="17.82233">
        <ele>327.2</ele>
        <time>2025-07-31T16:10:35Z</time>
      </trkpt>
      <trkpt lat="47.12187333" lon="17.82253">
        <ele>328</ele>
        <time>2025-07-31T16:10:36Z</time>
      </trkpt>
      <trkpt lat="47.12183667" lon="17.82272167">
        <ele>328.7</ele>
        <time>2025-07-31T16:10:37Z</time>
      </trkpt>
      <trkpt lat="47.12180333" lon="17.82291">
        <ele>329.2</ele>
        <time>2025-07-31T16:10:38Z</time>
      </trkpt>
      <trkpt lat="47.12177" lon="17.82311">
        <ele>329.6</ele>
        <time>2025-07-31T16:10:39Z</time>
      </trkpt>
      <trkpt lat="47.121745" lon="17.82330833">
        <ele>329.7</ele>
        <time>2025-07-31T16:10:40Z</time>
      </trkpt>
      <trkpt lat="47.12171333" lon="17.82352">
        <ele>329.4</ele>
        <time>2025-07-31T16:10:41Z</time>
      </trkpt>
      <trkpt lat="47.12166833" lon="17.82373167">
        <ele>329.2</ele>
        <time>2025-07-31T16:10:42Z</time>
      </trkpt>
      <trkpt lat="47.12162333" lon="17.82394333">
        <ele>329.2</ele>
        <time>2025-07-31T16:10:43Z</time>
      </trkpt>
      <trkpt lat="47.12158667" lon="17.82416667">
        <ele>330.1</ele>
        <time>2025-07-31T16:10:44Z</time>
      </trkpt>
      <trkpt lat="47.12155333" lon="17.82439167">
        <ele>330.4</ele>
        <time>2025-07-31T16:10:45Z</time>
      </trkpt>
      <trkpt lat="47.12151667" lon="17.82461">
        <ele>329.2</ele>
        <time>2025-07-31T16:10:46Z</time>
      </trkpt>
      <trkpt lat="47.12148833" lon="17.82483167">
        <ele>329</ele>
        <time>2025-07-31T16:10:47Z</time>
      </trkpt>
      <trkpt lat="47.12145667" lon="17.82505833">
        <ele>328.8</ele>
        <time>2025-07-31T16:10:48Z</time>
      </trkpt>
      <trkpt lat="47.12142333" lon="17.82528333">
        <ele>329.2</ele>
        <time>2025-07-31T16:10:49Z</time>
      </trkpt>
      <trkpt lat="47.12137667" lon="17.82551667">
        <ele>330.2</ele>
        <time>2025-07-31T16:10:50Z</time>
      </trkpt>
      <trkpt lat="47.12133167" lon="17.825745">
        <ele>331.8</ele>
        <time>2025-07-31T16:10:51Z</time>
      </trkpt>
      <trkpt lat="47.121285" lon="17.82597333">
        <ele>330.8</ele>
        <time>2025-07-31T16:10:52Z</time>
      </trkpt>
      <trkpt lat="47.121255" lon="17.82620333">
        <ele>330.3</ele>
        <time>2025-07-31T16:10:53Z</time>
      </trkpt>
      <trkpt lat="47.121225" lon="17.82643167">
        <ele>330.8</ele>
        <time>2025-07-31T16:10:54Z</time>
      </trkpt>
      <trkpt lat="47.12119167" lon="17.826665">
        <ele>331.3</ele>
        <time>2025-07-31T16:10:55Z</time>
      </trkpt>
      <trkpt lat="47.121155" lon="17.82689833">
        <ele>331.4</ele>
        <time>2025-07-31T16:10:56Z</time>
      </trkpt>
      <trkpt lat="47.12112833" lon="17.82712">
        <ele>330.9</ele>
        <time>2025-07-31T16:10:57Z</time>
      </trkpt>
      <trkpt lat="47.12110167" lon="17.82734">
        <ele>329.7</ele>
        <time>2025-07-31T16:10:58Z</time>
      </trkpt>
      <trkpt lat="47.12107333" lon="17.827555">
        <ele>328.6</ele>
        <time>2025-07-31T16:10:59Z</time>
      </trkpt>
      <trkpt lat="47.12104167" lon="17.82777167">
        <ele>328</ele>
        <time>2025-07-31T16:11:00Z</time>
      </trkpt>
      <trkpt lat="47.12101" lon="17.82796667">
        <ele>328</ele>
        <time>2025-07-31T16:11:01Z</time>
      </trkpt>
      <trkpt lat="47.12096667" lon="17.828175">
        <ele>327.4</ele>
        <time>2025-07-31T16:11:02Z</time>
      </trkpt>
      <trkpt lat="47.120915" lon="17.82837333">
        <ele>326.3</ele>
        <time>2025-07-31T16:11:03Z</time>
      </trkpt>
      <trkpt lat="47.12084667" lon="17.82855333">
        <ele>325.1</ele>
        <time>2025-07-31T16:11:04Z</time>
      </trkpt>
      <trkpt lat="47.12076667" lon="17.828725">
        <ele>326</ele>
        <time>2025-07-31T16:11:05Z</time>
      </trkpt>
      <trkpt lat="47.12065833" lon="17.82888">
        <ele>324.9</ele>
        <time>2025-07-31T16:11:06Z</time>
      </trkpt>
      <trkpt lat="47.12053167" lon="17.82903833">
        <ele>324.5</ele>
        <time>2025-07-31T16:11:07Z</time>
      </trkpt>
      <trkpt lat="47.120405" lon="17.82919333">
        <ele>324.8</ele>
        <time>2025-07-31T16:11:08Z</time>
      </trkpt>
      <trkpt lat="47.12027" lon="17.829335">
        <ele>325.2</ele>
        <time>2025-07-31T16:11:09Z</time>
      </trkpt>
      <trkpt lat="47.12012667" lon="17.82948167">
        <ele>324.4</ele>
        <time>2025-07-31T16:11:10Z</time>
      </trkpt>
      <trkpt lat="47.11999" lon="17.82962333">
        <ele>323.7</ele>
        <time>2025-07-31T16:11:11Z</time>
      </trkpt>
      <trkpt lat="47.11986667" lon="17.82977">
        <ele>324.1</ele>
        <time>2025-07-31T16:11:12Z</time>
      </trkpt>
      <trkpt lat="47.11975667" lon="17.82999333">
        <ele>317.2</ele>
        <time>2025-07-31T16:11:13Z</time>
      </trkpt>
      <trkpt lat="47.11965167" lon="17.83019333">
        <ele>317.9</ele>
        <time>2025-07-31T16:11:14Z</time>
      </trkpt>
      <trkpt lat="47.119585" lon="17.830395">
        <ele>319</ele>
        <time>2025-07-31T16:11:15Z</time>
      </trkpt>
      <trkpt lat="47.119545" lon="17.83061167">
        <ele>320</ele>
        <time>2025-07-31T16:11:16Z</time>
      </trkpt>
      <trkpt lat="47.11952" lon="17.83084333">
        <ele>321.6</ele>
        <time>2025-07-31T16:11:17Z</time>
      </trkpt>
      <trkpt lat="47.11951667" lon="17.83107167">
        <ele>322.1</ele>
        <time>2025-07-31T16:11:18Z</time>
      </trkpt>
      <trkpt lat="47.11954167" lon="17.83129333">
        <ele>321.5</ele>
        <time>2025-07-31T16:11:19Z</time>
      </trkpt>
      <trkpt lat="47.11958" lon="17.83150167">
        <ele>322.6</ele>
        <time>2025-07-31T16:11:20Z</time>
      </trkpt>
      <trkpt lat="47.11964333" lon="17.83171">
        <ele>323</ele>
        <time>2025-07-31T16:11:21Z</time>
      </trkpt>
      <trkpt lat="47.11972833" lon="17.83190667">
        <ele>324.1</ele>
        <time>2025-07-31T16:11:22Z</time>
      </trkpt>
      <trkpt lat="47.11981167" lon="17.83211167">
        <ele>324.6</ele>
        <time>2025-07-31T16:11:23Z</time>
      </trkpt>
      <trkpt lat="47.11987667" lon="17.83230167">
        <ele>326.3</ele>
        <time>2025-07-31T16:11:24Z</time>
      </trkpt>
      <trkpt lat="47.11994" lon="17.83252167">
        <ele>326.2</ele>
        <time>2025-07-31T16:11:25Z</time>
      </trkpt>
      <trkpt lat="47.11998833" lon="17.83275833">
        <ele>326</ele>
        <time>2025-07-31T16:11:26Z</time>
      </trkpt>
      <trkpt lat="47.12001333" lon="17.83297833">
        <ele>325.7</ele>
        <time>2025-07-31T16:11:27Z</time>
      </trkpt>
      <trkpt lat="47.12002333" lon="17.83322833">
        <ele>324.4</ele>
        <time>2025-07-31T16:11:28Z</time>
      </trkpt>
      <trkpt lat="47.12001333" lon="17.833475">
        <ele>324.3</ele>
        <time>2025-07-31T16:11:29Z</time>
      </trkpt>
      <trkpt lat="47.119985" lon="17.83372333">
        <ele>324.1</ele>
        <time>2025-07-31T16:11:30Z</time>
      </trkpt>
      <trkpt lat="47.119955" lon="17.83398167">
        <ele>324</ele>
        <time>2025-07-31T16:11:31Z</time>
      </trkpt>
      <trkpt lat="47.11992333" lon="17.834225">
        <ele>325.6</ele>
        <time>2025-07-31T16:11:32Z</time>
      </trkpt>
      <trkpt lat="47.11989333" lon="17.83448333">
        <ele>326.1</ele>
        <time>2025-07-31T16:11:33Z</time>
      </trkpt>
      <trkpt lat="47.119855" lon="17.83474667">
        <ele>326.6</ele>
        <time>2025-07-31T16:11:34Z</time>
      </trkpt>
      <trkpt lat="47.119815" lon="17.83501667">
        <ele>327</ele>
        <time>2025-07-31T16:11:35Z</time>
      </trkpt>
      <trkpt lat="47.119775" lon="17.83528167">
        <ele>327.7</ele>
        <time>2025-07-31T16:11:36Z</time>
      </trkpt>
      <trkpt lat="47.11973667" lon="17.83554333">
        <ele>327.1</ele>
        <time>2025-07-31T16:11:37Z</time>
      </trkpt>
      <trkpt lat="47.11968833" lon="17.83581833">
        <ele>327.2</ele>
        <time>2025-07-31T16:11:38Z</time>
      </trkpt>
      <trkpt lat="47.11964" lon="17.83608667">
        <ele>326.9</ele>
        <time>2025-07-31T16:11:39Z</time>
      </trkpt>
      <trkpt lat="47.11958167" lon="17.83636167">
        <ele>327</ele>
        <time>2025-07-31T16:11:40Z</time>
      </trkpt>
      <trkpt lat="47.11952333" lon="17.83664333">
        <ele>325.2</ele>
        <time>2025-07-31T16:11:41Z</time>
      </trkpt>
      <trkpt lat="47.11946" lon="17.836925">
        <ele>325.6</ele>
        <time>2025-07-31T16:11:42Z</time>
      </trkpt>
      <trkpt lat="47.11938333" lon="17.83720333">
        <ele>325.2</ele>
        <time>2025-07-31T16:11:43Z</time>
      </trkpt>
      <trkpt lat="47.119305" lon="17.83748167">
        <ele>324.5</ele>
        <time>2025-07-31T16:11:44Z</time>
      </trkpt>
      <trkpt lat="47.11922333" lon="17.83775333">
        <ele>324</ele>
        <time>2025-07-31T16:11:45Z</time>
      </trkpt>
      <trkpt lat="47.11914333" lon="17.83802833">
        <ele>323.9</ele>
        <time>2025-07-31T16:11:46Z</time>
      </trkpt>
      <trkpt lat="47.11905667" lon="17.83830333">
        <ele>324</ele>
        <time>2025-07-31T16:11:47Z</time>
      </trkpt>
      <trkpt lat="47.11896667" lon="17.83854833">
        <ele>324.8</ele>
        <time>2025-07-31T16:11:48Z</time>
      </trkpt>
      <trkpt lat="47.11886333" lon="17.83880667">
        <ele>324.3</ele>
        <time>2025-07-31T16:11:49Z</time>
      </trkpt>
      <trkpt lat="47.11876667" lon="17.83905333">
        <ele>323.6</ele>
        <time>2025-07-31T16:11:50Z</time>
      </trkpt>
      <trkpt lat="47.118655" lon="17.83932167">
        <ele>323.2</ele>
        <time>2025-07-31T16:11:51Z</time>
      </trkpt>
      <trkpt lat="47.118545" lon="17.839565">
        <ele>321.9</ele>
        <time>2025-07-31T16:11:52Z</time>
      </trkpt>
      <trkpt lat="47.11844333" lon="17.83980167">
        <ele>321.4</ele>
        <time>2025-07-31T16:11:53Z</time>
      </trkpt>
      <trkpt lat="47.118335" lon="17.84002333">
        <ele>320.7</ele>
        <time>2025-07-31T16:11:54Z</time>
      </trkpt>
      <trkpt lat="47.11820333" lon="17.84026">
        <ele>320.2</ele>
        <time>2025-07-31T16:11:55Z</time>
      </trkpt>
      <trkpt lat="47.11808333" lon="17.84049667">
        <ele>320.2</ele>
        <time>2025-07-31T16:11:56Z</time>
      </trkpt>
      <trkpt lat="47.11795667" lon="17.84072667">
        <ele>319.2</ele>
        <time>2025-07-31T16:11:57Z</time>
      </trkpt>
      <trkpt lat="47.117825" lon="17.84095333">
        <ele>318.3</ele>
        <time>2025-07-31T16:11:58Z</time>
      </trkpt>
      <trkpt lat="47.11769333" lon="17.84118">
        <ele>316.8</ele>
        <time>2025-07-31T16:11:59Z</time>
      </trkpt>
      <trkpt lat="47.11756833" lon="17.84141">
        <ele>317.8</ele>
        <time>2025-07-31T16:12:00Z</time>
      </trkpt>
      <trkpt lat="47.117435" lon="17.84163167">
        <ele>317.1</ele>
        <time>2025-07-31T16:12:01Z</time>
      </trkpt>
      <trkpt lat="47.11730667" lon="17.84186167">
        <ele>317</ele>
        <time>2025-07-31T16:12:02Z</time>
      </trkpt>
      <trkpt lat="47.11717833" lon="17.84209">
        <ele>317</ele>
        <time>2025-07-31T16:12:03Z</time>
      </trkpt>
      <trkpt lat="47.11705167" lon="17.84231833">
        <ele>317.2</ele>
        <time>2025-07-31T16:12:04Z</time>
      </trkpt>
      <trkpt lat="47.116925" lon="17.84253333">
        <ele>317.8</ele>
        <time>2025-07-31T16:12:05Z</time>
      </trkpt>
      <trkpt lat="47.11680333" lon="17.84275667">
        <ele>318.5</ele>
        <time>2025-07-31T16:12:06Z</time>
      </trkpt>
      <trkpt lat="47.11667667" lon="17.84297667">
        <ele>318.7</ele>
        <time>2025-07-31T16:12:07Z</time>
      </trkpt>
      <trkpt lat="47.11655333" lon="17.843205">
        <ele>319.6</ele>
        <time>2025-07-31T16:12:08Z</time>
      </trkpt>
      <trkpt lat="47.11642167" lon="17.84343">
        <ele>318.9</ele>
        <time>2025-07-31T16:12:09Z</time>
      </trkpt>
      <trkpt lat="47.11629333" lon="17.84364833">
        <ele>318.5</ele>
        <time>2025-07-31T16:12:10Z</time>
      </trkpt>
      <trkpt lat="47.11616833" lon="17.843855">
        <ele>317.9</ele>
        <time>2025-07-31T16:12:11Z</time>
      </trkpt>
      <trkpt lat="47.11603667" lon="17.84407667">
        <ele>317.6</ele>
        <time>2025-07-31T16:12:12Z</time>
      </trkpt>
      <trkpt lat="47.11590667" lon="17.844295">
        <ele>316</ele>
        <time>2025-07-31T16:12:13Z</time>
      </trkpt>
      <trkpt lat="47.11579167" lon="17.84453">
        <ele>314.2</ele>
        <time>2025-07-31T16:12:14Z</time>
      </trkpt>
      <trkpt lat="47.11567" lon="17.84476">
        <ele>314.6</ele>
        <time>2025-07-31T16:12:15Z</time>
      </trkpt>
      <trkpt lat="47.11555333" lon="17.84498833">
        <ele>315.1</ele>
        <time>2025-07-31T16:12:16Z</time>
      </trkpt>
      <trkpt lat="47.11545833" lon="17.84520833">
        <ele>316</ele>
        <time>2025-07-31T16:12:17Z</time>
      </trkpt>
      <trkpt lat="47.11536333" lon="17.845435">
        <ele>315.9</ele>
        <time>2025-07-31T16:12:18Z</time>
      </trkpt>
      <trkpt lat="47.11525333" lon="17.84568333">
        <ele>315.5</ele>
        <time>2025-07-31T16:12:19Z</time>
      </trkpt>
      <trkpt lat="47.115155" lon="17.84594333">
        <ele>315.2</ele>
        <time>2025-07-31T16:12:20Z</time>
      </trkpt>
      <trkpt lat="47.11505833" lon="17.84620667">
        <ele>316.2</ele>
        <time>2025-07-31T16:12:21Z</time>
      </trkpt>
      <trkpt lat="47.11497167" lon="17.84645333">
        <ele>316.4</ele>
        <time>2025-07-31T16:12:22Z</time>
      </trkpt>
      <trkpt lat="47.11488667" lon="17.846705">
        <ele>317</ele>
        <time>2025-07-31T16:12:23Z</time>
      </trkpt>
      <trkpt lat="47.114805" lon="17.84696">
        <ele>316.4</ele>
        <time>2025-07-31T16:12:24Z</time>
      </trkpt>
      <trkpt lat="47.114725" lon="17.8472">
        <ele>313</ele>
        <time>2025-07-31T16:12:25Z</time>
      </trkpt>
      <trkpt lat="47.11464333" lon="17.84744667">
        <ele>311.6</ele>
        <time>2025-07-31T16:12:26Z</time>
      </trkpt>
      <trkpt lat="47.114565" lon="17.847705">
        <ele>311.1</ele>
        <time>2025-07-31T16:12:27Z</time>
      </trkpt>
      <trkpt lat="47.11447167" lon="17.84796833">
        <ele>311.3</ele>
        <time>2025-07-31T16:12:28Z</time>
      </trkpt>
      <trkpt lat="47.11438667" lon="17.84823167">
        <ele>311.4</ele>
        <time>2025-07-31T16:12:29Z</time>
      </trkpt>
      <trkpt lat="47.11430667" lon="17.84848">
        <ele>311.4</ele>
        <time>2025-07-31T16:12:30Z</time>
      </trkpt>
      <trkpt lat="47.114225" lon="17.84872167">
        <ele>311.4</ele>
        <time>2025-07-31T16:12:31Z</time>
      </trkpt>
      <trkpt lat="47.11414833" lon="17.84897167">
        <ele>311.4</ele>
        <time>2025-07-31T16:12:32Z</time>
      </trkpt>
      <trkpt lat="47.11406167" lon="17.84922">
        <ele>310.1</ele>
        <time>2025-07-31T16:12:33Z</time>
      </trkpt>
      <trkpt lat="47.11397833" lon="17.84947">
        <ele>308.7</ele>
        <time>2025-07-31T16:12:34Z</time>
      </trkpt>
      <trkpt lat="47.113895" lon="17.84971333">
        <ele>307.9</ele>
        <time>2025-07-31T16:12:35Z</time>
      </trkpt>
      <trkpt lat="47.11381333" lon="17.849965">
        <ele>307.7</ele>
        <time>2025-07-31T16:12:36Z</time>
      </trkpt>
      <trkpt lat="47.113735" lon="17.85021667">
        <ele>306.6</ele>
        <time>2025-07-31T16:12:37Z</time>
      </trkpt>
      <trkpt lat="47.113655" lon="17.85045833">
        <ele>305.5</ele>
        <time>2025-07-31T16:12:38Z</time>
      </trkpt>
      <trkpt lat="47.11357" lon="17.85069">
        <ele>302.8</ele>
        <time>2025-07-31T16:12:39Z</time>
      </trkpt>
      <trkpt lat="47.11348833" lon="17.85094667">
        <ele>302.5</ele>
        <time>2025-07-31T16:12:40Z</time>
      </trkpt>
      <trkpt lat="47.11340333" lon="17.85119833">
        <ele>302.6</ele>
        <time>2025-07-31T16:12:41Z</time>
      </trkpt>
      <trkpt lat="47.113325" lon="17.85145167">
        <ele>303.3</ele>
        <time>2025-07-31T16:12:42Z</time>
      </trkpt>
      <trkpt lat="47.11324333" lon="17.851705">
        <ele>304.2</ele>
        <time>2025-07-31T16:12:43Z</time>
      </trkpt>
      <trkpt lat="47.11315" lon="17.851955">
        <ele>303.9</ele>
        <time>2025-07-31T16:12:44Z</time>
      </trkpt>
      <trkpt lat="47.113065" lon="17.85220333">
        <ele>303</ele>
        <time>2025-07-31T16:12:45Z</time>
      </trkpt>
      <trkpt lat="47.11297" lon="17.85246833">
        <ele>302.9</ele>
        <time>2025-07-31T16:12:46Z</time>
      </trkpt>
      <trkpt lat="47.11288167" lon="17.85273333">
        <ele>302.6</ele>
        <time>2025-07-31T16:12:47Z</time>
      </trkpt>
      <trkpt lat="47.11279333" lon="17.85300167">
        <ele>302.5</ele>
        <time>2025-07-31T16:12:48Z</time>
      </trkpt>
      <trkpt lat="47.11269833" lon="17.85326333">
        <ele>301.3</ele>
        <time>2025-07-31T16:12:49Z</time>
      </trkpt>
      <trkpt lat="47.11260833" lon="17.85352333">
        <ele>300.8</ele>
        <time>2025-07-31T16:12:50Z</time>
      </trkpt>
      <trkpt lat="47.11251667" lon="17.85376667">
        <ele>301.3</ele>
        <time>2025-07-31T16:12:51Z</time>
      </trkpt>
      <trkpt lat="47.11242333" lon="17.85402167">
        <ele>299.7</ele>
        <time>2025-07-31T16:12:52Z</time>
      </trkpt>
      <trkpt lat="47.11233333" lon="17.85428667">
        <ele>299</ele>
        <time>2025-07-31T16:12:53Z</time>
      </trkpt>
      <trkpt lat="47.11225" lon="17.85454833">
        <ele>299.6</ele>
        <time>2025-07-31T16:12:54Z</time>
      </trkpt>
      <trkpt lat="47.11216333" lon="17.85480833">
        <ele>300.7</ele>
        <time>2025-07-31T16:12:55Z</time>
      </trkpt>
      <trkpt lat="47.11208333" lon="17.855065">
        <ele>301</ele>
        <time>2025-07-31T16:12:56Z</time>
      </trkpt>
      <trkpt lat="47.112005" lon="17.85531833">
        <ele>301.3</ele>
        <time>2025-07-31T16:12:57Z</time>
      </trkpt>
      <trkpt lat="47.11191667" lon="17.855575">
        <ele>301.6</ele>
        <time>2025-07-31T16:12:58Z</time>
      </trkpt>
      <trkpt lat="47.11183167" lon="17.85581833">
        <ele>301.1</ele>
        <time>2025-07-31T16:12:59Z</time>
      </trkpt>
      <trkpt lat="47.11174667" lon="17.85607167">
        <ele>301.4</ele>
        <time>2025-07-31T16:13:00Z</time>
      </trkpt>
      <trkpt lat="47.11166667" lon="17.85632">
        <ele>301.3</ele>
        <time>2025-07-31T16:13:01Z</time>
      </trkpt>
      <trkpt lat="47.11157" lon="17.856565">
        <ele>299.2</ele>
        <time>2025-07-31T16:13:02Z</time>
      </trkpt>
      <trkpt lat="47.111485" lon="17.85681833">
        <ele>298.9</ele>
        <time>2025-07-31T16:13:03Z</time>
      </trkpt>
      <trkpt lat="47.11140333" lon="17.85707667">
        <ele>299.2</ele>
        <time>2025-07-31T16:13:04Z</time>
      </trkpt>
      <trkpt lat="47.11132" lon="17.85732833">
        <ele>299.2</ele>
        <time>2025-07-31T16:13:05Z</time>
      </trkpt>
      <trkpt lat="47.11122167" lon="17.85757167">
        <ele>298.2</ele>
        <time>2025-07-31T16:13:06Z</time>
      </trkpt>
      <trkpt lat="47.11113" lon="17.85781333">
        <ele>296.8</ele>
        <time>2025-07-31T16:13:07Z</time>
      </trkpt>
      <trkpt lat="47.11104" lon="17.85805">
        <ele>296.7</ele>
        <time>2025-07-31T16:13:08Z</time>
      </trkpt>
      <trkpt lat="47.11096833" lon="17.85829">
        <ele>296</ele>
        <time>2025-07-31T16:13:09Z</time>
      </trkpt>
      <trkpt lat="47.11089" lon="17.85853">
        <ele>295</ele>
        <time>2025-07-31T16:13:10Z</time>
      </trkpt>
      <trkpt lat="47.1108" lon="17.85879833">
        <ele>296.1</ele>
        <time>2025-07-31T16:13:11Z</time>
      </trkpt>
      <trkpt lat="47.110715" lon="17.85905667">
        <ele>297.5</ele>
        <time>2025-07-31T16:13:12Z</time>
      </trkpt>
      <trkpt lat="47.11063" lon="17.85930333">
        <ele>298.4</ele>
        <time>2025-07-31T16:13:13Z</time>
      </trkpt>
      <trkpt lat="47.11054" lon="17.85955833">
        <ele>298.9</ele>
        <time>2025-07-31T16:13:14Z</time>
      </trkpt>
      <trkpt lat="47.11045" lon="17.859815">
        <ele>299.7</ele>
        <time>2025-07-31T16:13:15Z</time>
      </trkpt>
      <trkpt lat="47.11035833" lon="17.86007">
        <ele>300.3</ele>
        <time>2025-07-31T16:13:16Z</time>
      </trkpt>
      <trkpt lat="47.11027667" lon="17.86031833">
        <ele>300.3</ele>
        <time>2025-07-31T16:13:17Z</time>
      </trkpt>
      <trkpt lat="47.11021" lon="17.86056167">
        <ele>300.3</ele>
        <time>2025-07-31T16:13:18Z</time>
      </trkpt>
      <trkpt lat="47.110145" lon="17.86080167">
        <ele>300.4</ele>
        <time>2025-07-31T16:13:19Z</time>
      </trkpt>
      <trkpt lat="47.11006" lon="17.861055">
        <ele>300.9</ele>
        <time>2025-07-31T16:13:20Z</time>
      </trkpt>
      <trkpt lat="47.10998833" lon="17.86131333">
        <ele>301.5</ele>
        <time>2025-07-31T16:13:21Z</time>
      </trkpt>
      <trkpt lat="47.109915" lon="17.86155667">
        <ele>301.9</ele>
        <time>2025-07-31T16:13:22Z</time>
      </trkpt>
      <trkpt lat="47.10983833" lon="17.861795">
        <ele>301.9</ele>
        <time>2025-07-31T16:13:23Z</time>
      </trkpt>
      <trkpt lat="47.10975833" lon="17.86202">
        <ele>302</ele>
        <time>2025-07-31T16:13:24Z</time>
      </trkpt>
      <trkpt lat="47.10968833" lon="17.86226333">
        <ele>300.7</ele>
        <time>2025-07-31T16:13:25Z</time>
      </trkpt>
      <trkpt lat="47.10961333" lon="17.86250167">
        <ele>301.4</ele>
        <time>2025-07-31T16:13:26Z</time>
      </trkpt>
      <trkpt lat="47.10953833" lon="17.86273">
        <ele>302.1</ele>
        <time>2025-07-31T16:13:27Z</time>
      </trkpt>
      <trkpt lat="47.10945833" lon="17.86295167">
        <ele>303</ele>
        <time>2025-07-31T16:13:28Z</time>
      </trkpt>
      <trkpt lat="47.109375" lon="17.86316833">
        <ele>301.4</ele>
        <time>2025-07-31T16:13:29Z</time>
      </trkpt>
      <trkpt lat="47.109295" lon="17.86338333">
        <ele>300.5</ele>
        <time>2025-07-31T16:13:30Z</time>
      </trkpt>
      <trkpt lat="47.10922167" lon="17.86359167">
        <ele>300.5</ele>
        <time>2025-07-31T16:13:31Z</time>
      </trkpt>
      <trkpt lat="47.10914833" lon="17.86379167">
        <ele>300.2</ele>
        <time>2025-07-31T16:13:32Z</time>
      </trkpt>
      <trkpt lat="47.10907167" lon="17.863985">
        <ele>300</ele>
        <time>2025-07-31T16:13:33Z</time>
      </trkpt>
      <trkpt lat="47.10899333" lon="17.86416167">
        <ele>298.9</ele>
        <time>2025-07-31T16:13:34Z</time>
      </trkpt>
      <trkpt lat="47.108915" lon="17.86435">
        <ele>299.1</ele>
        <time>2025-07-31T16:13:35Z</time>
      </trkpt>
      <trkpt lat="47.10884167" lon="17.864525">
        <ele>299.5</ele>
        <time>2025-07-31T16:13:36Z</time>
      </trkpt>
      <trkpt lat="47.10877333" lon="17.86468167">
        <ele>300</ele>
        <time>2025-07-31T16:13:37Z</time>
      </trkpt>
      <trkpt lat="47.108695" lon="17.864845">
        <ele>301.7</ele>
        <time>2025-07-31T16:13:38Z</time>
      </trkpt>
      <trkpt lat="47.10860833" lon="17.86499333">
        <ele>303.7</ele>
        <time>2025-07-31T16:13:39Z</time>
      </trkpt>
      <trkpt lat="47.108535" lon="17.86512">
        <ele>305.1</ele>
        <time>2025-07-31T16:13:40Z</time>
      </trkpt>
      <trkpt lat="47.10846667" lon="17.86523167">
        <ele>305.8</ele>
        <time>2025-07-31T16:13:41Z</time>
      </trkpt>
      <trkpt lat="47.10835" lon="17.86540833">
        <ele>308.1</ele>
        <time>2025-07-31T16:13:43Z</time>
      </trkpt>
      <trkpt lat="47.10824667" lon="17.865545">
        <ele>309.5</ele>
        <time>2025-07-31T16:13:45Z</time>
      </trkpt>
      <trkpt lat="47.10816167" lon="17.865645">
        <ele>309.2</ele>
        <time>2025-07-31T16:13:47Z</time>
      </trkpt>
      <trkpt lat="47.10806333" lon="17.86577">
        <ele>307.3</ele>
        <time>2025-07-31T16:13:49Z</time>
      </trkpt>
      <trkpt lat="47.10797167" lon="17.86590667">
        <ele>306.6</ele>
        <time>2025-07-31T16:13:51Z</time>
      </trkpt>
      <trkpt lat="47.10793" lon="17.86605333">
        <ele>305</ele>
        <time>2025-07-31T16:13:53Z</time>
      </trkpt>
      <trkpt lat="47.10793667" lon="17.866205">
        <ele>304.9</ele>
        <time>2025-07-31T16:13:55Z</time>
      </trkpt>
      <trkpt lat="47.10798667" lon="17.86636667">
        <ele>305.6</ele>
        <time>2025-07-31T16:13:57Z</time>
      </trkpt>
      <trkpt lat="47.10805333" lon="17.86655833">
        <ele>305.8</ele>
        <time>2025-07-31T16:13:59Z</time>
      </trkpt>
      <trkpt lat="47.10807167" lon="17.86680667">
        <ele>306.4</ele>
        <time>2025-07-31T16:14:01Z</time>
      </trkpt>
      <trkpt lat="47.108075" lon="17.86706167">
        <ele>305.6</ele>
        <time>2025-07-31T16:14:03Z</time>
      </trkpt>
      <trkpt lat="47.10803833" lon="17.867305">
        <ele>305.6</ele>
        <time>2025-07-31T16:14:05Z</time>
      </trkpt>
      <trkpt lat="47.10797333" lon="17.86756167">
        <ele>307</ele>
        <time>2025-07-31T16:14:07Z</time>
      </trkpt>
      <trkpt lat="47.10794" lon="17.86770167">
        <ele>307.2</ele>
        <time>2025-07-31T16:14:08Z</time>
      </trkpt>
      <trkpt lat="47.10790167" lon="17.86782667">
        <ele>307.4</ele>
        <time>2025-07-31T16:14:09Z</time>
      </trkpt>
      <trkpt lat="47.10780667" lon="17.868065">
        <ele>308.2</ele>
        <time>2025-07-31T16:14:11Z</time>
      </trkpt>
      <trkpt lat="47.10772667" lon="17.86827">
        <ele>307.9</ele>
        <time>2025-07-31T16:14:13Z</time>
      </trkpt>
      <trkpt lat="47.107665" lon="17.86843167">
        <ele>307.7</ele>
        <time>2025-07-31T16:14:15Z</time>
      </trkpt>
      <trkpt lat="47.10762167" lon="17.868555">
        <ele>307.1</ele>
        <time>2025-07-31T16:14:18Z</time>
      </trkpt>
      <trkpt lat="47.107555" lon="17.86866">
        <ele>306.7</ele>
        <time>2025-07-31T16:14:24Z</time>
      </trkpt>
      <trkpt lat="47.107445" lon="17.86876167">
        <ele>307.1</ele>
        <time>2025-07-31T16:14:27Z</time>
      </trkpt>
      <trkpt lat="47.10743667" lon="17.868955">
        <ele>306.8</ele>
        <time>2025-07-31T16:14:30Z</time>
      </trkpt>
      <trkpt lat="47.10751333" lon="17.86907667">
        <ele>306.8</ele>
        <time>2025-07-31T16:14:32Z</time>
      </trkpt>
      <trkpt lat="47.10764167" lon="17.869105">
        <ele>307.4</ele>
        <time>2025-07-31T16:14:34Z</time>
      </trkpt>
      <trkpt lat="47.107805" lon="17.86912833">
        <ele>308</ele>
        <time>2025-07-31T16:14:36Z</time>
      </trkpt>
      <trkpt lat="47.107975" lon="17.86919667">
        <ele>308.2</ele>
        <time>2025-07-31T16:14:38Z</time>
      </trkpt>
      <trkpt lat="47.10806" lon="17.86925">
        <ele>307.3</ele>
        <time>2025-07-31T16:14:39Z</time>
      </trkpt>
      <trkpt lat="47.10815167" lon="17.86930167">
        <ele>306.9</ele>
        <time>2025-07-31T16:14:40Z</time>
      </trkpt>
      <trkpt lat="47.10824667" lon="17.869365">
        <ele>306.4</ele>
        <time>2025-07-31T16:14:41Z</time>
      </trkpt>
      <trkpt lat="47.10833667" lon="17.86943333">
        <ele>306.4</ele>
        <time>2025-07-31T16:14:42Z</time>
      </trkpt>
      <trkpt lat="47.10844167" lon="17.8695">
        <ele>306.5</ele>
        <time>2025-07-31T16:14:43Z</time>
      </trkpt>
      <trkpt lat="47.108535" lon="17.86958333">
        <ele>306.1</ele>
        <time>2025-07-31T16:14:44Z</time>
      </trkpt>
      <trkpt lat="47.10864333" lon="17.869635">
        <ele>307.2</ele>
        <time>2025-07-31T16:14:45Z</time>
      </trkpt>
      <trkpt lat="47.10875" lon="17.869695">
        <ele>308</ele>
        <time>2025-07-31T16:14:46Z</time>
      </trkpt>
      <trkpt lat="47.10885833" lon="17.869765">
        <ele>309</ele>
        <time>2025-07-31T16:14:47Z</time>
      </trkpt>
      <trkpt lat="47.10896167" lon="17.86983333">
        <ele>309.2</ele>
        <time>2025-07-31T16:14:48Z</time>
      </trkpt>
      <trkpt lat="47.109065" lon="17.86990833">
        <ele>307.9</ele>
        <time>2025-07-31T16:14:49Z</time>
      </trkpt>
      <trkpt lat="47.10917833" lon="17.869985">
        <ele>307.3</ele>
        <time>2025-07-31T16:14:50Z</time>
      </trkpt>
      <trkpt lat="47.10928833" lon="17.87006">
        <ele>306.2</ele>
        <time>2025-07-31T16:14:51Z</time>
      </trkpt>
      <trkpt lat="47.10941167" lon="17.87014167">
        <ele>306.1</ele>
        <time>2025-07-31T16:14:52Z</time>
      </trkpt>
      <trkpt lat="47.10954" lon="17.87023167">
        <ele>306.2</ele>
        <time>2025-07-31T16:14:53Z</time>
      </trkpt>
      <trkpt lat="47.10966833" lon="17.87031667">
        <ele>305.9</ele>
        <time>2025-07-31T16:14:54Z</time>
      </trkpt>
      <trkpt lat="47.1098" lon="17.870395">
        <ele>305.6</ele>
        <time>2025-07-31T16:14:55Z</time>
      </trkpt>
      <trkpt lat="47.10993833" lon="17.87047667">
        <ele>305.2</ele>
        <time>2025-07-31T16:14:56Z</time>
      </trkpt>
      <trkpt lat="47.11007333" lon="17.87056833">
        <ele>304.7</ele>
        <time>2025-07-31T16:14:57Z</time>
      </trkpt>
      <trkpt lat="47.11022" lon="17.87066333">
        <ele>304.3</ele>
        <time>2025-07-31T16:14:58Z</time>
      </trkpt>
      <trkpt lat="47.11035167" lon="17.870765">
        <ele>303.7</ele>
        <time>2025-07-31T16:14:59Z</time>
      </trkpt>
      <trkpt lat="47.11048833" lon="17.87086667">
        <ele>303.1</ele>
        <time>2025-07-31T16:15:00Z</time>
      </trkpt>
      <trkpt lat="47.110635" lon="17.87096667">
        <ele>303.3</ele>
        <time>2025-07-31T16:15:01Z</time>
      </trkpt>
      <trkpt lat="47.11078667" lon="17.87106333">
        <ele>304.4</ele>
        <time>2025-07-31T16:15:02Z</time>
      </trkpt>
      <trkpt lat="47.11092833" lon="17.87115667">
        <ele>303.8</ele>
        <time>2025-07-31T16:15:03Z</time>
      </trkpt>
      <trkpt lat="47.11106833" lon="17.87126">
        <ele>304.3</ele>
        <time>2025-07-31T16:15:04Z</time>
      </trkpt>
      <trkpt lat="47.11120167" lon="17.87135333">
        <ele>304</ele>
        <time>2025-07-31T16:15:05Z</time>
      </trkpt>
      <trkpt lat="47.11134167" lon="17.87144667">
        <ele>303.8</ele>
        <time>2025-07-31T16:15:06Z</time>
      </trkpt>
      <trkpt lat="47.11147333" lon="17.87154833">
        <ele>303.2</ele>
        <time>2025-07-31T16:15:07Z</time>
      </trkpt>
      <trkpt lat="47.11160833" lon="17.87164833">
        <ele>302.7</ele>
        <time>2025-07-31T16:15:08Z</time>
      </trkpt>
      <trkpt lat="47.111735" lon="17.87179167">
        <ele>302.2</ele>
        <time>2025-07-31T16:15:09Z</time>
      </trkpt>
      <trkpt lat="47.11186667" lon="17.87193">
        <ele>301.4</ele>
        <time>2025-07-31T16:15:10Z</time>
      </trkpt>
      <trkpt lat="47.11198667" lon="17.87208">
        <ele>300.6</ele>
        <time>2025-07-31T16:15:11Z</time>
      </trkpt>
      <trkpt lat="47.11209833" lon="17.87224167">
        <ele>300.1</ele>
        <time>2025-07-31T16:15:12Z</time>
      </trkpt>
      <trkpt lat="47.11220167" lon="17.87241333">
        <ele>300.3</ele>
        <time>2025-07-31T16:15:13Z</time>
      </trkpt>
      <trkpt lat="47.112305" lon="17.87258333">
        <ele>299.5</ele>
        <time>2025-07-31T16:15:14Z</time>
      </trkpt>
      <trkpt lat="47.11239333" lon="17.872755">
        <ele>298.5</ele>
        <time>2025-07-31T16:15:15Z</time>
      </trkpt>
      <trkpt lat="47.11247833" lon="17.87293667">
        <ele>298.4</ele>
        <time>2025-07-31T16:15:16Z</time>
      </trkpt>
      <trkpt lat="47.11255333" lon="17.873125">
        <ele>297.3</ele>
        <time>2025-07-31T16:15:17Z</time>
      </trkpt>
      <trkpt lat="47.112615" lon="17.87332167">
        <ele>296.1</ele>
        <time>2025-07-31T16:15:18Z</time>
      </trkpt>
      <trkpt lat="47.11268167" lon="17.87353">
        <ele>295.4</ele>
        <time>2025-07-31T16:15:19Z</time>
      </trkpt>
      <trkpt lat="47.112745" lon="17.87375667">
        <ele>294.5</ele>
        <time>2025-07-31T16:15:20Z</time>
      </trkpt>
      <trkpt lat="47.112795" lon="17.87398">
        <ele>294.3</ele>
        <time>2025-07-31T16:15:21Z</time>
      </trkpt>
      <trkpt lat="47.11283167" lon="17.87420167">
        <ele>293.7</ele>
        <time>2025-07-31T16:15:22Z</time>
      </trkpt>
      <trkpt lat="47.11285" lon="17.87442833">
        <ele>292.1</ele>
        <time>2025-07-31T16:15:23Z</time>
      </trkpt>
      <trkpt lat="47.11287833" lon="17.87466">
        <ele>290.8</ele>
        <time>2025-07-31T16:15:24Z</time>
      </trkpt>
      <trkpt lat="47.11290833" lon="17.87489167">
        <ele>289.7</ele>
        <time>2025-07-31T16:15:25Z</time>
      </trkpt>
      <trkpt lat="47.11294" lon="17.87512833">
        <ele>289.1</ele>
        <time>2025-07-31T16:15:26Z</time>
      </trkpt>
      <trkpt lat="47.112965" lon="17.875375">
        <ele>288.9</ele>
        <time>2025-07-31T16:15:27Z</time>
      </trkpt>
      <trkpt lat="47.11297833" lon="17.87562">
        <ele>288.7</ele>
        <time>2025-07-31T16:15:28Z</time>
      </trkpt>
      <trkpt lat="47.113005" lon="17.87585667">
        <ele>288</ele>
        <time>2025-07-31T16:15:29Z</time>
      </trkpt>
      <trkpt lat="47.11303" lon="17.876105">
        <ele>288.1</ele>
        <time>2025-07-31T16:15:30Z</time>
      </trkpt>
      <trkpt lat="47.11306" lon="17.876345">
        <ele>288.4</ele>
        <time>2025-07-31T16:15:31Z</time>
      </trkpt>
      <trkpt lat="47.11308" lon="17.87657667">
        <ele>285.9</ele>
        <time>2025-07-31T16:15:32Z</time>
      </trkpt>
      <trkpt lat="47.11310333" lon="17.87680667">
        <ele>285.5</ele>
        <time>2025-07-31T16:15:33Z</time>
      </trkpt>
      <trkpt lat="47.113125" lon="17.87705333">
        <ele>286.3</ele>
        <time>2025-07-31T16:15:34Z</time>
      </trkpt>
      <trkpt lat="47.113145" lon="17.87729333">
        <ele>285.6</ele>
        <time>2025-07-31T16:15:35Z</time>
      </trkpt>
      <trkpt lat="47.11317" lon="17.87753167">
        <ele>284.6</ele>
        <time>2025-07-31T16:15:36Z</time>
      </trkpt>
      <trkpt lat="47.11318833" lon="17.87777333">
        <ele>283.1</ele>
        <time>2025-07-31T16:15:37Z</time>
      </trkpt>
      <trkpt lat="47.11320667" lon="17.87800333">
        <ele>282.1</ele>
        <time>2025-07-31T16:15:38Z</time>
      </trkpt>
      <trkpt lat="47.11322833" lon="17.87822167">
        <ele>280.3</ele>
        <time>2025-07-31T16:15:39Z</time>
      </trkpt>
      <trkpt lat="47.11325167" lon="17.87845667">
        <ele>280.8</ele>
        <time>2025-07-31T16:15:40Z</time>
      </trkpt>
      <trkpt lat="47.11327333" lon="17.8787">
        <ele>280.3</ele>
        <time>2025-07-31T16:15:41Z</time>
      </trkpt>
      <trkpt lat="47.11330833" lon="17.87894167">
        <ele>280.5</ele>
        <time>2025-07-31T16:15:42Z</time>
      </trkpt>
      <trkpt lat="47.11332667" lon="17.879165">
        <ele>279.6</ele>
        <time>2025-07-31T16:15:43Z</time>
      </trkpt>
      <trkpt lat="47.113355" lon="17.8794">
        <ele>279</ele>
        <time>2025-07-31T16:15:44Z</time>
      </trkpt>
      <trkpt lat="47.11337667" lon="17.87964333">
        <ele>278.7</ele>
        <time>2025-07-31T16:15:45Z</time>
      </trkpt>
      <trkpt lat="47.1134" lon="17.879885">
        <ele>274.9</ele>
        <time>2025-07-31T16:15:46Z</time>
      </trkpt>
      <trkpt lat="47.11342667" lon="17.88012333">
        <ele>273.9</ele>
        <time>2025-07-31T16:15:47Z</time>
      </trkpt>
      <trkpt lat="47.11346" lon="17.88036667">
        <ele>274.3</ele>
        <time>2025-07-31T16:15:48Z</time>
      </trkpt>
      <trkpt lat="47.11348667" lon="17.88058">
        <ele>274.1</ele>
        <time>2025-07-31T16:15:49Z</time>
      </trkpt>
      <trkpt lat="47.11350833" lon="17.88080833">
        <ele>275.4</ele>
        <time>2025-07-31T16:15:50Z</time>
      </trkpt>
      <trkpt lat="47.11353333" lon="17.88102333">
        <ele>274.6</ele>
        <time>2025-07-31T16:15:51Z</time>
      </trkpt>
      <trkpt lat="47.11355333" lon="17.88124333">
        <ele>274.2</ele>
        <time>2025-07-31T16:15:52Z</time>
      </trkpt>
      <trkpt lat="47.11355833" lon="17.881455">
        <ele>272.5</ele>
        <time>2025-07-31T16:15:53Z</time>
      </trkpt>
      <trkpt lat="47.11358" lon="17.881675">
        <ele>272.6</ele>
        <time>2025-07-31T16:15:54Z</time>
      </trkpt>
      <trkpt lat="47.11360167" lon="17.88188167">
        <ele>272.5</ele>
        <time>2025-07-31T16:15:55Z</time>
      </trkpt>
      <trkpt lat="47.11363167" lon="17.882105">
        <ele>271.4</ele>
        <time>2025-07-31T16:15:56Z</time>
      </trkpt>
      <trkpt lat="47.11365333" lon="17.88229167">
        <ele>270.8</ele>
        <time>2025-07-31T16:15:57Z</time>
      </trkpt>
      <trkpt lat="47.113665" lon="17.88246167">
        <ele>272.5</ele>
        <time>2025-07-31T16:15:58Z</time>
      </trkpt>
      <trkpt lat="47.11366667" lon="17.88261333">
        <ele>273.3</ele>
        <time>2025-07-31T16:15:59Z</time>
      </trkpt>
      <trkpt lat="47.11366833" lon="17.88284333">
        <ele>273.3</ele>
        <time>2025-07-31T16:16:01Z</time>
      </trkpt>
      <trkpt lat="47.11368167" lon="17.88299333">
        <ele>273.1</ele>
        <time>2025-07-31T16:16:03Z</time>
      </trkpt>
      <trkpt lat="47.11369333" lon="17.88313167">
        <ele>271.3</ele>
        <time>2025-07-31T16:16:35Z</time>
      </trkpt>
      <trkpt lat="47.11371" lon="17.883265">
        <ele>271.3</ele>
        <time>2025-07-31T16:16:37Z</time>
      </trkpt>
      <trkpt lat="47.11375" lon="17.883425">
        <ele>272.1</ele>
        <time>2025-07-31T16:16:39Z</time>
      </trkpt>
      <trkpt lat="47.11377833" lon="17.883585">
        <ele>273.3</ele>
        <time>2025-07-31T16:16:41Z</time>
      </trkpt>
      <trkpt lat="47.11380833" lon="17.88378667">
        <ele>273.4</ele>
        <time>2025-07-31T16:16:43Z</time>
      </trkpt>
      <trkpt lat="47.113835" lon="17.88403167">
        <ele>273.4</ele>
        <time>2025-07-31T16:16:45Z</time>
      </trkpt>
      <trkpt lat="47.113855" lon="17.88430333">
        <ele>273</ele>
        <time>2025-07-31T16:16:47Z</time>
      </trkpt>
      <trkpt lat="47.11388333" lon="17.88456667">
        <ele>272.4</ele>
        <time>2025-07-31T16:16:49Z</time>
      </trkpt>
      <trkpt lat="47.11389667" lon="17.88472667">
        <ele>272.5</ele>
        <time>2025-07-31T16:16:50Z</time>
      </trkpt>
      <trkpt lat="47.11391667" lon="17.88489667">
        <ele>272</ele>
        <time>2025-07-31T16:16:51Z</time>
      </trkpt>
      <trkpt lat="47.11393333" lon="17.88507">
        <ele>271.5</ele>
        <time>2025-07-31T16:16:52Z</time>
      </trkpt>
      <trkpt lat="47.11394667" lon="17.885245">
        <ele>271.9</ele>
        <time>2025-07-31T16:16:53Z</time>
      </trkpt>
      <trkpt lat="47.113965" lon="17.885415">
        <ele>271.7</ele>
        <time>2025-07-31T16:16:54Z</time>
      </trkpt>
      <trkpt lat="47.11398667" lon="17.88558833">
        <ele>271.8</ele>
        <time>2025-07-31T16:16:55Z</time>
      </trkpt>
      <trkpt lat="47.11400333" lon="17.88576333">
        <ele>271.6</ele>
        <time>2025-07-31T16:16:56Z</time>
      </trkpt>
      <trkpt lat="47.11401833" lon="17.885945">
        <ele>271.1</ele>
        <time>2025-07-31T16:16:57Z</time>
      </trkpt>
      <trkpt lat="47.11403833" lon="17.88614667">
        <ele>271.4</ele>
        <time>2025-07-31T16:16:58Z</time>
      </trkpt>
      <trkpt lat="47.114065" lon="17.886345">
        <ele>272.1</ele>
        <time>2025-07-31T16:16:59Z</time>
      </trkpt>
      <trkpt lat="47.11408" lon="17.88654667">
        <ele>271.5</ele>
        <time>2025-07-31T16:17:00Z</time>
      </trkpt>
      <trkpt lat="47.1141" lon="17.88675333">
        <ele>270.4</ele>
        <time>2025-07-31T16:17:01Z</time>
      </trkpt>
      <trkpt lat="47.114115" lon="17.88696667">
        <ele>269.7</ele>
        <time>2025-07-31T16:17:02Z</time>
      </trkpt>
      <trkpt lat="47.11413667" lon="17.88717833">
        <ele>268.3</ele>
        <time>2025-07-31T16:17:03Z</time>
      </trkpt>
      <trkpt lat="47.11415833" lon="17.88739167">
        <ele>268.2</ele>
        <time>2025-07-31T16:17:04Z</time>
      </trkpt>
      <trkpt lat="47.11420167" lon="17.887615">
        <ele>271.1</ele>
        <time>2025-07-31T16:17:05Z</time>
      </trkpt>
      <trkpt lat="47.11422667" lon="17.88783">
        <ele>270.9</ele>
        <time>2025-07-31T16:17:06Z</time>
      </trkpt>
      <trkpt lat="47.114255" lon="17.888055">
        <ele>270.6</ele>
        <time>2025-07-31T16:17:07Z</time>
      </trkpt>
      <trkpt lat="47.11428667" lon="17.888285">
        <ele>269.5</ele>
        <time>2025-07-31T16:17:08Z</time>
      </trkpt>
      <trkpt lat="47.11432333" lon="17.88851333">
        <ele>267.2</ele>
        <time>2025-07-31T16:17:09Z</time>
      </trkpt>
      <trkpt lat="47.114375" lon="17.88872833">
        <ele>268.5</ele>
        <time>2025-07-31T16:17:10Z</time>
      </trkpt>
      <trkpt lat="47.114425" lon="17.88894333">
        <ele>269</ele>
        <time>2025-07-31T16:17:11Z</time>
      </trkpt>
      <trkpt lat="47.11447167" lon="17.88915167">
        <ele>268.7</ele>
        <time>2025-07-31T16:17:12Z</time>
      </trkpt>
      <trkpt lat="47.11452333" lon="17.88936667">
        <ele>268.9</ele>
        <time>2025-07-31T16:17:13Z</time>
      </trkpt>
      <trkpt lat="47.114585" lon="17.88958667">
        <ele>268.6</ele>
        <time>2025-07-31T16:17:14Z</time>
      </trkpt>
      <trkpt lat="47.11464667" lon="17.88978833">
        <ele>268.5</ele>
        <time>2025-07-31T16:17:15Z</time>
      </trkpt>
      <trkpt lat="47.11471667" lon="17.88998667">
        <ele>268.8</ele>
        <time>2025-07-31T16:17:16Z</time>
      </trkpt>
      <trkpt lat="47.114785" lon="17.89019">
        <ele>268.6</ele>
        <time>2025-07-31T16:17:17Z</time>
      </trkpt>
      <trkpt lat="47.11485833" lon="17.89040667">
        <ele>268.6</ele>
        <time>2025-07-31T16:17:18Z</time>
      </trkpt>
      <trkpt lat="47.11493333" lon="17.89062">
        <ele>268.8</ele>
        <time>2025-07-31T16:17:19Z</time>
      </trkpt>
      <trkpt lat="47.11500333" lon="17.89084167">
        <ele>269</ele>
        <time>2025-07-31T16:17:20Z</time>
      </trkpt>
      <trkpt lat="47.11506833" lon="17.89105167">
        <ele>269</ele>
        <time>2025-07-31T16:17:21Z</time>
      </trkpt>
      <trkpt lat="47.11513833" lon="17.89125833">
        <ele>268.7</ele>
        <time>2025-07-31T16:17:22Z</time>
      </trkpt>
      <trkpt lat="47.1152" lon="17.89146667">
        <ele>268.5</ele>
        <time>2025-07-31T16:17:23Z</time>
      </trkpt>
      <trkpt lat="47.11526667" lon="17.891675">
        <ele>268.1</ele>
        <time>2025-07-31T16:17:24Z</time>
      </trkpt>
      <trkpt lat="47.11533833" lon="17.89188833">
        <ele>267.7</ele>
        <time>2025-07-31T16:17:25Z</time>
      </trkpt>
      <trkpt lat="47.11541" lon="17.89209167">
        <ele>267.7</ele>
        <time>2025-07-31T16:17:26Z</time>
      </trkpt>
      <trkpt lat="47.115485" lon="17.89228667">
        <ele>267.5</ele>
        <time>2025-07-31T16:17:27Z</time>
      </trkpt>
      <trkpt lat="47.11555" lon="17.89248833">
        <ele>267.4</ele>
        <time>2025-07-31T16:17:28Z</time>
      </trkpt>
      <trkpt lat="47.11561667" lon="17.89269667">
        <ele>266.7</ele>
        <time>2025-07-31T16:17:29Z</time>
      </trkpt>
      <trkpt lat="47.11568333" lon="17.89291">
        <ele>266.7</ele>
        <time>2025-07-31T16:17:30Z</time>
      </trkpt>
      <trkpt lat="47.115745" lon="17.89311167">
        <ele>266.7</ele>
        <time>2025-07-31T16:17:31Z</time>
      </trkpt>
      <trkpt lat="47.11581" lon="17.89332">
        <ele>266</ele>
        <time>2025-07-31T16:17:32Z</time>
      </trkpt>
      <trkpt lat="47.115875" lon="17.893535">
        <ele>264.9</ele>
        <time>2025-07-31T16:17:33Z</time>
      </trkpt>
      <trkpt lat="47.11593167" lon="17.89375333">
        <ele>263.3</ele>
        <time>2025-07-31T16:17:34Z</time>
      </trkpt>
      <trkpt lat="47.11598167" lon="17.893965">
        <ele>262.7</ele>
        <time>2025-07-31T16:17:35Z</time>
      </trkpt>
      <trkpt lat="47.11601833" lon="17.89417667">
        <ele>262.6</ele>
        <time>2025-07-31T16:17:36Z</time>
      </trkpt>
      <trkpt lat="47.11605667" lon="17.894365">
        <ele>262.4</ele>
        <time>2025-07-31T16:17:37Z</time>
      </trkpt>
      <trkpt lat="47.116085" lon="17.89456833">
        <ele>261.9</ele>
        <time>2025-07-31T16:17:38Z</time>
      </trkpt>
      <trkpt lat="47.11611167" lon="17.894765">
        <ele>261.2</ele>
        <time>2025-07-31T16:17:39Z</time>
      </trkpt>
      <trkpt lat="47.116145" lon="17.89495">
        <ele>260.2</ele>
        <time>2025-07-31T16:17:40Z</time>
      </trkpt>
      <trkpt lat="47.11616333" lon="17.89514833">
        <ele>259.4</ele>
        <time>2025-07-31T16:17:41Z</time>
      </trkpt>
      <trkpt lat="47.11619" lon="17.89534333">
        <ele>259.2</ele>
        <time>2025-07-31T16:17:42Z</time>
      </trkpt>
      <trkpt lat="47.11621333" lon="17.895535">
        <ele>258.6</ele>
        <time>2025-07-31T16:17:43Z</time>
      </trkpt>
      <trkpt lat="47.11623833" lon="17.89573167">
        <ele>258.8</ele>
        <time>2025-07-31T16:17:44Z</time>
      </trkpt>
      <trkpt lat="47.11626833" lon="17.89591833">
        <ele>258.9</ele>
        <time>2025-07-31T16:17:45Z</time>
      </trkpt>
      <trkpt lat="47.11629" lon="17.89610333">
        <ele>258.4</ele>
        <time>2025-07-31T16:17:46Z</time>
      </trkpt>
      <trkpt lat="47.11630833" lon="17.89630333">
        <ele>259.9</ele>
        <time>2025-07-31T16:17:47Z</time>
      </trkpt>
      <trkpt lat="47.11632333" lon="17.89647667">
        <ele>260</ele>
        <time>2025-07-31T16:17:48Z</time>
      </trkpt>
      <trkpt lat="47.11633833" lon="17.89665333">
        <ele>260</ele>
        <time>2025-07-31T16:17:49Z</time>
      </trkpt>
      <trkpt lat="47.11634833" lon="17.89683">
        <ele>260.2</ele>
        <time>2025-07-31T16:17:50Z</time>
      </trkpt>
      <trkpt lat="47.116355" lon="17.89701167">
        <ele>260.8</ele>
        <time>2025-07-31T16:17:51Z</time>
      </trkpt>
      <trkpt lat="47.11636333" lon="17.89718667">
        <ele>261.9</ele>
        <time>2025-07-31T16:17:52Z</time>
      </trkpt>
      <trkpt lat="47.11637333" lon="17.89737">
        <ele>261.6</ele>
        <time>2025-07-31T16:17:53Z</time>
      </trkpt>
      <trkpt lat="47.11638167" lon="17.89754833">
        <ele>261.8</ele>
        <time>2025-07-31T16:17:54Z</time>
      </trkpt>
      <trkpt lat="47.11638667" lon="17.89771167">
        <ele>261.4</ele>
        <time>2025-07-31T16:17:55Z</time>
      </trkpt>
      <trkpt lat="47.11639667" lon="17.89787833">
        <ele>261.5</ele>
        <time>2025-07-31T16:17:56Z</time>
      </trkpt>
      <trkpt lat="47.11640333" lon="17.89805833">
        <ele>260</ele>
        <time>2025-07-31T16:17:57Z</time>
      </trkpt>
      <trkpt lat="47.11640333" lon="17.89823833">
        <ele>258.5</ele>
        <time>2025-07-31T16:17:58Z</time>
      </trkpt>
      <trkpt lat="47.11640833" lon="17.89842667">
        <ele>258.4</ele>
        <time>2025-07-31T16:17:59Z</time>
      </trkpt>
      <trkpt lat="47.11641" lon="17.89861833">
        <ele>258.6</ele>
        <time>2025-07-31T16:18:00Z</time>
      </trkpt>
      <trkpt lat="47.11640333" lon="17.89881333">
        <ele>258.7</ele>
        <time>2025-07-31T16:18:01Z</time>
      </trkpt>
      <trkpt lat="47.11638167" lon="17.899">
        <ele>259</ele>
        <time>2025-07-31T16:18:02Z</time>
      </trkpt>
      <trkpt lat="47.116365" lon="17.89918333">
        <ele>257.9</ele>
        <time>2025-07-31T16:18:03Z</time>
      </trkpt>
      <trkpt lat="47.11635" lon="17.89937">
        <ele>257.9</ele>
        <time>2025-07-31T16:18:04Z</time>
      </trkpt>
      <trkpt lat="47.116325" lon="17.89955667">
        <ele>257.6</ele>
        <time>2025-07-31T16:18:05Z</time>
      </trkpt>
      <trkpt lat="47.11630333" lon="17.89974667">
        <ele>257.3</ele>
        <time>2025-07-31T16:18:06Z</time>
      </trkpt>
      <trkpt lat="47.11627667" lon="17.89993833">
        <ele>257.8</ele>
        <time>2025-07-31T16:18:07Z</time>
      </trkpt>
      <trkpt lat="47.11625667" lon="17.90011333">
        <ele>258.2</ele>
        <time>2025-07-31T16:18:08Z</time>
      </trkpt>
      <trkpt lat="47.11622833" lon="17.90029833">
        <ele>256.7</ele>
        <time>2025-07-31T16:18:09Z</time>
      </trkpt>
      <trkpt lat="47.11620167" lon="17.90046667">
        <ele>257.3</ele>
        <time>2025-07-31T16:18:10Z</time>
      </trkpt>
      <trkpt lat="47.11618333" lon="17.90062833">
        <ele>257.6</ele>
        <time>2025-07-31T16:18:11Z</time>
      </trkpt>
      <trkpt lat="47.116165" lon="17.90077833">
        <ele>258</ele>
        <time>2025-07-31T16:18:12Z</time>
      </trkpt>
      <trkpt lat="47.11614833" lon="17.900915">
        <ele>258.1</ele>
        <time>2025-07-31T16:18:13Z</time>
      </trkpt>
      <trkpt lat="47.11611667" lon="17.90115333">
        <ele>257.9</ele>
        <time>2025-07-31T16:18:15Z</time>
      </trkpt>
      <trkpt lat="47.116065" lon="17.90133833">
        <ele>258.3</ele>
        <time>2025-07-31T16:18:17Z</time>
      </trkpt>
      <trkpt lat="47.11601667" lon="17.90147">
        <ele>258.4</ele>
        <time>2025-07-31T16:18:19Z</time>
      </trkpt>
      <trkpt lat="47.11591833" lon="17.90158333">
        <ele>258.5</ele>
        <time>2025-07-31T16:18:22Z</time>
      </trkpt>
      <trkpt lat="47.11584667" lon="17.90167667">
        <ele>257.7</ele>
        <time>2025-07-31T16:18:24Z</time>
      </trkpt>
      <trkpt lat="47.11586333" lon="17.90186833">
        <ele>256.1</ele>
        <time>2025-07-31T16:18:27Z</time>
      </trkpt>
      <trkpt lat="47.11591667" lon="17.90200833">
        <ele>255.1</ele>
        <time>2025-07-31T16:18:29Z</time>
      </trkpt>
      <trkpt lat="47.11596167" lon="17.902245">
        <ele>253.3</ele>
        <time>2025-07-31T16:18:31Z</time>
      </trkpt>
      <trkpt lat="47.11597167" lon="17.90238333">
        <ele>252.7</ele>
        <time>2025-07-31T16:18:32Z</time>
      </trkpt>
      <trkpt lat="47.11596667" lon="17.90252">
        <ele>251.8</ele>
        <time>2025-07-31T16:18:33Z</time>
      </trkpt>
      <trkpt lat="47.11596667" lon="17.90266">
        <ele>252.1</ele>
        <time>2025-07-31T16:18:34Z</time>
      </trkpt>
      <trkpt lat="47.11596167" lon="17.90280667">
        <ele>252.4</ele>
        <time>2025-07-31T16:18:35Z</time>
      </trkpt>
      <trkpt lat="47.11594833" lon="17.90296333">
        <ele>252.5</ele>
        <time>2025-07-31T16:18:36Z</time>
      </trkpt>
      <trkpt lat="47.11593667" lon="17.90313">
        <ele>252.6</ele>
        <time>2025-07-31T16:18:37Z</time>
      </trkpt>
      <trkpt lat="47.11592" lon="17.903295">
        <ele>251.7</ele>
        <time>2025-07-31T16:18:38Z</time>
      </trkpt>
      <trkpt lat="47.11590333" lon="17.90346">
        <ele>251.4</ele>
        <time>2025-07-31T16:18:39Z</time>
      </trkpt>
      <trkpt lat="47.115885" lon="17.90363">
        <ele>250.5</ele>
        <time>2025-07-31T16:18:40Z</time>
      </trkpt>
      <trkpt lat="47.115865" lon="17.90381333">
        <ele>249</ele>
        <time>2025-07-31T16:18:41Z</time>
      </trkpt>
      <trkpt lat="47.11584667" lon="17.90399333">
        <ele>248.7</ele>
        <time>2025-07-31T16:18:42Z</time>
      </trkpt>
      <trkpt lat="47.11583167" lon="17.90416833">
        <ele>248.6</ele>
        <time>2025-07-31T16:18:43Z</time>
      </trkpt>
      <trkpt lat="47.11581333" lon="17.90435667">
        <ele>248.4</ele>
        <time>2025-07-31T16:18:44Z</time>
      </trkpt>
      <trkpt lat="47.11580167" lon="17.90454333">
        <ele>247.3</ele>
        <time>2025-07-31T16:18:45Z</time>
      </trkpt>
      <trkpt lat="47.115775" lon="17.90473667">
        <ele>246.8</ele>
        <time>2025-07-31T16:18:46Z</time>
      </trkpt>
      <trkpt lat="47.11576" lon="17.90492833">
        <ele>246.3</ele>
        <time>2025-07-31T16:18:47Z</time>
      </trkpt>
      <trkpt lat="47.11574333" lon="17.90512">
        <ele>246.2</ele>
        <time>2025-07-31T16:18:48Z</time>
      </trkpt>
      <trkpt lat="47.11572" lon="17.90531167">
        <ele>244.9</ele>
        <time>2025-07-31T16:18:49Z</time>
      </trkpt>
      <trkpt lat="47.11568333" lon="17.90550667">
        <ele>244.6</ele>
        <time>2025-07-31T16:18:50Z</time>
      </trkpt>
      <trkpt lat="47.11566" lon="17.90569333">
        <ele>245.5</ele>
        <time>2025-07-31T16:18:51Z</time>
      </trkpt>
      <trkpt lat="47.11563667" lon="17.90589167">
        <ele>245.9</ele>
        <time>2025-07-31T16:18:52Z</time>
      </trkpt>
      <trkpt lat="47.11560333" lon="17.90609833">
        <ele>246.5</ele>
        <time>2025-07-31T16:18:53Z</time>
      </trkpt>
      <trkpt lat="47.11557667" lon="17.90632">
        <ele>246.4</ele>
        <time>2025-07-31T16:18:54Z</time>
      </trkpt>
      <trkpt lat="47.11554333" lon="17.90653">
        <ele>247.8</ele>
        <time>2025-07-31T16:18:55Z</time>
      </trkpt>
      <trkpt lat="47.11551" lon="17.90674833">
        <ele>248.6</ele>
        <time>2025-07-31T16:18:56Z</time>
      </trkpt>
      <trkpt lat="47.11548667" lon="17.90697">
        <ele>249.4</ele>
        <time>2025-07-31T16:18:57Z</time>
      </trkpt>
      <trkpt lat="47.11546667" lon="17.90719167">
        <ele>249.9</ele>
        <time>2025-07-31T16:18:58Z</time>
      </trkpt>
      <trkpt lat="47.11545" lon="17.90738333">
        <ele>251.7</ele>
        <time>2025-07-31T16:18:59Z</time>
      </trkpt>
      <trkpt lat="47.11543333" lon="17.907605">
        <ele>251.3</ele>
        <time>2025-07-31T16:19:00Z</time>
      </trkpt>
      <trkpt lat="47.11542333" lon="17.90782">
        <ele>251.3</ele>
        <time>2025-07-31T16:19:01Z</time>
      </trkpt>
      <trkpt lat="47.11540833" lon="17.90803667">
        <ele>251.5</ele>
        <time>2025-07-31T16:19:02Z</time>
      </trkpt>
      <trkpt lat="47.11539833" lon="17.908245">
        <ele>252.5</ele>
        <time>2025-07-31T16:19:03Z</time>
      </trkpt>
      <trkpt lat="47.11539167" lon="17.90846833">
        <ele>253.6</ele>
        <time>2025-07-31T16:19:04Z</time>
      </trkpt>
      <trkpt lat="47.11538333" lon="17.90868333">
        <ele>254.2</ele>
        <time>2025-07-31T16:19:05Z</time>
      </trkpt>
      <trkpt lat="47.11537333" lon="17.90889167">
        <ele>254.4</ele>
        <time>2025-07-31T16:19:06Z</time>
      </trkpt>
      <trkpt lat="47.11536167" lon="17.90912">
        <ele>253.9</ele>
        <time>2025-07-31T16:19:07Z</time>
      </trkpt>
      <trkpt lat="47.11536667" lon="17.909345">
        <ele>253.9</ele>
        <time>2025-07-31T16:19:08Z</time>
      </trkpt>
      <trkpt lat="47.11536833" lon="17.909565">
        <ele>252.9</ele>
        <time>2025-07-31T16:19:09Z</time>
      </trkpt>
      <trkpt lat="47.11540333" lon="17.909795">
        <ele>252.8</ele>
        <time>2025-07-31T16:19:10Z</time>
      </trkpt>
      <trkpt lat="47.11545333" lon="17.91001667">
        <ele>252.7</ele>
        <time>2025-07-31T16:19:11Z</time>
      </trkpt>
      <trkpt lat="47.11551833" lon="17.91021333">
        <ele>251.6</ele>
        <time>2025-07-31T16:19:12Z</time>
      </trkpt>
      <trkpt lat="47.11558333" lon="17.91041">
        <ele>251.5</ele>
        <time>2025-07-31T16:19:13Z</time>
      </trkpt>
      <trkpt lat="47.11565667" lon="17.910595">
        <ele>251</ele>
        <time>2025-07-31T16:19:14Z</time>
      </trkpt>
      <trkpt lat="47.11574667" lon="17.910765">
        <ele>251.2</ele>
        <time>2025-07-31T16:19:15Z</time>
      </trkpt>
      <trkpt lat="47.11584333" lon="17.91091">
        <ele>252.2</ele>
        <time>2025-07-31T16:19:16Z</time>
      </trkpt>
      <trkpt lat="47.11593" lon="17.91105667">
        <ele>252.8</ele>
        <time>2025-07-31T16:19:17Z</time>
      </trkpt>
      <trkpt lat="47.11603333" lon="17.91118833">
        <ele>252.2</ele>
        <time>2025-07-31T16:19:18Z</time>
      </trkpt>
      <trkpt lat="47.11612667" lon="17.911325">
        <ele>250.8</ele>
        <time>2025-07-31T16:19:19Z</time>
      </trkpt>
      <trkpt lat="47.11622833" lon="17.91146167">
        <ele>248.5</ele>
        <time>2025-07-31T16:19:20Z</time>
      </trkpt>
      <trkpt lat="47.11633167" lon="17.91157">
        <ele>246.9</ele>
        <time>2025-07-31T16:19:21Z</time>
      </trkpt>
      <trkpt lat="47.11644167" lon="17.91168">
        <ele>248.6</ele>
        <time>2025-07-31T16:19:22Z</time>
      </trkpt>
      <trkpt lat="47.11655" lon="17.91175833">
        <ele>249.6</ele>
        <time>2025-07-31T16:19:23Z</time>
      </trkpt>
      <trkpt lat="47.11664167" lon="17.91182667">
        <ele>250.3</ele>
        <time>2025-07-31T16:19:24Z</time>
      </trkpt>
      <trkpt lat="47.11674667" lon="17.91189">
        <ele>249.6</ele>
        <time>2025-07-31T16:19:25Z</time>
      </trkpt>
      <trkpt lat="47.11683667" lon="17.91194667">
        <ele>249.6</ele>
        <time>2025-07-31T16:19:26Z</time>
      </trkpt>
      <trkpt lat="47.11695833" lon="17.91202667">
        <ele>249.7</ele>
        <time>2025-07-31T16:19:28Z</time>
      </trkpt>
      <trkpt lat="47.11704" lon="17.912085">
        <ele>251.7</ele>
        <time>2025-07-31T16:19:31Z</time>
      </trkpt>
      <trkpt lat="47.11713333" lon="17.91215333">
        <ele>255.1</ele>
        <time>2025-07-31T16:19:51Z</time>
      </trkpt>
      <trkpt lat="47.11726167" lon="17.912245">
        <ele>255.2</ele>
        <time>2025-07-31T16:19:54Z</time>
      </trkpt>
      <trkpt lat="47.11735333" lon="17.91227167">
        <ele>255.6</ele>
        <time>2025-07-31T16:19:56Z</time>
      </trkpt>
      <trkpt lat="47.11746833" lon="17.91224">
        <ele>255.1</ele>
        <time>2025-07-31T16:19:58Z</time>
      </trkpt>
      <trkpt lat="47.11760167" lon="17.91214333">
        <ele>254.7</ele>
        <time>2025-07-31T16:20:00Z</time>
      </trkpt>
      <trkpt lat="47.117745" lon="17.91204667">
        <ele>253.8</ele>
        <time>2025-07-31T16:20:02Z</time>
      </trkpt>
      <trkpt lat="47.117905" lon="17.91194">
        <ele>253</ele>
        <time>2025-07-31T16:20:04Z</time>
      </trkpt>
      <trkpt lat="47.117995" lon="17.91189167">
        <ele>253.3</ele>
        <time>2025-07-31T16:20:05Z</time>
      </trkpt>
      <trkpt lat="47.11809333" lon="17.91185333">
        <ele>252.8</ele>
        <time>2025-07-31T16:20:06Z</time>
      </trkpt>
      <trkpt lat="47.11818833" lon="17.91182833">
        <ele>252</ele>
        <time>2025-07-31T16:20:07Z</time>
      </trkpt>
      <trkpt lat="47.11828" lon="17.911805">
        <ele>251.6</ele>
        <time>2025-07-31T16:20:08Z</time>
      </trkpt>
      <trkpt lat="47.11845833" lon="17.911785">
        <ele>251.5</ele>
        <time>2025-07-31T16:20:10Z</time>
      </trkpt>
      <trkpt lat="47.11861167" lon="17.91177333">
        <ele>250.5</ele>
        <time>2025-07-31T16:20:12Z</time>
      </trkpt>
      <trkpt lat="47.118725" lon="17.91174">
        <ele>250.5</ele>
        <time>2025-07-31T16:20:14Z</time>
      </trkpt>
      <trkpt lat="47.11879333" lon="17.91164667">
        <ele>250.2</ele>
        <time>2025-07-31T16:20:16Z</time>
      </trkpt>
      <trkpt lat="47.11883" lon="17.91151167">
        <ele>250.1</ele>
        <time>2025-07-31T16:20:18Z</time>
      </trkpt>
      <trkpt lat="47.118825" lon="17.91135333">
        <ele>249.6</ele>
        <time>2025-07-31T16:20:20Z</time>
      </trkpt>
      <trkpt lat="47.11877833" lon="17.91119">
        <ele>249</ele>
        <time>2025-07-31T16:20:22Z</time>
      </trkpt>
      <trkpt lat="47.11870333" lon="17.91106667">
        <ele>247.8</ele>
        <time>2025-07-31T16:20:24Z</time>
      </trkpt>
      <trkpt lat="47.118615" lon="17.911">
        <ele>248.3</ele>
        <time>2025-07-31T16:20:26Z</time>
      </trkpt>
      <trkpt lat="47.11850333" lon="17.91097833">
        <ele>249.3</ele>
        <time>2025-07-31T16:20:29Z</time>
      </trkpt>
      <trkpt lat="47.11840833" lon="17.91101167">
        <ele>249.7</ele>
        <time>2025-07-31T16:20:45Z</time>
      </trkpt>
      <trkpt lat="47.11832667" lon="17.91107667">
        <ele>249.6</ele>
        <time>2025-07-31T16:20:47Z</time>
      </trkpt>
      <trkpt lat="47.11823833" lon="17.91114167">
        <ele>249.4</ele>
        <time>2025-07-31T16:20:49Z</time>
      </trkpt>
      <trkpt lat="47.11812167" lon="17.91121333">
        <ele>250.2</ele>
        <time>2025-07-31T16:20:52Z</time>
      </trkpt>
      <trkpt lat="47.11802833" lon="17.91116">
        <ele>249.8</ele>
        <time>2025-07-31T16:20:56Z</time>
      </trkpt>
      <trkpt lat="47.11800833" lon="17.91101833">
        <ele>248.6</ele>
        <time>2025-07-31T16:20:59Z</time>
      </trkpt>
      <trkpt lat="47.11806333" lon="17.91090333">
        <ele>247.5</ele>
        <time>2025-07-31T16:21:02Z</time>
      </trkpt>
      <trkpt lat="47.11815333" lon="17.91084167">
        <ele>248.2</ele>
        <time>2025-07-31T16:21:05Z</time>
      </trkpt>
      <trkpt lat="47.11826167" lon="17.91077167">
        <ele>249.1</ele>
        <time>2025-07-31T16:21:08Z</time>
      </trkpt>
      <trkpt lat="47.11838333" lon="17.91072833">
        <ele>248.8</ele>
        <time>2025-07-31T16:21:11Z</time>
      </trkpt>
      <trkpt lat="47.11850667" lon="17.91072667">
        <ele>249.4</ele>
        <time>2025-07-31T16:21:14Z</time>
      </trkpt>
      <trkpt lat="47.11861" lon="17.910825">
        <ele>250.5</ele>
        <time>2025-07-31T16:21:17Z</time>
      </trkpt>
      <trkpt lat="47.11865" lon="17.91096833">
        <ele>250.4</ele>
        <time>2025-07-31T16:21:19Z</time>
      </trkpt>
      <trkpt lat="47.11869167" lon="17.91115167">
        <ele>251.4</ele>
        <time>2025-07-31T16:21:21Z</time>
      </trkpt>
      <trkpt lat="47.11874333" lon="17.911325">
        <ele>251.6</ele>
        <time>2025-07-31T16:21:23Z</time>
      </trkpt>
      <trkpt lat="47.11877167" lon="17.91149167">
        <ele>251.5</ele>
        <time>2025-07-31T16:21:25Z</time>
      </trkpt>
      <trkpt lat="47.118735" lon="17.911615">
        <ele>250.8</ele>
        <time>2025-07-31T16:21:27Z</time>
      </trkpt>
      <trkpt lat="47.11863833" lon="17.91168167">
        <ele>250.3</ele>
        <time>2025-07-31T16:21:29Z</time>
      </trkpt>
      <trkpt lat="47.11849333" lon="17.911695">
        <ele>251.5</ele>
        <time>2025-07-31T16:21:31Z</time>
      </trkpt>
      <trkpt lat="47.11833833" lon="17.91171">
        <ele>252.6</ele>
        <time>2025-07-31T16:21:33Z</time>
      </trkpt>
      <trkpt lat="47.11818333" lon="17.91174167">
        <ele>253.7</ele>
        <time>2025-07-31T16:21:35Z</time>
      </trkpt>
      <trkpt lat="47.11804167" lon="17.91177833">
        <ele>254.3</ele>
        <time>2025-07-31T16:21:37Z</time>
      </trkpt>
      <trkpt lat="47.11792667" lon="17.91182667">
        <ele>253.8</ele>
        <time>2025-07-31T16:21:39Z</time>
      </trkpt>
      <trkpt lat="47.11781667" lon="17.91187667">
        <ele>253.5</ele>
        <time>2025-07-31T16:21:41Z</time>
      </trkpt>
      <trkpt lat="47.11771667" lon="17.91194833">
        <ele>253.3</ele>
        <time>2025-07-31T16:21:43Z</time>
      </trkpt>
      <trkpt lat="47.11761333" lon="17.91201667">
        <ele>253.6</ele>
        <time>2025-07-31T16:21:45Z</time>
      </trkpt>
      <trkpt lat="47.11749667" lon="17.9121">
        <ele>255.1</ele>
        <time>2025-07-31T16:21:47Z</time>
      </trkpt>
      <trkpt lat="47.11735667" lon="17.91217833">
        <ele>256.9</ele>
        <time>2025-07-31T16:21:49Z</time>
      </trkpt>
      <trkpt lat="47.11719833" lon="17.91227833">
        <ele>256.7</ele>
        <time>2025-07-31T16:21:51Z</time>
      </trkpt>
      <trkpt lat="47.11711333" lon="17.91232667">
        <ele>256.5</ele>
        <time>2025-07-31T16:21:52Z</time>
      </trkpt>
      <trkpt lat="47.11703333" lon="17.912395">
        <ele>257</ele>
        <time>2025-07-31T16:21:53Z</time>
      </trkpt>
      <trkpt lat="47.11694667" lon="17.91247333">
        <ele>256.9</ele>
        <time>2025-07-31T16:21:54Z</time>
      </trkpt>
      <trkpt lat="47.11686167" lon="17.91253333">
        <ele>257.7</ele>
        <time>2025-07-31T16:21:55Z</time>
      </trkpt>
      <trkpt lat="47.11677" lon="17.91258167">
        <ele>258.8</ele>
        <time>2025-07-31T16:21:56Z</time>
      </trkpt>
      <trkpt lat="47.116675" lon="17.91264167">
        <ele>259.1</ele>
        <time>2025-07-31T16:21:57Z</time>
      </trkpt>
      <trkpt lat="47.11658167" lon="17.91270333">
        <ele>259.6</ele>
        <time>2025-07-31T16:21:58Z</time>
      </trkpt>
      <trkpt lat="47.11649167" lon="17.91276333">
        <ele>259.2</ele>
        <time>2025-07-31T16:21:59Z</time>
      </trkpt>
      <trkpt lat="47.116405" lon="17.912825">
        <ele>258.6</ele>
        <time>2025-07-31T16:22:00Z</time>
      </trkpt>
      <trkpt lat="47.11631833" lon="17.912885">
        <ele>258.2</ele>
        <time>2025-07-31T16:22:01Z</time>
      </trkpt>
      <trkpt lat="47.11623333" lon="17.912945">
        <ele>258.1</ele>
        <time>2025-07-31T16:22:02Z</time>
      </trkpt>
      <trkpt lat="47.11614667" lon="17.91300333">
        <ele>257.9</ele>
        <time>2025-07-31T16:22:03Z</time>
      </trkpt>
      <trkpt lat="47.11598667" lon="17.91311333">
        <ele>258</ele>
        <time>2025-07-31T16:22:05Z</time>
      </trkpt>
      <trkpt lat="47.115845" lon="17.91317833">
        <ele>257.2</ele>
        <time>2025-07-31T16:22:07Z</time>
      </trkpt>
      <trkpt lat="47.11573333" lon="17.91321833">
        <ele>259.6</ele>
        <time>2025-07-31T16:22:09Z</time>
      </trkpt>
      <trkpt lat="47.11563833" lon="17.913225">
        <ele>261</ele>
        <time>2025-07-31T16:22:11Z</time>
      </trkpt>
      <trkpt lat="47.115525" lon="17.91321333">
        <ele>261.4</ele>
        <time>2025-07-31T16:22:13Z</time>
      </trkpt>
      <trkpt lat="47.11542333" lon="17.91330833">
        <ele>261.9</ele>
        <time>2025-07-31T16:22:15Z</time>
      </trkpt>
      <trkpt lat="47.11532833" lon="17.91344667">
        <ele>261.4</ele>
        <time>2025-07-31T16:22:17Z</time>
      </trkpt>
      <trkpt lat="47.1152" lon="17.913585">
        <ele>260.9</ele>
        <time>2025-07-31T16:22:19Z</time>
      </trkpt>
      <trkpt lat="47.11503667" lon="17.91368667">
        <ele>260.1</ele>
        <time>2025-07-31T16:22:21Z</time>
      </trkpt>
      <trkpt lat="47.114945" lon="17.91373333">
        <ele>260.3</ele>
        <time>2025-07-31T16:22:22Z</time>
      </trkpt>
      <trkpt lat="47.11485833" lon="17.91378167">
        <ele>259.4</ele>
        <time>2025-07-31T16:22:23Z</time>
      </trkpt>
      <trkpt lat="47.114765" lon="17.91383333">
        <ele>260.1</ele>
        <time>2025-07-31T16:22:24Z</time>
      </trkpt>
      <trkpt lat="47.11466167" lon="17.91388">
        <ele>260</ele>
        <time>2025-07-31T16:22:25Z</time>
      </trkpt>
      <trkpt lat="47.114555" lon="17.91392667">
        <ele>260.4</ele>
        <time>2025-07-31T16:22:26Z</time>
      </trkpt>
      <trkpt lat="47.114455" lon="17.91397167">
        <ele>261.1</ele>
        <time>2025-07-31T16:22:27Z</time>
      </trkpt>
      <trkpt lat="47.11434667" lon="17.914015">
        <ele>261.7</ele>
        <time>2025-07-31T16:22:28Z</time>
      </trkpt>
      <trkpt lat="47.11423833" lon="17.91405">
        <ele>262.5</ele>
        <time>2025-07-31T16:22:29Z</time>
      </trkpt>
      <trkpt lat="47.11410333" lon="17.91406667">
        <ele>263.6</ele>
        <time>2025-07-31T16:22:30Z</time>
      </trkpt>
      <trkpt lat="47.11398833" lon="17.91410333">
        <ele>264.1</ele>
        <time>2025-07-31T16:22:31Z</time>
      </trkpt>
      <trkpt lat="47.11387333" lon="17.914135">
        <ele>265.3</ele>
        <time>2025-07-31T16:22:32Z</time>
      </trkpt>
      <trkpt lat="47.11376667" lon="17.91416">
        <ele>267.7</ele>
        <time>2025-07-31T16:22:33Z</time>
      </trkpt>
      <trkpt lat="47.11366333" lon="17.91418">
        <ele>269.7</ele>
        <time>2025-07-31T16:22:34Z</time>
      </trkpt>
      <trkpt lat="47.113555" lon="17.91421167">
        <ele>271.5</ele>
        <time>2025-07-31T16:22:35Z</time>
      </trkpt>
      <trkpt lat="47.11344" lon="17.91423167">
        <ele>271.3</ele>
        <time>2025-07-31T16:22:36Z</time>
      </trkpt>
      <trkpt lat="47.11332" lon="17.91426167">
        <ele>271</ele>
        <time>2025-07-31T16:22:37Z</time>
      </trkpt>
      <trkpt lat="47.11319333" lon="17.91429167">
        <ele>271.2</ele>
        <time>2025-07-31T16:22:38Z</time>
      </trkpt>
      <trkpt lat="47.11307333" lon="17.91432333">
        <ele>271.1</ele>
        <time>2025-07-31T16:22:39Z</time>
      </trkpt>
      <trkpt lat="47.112945" lon="17.91435">
        <ele>271.6</ele>
        <time>2025-07-31T16:22:40Z</time>
      </trkpt>
      <trkpt lat="47.11281833" lon="17.91438667">
        <ele>272.2</ele>
        <time>2025-07-31T16:22:41Z</time>
      </trkpt>
      <trkpt lat="47.11268833" lon="17.91442">
        <ele>272.2</ele>
        <time>2025-07-31T16:22:42Z</time>
      </trkpt>
      <trkpt lat="47.11256333" lon="17.91444833">
        <ele>271.8</ele>
        <time>2025-07-31T16:22:43Z</time>
      </trkpt>
      <trkpt lat="47.112435" lon="17.91447833">
        <ele>271.9</ele>
        <time>2025-07-31T16:22:44Z</time>
      </trkpt>
      <trkpt lat="47.11231" lon="17.91450333">
        <ele>271.8</ele>
        <time>2025-07-31T16:22:45Z</time>
      </trkpt>
      <trkpt lat="47.11218333" lon="17.91452167">
        <ele>272.3</ele>
        <time>2025-07-31T16:22:46Z</time>
      </trkpt>
      <trkpt lat="47.11205" lon="17.91455667">
        <ele>272.6</ele>
        <time>2025-07-31T16:22:47Z</time>
      </trkpt>
      <trkpt lat="47.11192" lon="17.91458833">
        <ele>272.5</ele>
        <time>2025-07-31T16:22:48Z</time>
      </trkpt>
      <trkpt lat="47.11178667" lon="17.91462167">
        <ele>272.9</ele>
        <time>2025-07-31T16:22:49Z</time>
      </trkpt>
      <trkpt lat="47.11166" lon="17.91465">
        <ele>272.2</ele>
        <time>2025-07-31T16:22:50Z</time>
      </trkpt>
      <trkpt lat="47.11155333" lon="17.91467">
        <ele>271.7</ele>
        <time>2025-07-31T16:22:51Z</time>
      </trkpt>
      <trkpt lat="47.11143167" lon="17.914675">
        <ele>271.7</ele>
        <time>2025-07-31T16:22:52Z</time>
      </trkpt>
      <trkpt lat="47.11131333" lon="17.91468333">
        <ele>272.1</ele>
        <time>2025-07-31T16:22:53Z</time>
      </trkpt>
      <trkpt lat="47.11120833" lon="17.91467">
        <ele>276.1</ele>
        <time>2025-07-31T16:22:54Z</time>
      </trkpt>
      <trkpt lat="47.111095" lon="17.91464667">
        <ele>278.6</ele>
        <time>2025-07-31T16:22:55Z</time>
      </trkpt>
      <trkpt lat="47.11097833" lon="17.91461">
        <ele>279.5</ele>
        <time>2025-07-31T16:22:56Z</time>
      </trkpt>
      <trkpt lat="47.11085667" lon="17.91456167">
        <ele>279.9</ele>
        <time>2025-07-31T16:22:57Z</time>
      </trkpt>
      <trkpt lat="47.11073833" lon="17.91450667">
        <ele>281.3</ele>
        <time>2025-07-31T16:22:58Z</time>
      </trkpt>
      <trkpt lat="47.11062833" lon="17.91443833">
        <ele>281.4</ele>
        <time>2025-07-31T16:22:59Z</time>
      </trkpt>
      <trkpt lat="47.11052167" lon="17.91436167">
        <ele>281.8</ele>
        <time>2025-07-31T16:23:00Z</time>
      </trkpt>
      <trkpt lat="47.11041333" lon="17.91427667">
        <ele>281.5</ele>
        <time>2025-07-31T16:23:01Z</time>
      </trkpt>
      <trkpt lat="47.11030167" lon="17.91418167">
        <ele>280.6</ele>
        <time>2025-07-31T16:23:02Z</time>
      </trkpt>
      <trkpt lat="47.1102" lon="17.91407167">
        <ele>280.5</ele>
        <time>2025-07-31T16:23:03Z</time>
      </trkpt>
      <trkpt lat="47.11010833" lon="17.91394">
        <ele>280</ele>
        <time>2025-07-31T16:23:04Z</time>
      </trkpt>
      <trkpt lat="47.11002" lon="17.91379833">
        <ele>279.9</ele>
        <time>2025-07-31T16:23:05Z</time>
      </trkpt>
      <trkpt lat="47.10993333" lon="17.913645">
        <ele>278.2</ele>
        <time>2025-07-31T16:23:06Z</time>
      </trkpt>
      <trkpt lat="47.10986667" lon="17.91349">
        <ele>278.1</ele>
        <time>2025-07-31T16:23:07Z</time>
      </trkpt>
      <trkpt lat="47.10981167" lon="17.91333">
        <ele>279.4</ele>
        <time>2025-07-31T16:23:08Z</time>
      </trkpt>
      <trkpt lat="47.10974833" lon="17.91316">
        <ele>280.1</ele>
        <time>2025-07-31T16:23:09Z</time>
      </trkpt>
      <trkpt lat="47.10968" lon="17.91298">
        <ele>282</ele>
        <time>2025-07-31T16:23:10Z</time>
      </trkpt>
      <trkpt lat="47.10961167" lon="17.91281167">
        <ele>281.9</ele>
        <time>2025-07-31T16:23:11Z</time>
      </trkpt>
      <trkpt lat="47.109555" lon="17.912645">
        <ele>282.5</ele>
        <time>2025-07-31T16:23:12Z</time>
      </trkpt>
      <trkpt lat="47.10948833" lon="17.9125">
        <ele>282.4</ele>
        <time>2025-07-31T16:23:13Z</time>
      </trkpt>
      <trkpt lat="47.10941333" lon="17.91237">
        <ele>282.1</ele>
        <time>2025-07-31T16:23:14Z</time>
      </trkpt>
      <trkpt lat="47.10934" lon="17.912225">
        <ele>282</ele>
        <time>2025-07-31T16:23:15Z</time>
      </trkpt>
      <trkpt lat="47.10924667" lon="17.91209833">
        <ele>283.7</ele>
        <time>2025-07-31T16:23:16Z</time>
      </trkpt>
      <trkpt lat="47.10915833" lon="17.911975">
        <ele>284.5</ele>
        <time>2025-07-31T16:23:17Z</time>
      </trkpt>
      <trkpt lat="47.10905667" lon="17.91186833">
        <ele>283.7</ele>
        <time>2025-07-31T16:23:18Z</time>
      </trkpt>
      <trkpt lat="47.10896" lon="17.91177333">
        <ele>283.4</ele>
        <time>2025-07-31T16:23:19Z</time>
      </trkpt>
      <trkpt lat="47.10885833" lon="17.91167667">
        <ele>283.7</ele>
        <time>2025-07-31T16:23:20Z</time>
      </trkpt>
      <trkpt lat="47.10876167" lon="17.911595">
        <ele>285.2</ele>
        <time>2025-07-31T16:23:21Z</time>
      </trkpt>
      <trkpt lat="47.10864667" lon="17.911525">
        <ele>285.1</ele>
        <time>2025-07-31T16:23:22Z</time>
      </trkpt>
      <trkpt lat="47.10854167" lon="17.91146167">
        <ele>284.9</ele>
        <time>2025-07-31T16:23:23Z</time>
      </trkpt>
      <trkpt lat="47.108445" lon="17.911425">
        <ele>284.3</ele>
        <time>2025-07-31T16:23:24Z</time>
      </trkpt>
      <trkpt lat="47.10835" lon="17.911395">
        <ele>283.7</ele>
        <time>2025-07-31T16:23:25Z</time>
      </trkpt>
      <trkpt lat="47.10825333" lon="17.91136833">
        <ele>283.2</ele>
        <time>2025-07-31T16:23:26Z</time>
      </trkpt>
      <trkpt lat="47.108155" lon="17.91133667">
        <ele>283.9</ele>
        <time>2025-07-31T16:23:27Z</time>
      </trkpt>
      <trkpt lat="47.107995" lon="17.91134">
        <ele>284.8</ele>
        <time>2025-07-31T16:23:29Z</time>
      </trkpt>
      <trkpt lat="47.107835" lon="17.911355">
        <ele>285.1</ele>
        <time>2025-07-31T16:23:31Z</time>
      </trkpt>
      <trkpt lat="47.10769167" lon="17.91135167">
        <ele>286.9</ele>
        <time>2025-07-31T16:23:33Z</time>
      </trkpt>
      <trkpt lat="47.10758333" lon="17.91133167">
        <ele>287.7</ele>
        <time>2025-07-31T16:23:35Z</time>
      </trkpt>
      <trkpt lat="47.10748667" lon="17.91134667">
        <ele>287.7</ele>
        <time>2025-07-31T16:23:38Z</time>
      </trkpt>
      <trkpt lat="47.107385" lon="17.91139833">
        <ele>287.9</ele>
        <time>2025-07-31T16:24:06Z</time>
      </trkpt>
      <trkpt lat="47.10729333" lon="17.91144167">
        <ele>288.2</ele>
        <time>2025-07-31T16:24:08Z</time>
      </trkpt>
      <trkpt lat="47.10719833" lon="17.91145167">
        <ele>288.5</ele>
        <time>2025-07-31T16:24:10Z</time>
      </trkpt>
      <trkpt lat="47.10708667" lon="17.911455">
        <ele>288.8</ele>
        <time>2025-07-31T16:24:12Z</time>
      </trkpt>
      <trkpt lat="47.10694" lon="17.91148833">
        <ele>289.5</ele>
        <time>2025-07-31T16:24:14Z</time>
      </trkpt>
      <trkpt lat="47.10678667" lon="17.911525">
        <ele>289.5</ele>
        <time>2025-07-31T16:24:16Z</time>
      </trkpt>
      <trkpt lat="47.106625" lon="17.91156167">
        <ele>291.4</ele>
        <time>2025-07-31T16:24:18Z</time>
      </trkpt>
      <trkpt lat="47.10646" lon="17.91156">
        <ele>292.5</ele>
        <time>2025-07-31T16:24:20Z</time>
      </trkpt>
      <trkpt lat="47.10637" lon="17.911565">
        <ele>292.9</ele>
        <time>2025-07-31T16:24:21Z</time>
      </trkpt>
      <trkpt lat="47.10627667" lon="17.91157833">
        <ele>293.2</ele>
        <time>2025-07-31T16:24:22Z</time>
      </trkpt>
      <trkpt lat="47.10617" lon="17.91160167">
        <ele>293.2</ele>
        <time>2025-07-31T16:24:23Z</time>
      </trkpt>
      <trkpt lat="47.10606" lon="17.91161833">
        <ele>293.1</ele>
        <time>2025-07-31T16:24:24Z</time>
      </trkpt>
      <trkpt lat="47.105945" lon="17.91163833">
        <ele>292.8</ele>
        <time>2025-07-31T16:24:25Z</time>
      </trkpt>
      <trkpt lat="47.10582667" lon="17.91166167">
        <ele>292.9</ele>
        <time>2025-07-31T16:24:26Z</time>
      </trkpt>
      <trkpt lat="47.10572333" lon="17.91168667">
        <ele>293</ele>
        <time>2025-07-31T16:24:27Z</time>
      </trkpt>
      <trkpt lat="47.10562" lon="17.91172833">
        <ele>293.8</ele>
        <time>2025-07-31T16:24:28Z</time>
      </trkpt>
      <trkpt lat="47.105515" lon="17.91177333">
        <ele>294.1</ele>
        <time>2025-07-31T16:24:29Z</time>
      </trkpt>
      <trkpt lat="47.10540333" lon="17.91182333">
        <ele>294.9</ele>
        <time>2025-07-31T16:24:30Z</time>
      </trkpt>
      <trkpt lat="47.10529167" lon="17.91185">
        <ele>295.1</ele>
        <time>2025-07-31T16:24:31Z</time>
      </trkpt>
      <trkpt lat="47.105175" lon="17.91187333">
        <ele>295.5</ele>
        <time>2025-07-31T16:24:32Z</time>
      </trkpt>
      <trkpt lat="47.105055" lon="17.91189833">
        <ele>295.2</ele>
        <time>2025-07-31T16:24:33Z</time>
      </trkpt>
      <trkpt lat="47.10494333" lon="17.911925">
        <ele>295</ele>
        <time>2025-07-31T16:24:34Z</time>
      </trkpt>
      <trkpt lat="47.104825" lon="17.91196">
        <ele>294.4</ele>
        <time>2025-07-31T16:24:35Z</time>
      </trkpt>
      <trkpt lat="47.10470333" lon="17.91200333">
        <ele>295</ele>
        <time>2025-07-31T16:24:36Z</time>
      </trkpt>
      <trkpt lat="47.10458167" lon="17.91205">
        <ele>295</ele>
        <time>2025-07-31T16:24:37Z</time>
      </trkpt>
      <trkpt lat="47.10445667" lon="17.91209">
        <ele>295.3</ele>
        <time>2025-07-31T16:24:38Z</time>
      </trkpt>
      <trkpt lat="47.10434167" lon="17.91212667">
        <ele>295.3</ele>
        <time>2025-07-31T16:24:39Z</time>
      </trkpt>
      <trkpt lat="47.10422" lon="17.91217">
        <ele>295.3</ele>
        <time>2025-07-31T16:24:40Z</time>
      </trkpt>
      <trkpt lat="47.1041" lon="17.91220167">
        <ele>295.4</ele>
        <time>2025-07-31T16:24:41Z</time>
      </trkpt>
      <trkpt lat="47.10397833" lon="17.91224">
        <ele>298.6</ele>
        <time>2025-07-31T16:24:42Z</time>
      </trkpt>
      <trkpt lat="47.10385333" lon="17.91228667">
        <ele>298.3</ele>
        <time>2025-07-31T16:24:43Z</time>
      </trkpt>
      <trkpt lat="47.10373" lon="17.91233167">
        <ele>298.2</ele>
        <time>2025-07-31T16:24:44Z</time>
      </trkpt>
      <trkpt lat="47.10360167" lon="17.91235833">
        <ele>298.9</ele>
        <time>2025-07-31T16:24:45Z</time>
      </trkpt>
      <trkpt lat="47.10347667" lon="17.91238833">
        <ele>299.3</ele>
        <time>2025-07-31T16:24:46Z</time>
      </trkpt>
      <trkpt lat="47.103355" lon="17.91242833">
        <ele>298.9</ele>
        <time>2025-07-31T16:24:47Z</time>
      </trkpt>
      <trkpt lat="47.10323833" lon="17.91247">
        <ele>298.6</ele>
        <time>2025-07-31T16:24:48Z</time>
      </trkpt>
      <trkpt lat="47.10312667" lon="17.91250667">
        <ele>298.2</ele>
        <time>2025-07-31T16:24:49Z</time>
      </trkpt>
      <trkpt lat="47.10300833" lon="17.91253667">
        <ele>297.9</ele>
        <time>2025-07-31T16:24:50Z</time>
      </trkpt>
      <trkpt lat="47.102895" lon="17.91256833">
        <ele>297.4</ele>
        <time>2025-07-31T16:24:51Z</time>
      </trkpt>
      <trkpt lat="47.10280333" lon="17.912595">
        <ele>297.1</ele>
        <time>2025-07-31T16:24:52Z</time>
      </trkpt>
      <trkpt lat="47.102675" lon="17.912635">
        <ele>295.4</ele>
        <time>2025-07-31T16:24:54Z</time>
      </trkpt>
      <trkpt lat="47.10257" lon="17.91265">
        <ele>296.9</ele>
        <time>2025-07-31T16:24:56Z</time>
      </trkpt>
      <trkpt lat="47.10246" lon="17.91263">
        <ele>296.5</ele>
        <time>2025-07-31T16:24:59Z</time>
      </trkpt>
      <trkpt lat="47.10237167" lon="17.91258833">
        <ele>298.2</ele>
        <time>2025-07-31T16:25:01Z</time>
      </trkpt>
      <trkpt lat="47.10227667" lon="17.91259667">
        <ele>298.5</ele>
        <time>2025-07-31T16:25:03Z</time>
      </trkpt>
      <trkpt lat="47.10217" lon="17.91267667">
        <ele>299.6</ele>
        <time>2025-07-31T16:25:05Z</time>
      </trkpt>
      <trkpt lat="47.10204833" lon="17.91276833">
        <ele>299</ele>
        <time>2025-07-31T16:25:07Z</time>
      </trkpt>
      <trkpt lat="47.10188667" lon="17.91285">
        <ele>299.3</ele>
        <time>2025-07-31T16:25:09Z</time>
      </trkpt>
      <trkpt lat="47.10171667" lon="17.91291667">
        <ele>300.6</ele>
        <time>2025-07-31T16:25:11Z</time>
      </trkpt>
      <trkpt lat="47.10162833" lon="17.91295">
        <ele>300.4</ele>
        <time>2025-07-31T16:25:12Z</time>
      </trkpt>
      <trkpt lat="47.10153333" lon="17.91297833">
        <ele>301.4</ele>
        <time>2025-07-31T16:25:13Z</time>
      </trkpt>
      <trkpt lat="47.101435" lon="17.91300167">
        <ele>303</ele>
        <time>2025-07-31T16:25:14Z</time>
      </trkpt>
      <trkpt lat="47.10133667" lon="17.91303333">
        <ele>303.6</ele>
        <time>2025-07-31T16:25:15Z</time>
      </trkpt>
      <trkpt lat="47.101225" lon="17.91305333">
        <ele>304.1</ele>
        <time>2025-07-31T16:25:16Z</time>
      </trkpt>
      <trkpt lat="47.10110833" lon="17.91307833">
        <ele>303.8</ele>
        <time>2025-07-31T16:25:17Z</time>
      </trkpt>
      <trkpt lat="47.10099333" lon="17.91310333">
        <ele>304.4</ele>
        <time>2025-07-31T16:25:18Z</time>
      </trkpt>
      <trkpt lat="47.10088333" lon="17.91312667">
        <ele>304.6</ele>
        <time>2025-07-31T16:25:19Z</time>
      </trkpt>
      <trkpt lat="47.100775" lon="17.91313833">
        <ele>305</ele>
        <time>2025-07-31T16:25:20Z</time>
      </trkpt>
      <trkpt lat="47.10067667" lon="17.91317">
        <ele>304.6</ele>
        <time>2025-07-31T16:25:21Z</time>
      </trkpt>
      <trkpt lat="47.10056833" lon="17.91318333">
        <ele>305.3</ele>
        <time>2025-07-31T16:25:22Z</time>
      </trkpt>
      <trkpt lat="47.10046333" lon="17.91320333">
        <ele>306.1</ele>
        <time>2025-07-31T16:25:23Z</time>
      </trkpt>
      <trkpt lat="47.10035167" lon="17.91321">
        <ele>305.7</ele>
        <time>2025-07-31T16:25:24Z</time>
      </trkpt>
      <trkpt lat="47.10022333" lon="17.91322">
        <ele>306.4</ele>
        <time>2025-07-31T16:25:25Z</time>
      </trkpt>
      <trkpt lat="47.1001" lon="17.913225">
        <ele>306.9</ele>
        <time>2025-07-31T16:25:26Z</time>
      </trkpt>
      <trkpt lat="47.09997833" lon="17.913215">
        <ele>307</ele>
        <time>2025-07-31T16:25:27Z</time>
      </trkpt>
      <trkpt lat="47.09985167" lon="17.91320167">
        <ele>306.6</ele>
        <time>2025-07-31T16:25:28Z</time>
      </trkpt>
      <trkpt lat="47.09972833" lon="17.91319">
        <ele>306.7</ele>
        <time>2025-07-31T16:25:29Z</time>
      </trkpt>
      <trkpt lat="47.09960167" lon="17.91318">
        <ele>306.5</ele>
        <time>2025-07-31T16:25:30Z</time>
      </trkpt>
      <trkpt lat="47.09947833" lon="17.913165">
        <ele>307.1</ele>
        <time>2025-07-31T16:25:31Z</time>
      </trkpt>
      <trkpt lat="47.09935333" lon="17.91316">
        <ele>308.3</ele>
        <time>2025-07-31T16:25:32Z</time>
      </trkpt>
      <trkpt lat="47.09924" lon="17.91314667">
        <ele>307.9</ele>
        <time>2025-07-31T16:25:33Z</time>
      </trkpt>
      <trkpt lat="47.09911833" lon="17.91313833">
        <ele>308.6</ele>
        <time>2025-07-31T16:25:34Z</time>
      </trkpt>
      <trkpt lat="47.09900167" lon="17.91313333">
        <ele>308.5</ele>
        <time>2025-07-31T16:25:35Z</time>
      </trkpt>
      <trkpt lat="47.09888" lon="17.91314167">
        <ele>308.4</ele>
        <time>2025-07-31T16:25:36Z</time>
      </trkpt>
      <trkpt lat="47.09876" lon="17.91314">
        <ele>308.1</ele>
        <time>2025-07-31T16:25:37Z</time>
      </trkpt>
      <trkpt lat="47.09863333" lon="17.91313667">
        <ele>308.4</ele>
        <time>2025-07-31T16:25:38Z</time>
      </trkpt>
      <trkpt lat="47.09849167" lon="17.91313167">
        <ele>309.2</ele>
        <time>2025-07-31T16:25:39Z</time>
      </trkpt>
      <trkpt lat="47.09837667" lon="17.91312667">
        <ele>308.2</ele>
        <time>2025-07-31T16:25:40Z</time>
      </trkpt>
      <trkpt lat="47.09826167" lon="17.91313">
        <ele>308.1</ele>
        <time>2025-07-31T16:25:41Z</time>
      </trkpt>
      <trkpt lat="47.09814333" lon="17.91314167">
        <ele>307.9</ele>
        <time>2025-07-31T16:25:42Z</time>
      </trkpt>
      <trkpt lat="47.09802833" lon="17.91317">
        <ele>307.8</ele>
        <time>2025-07-31T16:25:43Z</time>
      </trkpt>
      <trkpt lat="47.09790833" lon="17.91320667">
        <ele>307.1</ele>
        <time>2025-07-31T16:25:44Z</time>
      </trkpt>
      <trkpt lat="47.09779667" lon="17.91323833">
        <ele>307.9</ele>
        <time>2025-07-31T16:25:45Z</time>
      </trkpt>
      <trkpt lat="47.09768167" lon="17.91326333">
        <ele>307.7</ele>
        <time>2025-07-31T16:25:46Z</time>
      </trkpt>
      <trkpt lat="47.09756167" lon="17.91329333">
        <ele>307.5</ele>
        <time>2025-07-31T16:25:47Z</time>
      </trkpt>
      <trkpt lat="47.09743667" lon="17.91331667">
        <ele>307.5</ele>
        <time>2025-07-31T16:25:48Z</time>
      </trkpt>
      <trkpt lat="47.09732333" lon="17.91334333">
        <ele>307.4</ele>
        <time>2025-07-31T16:25:49Z</time>
      </trkpt>
      <trkpt lat="47.09721167" lon="17.91337167">
        <ele>307.1</ele>
        <time>2025-07-31T16:25:50Z</time>
      </trkpt>
      <trkpt lat="47.09711" lon="17.91339833">
        <ele>306.8</ele>
        <time>2025-07-31T16:25:51Z</time>
      </trkpt>
      <trkpt lat="47.09700667" lon="17.91341667">
        <ele>306.1</ele>
        <time>2025-07-31T16:25:52Z</time>
      </trkpt>
      <trkpt lat="47.09690167" lon="17.91344333">
        <ele>305.9</ele>
        <time>2025-07-31T16:25:53Z</time>
      </trkpt>
      <trkpt lat="47.09680167" lon="17.91346">
        <ele>305.8</ele>
        <time>2025-07-31T16:25:54Z</time>
      </trkpt>
      <trkpt lat="47.09669833" lon="17.91347333">
        <ele>305.3</ele>
        <time>2025-07-31T16:25:55Z</time>
      </trkpt>
      <trkpt lat="47.096595" lon="17.91348333">
        <ele>305.7</ele>
        <time>2025-07-31T16:25:56Z</time>
      </trkpt>
      <trkpt lat="47.096495" lon="17.91350333">
        <ele>305.8</ele>
        <time>2025-07-31T16:25:57Z</time>
      </trkpt>
      <trkpt lat="47.09640167" lon="17.91351167">
        <ele>306.1</ele>
        <time>2025-07-31T16:25:58Z</time>
      </trkpt>
      <trkpt lat="47.09631" lon="17.91350667">
        <ele>306</ele>
        <time>2025-07-31T16:25:59Z</time>
      </trkpt>
      <trkpt lat="47.09619" lon="17.91347667">
        <ele>305.5</ele>
        <time>2025-07-31T16:26:01Z</time>
      </trkpt>
      <trkpt lat="47.09607833" lon="17.91350667">
        <ele>305.2</ele>
        <time>2025-07-31T16:26:04Z</time>
      </trkpt>
      <trkpt lat="47.09607667" lon="17.91367667">
        <ele>304.8</ele>
        <time>2025-07-31T16:26:07Z</time>
      </trkpt>
      <trkpt lat="47.096095" lon="17.913845">
        <ele>304.4</ele>
        <time>2025-07-31T16:26:10Z</time>
      </trkpt>
      <trkpt lat="47.09601667" lon="17.91398167">
        <ele>302.7</ele>
        <time>2025-07-31T16:26:13Z</time>
      </trkpt>
      <trkpt lat="47.09593" lon="17.91402167">
        <ele>300.7</ele>
        <time>2025-07-31T16:26:15Z</time>
      </trkpt>
      <trkpt lat="47.09582667" lon="17.91406333">
        <ele>299.8</ele>
        <time>2025-07-31T16:26:17Z</time>
      </trkpt>
      <trkpt lat="47.095725" lon="17.914105">
        <ele>300.9</ele>
        <time>2025-07-31T16:26:19Z</time>
      </trkpt>
      <trkpt lat="47.095635" lon="17.91414167">
        <ele>301.2</ele>
        <time>2025-07-31T16:26:21Z</time>
      </trkpt>
      <trkpt lat="47.09553167" lon="17.914185">
        <ele>301.5</ele>
        <time>2025-07-31T16:26:24Z</time>
      </trkpt>
    </trkseg>
  </trk>
</gpx>