<?xml version='1.0' encoding='UTF-8' standalone='yes' ?>
<gpx xmlns="http://www.topografix.com/GPX/1/1" xmlns:geotracker="http://ilyabogdanovich.com/gpx/extensions/geotracker" xmlns:xsi="http://www.w3.org/2001/XMLSchema-instance" xsi:schemaLocation="http://www.topografix.com/GPX/1/1 http://www.topografix.com/GPX/1/1/gpx.xsd" version="1.1" creator="Recorded in Geo Tracker for Android from Ilya Bogdanovich">
  <metadata>
    <name>b_0710_01</name>
    <author>
      <name>Recorded in Geo Tracker for Android from Ilya Bogdanovich</name>
      <link href="https://play.google.com/store/apps/details?id=com.ilyabogdanovich.geotracker" />
    </author>
    <link href="https://play.google.com/store/apps/details?id=com.ilyabogdanovich.geotracker" />
    <time>2025-07-10T05:42:52Z</time>
  </metadata>
  <trk>
    <name>b_0710_01</name>
    <src>Recorded in Geo Tracker for Android from Ilya Bogdanovich</src>
    <link href="https://play.google.com/store/apps/details?id=com.ilyabogdanovich.geotracker" />
    <extensions>
      <geotracker:meta>
        <geotracker:length>28060.21</geotracker:length>
        <geotracker:duration>3403118</geotracker:duration>
        <geotracker:creationtime>2025-07-10T05:42:52Z</geotracker:creationtime>
        <geotracker:activity>0</geotracker:activity>
      </geotracker:meta>
    </extensions>
    <trkseg>
      <trkpt lat="48.15944333" lon="22.2773">
        <ele>153.2</ele>
        <time>2025-07-10T05:42:58Z</time>
      </trkpt>
      <trkpt lat="48.159475" lon="22.27724667">
        <ele>151</ele>
        <time>2025-07-10T05:46:40Z</time>
      </trkpt>
      <trkpt lat="48.15959167" lon="22.27725667">
        <ele>149.4</ele>
        <time>2025-07-10T05:47:30Z</time>
      </trkpt>
      <trkpt lat="48.159685" lon="22.27725">
        <ele>149.4</ele>
        <time>2025-07-10T05:47:32Z</time>
      </trkpt>
      <trkpt lat="48.15979833" lon="22.27723">
        <ele>149.4</ele>
        <time>2025-07-10T05:47:34Z</time>
      </trkpt>
      <trkpt lat="48.159925" lon="22.27719833">
        <ele>148.8</ele>
        <time>2025-07-10T05:47:36Z</time>
      </trkpt>
      <trkpt lat="48.16008" lon="22.27715667">
        <ele>148.9</ele>
        <time>2025-07-10T05:47:38Z</time>
      </trkpt>
      <trkpt lat="48.16024" lon="22.27711833">
        <ele>148.2</ele>
        <time>2025-07-10T05:47:40Z</time>
      </trkpt>
      <trkpt lat="48.16039833" lon="22.277065">
        <ele>148.8</ele>
        <time>2025-07-10T05:47:42Z</time>
      </trkpt>
      <trkpt lat="48.16048833" lon="22.277035">
        <ele>148.2</ele>
        <time>2025-07-10T05:47:43Z</time>
      </trkpt>
      <trkpt lat="48.16065167" lon="22.27699167">
        <ele>150</ele>
        <time>2025-07-10T05:47:45Z</time>
      </trkpt>
      <trkpt lat="48.16074167" lon="22.276965">
        <ele>150.8</ele>
        <time>2025-07-10T05:47:46Z</time>
      </trkpt>
      <trkpt lat="48.16084167" lon="22.27693">
        <ele>151.7</ele>
        <time>2025-07-10T05:47:47Z</time>
      </trkpt>
      <trkpt lat="48.16093333" lon="22.27690667">
        <ele>151.1</ele>
        <time>2025-07-10T05:47:48Z</time>
      </trkpt>
      <trkpt lat="48.16110333" lon="22.27685833">
        <ele>149.7</ele>
        <time>2025-07-10T05:47:50Z</time>
      </trkpt>
      <trkpt lat="48.16127667" lon="22.27681833">
        <ele>149</ele>
        <time>2025-07-10T05:47:52Z</time>
      </trkpt>
      <trkpt lat="48.161375" lon="22.27680333">
        <ele>149.1</ele>
        <time>2025-07-10T05:47:53Z</time>
      </trkpt>
      <trkpt lat="48.16147" lon="22.27678667">
        <ele>149</ele>
        <time>2025-07-10T05:47:54Z</time>
      </trkpt>
      <trkpt lat="48.16163833" lon="22.27675667">
        <ele>149.5</ele>
        <time>2025-07-10T05:47:56Z</time>
      </trkpt>
      <trkpt lat="48.16173333" lon="22.276735">
        <ele>148.7</ele>
        <time>2025-07-10T05:47:57Z</time>
      </trkpt>
      <trkpt lat="48.16182667" lon="22.27671">
        <ele>148.7</ele>
        <time>2025-07-10T05:47:58Z</time>
      </trkpt>
      <trkpt lat="48.16192" lon="22.27668167">
        <ele>149.2</ele>
        <time>2025-07-10T05:47:59Z</time>
      </trkpt>
      <trkpt lat="48.16201667" lon="22.27666167">
        <ele>149</ele>
        <time>2025-07-10T05:48:00Z</time>
      </trkpt>
      <trkpt lat="48.16211167" lon="22.27663667">
        <ele>148</ele>
        <time>2025-07-10T05:48:01Z</time>
      </trkpt>
      <trkpt lat="48.162205" lon="22.276615">
        <ele>147.9</ele>
        <time>2025-07-10T05:48:02Z</time>
      </trkpt>
      <trkpt lat="48.1623" lon="22.27659667">
        <ele>147.9</ele>
        <time>2025-07-10T05:48:03Z</time>
      </trkpt>
      <trkpt lat="48.16239167" lon="22.276585">
        <ele>147.9</ele>
        <time>2025-07-10T05:48:04Z</time>
      </trkpt>
      <trkpt lat="48.16256667" lon="22.27655333">
        <ele>149.5</ele>
        <time>2025-07-10T05:48:06Z</time>
      </trkpt>
      <trkpt lat="48.16267167" lon="22.27653667">
        <ele>149.9</ele>
        <time>2025-07-10T05:48:07Z</time>
      </trkpt>
      <trkpt lat="48.16276833" lon="22.27652">
        <ele>150.7</ele>
        <time>2025-07-10T05:48:08Z</time>
      </trkpt>
      <trkpt lat="48.16287333" lon="22.27650333">
        <ele>151.3</ele>
        <time>2025-07-10T05:48:09Z</time>
      </trkpt>
      <trkpt lat="48.16297" lon="22.27649333">
        <ele>152.7</ele>
        <time>2025-07-10T05:48:10Z</time>
      </trkpt>
      <trkpt lat="48.16307667" lon="22.27648667">
        <ele>152.8</ele>
        <time>2025-07-10T05:48:11Z</time>
      </trkpt>
      <trkpt lat="48.16317667" lon="22.27647">
        <ele>152.8</ele>
        <time>2025-07-10T05:48:12Z</time>
      </trkpt>
      <trkpt lat="48.163285" lon="22.27645">
        <ele>153.2</ele>
        <time>2025-07-10T05:48:13Z</time>
      </trkpt>
      <trkpt lat="48.163395" lon="22.27644167">
        <ele>153.5</ele>
        <time>2025-07-10T05:48:14Z</time>
      </trkpt>
      <trkpt lat="48.16350333" lon="22.276435">
        <ele>153.4</ele>
        <time>2025-07-10T05:48:15Z</time>
      </trkpt>
      <trkpt lat="48.163605" lon="22.27641667">
        <ele>153.8</ele>
        <time>2025-07-10T05:48:16Z</time>
      </trkpt>
      <trkpt lat="48.16371167" lon="22.276405">
        <ele>152.7</ele>
        <time>2025-07-10T05:48:17Z</time>
      </trkpt>
      <trkpt lat="48.163825" lon="22.2764">
        <ele>152.5</ele>
        <time>2025-07-10T05:48:18Z</time>
      </trkpt>
      <trkpt lat="48.16393833" lon="22.27638667">
        <ele>154.3</ele>
        <time>2025-07-10T05:48:19Z</time>
      </trkpt>
      <trkpt lat="48.16405333" lon="22.27637">
        <ele>154.4</ele>
        <time>2025-07-10T05:48:20Z</time>
      </trkpt>
      <trkpt lat="48.16417" lon="22.27635667">
        <ele>155.6</ele>
        <time>2025-07-10T05:48:21Z</time>
      </trkpt>
      <trkpt lat="48.16428167" lon="22.276345">
        <ele>155.5</ele>
        <time>2025-07-10T05:48:22Z</time>
      </trkpt>
      <trkpt lat="48.16439167" lon="22.276335">
        <ele>154.4</ele>
        <time>2025-07-10T05:48:23Z</time>
      </trkpt>
      <trkpt lat="48.1645" lon="22.276325">
        <ele>153.7</ele>
        <time>2025-07-10T05:48:24Z</time>
      </trkpt>
      <trkpt lat="48.16461333" lon="22.27630833">
        <ele>153.6</ele>
        <time>2025-07-10T05:48:25Z</time>
      </trkpt>
      <trkpt lat="48.16472333" lon="22.27628333">
        <ele>153.9</ele>
        <time>2025-07-10T05:48:26Z</time>
      </trkpt>
      <trkpt lat="48.16483667" lon="22.27627167">
        <ele>153.6</ele>
        <time>2025-07-10T05:48:27Z</time>
      </trkpt>
      <trkpt lat="48.164945" lon="22.27624833">
        <ele>153.5</ele>
        <time>2025-07-10T05:48:28Z</time>
      </trkpt>
      <trkpt lat="48.16505333" lon="22.27621667">
        <ele>152.7</ele>
        <time>2025-07-10T05:48:29Z</time>
      </trkpt>
      <trkpt lat="48.16516167" lon="22.276185">
        <ele>151.5</ele>
        <time>2025-07-10T05:48:30Z</time>
      </trkpt>
      <trkpt lat="48.16526333" lon="22.276155">
        <ele>151.1</ele>
        <time>2025-07-10T05:48:31Z</time>
      </trkpt>
      <trkpt lat="48.16538" lon="22.27612833">
        <ele>150.5</ele>
        <time>2025-07-10T05:48:32Z</time>
      </trkpt>
      <trkpt lat="48.16549667" lon="22.276085">
        <ele>150.2</ele>
        <time>2025-07-10T05:48:33Z</time>
      </trkpt>
      <trkpt lat="48.16560333" lon="22.27604333">
        <ele>150.9</ele>
        <time>2025-07-10T05:48:34Z</time>
      </trkpt>
      <trkpt lat="48.16571" lon="22.27600333">
        <ele>151.3</ele>
        <time>2025-07-10T05:48:35Z</time>
      </trkpt>
      <trkpt lat="48.165815" lon="22.27596">
        <ele>151.1</ele>
        <time>2025-07-10T05:48:36Z</time>
      </trkpt>
      <trkpt lat="48.16592" lon="22.27592167">
        <ele>150.8</ele>
        <time>2025-07-10T05:48:37Z</time>
      </trkpt>
      <trkpt lat="48.16602667" lon="22.27587833">
        <ele>150.1</ele>
        <time>2025-07-10T05:48:38Z</time>
      </trkpt>
      <trkpt lat="48.166135" lon="22.275835">
        <ele>150.2</ele>
        <time>2025-07-10T05:48:39Z</time>
      </trkpt>
      <trkpt lat="48.16623833" lon="22.27579">
        <ele>149.9</ele>
        <time>2025-07-10T05:48:40Z</time>
      </trkpt>
      <trkpt lat="48.166345" lon="22.27574667">
        <ele>150.2</ele>
        <time>2025-07-10T05:48:41Z</time>
      </trkpt>
      <trkpt lat="48.16644833" lon="22.2757">
        <ele>150.3</ele>
        <time>2025-07-10T05:48:42Z</time>
      </trkpt>
      <trkpt lat="48.16655333" lon="22.27565667">
        <ele>150.7</ele>
        <time>2025-07-10T05:48:43Z</time>
      </trkpt>
      <trkpt lat="48.16665667" lon="22.27561">
        <ele>150.5</ele>
        <time>2025-07-10T05:48:44Z</time>
      </trkpt>
      <trkpt lat="48.16676667" lon="22.27556667">
        <ele>150.1</ele>
        <time>2025-07-10T05:48:45Z</time>
      </trkpt>
      <trkpt lat="48.16687333" lon="22.27552333">
        <ele>149.9</ele>
        <time>2025-07-10T05:48:46Z</time>
      </trkpt>
      <trkpt lat="48.16698" lon="22.27547833">
        <ele>150</ele>
        <time>2025-07-10T05:48:47Z</time>
      </trkpt>
      <trkpt lat="48.16708833" lon="22.27543167">
        <ele>149.9</ele>
        <time>2025-07-10T05:48:48Z</time>
      </trkpt>
      <trkpt lat="48.1672" lon="22.27539167">
        <ele>150</ele>
        <time>2025-07-10T05:48:49Z</time>
      </trkpt>
      <trkpt lat="48.16730833" lon="22.27534833">
        <ele>150.3</ele>
        <time>2025-07-10T05:48:50Z</time>
      </trkpt>
      <trkpt lat="48.167415" lon="22.27530333">
        <ele>150.7</ele>
        <time>2025-07-10T05:48:51Z</time>
      </trkpt>
      <trkpt lat="48.167525" lon="22.27526">
        <ele>151.1</ele>
        <time>2025-07-10T05:48:52Z</time>
      </trkpt>
      <trkpt lat="48.167635" lon="22.275215">
        <ele>150.7</ele>
        <time>2025-07-10T05:48:53Z</time>
      </trkpt>
      <trkpt lat="48.16774667" lon="22.27516833">
        <ele>150.6</ele>
        <time>2025-07-10T05:48:54Z</time>
      </trkpt>
      <trkpt lat="48.167855" lon="22.275125">
        <ele>150.9</ele>
        <time>2025-07-10T05:48:55Z</time>
      </trkpt>
      <trkpt lat="48.16796833" lon="22.27507833">
        <ele>151.1</ele>
        <time>2025-07-10T05:48:56Z</time>
      </trkpt>
      <trkpt lat="48.16808833" lon="22.27503667">
        <ele>151.1</ele>
        <time>2025-07-10T05:48:57Z</time>
      </trkpt>
      <trkpt lat="48.16819833" lon="22.274985">
        <ele>151.8</ele>
        <time>2025-07-10T05:48:58Z</time>
      </trkpt>
      <trkpt lat="48.168315" lon="22.27493333">
        <ele>152.4</ele>
        <time>2025-07-10T05:48:59Z</time>
      </trkpt>
      <trkpt lat="48.168435" lon="22.27488667">
        <ele>152.8</ele>
        <time>2025-07-10T05:49:00Z</time>
      </trkpt>
      <trkpt lat="48.16855333" lon="22.27484167">
        <ele>153.7</ele>
        <time>2025-07-10T05:49:01Z</time>
      </trkpt>
      <trkpt lat="48.16866833" lon="22.27479">
        <ele>154</ele>
        <time>2025-07-10T05:49:02Z</time>
      </trkpt>
      <trkpt lat="48.168785" lon="22.27474667">
        <ele>154</ele>
        <time>2025-07-10T05:49:03Z</time>
      </trkpt>
      <trkpt lat="48.16890667" lon="22.274695">
        <ele>153.9</ele>
        <time>2025-07-10T05:49:04Z</time>
      </trkpt>
      <trkpt lat="48.16903" lon="22.27464833">
        <ele>153.7</ele>
        <time>2025-07-10T05:49:05Z</time>
      </trkpt>
      <trkpt lat="48.16914667" lon="22.274605">
        <ele>153.8</ele>
        <time>2025-07-10T05:49:06Z</time>
      </trkpt>
      <trkpt lat="48.16926" lon="22.27455">
        <ele>153.2</ele>
        <time>2025-07-10T05:49:07Z</time>
      </trkpt>
      <trkpt lat="48.16938167" lon="22.27449833">
        <ele>152.7</ele>
        <time>2025-07-10T05:49:08Z</time>
      </trkpt>
      <trkpt lat="48.16949667" lon="22.27445">
        <ele>151.5</ele>
        <time>2025-07-10T05:49:09Z</time>
      </trkpt>
      <trkpt lat="48.16961667" lon="22.27439667">
        <ele>151.2</ele>
        <time>2025-07-10T05:49:10Z</time>
      </trkpt>
      <trkpt lat="48.16973333" lon="22.274345">
        <ele>151</ele>
        <time>2025-07-10T05:49:11Z</time>
      </trkpt>
      <trkpt lat="48.16985" lon="22.274295">
        <ele>151</ele>
        <time>2025-07-10T05:49:12Z</time>
      </trkpt>
      <trkpt lat="48.16996667" lon="22.27425167">
        <ele>150.7</ele>
        <time>2025-07-10T05:49:13Z</time>
      </trkpt>
      <trkpt lat="48.17008333" lon="22.274205">
        <ele>150.9</ele>
        <time>2025-07-10T05:49:14Z</time>
      </trkpt>
      <trkpt lat="48.17019667" lon="22.27416833">
        <ele>150.3</ele>
        <time>2025-07-10T05:49:15Z</time>
      </trkpt>
      <trkpt lat="48.17031333" lon="22.27412833">
        <ele>150.4</ele>
        <time>2025-07-10T05:49:16Z</time>
      </trkpt>
      <trkpt lat="48.17043" lon="22.27410167">
        <ele>150.3</ele>
        <time>2025-07-10T05:49:17Z</time>
      </trkpt>
      <trkpt lat="48.17055" lon="22.274075">
        <ele>149.9</ele>
        <time>2025-07-10T05:49:18Z</time>
      </trkpt>
      <trkpt lat="48.17067" lon="22.27405167">
        <ele>149.2</ele>
        <time>2025-07-10T05:49:19Z</time>
      </trkpt>
      <trkpt lat="48.17079" lon="22.27402833">
        <ele>150.3</ele>
        <time>2025-07-10T05:49:20Z</time>
      </trkpt>
      <trkpt lat="48.17090667" lon="22.27401667">
        <ele>150.7</ele>
        <time>2025-07-10T05:49:21Z</time>
      </trkpt>
      <trkpt lat="48.17101833" lon="22.273995">
        <ele>151.8</ele>
        <time>2025-07-10T05:49:22Z</time>
      </trkpt>
      <trkpt lat="48.17113333" lon="22.27396">
        <ele>152.3</ele>
        <time>2025-07-10T05:49:23Z</time>
      </trkpt>
      <trkpt lat="48.17124333" lon="22.27390833">
        <ele>152.3</ele>
        <time>2025-07-10T05:49:24Z</time>
      </trkpt>
      <trkpt lat="48.17135333" lon="22.273855">
        <ele>151.8</ele>
        <time>2025-07-10T05:49:25Z</time>
      </trkpt>
      <trkpt lat="48.17146333" lon="22.27379333">
        <ele>152.3</ele>
        <time>2025-07-10T05:49:26Z</time>
      </trkpt>
      <trkpt lat="48.17157167" lon="22.27372667">
        <ele>153.8</ele>
        <time>2025-07-10T05:49:27Z</time>
      </trkpt>
      <trkpt lat="48.171675" lon="22.273655">
        <ele>154.1</ele>
        <time>2025-07-10T05:49:28Z</time>
      </trkpt>
      <trkpt lat="48.17178167" lon="22.27357667">
        <ele>154</ele>
        <time>2025-07-10T05:49:29Z</time>
      </trkpt>
      <trkpt lat="48.171895" lon="22.27350167">
        <ele>154.2</ele>
        <time>2025-07-10T05:49:30Z</time>
      </trkpt>
      <trkpt lat="48.172005" lon="22.27343167">
        <ele>154</ele>
        <time>2025-07-10T05:49:31Z</time>
      </trkpt>
      <trkpt lat="48.17211167" lon="22.27336333">
        <ele>153.1</ele>
        <time>2025-07-10T05:49:32Z</time>
      </trkpt>
      <trkpt lat="48.172225" lon="22.27329333">
        <ele>152.6</ele>
        <time>2025-07-10T05:49:33Z</time>
      </trkpt>
      <trkpt lat="48.17233167" lon="22.27323167">
        <ele>152.3</ele>
        <time>2025-07-10T05:49:34Z</time>
      </trkpt>
      <trkpt lat="48.17244833" lon="22.27317">
        <ele>151.6</ele>
        <time>2025-07-10T05:49:35Z</time>
      </trkpt>
      <trkpt lat="48.17256167" lon="22.27311333">
        <ele>150.4</ele>
        <time>2025-07-10T05:49:36Z</time>
      </trkpt>
      <trkpt lat="48.17268333" lon="22.27306">
        <ele>150.7</ele>
        <time>2025-07-10T05:49:37Z</time>
      </trkpt>
      <trkpt lat="48.172795" lon="22.273005">
        <ele>151.4</ele>
        <time>2025-07-10T05:49:38Z</time>
      </trkpt>
      <trkpt lat="48.17291167" lon="22.27295833">
        <ele>151.4</ele>
        <time>2025-07-10T05:49:39Z</time>
      </trkpt>
      <trkpt lat="48.17302833" lon="22.272905">
        <ele>151.5</ele>
        <time>2025-07-10T05:49:40Z</time>
      </trkpt>
      <trkpt lat="48.173145" lon="22.27284667">
        <ele>152</ele>
        <time>2025-07-10T05:49:41Z</time>
      </trkpt>
      <trkpt lat="48.17325667" lon="22.27279667">
        <ele>151.8</ele>
        <time>2025-07-10T05:49:42Z</time>
      </trkpt>
      <trkpt lat="48.17337167" lon="22.272735">
        <ele>151.9</ele>
        <time>2025-07-10T05:49:43Z</time>
      </trkpt>
      <trkpt lat="48.17349" lon="22.27267333">
        <ele>150.7</ele>
        <time>2025-07-10T05:49:44Z</time>
      </trkpt>
      <trkpt lat="48.173595" lon="22.27262167">
        <ele>151</ele>
        <time>2025-07-10T05:49:45Z</time>
      </trkpt>
      <trkpt lat="48.17370667" lon="22.27257667">
        <ele>151</ele>
        <time>2025-07-10T05:49:46Z</time>
      </trkpt>
      <trkpt lat="48.17381167" lon="22.272525">
        <ele>150.5</ele>
        <time>2025-07-10T05:49:47Z</time>
      </trkpt>
      <trkpt lat="48.17391667" lon="22.27247667">
        <ele>150</ele>
        <time>2025-07-10T05:49:48Z</time>
      </trkpt>
      <trkpt lat="48.17401833" lon="22.27243">
        <ele>149.6</ele>
        <time>2025-07-10T05:49:49Z</time>
      </trkpt>
      <trkpt lat="48.17411167" lon="22.27238333">
        <ele>149.8</ele>
        <time>2025-07-10T05:49:50Z</time>
      </trkpt>
      <trkpt lat="48.17420167" lon="22.27234167">
        <ele>149.6</ele>
        <time>2025-07-10T05:49:51Z</time>
      </trkpt>
      <trkpt lat="48.174345" lon="22.27227167">
        <ele>150.8</ele>
        <time>2025-07-10T05:49:53Z</time>
      </trkpt>
      <trkpt lat="48.17445833" lon="22.27221667">
        <ele>151.3</ele>
        <time>2025-07-10T05:49:55Z</time>
      </trkpt>
      <trkpt lat="48.17459" lon="22.272155">
        <ele>149.9</ele>
        <time>2025-07-10T05:51:13Z</time>
      </trkpt>
      <trkpt lat="48.17471667" lon="22.27209667">
        <ele>151.6</ele>
        <time>2025-07-10T05:51:16Z</time>
      </trkpt>
      <trkpt lat="48.17483" lon="22.272035">
        <ele>152.5</ele>
        <time>2025-07-10T05:51:18Z</time>
      </trkpt>
      <trkpt lat="48.17495167" lon="22.27198">
        <ele>153.9</ele>
        <time>2025-07-10T05:51:20Z</time>
      </trkpt>
      <trkpt lat="48.17509333" lon="22.27189833">
        <ele>155</ele>
        <time>2025-07-10T05:51:22Z</time>
      </trkpt>
      <trkpt lat="48.17524333" lon="22.27181333">
        <ele>155.3</ele>
        <time>2025-07-10T05:51:24Z</time>
      </trkpt>
      <trkpt lat="48.17540667" lon="22.27172667">
        <ele>156.7</ele>
        <time>2025-07-10T05:51:26Z</time>
      </trkpt>
      <trkpt lat="48.17549667" lon="22.27166333">
        <ele>157.3</ele>
        <time>2025-07-10T05:51:27Z</time>
      </trkpt>
      <trkpt lat="48.17558333" lon="22.271605">
        <ele>157.7</ele>
        <time>2025-07-10T05:51:28Z</time>
      </trkpt>
      <trkpt lat="48.17567167" lon="22.27155667">
        <ele>157.9</ele>
        <time>2025-07-10T05:51:29Z</time>
      </trkpt>
      <trkpt lat="48.17575667" lon="22.27149667">
        <ele>157.7</ele>
        <time>2025-07-10T05:51:30Z</time>
      </trkpt>
      <trkpt lat="48.17583667" lon="22.27143333">
        <ele>157.9</ele>
        <time>2025-07-10T05:51:31Z</time>
      </trkpt>
      <trkpt lat="48.17591333" lon="22.27136">
        <ele>157.3</ele>
        <time>2025-07-10T05:51:32Z</time>
      </trkpt>
      <trkpt lat="48.17607" lon="22.27123667">
        <ele>158.2</ele>
        <time>2025-07-10T05:51:34Z</time>
      </trkpt>
      <trkpt lat="48.176215" lon="22.27110167">
        <ele>158.5</ele>
        <time>2025-07-10T05:51:36Z</time>
      </trkpt>
      <trkpt lat="48.176355" lon="22.27095167">
        <ele>157.4</ele>
        <time>2025-07-10T05:51:38Z</time>
      </trkpt>
      <trkpt lat="48.17644" lon="22.270745">
        <ele>157.4</ele>
        <time>2025-07-10T05:51:40Z</time>
      </trkpt>
      <trkpt lat="48.17646333" lon="22.27050333">
        <ele>156.8</ele>
        <time>2025-07-10T05:51:42Z</time>
      </trkpt>
      <trkpt lat="48.17648" lon="22.270245">
        <ele>156.9</ele>
        <time>2025-07-10T05:51:44Z</time>
      </trkpt>
      <trkpt lat="48.17648" lon="22.27010833">
        <ele>157.2</ele>
        <time>2025-07-10T05:51:45Z</time>
      </trkpt>
      <trkpt lat="48.17648" lon="22.26996833">
        <ele>157.3</ele>
        <time>2025-07-10T05:51:46Z</time>
      </trkpt>
      <trkpt lat="48.17647333" lon="22.26982833">
        <ele>157.7</ele>
        <time>2025-07-10T05:51:47Z</time>
      </trkpt>
      <trkpt lat="48.17647" lon="22.26968167">
        <ele>157.9</ele>
        <time>2025-07-10T05:51:48Z</time>
      </trkpt>
      <trkpt lat="48.17646667" lon="22.26953167">
        <ele>158.1</ele>
        <time>2025-07-10T05:51:49Z</time>
      </trkpt>
      <trkpt lat="48.17645667" lon="22.26937333">
        <ele>157.5</ele>
        <time>2025-07-10T05:51:50Z</time>
      </trkpt>
      <trkpt lat="48.17644833" lon="22.26921667">
        <ele>157</ele>
        <time>2025-07-10T05:51:51Z</time>
      </trkpt>
      <trkpt lat="48.17643667" lon="22.26907333">
        <ele>156.1</ele>
        <time>2025-07-10T05:51:52Z</time>
      </trkpt>
      <trkpt lat="48.17643333" lon="22.26893">
        <ele>154.8</ele>
        <time>2025-07-10T05:51:53Z</time>
      </trkpt>
      <trkpt lat="48.17643667" lon="22.268775">
        <ele>153.7</ele>
        <time>2025-07-10T05:51:54Z</time>
      </trkpt>
      <trkpt lat="48.176435" lon="22.26862833">
        <ele>154.7</ele>
        <time>2025-07-10T05:51:55Z</time>
      </trkpt>
      <trkpt lat="48.17644333" lon="22.26849">
        <ele>153.7</ele>
        <time>2025-07-10T05:51:56Z</time>
      </trkpt>
      <trkpt lat="48.17646667" lon="22.26834667">
        <ele>153.8</ele>
        <time>2025-07-10T05:51:57Z</time>
      </trkpt>
      <trkpt lat="48.17653667" lon="22.26811">
        <ele>153.7</ele>
        <time>2025-07-10T05:51:59Z</time>
      </trkpt>
      <trkpt lat="48.176605" lon="22.26801333">
        <ele>155</ele>
        <time>2025-07-10T05:52:00Z</time>
      </trkpt>
      <trkpt lat="48.17667833" lon="22.26792667">
        <ele>155.9</ele>
        <time>2025-07-10T05:52:01Z</time>
      </trkpt>
      <trkpt lat="48.17676667" lon="22.26787333">
        <ele>156.6</ele>
        <time>2025-07-10T05:52:02Z</time>
      </trkpt>
      <trkpt lat="48.17686333" lon="22.26783833">
        <ele>157</ele>
        <time>2025-07-10T05:52:03Z</time>
      </trkpt>
      <trkpt lat="48.17696833" lon="22.26780333">
        <ele>157.5</ele>
        <time>2025-07-10T05:52:04Z</time>
      </trkpt>
      <trkpt lat="48.17707333" lon="22.26777">
        <ele>157.3</ele>
        <time>2025-07-10T05:52:05Z</time>
      </trkpt>
      <trkpt lat="48.177185" lon="22.26774">
        <ele>157.3</ele>
        <time>2025-07-10T05:52:06Z</time>
      </trkpt>
      <trkpt lat="48.17729333" lon="22.26770833">
        <ele>156.7</ele>
        <time>2025-07-10T05:52:07Z</time>
      </trkpt>
      <trkpt lat="48.17740667" lon="22.26767667">
        <ele>155.7</ele>
        <time>2025-07-10T05:52:08Z</time>
      </trkpt>
      <trkpt lat="48.177525" lon="22.26762833">
        <ele>154.3</ele>
        <time>2025-07-10T05:52:09Z</time>
      </trkpt>
      <trkpt lat="48.17764833" lon="22.26758667">
        <ele>154.1</ele>
        <time>2025-07-10T05:52:10Z</time>
      </trkpt>
      <trkpt lat="48.17777333" lon="22.26753667">
        <ele>154.1</ele>
        <time>2025-07-10T05:52:11Z</time>
      </trkpt>
      <trkpt lat="48.177885" lon="22.26749167">
        <ele>154.1</ele>
        <time>2025-07-10T05:52:12Z</time>
      </trkpt>
      <trkpt lat="48.178005" lon="22.26744833">
        <ele>153.4</ele>
        <time>2025-07-10T05:52:13Z</time>
      </trkpt>
      <trkpt lat="48.17813333" lon="22.2674">
        <ele>152.7</ele>
        <time>2025-07-10T05:52:14Z</time>
      </trkpt>
      <trkpt lat="48.17825833" lon="22.26735">
        <ele>153.5</ele>
        <time>2025-07-10T05:52:15Z</time>
      </trkpt>
      <trkpt lat="48.17838167" lon="22.26730333">
        <ele>154</ele>
        <time>2025-07-10T05:52:16Z</time>
      </trkpt>
      <trkpt lat="48.1785" lon="22.26726167">
        <ele>154.5</ele>
        <time>2025-07-10T05:52:17Z</time>
      </trkpt>
      <trkpt lat="48.17862667" lon="22.26722">
        <ele>154.9</ele>
        <time>2025-07-10T05:52:18Z</time>
      </trkpt>
      <trkpt lat="48.17875667" lon="22.26717667">
        <ele>155</ele>
        <time>2025-07-10T05:52:19Z</time>
      </trkpt>
      <trkpt lat="48.17888" lon="22.26712667">
        <ele>154.7</ele>
        <time>2025-07-10T05:52:20Z</time>
      </trkpt>
      <trkpt lat="48.17900333" lon="22.267075">
        <ele>154.5</ele>
        <time>2025-07-10T05:52:21Z</time>
      </trkpt>
      <trkpt lat="48.179125" lon="22.26703">
        <ele>154.9</ele>
        <time>2025-07-10T05:52:22Z</time>
      </trkpt>
      <trkpt lat="48.17924667" lon="22.26698667">
        <ele>155.5</ele>
        <time>2025-07-10T05:52:23Z</time>
      </trkpt>
      <trkpt lat="48.179365" lon="22.26695167">
        <ele>156.3</ele>
        <time>2025-07-10T05:52:24Z</time>
      </trkpt>
      <trkpt lat="48.17949" lon="22.266905">
        <ele>155.4</ele>
        <time>2025-07-10T05:52:25Z</time>
      </trkpt>
      <trkpt lat="48.17961833" lon="22.266865">
        <ele>154.9</ele>
        <time>2025-07-10T05:52:26Z</time>
      </trkpt>
      <trkpt lat="48.17974833" lon="22.26681667">
        <ele>155.2</ele>
        <time>2025-07-10T05:52:27Z</time>
      </trkpt>
      <trkpt lat="48.17987833" lon="22.26676833">
        <ele>155.6</ele>
        <time>2025-07-10T05:52:28Z</time>
      </trkpt>
      <trkpt lat="48.18001333" lon="22.266715">
        <ele>155.5</ele>
        <time>2025-07-10T05:52:29Z</time>
      </trkpt>
      <trkpt lat="48.18015333" lon="22.26665667">
        <ele>154.6</ele>
        <time>2025-07-10T05:52:30Z</time>
      </trkpt>
      <trkpt lat="48.18028667" lon="22.2666">
        <ele>154.5</ele>
        <time>2025-07-10T05:52:31Z</time>
      </trkpt>
      <trkpt lat="48.18041667" lon="22.26654833">
        <ele>153.6</ele>
        <time>2025-07-10T05:52:32Z</time>
      </trkpt>
      <trkpt lat="48.18055167" lon="22.26649167">
        <ele>153.2</ele>
        <time>2025-07-10T05:52:33Z</time>
      </trkpt>
      <trkpt lat="48.18069167" lon="22.26643667">
        <ele>154.9</ele>
        <time>2025-07-10T05:52:34Z</time>
      </trkpt>
      <trkpt lat="48.18082833" lon="22.26638333">
        <ele>154.6</ele>
        <time>2025-07-10T05:52:35Z</time>
      </trkpt>
      <trkpt lat="48.18095833" lon="22.26634">
        <ele>153.9</ele>
        <time>2025-07-10T05:52:36Z</time>
      </trkpt>
      <trkpt lat="48.18109833" lon="22.26628">
        <ele>153.8</ele>
        <time>2025-07-10T05:52:37Z</time>
      </trkpt>
      <trkpt lat="48.18123" lon="22.26623667">
        <ele>154.5</ele>
        <time>2025-07-10T05:52:38Z</time>
      </trkpt>
      <trkpt lat="48.18136833" lon="22.26619167">
        <ele>155.3</ele>
        <time>2025-07-10T05:52:39Z</time>
      </trkpt>
      <trkpt lat="48.18150667" lon="22.26614667">
        <ele>155.4</ele>
        <time>2025-07-10T05:52:40Z</time>
      </trkpt>
      <trkpt lat="48.18164333" lon="22.26610167">
        <ele>155.3</ele>
        <time>2025-07-10T05:52:41Z</time>
      </trkpt>
      <trkpt lat="48.18178667" lon="22.266045">
        <ele>155.7</ele>
        <time>2025-07-10T05:52:42Z</time>
      </trkpt>
      <trkpt lat="48.18192833" lon="22.26598">
        <ele>156.1</ele>
        <time>2025-07-10T05:52:43Z</time>
      </trkpt>
      <trkpt lat="48.18206167" lon="22.26591667">
        <ele>156.4</ele>
        <time>2025-07-10T05:52:44Z</time>
      </trkpt>
      <trkpt lat="48.18219833" lon="22.26585833">
        <ele>156.3</ele>
        <time>2025-07-10T05:52:45Z</time>
      </trkpt>
      <trkpt lat="48.18233833" lon="22.2658">
        <ele>157.1</ele>
        <time>2025-07-10T05:52:46Z</time>
      </trkpt>
      <trkpt lat="48.18245" lon="22.26574">
        <ele>155.9</ele>
        <time>2025-07-10T05:52:47Z</time>
      </trkpt>
      <trkpt lat="48.18257167" lon="22.26567667">
        <ele>154.7</ele>
        <time>2025-07-10T05:52:48Z</time>
      </trkpt>
      <trkpt lat="48.182705" lon="22.2656">
        <ele>154.5</ele>
        <time>2025-07-10T05:52:49Z</time>
      </trkpt>
      <trkpt lat="48.18283833" lon="22.26552167">
        <ele>154.4</ele>
        <time>2025-07-10T05:52:50Z</time>
      </trkpt>
      <trkpt lat="48.18298333" lon="22.26543833">
        <ele>153.6</ele>
        <time>2025-07-10T05:52:51Z</time>
      </trkpt>
      <trkpt lat="48.18311667" lon="22.26535">
        <ele>153.9</ele>
        <time>2025-07-10T05:52:52Z</time>
      </trkpt>
      <trkpt lat="48.18325167" lon="22.26526667">
        <ele>154.3</ele>
        <time>2025-07-10T05:52:53Z</time>
      </trkpt>
      <trkpt lat="48.183375" lon="22.26519167">
        <ele>153.5</ele>
        <time>2025-07-10T05:52:54Z</time>
      </trkpt>
      <trkpt lat="48.1835" lon="22.26511833">
        <ele>153.1</ele>
        <time>2025-07-10T05:52:55Z</time>
      </trkpt>
      <trkpt lat="48.18363" lon="22.26503167">
        <ele>152.7</ele>
        <time>2025-07-10T05:52:56Z</time>
      </trkpt>
      <trkpt lat="48.18375667" lon="22.26494167">
        <ele>152.1</ele>
        <time>2025-07-10T05:52:57Z</time>
      </trkpt>
      <trkpt lat="48.18390167" lon="22.26486833">
        <ele>151.5</ele>
        <time>2025-07-10T05:52:58Z</time>
      </trkpt>
      <trkpt lat="48.18403167" lon="22.264785">
        <ele>152.3</ele>
        <time>2025-07-10T05:52:59Z</time>
      </trkpt>
      <trkpt lat="48.18417167" lon="22.2647">
        <ele>152.1</ele>
        <time>2025-07-10T05:53:00Z</time>
      </trkpt>
      <trkpt lat="48.18430333" lon="22.26460333">
        <ele>152.1</ele>
        <time>2025-07-10T05:53:01Z</time>
      </trkpt>
      <trkpt lat="48.18444667" lon="22.26451833">
        <ele>150.8</ele>
        <time>2025-07-10T05:53:02Z</time>
      </trkpt>
      <trkpt lat="48.184575" lon="22.26443833">
        <ele>150.3</ele>
        <time>2025-07-10T05:53:03Z</time>
      </trkpt>
      <trkpt lat="48.18470333" lon="22.26434167">
        <ele>149.8</ele>
        <time>2025-07-10T05:53:04Z</time>
      </trkpt>
      <trkpt lat="48.184835" lon="22.26425667">
        <ele>149.7</ele>
        <time>2025-07-10T05:53:05Z</time>
      </trkpt>
      <trkpt lat="48.18497333" lon="22.26417333">
        <ele>150.3</ele>
        <time>2025-07-10T05:53:06Z</time>
      </trkpt>
      <trkpt lat="48.18511" lon="22.264095">
        <ele>149.7</ele>
        <time>2025-07-10T05:53:07Z</time>
      </trkpt>
      <trkpt lat="48.18525333" lon="22.26400667">
        <ele>149.3</ele>
        <time>2025-07-10T05:53:08Z</time>
      </trkpt>
      <trkpt lat="48.18539167" lon="22.26392167">
        <ele>149.2</ele>
        <time>2025-07-10T05:53:09Z</time>
      </trkpt>
      <trkpt lat="48.18554" lon="22.26384833">
        <ele>149.2</ele>
        <time>2025-07-10T05:53:10Z</time>
      </trkpt>
      <trkpt lat="48.18568" lon="22.26376333">
        <ele>149.5</ele>
        <time>2025-07-10T05:53:11Z</time>
      </trkpt>
      <trkpt lat="48.18581667" lon="22.26369167">
        <ele>149</ele>
        <time>2025-07-10T05:53:12Z</time>
      </trkpt>
      <trkpt lat="48.18594833" lon="22.263595">
        <ele>150.3</ele>
        <time>2025-07-10T05:53:13Z</time>
      </trkpt>
      <trkpt lat="48.18608167" lon="22.26351667">
        <ele>149.6</ele>
        <time>2025-07-10T05:53:14Z</time>
      </trkpt>
      <trkpt lat="48.18622" lon="22.26342167">
        <ele>150</ele>
        <time>2025-07-10T05:53:15Z</time>
      </trkpt>
      <trkpt lat="48.18636667" lon="22.26332667">
        <ele>152.1</ele>
        <time>2025-07-10T05:53:16Z</time>
      </trkpt>
      <trkpt lat="48.18649667" lon="22.263245">
        <ele>152.7</ele>
        <time>2025-07-10T05:53:17Z</time>
      </trkpt>
      <trkpt lat="48.186645" lon="22.263155">
        <ele>152.7</ele>
        <time>2025-07-10T05:53:18Z</time>
      </trkpt>
      <trkpt lat="48.18678833" lon="22.26307167">
        <ele>152.8</ele>
        <time>2025-07-10T05:53:19Z</time>
      </trkpt>
      <trkpt lat="48.18692667" lon="22.26299667">
        <ele>152.6</ele>
        <time>2025-07-10T05:53:20Z</time>
      </trkpt>
      <trkpt lat="48.18706667" lon="22.26292833">
        <ele>152.5</ele>
        <time>2025-07-10T05:53:21Z</time>
      </trkpt>
      <trkpt lat="48.18721167" lon="22.262865">
        <ele>152.5</ele>
        <time>2025-07-10T05:53:22Z</time>
      </trkpt>
      <trkpt lat="48.18735833" lon="22.26280667">
        <ele>152.6</ele>
        <time>2025-07-10T05:53:23Z</time>
      </trkpt>
      <trkpt lat="48.18752667" lon="22.26273667">
        <ele>154.7</ele>
        <time>2025-07-10T05:53:24Z</time>
      </trkpt>
      <trkpt lat="48.18767667" lon="22.26268333">
        <ele>154.5</ele>
        <time>2025-07-10T05:53:25Z</time>
      </trkpt>
      <trkpt lat="48.18782833" lon="22.262635">
        <ele>154.3</ele>
        <time>2025-07-10T05:53:26Z</time>
      </trkpt>
      <trkpt lat="48.18797667" lon="22.26258667">
        <ele>154.3</ele>
        <time>2025-07-10T05:53:27Z</time>
      </trkpt>
      <trkpt lat="48.188125" lon="22.26252333">
        <ele>155.7</ele>
        <time>2025-07-10T05:53:28Z</time>
      </trkpt>
      <trkpt lat="48.18825833" lon="22.26248">
        <ele>154.7</ele>
        <time>2025-07-10T05:53:29Z</time>
      </trkpt>
      <trkpt lat="48.18840667" lon="22.262415">
        <ele>154.9</ele>
        <time>2025-07-10T05:53:30Z</time>
      </trkpt>
      <trkpt lat="48.18856167" lon="22.262335">
        <ele>152.4</ele>
        <time>2025-07-10T05:53:31Z</time>
      </trkpt>
      <trkpt lat="48.18870667" lon="22.26226833">
        <ele>153.6</ele>
        <time>2025-07-10T05:53:32Z</time>
      </trkpt>
      <trkpt lat="48.18886333" lon="22.26222167">
        <ele>153.6</ele>
        <time>2025-07-10T05:53:33Z</time>
      </trkpt>
      <trkpt lat="48.18902" lon="22.26216667">
        <ele>154.3</ele>
        <time>2025-07-10T05:53:34Z</time>
      </trkpt>
      <trkpt lat="48.18917833" lon="22.26212">
        <ele>154.2</ele>
        <time>2025-07-10T05:53:35Z</time>
      </trkpt>
      <trkpt lat="48.189345" lon="22.262095">
        <ele>153.3</ele>
        <time>2025-07-10T05:53:36Z</time>
      </trkpt>
      <trkpt lat="48.18949833" lon="22.26203167">
        <ele>152.1</ele>
        <time>2025-07-10T05:53:37Z</time>
      </trkpt>
      <trkpt lat="48.189655" lon="22.26197">
        <ele>152.9</ele>
        <time>2025-07-10T05:53:38Z</time>
      </trkpt>
      <trkpt lat="48.18980667" lon="22.26190167">
        <ele>153.3</ele>
        <time>2025-07-10T05:53:39Z</time>
      </trkpt>
      <trkpt lat="48.18995833" lon="22.26183667">
        <ele>155.4</ele>
        <time>2025-07-10T05:53:40Z</time>
      </trkpt>
      <trkpt lat="48.19011667" lon="22.26177167">
        <ele>155.3</ele>
        <time>2025-07-10T05:53:41Z</time>
      </trkpt>
      <trkpt lat="48.19026167" lon="22.26171333">
        <ele>154</ele>
        <time>2025-07-10T05:53:42Z</time>
      </trkpt>
      <trkpt lat="48.19041667" lon="22.26166">
        <ele>152.8</ele>
        <time>2025-07-10T05:53:43Z</time>
      </trkpt>
      <trkpt lat="48.19058333" lon="22.261625">
        <ele>151.3</ele>
        <time>2025-07-10T05:53:44Z</time>
      </trkpt>
      <trkpt lat="48.190745" lon="22.26156833">
        <ele>151.3</ele>
        <time>2025-07-10T05:53:45Z</time>
      </trkpt>
      <trkpt lat="48.19091333" lon="22.26151167">
        <ele>151</ele>
        <time>2025-07-10T05:53:46Z</time>
      </trkpt>
      <trkpt lat="48.19108333" lon="22.26146167">
        <ele>151.9</ele>
        <time>2025-07-10T05:53:47Z</time>
      </trkpt>
      <trkpt lat="48.191245" lon="22.26142333">
        <ele>151</ele>
        <time>2025-07-10T05:53:48Z</time>
      </trkpt>
      <trkpt lat="48.19141833" lon="22.26136">
        <ele>150.6</ele>
        <time>2025-07-10T05:53:49Z</time>
      </trkpt>
      <trkpt lat="48.19158167" lon="22.26129167">
        <ele>150.8</ele>
        <time>2025-07-10T05:53:50Z</time>
      </trkpt>
      <trkpt lat="48.19174333" lon="22.26123167">
        <ele>150.4</ele>
        <time>2025-07-10T05:53:51Z</time>
      </trkpt>
      <trkpt lat="48.191905" lon="22.261185">
        <ele>149.9</ele>
        <time>2025-07-10T05:53:52Z</time>
      </trkpt>
      <trkpt lat="48.19206333" lon="22.26112667">
        <ele>149.7</ele>
        <time>2025-07-10T05:53:53Z</time>
      </trkpt>
      <trkpt lat="48.192215" lon="22.26107333">
        <ele>149.6</ele>
        <time>2025-07-10T05:53:54Z</time>
      </trkpt>
      <trkpt lat="48.192385" lon="22.261005">
        <ele>148.8</ele>
        <time>2025-07-10T05:53:55Z</time>
      </trkpt>
      <trkpt lat="48.19255" lon="22.26094667">
        <ele>149.6</ele>
        <time>2025-07-10T05:53:56Z</time>
      </trkpt>
      <trkpt lat="48.19272167" lon="22.26088333">
        <ele>149.4</ele>
        <time>2025-07-10T05:53:57Z</time>
      </trkpt>
      <trkpt lat="48.19287667" lon="22.26083333">
        <ele>149.2</ele>
        <time>2025-07-10T05:53:58Z</time>
      </trkpt>
      <trkpt lat="48.19303833" lon="22.260775">
        <ele>149.3</ele>
        <time>2025-07-10T05:53:59Z</time>
      </trkpt>
      <trkpt lat="48.19319833" lon="22.260725">
        <ele>150.3</ele>
        <time>2025-07-10T05:54:00Z</time>
      </trkpt>
      <trkpt lat="48.19336" lon="22.26067">
        <ele>151.1</ele>
        <time>2025-07-10T05:54:01Z</time>
      </trkpt>
      <trkpt lat="48.19351833" lon="22.26062833">
        <ele>153.9</ele>
        <time>2025-07-10T05:54:02Z</time>
      </trkpt>
      <trkpt lat="48.19367333" lon="22.26057833">
        <ele>154.2</ele>
        <time>2025-07-10T05:54:03Z</time>
      </trkpt>
      <trkpt lat="48.19382167" lon="22.26052">
        <ele>154.2</ele>
        <time>2025-07-10T05:54:04Z</time>
      </trkpt>
      <trkpt lat="48.19398167" lon="22.26049">
        <ele>153.5</ele>
        <time>2025-07-10T05:54:05Z</time>
      </trkpt>
      <trkpt lat="48.19412667" lon="22.26042833">
        <ele>153.3</ele>
        <time>2025-07-10T05:54:06Z</time>
      </trkpt>
      <trkpt lat="48.19428" lon="22.26036667">
        <ele>153.3</ele>
        <time>2025-07-10T05:54:07Z</time>
      </trkpt>
      <trkpt lat="48.19443167" lon="22.26031167">
        <ele>153.2</ele>
        <time>2025-07-10T05:54:08Z</time>
      </trkpt>
      <trkpt lat="48.19459167" lon="22.26025667">
        <ele>153.8</ele>
        <time>2025-07-10T05:54:09Z</time>
      </trkpt>
      <trkpt lat="48.19475167" lon="22.26021667">
        <ele>153.5</ele>
        <time>2025-07-10T05:54:10Z</time>
      </trkpt>
      <trkpt lat="48.19491833" lon="22.26016167">
        <ele>152.7</ele>
        <time>2025-07-10T05:54:11Z</time>
      </trkpt>
      <trkpt lat="48.19507667" lon="22.26010833">
        <ele>152.5</ele>
        <time>2025-07-10T05:54:12Z</time>
      </trkpt>
      <trkpt lat="48.19520667" lon="22.26005833">
        <ele>154.7</ele>
        <time>2025-07-10T05:54:13Z</time>
      </trkpt>
      <trkpt lat="48.195355" lon="22.259995">
        <ele>154.2</ele>
        <time>2025-07-10T05:54:14Z</time>
      </trkpt>
      <trkpt lat="48.195515" lon="22.259925">
        <ele>153</ele>
        <time>2025-07-10T05:54:15Z</time>
      </trkpt>
      <trkpt lat="48.19565333" lon="22.25986333">
        <ele>152.3</ele>
        <time>2025-07-10T05:54:16Z</time>
      </trkpt>
      <trkpt lat="48.19578833" lon="22.25981167">
        <ele>151.3</ele>
        <time>2025-07-10T05:54:17Z</time>
      </trkpt>
      <trkpt lat="48.1959" lon="22.25975667">
        <ele>149.6</ele>
        <time>2025-07-10T05:54:18Z</time>
      </trkpt>
      <trkpt lat="48.19602667" lon="22.25970167">
        <ele>148.6</ele>
        <time>2025-07-10T05:54:19Z</time>
      </trkpt>
      <trkpt lat="48.19615333" lon="22.25965667">
        <ele>147.4</ele>
        <time>2025-07-10T05:54:20Z</time>
      </trkpt>
      <trkpt lat="48.19628333" lon="22.25961833">
        <ele>148.2</ele>
        <time>2025-07-10T05:54:21Z</time>
      </trkpt>
      <trkpt lat="48.1964" lon="22.259595">
        <ele>147.7</ele>
        <time>2025-07-10T05:54:22Z</time>
      </trkpt>
      <trkpt lat="48.19651" lon="22.25960167">
        <ele>149.5</ele>
        <time>2025-07-10T05:54:23Z</time>
      </trkpt>
      <trkpt lat="48.19664333" lon="22.25963167">
        <ele>151.3</ele>
        <time>2025-07-10T05:54:24Z</time>
      </trkpt>
      <trkpt lat="48.19676333" lon="22.25967667">
        <ele>150.9</ele>
        <time>2025-07-10T05:54:25Z</time>
      </trkpt>
      <trkpt lat="48.19688667" lon="22.25974833">
        <ele>153.4</ele>
        <time>2025-07-10T05:54:26Z</time>
      </trkpt>
      <trkpt lat="48.19700167" lon="22.25983">
        <ele>152.8</ele>
        <time>2025-07-10T05:54:27Z</time>
      </trkpt>
      <trkpt lat="48.19711167" lon="22.259915">
        <ele>152.3</ele>
        <time>2025-07-10T05:54:28Z</time>
      </trkpt>
      <trkpt lat="48.19722333" lon="22.25999833">
        <ele>151.8</ele>
        <time>2025-07-10T05:54:29Z</time>
      </trkpt>
      <trkpt lat="48.19733" lon="22.26007833">
        <ele>151.3</ele>
        <time>2025-07-10T05:54:30Z</time>
      </trkpt>
      <trkpt lat="48.19743667" lon="22.26015667">
        <ele>151.1</ele>
        <time>2025-07-10T05:54:31Z</time>
      </trkpt>
      <trkpt lat="48.19753833" lon="22.26024333">
        <ele>150.8</ele>
        <time>2025-07-10T05:54:32Z</time>
      </trkpt>
      <trkpt lat="48.19763833" lon="22.26031">
        <ele>150.6</ele>
        <time>2025-07-10T05:54:33Z</time>
      </trkpt>
      <trkpt lat="48.19773167" lon="22.26038">
        <ele>151</ele>
        <time>2025-07-10T05:54:34Z</time>
      </trkpt>
      <trkpt lat="48.197815" lon="22.26044333">
        <ele>151.4</ele>
        <time>2025-07-10T05:54:35Z</time>
      </trkpt>
      <trkpt lat="48.19796333" lon="22.26055333">
        <ele>152.3</ele>
        <time>2025-07-10T05:54:37Z</time>
      </trkpt>
      <trkpt lat="48.19806167" lon="22.26062">
        <ele>152.8</ele>
        <time>2025-07-10T05:54:39Z</time>
      </trkpt>
      <trkpt lat="48.19814333" lon="22.26068667">
        <ele>151.5</ele>
        <time>2025-07-10T05:55:00Z</time>
      </trkpt>
      <trkpt lat="48.19823167" lon="22.26074333">
        <ele>151.8</ele>
        <time>2025-07-10T05:55:03Z</time>
      </trkpt>
      <trkpt lat="48.198345" lon="22.26083667">
        <ele>152.7</ele>
        <time>2025-07-10T05:55:06Z</time>
      </trkpt>
      <trkpt lat="48.198445" lon="22.26091333">
        <ele>152.7</ele>
        <time>2025-07-10T05:55:08Z</time>
      </trkpt>
      <trkpt lat="48.19855333" lon="22.26099833">
        <ele>153</ele>
        <time>2025-07-10T05:55:10Z</time>
      </trkpt>
      <trkpt lat="48.19868833" lon="22.26109167">
        <ele>153.5</ele>
        <time>2025-07-10T05:55:12Z</time>
      </trkpt>
      <trkpt lat="48.19884667" lon="22.26121">
        <ele>152.7</ele>
        <time>2025-07-10T05:55:14Z</time>
      </trkpt>
      <trkpt lat="48.19901" lon="22.26133">
        <ele>153.4</ele>
        <time>2025-07-10T05:55:16Z</time>
      </trkpt>
      <trkpt lat="48.19909667" lon="22.26139333">
        <ele>153.2</ele>
        <time>2025-07-10T05:55:17Z</time>
      </trkpt>
      <trkpt lat="48.19918333" lon="22.26146333">
        <ele>152.8</ele>
        <time>2025-07-10T05:55:18Z</time>
      </trkpt>
      <trkpt lat="48.199275" lon="22.26153167">
        <ele>152.3</ele>
        <time>2025-07-10T05:55:19Z</time>
      </trkpt>
      <trkpt lat="48.19936833" lon="22.261595">
        <ele>151.8</ele>
        <time>2025-07-10T05:55:20Z</time>
      </trkpt>
      <trkpt lat="48.19946667" lon="22.26167167">
        <ele>151.6</ele>
        <time>2025-07-10T05:55:21Z</time>
      </trkpt>
      <trkpt lat="48.19957167" lon="22.261755">
        <ele>151.4</ele>
        <time>2025-07-10T05:55:22Z</time>
      </trkpt>
      <trkpt lat="48.19967333" lon="22.26182333">
        <ele>150.8</ele>
        <time>2025-07-10T05:55:23Z</time>
      </trkpt>
      <trkpt lat="48.19978333" lon="22.261895">
        <ele>150.7</ele>
        <time>2025-07-10T05:55:24Z</time>
      </trkpt>
      <trkpt lat="48.19989167" lon="22.26196833">
        <ele>150.8</ele>
        <time>2025-07-10T05:55:25Z</time>
      </trkpt>
      <trkpt lat="48.20000333" lon="22.26203167">
        <ele>151.8</ele>
        <time>2025-07-10T05:55:26Z</time>
      </trkpt>
      <trkpt lat="48.20011" lon="22.26210833">
        <ele>152.4</ele>
        <time>2025-07-10T05:55:27Z</time>
      </trkpt>
      <trkpt lat="48.200215" lon="22.262175">
        <ele>152.4</ele>
        <time>2025-07-10T05:55:28Z</time>
      </trkpt>
      <trkpt lat="48.20032167" lon="22.26223667">
        <ele>152.5</ele>
        <time>2025-07-10T05:55:29Z</time>
      </trkpt>
      <trkpt lat="48.200425" lon="22.26231167">
        <ele>152.5</ele>
        <time>2025-07-10T05:55:30Z</time>
      </trkpt>
      <trkpt lat="48.20052667" lon="22.26238">
        <ele>152.5</ele>
        <time>2025-07-10T05:55:31Z</time>
      </trkpt>
      <trkpt lat="48.200625" lon="22.26244833">
        <ele>152.7</ele>
        <time>2025-07-10T05:55:32Z</time>
      </trkpt>
      <trkpt lat="48.20072167" lon="22.262525">
        <ele>153.3</ele>
        <time>2025-07-10T05:55:33Z</time>
      </trkpt>
      <trkpt lat="48.20081333" lon="22.2626">
        <ele>154.1</ele>
        <time>2025-07-10T05:55:34Z</time>
      </trkpt>
      <trkpt lat="48.20090167" lon="22.26266833">
        <ele>155.1</ele>
        <time>2025-07-10T05:55:35Z</time>
      </trkpt>
      <trkpt lat="48.200995" lon="22.26273">
        <ele>155.9</ele>
        <time>2025-07-10T05:55:36Z</time>
      </trkpt>
      <trkpt lat="48.201085" lon="22.26278667">
        <ele>156.4</ele>
        <time>2025-07-10T05:55:37Z</time>
      </trkpt>
      <trkpt lat="48.20117833" lon="22.26282833">
        <ele>156.3</ele>
        <time>2025-07-10T05:55:38Z</time>
      </trkpt>
      <trkpt lat="48.201275" lon="22.26286333">
        <ele>156.2</ele>
        <time>2025-07-10T05:55:39Z</time>
      </trkpt>
      <trkpt lat="48.20136833" lon="22.26289167">
        <ele>156</ele>
        <time>2025-07-10T05:55:40Z</time>
      </trkpt>
      <trkpt lat="48.20147333" lon="22.26290833">
        <ele>155.7</ele>
        <time>2025-07-10T05:55:41Z</time>
      </trkpt>
      <trkpt lat="48.20157833" lon="22.262915">
        <ele>155.8</ele>
        <time>2025-07-10T05:55:42Z</time>
      </trkpt>
      <trkpt lat="48.20168833" lon="22.262905">
        <ele>156.1</ele>
        <time>2025-07-10T05:55:43Z</time>
      </trkpt>
      <trkpt lat="48.20179" lon="22.262895">
        <ele>156.1</ele>
        <time>2025-07-10T05:55:44Z</time>
      </trkpt>
      <trkpt lat="48.20189167" lon="22.26288">
        <ele>155.6</ele>
        <time>2025-07-10T05:55:45Z</time>
      </trkpt>
      <trkpt lat="48.20199667" lon="22.26286667">
        <ele>155.8</ele>
        <time>2025-07-10T05:55:46Z</time>
      </trkpt>
      <trkpt lat="48.20209167" lon="22.26284833">
        <ele>155.8</ele>
        <time>2025-07-10T05:55:47Z</time>
      </trkpt>
      <trkpt lat="48.20218667" lon="22.262835">
        <ele>155.8</ele>
        <time>2025-07-10T05:55:48Z</time>
      </trkpt>
      <trkpt lat="48.20228" lon="22.26279833">
        <ele>155.6</ele>
        <time>2025-07-10T05:55:49Z</time>
      </trkpt>
      <trkpt lat="48.20238" lon="22.26274833">
        <ele>154.8</ele>
        <time>2025-07-10T05:55:50Z</time>
      </trkpt>
      <trkpt lat="48.20247333" lon="22.262695">
        <ele>154.5</ele>
        <time>2025-07-10T05:55:51Z</time>
      </trkpt>
      <trkpt lat="48.20255667" lon="22.26264">
        <ele>154.2</ele>
        <time>2025-07-10T05:55:52Z</time>
      </trkpt>
      <trkpt lat="48.20268167" lon="22.26252333">
        <ele>153.1</ele>
        <time>2025-07-10T05:55:54Z</time>
      </trkpt>
      <trkpt lat="48.20279333" lon="22.26241833">
        <ele>153.6</ele>
        <time>2025-07-10T05:55:56Z</time>
      </trkpt>
      <trkpt lat="48.20287" lon="22.26234667">
        <ele>152.9</ele>
        <time>2025-07-10T05:56:00Z</time>
      </trkpt>
      <trkpt lat="48.202945" lon="22.26225">
        <ele>152.1</ele>
        <time>2025-07-10T05:57:37Z</time>
      </trkpt>
      <trkpt lat="48.20302333" lon="22.26216333">
        <ele>152.2</ele>
        <time>2025-07-10T05:57:39Z</time>
      </trkpt>
      <trkpt lat="48.20317333" lon="22.26199333">
        <ele>151.9</ele>
        <time>2025-07-10T05:57:42Z</time>
      </trkpt>
      <trkpt lat="48.20328667" lon="22.26185333">
        <ele>152.6</ele>
        <time>2025-07-10T05:57:44Z</time>
      </trkpt>
      <trkpt lat="48.20342667" lon="22.26168">
        <ele>151.8</ele>
        <time>2025-07-10T05:57:46Z</time>
      </trkpt>
      <trkpt lat="48.20349" lon="22.26158167">
        <ele>151.9</ele>
        <time>2025-07-10T05:57:47Z</time>
      </trkpt>
      <trkpt lat="48.20356167" lon="22.26148">
        <ele>152</ele>
        <time>2025-07-10T05:57:48Z</time>
      </trkpt>
      <trkpt lat="48.20363" lon="22.26137167">
        <ele>152</ele>
        <time>2025-07-10T05:57:49Z</time>
      </trkpt>
      <trkpt lat="48.20370333" lon="22.26127167">
        <ele>152</ele>
        <time>2025-07-10T05:57:50Z</time>
      </trkpt>
      <trkpt lat="48.20378167" lon="22.26116833">
        <ele>152.4</ele>
        <time>2025-07-10T05:57:51Z</time>
      </trkpt>
      <trkpt lat="48.20386167" lon="22.26107">
        <ele>152.8</ele>
        <time>2025-07-10T05:57:52Z</time>
      </trkpt>
      <trkpt lat="48.20395" lon="22.26097167">
        <ele>152.1</ele>
        <time>2025-07-10T05:57:53Z</time>
      </trkpt>
      <trkpt lat="48.20404833" lon="22.26089">
        <ele>151.9</ele>
        <time>2025-07-10T05:57:54Z</time>
      </trkpt>
      <trkpt lat="48.20414167" lon="22.26081167">
        <ele>151.9</ele>
        <time>2025-07-10T05:57:55Z</time>
      </trkpt>
      <trkpt lat="48.20424167" lon="22.26073833">
        <ele>151.9</ele>
        <time>2025-07-10T05:57:56Z</time>
      </trkpt>
      <trkpt lat="48.20434" lon="22.26067667">
        <ele>152.7</ele>
        <time>2025-07-10T05:57:57Z</time>
      </trkpt>
      <trkpt lat="48.20445" lon="22.26063667">
        <ele>152.1</ele>
        <time>2025-07-10T05:57:58Z</time>
      </trkpt>
      <trkpt lat="48.20456833" lon="22.26060333">
        <ele>151.5</ele>
        <time>2025-07-10T05:57:59Z</time>
      </trkpt>
      <trkpt lat="48.20468167" lon="22.26057">
        <ele>151.4</ele>
        <time>2025-07-10T05:58:00Z</time>
      </trkpt>
      <trkpt lat="48.20479333" lon="22.26053167">
        <ele>151.7</ele>
        <time>2025-07-10T05:58:01Z</time>
      </trkpt>
      <trkpt lat="48.204905" lon="22.26049833">
        <ele>151.8</ele>
        <time>2025-07-10T05:58:02Z</time>
      </trkpt>
      <trkpt lat="48.20502833" lon="22.26046167">
        <ele>152.6</ele>
        <time>2025-07-10T05:58:03Z</time>
      </trkpt>
      <trkpt lat="48.20514667" lon="22.260425">
        <ele>154.7</ele>
        <time>2025-07-10T05:58:04Z</time>
      </trkpt>
      <trkpt lat="48.20526333" lon="22.26039333">
        <ele>155.4</ele>
        <time>2025-07-10T05:58:05Z</time>
      </trkpt>
      <trkpt lat="48.20538" lon="22.260365">
        <ele>155.8</ele>
        <time>2025-07-10T05:58:06Z</time>
      </trkpt>
      <trkpt lat="48.20550167" lon="22.26034833">
        <ele>155.3</ele>
        <time>2025-07-10T05:58:07Z</time>
      </trkpt>
      <trkpt lat="48.20561" lon="22.260335">
        <ele>155.7</ele>
        <time>2025-07-10T05:58:08Z</time>
      </trkpt>
      <trkpt lat="48.20572167" lon="22.26034">
        <ele>155.2</ele>
        <time>2025-07-10T05:58:09Z</time>
      </trkpt>
      <trkpt lat="48.20582167" lon="22.26034167">
        <ele>154.2</ele>
        <time>2025-07-10T05:58:10Z</time>
      </trkpt>
      <trkpt lat="48.205925" lon="22.26034167">
        <ele>153.5</ele>
        <time>2025-07-10T05:58:11Z</time>
      </trkpt>
      <trkpt lat="48.20602667" lon="22.26033833">
        <ele>152.5</ele>
        <time>2025-07-10T05:58:12Z</time>
      </trkpt>
      <trkpt lat="48.20613" lon="22.260335">
        <ele>151.6</ele>
        <time>2025-07-10T05:58:13Z</time>
      </trkpt>
      <trkpt lat="48.206235" lon="22.26033167">
        <ele>150.8</ele>
        <time>2025-07-10T05:58:14Z</time>
      </trkpt>
      <trkpt lat="48.206335" lon="22.26033833">
        <ele>150.1</ele>
        <time>2025-07-10T05:58:15Z</time>
      </trkpt>
      <trkpt lat="48.20643833" lon="22.26033667">
        <ele>149.5</ele>
        <time>2025-07-10T05:58:16Z</time>
      </trkpt>
      <trkpt lat="48.20653" lon="22.260335">
        <ele>149.8</ele>
        <time>2025-07-10T05:58:17Z</time>
      </trkpt>
      <trkpt lat="48.20663167" lon="22.26032667">
        <ele>150</ele>
        <time>2025-07-10T05:58:18Z</time>
      </trkpt>
      <trkpt lat="48.20673167" lon="22.26031667">
        <ele>150.5</ele>
        <time>2025-07-10T05:58:19Z</time>
      </trkpt>
      <trkpt lat="48.20683" lon="22.26032167">
        <ele>152.9</ele>
        <time>2025-07-10T05:58:20Z</time>
      </trkpt>
      <trkpt lat="48.20692333" lon="22.26032">
        <ele>153.2</ele>
        <time>2025-07-10T05:58:21Z</time>
      </trkpt>
      <trkpt lat="48.20701833" lon="22.260325">
        <ele>153.7</ele>
        <time>2025-07-10T05:58:22Z</time>
      </trkpt>
      <trkpt lat="48.20720167" lon="22.260345">
        <ele>152.9</ele>
        <time>2025-07-10T05:58:24Z</time>
      </trkpt>
      <trkpt lat="48.20729333" lon="22.26035">
        <ele>152.4</ele>
        <time>2025-07-10T05:58:25Z</time>
      </trkpt>
      <trkpt lat="48.20738667" lon="22.260355">
        <ele>152.6</ele>
        <time>2025-07-10T05:58:26Z</time>
      </trkpt>
      <trkpt lat="48.20747667" lon="22.26035333">
        <ele>152.4</ele>
        <time>2025-07-10T05:58:27Z</time>
      </trkpt>
      <trkpt lat="48.20762" lon="22.26035333">
        <ele>152.1</ele>
        <time>2025-07-10T05:58:29Z</time>
      </trkpt>
      <trkpt lat="48.20773167" lon="22.26035">
        <ele>150.4</ele>
        <time>2025-07-10T05:58:31Z</time>
      </trkpt>
      <trkpt lat="48.20783167" lon="22.26036667">
        <ele>148.3</ele>
        <time>2025-07-10T05:59:25Z</time>
      </trkpt>
      <trkpt lat="48.20795833" lon="22.260365">
        <ele>147.4</ele>
        <time>2025-07-10T05:59:28Z</time>
      </trkpt>
      <trkpt lat="48.20808667" lon="22.26036833">
        <ele>147.1</ele>
        <time>2025-07-10T05:59:31Z</time>
      </trkpt>
      <trkpt lat="48.20819333" lon="22.26039167">
        <ele>146.1</ele>
        <time>2025-07-10T05:59:33Z</time>
      </trkpt>
      <trkpt lat="48.208355" lon="22.26039667">
        <ele>145.7</ele>
        <time>2025-07-10T05:59:35Z</time>
      </trkpt>
      <trkpt lat="48.208515" lon="22.26039667">
        <ele>144.9</ele>
        <time>2025-07-10T05:59:37Z</time>
      </trkpt>
      <trkpt lat="48.20867167" lon="22.26039167">
        <ele>144.9</ele>
        <time>2025-07-10T05:59:39Z</time>
      </trkpt>
      <trkpt lat="48.20884667" lon="22.26038833">
        <ele>145.8</ele>
        <time>2025-07-10T05:59:41Z</time>
      </trkpt>
      <trkpt lat="48.20900667" lon="22.26038667">
        <ele>145</ele>
        <time>2025-07-10T05:59:43Z</time>
      </trkpt>
      <trkpt lat="48.2091" lon="22.26038167">
        <ele>144.8</ele>
        <time>2025-07-10T05:59:44Z</time>
      </trkpt>
      <trkpt lat="48.20919833" lon="22.260385">
        <ele>145.3</ele>
        <time>2025-07-10T05:59:45Z</time>
      </trkpt>
      <trkpt lat="48.20929333" lon="22.260385">
        <ele>145.7</ele>
        <time>2025-07-10T05:59:46Z</time>
      </trkpt>
      <trkpt lat="48.20938667" lon="22.260385">
        <ele>146.5</ele>
        <time>2025-07-10T05:59:47Z</time>
      </trkpt>
      <trkpt lat="48.20948167" lon="22.26039167">
        <ele>147.2</ele>
        <time>2025-07-10T05:59:48Z</time>
      </trkpt>
      <trkpt lat="48.20957833" lon="22.260395">
        <ele>148.4</ele>
        <time>2025-07-10T05:59:49Z</time>
      </trkpt>
      <trkpt lat="48.20967" lon="22.26039833">
        <ele>149.2</ele>
        <time>2025-07-10T05:59:50Z</time>
      </trkpt>
      <trkpt lat="48.20976" lon="22.26039833">
        <ele>150.6</ele>
        <time>2025-07-10T05:59:51Z</time>
      </trkpt>
      <trkpt lat="48.20995" lon="22.26039667">
        <ele>151.8</ele>
        <time>2025-07-10T05:59:53Z</time>
      </trkpt>
      <trkpt lat="48.21005" lon="22.2604">
        <ele>153</ele>
        <time>2025-07-10T05:59:54Z</time>
      </trkpt>
      <trkpt lat="48.21023833" lon="22.26043833">
        <ele>153.5</ele>
        <time>2025-07-10T05:59:56Z</time>
      </trkpt>
      <trkpt lat="48.21033833" lon="22.26047667">
        <ele>153.3</ele>
        <time>2025-07-10T05:59:57Z</time>
      </trkpt>
      <trkpt lat="48.210435" lon="22.26051667">
        <ele>153.2</ele>
        <time>2025-07-10T05:59:58Z</time>
      </trkpt>
      <trkpt lat="48.21052667" lon="22.26056167">
        <ele>152.6</ele>
        <time>2025-07-10T05:59:59Z</time>
      </trkpt>
      <trkpt lat="48.21062" lon="22.26060833">
        <ele>152.6</ele>
        <time>2025-07-10T06:00:00Z</time>
      </trkpt>
      <trkpt lat="48.210715" lon="22.26066667">
        <ele>152.9</ele>
        <time>2025-07-10T06:00:01Z</time>
      </trkpt>
      <trkpt lat="48.21081167" lon="22.26072833">
        <ele>152.8</ele>
        <time>2025-07-10T06:00:02Z</time>
      </trkpt>
      <trkpt lat="48.21091167" lon="22.26078167">
        <ele>152.7</ele>
        <time>2025-07-10T06:00:03Z</time>
      </trkpt>
      <trkpt lat="48.211005" lon="22.26084333">
        <ele>153</ele>
        <time>2025-07-10T06:00:04Z</time>
      </trkpt>
      <trkpt lat="48.21109167" lon="22.26091167">
        <ele>153.6</ele>
        <time>2025-07-10T06:00:05Z</time>
      </trkpt>
      <trkpt lat="48.21117833" lon="22.26097833">
        <ele>153.9</ele>
        <time>2025-07-10T06:00:06Z</time>
      </trkpt>
      <trkpt lat="48.21126167" lon="22.26104">
        <ele>153.6</ele>
        <time>2025-07-10T06:00:07Z</time>
      </trkpt>
      <trkpt lat="48.21134833" lon="22.26108833">
        <ele>153.5</ele>
        <time>2025-07-10T06:00:08Z</time>
      </trkpt>
      <trkpt lat="48.21144667" lon="22.26111167">
        <ele>153.9</ele>
        <time>2025-07-10T06:00:09Z</time>
      </trkpt>
      <trkpt lat="48.211535" lon="22.261145">
        <ele>154.9</ele>
        <time>2025-07-10T06:00:10Z</time>
      </trkpt>
      <trkpt lat="48.21162333" lon="22.261175">
        <ele>155</ele>
        <time>2025-07-10T06:00:11Z</time>
      </trkpt>
      <trkpt lat="48.21176667" lon="22.26124333">
        <ele>154</ele>
        <time>2025-07-10T06:00:13Z</time>
      </trkpt>
      <trkpt lat="48.21188667" lon="22.26135833">
        <ele>152.6</ele>
        <time>2025-07-10T06:00:15Z</time>
      </trkpt>
      <trkpt lat="48.21197667" lon="22.26148667">
        <ele>151.9</ele>
        <time>2025-07-10T06:00:17Z</time>
      </trkpt>
      <trkpt lat="48.21206333" lon="22.26155">
        <ele>152.2</ele>
        <time>2025-07-10T06:00:19Z</time>
      </trkpt>
      <trkpt lat="48.21216167" lon="22.26156667">
        <ele>153.3</ele>
        <time>2025-07-10T06:00:21Z</time>
      </trkpt>
      <trkpt lat="48.21229167" lon="22.26150333">
        <ele>153.8</ele>
        <time>2025-07-10T06:00:23Z</time>
      </trkpt>
      <trkpt lat="48.21242833" lon="22.26138167">
        <ele>154.6</ele>
        <time>2025-07-10T06:00:25Z</time>
      </trkpt>
      <trkpt lat="48.212575" lon="22.26125">
        <ele>154.4</ele>
        <time>2025-07-10T06:00:27Z</time>
      </trkpt>
      <trkpt lat="48.21281" lon="22.26101667">
        <ele>154.1</ele>
        <time>2025-07-10T06:00:30Z</time>
      </trkpt>
      <trkpt lat="48.21289333" lon="22.26093167">
        <ele>154</ele>
        <time>2025-07-10T06:00:31Z</time>
      </trkpt>
      <trkpt lat="48.21297333" lon="22.26084833">
        <ele>153.5</ele>
        <time>2025-07-10T06:00:32Z</time>
      </trkpt>
      <trkpt lat="48.21305333" lon="22.26077833">
        <ele>152.6</ele>
        <time>2025-07-10T06:00:33Z</time>
      </trkpt>
      <trkpt lat="48.21321833" lon="22.260655">
        <ele>153.1</ele>
        <time>2025-07-10T06:00:35Z</time>
      </trkpt>
      <trkpt lat="48.21330167" lon="22.26059667">
        <ele>154</ele>
        <time>2025-07-10T06:00:36Z</time>
      </trkpt>
      <trkpt lat="48.21348833" lon="22.26047833">
        <ele>153.1</ele>
        <time>2025-07-10T06:00:38Z</time>
      </trkpt>
      <trkpt lat="48.21357333" lon="22.26042">
        <ele>152.2</ele>
        <time>2025-07-10T06:00:39Z</time>
      </trkpt>
      <trkpt lat="48.213655" lon="22.260345">
        <ele>152.8</ele>
        <time>2025-07-10T06:00:40Z</time>
      </trkpt>
      <trkpt lat="48.213805" lon="22.26022333">
        <ele>152.8</ele>
        <time>2025-07-10T06:00:42Z</time>
      </trkpt>
      <trkpt lat="48.213925" lon="22.26014333">
        <ele>152.1</ele>
        <time>2025-07-10T06:00:44Z</time>
      </trkpt>
      <trkpt lat="48.21402" lon="22.26006">
        <ele>151.3</ele>
        <time>2025-07-10T06:00:47Z</time>
      </trkpt>
      <trkpt lat="48.21412333" lon="22.25999167">
        <ele>152.5</ele>
        <time>2025-07-10T06:01:37Z</time>
      </trkpt>
      <trkpt lat="48.21422333" lon="22.25993167">
        <ele>152.8</ele>
        <time>2025-07-10T06:01:39Z</time>
      </trkpt>
      <trkpt lat="48.214335" lon="22.25986333">
        <ele>153</ele>
        <time>2025-07-10T06:01:41Z</time>
      </trkpt>
      <trkpt lat="48.21444833" lon="22.25979">
        <ele>153.4</ele>
        <time>2025-07-10T06:01:43Z</time>
      </trkpt>
      <trkpt lat="48.21456" lon="22.25973167">
        <ele>153.5</ele>
        <time>2025-07-10T06:01:45Z</time>
      </trkpt>
      <trkpt lat="48.21466167" lon="22.25966833">
        <ele>153.9</ele>
        <time>2025-07-10T06:01:47Z</time>
      </trkpt>
      <trkpt lat="48.21475833" lon="22.25953833">
        <ele>153.4</ele>
        <time>2025-07-10T06:01:50Z</time>
      </trkpt>
      <trkpt lat="48.21475667" lon="22.25938">
        <ele>152.9</ele>
        <time>2025-07-10T06:01:52Z</time>
      </trkpt>
      <trkpt lat="48.21471333" lon="22.25921167">
        <ele>152.7</ele>
        <time>2025-07-10T06:01:54Z</time>
      </trkpt>
      <trkpt lat="48.21464" lon="22.25901833">
        <ele>153</ele>
        <time>2025-07-10T06:01:56Z</time>
      </trkpt>
      <trkpt lat="48.21454833" lon="22.25880667">
        <ele>153.9</ele>
        <time>2025-07-10T06:01:58Z</time>
      </trkpt>
      <trkpt lat="48.21445167" lon="22.25859667">
        <ele>153.9</ele>
        <time>2025-07-10T06:02:00Z</time>
      </trkpt>
      <trkpt lat="48.21434667" lon="22.258375">
        <ele>152.7</ele>
        <time>2025-07-10T06:02:02Z</time>
      </trkpt>
      <trkpt lat="48.21428833" lon="22.25825833">
        <ele>152.3</ele>
        <time>2025-07-10T06:02:03Z</time>
      </trkpt>
      <trkpt lat="48.21423333" lon="22.25813667">
        <ele>152.2</ele>
        <time>2025-07-10T06:02:04Z</time>
      </trkpt>
      <trkpt lat="48.21417667" lon="22.25801">
        <ele>151.9</ele>
        <time>2025-07-10T06:02:05Z</time>
      </trkpt>
      <trkpt lat="48.21412333" lon="22.25788333">
        <ele>151.8</ele>
        <time>2025-07-10T06:02:06Z</time>
      </trkpt>
      <trkpt lat="48.21407167" lon="22.25775">
        <ele>151.3</ele>
        <time>2025-07-10T06:02:07Z</time>
      </trkpt>
      <trkpt lat="48.21402" lon="22.25762167">
        <ele>150.8</ele>
        <time>2025-07-10T06:02:08Z</time>
      </trkpt>
      <trkpt lat="48.21397333" lon="22.25749667">
        <ele>149.9</ele>
        <time>2025-07-10T06:02:09Z</time>
      </trkpt>
      <trkpt lat="48.21392167" lon="22.25736833">
        <ele>149.4</ele>
        <time>2025-07-10T06:02:10Z</time>
      </trkpt>
      <trkpt lat="48.21383" lon="22.25716167">
        <ele>149.1</ele>
        <time>2025-07-10T06:02:12Z</time>
      </trkpt>
      <trkpt lat="48.21376167" lon="22.25697167">
        <ele>149.2</ele>
        <time>2025-07-10T06:02:14Z</time>
      </trkpt>
      <trkpt lat="48.21374167" lon="22.256815">
        <ele>148.7</ele>
        <time>2025-07-10T06:02:16Z</time>
      </trkpt>
      <trkpt lat="48.21374" lon="22.25666833">
        <ele>147.2</ele>
        <time>2025-07-10T06:02:22Z</time>
      </trkpt>
      <trkpt lat="48.21373167" lon="22.25646833">
        <ele>147.3</ele>
        <time>2025-07-10T06:02:26Z</time>
      </trkpt>
      <trkpt lat="48.21370667" lon="22.25632167">
        <ele>148.2</ele>
        <time>2025-07-10T06:02:28Z</time>
      </trkpt>
      <trkpt lat="48.21366667" lon="22.25616333">
        <ele>148.4</ele>
        <time>2025-07-10T06:02:30Z</time>
      </trkpt>
      <trkpt lat="48.21360333" lon="22.25597333">
        <ele>148.2</ele>
        <time>2025-07-10T06:02:32Z</time>
      </trkpt>
      <trkpt lat="48.21350833" lon="22.25577167">
        <ele>147.9</ele>
        <time>2025-07-10T06:02:34Z</time>
      </trkpt>
      <trkpt lat="48.21341667" lon="22.25556833">
        <ele>146.6</ele>
        <time>2025-07-10T06:02:36Z</time>
      </trkpt>
      <trkpt lat="48.213375" lon="22.25544667">
        <ele>146.2</ele>
        <time>2025-07-10T06:02:37Z</time>
      </trkpt>
      <trkpt lat="48.21332667" lon="22.25532333">
        <ele>145.4</ele>
        <time>2025-07-10T06:02:38Z</time>
      </trkpt>
      <trkpt lat="48.21327667" lon="22.2552">
        <ele>145.3</ele>
        <time>2025-07-10T06:02:39Z</time>
      </trkpt>
      <trkpt lat="48.21322167" lon="22.25507833">
        <ele>145.5</ele>
        <time>2025-07-10T06:02:40Z</time>
      </trkpt>
      <trkpt lat="48.21315833" lon="22.25495333">
        <ele>145.8</ele>
        <time>2025-07-10T06:02:41Z</time>
      </trkpt>
      <trkpt lat="48.21309333" lon="22.254825">
        <ele>146.2</ele>
        <time>2025-07-10T06:02:42Z</time>
      </trkpt>
      <trkpt lat="48.21303167" lon="22.25470167">
        <ele>146.5</ele>
        <time>2025-07-10T06:02:43Z</time>
      </trkpt>
      <trkpt lat="48.212975" lon="22.25457667">
        <ele>146.1</ele>
        <time>2025-07-10T06:02:44Z</time>
      </trkpt>
      <trkpt lat="48.21292" lon="22.25445667">
        <ele>146.1</ele>
        <time>2025-07-10T06:02:45Z</time>
      </trkpt>
      <trkpt lat="48.21287" lon="22.25434333">
        <ele>145.8</ele>
        <time>2025-07-10T06:02:46Z</time>
      </trkpt>
      <trkpt lat="48.21277333" lon="22.25412667">
        <ele>146</ele>
        <time>2025-07-10T06:02:48Z</time>
      </trkpt>
      <trkpt lat="48.21268833" lon="22.25394167">
        <ele>145.9</ele>
        <time>2025-07-10T06:02:50Z</time>
      </trkpt>
      <trkpt lat="48.212625" lon="22.253795">
        <ele>145.5</ele>
        <time>2025-07-10T06:02:52Z</time>
      </trkpt>
      <trkpt lat="48.21258333" lon="22.25366333">
        <ele>149.6</ele>
        <time>2025-07-10T06:03:35Z</time>
      </trkpt>
      <trkpt lat="48.21250667" lon="22.25353167">
        <ele>149.7</ele>
        <time>2025-07-10T06:03:38Z</time>
      </trkpt>
      <trkpt lat="48.212435" lon="22.2534">
        <ele>150.4</ele>
        <time>2025-07-10T06:03:40Z</time>
      </trkpt>
      <trkpt lat="48.21236667" lon="22.25324167">
        <ele>150.7</ele>
        <time>2025-07-10T06:03:42Z</time>
      </trkpt>
      <trkpt lat="48.212305" lon="22.25309667">
        <ele>151.2</ele>
        <time>2025-07-10T06:03:44Z</time>
      </trkpt>
      <trkpt lat="48.21224667" lon="22.25295167">
        <ele>149.9</ele>
        <time>2025-07-10T06:03:46Z</time>
      </trkpt>
      <trkpt lat="48.21217333" lon="22.25281">
        <ele>148.8</ele>
        <time>2025-07-10T06:03:48Z</time>
      </trkpt>
      <trkpt lat="48.21209" lon="22.252645">
        <ele>149.3</ele>
        <time>2025-07-10T06:03:50Z</time>
      </trkpt>
      <trkpt lat="48.21199333" lon="22.252455">
        <ele>149.8</ele>
        <time>2025-07-10T06:03:52Z</time>
      </trkpt>
      <trkpt lat="48.21188667" lon="22.25224">
        <ele>148.5</ele>
        <time>2025-07-10T06:03:54Z</time>
      </trkpt>
      <trkpt lat="48.21183" lon="22.252125">
        <ele>147.7</ele>
        <time>2025-07-10T06:03:55Z</time>
      </trkpt>
      <trkpt lat="48.21177" lon="22.25200667">
        <ele>147.8</ele>
        <time>2025-07-10T06:03:56Z</time>
      </trkpt>
      <trkpt lat="48.21171167" lon="22.251885">
        <ele>147.5</ele>
        <time>2025-07-10T06:03:57Z</time>
      </trkpt>
      <trkpt lat="48.21164833" lon="22.25175167">
        <ele>147.6</ele>
        <time>2025-07-10T06:03:58Z</time>
      </trkpt>
      <trkpt lat="48.21158" lon="22.25161333">
        <ele>148.4</ele>
        <time>2025-07-10T06:03:59Z</time>
      </trkpt>
      <trkpt lat="48.21151" lon="22.25147167">
        <ele>149</ele>
        <time>2025-07-10T06:04:00Z</time>
      </trkpt>
      <trkpt lat="48.21143333" lon="22.25133333">
        <ele>150.5</ele>
        <time>2025-07-10T06:04:01Z</time>
      </trkpt>
      <trkpt lat="48.21135833" lon="22.25120333">
        <ele>152.1</ele>
        <time>2025-07-10T06:04:02Z</time>
      </trkpt>
      <trkpt lat="48.21127833" lon="22.25107333">
        <ele>152.7</ele>
        <time>2025-07-10T06:04:03Z</time>
      </trkpt>
      <trkpt lat="48.21120667" lon="22.25093167">
        <ele>152.4</ele>
        <time>2025-07-10T06:04:04Z</time>
      </trkpt>
      <trkpt lat="48.21113333" lon="22.25079167">
        <ele>152.5</ele>
        <time>2025-07-10T06:04:05Z</time>
      </trkpt>
      <trkpt lat="48.21105333" lon="22.25065833">
        <ele>152.3</ele>
        <time>2025-07-10T06:04:06Z</time>
      </trkpt>
      <trkpt lat="48.21097833" lon="22.25052">
        <ele>151.9</ele>
        <time>2025-07-10T06:04:07Z</time>
      </trkpt>
      <trkpt lat="48.21091333" lon="22.25037333">
        <ele>151.8</ele>
        <time>2025-07-10T06:04:08Z</time>
      </trkpt>
      <trkpt lat="48.21084333" lon="22.25023667">
        <ele>151.1</ele>
        <time>2025-07-10T06:04:09Z</time>
      </trkpt>
      <trkpt lat="48.21076333" lon="22.25010333">
        <ele>151.4</ele>
        <time>2025-07-10T06:04:10Z</time>
      </trkpt>
      <trkpt lat="48.21068833" lon="22.24996">
        <ele>151.5</ele>
        <time>2025-07-10T06:04:11Z</time>
      </trkpt>
      <trkpt lat="48.21062167" lon="22.249825">
        <ele>150.3</ele>
        <time>2025-07-10T06:04:12Z</time>
      </trkpt>
      <trkpt lat="48.21055167" lon="22.24968333">
        <ele>150.3</ele>
        <time>2025-07-10T06:04:13Z</time>
      </trkpt>
      <trkpt lat="48.210475" lon="22.24953833">
        <ele>150.6</ele>
        <time>2025-07-10T06:04:14Z</time>
      </trkpt>
      <trkpt lat="48.2104" lon="22.24939">
        <ele>151</ele>
        <time>2025-07-10T06:04:15Z</time>
      </trkpt>
      <trkpt lat="48.21032667" lon="22.24923667">
        <ele>151.6</ele>
        <time>2025-07-10T06:04:16Z</time>
      </trkpt>
      <trkpt lat="48.210255" lon="22.24908333">
        <ele>150.7</ele>
        <time>2025-07-10T06:04:17Z</time>
      </trkpt>
      <trkpt lat="48.21019333" lon="22.24892833">
        <ele>151.5</ele>
        <time>2025-07-10T06:04:18Z</time>
      </trkpt>
      <trkpt lat="48.21012333" lon="22.24877">
        <ele>151.4</ele>
        <time>2025-07-10T06:04:19Z</time>
      </trkpt>
      <trkpt lat="48.210065" lon="22.24861">
        <ele>152</ele>
        <time>2025-07-10T06:04:20Z</time>
      </trkpt>
      <trkpt lat="48.21" lon="22.24844333">
        <ele>152</ele>
        <time>2025-07-10T06:04:21Z</time>
      </trkpt>
      <trkpt lat="48.20994333" lon="22.24827667">
        <ele>152.6</ele>
        <time>2025-07-10T06:04:22Z</time>
      </trkpt>
      <trkpt lat="48.20988833" lon="22.24810667">
        <ele>152.7</ele>
        <time>2025-07-10T06:04:23Z</time>
      </trkpt>
      <trkpt lat="48.20984" lon="22.24793">
        <ele>152.8</ele>
        <time>2025-07-10T06:04:24Z</time>
      </trkpt>
      <trkpt lat="48.20978833" lon="22.24776333">
        <ele>152.2</ele>
        <time>2025-07-10T06:04:25Z</time>
      </trkpt>
      <trkpt lat="48.20973667" lon="22.247595">
        <ele>151.9</ele>
        <time>2025-07-10T06:04:26Z</time>
      </trkpt>
      <trkpt lat="48.20969167" lon="22.24742667">
        <ele>151.2</ele>
        <time>2025-07-10T06:04:27Z</time>
      </trkpt>
      <trkpt lat="48.20964" lon="22.24725833">
        <ele>150.3</ele>
        <time>2025-07-10T06:04:28Z</time>
      </trkpt>
      <trkpt lat="48.20958667" lon="22.24709167">
        <ele>149.2</ele>
        <time>2025-07-10T06:04:29Z</time>
      </trkpt>
      <trkpt lat="48.20952833" lon="22.24693">
        <ele>149.1</ele>
        <time>2025-07-10T06:04:30Z</time>
      </trkpt>
      <trkpt lat="48.20946833" lon="22.24676167">
        <ele>149.1</ele>
        <time>2025-07-10T06:04:31Z</time>
      </trkpt>
      <trkpt lat="48.20941333" lon="22.24659667">
        <ele>149.4</ele>
        <time>2025-07-10T06:04:32Z</time>
      </trkpt>
      <trkpt lat="48.20935667" lon="22.24642333">
        <ele>150.4</ele>
        <time>2025-07-10T06:04:33Z</time>
      </trkpt>
      <trkpt lat="48.209305" lon="22.24624833">
        <ele>150.5</ele>
        <time>2025-07-10T06:04:34Z</time>
      </trkpt>
      <trkpt lat="48.20924833" lon="22.24608333">
        <ele>150.3</ele>
        <time>2025-07-10T06:04:35Z</time>
      </trkpt>
      <trkpt lat="48.20919" lon="22.245915">
        <ele>151.1</ele>
        <time>2025-07-10T06:04:36Z</time>
      </trkpt>
      <trkpt lat="48.20913167" lon="22.245735">
        <ele>151</ele>
        <time>2025-07-10T06:04:37Z</time>
      </trkpt>
      <trkpt lat="48.20906833" lon="22.24556">
        <ele>150.2</ele>
        <time>2025-07-10T06:04:38Z</time>
      </trkpt>
      <trkpt lat="48.20900833" lon="22.245385">
        <ele>149.9</ele>
        <time>2025-07-10T06:04:39Z</time>
      </trkpt>
      <trkpt lat="48.20894333" lon="22.245215">
        <ele>149.9</ele>
        <time>2025-07-10T06:04:40Z</time>
      </trkpt>
      <trkpt lat="48.20888667" lon="22.245045">
        <ele>150.2</ele>
        <time>2025-07-10T06:04:41Z</time>
      </trkpt>
      <trkpt lat="48.20883" lon="22.244875">
        <ele>150.5</ele>
        <time>2025-07-10T06:04:42Z</time>
      </trkpt>
      <trkpt lat="48.20877333" lon="22.24470667">
        <ele>150.1</ele>
        <time>2025-07-10T06:04:43Z</time>
      </trkpt>
      <trkpt lat="48.20871167" lon="22.24453167">
        <ele>151.1</ele>
        <time>2025-07-10T06:04:44Z</time>
      </trkpt>
      <trkpt lat="48.20865333" lon="22.24436">
        <ele>151.5</ele>
        <time>2025-07-10T06:04:45Z</time>
      </trkpt>
      <trkpt lat="48.20859667" lon="22.24419167">
        <ele>151.6</ele>
        <time>2025-07-10T06:04:46Z</time>
      </trkpt>
      <trkpt lat="48.20854833" lon="22.24401167">
        <ele>151.7</ele>
        <time>2025-07-10T06:04:47Z</time>
      </trkpt>
      <trkpt lat="48.20850167" lon="22.24383167">
        <ele>151.8</ele>
        <time>2025-07-10T06:04:48Z</time>
      </trkpt>
      <trkpt lat="48.20845833" lon="22.24365667">
        <ele>151.8</ele>
        <time>2025-07-10T06:04:49Z</time>
      </trkpt>
      <trkpt lat="48.20841833" lon="22.24347167">
        <ele>152.1</ele>
        <time>2025-07-10T06:04:50Z</time>
      </trkpt>
      <trkpt lat="48.20837167" lon="22.243285">
        <ele>152.8</ele>
        <time>2025-07-10T06:04:51Z</time>
      </trkpt>
      <trkpt lat="48.20833167" lon="22.24310833">
        <ele>153.8</ele>
        <time>2025-07-10T06:04:52Z</time>
      </trkpt>
      <trkpt lat="48.20829667" lon="22.242925">
        <ele>154.2</ele>
        <time>2025-07-10T06:04:53Z</time>
      </trkpt>
      <trkpt lat="48.208265" lon="22.24274">
        <ele>154.3</ele>
        <time>2025-07-10T06:04:54Z</time>
      </trkpt>
      <trkpt lat="48.20823" lon="22.24255">
        <ele>154.8</ele>
        <time>2025-07-10T06:04:55Z</time>
      </trkpt>
      <trkpt lat="48.2082" lon="22.24235833">
        <ele>155.5</ele>
        <time>2025-07-10T06:04:56Z</time>
      </trkpt>
      <trkpt lat="48.20817167" lon="22.24216">
        <ele>155.7</ele>
        <time>2025-07-10T06:04:57Z</time>
      </trkpt>
      <trkpt lat="48.20814" lon="22.24196667">
        <ele>156</ele>
        <time>2025-07-10T06:04:58Z</time>
      </trkpt>
      <trkpt lat="48.20810333" lon="22.24177167">
        <ele>155.8</ele>
        <time>2025-07-10T06:04:59Z</time>
      </trkpt>
      <trkpt lat="48.20807667" lon="22.241585">
        <ele>155.5</ele>
        <time>2025-07-10T06:05:00Z</time>
      </trkpt>
      <trkpt lat="48.20805333" lon="22.2414">
        <ele>154.5</ele>
        <time>2025-07-10T06:05:01Z</time>
      </trkpt>
      <trkpt lat="48.20803833" lon="22.241215">
        <ele>154.4</ele>
        <time>2025-07-10T06:05:02Z</time>
      </trkpt>
      <trkpt lat="48.20801667" lon="22.24103">
        <ele>154.4</ele>
        <time>2025-07-10T06:05:03Z</time>
      </trkpt>
      <trkpt lat="48.20799667" lon="22.24085">
        <ele>156.1</ele>
        <time>2025-07-10T06:05:04Z</time>
      </trkpt>
      <trkpt lat="48.20797833" lon="22.24066">
        <ele>157.4</ele>
        <time>2025-07-10T06:05:05Z</time>
      </trkpt>
      <trkpt lat="48.20796833" lon="22.24046833">
        <ele>157.8</ele>
        <time>2025-07-10T06:05:06Z</time>
      </trkpt>
      <trkpt lat="48.20795" lon="22.24028833">
        <ele>157.9</ele>
        <time>2025-07-10T06:05:07Z</time>
      </trkpt>
      <trkpt lat="48.20793333" lon="22.24010167">
        <ele>157.5</ele>
        <time>2025-07-10T06:05:08Z</time>
      </trkpt>
      <trkpt lat="48.20792" lon="22.23990333">
        <ele>156.9</ele>
        <time>2025-07-10T06:05:09Z</time>
      </trkpt>
      <trkpt lat="48.2079" lon="22.239715">
        <ele>156.4</ele>
        <time>2025-07-10T06:05:10Z</time>
      </trkpt>
      <trkpt lat="48.20788333" lon="22.23952667">
        <ele>155.8</ele>
        <time>2025-07-10T06:05:11Z</time>
      </trkpt>
      <trkpt lat="48.20785333" lon="22.23933167">
        <ele>156</ele>
        <time>2025-07-10T06:05:12Z</time>
      </trkpt>
      <trkpt lat="48.20781833" lon="22.239135">
        <ele>155.5</ele>
        <time>2025-07-10T06:05:13Z</time>
      </trkpt>
      <trkpt lat="48.207775" lon="22.238955">
        <ele>154.9</ele>
        <time>2025-07-10T06:05:14Z</time>
      </trkpt>
      <trkpt lat="48.20772833" lon="22.23877667">
        <ele>156</ele>
        <time>2025-07-10T06:05:15Z</time>
      </trkpt>
      <trkpt lat="48.20768167" lon="22.2386">
        <ele>156.1</ele>
        <time>2025-07-10T06:05:16Z</time>
      </trkpt>
      <trkpt lat="48.207625" lon="22.23844667">
        <ele>155.9</ele>
        <time>2025-07-10T06:05:17Z</time>
      </trkpt>
      <trkpt lat="48.207555" lon="22.23829">
        <ele>156.4</ele>
        <time>2025-07-10T06:05:18Z</time>
      </trkpt>
      <trkpt lat="48.20747833" lon="22.23814167">
        <ele>156.4</ele>
        <time>2025-07-10T06:05:19Z</time>
      </trkpt>
      <trkpt lat="48.20738833" lon="22.238">
        <ele>156.6</ele>
        <time>2025-07-10T06:05:20Z</time>
      </trkpt>
      <trkpt lat="48.20731" lon="22.23784667">
        <ele>157.2</ele>
        <time>2025-07-10T06:05:21Z</time>
      </trkpt>
      <trkpt lat="48.20723333" lon="22.23767833">
        <ele>157.6</ele>
        <time>2025-07-10T06:05:22Z</time>
      </trkpt>
      <trkpt lat="48.20716167" lon="22.23751167">
        <ele>158.2</ele>
        <time>2025-07-10T06:05:23Z</time>
      </trkpt>
      <trkpt lat="48.20709833" lon="22.23734833">
        <ele>159</ele>
        <time>2025-07-10T06:05:24Z</time>
      </trkpt>
      <trkpt lat="48.20704667" lon="22.23718333">
        <ele>160.4</ele>
        <time>2025-07-10T06:05:25Z</time>
      </trkpt>
      <trkpt lat="48.20699833" lon="22.23702333">
        <ele>160.5</ele>
        <time>2025-07-10T06:05:26Z</time>
      </trkpt>
      <trkpt lat="48.206955" lon="22.23684667">
        <ele>160.3</ele>
        <time>2025-07-10T06:05:27Z</time>
      </trkpt>
      <trkpt lat="48.20690333" lon="22.23666">
        <ele>162.5</ele>
        <time>2025-07-10T06:05:28Z</time>
      </trkpt>
      <trkpt lat="48.20686667" lon="22.236475">
        <ele>162.4</ele>
        <time>2025-07-10T06:05:29Z</time>
      </trkpt>
      <trkpt lat="48.20682333" lon="22.23628667">
        <ele>162.4</ele>
        <time>2025-07-10T06:05:30Z</time>
      </trkpt>
      <trkpt lat="48.20678333" lon="22.236105">
        <ele>161.6</ele>
        <time>2025-07-10T06:05:31Z</time>
      </trkpt>
      <trkpt lat="48.20674167" lon="22.23590833">
        <ele>161.6</ele>
        <time>2025-07-10T06:05:32Z</time>
      </trkpt>
      <trkpt lat="48.20667667" lon="22.23573667">
        <ele>163.6</ele>
        <time>2025-07-10T06:05:33Z</time>
      </trkpt>
      <trkpt lat="48.206615" lon="22.23555333">
        <ele>163.3</ele>
        <time>2025-07-10T06:05:34Z</time>
      </trkpt>
      <trkpt lat="48.20655" lon="22.23536833">
        <ele>162.4</ele>
        <time>2025-07-10T06:05:35Z</time>
      </trkpt>
      <trkpt lat="48.206495" lon="22.23517833">
        <ele>162.8</ele>
        <time>2025-07-10T06:05:36Z</time>
      </trkpt>
      <trkpt lat="48.20644667" lon="22.23498167">
        <ele>162.9</ele>
        <time>2025-07-10T06:05:37Z</time>
      </trkpt>
      <trkpt lat="48.20639833" lon="22.2348">
        <ele>162.9</ele>
        <time>2025-07-10T06:05:38Z</time>
      </trkpt>
      <trkpt lat="48.20634667" lon="22.23462167">
        <ele>162.8</ele>
        <time>2025-07-10T06:05:39Z</time>
      </trkpt>
      <trkpt lat="48.20629167" lon="22.23445167">
        <ele>162.6</ele>
        <time>2025-07-10T06:05:40Z</time>
      </trkpt>
      <trkpt lat="48.20625167" lon="22.23425667">
        <ele>163.2</ele>
        <time>2025-07-10T06:05:41Z</time>
      </trkpt>
      <trkpt lat="48.20622167" lon="22.23407">
        <ele>164.7</ele>
        <time>2025-07-10T06:05:42Z</time>
      </trkpt>
      <trkpt lat="48.20619667" lon="22.233885">
        <ele>164.6</ele>
        <time>2025-07-10T06:05:43Z</time>
      </trkpt>
      <trkpt lat="48.20617333" lon="22.2337">
        <ele>165</ele>
        <time>2025-07-10T06:05:44Z</time>
      </trkpt>
      <trkpt lat="48.20614167" lon="22.233515">
        <ele>165.2</ele>
        <time>2025-07-10T06:05:45Z</time>
      </trkpt>
      <trkpt lat="48.206095" lon="22.23333167">
        <ele>164.7</ele>
        <time>2025-07-10T06:05:46Z</time>
      </trkpt>
      <trkpt lat="48.20603833" lon="22.233155">
        <ele>164.5</ele>
        <time>2025-07-10T06:05:47Z</time>
      </trkpt>
      <trkpt lat="48.20598" lon="22.23299">
        <ele>164</ele>
        <time>2025-07-10T06:05:48Z</time>
      </trkpt>
      <trkpt lat="48.205915" lon="22.232825">
        <ele>163.1</ele>
        <time>2025-07-10T06:05:49Z</time>
      </trkpt>
      <trkpt lat="48.20584167" lon="22.23266833">
        <ele>162.4</ele>
        <time>2025-07-10T06:05:50Z</time>
      </trkpt>
      <trkpt lat="48.20576167" lon="22.23252">
        <ele>162.5</ele>
        <time>2025-07-10T06:05:51Z</time>
      </trkpt>
      <trkpt lat="48.205675" lon="22.23237">
        <ele>162.2</ele>
        <time>2025-07-10T06:05:52Z</time>
      </trkpt>
      <trkpt lat="48.20559833" lon="22.23223167">
        <ele>161.1</ele>
        <time>2025-07-10T06:05:53Z</time>
      </trkpt>
      <trkpt lat="48.20548833" lon="22.23208667">
        <ele>162.3</ele>
        <time>2025-07-10T06:05:54Z</time>
      </trkpt>
      <trkpt lat="48.20538833" lon="22.23194333">
        <ele>162.1</ele>
        <time>2025-07-10T06:05:55Z</time>
      </trkpt>
      <trkpt lat="48.20528" lon="22.23180167">
        <ele>161.9</ele>
        <time>2025-07-10T06:05:56Z</time>
      </trkpt>
      <trkpt lat="48.20517167" lon="22.23166">
        <ele>160.5</ele>
        <time>2025-07-10T06:05:57Z</time>
      </trkpt>
      <trkpt lat="48.20506833" lon="22.23150833">
        <ele>158.7</ele>
        <time>2025-07-10T06:05:58Z</time>
      </trkpt>
      <trkpt lat="48.20496833" lon="22.23134667">
        <ele>159.2</ele>
        <time>2025-07-10T06:05:59Z</time>
      </trkpt>
      <trkpt lat="48.20486333" lon="22.23119833">
        <ele>162</ele>
        <time>2025-07-10T06:06:00Z</time>
      </trkpt>
      <trkpt lat="48.20476167" lon="22.23104667">
        <ele>161.8</ele>
        <time>2025-07-10T06:06:01Z</time>
      </trkpt>
      <trkpt lat="48.20467333" lon="22.23090333">
        <ele>161.3</ele>
        <time>2025-07-10T06:06:02Z</time>
      </trkpt>
      <trkpt lat="48.20457667" lon="22.23074833">
        <ele>160.5</ele>
        <time>2025-07-10T06:06:03Z</time>
      </trkpt>
      <trkpt lat="48.20447333" lon="22.23062167">
        <ele>160.3</ele>
        <time>2025-07-10T06:06:04Z</time>
      </trkpt>
      <trkpt lat="48.20436667" lon="22.23049167">
        <ele>159.5</ele>
        <time>2025-07-10T06:06:05Z</time>
      </trkpt>
      <trkpt lat="48.20426" lon="22.23038">
        <ele>157.6</ele>
        <time>2025-07-10T06:06:06Z</time>
      </trkpt>
      <trkpt lat="48.20414" lon="22.230265">
        <ele>156.4</ele>
        <time>2025-07-10T06:06:07Z</time>
      </trkpt>
      <trkpt lat="48.20403667" lon="22.23013167">
        <ele>160.2</ele>
        <time>2025-07-10T06:06:08Z</time>
      </trkpt>
      <trkpt lat="48.20392" lon="22.23000333">
        <ele>160.1</ele>
        <time>2025-07-10T06:06:09Z</time>
      </trkpt>
      <trkpt lat="48.20379833" lon="22.22987333">
        <ele>160.3</ele>
        <time>2025-07-10T06:06:10Z</time>
      </trkpt>
      <trkpt lat="48.20368" lon="22.22974833">
        <ele>160.7</ele>
        <time>2025-07-10T06:06:11Z</time>
      </trkpt>
      <trkpt lat="48.20358" lon="22.22960833">
        <ele>161.3</ele>
        <time>2025-07-10T06:06:12Z</time>
      </trkpt>
      <trkpt lat="48.20347833" lon="22.22947833">
        <ele>161.9</ele>
        <time>2025-07-10T06:06:13Z</time>
      </trkpt>
      <trkpt lat="48.203365" lon="22.22935167">
        <ele>161.9</ele>
        <time>2025-07-10T06:06:14Z</time>
      </trkpt>
      <trkpt lat="48.20324667" lon="22.22923667">
        <ele>161.9</ele>
        <time>2025-07-10T06:06:15Z</time>
      </trkpt>
      <trkpt lat="48.20313333" lon="22.22910333">
        <ele>162.4</ele>
        <time>2025-07-10T06:06:16Z</time>
      </trkpt>
      <trkpt lat="48.20302167" lon="22.22895333">
        <ele>163.6</ele>
        <time>2025-07-10T06:06:17Z</time>
      </trkpt>
      <trkpt lat="48.20291333" lon="22.22882167">
        <ele>164.1</ele>
        <time>2025-07-10T06:06:18Z</time>
      </trkpt>
      <trkpt lat="48.20280833" lon="22.22869333">
        <ele>165.1</ele>
        <time>2025-07-10T06:06:19Z</time>
      </trkpt>
      <trkpt lat="48.20271167" lon="22.22854">
        <ele>167</ele>
        <time>2025-07-10T06:06:20Z</time>
      </trkpt>
      <trkpt lat="48.20262167" lon="22.22837167">
        <ele>166.3</ele>
        <time>2025-07-10T06:06:21Z</time>
      </trkpt>
      <trkpt lat="48.20252" lon="22.22821167">
        <ele>166.4</ele>
        <time>2025-07-10T06:06:22Z</time>
      </trkpt>
      <trkpt lat="48.20241667" lon="22.22804667">
        <ele>166.6</ele>
        <time>2025-07-10T06:06:23Z</time>
      </trkpt>
      <trkpt lat="48.20230667" lon="22.22788333">
        <ele>166.5</ele>
        <time>2025-07-10T06:06:24Z</time>
      </trkpt>
      <trkpt lat="48.20221" lon="22.22770333">
        <ele>163.4</ele>
        <time>2025-07-10T06:06:25Z</time>
      </trkpt>
      <trkpt lat="48.2021" lon="22.22751667">
        <ele>163.3</ele>
        <time>2025-07-10T06:06:26Z</time>
      </trkpt>
      <trkpt lat="48.202005" lon="22.227345">
        <ele>163</ele>
        <time>2025-07-10T06:06:27Z</time>
      </trkpt>
      <trkpt lat="48.20190333" lon="22.22718833">
        <ele>162.4</ele>
        <time>2025-07-10T06:06:28Z</time>
      </trkpt>
      <trkpt lat="48.20180833" lon="22.22702333">
        <ele>160.2</ele>
        <time>2025-07-10T06:06:29Z</time>
      </trkpt>
      <trkpt lat="48.20169667" lon="22.22686667">
        <ele>160.2</ele>
        <time>2025-07-10T06:06:30Z</time>
      </trkpt>
      <trkpt lat="48.20159" lon="22.22671333">
        <ele>160</ele>
        <time>2025-07-10T06:06:31Z</time>
      </trkpt>
      <trkpt lat="48.20147667" lon="22.22657">
        <ele>159.6</ele>
        <time>2025-07-10T06:06:32Z</time>
      </trkpt>
      <trkpt lat="48.20135667" lon="22.22643333">
        <ele>160</ele>
        <time>2025-07-10T06:06:33Z</time>
      </trkpt>
      <trkpt lat="48.20122667" lon="22.226295">
        <ele>160.3</ele>
        <time>2025-07-10T06:06:34Z</time>
      </trkpt>
      <trkpt lat="48.20110833" lon="22.22612833">
        <ele>162.9</ele>
        <time>2025-07-10T06:06:35Z</time>
      </trkpt>
      <trkpt lat="48.20099167" lon="22.22598167">
        <ele>162.8</ele>
        <time>2025-07-10T06:06:36Z</time>
      </trkpt>
      <trkpt lat="48.20086833" lon="22.22582833">
        <ele>165.1</ele>
        <time>2025-07-10T06:06:37Z</time>
      </trkpt>
      <trkpt lat="48.20075167" lon="22.22566667">
        <ele>166.7</ele>
        <time>2025-07-10T06:06:38Z</time>
      </trkpt>
      <trkpt lat="48.200645" lon="22.225515">
        <ele>167</ele>
        <time>2025-07-10T06:06:39Z</time>
      </trkpt>
      <trkpt lat="48.20051667" lon="22.22539">
        <ele>168.1</ele>
        <time>2025-07-10T06:06:40Z</time>
      </trkpt>
      <trkpt lat="48.20040667" lon="22.22525">
        <ele>167.8</ele>
        <time>2025-07-10T06:06:41Z</time>
      </trkpt>
      <trkpt lat="48.20028333" lon="22.22509667">
        <ele>165.9</ele>
        <time>2025-07-10T06:06:42Z</time>
      </trkpt>
      <trkpt lat="48.20017667" lon="22.224955">
        <ele>165.8</ele>
        <time>2025-07-10T06:06:43Z</time>
      </trkpt>
      <trkpt lat="48.20006333" lon="22.2248">
        <ele>165.9</ele>
        <time>2025-07-10T06:06:44Z</time>
      </trkpt>
      <trkpt lat="48.19995" lon="22.22465667">
        <ele>165.6</ele>
        <time>2025-07-10T06:06:45Z</time>
      </trkpt>
      <trkpt lat="48.19984167" lon="22.224515">
        <ele>165.6</ele>
        <time>2025-07-10T06:06:46Z</time>
      </trkpt>
      <trkpt lat="48.19973333" lon="22.22436833">
        <ele>165.2</ele>
        <time>2025-07-10T06:06:47Z</time>
      </trkpt>
      <trkpt lat="48.19962333" lon="22.22422833">
        <ele>164.1</ele>
        <time>2025-07-10T06:06:48Z</time>
      </trkpt>
      <trkpt lat="48.199515" lon="22.22408833">
        <ele>163.6</ele>
        <time>2025-07-10T06:06:49Z</time>
      </trkpt>
      <trkpt lat="48.199405" lon="22.22395">
        <ele>163</ele>
        <time>2025-07-10T06:06:50Z</time>
      </trkpt>
      <trkpt lat="48.199305" lon="22.223815">
        <ele>165.5</ele>
        <time>2025-07-10T06:06:51Z</time>
      </trkpt>
      <trkpt lat="48.19921167" lon="22.22367">
        <ele>165.9</ele>
        <time>2025-07-10T06:06:52Z</time>
      </trkpt>
      <trkpt lat="48.19911333" lon="22.223535">
        <ele>165.8</ele>
        <time>2025-07-10T06:06:53Z</time>
      </trkpt>
      <trkpt lat="48.19902167" lon="22.223385">
        <ele>165.8</ele>
        <time>2025-07-10T06:06:54Z</time>
      </trkpt>
      <trkpt lat="48.19892" lon="22.22323333">
        <ele>165.2</ele>
        <time>2025-07-10T06:06:55Z</time>
      </trkpt>
      <trkpt lat="48.19882333" lon="22.22307">
        <ele>162.8</ele>
        <time>2025-07-10T06:06:56Z</time>
      </trkpt>
      <trkpt lat="48.19872833" lon="22.22291833">
        <ele>162.8</ele>
        <time>2025-07-10T06:06:57Z</time>
      </trkpt>
      <trkpt lat="48.19862833" lon="22.222765">
        <ele>162.4</ele>
        <time>2025-07-10T06:06:58Z</time>
      </trkpt>
      <trkpt lat="48.19852833" lon="22.22260667">
        <ele>161.5</ele>
        <time>2025-07-10T06:06:59Z</time>
      </trkpt>
      <trkpt lat="48.19842667" lon="22.22244833">
        <ele>160.3</ele>
        <time>2025-07-10T06:07:00Z</time>
      </trkpt>
      <trkpt lat="48.19833" lon="22.222295">
        <ele>159.4</ele>
        <time>2025-07-10T06:07:01Z</time>
      </trkpt>
      <trkpt lat="48.198255" lon="22.222155">
        <ele>159</ele>
        <time>2025-07-10T06:07:02Z</time>
      </trkpt>
      <trkpt lat="48.19817667" lon="22.22202667">
        <ele>158.4</ele>
        <time>2025-07-10T06:07:03Z</time>
      </trkpt>
      <trkpt lat="48.19810333" lon="22.22191167">
        <ele>157.7</ele>
        <time>2025-07-10T06:07:04Z</time>
      </trkpt>
      <trkpt lat="48.19803667" lon="22.22179833">
        <ele>157.4</ele>
        <time>2025-07-10T06:07:05Z</time>
      </trkpt>
      <trkpt lat="48.19795667" lon="22.22159167">
        <ele>157</ele>
        <time>2025-07-10T06:07:07Z</time>
      </trkpt>
      <trkpt lat="48.19790167" lon="22.22137833">
        <ele>156.4</ele>
        <time>2025-07-10T06:07:09Z</time>
      </trkpt>
      <trkpt lat="48.197925" lon="22.22113667">
        <ele>155.6</ele>
        <time>2025-07-10T06:07:11Z</time>
      </trkpt>
      <trkpt lat="48.19799667" lon="22.22090667">
        <ele>153.5</ele>
        <time>2025-07-10T06:07:13Z</time>
      </trkpt>
      <trkpt lat="48.19808" lon="22.22067167">
        <ele>152.2</ele>
        <time>2025-07-10T06:07:15Z</time>
      </trkpt>
      <trkpt lat="48.19810833" lon="22.22053667">
        <ele>152</ele>
        <time>2025-07-10T06:07:16Z</time>
      </trkpt>
      <trkpt lat="48.19814167" lon="22.22037667">
        <ele>151.4</ele>
        <time>2025-07-10T06:07:17Z</time>
      </trkpt>
      <trkpt lat="48.19817333" lon="22.220205">
        <ele>152</ele>
        <time>2025-07-10T06:07:18Z</time>
      </trkpt>
      <trkpt lat="48.19819" lon="22.22002833">
        <ele>152.5</ele>
        <time>2025-07-10T06:07:19Z</time>
      </trkpt>
      <trkpt lat="48.1982" lon="22.21985833">
        <ele>153.2</ele>
        <time>2025-07-10T06:07:20Z</time>
      </trkpt>
      <trkpt lat="48.19820667" lon="22.21969833">
        <ele>152</ele>
        <time>2025-07-10T06:07:21Z</time>
      </trkpt>
      <trkpt lat="48.19820167" lon="22.21951667">
        <ele>151.5</ele>
        <time>2025-07-10T06:07:22Z</time>
      </trkpt>
      <trkpt lat="48.19821333" lon="22.21934167">
        <ele>150.6</ele>
        <time>2025-07-10T06:07:23Z</time>
      </trkpt>
      <trkpt lat="48.19822667" lon="22.219165">
        <ele>149.4</ele>
        <time>2025-07-10T06:07:24Z</time>
      </trkpt>
      <trkpt lat="48.198225" lon="22.21896">
        <ele>148.8</ele>
        <time>2025-07-10T06:07:25Z</time>
      </trkpt>
      <trkpt lat="48.198235" lon="22.21873667">
        <ele>148.5</ele>
        <time>2025-07-10T06:07:26Z</time>
      </trkpt>
      <trkpt lat="48.198245" lon="22.218505">
        <ele>147.5</ele>
        <time>2025-07-10T06:07:27Z</time>
      </trkpt>
      <trkpt lat="48.19825833" lon="22.21827333">
        <ele>146.6</ele>
        <time>2025-07-10T06:07:28Z</time>
      </trkpt>
      <trkpt lat="48.198275" lon="22.21804667">
        <ele>145.8</ele>
        <time>2025-07-10T06:07:29Z</time>
      </trkpt>
      <trkpt lat="48.19828833" lon="22.21781667">
        <ele>144.9</ele>
        <time>2025-07-10T06:07:30Z</time>
      </trkpt>
      <trkpt lat="48.1983" lon="22.21759">
        <ele>143.7</ele>
        <time>2025-07-10T06:07:31Z</time>
      </trkpt>
      <trkpt lat="48.19831333" lon="22.21736">
        <ele>142.8</ele>
        <time>2025-07-10T06:07:32Z</time>
      </trkpt>
      <trkpt lat="48.19832833" lon="22.21709">
        <ele>142.2</ele>
        <time>2025-07-10T06:07:33Z</time>
      </trkpt>
      <trkpt lat="48.198325" lon="22.21682667">
        <ele>144</ele>
        <time>2025-07-10T06:07:34Z</time>
      </trkpt>
      <trkpt lat="48.19832667" lon="22.21657">
        <ele>144</ele>
        <time>2025-07-10T06:07:35Z</time>
      </trkpt>
      <trkpt lat="48.19833167" lon="22.21633333">
        <ele>143.6</ele>
        <time>2025-07-10T06:07:36Z</time>
      </trkpt>
      <trkpt lat="48.19832167" lon="22.21604">
        <ele>143.6</ele>
        <time>2025-07-10T06:07:37Z</time>
      </trkpt>
      <trkpt lat="48.19831667" lon="22.21575667">
        <ele>145</ele>
        <time>2025-07-10T06:07:38Z</time>
      </trkpt>
      <trkpt lat="48.1983" lon="22.21550833">
        <ele>145.3</ele>
        <time>2025-07-10T06:07:39Z</time>
      </trkpt>
      <trkpt lat="48.198285" lon="22.21525167">
        <ele>149.9</ele>
        <time>2025-07-10T06:07:40Z</time>
      </trkpt>
      <trkpt lat="48.19826167" lon="22.21500667">
        <ele>153.5</ele>
        <time>2025-07-10T06:07:41Z</time>
      </trkpt>
      <trkpt lat="48.19824167" lon="22.21478">
        <ele>153.6</ele>
        <time>2025-07-10T06:07:42Z</time>
      </trkpt>
      <trkpt lat="48.19821833" lon="22.21455167">
        <ele>154.4</ele>
        <time>2025-07-10T06:07:43Z</time>
      </trkpt>
      <trkpt lat="48.19818333" lon="22.21432333">
        <ele>159.2</ele>
        <time>2025-07-10T06:07:44Z</time>
      </trkpt>
      <trkpt lat="48.19818167" lon="22.214105">
        <ele>159.9</ele>
        <time>2025-07-10T06:07:45Z</time>
      </trkpt>
      <trkpt lat="48.19819167" lon="22.21386833">
        <ele>159.7</ele>
        <time>2025-07-10T06:07:46Z</time>
      </trkpt>
      <trkpt lat="48.19818833" lon="22.21364">
        <ele>160.7</ele>
        <time>2025-07-10T06:07:47Z</time>
      </trkpt>
      <trkpt lat="48.19818667" lon="22.21341167">
        <ele>161.6</ele>
        <time>2025-07-10T06:07:48Z</time>
      </trkpt>
      <trkpt lat="48.198185" lon="22.21317667">
        <ele>162.7</ele>
        <time>2025-07-10T06:07:49Z</time>
      </trkpt>
      <trkpt lat="48.19818" lon="22.21296167">
        <ele>163.1</ele>
        <time>2025-07-10T06:07:50Z</time>
      </trkpt>
      <trkpt lat="48.19816167" lon="22.212715">
        <ele>163.6</ele>
        <time>2025-07-10T06:07:51Z</time>
      </trkpt>
      <trkpt lat="48.19816167" lon="22.21246167">
        <ele>165.9</ele>
        <time>2025-07-10T06:07:52Z</time>
      </trkpt>
      <trkpt lat="48.19817167" lon="22.21222833">
        <ele>166.5</ele>
        <time>2025-07-10T06:07:53Z</time>
      </trkpt>
      <trkpt lat="48.19818167" lon="22.21199333">
        <ele>166.9</ele>
        <time>2025-07-10T06:07:54Z</time>
      </trkpt>
      <trkpt lat="48.19819667" lon="22.21177667">
        <ele>167.1</ele>
        <time>2025-07-10T06:07:55Z</time>
      </trkpt>
      <trkpt lat="48.19819667" lon="22.21154">
        <ele>163.3</ele>
        <time>2025-07-10T06:07:56Z</time>
      </trkpt>
      <trkpt lat="48.19823333" lon="22.21128333">
        <ele>162.5</ele>
        <time>2025-07-10T06:07:57Z</time>
      </trkpt>
      <trkpt lat="48.19825667" lon="22.21104">
        <ele>163</ele>
        <time>2025-07-10T06:07:58Z</time>
      </trkpt>
      <trkpt lat="48.19829" lon="22.21079667">
        <ele>163.8</ele>
        <time>2025-07-10T06:07:59Z</time>
      </trkpt>
      <trkpt lat="48.19834" lon="22.21054833">
        <ele>164.6</ele>
        <time>2025-07-10T06:08:00Z</time>
      </trkpt>
      <trkpt lat="48.19840167" lon="22.21032167">
        <ele>165.2</ele>
        <time>2025-07-10T06:08:01Z</time>
      </trkpt>
      <trkpt lat="48.198475" lon="22.2101">
        <ele>165.5</ele>
        <time>2025-07-10T06:08:02Z</time>
      </trkpt>
      <trkpt lat="48.19854667" lon="22.20988">
        <ele>165.8</ele>
        <time>2025-07-10T06:08:03Z</time>
      </trkpt>
      <trkpt lat="48.19862" lon="22.20966">
        <ele>165.9</ele>
        <time>2025-07-10T06:08:04Z</time>
      </trkpt>
      <trkpt lat="48.19869167" lon="22.20944">
        <ele>166</ele>
        <time>2025-07-10T06:08:05Z</time>
      </trkpt>
      <trkpt lat="48.19875833" lon="22.20920833">
        <ele>166.3</ele>
        <time>2025-07-10T06:08:06Z</time>
      </trkpt>
      <trkpt lat="48.19882333" lon="22.20896333">
        <ele>166.1</ele>
        <time>2025-07-10T06:08:07Z</time>
      </trkpt>
      <trkpt lat="48.19888" lon="22.20872667">
        <ele>166.3</ele>
        <time>2025-07-10T06:08:08Z</time>
      </trkpt>
      <trkpt lat="48.198935" lon="22.20848667">
        <ele>166.5</ele>
        <time>2025-07-10T06:08:09Z</time>
      </trkpt>
      <trkpt lat="48.198995" lon="22.20825167">
        <ele>166.3</ele>
        <time>2025-07-10T06:08:10Z</time>
      </trkpt>
      <trkpt lat="48.19905333" lon="22.20802833">
        <ele>166</ele>
        <time>2025-07-10T06:08:11Z</time>
      </trkpt>
      <trkpt lat="48.19911167" lon="22.20781667">
        <ele>165.5</ele>
        <time>2025-07-10T06:08:12Z</time>
      </trkpt>
      <trkpt lat="48.19917167" lon="22.20759667">
        <ele>165.2</ele>
        <time>2025-07-10T06:08:13Z</time>
      </trkpt>
      <trkpt lat="48.19923167" lon="22.207355">
        <ele>165</ele>
        <time>2025-07-10T06:08:14Z</time>
      </trkpt>
      <trkpt lat="48.19929" lon="22.20712667">
        <ele>164.4</ele>
        <time>2025-07-10T06:08:15Z</time>
      </trkpt>
      <trkpt lat="48.19934667" lon="22.20691">
        <ele>164.4</ele>
        <time>2025-07-10T06:08:16Z</time>
      </trkpt>
      <trkpt lat="48.1994" lon="22.20668833">
        <ele>164.2</ele>
        <time>2025-07-10T06:08:17Z</time>
      </trkpt>
      <trkpt lat="48.19946167" lon="22.20645667">
        <ele>161.1</ele>
        <time>2025-07-10T06:08:18Z</time>
      </trkpt>
      <trkpt lat="48.19952667" lon="22.20622167">
        <ele>159.8</ele>
        <time>2025-07-10T06:08:19Z</time>
      </trkpt>
      <trkpt lat="48.19958667" lon="22.20599167">
        <ele>160.8</ele>
        <time>2025-07-10T06:08:20Z</time>
      </trkpt>
      <trkpt lat="48.199645" lon="22.20574667">
        <ele>161.3</ele>
        <time>2025-07-10T06:08:21Z</time>
      </trkpt>
      <trkpt lat="48.19972667" lon="22.20550667">
        <ele>159.1</ele>
        <time>2025-07-10T06:08:22Z</time>
      </trkpt>
      <trkpt lat="48.19979167" lon="22.20527833">
        <ele>158.8</ele>
        <time>2025-07-10T06:08:23Z</time>
      </trkpt>
      <trkpt lat="48.19984833" lon="22.20505667">
        <ele>158.4</ele>
        <time>2025-07-10T06:08:24Z</time>
      </trkpt>
      <trkpt lat="48.19991167" lon="22.20484333">
        <ele>158.2</ele>
        <time>2025-07-10T06:08:25Z</time>
      </trkpt>
      <trkpt lat="48.199975" lon="22.20462">
        <ele>157.9</ele>
        <time>2025-07-10T06:08:26Z</time>
      </trkpt>
      <trkpt lat="48.20003" lon="22.20439">
        <ele>157.8</ele>
        <time>2025-07-10T06:08:27Z</time>
      </trkpt>
      <trkpt lat="48.200065" lon="22.204155">
        <ele>157.7</ele>
        <time>2025-07-10T06:08:28Z</time>
      </trkpt>
      <trkpt lat="48.20009333" lon="22.20392167">
        <ele>154.9</ele>
        <time>2025-07-10T06:08:29Z</time>
      </trkpt>
      <trkpt lat="48.20012167" lon="22.20367833">
        <ele>153.4</ele>
        <time>2025-07-10T06:08:30Z</time>
      </trkpt>
      <trkpt lat="48.20015333" lon="22.20345167">
        <ele>153.3</ele>
        <time>2025-07-10T06:08:31Z</time>
      </trkpt>
      <trkpt lat="48.20017833" lon="22.20321167">
        <ele>154.2</ele>
        <time>2025-07-10T06:08:32Z</time>
      </trkpt>
      <trkpt lat="48.20021" lon="22.20295667">
        <ele>154.8</ele>
        <time>2025-07-10T06:08:33Z</time>
      </trkpt>
      <trkpt lat="48.20023333" lon="22.202715">
        <ele>154</ele>
        <time>2025-07-10T06:08:34Z</time>
      </trkpt>
      <trkpt lat="48.20027167" lon="22.202475">
        <ele>154.3</ele>
        <time>2025-07-10T06:08:35Z</time>
      </trkpt>
      <trkpt lat="48.20030167" lon="22.202225">
        <ele>156.8</ele>
        <time>2025-07-10T06:08:36Z</time>
      </trkpt>
      <trkpt lat="48.20036167" lon="22.20199">
        <ele>157.5</ele>
        <time>2025-07-10T06:08:37Z</time>
      </trkpt>
      <trkpt lat="48.20042333" lon="22.20177">
        <ele>157.5</ele>
        <time>2025-07-10T06:08:38Z</time>
      </trkpt>
      <trkpt lat="48.20049667" lon="22.20157333">
        <ele>156.7</ele>
        <time>2025-07-10T06:08:39Z</time>
      </trkpt>
      <trkpt lat="48.20057" lon="22.20136333">
        <ele>156.2</ele>
        <time>2025-07-10T06:08:40Z</time>
      </trkpt>
      <trkpt lat="48.20064" lon="22.201155">
        <ele>156</ele>
        <time>2025-07-10T06:08:41Z</time>
      </trkpt>
      <trkpt lat="48.20070333" lon="22.20094333">
        <ele>155.9</ele>
        <time>2025-07-10T06:08:42Z</time>
      </trkpt>
      <trkpt lat="48.200755" lon="22.20073167">
        <ele>155.7</ele>
        <time>2025-07-10T06:08:43Z</time>
      </trkpt>
      <trkpt lat="48.200805" lon="22.20049833">
        <ele>152.7</ele>
        <time>2025-07-10T06:08:44Z</time>
      </trkpt>
      <trkpt lat="48.20083833" lon="22.20027333">
        <ele>152.8</ele>
        <time>2025-07-10T06:08:45Z</time>
      </trkpt>
      <trkpt lat="48.20084" lon="22.20004833">
        <ele>153.2</ele>
        <time>2025-07-10T06:08:46Z</time>
      </trkpt>
      <trkpt lat="48.20083833" lon="22.19982833">
        <ele>153.2</ele>
        <time>2025-07-10T06:08:47Z</time>
      </trkpt>
      <trkpt lat="48.20084" lon="22.19963333">
        <ele>152.5</ele>
        <time>2025-07-10T06:08:48Z</time>
      </trkpt>
      <trkpt lat="48.20082333" lon="22.19941833">
        <ele>152.1</ele>
        <time>2025-07-10T06:08:49Z</time>
      </trkpt>
      <trkpt lat="48.20080833" lon="22.19922833">
        <ele>151</ele>
        <time>2025-07-10T06:08:50Z</time>
      </trkpt>
      <trkpt lat="48.20078167" lon="22.19902167">
        <ele>150.7</ele>
        <time>2025-07-10T06:08:51Z</time>
      </trkpt>
      <trkpt lat="48.20074667" lon="22.19881167">
        <ele>150.3</ele>
        <time>2025-07-10T06:08:52Z</time>
      </trkpt>
      <trkpt lat="48.20071" lon="22.19859">
        <ele>149.6</ele>
        <time>2025-07-10T06:08:53Z</time>
      </trkpt>
      <trkpt lat="48.20065" lon="22.19838167">
        <ele>148.6</ele>
        <time>2025-07-10T06:08:54Z</time>
      </trkpt>
      <trkpt lat="48.200595" lon="22.19817167">
        <ele>147.1</ele>
        <time>2025-07-10T06:08:55Z</time>
      </trkpt>
      <trkpt lat="48.20052167" lon="22.19795833">
        <ele>145.6</ele>
        <time>2025-07-10T06:08:56Z</time>
      </trkpt>
      <trkpt lat="48.20044333" lon="22.19770833">
        <ele>143</ele>
        <time>2025-07-10T06:08:57Z</time>
      </trkpt>
      <trkpt lat="48.200375" lon="22.19748333">
        <ele>143.5</ele>
        <time>2025-07-10T06:08:58Z</time>
      </trkpt>
      <trkpt lat="48.20030333" lon="22.19726">
        <ele>146.7</ele>
        <time>2025-07-10T06:08:59Z</time>
      </trkpt>
      <trkpt lat="48.20023833" lon="22.19705833">
        <ele>148.9</ele>
        <time>2025-07-10T06:09:00Z</time>
      </trkpt>
      <trkpt lat="48.20017167" lon="22.19687333">
        <ele>150.5</ele>
        <time>2025-07-10T06:09:01Z</time>
      </trkpt>
      <trkpt lat="48.200105" lon="22.19669667">
        <ele>150.8</ele>
        <time>2025-07-10T06:09:02Z</time>
      </trkpt>
      <trkpt lat="48.20006167" lon="22.19650833">
        <ele>150.6</ele>
        <time>2025-07-10T06:09:03Z</time>
      </trkpt>
      <trkpt lat="48.20003333" lon="22.19631833">
        <ele>150.9</ele>
        <time>2025-07-10T06:09:04Z</time>
      </trkpt>
      <trkpt lat="48.20001333" lon="22.19613167">
        <ele>151.3</ele>
        <time>2025-07-10T06:09:05Z</time>
      </trkpt>
      <trkpt lat="48.20000333" lon="22.19593833">
        <ele>151.3</ele>
        <time>2025-07-10T06:09:06Z</time>
      </trkpt>
      <trkpt lat="48.19999833" lon="22.19574667">
        <ele>151.7</ele>
        <time>2025-07-10T06:09:07Z</time>
      </trkpt>
      <trkpt lat="48.20001833" lon="22.19556333">
        <ele>152</ele>
        <time>2025-07-10T06:09:08Z</time>
      </trkpt>
      <trkpt lat="48.20004167" lon="22.195365">
        <ele>152.6</ele>
        <time>2025-07-10T06:09:09Z</time>
      </trkpt>
      <trkpt lat="48.200075" lon="22.19517833">
        <ele>152.3</ele>
        <time>2025-07-10T06:09:10Z</time>
      </trkpt>
      <trkpt lat="48.20011333" lon="22.195">
        <ele>154.1</ele>
        <time>2025-07-10T06:09:11Z</time>
      </trkpt>
      <trkpt lat="48.20016667" lon="22.19482">
        <ele>153.4</ele>
        <time>2025-07-10T06:09:12Z</time>
      </trkpt>
      <trkpt lat="48.20021667" lon="22.19465333">
        <ele>154</ele>
        <time>2025-07-10T06:09:13Z</time>
      </trkpt>
      <trkpt lat="48.20027333" lon="22.19448">
        <ele>154.4</ele>
        <time>2025-07-10T06:09:14Z</time>
      </trkpt>
      <trkpt lat="48.20033333" lon="22.19431333">
        <ele>152.7</ele>
        <time>2025-07-10T06:09:15Z</time>
      </trkpt>
      <trkpt lat="48.20038" lon="22.19414333">
        <ele>151.2</ele>
        <time>2025-07-10T06:09:16Z</time>
      </trkpt>
      <trkpt lat="48.20043333" lon="22.19398167">
        <ele>151.3</ele>
        <time>2025-07-10T06:09:17Z</time>
      </trkpt>
      <trkpt lat="48.20050167" lon="22.19385">
        <ele>153.4</ele>
        <time>2025-07-10T06:09:18Z</time>
      </trkpt>
      <trkpt lat="48.20054333" lon="22.19371167">
        <ele>153.5</ele>
        <time>2025-07-10T06:09:19Z</time>
      </trkpt>
      <trkpt lat="48.20058333" lon="22.19359">
        <ele>153.8</ele>
        <time>2025-07-10T06:09:20Z</time>
      </trkpt>
      <trkpt lat="48.20064667" lon="22.193385">
        <ele>155.3</ele>
        <time>2025-07-10T06:09:22Z</time>
      </trkpt>
      <trkpt lat="48.20067833" lon="22.19323333">
        <ele>155.5</ele>
        <time>2025-07-10T06:09:24Z</time>
      </trkpt>
      <trkpt lat="48.20064333" lon="22.19308">
        <ele>155.1</ele>
        <time>2025-07-10T06:09:27Z</time>
      </trkpt>
      <trkpt lat="48.200535" lon="22.19304333">
        <ele>154.7</ele>
        <time>2025-07-10T06:09:29Z</time>
      </trkpt>
      <trkpt lat="48.20040167" lon="22.19311833">
        <ele>153.2</ele>
        <time>2025-07-10T06:09:31Z</time>
      </trkpt>
      <trkpt lat="48.20027167" lon="22.193205">
        <ele>151.7</ele>
        <time>2025-07-10T06:09:33Z</time>
      </trkpt>
      <trkpt lat="48.20010667" lon="22.19331833">
        <ele>151.7</ele>
        <time>2025-07-10T06:09:35Z</time>
      </trkpt>
      <trkpt lat="48.20000833" lon="22.19338667">
        <ele>152.1</ele>
        <time>2025-07-10T06:09:36Z</time>
      </trkpt>
      <trkpt lat="48.19990833" lon="22.19345833">
        <ele>152.1</ele>
        <time>2025-07-10T06:09:37Z</time>
      </trkpt>
      <trkpt lat="48.19980833" lon="22.19353333">
        <ele>151.8</ele>
        <time>2025-07-10T06:09:38Z</time>
      </trkpt>
      <trkpt lat="48.19970333" lon="22.19361333">
        <ele>152.2</ele>
        <time>2025-07-10T06:09:39Z</time>
      </trkpt>
      <trkpt lat="48.19960167" lon="22.19367667">
        <ele>153.6</ele>
        <time>2025-07-10T06:09:40Z</time>
      </trkpt>
      <trkpt lat="48.19948833" lon="22.19375">
        <ele>153.5</ele>
        <time>2025-07-10T06:09:41Z</time>
      </trkpt>
      <trkpt lat="48.199365" lon="22.19383167">
        <ele>153.5</ele>
        <time>2025-07-10T06:09:42Z</time>
      </trkpt>
      <trkpt lat="48.199235" lon="22.19392333">
        <ele>152.9</ele>
        <time>2025-07-10T06:09:43Z</time>
      </trkpt>
      <trkpt lat="48.199105" lon="22.19401167">
        <ele>153.5</ele>
        <time>2025-07-10T06:09:44Z</time>
      </trkpt>
      <trkpt lat="48.19896333" lon="22.19410667">
        <ele>153.3</ele>
        <time>2025-07-10T06:09:45Z</time>
      </trkpt>
      <trkpt lat="48.19882833" lon="22.194195">
        <ele>151.5</ele>
        <time>2025-07-10T06:09:46Z</time>
      </trkpt>
      <trkpt lat="48.198675" lon="22.19429">
        <ele>152</ele>
        <time>2025-07-10T06:09:47Z</time>
      </trkpt>
      <trkpt lat="48.19854" lon="22.19438333">
        <ele>150.7</ele>
        <time>2025-07-10T06:09:48Z</time>
      </trkpt>
      <trkpt lat="48.198405" lon="22.194475">
        <ele>149</ele>
        <time>2025-07-10T06:09:49Z</time>
      </trkpt>
      <trkpt lat="48.19824667" lon="22.194555">
        <ele>150.4</ele>
        <time>2025-07-10T06:09:50Z</time>
      </trkpt>
      <trkpt lat="48.198095" lon="22.19464667">
        <ele>149.2</ele>
        <time>2025-07-10T06:09:51Z</time>
      </trkpt>
      <trkpt lat="48.19792" lon="22.19473833">
        <ele>150.1</ele>
        <time>2025-07-10T06:09:52Z</time>
      </trkpt>
      <trkpt lat="48.19774833" lon="22.19483">
        <ele>150.6</ele>
        <time>2025-07-10T06:09:53Z</time>
      </trkpt>
      <trkpt lat="48.19759167" lon="22.19491667">
        <ele>149.2</ele>
        <time>2025-07-10T06:09:54Z</time>
      </trkpt>
      <trkpt lat="48.19744" lon="22.19499667">
        <ele>147.9</ele>
        <time>2025-07-10T06:09:55Z</time>
      </trkpt>
      <trkpt lat="48.19727167" lon="22.19508667">
        <ele>149</ele>
        <time>2025-07-10T06:09:56Z</time>
      </trkpt>
      <trkpt lat="48.19709" lon="22.19518167">
        <ele>150.6</ele>
        <time>2025-07-10T06:09:57Z</time>
      </trkpt>
      <trkpt lat="48.19691333" lon="22.19527333">
        <ele>150.2</ele>
        <time>2025-07-10T06:09:58Z</time>
      </trkpt>
      <trkpt lat="48.19672833" lon="22.19538167">
        <ele>149.7</ele>
        <time>2025-07-10T06:09:59Z</time>
      </trkpt>
      <trkpt lat="48.19655333" lon="22.19548833">
        <ele>149.3</ele>
        <time>2025-07-10T06:10:00Z</time>
      </trkpt>
      <trkpt lat="48.19637667" lon="22.19559167">
        <ele>149.1</ele>
        <time>2025-07-10T06:10:01Z</time>
      </trkpt>
      <trkpt lat="48.19619833" lon="22.19567833">
        <ele>149.6</ele>
        <time>2025-07-10T06:10:02Z</time>
      </trkpt>
      <trkpt lat="48.196025" lon="22.19576667">
        <ele>149.6</ele>
        <time>2025-07-10T06:10:03Z</time>
      </trkpt>
      <trkpt lat="48.19586" lon="22.195855">
        <ele>149.8</ele>
        <time>2025-07-10T06:10:04Z</time>
      </trkpt>
      <trkpt lat="48.1957" lon="22.19594333">
        <ele>149.9</ele>
        <time>2025-07-10T06:10:05Z</time>
      </trkpt>
      <trkpt lat="48.19555333" lon="22.19601333">
        <ele>147.4</ele>
        <time>2025-07-10T06:10:06Z</time>
      </trkpt>
      <trkpt lat="48.19538" lon="22.19609167">
        <ele>144.5</ele>
        <time>2025-07-10T06:10:07Z</time>
      </trkpt>
      <trkpt lat="48.19519833" lon="22.196175">
        <ele>144.5</ele>
        <time>2025-07-10T06:10:08Z</time>
      </trkpt>
      <trkpt lat="48.19502" lon="22.19626167">
        <ele>145.1</ele>
        <time>2025-07-10T06:10:09Z</time>
      </trkpt>
      <trkpt lat="48.19485167" lon="22.19633667">
        <ele>145.8</ele>
        <time>2025-07-10T06:10:10Z</time>
      </trkpt>
      <trkpt lat="48.19468833" lon="22.19643">
        <ele>149.2</ele>
        <time>2025-07-10T06:10:11Z</time>
      </trkpt>
      <trkpt lat="48.19452333" lon="22.19652">
        <ele>150.9</ele>
        <time>2025-07-10T06:10:12Z</time>
      </trkpt>
      <trkpt lat="48.19435167" lon="22.1966">
        <ele>152.3</ele>
        <time>2025-07-10T06:10:13Z</time>
      </trkpt>
      <trkpt lat="48.19419" lon="22.19666333">
        <ele>152.3</ele>
        <time>2025-07-10T06:10:14Z</time>
      </trkpt>
      <trkpt lat="48.19400333" lon="22.19676">
        <ele>151.6</ele>
        <time>2025-07-10T06:10:15Z</time>
      </trkpt>
      <trkpt lat="48.19381333" lon="22.19684833">
        <ele>154.3</ele>
        <time>2025-07-10T06:10:16Z</time>
      </trkpt>
      <trkpt lat="48.19363333" lon="22.19689833">
        <ele>156.4</ele>
        <time>2025-07-10T06:10:17Z</time>
      </trkpt>
      <trkpt lat="48.193455" lon="22.19693333">
        <ele>157.2</ele>
        <time>2025-07-10T06:10:18Z</time>
      </trkpt>
      <trkpt lat="48.19327833" lon="22.19695333">
        <ele>157.7</ele>
        <time>2025-07-10T06:10:19Z</time>
      </trkpt>
      <trkpt lat="48.1931" lon="22.19697833">
        <ele>157.7</ele>
        <time>2025-07-10T06:10:20Z</time>
      </trkpt>
      <trkpt lat="48.192925" lon="22.19700833">
        <ele>157.5</ele>
        <time>2025-07-10T06:10:21Z</time>
      </trkpt>
      <trkpt lat="48.19275667" lon="22.19703167">
        <ele>154.1</ele>
        <time>2025-07-10T06:10:22Z</time>
      </trkpt>
      <trkpt lat="48.192575" lon="22.19706">
        <ele>153.7</ele>
        <time>2025-07-10T06:10:23Z</time>
      </trkpt>
      <trkpt lat="48.19239833" lon="22.19708667">
        <ele>152.5</ele>
        <time>2025-07-10T06:10:24Z</time>
      </trkpt>
      <trkpt lat="48.19221833" lon="22.19711833">
        <ele>152.7</ele>
        <time>2025-07-10T06:10:25Z</time>
      </trkpt>
      <trkpt lat="48.192045" lon="22.19716">
        <ele>151.1</ele>
        <time>2025-07-10T06:10:26Z</time>
      </trkpt>
      <trkpt lat="48.19186833" lon="22.19719167">
        <ele>149.8</ele>
        <time>2025-07-10T06:10:27Z</time>
      </trkpt>
      <trkpt lat="48.19168833" lon="22.19722333">
        <ele>149.2</ele>
        <time>2025-07-10T06:10:28Z</time>
      </trkpt>
      <trkpt lat="48.191515" lon="22.197245">
        <ele>148.8</ele>
        <time>2025-07-10T06:10:29Z</time>
      </trkpt>
      <trkpt lat="48.191335" lon="22.19727">
        <ele>147.9</ele>
        <time>2025-07-10T06:10:30Z</time>
      </trkpt>
      <trkpt lat="48.19116" lon="22.197275">
        <ele>148</ele>
        <time>2025-07-10T06:10:31Z</time>
      </trkpt>
      <trkpt lat="48.190995" lon="22.19728167">
        <ele>147</ele>
        <time>2025-07-10T06:10:32Z</time>
      </trkpt>
      <trkpt lat="48.19082667" lon="22.19726333">
        <ele>143</ele>
        <time>2025-07-10T06:10:33Z</time>
      </trkpt>
      <trkpt lat="48.19065833" lon="22.19724">
        <ele>141.4</ele>
        <time>2025-07-10T06:10:34Z</time>
      </trkpt>
      <trkpt lat="48.19048333" lon="22.1972">
        <ele>140.9</ele>
        <time>2025-07-10T06:10:35Z</time>
      </trkpt>
      <trkpt lat="48.19031333" lon="22.19714667">
        <ele>140.6</ele>
        <time>2025-07-10T06:10:36Z</time>
      </trkpt>
      <trkpt lat="48.190125" lon="22.19707167">
        <ele>146.9</ele>
        <time>2025-07-10T06:10:37Z</time>
      </trkpt>
      <trkpt lat="48.18994833" lon="22.197015">
        <ele>146.1</ele>
        <time>2025-07-10T06:10:38Z</time>
      </trkpt>
      <trkpt lat="48.18977" lon="22.19696">
        <ele>145.2</ele>
        <time>2025-07-10T06:10:39Z</time>
      </trkpt>
      <trkpt lat="48.18960167" lon="22.19690667">
        <ele>144.8</ele>
        <time>2025-07-10T06:10:40Z</time>
      </trkpt>
      <trkpt lat="48.18942833" lon="22.19685">
        <ele>143.7</ele>
        <time>2025-07-10T06:10:41Z</time>
      </trkpt>
      <trkpt lat="48.18927" lon="22.19677">
        <ele>147.1</ele>
        <time>2025-07-10T06:10:42Z</time>
      </trkpt>
      <trkpt lat="48.18909667" lon="22.19670167">
        <ele>149.4</ele>
        <time>2025-07-10T06:10:43Z</time>
      </trkpt>
      <trkpt lat="48.18891" lon="22.19663">
        <ele>151.2</ele>
        <time>2025-07-10T06:10:44Z</time>
      </trkpt>
      <trkpt lat="48.18873" lon="22.19655">
        <ele>154.8</ele>
        <time>2025-07-10T06:10:45Z</time>
      </trkpt>
      <trkpt lat="48.18855333" lon="22.19647667">
        <ele>156.7</ele>
        <time>2025-07-10T06:10:46Z</time>
      </trkpt>
      <trkpt lat="48.18838167" lon="22.196415">
        <ele>156.6</ele>
        <time>2025-07-10T06:10:47Z</time>
      </trkpt>
      <trkpt lat="48.188205" lon="22.19635833">
        <ele>157</ele>
        <time>2025-07-10T06:10:48Z</time>
      </trkpt>
      <trkpt lat="48.18803667" lon="22.19630833">
        <ele>156.6</ele>
        <time>2025-07-10T06:10:49Z</time>
      </trkpt>
      <trkpt lat="48.18787833" lon="22.19626">
        <ele>156</ele>
        <time>2025-07-10T06:10:50Z</time>
      </trkpt>
      <trkpt lat="48.18772667" lon="22.196215">
        <ele>155.3</ele>
        <time>2025-07-10T06:10:51Z</time>
      </trkpt>
      <trkpt lat="48.18756833" lon="22.19615">
        <ele>154.4</ele>
        <time>2025-07-10T06:10:52Z</time>
      </trkpt>
      <trkpt lat="48.18741" lon="22.19608333">
        <ele>153.5</ele>
        <time>2025-07-10T06:10:53Z</time>
      </trkpt>
      <trkpt lat="48.18725667" lon="22.19602167">
        <ele>153.3</ele>
        <time>2025-07-10T06:10:54Z</time>
      </trkpt>
      <trkpt lat="48.18711667" lon="22.195965">
        <ele>152.8</ele>
        <time>2025-07-10T06:10:55Z</time>
      </trkpt>
      <trkpt lat="48.18696167" lon="22.1959">
        <ele>152.5</ele>
        <time>2025-07-10T06:10:56Z</time>
      </trkpt>
      <trkpt lat="48.18682833" lon="22.19585">
        <ele>152.2</ele>
        <time>2025-07-10T06:10:57Z</time>
      </trkpt>
      <trkpt lat="48.1867" lon="22.195785">
        <ele>150.2</ele>
        <time>2025-07-10T06:10:58Z</time>
      </trkpt>
      <trkpt lat="48.186575" lon="22.19576333">
        <ele>149.5</ele>
        <time>2025-07-10T06:10:59Z</time>
      </trkpt>
      <trkpt lat="48.18646167" lon="22.19575">
        <ele>149.6</ele>
        <time>2025-07-10T06:11:00Z</time>
      </trkpt>
      <trkpt lat="48.18634" lon="22.19576833">
        <ele>149.8</ele>
        <time>2025-07-10T06:11:01Z</time>
      </trkpt>
      <trkpt lat="48.18620833" lon="22.19581333">
        <ele>151</ele>
        <time>2025-07-10T06:11:02Z</time>
      </trkpt>
      <trkpt lat="48.18608833" lon="22.19588">
        <ele>150.6</ele>
        <time>2025-07-10T06:11:03Z</time>
      </trkpt>
      <trkpt lat="48.18597833" lon="22.195965">
        <ele>150.3</ele>
        <time>2025-07-10T06:11:04Z</time>
      </trkpt>
      <trkpt lat="48.18586" lon="22.19605833">
        <ele>149.9</ele>
        <time>2025-07-10T06:11:05Z</time>
      </trkpt>
      <trkpt lat="48.18574" lon="22.19615167">
        <ele>150</ele>
        <time>2025-07-10T06:11:06Z</time>
      </trkpt>
      <trkpt lat="48.185615" lon="22.19625833">
        <ele>150.8</ele>
        <time>2025-07-10T06:11:07Z</time>
      </trkpt>
      <trkpt lat="48.18549667" lon="22.19635833">
        <ele>150.3</ele>
        <time>2025-07-10T06:11:08Z</time>
      </trkpt>
      <trkpt lat="48.18536833" lon="22.19647">
        <ele>150.6</ele>
        <time>2025-07-10T06:11:09Z</time>
      </trkpt>
      <trkpt lat="48.18524167" lon="22.19657167">
        <ele>150.9</ele>
        <time>2025-07-10T06:11:10Z</time>
      </trkpt>
      <trkpt lat="48.185115" lon="22.196675">
        <ele>151.4</ele>
        <time>2025-07-10T06:11:11Z</time>
      </trkpt>
      <trkpt lat="48.18499" lon="22.196785">
        <ele>151.3</ele>
        <time>2025-07-10T06:11:12Z</time>
      </trkpt>
      <trkpt lat="48.18485667" lon="22.19689">
        <ele>150.9</ele>
        <time>2025-07-10T06:11:13Z</time>
      </trkpt>
      <trkpt lat="48.18471" lon="22.19699833">
        <ele>151.4</ele>
        <time>2025-07-10T06:11:14Z</time>
      </trkpt>
      <trkpt lat="48.18457167" lon="22.19711333">
        <ele>151.3</ele>
        <time>2025-07-10T06:11:15Z</time>
      </trkpt>
      <trkpt lat="48.184435" lon="22.19722">
        <ele>152.5</ele>
        <time>2025-07-10T06:11:16Z</time>
      </trkpt>
      <trkpt lat="48.18429667" lon="22.19732333">
        <ele>154</ele>
        <time>2025-07-10T06:11:17Z</time>
      </trkpt>
      <trkpt lat="48.18416667" lon="22.197435">
        <ele>153.7</ele>
        <time>2025-07-10T06:11:18Z</time>
      </trkpt>
      <trkpt lat="48.18403167" lon="22.19754333">
        <ele>154.8</ele>
        <time>2025-07-10T06:11:19Z</time>
      </trkpt>
      <trkpt lat="48.18390333" lon="22.19765833">
        <ele>154.8</ele>
        <time>2025-07-10T06:11:20Z</time>
      </trkpt>
      <trkpt lat="48.18376333" lon="22.19777">
        <ele>155.2</ele>
        <time>2025-07-10T06:11:21Z</time>
      </trkpt>
      <trkpt lat="48.18363167" lon="22.19788">
        <ele>154.5</ele>
        <time>2025-07-10T06:11:22Z</time>
      </trkpt>
      <trkpt lat="48.18349167" lon="22.19798167">
        <ele>156.1</ele>
        <time>2025-07-10T06:11:23Z</time>
      </trkpt>
      <trkpt lat="48.18335333" lon="22.19808">
        <ele>156.9</ele>
        <time>2025-07-10T06:11:24Z</time>
      </trkpt>
      <trkpt lat="48.18322" lon="22.19818167">
        <ele>157.6</ele>
        <time>2025-07-10T06:11:25Z</time>
      </trkpt>
      <trkpt lat="48.18307333" lon="22.19828667">
        <ele>157.1</ele>
        <time>2025-07-10T06:11:26Z</time>
      </trkpt>
      <trkpt lat="48.18294" lon="22.19838">
        <ele>157.2</ele>
        <time>2025-07-10T06:11:27Z</time>
      </trkpt>
      <trkpt lat="48.18282167" lon="22.19846167">
        <ele>156.6</ele>
        <time>2025-07-10T06:11:28Z</time>
      </trkpt>
      <trkpt lat="48.18270667" lon="22.198535">
        <ele>157.1</ele>
        <time>2025-07-10T06:11:29Z</time>
      </trkpt>
      <trkpt lat="48.18260333" lon="22.1986">
        <ele>157.4</ele>
        <time>2025-07-10T06:11:30Z</time>
      </trkpt>
      <trkpt lat="48.18245167" lon="22.198715">
        <ele>158.4</ele>
        <time>2025-07-10T06:11:32Z</time>
      </trkpt>
      <trkpt lat="48.18233667" lon="22.198775">
        <ele>158.5</ele>
        <time>2025-07-10T06:11:34Z</time>
      </trkpt>
      <trkpt lat="48.18224" lon="22.198835">
        <ele>158.5</ele>
        <time>2025-07-10T06:11:38Z</time>
      </trkpt>
      <trkpt lat="48.18212667" lon="22.19877167">
        <ele>155.3</ele>
        <time>2025-07-10T06:11:43Z</time>
      </trkpt>
      <trkpt lat="48.182075" lon="22.19861">
        <ele>154.4</ele>
        <time>2025-07-10T06:11:45Z</time>
      </trkpt>
      <trkpt lat="48.182005" lon="22.19839333">
        <ele>153.8</ele>
        <time>2025-07-10T06:11:47Z</time>
      </trkpt>
      <trkpt lat="48.18193167" lon="22.198155">
        <ele>152.5</ele>
        <time>2025-07-10T06:11:49Z</time>
      </trkpt>
      <trkpt lat="48.181885" lon="22.19802833">
        <ele>151.7</ele>
        <time>2025-07-10T06:11:50Z</time>
      </trkpt>
      <trkpt lat="48.18183333" lon="22.19788833">
        <ele>151.1</ele>
        <time>2025-07-10T06:11:51Z</time>
      </trkpt>
      <trkpt lat="48.18177667" lon="22.19772833">
        <ele>150.9</ele>
        <time>2025-07-10T06:11:52Z</time>
      </trkpt>
      <trkpt lat="48.18172167" lon="22.19757333">
        <ele>150.4</ele>
        <time>2025-07-10T06:11:53Z</time>
      </trkpt>
      <trkpt lat="48.18166667" lon="22.19741167">
        <ele>149.9</ele>
        <time>2025-07-10T06:11:54Z</time>
      </trkpt>
      <trkpt lat="48.18160833" lon="22.197245">
        <ele>150.8</ele>
        <time>2025-07-10T06:11:55Z</time>
      </trkpt>
      <trkpt lat="48.18154667" lon="22.19707667">
        <ele>150.8</ele>
        <time>2025-07-10T06:11:56Z</time>
      </trkpt>
      <trkpt lat="48.18148667" lon="22.1969">
        <ele>151.1</ele>
        <time>2025-07-10T06:11:57Z</time>
      </trkpt>
      <trkpt lat="48.18142333" lon="22.19671833">
        <ele>150.3</ele>
        <time>2025-07-10T06:11:58Z</time>
      </trkpt>
      <trkpt lat="48.18136667" lon="22.19653667">
        <ele>150.3</ele>
        <time>2025-07-10T06:11:59Z</time>
      </trkpt>
      <trkpt lat="48.18133167" lon="22.19634167">
        <ele>149.7</ele>
        <time>2025-07-10T06:12:00Z</time>
      </trkpt>
      <trkpt lat="48.181275" lon="22.19615333">
        <ele>149.6</ele>
        <time>2025-07-10T06:12:01Z</time>
      </trkpt>
      <trkpt lat="48.18122833" lon="22.19596">
        <ele>149.8</ele>
        <time>2025-07-10T06:12:02Z</time>
      </trkpt>
      <trkpt lat="48.18119667" lon="22.19576333">
        <ele>149.7</ele>
        <time>2025-07-10T06:12:03Z</time>
      </trkpt>
      <trkpt lat="48.18116167" lon="22.19555833">
        <ele>149.8</ele>
        <time>2025-07-10T06:12:04Z</time>
      </trkpt>
      <trkpt lat="48.18112667" lon="22.19535167">
        <ele>151.4</ele>
        <time>2025-07-10T06:12:05Z</time>
      </trkpt>
      <trkpt lat="48.18109167" lon="22.19514667">
        <ele>153.7</ele>
        <time>2025-07-10T06:12:06Z</time>
      </trkpt>
      <trkpt lat="48.18104833" lon="22.19494167">
        <ele>154.1</ele>
        <time>2025-07-10T06:12:07Z</time>
      </trkpt>
      <trkpt lat="48.18099833" lon="22.19473667">
        <ele>153.5</ele>
        <time>2025-07-10T06:12:08Z</time>
      </trkpt>
      <trkpt lat="48.18094667" lon="22.19453333">
        <ele>153</ele>
        <time>2025-07-10T06:12:09Z</time>
      </trkpt>
      <trkpt lat="48.18089" lon="22.19433667">
        <ele>152.4</ele>
        <time>2025-07-10T06:12:10Z</time>
      </trkpt>
      <trkpt lat="48.18083" lon="22.19414667">
        <ele>152.3</ele>
        <time>2025-07-10T06:12:11Z</time>
      </trkpt>
      <trkpt lat="48.18076833" lon="22.19396333">
        <ele>151.9</ele>
        <time>2025-07-10T06:12:12Z</time>
      </trkpt>
      <trkpt lat="48.18070167" lon="22.19379667">
        <ele>151.7</ele>
        <time>2025-07-10T06:12:13Z</time>
      </trkpt>
      <trkpt lat="48.18064333" lon="22.19364333">
        <ele>152.3</ele>
        <time>2025-07-10T06:12:14Z</time>
      </trkpt>
      <trkpt lat="48.18059333" lon="22.193505">
        <ele>151.9</ele>
        <time>2025-07-10T06:12:15Z</time>
      </trkpt>
      <trkpt lat="48.18054167" lon="22.19338">
        <ele>151.5</ele>
        <time>2025-07-10T06:12:16Z</time>
      </trkpt>
      <trkpt lat="48.18046333" lon="22.19320333">
        <ele>150.3</ele>
        <time>2025-07-10T06:12:18Z</time>
      </trkpt>
      <trkpt lat="48.18043333" lon="22.19306167">
        <ele>150.6</ele>
        <time>2025-07-10T06:12:20Z</time>
      </trkpt>
      <trkpt lat="48.18045333" lon="22.192865">
        <ele>149.7</ele>
        <time>2025-07-10T06:12:23Z</time>
      </trkpt>
      <trkpt lat="48.18042" lon="22.19268667">
        <ele>149.9</ele>
        <time>2025-07-10T06:12:26Z</time>
      </trkpt>
      <trkpt lat="48.18030833" lon="22.19264">
        <ele>150.2</ele>
        <time>2025-07-10T06:12:29Z</time>
      </trkpt>
      <trkpt lat="48.18022667" lon="22.192755">
        <ele>150.8</ele>
        <time>2025-07-10T06:12:33Z</time>
      </trkpt>
      <trkpt lat="48.180265" lon="22.19295333">
        <ele>151.8</ele>
        <time>2025-07-10T06:12:36Z</time>
      </trkpt>
      <trkpt lat="48.18034833" lon="22.1931">
        <ele>152</ele>
        <time>2025-07-10T06:12:38Z</time>
      </trkpt>
      <trkpt lat="48.18045" lon="22.19329">
        <ele>153.3</ele>
        <time>2025-07-10T06:12:40Z</time>
      </trkpt>
      <trkpt lat="48.18054833" lon="22.19350667">
        <ele>154.1</ele>
        <time>2025-07-10T06:12:42Z</time>
      </trkpt>
      <trkpt lat="48.18060167" lon="22.193635">
        <ele>154.1</ele>
        <time>2025-07-10T06:12:43Z</time>
      </trkpt>
      <trkpt lat="48.18065167" lon="22.193765">
        <ele>154.2</ele>
        <time>2025-07-10T06:12:44Z</time>
      </trkpt>
      <trkpt lat="48.18070333" lon="22.193915">
        <ele>154.3</ele>
        <time>2025-07-10T06:12:45Z</time>
      </trkpt>
      <trkpt lat="48.18075667" lon="22.19406167">
        <ele>154</ele>
        <time>2025-07-10T06:12:46Z</time>
      </trkpt>
      <trkpt lat="48.18081" lon="22.19421833">
        <ele>153.6</ele>
        <time>2025-07-10T06:12:47Z</time>
      </trkpt>
      <trkpt lat="48.18085833" lon="22.19437333">
        <ele>153.3</ele>
        <time>2025-07-10T06:12:48Z</time>
      </trkpt>
      <trkpt lat="48.18090333" lon="22.194535">
        <ele>153.3</ele>
        <time>2025-07-10T06:12:49Z</time>
      </trkpt>
      <trkpt lat="48.18094833" lon="22.19471">
        <ele>153.5</ele>
        <time>2025-07-10T06:12:50Z</time>
      </trkpt>
      <trkpt lat="48.18099" lon="22.19489833">
        <ele>154.5</ele>
        <time>2025-07-10T06:12:51Z</time>
      </trkpt>
      <trkpt lat="48.18102333" lon="22.19509167">
        <ele>154.7</ele>
        <time>2025-07-10T06:12:52Z</time>
      </trkpt>
      <trkpt lat="48.18106167" lon="22.19529">
        <ele>154.9</ele>
        <time>2025-07-10T06:12:53Z</time>
      </trkpt>
      <trkpt lat="48.18108667" lon="22.19549167">
        <ele>155.4</ele>
        <time>2025-07-10T06:12:54Z</time>
      </trkpt>
      <trkpt lat="48.18112167" lon="22.19568167">
        <ele>155.1</ele>
        <time>2025-07-10T06:12:55Z</time>
      </trkpt>
      <trkpt lat="48.18116333" lon="22.19587167">
        <ele>155.2</ele>
        <time>2025-07-10T06:12:56Z</time>
      </trkpt>
      <trkpt lat="48.18120667" lon="22.19606333">
        <ele>154.2</ele>
        <time>2025-07-10T06:12:57Z</time>
      </trkpt>
      <trkpt lat="48.18125667" lon="22.196255">
        <ele>154.3</ele>
        <time>2025-07-10T06:12:58Z</time>
      </trkpt>
      <trkpt lat="48.18131167" lon="22.196445">
        <ele>154.2</ele>
        <time>2025-07-10T06:12:59Z</time>
      </trkpt>
      <trkpt lat="48.18136833" lon="22.196625">
        <ele>153.8</ele>
        <time>2025-07-10T06:13:00Z</time>
      </trkpt>
      <trkpt lat="48.18142667" lon="22.19681333">
        <ele>154.5</ele>
        <time>2025-07-10T06:13:01Z</time>
      </trkpt>
      <trkpt lat="48.18149" lon="22.19699833">
        <ele>154.7</ele>
        <time>2025-07-10T06:13:02Z</time>
      </trkpt>
      <trkpt lat="48.18155333" lon="22.19718833">
        <ele>155</ele>
        <time>2025-07-10T06:13:03Z</time>
      </trkpt>
      <trkpt lat="48.18161167" lon="22.19738167">
        <ele>155.6</ele>
        <time>2025-07-10T06:13:04Z</time>
      </trkpt>
      <trkpt lat="48.18167333" lon="22.19756167">
        <ele>155.1</ele>
        <time>2025-07-10T06:13:05Z</time>
      </trkpt>
      <trkpt lat="48.18173833" lon="22.19773667">
        <ele>153.9</ele>
        <time>2025-07-10T06:13:06Z</time>
      </trkpt>
      <trkpt lat="48.1818" lon="22.19791167">
        <ele>153.9</ele>
        <time>2025-07-10T06:13:07Z</time>
      </trkpt>
      <trkpt lat="48.18185833" lon="22.198075">
        <ele>154.2</ele>
        <time>2025-07-10T06:13:08Z</time>
      </trkpt>
      <trkpt lat="48.181915" lon="22.19822167">
        <ele>154.3</ele>
        <time>2025-07-10T06:13:09Z</time>
      </trkpt>
      <trkpt lat="48.181965" lon="22.19836167">
        <ele>154.6</ele>
        <time>2025-07-10T06:13:10Z</time>
      </trkpt>
      <trkpt lat="48.18200333" lon="22.19848833">
        <ele>154.6</ele>
        <time>2025-07-10T06:13:11Z</time>
      </trkpt>
      <trkpt lat="48.18205333" lon="22.19867333">
        <ele>153</ele>
        <time>2025-07-10T06:13:13Z</time>
      </trkpt>
      <trkpt lat="48.18209833" lon="22.19881167">
        <ele>152.1</ele>
        <time>2025-07-10T06:13:15Z</time>
      </trkpt>
      <trkpt lat="48.18216667" lon="22.1989">
        <ele>151.8</ele>
        <time>2025-07-10T06:13:17Z</time>
      </trkpt>
      <trkpt lat="48.18227167" lon="22.198895">
        <ele>152.3</ele>
        <time>2025-07-10T06:13:19Z</time>
      </trkpt>
      <trkpt lat="48.182395" lon="22.198825">
        <ele>153.6</ele>
        <time>2025-07-10T06:13:21Z</time>
      </trkpt>
      <trkpt lat="48.18253333" lon="22.19873">
        <ele>154.1</ele>
        <time>2025-07-10T06:13:23Z</time>
      </trkpt>
      <trkpt lat="48.18265833" lon="22.19864667">
        <ele>155.5</ele>
        <time>2025-07-10T06:13:25Z</time>
      </trkpt>
      <trkpt lat="48.18277" lon="22.19856333">
        <ele>153.5</ele>
        <time>2025-07-10T06:14:48Z</time>
      </trkpt>
      <trkpt lat="48.18287167" lon="22.19847833">
        <ele>153.6</ele>
        <time>2025-07-10T06:14:51Z</time>
      </trkpt>
      <trkpt lat="48.18299" lon="22.19839667">
        <ele>154.2</ele>
        <time>2025-07-10T06:14:53Z</time>
      </trkpt>
      <trkpt lat="48.18311833" lon="22.19831167">
        <ele>154.6</ele>
        <time>2025-07-10T06:14:55Z</time>
      </trkpt>
      <trkpt lat="48.18325833" lon="22.19820333">
        <ele>154.8</ele>
        <time>2025-07-10T06:14:57Z</time>
      </trkpt>
      <trkpt lat="48.183345" lon="22.19815">
        <ele>153.9</ele>
        <time>2025-07-10T06:14:58Z</time>
      </trkpt>
      <trkpt lat="48.18343667" lon="22.198085">
        <ele>154.2</ele>
        <time>2025-07-10T06:14:59Z</time>
      </trkpt>
      <trkpt lat="48.18352833" lon="22.19801333">
        <ele>154.2</ele>
        <time>2025-07-10T06:15:00Z</time>
      </trkpt>
      <trkpt lat="48.18362167" lon="22.19794833">
        <ele>154.7</ele>
        <time>2025-07-10T06:15:01Z</time>
      </trkpt>
      <trkpt lat="48.18371667" lon="22.19787667">
        <ele>155</ele>
        <time>2025-07-10T06:15:02Z</time>
      </trkpt>
      <trkpt lat="48.18381833" lon="22.19779">
        <ele>154.8</ele>
        <time>2025-07-10T06:15:03Z</time>
      </trkpt>
      <trkpt lat="48.18392167" lon="22.19770667">
        <ele>154.6</ele>
        <time>2025-07-10T06:15:04Z</time>
      </trkpt>
      <trkpt lat="48.184035" lon="22.197615">
        <ele>154.3</ele>
        <time>2025-07-10T06:15:05Z</time>
      </trkpt>
      <trkpt lat="48.18415167" lon="22.19751833">
        <ele>153.6</ele>
        <time>2025-07-10T06:15:06Z</time>
      </trkpt>
      <trkpt lat="48.18426667" lon="22.197415">
        <ele>154.5</ele>
        <time>2025-07-10T06:15:07Z</time>
      </trkpt>
      <trkpt lat="48.18438333" lon="22.19731667">
        <ele>154.7</ele>
        <time>2025-07-10T06:15:08Z</time>
      </trkpt>
      <trkpt lat="48.18450833" lon="22.19721167">
        <ele>154.4</ele>
        <time>2025-07-10T06:15:09Z</time>
      </trkpt>
      <trkpt lat="48.18463167" lon="22.19711833">
        <ele>154.2</ele>
        <time>2025-07-10T06:15:10Z</time>
      </trkpt>
      <trkpt lat="48.18475833" lon="22.197015">
        <ele>154</ele>
        <time>2025-07-10T06:15:11Z</time>
      </trkpt>
      <trkpt lat="48.18488667" lon="22.19691333">
        <ele>154.1</ele>
        <time>2025-07-10T06:15:12Z</time>
      </trkpt>
      <trkpt lat="48.185015" lon="22.19680667">
        <ele>154</ele>
        <time>2025-07-10T06:15:13Z</time>
      </trkpt>
      <trkpt lat="48.18513667" lon="22.196695">
        <ele>152.9</ele>
        <time>2025-07-10T06:15:14Z</time>
      </trkpt>
      <trkpt lat="48.18526833" lon="22.19658167">
        <ele>152.3</ele>
        <time>2025-07-10T06:15:15Z</time>
      </trkpt>
      <trkpt lat="48.18540167" lon="22.19647667">
        <ele>151.9</ele>
        <time>2025-07-10T06:15:16Z</time>
      </trkpt>
      <trkpt lat="48.18553833" lon="22.196365">
        <ele>151.7</ele>
        <time>2025-07-10T06:15:17Z</time>
      </trkpt>
      <trkpt lat="48.18567333" lon="22.19626833">
        <ele>152</ele>
        <time>2025-07-10T06:15:18Z</time>
      </trkpt>
      <trkpt lat="48.18580667" lon="22.19616167">
        <ele>152.2</ele>
        <time>2025-07-10T06:15:19Z</time>
      </trkpt>
      <trkpt lat="48.185935" lon="22.19605667">
        <ele>152.2</ele>
        <time>2025-07-10T06:15:20Z</time>
      </trkpt>
      <trkpt lat="48.18605833" lon="22.19596167">
        <ele>152.6</ele>
        <time>2025-07-10T06:15:21Z</time>
      </trkpt>
      <trkpt lat="48.18618" lon="22.19588167">
        <ele>153.3</ele>
        <time>2025-07-10T06:15:22Z</time>
      </trkpt>
      <trkpt lat="48.18630833" lon="22.195835">
        <ele>153.5</ele>
        <time>2025-07-10T06:15:23Z</time>
      </trkpt>
      <trkpt lat="48.18644333" lon="22.195815">
        <ele>152.4</ele>
        <time>2025-07-10T06:15:24Z</time>
      </trkpt>
      <trkpt lat="48.18658" lon="22.195825">
        <ele>152.3</ele>
        <time>2025-07-10T06:15:25Z</time>
      </trkpt>
      <trkpt lat="48.186715" lon="22.19586">
        <ele>151.7</ele>
        <time>2025-07-10T06:15:26Z</time>
      </trkpt>
      <trkpt lat="48.18686167" lon="22.195915">
        <ele>152.7</ele>
        <time>2025-07-10T06:15:27Z</time>
      </trkpt>
      <trkpt lat="48.187005" lon="22.19597">
        <ele>152.3</ele>
        <time>2025-07-10T06:15:28Z</time>
      </trkpt>
      <trkpt lat="48.18715167" lon="22.19602667">
        <ele>151.4</ele>
        <time>2025-07-10T06:15:29Z</time>
      </trkpt>
      <trkpt lat="48.18730667" lon="22.19609333">
        <ele>151</ele>
        <time>2025-07-10T06:15:30Z</time>
      </trkpt>
      <trkpt lat="48.18745667" lon="22.19615667">
        <ele>152.3</ele>
        <time>2025-07-10T06:15:31Z</time>
      </trkpt>
      <trkpt lat="48.187605" lon="22.19621667">
        <ele>152.7</ele>
        <time>2025-07-10T06:15:32Z</time>
      </trkpt>
      <trkpt lat="48.18775833" lon="22.19628">
        <ele>152.5</ele>
        <time>2025-07-10T06:15:33Z</time>
      </trkpt>
      <trkpt lat="48.187905" lon="22.19635667">
        <ele>152.1</ele>
        <time>2025-07-10T06:15:34Z</time>
      </trkpt>
      <trkpt lat="48.188065" lon="22.19642333">
        <ele>153</ele>
        <time>2025-07-10T06:15:35Z</time>
      </trkpt>
      <trkpt lat="48.18823167" lon="22.19648333">
        <ele>153.1</ele>
        <time>2025-07-10T06:15:36Z</time>
      </trkpt>
      <trkpt lat="48.18840167" lon="22.19655">
        <ele>153.8</ele>
        <time>2025-07-10T06:15:37Z</time>
      </trkpt>
      <trkpt lat="48.18857167" lon="22.19661167">
        <ele>153.9</ele>
        <time>2025-07-10T06:15:38Z</time>
      </trkpt>
      <trkpt lat="48.18874667" lon="22.19668">
        <ele>153.6</ele>
        <time>2025-07-10T06:15:39Z</time>
      </trkpt>
      <trkpt lat="48.18891667" lon="22.19674833">
        <ele>152.9</ele>
        <time>2025-07-10T06:15:40Z</time>
      </trkpt>
      <trkpt lat="48.189085" lon="22.19681333">
        <ele>152.4</ele>
        <time>2025-07-10T06:15:41Z</time>
      </trkpt>
      <trkpt lat="48.18926667" lon="22.19686833">
        <ele>153.1</ele>
        <time>2025-07-10T06:15:42Z</time>
      </trkpt>
      <trkpt lat="48.18944" lon="22.19693667">
        <ele>152.6</ele>
        <time>2025-07-10T06:15:43Z</time>
      </trkpt>
      <trkpt lat="48.189605" lon="22.197">
        <ele>152.4</ele>
        <time>2025-07-10T06:15:44Z</time>
      </trkpt>
      <trkpt lat="48.18977167" lon="22.19706333">
        <ele>152.1</ele>
        <time>2025-07-10T06:15:45Z</time>
      </trkpt>
      <trkpt lat="48.18993833" lon="22.19712167">
        <ele>152</ele>
        <time>2025-07-10T06:15:46Z</time>
      </trkpt>
      <trkpt lat="48.19011" lon="22.19717833">
        <ele>151.8</ele>
        <time>2025-07-10T06:15:47Z</time>
      </trkpt>
      <trkpt lat="48.190275" lon="22.19723833">
        <ele>151.4</ele>
        <time>2025-07-10T06:15:48Z</time>
      </trkpt>
      <trkpt lat="48.19043667" lon="22.19729333">
        <ele>151</ele>
        <time>2025-07-10T06:15:49Z</time>
      </trkpt>
      <trkpt lat="48.190605" lon="22.19735">
        <ele>150</ele>
        <time>2025-07-10T06:15:50Z</time>
      </trkpt>
      <trkpt lat="48.1908" lon="22.19738667">
        <ele>153.4</ele>
        <time>2025-07-10T06:15:51Z</time>
      </trkpt>
      <trkpt lat="48.19096833" lon="22.19741333">
        <ele>155.7</ele>
        <time>2025-07-10T06:15:52Z</time>
      </trkpt>
      <trkpt lat="48.19113833" lon="22.19741333">
        <ele>156.8</ele>
        <time>2025-07-10T06:15:53Z</time>
      </trkpt>
      <trkpt lat="48.19132167" lon="22.197385">
        <ele>156.5</ele>
        <time>2025-07-10T06:15:54Z</time>
      </trkpt>
      <trkpt lat="48.19149167" lon="22.19736333">
        <ele>155.4</ele>
        <time>2025-07-10T06:15:55Z</time>
      </trkpt>
      <trkpt lat="48.19166333" lon="22.19734167">
        <ele>154.3</ele>
        <time>2025-07-10T06:15:56Z</time>
      </trkpt>
      <trkpt lat="48.19183667" lon="22.19731333">
        <ele>153.9</ele>
        <time>2025-07-10T06:15:57Z</time>
      </trkpt>
      <trkpt lat="48.19201833" lon="22.19728833">
        <ele>153.8</ele>
        <time>2025-07-10T06:15:58Z</time>
      </trkpt>
      <trkpt lat="48.19219833" lon="22.197255">
        <ele>154.2</ele>
        <time>2025-07-10T06:15:59Z</time>
      </trkpt>
      <trkpt lat="48.19238167" lon="22.19722333">
        <ele>154.8</ele>
        <time>2025-07-10T06:16:00Z</time>
      </trkpt>
      <trkpt lat="48.19256167" lon="22.19719333">
        <ele>155.2</ele>
        <time>2025-07-10T06:16:01Z</time>
      </trkpt>
      <trkpt lat="48.19274667" lon="22.19715333">
        <ele>159.9</ele>
        <time>2025-07-10T06:16:02Z</time>
      </trkpt>
      <trkpt lat="48.19292667" lon="22.19711833">
        <ele>162.1</ele>
        <time>2025-07-10T06:16:03Z</time>
      </trkpt>
      <trkpt lat="48.19310167" lon="22.19708">
        <ele>163.4</ele>
        <time>2025-07-10T06:16:04Z</time>
      </trkpt>
      <trkpt lat="48.19326667" lon="22.197045">
        <ele>163.9</ele>
        <time>2025-07-10T06:16:05Z</time>
      </trkpt>
      <trkpt lat="48.19342167" lon="22.19703333">
        <ele>164.5</ele>
        <time>2025-07-10T06:16:06Z</time>
      </trkpt>
      <trkpt lat="48.19358167" lon="22.19702">
        <ele>164.6</ele>
        <time>2025-07-10T06:16:07Z</time>
      </trkpt>
      <trkpt lat="48.193745" lon="22.196985">
        <ele>164.2</ele>
        <time>2025-07-10T06:16:08Z</time>
      </trkpt>
      <trkpt lat="48.193915" lon="22.19692">
        <ele>163.3</ele>
        <time>2025-07-10T06:16:09Z</time>
      </trkpt>
      <trkpt lat="48.19408667" lon="22.19685667">
        <ele>162.5</ele>
        <time>2025-07-10T06:16:10Z</time>
      </trkpt>
      <trkpt lat="48.194245" lon="22.19679167">
        <ele>161.3</ele>
        <time>2025-07-10T06:16:11Z</time>
      </trkpt>
      <trkpt lat="48.19440667" lon="22.19672">
        <ele>160.9</ele>
        <time>2025-07-10T06:16:12Z</time>
      </trkpt>
      <trkpt lat="48.19456167" lon="22.19665">
        <ele>159.5</ele>
        <time>2025-07-10T06:16:13Z</time>
      </trkpt>
      <trkpt lat="48.19471667" lon="22.19658167">
        <ele>158.8</ele>
        <time>2025-07-10T06:16:14Z</time>
      </trkpt>
      <trkpt lat="48.19486333" lon="22.196525">
        <ele>158.4</ele>
        <time>2025-07-10T06:16:15Z</time>
      </trkpt>
      <trkpt lat="48.19503333" lon="22.19644333">
        <ele>157.9</ele>
        <time>2025-07-10T06:16:16Z</time>
      </trkpt>
      <trkpt lat="48.195215" lon="22.19634667">
        <ele>158</ele>
        <time>2025-07-10T06:16:17Z</time>
      </trkpt>
      <trkpt lat="48.19539333" lon="22.19626333">
        <ele>158.4</ele>
        <time>2025-07-10T06:16:18Z</time>
      </trkpt>
      <trkpt lat="48.195555" lon="22.19618">
        <ele>159</ele>
        <time>2025-07-10T06:16:19Z</time>
      </trkpt>
      <trkpt lat="48.19571333" lon="22.196105">
        <ele>159.5</ele>
        <time>2025-07-10T06:16:20Z</time>
      </trkpt>
      <trkpt lat="48.195885" lon="22.19601333">
        <ele>158.9</ele>
        <time>2025-07-10T06:16:21Z</time>
      </trkpt>
      <trkpt lat="48.19605" lon="22.19591667">
        <ele>158.3</ele>
        <time>2025-07-10T06:16:22Z</time>
      </trkpt>
      <trkpt lat="48.19620167" lon="22.19583833">
        <ele>158</ele>
        <time>2025-07-10T06:16:23Z</time>
      </trkpt>
      <trkpt lat="48.19635667" lon="22.19576333">
        <ele>157.9</ele>
        <time>2025-07-10T06:16:24Z</time>
      </trkpt>
      <trkpt lat="48.196525" lon="22.19566">
        <ele>158.2</ele>
        <time>2025-07-10T06:16:25Z</time>
      </trkpt>
      <trkpt lat="48.19669667" lon="22.19556333">
        <ele>157.9</ele>
        <time>2025-07-10T06:16:26Z</time>
      </trkpt>
      <trkpt lat="48.19686333" lon="22.19547167">
        <ele>157.8</ele>
        <time>2025-07-10T06:16:27Z</time>
      </trkpt>
      <trkpt lat="48.19701167" lon="22.195385">
        <ele>158.2</ele>
        <time>2025-07-10T06:16:28Z</time>
      </trkpt>
      <trkpt lat="48.19734167" lon="22.19518167">
        <ele>156.7</ele>
        <time>2025-07-10T06:16:30Z</time>
      </trkpt>
      <trkpt lat="48.1975" lon="22.19509667">
        <ele>156.8</ele>
        <time>2025-07-10T06:16:31Z</time>
      </trkpt>
      <trkpt lat="48.19767167" lon="22.19498167">
        <ele>155.7</ele>
        <time>2025-07-10T06:16:32Z</time>
      </trkpt>
      <trkpt lat="48.19784" lon="22.19488833">
        <ele>154.6</ele>
        <time>2025-07-10T06:16:33Z</time>
      </trkpt>
      <trkpt lat="48.19800167" lon="22.194805">
        <ele>154.8</ele>
        <time>2025-07-10T06:16:34Z</time>
      </trkpt>
      <trkpt lat="48.19817333" lon="22.1947">
        <ele>156.9</ele>
        <time>2025-07-10T06:16:35Z</time>
      </trkpt>
      <trkpt lat="48.19834167" lon="22.19459167">
        <ele>156.9</ele>
        <time>2025-07-10T06:16:36Z</time>
      </trkpt>
      <trkpt lat="48.19851" lon="22.19449">
        <ele>156</ele>
        <time>2025-07-10T06:16:37Z</time>
      </trkpt>
      <trkpt lat="48.19868" lon="22.19441">
        <ele>153.5</ele>
        <time>2025-07-10T06:16:38Z</time>
      </trkpt>
      <trkpt lat="48.19884333" lon="22.19428833">
        <ele>153.9</ele>
        <time>2025-07-10T06:16:39Z</time>
      </trkpt>
      <trkpt lat="48.198995" lon="22.19418">
        <ele>154.8</ele>
        <time>2025-07-10T06:16:40Z</time>
      </trkpt>
      <trkpt lat="48.19914" lon="22.19408333">
        <ele>154.8</ele>
        <time>2025-07-10T06:16:41Z</time>
      </trkpt>
      <trkpt lat="48.19929333" lon="22.193975">
        <ele>155</ele>
        <time>2025-07-10T06:16:42Z</time>
      </trkpt>
      <trkpt lat="48.19943833" lon="22.19387167">
        <ele>154.8</ele>
        <time>2025-07-10T06:16:43Z</time>
      </trkpt>
      <trkpt lat="48.19958" lon="22.19376833">
        <ele>153.9</ele>
        <time>2025-07-10T06:16:44Z</time>
      </trkpt>
      <trkpt lat="48.199855" lon="22.19357">
        <ele>153.9</ele>
        <time>2025-07-10T06:16:46Z</time>
      </trkpt>
      <trkpt lat="48.20009833" lon="22.19340333">
        <ele>152.6</ele>
        <time>2025-07-10T06:16:48Z</time>
      </trkpt>
      <trkpt lat="48.200205" lon="22.19333333">
        <ele>153.4</ele>
        <time>2025-07-10T06:16:49Z</time>
      </trkpt>
      <trkpt lat="48.20029833" lon="22.19326833">
        <ele>153.2</ele>
        <time>2025-07-10T06:16:50Z</time>
      </trkpt>
      <trkpt lat="48.20044167" lon="22.19316667">
        <ele>154.4</ele>
        <time>2025-07-10T06:16:52Z</time>
      </trkpt>
      <trkpt lat="48.20053" lon="22.19311667">
        <ele>155.6</ele>
        <time>2025-07-10T06:16:54Z</time>
      </trkpt>
      <trkpt lat="48.20062167" lon="22.19308">
        <ele>155.2</ele>
        <time>2025-07-10T06:17:03Z</time>
      </trkpt>
      <trkpt lat="48.20070833" lon="22.19301333">
        <ele>153.6</ele>
        <time>2025-07-10T06:17:06Z</time>
      </trkpt>
      <trkpt lat="48.20077" lon="22.1929">
        <ele>153.1</ele>
        <time>2025-07-10T06:17:08Z</time>
      </trkpt>
      <trkpt lat="48.20082333" lon="22.19275833">
        <ele>153.1</ele>
        <time>2025-07-10T06:17:10Z</time>
      </trkpt>
      <trkpt lat="48.20087833" lon="22.19258167">
        <ele>152.9</ele>
        <time>2025-07-10T06:17:12Z</time>
      </trkpt>
      <trkpt lat="48.20094667" lon="22.192395">
        <ele>152.5</ele>
        <time>2025-07-10T06:17:14Z</time>
      </trkpt>
      <trkpt lat="48.20100333" lon="22.19226833">
        <ele>152.4</ele>
        <time>2025-07-10T06:17:16Z</time>
      </trkpt>
      <trkpt lat="48.20104667" lon="22.19212833">
        <ele>152.3</ele>
        <time>2025-07-10T06:18:17Z</time>
      </trkpt>
      <trkpt lat="48.20109833" lon="22.19198333">
        <ele>152.6</ele>
        <time>2025-07-10T06:18:20Z</time>
      </trkpt>
      <trkpt lat="48.20115167" lon="22.191835">
        <ele>152.1</ele>
        <time>2025-07-10T06:18:22Z</time>
      </trkpt>
      <trkpt lat="48.20121833" lon="22.19165">
        <ele>151.8</ele>
        <time>2025-07-10T06:18:24Z</time>
      </trkpt>
      <trkpt lat="48.20129833" lon="22.191455">
        <ele>151.6</ele>
        <time>2025-07-10T06:18:26Z</time>
      </trkpt>
      <trkpt lat="48.20134333" lon="22.19133">
        <ele>152</ele>
        <time>2025-07-10T06:18:27Z</time>
      </trkpt>
      <trkpt lat="48.201395" lon="22.19120333">
        <ele>151.9</ele>
        <time>2025-07-10T06:18:28Z</time>
      </trkpt>
      <trkpt lat="48.20145" lon="22.19107333">
        <ele>152.3</ele>
        <time>2025-07-10T06:18:29Z</time>
      </trkpt>
      <trkpt lat="48.20150667" lon="22.19095">
        <ele>152.9</ele>
        <time>2025-07-10T06:18:30Z</time>
      </trkpt>
      <trkpt lat="48.201615" lon="22.19072">
        <ele>151.2</ele>
        <time>2025-07-10T06:18:32Z</time>
      </trkpt>
      <trkpt lat="48.20168" lon="22.19059667">
        <ele>150.3</ele>
        <time>2025-07-10T06:18:33Z</time>
      </trkpt>
      <trkpt lat="48.20175667" lon="22.19047333">
        <ele>150.4</ele>
        <time>2025-07-10T06:18:34Z</time>
      </trkpt>
      <trkpt lat="48.201835" lon="22.19035">
        <ele>150.5</ele>
        <time>2025-07-10T06:18:35Z</time>
      </trkpt>
      <trkpt lat="48.201905" lon="22.19023">
        <ele>151.2</ele>
        <time>2025-07-10T06:18:36Z</time>
      </trkpt>
      <trkpt lat="48.20198167" lon="22.19010833">
        <ele>152.4</ele>
        <time>2025-07-10T06:18:37Z</time>
      </trkpt>
      <trkpt lat="48.20205667" lon="22.18998667">
        <ele>153.1</ele>
        <time>2025-07-10T06:18:38Z</time>
      </trkpt>
      <trkpt lat="48.20213333" lon="22.18985833">
        <ele>153</ele>
        <time>2025-07-10T06:18:39Z</time>
      </trkpt>
      <trkpt lat="48.202215" lon="22.18972333">
        <ele>153.2</ele>
        <time>2025-07-10T06:18:40Z</time>
      </trkpt>
      <trkpt lat="48.20229333" lon="22.18959">
        <ele>153</ele>
        <time>2025-07-10T06:18:41Z</time>
      </trkpt>
      <trkpt lat="48.20237333" lon="22.18946167">
        <ele>153.2</ele>
        <time>2025-07-10T06:18:42Z</time>
      </trkpt>
      <trkpt lat="48.20245833" lon="22.18932833">
        <ele>152.5</ele>
        <time>2025-07-10T06:18:43Z</time>
      </trkpt>
      <trkpt lat="48.20253667" lon="22.1892">
        <ele>152.4</ele>
        <time>2025-07-10T06:18:44Z</time>
      </trkpt>
      <trkpt lat="48.202615" lon="22.18907833">
        <ele>152.1</ele>
        <time>2025-07-10T06:18:45Z</time>
      </trkpt>
      <trkpt lat="48.20268833" lon="22.18896167">
        <ele>152</ele>
        <time>2025-07-10T06:18:46Z</time>
      </trkpt>
      <trkpt lat="48.20275667" lon="22.18885167">
        <ele>152</ele>
        <time>2025-07-10T06:18:47Z</time>
      </trkpt>
      <trkpt lat="48.202815" lon="22.188745">
        <ele>151.4</ele>
        <time>2025-07-10T06:18:48Z</time>
      </trkpt>
      <trkpt lat="48.202865" lon="22.18862833">
        <ele>150.7</ele>
        <time>2025-07-10T06:18:49Z</time>
      </trkpt>
      <trkpt lat="48.20292667" lon="22.18838667">
        <ele>151</ele>
        <time>2025-07-10T06:18:51Z</time>
      </trkpt>
      <trkpt lat="48.20291167" lon="22.18812667">
        <ele>150.4</ele>
        <time>2025-07-10T06:18:53Z</time>
      </trkpt>
      <trkpt lat="48.20282333" lon="22.18787667">
        <ele>150.1</ele>
        <time>2025-07-10T06:18:55Z</time>
      </trkpt>
      <trkpt lat="48.202765" lon="22.187765">
        <ele>150.2</ele>
        <time>2025-07-10T06:18:56Z</time>
      </trkpt>
      <trkpt lat="48.20269" lon="22.187655">
        <ele>150.7</ele>
        <time>2025-07-10T06:18:57Z</time>
      </trkpt>
      <trkpt lat="48.20261" lon="22.18753833">
        <ele>151.4</ele>
        <time>2025-07-10T06:18:58Z</time>
      </trkpt>
      <trkpt lat="48.20253167" lon="22.18741833">
        <ele>151.2</ele>
        <time>2025-07-10T06:18:59Z</time>
      </trkpt>
      <trkpt lat="48.20245833" lon="22.18728667">
        <ele>149.8</ele>
        <time>2025-07-10T06:19:00Z</time>
      </trkpt>
      <trkpt lat="48.202375" lon="22.18715">
        <ele>149.6</ele>
        <time>2025-07-10T06:19:01Z</time>
      </trkpt>
      <trkpt lat="48.20229833" lon="22.18701167">
        <ele>149.3</ele>
        <time>2025-07-10T06:19:02Z</time>
      </trkpt>
      <trkpt lat="48.20222667" lon="22.18686333">
        <ele>149.4</ele>
        <time>2025-07-10T06:19:03Z</time>
      </trkpt>
      <trkpt lat="48.20215833" lon="22.18671667">
        <ele>149.2</ele>
        <time>2025-07-10T06:19:04Z</time>
      </trkpt>
      <trkpt lat="48.20209333" lon="22.18656833">
        <ele>149</ele>
        <time>2025-07-10T06:19:05Z</time>
      </trkpt>
      <trkpt lat="48.20203" lon="22.18641667">
        <ele>148.7</ele>
        <time>2025-07-10T06:19:06Z</time>
      </trkpt>
      <trkpt lat="48.20196667" lon="22.18626">
        <ele>148</ele>
        <time>2025-07-10T06:19:07Z</time>
      </trkpt>
      <trkpt lat="48.201905" lon="22.18610333">
        <ele>148.3</ele>
        <time>2025-07-10T06:19:08Z</time>
      </trkpt>
      <trkpt lat="48.20184" lon="22.185935">
        <ele>148.8</ele>
        <time>2025-07-10T06:19:09Z</time>
      </trkpt>
      <trkpt lat="48.201785" lon="22.18577333">
        <ele>149.1</ele>
        <time>2025-07-10T06:19:10Z</time>
      </trkpt>
      <trkpt lat="48.20173167" lon="22.18561">
        <ele>149.6</ele>
        <time>2025-07-10T06:19:11Z</time>
      </trkpt>
      <trkpt lat="48.20167667" lon="22.185445">
        <ele>150.1</ele>
        <time>2025-07-10T06:19:12Z</time>
      </trkpt>
      <trkpt lat="48.20162167" lon="22.18527333">
        <ele>150.2</ele>
        <time>2025-07-10T06:19:13Z</time>
      </trkpt>
      <trkpt lat="48.20157" lon="22.18510333">
        <ele>150.2</ele>
        <time>2025-07-10T06:19:14Z</time>
      </trkpt>
      <trkpt lat="48.20151667" lon="22.18493">
        <ele>150.1</ele>
        <time>2025-07-10T06:19:15Z</time>
      </trkpt>
      <trkpt lat="48.20146667" lon="22.18476167">
        <ele>150.4</ele>
        <time>2025-07-10T06:19:16Z</time>
      </trkpt>
      <trkpt lat="48.20142667" lon="22.18459167">
        <ele>150.7</ele>
        <time>2025-07-10T06:19:17Z</time>
      </trkpt>
      <trkpt lat="48.201385" lon="22.18442">
        <ele>150.5</ele>
        <time>2025-07-10T06:19:18Z</time>
      </trkpt>
      <trkpt lat="48.201345" lon="22.18424333">
        <ele>149.7</ele>
        <time>2025-07-10T06:19:19Z</time>
      </trkpt>
      <trkpt lat="48.20130333" lon="22.18407167">
        <ele>150.2</ele>
        <time>2025-07-10T06:19:20Z</time>
      </trkpt>
      <trkpt lat="48.20126167" lon="22.183895">
        <ele>151.3</ele>
        <time>2025-07-10T06:19:21Z</time>
      </trkpt>
      <trkpt lat="48.20122167" lon="22.18372333">
        <ele>152</ele>
        <time>2025-07-10T06:19:22Z</time>
      </trkpt>
      <trkpt lat="48.20117667" lon="22.183545">
        <ele>152.2</ele>
        <time>2025-07-10T06:19:23Z</time>
      </trkpt>
      <trkpt lat="48.201135" lon="22.18336833">
        <ele>152.2</ele>
        <time>2025-07-10T06:19:24Z</time>
      </trkpt>
      <trkpt lat="48.20109167" lon="22.18318833">
        <ele>152</ele>
        <time>2025-07-10T06:19:25Z</time>
      </trkpt>
      <trkpt lat="48.20104833" lon="22.183015">
        <ele>152.4</ele>
        <time>2025-07-10T06:19:26Z</time>
      </trkpt>
      <trkpt lat="48.20101167" lon="22.182845">
        <ele>152.8</ele>
        <time>2025-07-10T06:19:27Z</time>
      </trkpt>
      <trkpt lat="48.20097333" lon="22.182665">
        <ele>152.9</ele>
        <time>2025-07-10T06:19:28Z</time>
      </trkpt>
      <trkpt lat="48.20093667" lon="22.18249">
        <ele>153.3</ele>
        <time>2025-07-10T06:19:29Z</time>
      </trkpt>
      <trkpt lat="48.2009" lon="22.182315">
        <ele>154</ele>
        <time>2025-07-10T06:19:30Z</time>
      </trkpt>
      <trkpt lat="48.20086333" lon="22.18214333">
        <ele>154.7</ele>
        <time>2025-07-10T06:19:31Z</time>
      </trkpt>
      <trkpt lat="48.20083" lon="22.18197833">
        <ele>155.1</ele>
        <time>2025-07-10T06:19:32Z</time>
      </trkpt>
      <trkpt lat="48.20079167" lon="22.181815">
        <ele>155.6</ele>
        <time>2025-07-10T06:19:33Z</time>
      </trkpt>
      <trkpt lat="48.20075" lon="22.18165167">
        <ele>155.9</ele>
        <time>2025-07-10T06:19:34Z</time>
      </trkpt>
      <trkpt lat="48.20070833" lon="22.1815">
        <ele>155.7</ele>
        <time>2025-07-10T06:19:35Z</time>
      </trkpt>
      <trkpt lat="48.20066833" lon="22.18135167">
        <ele>155.6</ele>
        <time>2025-07-10T06:19:36Z</time>
      </trkpt>
      <trkpt lat="48.20063333" lon="22.18121167">
        <ele>156.2</ele>
        <time>2025-07-10T06:19:37Z</time>
      </trkpt>
      <trkpt lat="48.2006" lon="22.18108">
        <ele>156.5</ele>
        <time>2025-07-10T06:19:38Z</time>
      </trkpt>
      <trkpt lat="48.20054333" lon="22.18087333">
        <ele>157.2</ele>
        <time>2025-07-10T06:19:40Z</time>
      </trkpt>
      <trkpt lat="48.20051" lon="22.18071833">
        <ele>155.9</ele>
        <time>2025-07-10T06:19:43Z</time>
      </trkpt>
      <trkpt lat="48.20046667" lon="22.18054167">
        <ele>154.1</ele>
        <time>2025-07-10T06:21:06Z</time>
      </trkpt>
      <trkpt lat="48.20042167" lon="22.180355">
        <ele>153.5</ele>
        <time>2025-07-10T06:21:09Z</time>
      </trkpt>
      <trkpt lat="48.20037667" lon="22.180175">
        <ele>152.9</ele>
        <time>2025-07-10T06:21:11Z</time>
      </trkpt>
      <trkpt lat="48.20031667" lon="22.17999">
        <ele>152.6</ele>
        <time>2025-07-10T06:21:13Z</time>
      </trkpt>
      <trkpt lat="48.20025" lon="22.17977167">
        <ele>151.4</ele>
        <time>2025-07-10T06:21:15Z</time>
      </trkpt>
      <trkpt lat="48.20016833" lon="22.17954333">
        <ele>150.8</ele>
        <time>2025-07-10T06:21:17Z</time>
      </trkpt>
      <trkpt lat="48.20012333" lon="22.17942667">
        <ele>150.5</ele>
        <time>2025-07-10T06:21:18Z</time>
      </trkpt>
      <trkpt lat="48.20003333" lon="22.179185">
        <ele>150.3</ele>
        <time>2025-07-10T06:21:20Z</time>
      </trkpt>
      <trkpt lat="48.19998" lon="22.17905667">
        <ele>149.7</ele>
        <time>2025-07-10T06:21:21Z</time>
      </trkpt>
      <trkpt lat="48.19991833" lon="22.17892333">
        <ele>149</ele>
        <time>2025-07-10T06:21:22Z</time>
      </trkpt>
      <trkpt lat="48.19985833" lon="22.17879">
        <ele>148.8</ele>
        <time>2025-07-10T06:21:23Z</time>
      </trkpt>
      <trkpt lat="48.19980833" lon="22.17865833">
        <ele>148.4</ele>
        <time>2025-07-10T06:21:24Z</time>
      </trkpt>
      <trkpt lat="48.19976167" lon="22.17852167">
        <ele>148.2</ele>
        <time>2025-07-10T06:21:25Z</time>
      </trkpt>
      <trkpt lat="48.19969833" lon="22.178365">
        <ele>148.5</ele>
        <time>2025-07-10T06:21:26Z</time>
      </trkpt>
      <trkpt lat="48.19964333" lon="22.17821333">
        <ele>148.7</ele>
        <time>2025-07-10T06:21:27Z</time>
      </trkpt>
      <trkpt lat="48.199595" lon="22.17805667">
        <ele>149.1</ele>
        <time>2025-07-10T06:21:28Z</time>
      </trkpt>
      <trkpt lat="48.19956167" lon="22.17790167">
        <ele>149.9</ele>
        <time>2025-07-10T06:21:29Z</time>
      </trkpt>
      <trkpt lat="48.19954" lon="22.17774333">
        <ele>150.3</ele>
        <time>2025-07-10T06:21:30Z</time>
      </trkpt>
      <trkpt lat="48.19952667" lon="22.17758167">
        <ele>150.4</ele>
        <time>2025-07-10T06:21:31Z</time>
      </trkpt>
      <trkpt lat="48.19951667" lon="22.17740833">
        <ele>149.8</ele>
        <time>2025-07-10T06:21:32Z</time>
      </trkpt>
      <trkpt lat="48.19951667" lon="22.177235">
        <ele>148.8</ele>
        <time>2025-07-10T06:21:33Z</time>
      </trkpt>
      <trkpt lat="48.19952833" lon="22.17705167">
        <ele>148.1</ele>
        <time>2025-07-10T06:21:34Z</time>
      </trkpt>
      <trkpt lat="48.19954333" lon="22.17686667">
        <ele>147.3</ele>
        <time>2025-07-10T06:21:35Z</time>
      </trkpt>
      <trkpt lat="48.19956" lon="22.17667667">
        <ele>147.2</ele>
        <time>2025-07-10T06:21:36Z</time>
      </trkpt>
      <trkpt lat="48.19957333" lon="22.17648833">
        <ele>147.3</ele>
        <time>2025-07-10T06:21:37Z</time>
      </trkpt>
      <trkpt lat="48.199595" lon="22.17629667">
        <ele>147.8</ele>
        <time>2025-07-10T06:21:38Z</time>
      </trkpt>
      <trkpt lat="48.199615" lon="22.176095">
        <ele>148.8</ele>
        <time>2025-07-10T06:21:39Z</time>
      </trkpt>
      <trkpt lat="48.199635" lon="22.175895">
        <ele>149</ele>
        <time>2025-07-10T06:21:40Z</time>
      </trkpt>
      <trkpt lat="48.199655" lon="22.17569833">
        <ele>149</ele>
        <time>2025-07-10T06:21:41Z</time>
      </trkpt>
      <trkpt lat="48.199675" lon="22.17549333">
        <ele>147.9</ele>
        <time>2025-07-10T06:21:42Z</time>
      </trkpt>
      <trkpt lat="48.19968167" lon="22.175285">
        <ele>148.1</ele>
        <time>2025-07-10T06:21:43Z</time>
      </trkpt>
      <trkpt lat="48.19969833" lon="22.17507833">
        <ele>148.3</ele>
        <time>2025-07-10T06:21:44Z</time>
      </trkpt>
      <trkpt lat="48.19971167" lon="22.17486">
        <ele>149.7</ele>
        <time>2025-07-10T06:21:45Z</time>
      </trkpt>
      <trkpt lat="48.19972167" lon="22.17463">
        <ele>150.8</ele>
        <time>2025-07-10T06:21:46Z</time>
      </trkpt>
      <trkpt lat="48.19974" lon="22.17440833">
        <ele>151</ele>
        <time>2025-07-10T06:21:47Z</time>
      </trkpt>
      <trkpt lat="48.19975833" lon="22.17419167">
        <ele>151.8</ele>
        <time>2025-07-10T06:21:48Z</time>
      </trkpt>
      <trkpt lat="48.19978" lon="22.173965">
        <ele>151.6</ele>
        <time>2025-07-10T06:21:49Z</time>
      </trkpt>
      <trkpt lat="48.199805" lon="22.17372833">
        <ele>151.4</ele>
        <time>2025-07-10T06:21:50Z</time>
      </trkpt>
      <trkpt lat="48.19981833" lon="22.17349667">
        <ele>152.1</ele>
        <time>2025-07-10T06:21:51Z</time>
      </trkpt>
      <trkpt lat="48.199845" lon="22.17325833">
        <ele>151.9</ele>
        <time>2025-07-10T06:21:52Z</time>
      </trkpt>
      <trkpt lat="48.19986833" lon="22.17303">
        <ele>151.2</ele>
        <time>2025-07-10T06:21:53Z</time>
      </trkpt>
      <trkpt lat="48.19989333" lon="22.17280167">
        <ele>151.3</ele>
        <time>2025-07-10T06:21:54Z</time>
      </trkpt>
      <trkpt lat="48.19992167" lon="22.17256667">
        <ele>150.9</ele>
        <time>2025-07-10T06:21:55Z</time>
      </trkpt>
      <trkpt lat="48.199945" lon="22.17234833">
        <ele>151.4</ele>
        <time>2025-07-10T06:21:56Z</time>
      </trkpt>
      <trkpt lat="48.2" lon="22.17212167">
        <ele>149.4</ele>
        <time>2025-07-10T06:21:57Z</time>
      </trkpt>
      <trkpt lat="48.20007" lon="22.171905">
        <ele>148.6</ele>
        <time>2025-07-10T06:21:58Z</time>
      </trkpt>
      <trkpt lat="48.20014333" lon="22.17171833">
        <ele>148.2</ele>
        <time>2025-07-10T06:21:59Z</time>
      </trkpt>
      <trkpt lat="48.20022833" lon="22.17152333">
        <ele>148</ele>
        <time>2025-07-10T06:22:00Z</time>
      </trkpt>
      <trkpt lat="48.20037833" lon="22.17134667">
        <ele>151.8</ele>
        <time>2025-07-10T06:22:01Z</time>
      </trkpt>
      <trkpt lat="48.20051333" lon="22.17118333">
        <ele>152.3</ele>
        <time>2025-07-10T06:22:02Z</time>
      </trkpt>
      <trkpt lat="48.20065333" lon="22.17102833">
        <ele>152.3</ele>
        <time>2025-07-10T06:22:03Z</time>
      </trkpt>
      <trkpt lat="48.20077167" lon="22.17086167">
        <ele>152.3</ele>
        <time>2025-07-10T06:22:04Z</time>
      </trkpt>
      <trkpt lat="48.200905" lon="22.170705">
        <ele>153.1</ele>
        <time>2025-07-10T06:22:05Z</time>
      </trkpt>
      <trkpt lat="48.20105667" lon="22.17055333">
        <ele>152.9</ele>
        <time>2025-07-10T06:22:06Z</time>
      </trkpt>
      <trkpt lat="48.20121167" lon="22.17039167">
        <ele>152.4</ele>
        <time>2025-07-10T06:22:07Z</time>
      </trkpt>
      <trkpt lat="48.20134667" lon="22.17023333">
        <ele>153.3</ele>
        <time>2025-07-10T06:22:08Z</time>
      </trkpt>
      <trkpt lat="48.20148833" lon="22.170075">
        <ele>154.6</ele>
        <time>2025-07-10T06:22:09Z</time>
      </trkpt>
      <trkpt lat="48.20161333" lon="22.16992">
        <ele>154.5</ele>
        <time>2025-07-10T06:22:10Z</time>
      </trkpt>
      <trkpt lat="48.20174" lon="22.16978167">
        <ele>154.2</ele>
        <time>2025-07-10T06:22:11Z</time>
      </trkpt>
      <trkpt lat="48.20187167" lon="22.169635">
        <ele>153.9</ele>
        <time>2025-07-10T06:22:12Z</time>
      </trkpt>
      <trkpt lat="48.20200667" lon="22.16950333">
        <ele>152.8</ele>
        <time>2025-07-10T06:22:13Z</time>
      </trkpt>
      <trkpt lat="48.20212667" lon="22.169335">
        <ele>151.2</ele>
        <time>2025-07-10T06:22:14Z</time>
      </trkpt>
      <trkpt lat="48.202265" lon="22.16917667">
        <ele>150.8</ele>
        <time>2025-07-10T06:22:15Z</time>
      </trkpt>
      <trkpt lat="48.20240167" lon="22.16900667">
        <ele>152.4</ele>
        <time>2025-07-10T06:22:16Z</time>
      </trkpt>
      <trkpt lat="48.20253667" lon="22.16884333">
        <ele>152.2</ele>
        <time>2025-07-10T06:22:17Z</time>
      </trkpt>
      <trkpt lat="48.20266833" lon="22.16868833">
        <ele>153.8</ele>
        <time>2025-07-10T06:22:18Z</time>
      </trkpt>
      <trkpt lat="48.20279167" lon="22.168535">
        <ele>154.1</ele>
        <time>2025-07-10T06:22:19Z</time>
      </trkpt>
      <trkpt lat="48.202925" lon="22.16837333">
        <ele>154.4</ele>
        <time>2025-07-10T06:22:20Z</time>
      </trkpt>
      <trkpt lat="48.203055" lon="22.16820667">
        <ele>154.5</ele>
        <time>2025-07-10T06:22:21Z</time>
      </trkpt>
      <trkpt lat="48.20317333" lon="22.168035">
        <ele>154.2</ele>
        <time>2025-07-10T06:22:22Z</time>
      </trkpt>
      <trkpt lat="48.20327833" lon="22.16785167">
        <ele>153.9</ele>
        <time>2025-07-10T06:22:23Z</time>
      </trkpt>
      <trkpt lat="48.20338" lon="22.167655">
        <ele>154</ele>
        <time>2025-07-10T06:22:24Z</time>
      </trkpt>
      <trkpt lat="48.20347833" lon="22.16744">
        <ele>154.3</ele>
        <time>2025-07-10T06:22:25Z</time>
      </trkpt>
      <trkpt lat="48.20359" lon="22.16720833">
        <ele>155.6</ele>
        <time>2025-07-10T06:22:26Z</time>
      </trkpt>
      <trkpt lat="48.20368333" lon="22.16698333">
        <ele>155.9</ele>
        <time>2025-07-10T06:22:27Z</time>
      </trkpt>
      <trkpt lat="48.20377167" lon="22.16675667">
        <ele>157</ele>
        <time>2025-07-10T06:22:28Z</time>
      </trkpt>
      <trkpt lat="48.20386" lon="22.16653667">
        <ele>155.9</ele>
        <time>2025-07-10T06:22:29Z</time>
      </trkpt>
      <trkpt lat="48.203955" lon="22.16631833">
        <ele>155.8</ele>
        <time>2025-07-10T06:22:30Z</time>
      </trkpt>
      <trkpt lat="48.204055" lon="22.16609833">
        <ele>155.4</ele>
        <time>2025-07-10T06:22:31Z</time>
      </trkpt>
      <trkpt lat="48.204155" lon="22.165865">
        <ele>156.3</ele>
        <time>2025-07-10T06:22:32Z</time>
      </trkpt>
      <trkpt lat="48.20425333" lon="22.165635">
        <ele>156.9</ele>
        <time>2025-07-10T06:22:33Z</time>
      </trkpt>
      <trkpt lat="48.20435833" lon="22.16542667">
        <ele>156.7</ele>
        <time>2025-07-10T06:22:34Z</time>
      </trkpt>
      <trkpt lat="48.20445167" lon="22.16521667">
        <ele>156</ele>
        <time>2025-07-10T06:22:35Z</time>
      </trkpt>
      <trkpt lat="48.20454167" lon="22.16500667">
        <ele>154.2</ele>
        <time>2025-07-10T06:22:36Z</time>
      </trkpt>
      <trkpt lat="48.20464667" lon="22.16482">
        <ele>154.2</ele>
        <time>2025-07-10T06:22:37Z</time>
      </trkpt>
      <trkpt lat="48.20475667" lon="22.16461833">
        <ele>154.3</ele>
        <time>2025-07-10T06:22:38Z</time>
      </trkpt>
      <trkpt lat="48.20485333" lon="22.16437833">
        <ele>153.6</ele>
        <time>2025-07-10T06:22:39Z</time>
      </trkpt>
      <trkpt lat="48.20495333" lon="22.164145">
        <ele>152.2</ele>
        <time>2025-07-10T06:22:40Z</time>
      </trkpt>
      <trkpt lat="48.205055" lon="22.16390833">
        <ele>150.1</ele>
        <time>2025-07-10T06:22:41Z</time>
      </trkpt>
      <trkpt lat="48.205155" lon="22.16368833">
        <ele>149.7</ele>
        <time>2025-07-10T06:22:42Z</time>
      </trkpt>
      <trkpt lat="48.20525333" lon="22.16346333">
        <ele>148.9</ele>
        <time>2025-07-10T06:22:43Z</time>
      </trkpt>
      <trkpt lat="48.20536" lon="22.16324833">
        <ele>148.8</ele>
        <time>2025-07-10T06:22:44Z</time>
      </trkpt>
      <trkpt lat="48.20547" lon="22.163015">
        <ele>148.8</ele>
        <time>2025-07-10T06:22:45Z</time>
      </trkpt>
      <trkpt lat="48.20558333" lon="22.16279833">
        <ele>148.2</ele>
        <time>2025-07-10T06:22:46Z</time>
      </trkpt>
      <trkpt lat="48.20569167" lon="22.16259">
        <ele>148.1</ele>
        <time>2025-07-10T06:22:47Z</time>
      </trkpt>
      <trkpt lat="48.20578833" lon="22.16237833">
        <ele>148.1</ele>
        <time>2025-07-10T06:22:48Z</time>
      </trkpt>
      <trkpt lat="48.20588333" lon="22.16216167">
        <ele>148.2</ele>
        <time>2025-07-10T06:22:49Z</time>
      </trkpt>
      <trkpt lat="48.20598167" lon="22.16195">
        <ele>148.4</ele>
        <time>2025-07-10T06:22:50Z</time>
      </trkpt>
      <trkpt lat="48.20607833" lon="22.16174833">
        <ele>148.3</ele>
        <time>2025-07-10T06:22:51Z</time>
      </trkpt>
      <trkpt lat="48.20617" lon="22.161545">
        <ele>148.3</ele>
        <time>2025-07-10T06:22:52Z</time>
      </trkpt>
      <trkpt lat="48.20626167" lon="22.16133167">
        <ele>148.5</ele>
        <time>2025-07-10T06:22:53Z</time>
      </trkpt>
      <trkpt lat="48.20635667" lon="22.16112">
        <ele>148.4</ele>
        <time>2025-07-10T06:22:54Z</time>
      </trkpt>
      <trkpt lat="48.20645167" lon="22.16090833">
        <ele>148.2</ele>
        <time>2025-07-10T06:22:55Z</time>
      </trkpt>
      <trkpt lat="48.206545" lon="22.16070167">
        <ele>148.1</ele>
        <time>2025-07-10T06:22:56Z</time>
      </trkpt>
      <trkpt lat="48.20664" lon="22.16048667">
        <ele>148</ele>
        <time>2025-07-10T06:22:57Z</time>
      </trkpt>
      <trkpt lat="48.20673833" lon="22.16027333">
        <ele>148.8</ele>
        <time>2025-07-10T06:22:58Z</time>
      </trkpt>
      <trkpt lat="48.20682833" lon="22.16005167">
        <ele>149.6</ele>
        <time>2025-07-10T06:22:59Z</time>
      </trkpt>
      <trkpt lat="48.20693" lon="22.15981833">
        <ele>153.5</ele>
        <time>2025-07-10T06:23:00Z</time>
      </trkpt>
      <trkpt lat="48.20703167" lon="22.15960167">
        <ele>153.2</ele>
        <time>2025-07-10T06:23:01Z</time>
      </trkpt>
      <trkpt lat="48.20712833" lon="22.15938333">
        <ele>153.7</ele>
        <time>2025-07-10T06:23:02Z</time>
      </trkpt>
      <trkpt lat="48.20722667" lon="22.15916833">
        <ele>154.3</ele>
        <time>2025-07-10T06:23:03Z</time>
      </trkpt>
      <trkpt lat="48.20732833" lon="22.15897333">
        <ele>154.3</ele>
        <time>2025-07-10T06:23:04Z</time>
      </trkpt>
      <trkpt lat="48.207425" lon="22.15877">
        <ele>154.2</ele>
        <time>2025-07-10T06:23:05Z</time>
      </trkpt>
      <trkpt lat="48.20752333" lon="22.158565">
        <ele>154.6</ele>
        <time>2025-07-10T06:23:06Z</time>
      </trkpt>
      <trkpt lat="48.20762667" lon="22.15836667">
        <ele>154.9</ele>
        <time>2025-07-10T06:23:07Z</time>
      </trkpt>
      <trkpt lat="48.20772167" lon="22.15816667">
        <ele>157.2</ele>
        <time>2025-07-10T06:23:08Z</time>
      </trkpt>
      <trkpt lat="48.207815" lon="22.15797667">
        <ele>157.4</ele>
        <time>2025-07-10T06:23:09Z</time>
      </trkpt>
      <trkpt lat="48.20790167" lon="22.15778167">
        <ele>157.9</ele>
        <time>2025-07-10T06:23:10Z</time>
      </trkpt>
      <trkpt lat="48.20798167" lon="22.15759333">
        <ele>158.5</ele>
        <time>2025-07-10T06:23:11Z</time>
      </trkpt>
      <trkpt lat="48.20806333" lon="22.15740667">
        <ele>155.4</ele>
        <time>2025-07-10T06:23:12Z</time>
      </trkpt>
      <trkpt lat="48.20813167" lon="22.15724">
        <ele>155.5</ele>
        <time>2025-07-10T06:23:13Z</time>
      </trkpt>
      <trkpt lat="48.20820667" lon="22.15707833">
        <ele>154.8</ele>
        <time>2025-07-10T06:23:14Z</time>
      </trkpt>
      <trkpt lat="48.20828" lon="22.156915">
        <ele>153.7</ele>
        <time>2025-07-10T06:23:15Z</time>
      </trkpt>
      <trkpt lat="48.208345" lon="22.156745">
        <ele>153.7</ele>
        <time>2025-07-10T06:23:16Z</time>
      </trkpt>
      <trkpt lat="48.20841" lon="22.15659">
        <ele>153.7</ele>
        <time>2025-07-10T06:23:17Z</time>
      </trkpt>
      <trkpt lat="48.20847833" lon="22.156435">
        <ele>153.5</ele>
        <time>2025-07-10T06:23:18Z</time>
      </trkpt>
      <trkpt lat="48.208555" lon="22.15628">
        <ele>153.3</ele>
        <time>2025-07-10T06:23:19Z</time>
      </trkpt>
      <trkpt lat="48.20862833" lon="22.15612833">
        <ele>152.5</ele>
        <time>2025-07-10T06:23:20Z</time>
      </trkpt>
      <trkpt lat="48.20870167" lon="22.15596833">
        <ele>152</ele>
        <time>2025-07-10T06:23:21Z</time>
      </trkpt>
      <trkpt lat="48.20877" lon="22.15581">
        <ele>152</ele>
        <time>2025-07-10T06:23:22Z</time>
      </trkpt>
      <trkpt lat="48.208845" lon="22.15564667">
        <ele>151.4</ele>
        <time>2025-07-10T06:23:23Z</time>
      </trkpt>
      <trkpt lat="48.20892" lon="22.15549">
        <ele>151.7</ele>
        <time>2025-07-10T06:23:24Z</time>
      </trkpt>
      <trkpt lat="48.20899" lon="22.15533167">
        <ele>151.9</ele>
        <time>2025-07-10T06:23:25Z</time>
      </trkpt>
      <trkpt lat="48.20906167" lon="22.15517167">
        <ele>151.2</ele>
        <time>2025-07-10T06:23:26Z</time>
      </trkpt>
      <trkpt lat="48.20913" lon="22.15501333">
        <ele>150.7</ele>
        <time>2025-07-10T06:23:27Z</time>
      </trkpt>
      <trkpt lat="48.2092" lon="22.15486333">
        <ele>150.3</ele>
        <time>2025-07-10T06:23:28Z</time>
      </trkpt>
      <trkpt lat="48.20927" lon="22.15470833">
        <ele>150.4</ele>
        <time>2025-07-10T06:23:29Z</time>
      </trkpt>
      <trkpt lat="48.209345" lon="22.15456333">
        <ele>150.6</ele>
        <time>2025-07-10T06:23:30Z</time>
      </trkpt>
      <trkpt lat="48.20941167" lon="22.15441333">
        <ele>151.1</ele>
        <time>2025-07-10T06:23:31Z</time>
      </trkpt>
      <trkpt lat="48.20948167" lon="22.15426">
        <ele>151.1</ele>
        <time>2025-07-10T06:23:32Z</time>
      </trkpt>
      <trkpt lat="48.209555" lon="22.1541">
        <ele>150.8</ele>
        <time>2025-07-10T06:23:33Z</time>
      </trkpt>
      <trkpt lat="48.20963" lon="22.15395">
        <ele>150.9</ele>
        <time>2025-07-10T06:23:34Z</time>
      </trkpt>
      <trkpt lat="48.20969833" lon="22.15380333">
        <ele>150</ele>
        <time>2025-07-10T06:23:35Z</time>
      </trkpt>
      <trkpt lat="48.20976333" lon="22.153655">
        <ele>148.9</ele>
        <time>2025-07-10T06:23:36Z</time>
      </trkpt>
      <trkpt lat="48.20983333" lon="22.153495">
        <ele>150.1</ele>
        <time>2025-07-10T06:23:37Z</time>
      </trkpt>
      <trkpt lat="48.20989833" lon="22.15335667">
        <ele>149.2</ele>
        <time>2025-07-10T06:23:38Z</time>
      </trkpt>
      <trkpt lat="48.209965" lon="22.15322">
        <ele>148.3</ele>
        <time>2025-07-10T06:23:39Z</time>
      </trkpt>
      <trkpt lat="48.21003" lon="22.15307">
        <ele>148.8</ele>
        <time>2025-07-10T06:23:40Z</time>
      </trkpt>
      <trkpt lat="48.21008" lon="22.15293">
        <ele>147.9</ele>
        <time>2025-07-10T06:23:41Z</time>
      </trkpt>
      <trkpt lat="48.21015333" lon="22.15278">
        <ele>147.9</ele>
        <time>2025-07-10T06:23:42Z</time>
      </trkpt>
      <trkpt lat="48.21022333" lon="22.15264167">
        <ele>147.8</ele>
        <time>2025-07-10T06:23:43Z</time>
      </trkpt>
      <trkpt lat="48.210285" lon="22.152495">
        <ele>146.9</ele>
        <time>2025-07-10T06:23:44Z</time>
      </trkpt>
      <trkpt lat="48.21034833" lon="22.152365">
        <ele>145.8</ele>
        <time>2025-07-10T06:23:45Z</time>
      </trkpt>
      <trkpt lat="48.21041167" lon="22.15223667">
        <ele>146.3</ele>
        <time>2025-07-10T06:23:46Z</time>
      </trkpt>
      <trkpt lat="48.21047333" lon="22.15211167">
        <ele>147.1</ele>
        <time>2025-07-10T06:23:47Z</time>
      </trkpt>
      <trkpt lat="48.21052167" lon="22.15198667">
        <ele>147.8</ele>
        <time>2025-07-10T06:23:48Z</time>
      </trkpt>
      <trkpt lat="48.210605" lon="22.15181167">
        <ele>148.6</ele>
        <time>2025-07-10T06:23:50Z</time>
      </trkpt>
      <trkpt lat="48.21065833" lon="22.15170167">
        <ele>148</ele>
        <time>2025-07-10T06:23:52Z</time>
      </trkpt>
      <trkpt lat="48.2107" lon="22.15155">
        <ele>180.3</ele>
        <time>2025-07-10T06:24:54Z</time>
      </trkpt>
      <trkpt lat="48.210755" lon="22.15142667">
        <ele>178.7</ele>
        <time>2025-07-10T06:24:57Z</time>
      </trkpt>
      <trkpt lat="48.21082167" lon="22.15129667">
        <ele>179.5</ele>
        <time>2025-07-10T06:24:59Z</time>
      </trkpt>
      <trkpt lat="48.21088333" lon="22.15111667">
        <ele>178.1</ele>
        <time>2025-07-10T06:25:01Z</time>
      </trkpt>
      <trkpt lat="48.210965" lon="22.15094333">
        <ele>176.7</ele>
        <time>2025-07-10T06:25:03Z</time>
      </trkpt>
      <trkpt lat="48.21105833" lon="22.15074167">
        <ele>173.4</ele>
        <time>2025-07-10T06:25:05Z</time>
      </trkpt>
      <trkpt lat="48.21111833" lon="22.15064">
        <ele>171.8</ele>
        <time>2025-07-10T06:25:06Z</time>
      </trkpt>
      <trkpt lat="48.21123" lon="22.15042667">
        <ele>168.3</ele>
        <time>2025-07-10T06:25:08Z</time>
      </trkpt>
      <trkpt lat="48.211285" lon="22.1503">
        <ele>166.5</ele>
        <time>2025-07-10T06:25:09Z</time>
      </trkpt>
      <trkpt lat="48.21134167" lon="22.15017">
        <ele>164.3</ele>
        <time>2025-07-10T06:25:10Z</time>
      </trkpt>
      <trkpt lat="48.211395" lon="22.15003">
        <ele>162.7</ele>
        <time>2025-07-10T06:25:11Z</time>
      </trkpt>
      <trkpt lat="48.21145333" lon="22.149895">
        <ele>161.5</ele>
        <time>2025-07-10T06:25:12Z</time>
      </trkpt>
      <trkpt lat="48.21152" lon="22.14976167">
        <ele>160.5</ele>
        <time>2025-07-10T06:25:13Z</time>
      </trkpt>
      <trkpt lat="48.21159167" lon="22.14962">
        <ele>159.3</ele>
        <time>2025-07-10T06:25:14Z</time>
      </trkpt>
      <trkpt lat="48.21166167" lon="22.14947333">
        <ele>158.3</ele>
        <time>2025-07-10T06:25:15Z</time>
      </trkpt>
      <trkpt lat="48.21175" lon="22.14931833">
        <ele>153.3</ele>
        <time>2025-07-10T06:25:16Z</time>
      </trkpt>
      <trkpt lat="48.21183333" lon="22.14917667">
        <ele>153.1</ele>
        <time>2025-07-10T06:25:17Z</time>
      </trkpt>
      <trkpt lat="48.211885" lon="22.14901">
        <ele>154.1</ele>
        <time>2025-07-10T06:25:18Z</time>
      </trkpt>
      <trkpt lat="48.21197" lon="22.148835">
        <ele>151.5</ele>
        <time>2025-07-10T06:25:19Z</time>
      </trkpt>
      <trkpt lat="48.21204667" lon="22.14867">
        <ele>150.2</ele>
        <time>2025-07-10T06:25:20Z</time>
      </trkpt>
      <trkpt lat="48.21212167" lon="22.14851167">
        <ele>148.9</ele>
        <time>2025-07-10T06:25:21Z</time>
      </trkpt>
      <trkpt lat="48.21219" lon="22.14835">
        <ele>147.8</ele>
        <time>2025-07-10T06:25:22Z</time>
      </trkpt>
      <trkpt lat="48.21225667" lon="22.14819833">
        <ele>148.8</ele>
        <time>2025-07-10T06:25:23Z</time>
      </trkpt>
      <trkpt lat="48.21231833" lon="22.14805833">
        <ele>148.4</ele>
        <time>2025-07-10T06:25:24Z</time>
      </trkpt>
      <trkpt lat="48.21238833" lon="22.14790333">
        <ele>148.4</ele>
        <time>2025-07-10T06:25:25Z</time>
      </trkpt>
      <trkpt lat="48.21246333" lon="22.147755">
        <ele>148</ele>
        <time>2025-07-10T06:25:26Z</time>
      </trkpt>
      <trkpt lat="48.212525" lon="22.1476">
        <ele>148.5</ele>
        <time>2025-07-10T06:25:27Z</time>
      </trkpt>
      <trkpt lat="48.21259333" lon="22.14744667">
        <ele>148.2</ele>
        <time>2025-07-10T06:25:28Z</time>
      </trkpt>
      <trkpt lat="48.21265" lon="22.14729833">
        <ele>147.7</ele>
        <time>2025-07-10T06:25:29Z</time>
      </trkpt>
      <trkpt lat="48.21269667" lon="22.147125">
        <ele>147.2</ele>
        <time>2025-07-10T06:25:30Z</time>
      </trkpt>
      <trkpt lat="48.212735" lon="22.14694667">
        <ele>147.7</ele>
        <time>2025-07-10T06:25:31Z</time>
      </trkpt>
      <trkpt lat="48.212765" lon="22.146775">
        <ele>146.9</ele>
        <time>2025-07-10T06:25:32Z</time>
      </trkpt>
      <trkpt lat="48.21279333" lon="22.146605">
        <ele>146.8</ele>
        <time>2025-07-10T06:25:33Z</time>
      </trkpt>
      <trkpt lat="48.21282833" lon="22.14642667">
        <ele>147.3</ele>
        <time>2025-07-10T06:25:34Z</time>
      </trkpt>
      <trkpt lat="48.21286333" lon="22.14624333">
        <ele>148.7</ele>
        <time>2025-07-10T06:25:35Z</time>
      </trkpt>
      <trkpt lat="48.21289667" lon="22.14606667">
        <ele>149</ele>
        <time>2025-07-10T06:25:36Z</time>
      </trkpt>
      <trkpt lat="48.21292833" lon="22.14588333">
        <ele>149.1</ele>
        <time>2025-07-10T06:25:37Z</time>
      </trkpt>
      <trkpt lat="48.21295667" lon="22.14571167">
        <ele>148.7</ele>
        <time>2025-07-10T06:25:38Z</time>
      </trkpt>
      <trkpt lat="48.21297333" lon="22.14554167">
        <ele>148.1</ele>
        <time>2025-07-10T06:25:39Z</time>
      </trkpt>
      <trkpt lat="48.21299167" lon="22.14537667">
        <ele>148.5</ele>
        <time>2025-07-10T06:25:40Z</time>
      </trkpt>
      <trkpt lat="48.21302" lon="22.14522167">
        <ele>148.2</ele>
        <time>2025-07-10T06:25:41Z</time>
      </trkpt>
      <trkpt lat="48.21304333" lon="22.14505833">
        <ele>148.8</ele>
        <time>2025-07-10T06:25:42Z</time>
      </trkpt>
      <trkpt lat="48.21308" lon="22.14491333">
        <ele>149.4</ele>
        <time>2025-07-10T06:25:43Z</time>
      </trkpt>
      <trkpt lat="48.21312333" lon="22.14477667">
        <ele>149.5</ele>
        <time>2025-07-10T06:25:44Z</time>
      </trkpt>
      <trkpt lat="48.21319" lon="22.14463667">
        <ele>149.1</ele>
        <time>2025-07-10T06:25:45Z</time>
      </trkpt>
      <trkpt lat="48.21327" lon="22.14452333">
        <ele>149.2</ele>
        <time>2025-07-10T06:25:46Z</time>
      </trkpt>
      <trkpt lat="48.213365" lon="22.14442">
        <ele>148.6</ele>
        <time>2025-07-10T06:25:47Z</time>
      </trkpt>
      <trkpt lat="48.21346333" lon="22.14432667">
        <ele>148.5</ele>
        <time>2025-07-10T06:25:48Z</time>
      </trkpt>
      <trkpt lat="48.21356" lon="22.144245">
        <ele>147.4</ele>
        <time>2025-07-10T06:25:49Z</time>
      </trkpt>
      <trkpt lat="48.21367167" lon="22.14417">
        <ele>147.6</ele>
        <time>2025-07-10T06:25:50Z</time>
      </trkpt>
      <trkpt lat="48.21378333" lon="22.14409833">
        <ele>148.2</ele>
        <time>2025-07-10T06:25:51Z</time>
      </trkpt>
      <trkpt lat="48.213905" lon="22.14404333">
        <ele>148.3</ele>
        <time>2025-07-10T06:25:52Z</time>
      </trkpt>
      <trkpt lat="48.21402167" lon="22.14399667">
        <ele>148.6</ele>
        <time>2025-07-10T06:25:53Z</time>
      </trkpt>
      <trkpt lat="48.21414167" lon="22.143955">
        <ele>150.3</ele>
        <time>2025-07-10T06:25:54Z</time>
      </trkpt>
      <trkpt lat="48.21425667" lon="22.14390333">
        <ele>151.7</ele>
        <time>2025-07-10T06:25:55Z</time>
      </trkpt>
      <trkpt lat="48.21436833" lon="22.14385167">
        <ele>152.8</ele>
        <time>2025-07-10T06:25:56Z</time>
      </trkpt>
      <trkpt lat="48.21448" lon="22.14379167">
        <ele>153.7</ele>
        <time>2025-07-10T06:25:57Z</time>
      </trkpt>
      <trkpt lat="48.21458167" lon="22.14372333">
        <ele>153.5</ele>
        <time>2025-07-10T06:25:58Z</time>
      </trkpt>
      <trkpt lat="48.21469833" lon="22.143645">
        <ele>153.2</ele>
        <time>2025-07-10T06:25:59Z</time>
      </trkpt>
      <trkpt lat="48.214805" lon="22.143575">
        <ele>152.5</ele>
        <time>2025-07-10T06:26:00Z</time>
      </trkpt>
      <trkpt lat="48.214915" lon="22.14348667">
        <ele>152.8</ele>
        <time>2025-07-10T06:26:01Z</time>
      </trkpt>
      <trkpt lat="48.21502167" lon="22.14339667">
        <ele>153.2</ele>
        <time>2025-07-10T06:26:02Z</time>
      </trkpt>
      <trkpt lat="48.21513167" lon="22.14331833">
        <ele>152.7</ele>
        <time>2025-07-10T06:26:03Z</time>
      </trkpt>
      <trkpt lat="48.21524333" lon="22.143235">
        <ele>152.3</ele>
        <time>2025-07-10T06:26:04Z</time>
      </trkpt>
      <trkpt lat="48.21534833" lon="22.143145">
        <ele>151.9</ele>
        <time>2025-07-10T06:26:05Z</time>
      </trkpt>
      <trkpt lat="48.21545833" lon="22.14306">
        <ele>151.8</ele>
        <time>2025-07-10T06:26:06Z</time>
      </trkpt>
      <trkpt lat="48.21556" lon="22.14297333">
        <ele>151.8</ele>
        <time>2025-07-10T06:26:07Z</time>
      </trkpt>
      <trkpt lat="48.21566833" lon="22.142895">
        <ele>152</ele>
        <time>2025-07-10T06:26:08Z</time>
      </trkpt>
      <trkpt lat="48.21577833" lon="22.14281167">
        <ele>152.5</ele>
        <time>2025-07-10T06:26:09Z</time>
      </trkpt>
      <trkpt lat="48.21588333" lon="22.14272167">
        <ele>151.5</ele>
        <time>2025-07-10T06:26:10Z</time>
      </trkpt>
      <trkpt lat="48.21599167" lon="22.142645">
        <ele>151.6</ele>
        <time>2025-07-10T06:26:11Z</time>
      </trkpt>
      <trkpt lat="48.21609833" lon="22.14256167">
        <ele>152.1</ele>
        <time>2025-07-10T06:26:12Z</time>
      </trkpt>
      <trkpt lat="48.21621167" lon="22.1425">
        <ele>150.7</ele>
        <time>2025-07-10T06:26:13Z</time>
      </trkpt>
      <trkpt lat="48.21629833" lon="22.142425">
        <ele>151.4</ele>
        <time>2025-07-10T06:26:14Z</time>
      </trkpt>
      <trkpt lat="48.21638667" lon="22.14236833">
        <ele>152</ele>
        <time>2025-07-10T06:26:15Z</time>
      </trkpt>
      <trkpt lat="48.21648" lon="22.14231333">
        <ele>152.5</ele>
        <time>2025-07-10T06:26:16Z</time>
      </trkpt>
      <trkpt lat="48.216575" lon="22.14225833">
        <ele>152.6</ele>
        <time>2025-07-10T06:26:17Z</time>
      </trkpt>
      <trkpt lat="48.21666" lon="22.14220833">
        <ele>153.2</ele>
        <time>2025-07-10T06:26:18Z</time>
      </trkpt>
      <trkpt lat="48.21680333" lon="22.14214167">
        <ele>153.7</ele>
        <time>2025-07-10T06:26:20Z</time>
      </trkpt>
      <trkpt lat="48.21691667" lon="22.14209833">
        <ele>153.9</ele>
        <time>2025-07-10T06:26:22Z</time>
      </trkpt>
      <trkpt lat="48.21702333" lon="22.14203667">
        <ele>152.4</ele>
        <time>2025-07-10T06:27:12Z</time>
      </trkpt>
      <trkpt lat="48.21711" lon="22.14198833">
        <ele>151.6</ele>
        <time>2025-07-10T06:27:15Z</time>
      </trkpt>
      <trkpt lat="48.21724833" lon="22.14192833">
        <ele>151.5</ele>
        <time>2025-07-10T06:27:18Z</time>
      </trkpt>
      <trkpt lat="48.21736667" lon="22.141875">
        <ele>152.3</ele>
        <time>2025-07-10T06:27:20Z</time>
      </trkpt>
      <trkpt lat="48.21748833" lon="22.14181833">
        <ele>152.1</ele>
        <time>2025-07-10T06:27:22Z</time>
      </trkpt>
      <trkpt lat="48.21761833" lon="22.14176833">
        <ele>151.6</ele>
        <time>2025-07-10T06:27:24Z</time>
      </trkpt>
      <trkpt lat="48.21776333" lon="22.14171">
        <ele>151.1</ele>
        <time>2025-07-10T06:27:26Z</time>
      </trkpt>
      <trkpt lat="48.217945" lon="22.14168667">
        <ele>152</ele>
        <time>2025-07-10T06:27:28Z</time>
      </trkpt>
      <trkpt lat="48.21804" lon="22.14168167">
        <ele>153.1</ele>
        <time>2025-07-10T06:27:29Z</time>
      </trkpt>
      <trkpt lat="48.218135" lon="22.14168667">
        <ele>153.8</ele>
        <time>2025-07-10T06:27:30Z</time>
      </trkpt>
      <trkpt lat="48.21823167" lon="22.14169333">
        <ele>154.6</ele>
        <time>2025-07-10T06:27:31Z</time>
      </trkpt>
      <trkpt lat="48.21832833" lon="22.1417">
        <ele>155</ele>
        <time>2025-07-10T06:27:32Z</time>
      </trkpt>
      <trkpt lat="48.218435" lon="22.141695">
        <ele>155.1</ele>
        <time>2025-07-10T06:27:33Z</time>
      </trkpt>
      <trkpt lat="48.21853833" lon="22.141675">
        <ele>155.4</ele>
        <time>2025-07-10T06:27:34Z</time>
      </trkpt>
      <trkpt lat="48.21864667" lon="22.14164667">
        <ele>155.5</ele>
        <time>2025-07-10T06:27:35Z</time>
      </trkpt>
      <trkpt lat="48.21874833" lon="22.14161">
        <ele>156.4</ele>
        <time>2025-07-10T06:27:36Z</time>
      </trkpt>
      <trkpt lat="48.218855" lon="22.14158333">
        <ele>157.8</ele>
        <time>2025-07-10T06:27:37Z</time>
      </trkpt>
      <trkpt lat="48.21896167" lon="22.14155667">
        <ele>158.9</ele>
        <time>2025-07-10T06:27:38Z</time>
      </trkpt>
      <trkpt lat="48.21906667" lon="22.14152333">
        <ele>158.8</ele>
        <time>2025-07-10T06:27:39Z</time>
      </trkpt>
      <trkpt lat="48.21917833" lon="22.14148167">
        <ele>159</ele>
        <time>2025-07-10T06:27:40Z</time>
      </trkpt>
      <trkpt lat="48.21928833" lon="22.14145333">
        <ele>159.9</ele>
        <time>2025-07-10T06:27:41Z</time>
      </trkpt>
      <trkpt lat="48.21940167" lon="22.14143167">
        <ele>160.2</ele>
        <time>2025-07-10T06:27:42Z</time>
      </trkpt>
      <trkpt lat="48.21950833" lon="22.14142167">
        <ele>160.2</ele>
        <time>2025-07-10T06:27:43Z</time>
      </trkpt>
      <trkpt lat="48.21962167" lon="22.14142667">
        <ele>159.3</ele>
        <time>2025-07-10T06:27:44Z</time>
      </trkpt>
      <trkpt lat="48.21973667" lon="22.14142667">
        <ele>158.2</ele>
        <time>2025-07-10T06:27:45Z</time>
      </trkpt>
      <trkpt lat="48.219855" lon="22.14141667">
        <ele>158</ele>
        <time>2025-07-10T06:27:46Z</time>
      </trkpt>
      <trkpt lat="48.21998" lon="22.14141333">
        <ele>158</ele>
        <time>2025-07-10T06:27:47Z</time>
      </trkpt>
      <trkpt lat="48.22009833" lon="22.14139167">
        <ele>158.1</ele>
        <time>2025-07-10T06:27:48Z</time>
      </trkpt>
      <trkpt lat="48.22021833" lon="22.14135333">
        <ele>157.9</ele>
        <time>2025-07-10T06:27:49Z</time>
      </trkpt>
      <trkpt lat="48.22032833" lon="22.14132667">
        <ele>157.3</ele>
        <time>2025-07-10T06:27:50Z</time>
      </trkpt>
      <trkpt lat="48.22044" lon="22.14130167">
        <ele>157.1</ele>
        <time>2025-07-10T06:27:51Z</time>
      </trkpt>
      <trkpt lat="48.22054833" lon="22.14126">
        <ele>156.6</ele>
        <time>2025-07-10T06:27:52Z</time>
      </trkpt>
      <trkpt lat="48.220655" lon="22.14121333">
        <ele>156.6</ele>
        <time>2025-07-10T06:27:53Z</time>
      </trkpt>
      <trkpt lat="48.22074833" lon="22.14117">
        <ele>155.9</ele>
        <time>2025-07-10T06:27:54Z</time>
      </trkpt>
      <trkpt lat="48.22083667" lon="22.14112833">
        <ele>156.3</ele>
        <time>2025-07-10T06:27:55Z</time>
      </trkpt>
      <trkpt lat="48.220995" lon="22.14103833">
        <ele>156.5</ele>
        <time>2025-07-10T06:27:57Z</time>
      </trkpt>
      <trkpt lat="48.22112333" lon="22.14092333">
        <ele>157.3</ele>
        <time>2025-07-10T06:27:59Z</time>
      </trkpt>
      <trkpt lat="48.22121667" lon="22.14073333">
        <ele>156</ele>
        <time>2025-07-10T06:28:01Z</time>
      </trkpt>
      <trkpt lat="48.22126667" lon="22.140485">
        <ele>154.6</ele>
        <time>2025-07-10T06:28:03Z</time>
      </trkpt>
      <trkpt lat="48.22127833" lon="22.14022667">
        <ele>153.4</ele>
        <time>2025-07-10T06:28:05Z</time>
      </trkpt>
      <trkpt lat="48.221265" lon="22.14009167">
        <ele>153.3</ele>
        <time>2025-07-10T06:28:06Z</time>
      </trkpt>
      <trkpt lat="48.22124167" lon="22.13996">
        <ele>153.8</ele>
        <time>2025-07-10T06:28:07Z</time>
      </trkpt>
      <trkpt lat="48.22121333" lon="22.13982667">
        <ele>154</ele>
        <time>2025-07-10T06:28:08Z</time>
      </trkpt>
      <trkpt lat="48.22119333" lon="22.13969">
        <ele>153.8</ele>
        <time>2025-07-10T06:28:09Z</time>
      </trkpt>
      <trkpt lat="48.22115667" lon="22.13944833">
        <ele>153.8</ele>
        <time>2025-07-10T06:28:11Z</time>
      </trkpt>
      <trkpt lat="48.22112" lon="22.139255">
        <ele>154.9</ele>
        <time>2025-07-10T06:28:13Z</time>
      </trkpt>
      <trkpt lat="48.22109667" lon="22.13907333">
        <ele>153.8</ele>
        <time>2025-07-10T06:28:16Z</time>
      </trkpt>
      <trkpt lat="48.22105333" lon="22.138935">
        <ele>154.1</ele>
        <time>2025-07-10T06:29:04Z</time>
      </trkpt>
      <trkpt lat="48.22101167" lon="22.13877667">
        <ele>152.4</ele>
        <time>2025-07-10T06:29:07Z</time>
      </trkpt>
      <trkpt lat="48.220965" lon="22.13866">
        <ele>152.1</ele>
        <time>2025-07-10T06:29:09Z</time>
      </trkpt>
      <trkpt lat="48.22087833" lon="22.13852333">
        <ele>152.2</ele>
        <time>2025-07-10T06:29:11Z</time>
      </trkpt>
      <trkpt lat="48.22079167" lon="22.13841167">
        <ele>151.2</ele>
        <time>2025-07-10T06:29:13Z</time>
      </trkpt>
      <trkpt lat="48.22068167" lon="22.13829167">
        <ele>151.1</ele>
        <time>2025-07-10T06:29:15Z</time>
      </trkpt>
      <trkpt lat="48.22056667" lon="22.138145">
        <ele>151</ele>
        <time>2025-07-10T06:29:17Z</time>
      </trkpt>
      <trkpt lat="48.22044667" lon="22.13801167">
        <ele>150.1</ele>
        <time>2025-07-10T06:29:19Z</time>
      </trkpt>
      <trkpt lat="48.22032167" lon="22.137885">
        <ele>148.7</ele>
        <time>2025-07-10T06:29:21Z</time>
      </trkpt>
      <trkpt lat="48.22019333" lon="22.13773">
        <ele>150.6</ele>
        <time>2025-07-10T06:29:23Z</time>
      </trkpt>
      <trkpt lat="48.22005833" lon="22.13754167">
        <ele>152.1</ele>
        <time>2025-07-10T06:29:25Z</time>
      </trkpt>
      <trkpt lat="48.219945" lon="22.13733">
        <ele>152</ele>
        <time>2025-07-10T06:29:27Z</time>
      </trkpt>
      <trkpt lat="48.21989667" lon="22.13720333">
        <ele>152.1</ele>
        <time>2025-07-10T06:29:28Z</time>
      </trkpt>
      <trkpt lat="48.21984667" lon="22.13707833">
        <ele>152.3</ele>
        <time>2025-07-10T06:29:29Z</time>
      </trkpt>
      <trkpt lat="48.21979833" lon="22.13694">
        <ele>151.9</ele>
        <time>2025-07-10T06:29:30Z</time>
      </trkpt>
      <trkpt lat="48.21974667" lon="22.13679">
        <ele>152.4</ele>
        <time>2025-07-10T06:29:31Z</time>
      </trkpt>
      <trkpt lat="48.2197" lon="22.136645">
        <ele>152.7</ele>
        <time>2025-07-10T06:29:32Z</time>
      </trkpt>
      <trkpt lat="48.21965167" lon="22.13650667">
        <ele>153</ele>
        <time>2025-07-10T06:29:33Z</time>
      </trkpt>
      <trkpt lat="48.2196" lon="22.13636667">
        <ele>153.5</ele>
        <time>2025-07-10T06:29:34Z</time>
      </trkpt>
      <trkpt lat="48.21955667" lon="22.13623333">
        <ele>154</ele>
        <time>2025-07-10T06:29:35Z</time>
      </trkpt>
      <trkpt lat="48.21951667" lon="22.13610167">
        <ele>154.6</ele>
        <time>2025-07-10T06:29:36Z</time>
      </trkpt>
      <trkpt lat="48.219485" lon="22.13596333">
        <ele>155</ele>
        <time>2025-07-10T06:29:37Z</time>
      </trkpt>
      <trkpt lat="48.21947167" lon="22.135805">
        <ele>154.8</ele>
        <time>2025-07-10T06:29:38Z</time>
      </trkpt>
      <trkpt lat="48.21947667" lon="22.13565333">
        <ele>154.7</ele>
        <time>2025-07-10T06:29:39Z</time>
      </trkpt>
      <trkpt lat="48.21949667" lon="22.13549833">
        <ele>154.8</ele>
        <time>2025-07-10T06:29:40Z</time>
      </trkpt>
      <trkpt lat="48.21952667" lon="22.13533667">
        <ele>154.4</ele>
        <time>2025-07-10T06:29:41Z</time>
      </trkpt>
      <trkpt lat="48.219565" lon="22.135175">
        <ele>154.4</ele>
        <time>2025-07-10T06:29:42Z</time>
      </trkpt>
      <trkpt lat="48.21960333" lon="22.135015">
        <ele>154.8</ele>
        <time>2025-07-10T06:29:43Z</time>
      </trkpt>
      <trkpt lat="48.21964833" lon="22.13485">
        <ele>154.4</ele>
        <time>2025-07-10T06:29:44Z</time>
      </trkpt>
      <trkpt lat="48.21968833" lon="22.13466833">
        <ele>154.7</ele>
        <time>2025-07-10T06:29:45Z</time>
      </trkpt>
      <trkpt lat="48.21972333" lon="22.13449">
        <ele>155.1</ele>
        <time>2025-07-10T06:29:46Z</time>
      </trkpt>
      <trkpt lat="48.21976667" lon="22.13432167">
        <ele>154.5</ele>
        <time>2025-07-10T06:29:47Z</time>
      </trkpt>
      <trkpt lat="48.21980667" lon="22.13414667">
        <ele>154.2</ele>
        <time>2025-07-10T06:29:48Z</time>
      </trkpt>
      <trkpt lat="48.21984167" lon="22.13396333">
        <ele>154.2</ele>
        <time>2025-07-10T06:29:49Z</time>
      </trkpt>
      <trkpt lat="48.21988333" lon="22.13378833">
        <ele>153.9</ele>
        <time>2025-07-10T06:29:50Z</time>
      </trkpt>
      <trkpt lat="48.21992333" lon="22.13361333">
        <ele>153.6</ele>
        <time>2025-07-10T06:29:51Z</time>
      </trkpt>
      <trkpt lat="48.21995333" lon="22.13342667">
        <ele>153.9</ele>
        <time>2025-07-10T06:29:52Z</time>
      </trkpt>
      <trkpt lat="48.219985" lon="22.13324667">
        <ele>154.7</ele>
        <time>2025-07-10T06:29:53Z</time>
      </trkpt>
      <trkpt lat="48.22002" lon="22.13307">
        <ele>155.2</ele>
        <time>2025-07-10T06:29:54Z</time>
      </trkpt>
      <trkpt lat="48.22006333" lon="22.132895">
        <ele>155.9</ele>
        <time>2025-07-10T06:29:55Z</time>
      </trkpt>
      <trkpt lat="48.22011" lon="22.132725">
        <ele>156.6</ele>
        <time>2025-07-10T06:29:56Z</time>
      </trkpt>
      <trkpt lat="48.22016667" lon="22.13256">
        <ele>156.5</ele>
        <time>2025-07-10T06:29:57Z</time>
      </trkpt>
      <trkpt lat="48.22024333" lon="22.13241">
        <ele>157.5</ele>
        <time>2025-07-10T06:29:58Z</time>
      </trkpt>
      <trkpt lat="48.22033833" lon="22.13228333">
        <ele>158</ele>
        <time>2025-07-10T06:29:59Z</time>
      </trkpt>
      <trkpt lat="48.220455" lon="22.132185">
        <ele>158.9</ele>
        <time>2025-07-10T06:30:00Z</time>
      </trkpt>
      <trkpt lat="48.22057667" lon="22.13209167">
        <ele>158.9</ele>
        <time>2025-07-10T06:30:01Z</time>
      </trkpt>
      <trkpt lat="48.22069333" lon="22.13200667">
        <ele>158.9</ele>
        <time>2025-07-10T06:30:02Z</time>
      </trkpt>
      <trkpt lat="48.22081833" lon="22.131925">
        <ele>159.5</ele>
        <time>2025-07-10T06:30:03Z</time>
      </trkpt>
      <trkpt lat="48.220945" lon="22.13184333">
        <ele>159.2</ele>
        <time>2025-07-10T06:30:04Z</time>
      </trkpt>
      <trkpt lat="48.22106" lon="22.13174833">
        <ele>160.2</ele>
        <time>2025-07-10T06:30:05Z</time>
      </trkpt>
      <trkpt lat="48.22117333" lon="22.131655">
        <ele>159.7</ele>
        <time>2025-07-10T06:30:06Z</time>
      </trkpt>
      <trkpt lat="48.22128167" lon="22.13153167">
        <ele>159.4</ele>
        <time>2025-07-10T06:30:07Z</time>
      </trkpt>
      <trkpt lat="48.22137333" lon="22.13137667">
        <ele>159.6</ele>
        <time>2025-07-10T06:30:08Z</time>
      </trkpt>
      <trkpt lat="48.22145167" lon="22.1312">
        <ele>159.3</ele>
        <time>2025-07-10T06:30:09Z</time>
      </trkpt>
      <trkpt lat="48.221515" lon="22.13102">
        <ele>159.1</ele>
        <time>2025-07-10T06:30:10Z</time>
      </trkpt>
      <trkpt lat="48.22159333" lon="22.13084">
        <ele>159.4</ele>
        <time>2025-07-10T06:30:11Z</time>
      </trkpt>
      <trkpt lat="48.22167" lon="22.13066167">
        <ele>159.8</ele>
        <time>2025-07-10T06:30:12Z</time>
      </trkpt>
      <trkpt lat="48.22174667" lon="22.13048333">
        <ele>159.7</ele>
        <time>2025-07-10T06:30:13Z</time>
      </trkpt>
      <trkpt lat="48.22182167" lon="22.13030333">
        <ele>159.8</ele>
        <time>2025-07-10T06:30:14Z</time>
      </trkpt>
      <trkpt lat="48.2219" lon="22.13012">
        <ele>159.1</ele>
        <time>2025-07-10T06:30:15Z</time>
      </trkpt>
      <trkpt lat="48.22198" lon="22.12993833">
        <ele>157.9</ele>
        <time>2025-07-10T06:30:16Z</time>
      </trkpt>
      <trkpt lat="48.22205667" lon="22.12974833">
        <ele>156.9</ele>
        <time>2025-07-10T06:30:17Z</time>
      </trkpt>
      <trkpt lat="48.22214" lon="22.12956667">
        <ele>156.5</ele>
        <time>2025-07-10T06:30:18Z</time>
      </trkpt>
      <trkpt lat="48.222225" lon="22.129385">
        <ele>156.4</ele>
        <time>2025-07-10T06:30:19Z</time>
      </trkpt>
      <trkpt lat="48.222305" lon="22.12920333">
        <ele>156.6</ele>
        <time>2025-07-10T06:30:20Z</time>
      </trkpt>
      <trkpt lat="48.22238333" lon="22.129025">
        <ele>156.3</ele>
        <time>2025-07-10T06:30:21Z</time>
      </trkpt>
      <trkpt lat="48.222465" lon="22.12885667">
        <ele>155.7</ele>
        <time>2025-07-10T06:30:22Z</time>
      </trkpt>
      <trkpt lat="48.22254333" lon="22.12867167">
        <ele>154.9</ele>
        <time>2025-07-10T06:30:23Z</time>
      </trkpt>
      <trkpt lat="48.222615" lon="22.12848833">
        <ele>154</ele>
        <time>2025-07-10T06:30:24Z</time>
      </trkpt>
      <trkpt lat="48.222695" lon="22.12831167">
        <ele>153.5</ele>
        <time>2025-07-10T06:30:25Z</time>
      </trkpt>
      <trkpt lat="48.222775" lon="22.12814667">
        <ele>153.2</ele>
        <time>2025-07-10T06:30:26Z</time>
      </trkpt>
      <trkpt lat="48.22284833" lon="22.12796333">
        <ele>153.2</ele>
        <time>2025-07-10T06:30:27Z</time>
      </trkpt>
      <trkpt lat="48.22292333" lon="22.12779167">
        <ele>153.7</ele>
        <time>2025-07-10T06:30:28Z</time>
      </trkpt>
      <trkpt lat="48.22299833" lon="22.127625">
        <ele>154.3</ele>
        <time>2025-07-10T06:30:29Z</time>
      </trkpt>
      <trkpt lat="48.223075" lon="22.12744667">
        <ele>154.3</ele>
        <time>2025-07-10T06:30:30Z</time>
      </trkpt>
      <trkpt lat="48.223145" lon="22.12727333">
        <ele>154</ele>
        <time>2025-07-10T06:30:31Z</time>
      </trkpt>
      <trkpt lat="48.22321667" lon="22.12710333">
        <ele>153.8</ele>
        <time>2025-07-10T06:30:32Z</time>
      </trkpt>
      <trkpt lat="48.22329333" lon="22.12694">
        <ele>153.4</ele>
        <time>2025-07-10T06:30:33Z</time>
      </trkpt>
      <trkpt lat="48.22337" lon="22.12676">
        <ele>153.1</ele>
        <time>2025-07-10T06:30:34Z</time>
      </trkpt>
      <trkpt lat="48.223445" lon="22.12659">
        <ele>153</ele>
        <time>2025-07-10T06:30:35Z</time>
      </trkpt>
      <trkpt lat="48.22352" lon="22.12641667">
        <ele>153</ele>
        <time>2025-07-10T06:30:36Z</time>
      </trkpt>
      <trkpt lat="48.22359833" lon="22.12623">
        <ele>153.1</ele>
        <time>2025-07-10T06:30:37Z</time>
      </trkpt>
      <trkpt lat="48.22367667" lon="22.12605">
        <ele>153.6</ele>
        <time>2025-07-10T06:30:38Z</time>
      </trkpt>
      <trkpt lat="48.22376" lon="22.12586">
        <ele>153.4</ele>
        <time>2025-07-10T06:30:39Z</time>
      </trkpt>
      <trkpt lat="48.22383833" lon="22.12567833">
        <ele>153.4</ele>
        <time>2025-07-10T06:30:40Z</time>
      </trkpt>
      <trkpt lat="48.22391333" lon="22.12548833">
        <ele>153.5</ele>
        <time>2025-07-10T06:30:41Z</time>
      </trkpt>
      <trkpt lat="48.22399" lon="22.12530333">
        <ele>154</ele>
        <time>2025-07-10T06:30:42Z</time>
      </trkpt>
      <trkpt lat="48.224065" lon="22.12512833">
        <ele>154.1</ele>
        <time>2025-07-10T06:30:43Z</time>
      </trkpt>
      <trkpt lat="48.22414833" lon="22.12497">
        <ele>152.3</ele>
        <time>2025-07-10T06:30:44Z</time>
      </trkpt>
      <trkpt lat="48.22421833" lon="22.12480333">
        <ele>151.7</ele>
        <time>2025-07-10T06:30:45Z</time>
      </trkpt>
      <trkpt lat="48.22428167" lon="22.124645">
        <ele>150.8</ele>
        <time>2025-07-10T06:30:46Z</time>
      </trkpt>
      <trkpt lat="48.22435" lon="22.12448333">
        <ele>150</ele>
        <time>2025-07-10T06:30:47Z</time>
      </trkpt>
      <trkpt lat="48.22441833" lon="22.12433167">
        <ele>150</ele>
        <time>2025-07-10T06:30:48Z</time>
      </trkpt>
      <trkpt lat="48.22448" lon="22.12419833">
        <ele>149.8</ele>
        <time>2025-07-10T06:30:49Z</time>
      </trkpt>
      <trkpt lat="48.22453333" lon="22.12408">
        <ele>149.6</ele>
        <time>2025-07-10T06:30:50Z</time>
      </trkpt>
      <trkpt lat="48.22462833" lon="22.12388">
        <ele>149.1</ele>
        <time>2025-07-10T06:30:52Z</time>
      </trkpt>
      <trkpt lat="48.22470667" lon="22.12371">
        <ele>148.8</ele>
        <time>2025-07-10T06:30:54Z</time>
      </trkpt>
      <trkpt lat="48.22479" lon="22.12354167">
        <ele>147.6</ele>
        <time>2025-07-10T06:30:56Z</time>
      </trkpt>
      <trkpt lat="48.22487667" lon="22.12331167">
        <ele>147.2</ele>
        <time>2025-07-10T06:30:58Z</time>
      </trkpt>
      <trkpt lat="48.22492833" lon="22.12318667">
        <ele>146.5</ele>
        <time>2025-07-10T06:30:59Z</time>
      </trkpt>
      <trkpt lat="48.22497667" lon="22.12305167">
        <ele>145.9</ele>
        <time>2025-07-10T06:31:00Z</time>
      </trkpt>
      <trkpt lat="48.22503333" lon="22.12290667">
        <ele>145.7</ele>
        <time>2025-07-10T06:31:01Z</time>
      </trkpt>
      <trkpt lat="48.22510167" lon="22.12275167">
        <ele>146</ele>
        <time>2025-07-10T06:31:02Z</time>
      </trkpt>
      <trkpt lat="48.22517167" lon="22.12260167">
        <ele>146.2</ele>
        <time>2025-07-10T06:31:03Z</time>
      </trkpt>
      <trkpt lat="48.22523667" lon="22.12244667">
        <ele>146.6</ele>
        <time>2025-07-10T06:31:04Z</time>
      </trkpt>
      <trkpt lat="48.22530667" lon="22.12229333">
        <ele>147.2</ele>
        <time>2025-07-10T06:31:05Z</time>
      </trkpt>
      <trkpt lat="48.22537833" lon="22.12213167">
        <ele>147.6</ele>
        <time>2025-07-10T06:31:06Z</time>
      </trkpt>
      <trkpt lat="48.225455" lon="22.12196833">
        <ele>147.8</ele>
        <time>2025-07-10T06:31:07Z</time>
      </trkpt>
      <trkpt lat="48.22553167" lon="22.12179667">
        <ele>148.1</ele>
        <time>2025-07-10T06:31:08Z</time>
      </trkpt>
      <trkpt lat="48.22561" lon="22.121605">
        <ele>149.7</ele>
        <time>2025-07-10T06:31:09Z</time>
      </trkpt>
      <trkpt lat="48.22569167" lon="22.12142">
        <ele>150</ele>
        <time>2025-07-10T06:31:10Z</time>
      </trkpt>
      <trkpt lat="48.22577333" lon="22.12123667">
        <ele>150.3</ele>
        <time>2025-07-10T06:31:11Z</time>
      </trkpt>
      <trkpt lat="48.225855" lon="22.12106167">
        <ele>150.9</ele>
        <time>2025-07-10T06:31:12Z</time>
      </trkpt>
      <trkpt lat="48.22593667" lon="22.12087833">
        <ele>151</ele>
        <time>2025-07-10T06:31:13Z</time>
      </trkpt>
      <trkpt lat="48.22602167" lon="22.12068833">
        <ele>150.4</ele>
        <time>2025-07-10T06:31:14Z</time>
      </trkpt>
      <trkpt lat="48.22610833" lon="22.12050667">
        <ele>150.9</ele>
        <time>2025-07-10T06:31:15Z</time>
      </trkpt>
      <trkpt lat="48.226185" lon="22.12031833">
        <ele>151.5</ele>
        <time>2025-07-10T06:31:16Z</time>
      </trkpt>
      <trkpt lat="48.22626333" lon="22.12013">
        <ele>151.4</ele>
        <time>2025-07-10T06:31:17Z</time>
      </trkpt>
      <trkpt lat="48.226345" lon="22.11995167">
        <ele>151.2</ele>
        <time>2025-07-10T06:31:18Z</time>
      </trkpt>
      <trkpt lat="48.22642667" lon="22.11977333">
        <ele>151.2</ele>
        <time>2025-07-10T06:31:19Z</time>
      </trkpt>
      <trkpt lat="48.22650333" lon="22.11959667">
        <ele>151.7</ele>
        <time>2025-07-10T06:31:20Z</time>
      </trkpt>
      <trkpt lat="48.226575" lon="22.11943333">
        <ele>151.9</ele>
        <time>2025-07-10T06:31:21Z</time>
      </trkpt>
      <trkpt lat="48.22664833" lon="22.11928333">
        <ele>152.1</ele>
        <time>2025-07-10T06:31:22Z</time>
      </trkpt>
      <trkpt lat="48.226705" lon="22.11912667">
        <ele>151.1</ele>
        <time>2025-07-10T06:31:23Z</time>
      </trkpt>
      <trkpt lat="48.22676833" lon="22.118975">
        <ele>150.3</ele>
        <time>2025-07-10T06:31:24Z</time>
      </trkpt>
      <trkpt lat="48.226825" lon="22.11882167">
        <ele>150.6</ele>
        <time>2025-07-10T06:31:25Z</time>
      </trkpt>
      <trkpt lat="48.22687167" lon="22.118655">
        <ele>150</ele>
        <time>2025-07-10T06:31:26Z</time>
      </trkpt>
      <trkpt lat="48.22691333" lon="22.118485">
        <ele>150</ele>
        <time>2025-07-10T06:31:27Z</time>
      </trkpt>
      <trkpt lat="48.22694333" lon="22.11829667">
        <ele>149.3</ele>
        <time>2025-07-10T06:31:28Z</time>
      </trkpt>
      <trkpt lat="48.22697667" lon="22.11809333">
        <ele>148.6</ele>
        <time>2025-07-10T06:31:29Z</time>
      </trkpt>
      <trkpt lat="48.227015" lon="22.11788167">
        <ele>146.2</ele>
        <time>2025-07-10T06:31:30Z</time>
      </trkpt>
      <trkpt lat="48.227045" lon="22.11766833">
        <ele>145.3</ele>
        <time>2025-07-10T06:31:31Z</time>
      </trkpt>
      <trkpt lat="48.227075" lon="22.117455">
        <ele>144.4</ele>
        <time>2025-07-10T06:31:32Z</time>
      </trkpt>
      <trkpt lat="48.227105" lon="22.117235">
        <ele>144.1</ele>
        <time>2025-07-10T06:31:33Z</time>
      </trkpt>
      <trkpt lat="48.22713333" lon="22.11702167">
        <ele>143.6</ele>
        <time>2025-07-10T06:31:34Z</time>
      </trkpt>
      <trkpt lat="48.22716" lon="22.11679">
        <ele>143.9</ele>
        <time>2025-07-10T06:31:35Z</time>
      </trkpt>
      <trkpt lat="48.22718833" lon="22.11655333">
        <ele>143.9</ele>
        <time>2025-07-10T06:31:36Z</time>
      </trkpt>
      <trkpt lat="48.22721333" lon="22.11631833">
        <ele>145.2</ele>
        <time>2025-07-10T06:31:37Z</time>
      </trkpt>
      <trkpt lat="48.22724167" lon="22.11609">
        <ele>145.6</ele>
        <time>2025-07-10T06:31:38Z</time>
      </trkpt>
      <trkpt lat="48.22726333" lon="22.11586333">
        <ele>146.7</ele>
        <time>2025-07-10T06:31:39Z</time>
      </trkpt>
      <trkpt lat="48.2273" lon="22.11562667">
        <ele>147.4</ele>
        <time>2025-07-10T06:31:40Z</time>
      </trkpt>
      <trkpt lat="48.22733167" lon="22.11539">
        <ele>147.9</ele>
        <time>2025-07-10T06:31:41Z</time>
      </trkpt>
      <trkpt lat="48.22736167" lon="22.11516">
        <ele>148.5</ele>
        <time>2025-07-10T06:31:42Z</time>
      </trkpt>
      <trkpt lat="48.22738833" lon="22.11492667">
        <ele>149</ele>
        <time>2025-07-10T06:31:43Z</time>
      </trkpt>
      <trkpt lat="48.22741167" lon="22.114695">
        <ele>148.7</ele>
        <time>2025-07-10T06:31:44Z</time>
      </trkpt>
      <trkpt lat="48.22743833" lon="22.11445833">
        <ele>148.9</ele>
        <time>2025-07-10T06:31:45Z</time>
      </trkpt>
      <trkpt lat="48.22746167" lon="22.11422833">
        <ele>149.1</ele>
        <time>2025-07-10T06:31:46Z</time>
      </trkpt>
      <trkpt lat="48.22749167" lon="22.11398167">
        <ele>149.3</ele>
        <time>2025-07-10T06:31:47Z</time>
      </trkpt>
      <trkpt lat="48.22752333" lon="22.11375">
        <ele>149.1</ele>
        <time>2025-07-10T06:31:48Z</time>
      </trkpt>
      <trkpt lat="48.22755333" lon="22.11351167">
        <ele>147.9</ele>
        <time>2025-07-10T06:31:49Z</time>
      </trkpt>
      <trkpt lat="48.22758667" lon="22.11328167">
        <ele>147.8</ele>
        <time>2025-07-10T06:31:50Z</time>
      </trkpt>
      <trkpt lat="48.22761667" lon="22.11305333">
        <ele>147.4</ele>
        <time>2025-07-10T06:31:51Z</time>
      </trkpt>
      <trkpt lat="48.22764333" lon="22.11281167">
        <ele>147.8</ele>
        <time>2025-07-10T06:31:52Z</time>
      </trkpt>
      <trkpt lat="48.22768" lon="22.11257">
        <ele>147.6</ele>
        <time>2025-07-10T06:31:53Z</time>
      </trkpt>
      <trkpt lat="48.22770833" lon="22.11233333">
        <ele>147.6</ele>
        <time>2025-07-10T06:31:54Z</time>
      </trkpt>
      <trkpt lat="48.22774" lon="22.11208667">
        <ele>148</ele>
        <time>2025-07-10T06:31:55Z</time>
      </trkpt>
      <trkpt lat="48.22777667" lon="22.11184">
        <ele>148.7</ele>
        <time>2025-07-10T06:31:56Z</time>
      </trkpt>
      <trkpt lat="48.227815" lon="22.11160667">
        <ele>149.7</ele>
        <time>2025-07-10T06:31:57Z</time>
      </trkpt>
      <trkpt lat="48.22784667" lon="22.11137167">
        <ele>149.5</ele>
        <time>2025-07-10T06:31:58Z</time>
      </trkpt>
      <trkpt lat="48.227875" lon="22.11113333">
        <ele>148.8</ele>
        <time>2025-07-10T06:31:59Z</time>
      </trkpt>
      <trkpt lat="48.2279" lon="22.11089833">
        <ele>149.3</ele>
        <time>2025-07-10T06:32:00Z</time>
      </trkpt>
      <trkpt lat="48.22792667" lon="22.11066333">
        <ele>149.8</ele>
        <time>2025-07-10T06:32:01Z</time>
      </trkpt>
      <trkpt lat="48.22795333" lon="22.110435">
        <ele>149.7</ele>
        <time>2025-07-10T06:32:02Z</time>
      </trkpt>
      <trkpt lat="48.22798167" lon="22.11020333">
        <ele>149.4</ele>
        <time>2025-07-10T06:32:03Z</time>
      </trkpt>
      <trkpt lat="48.22800833" lon="22.10997833">
        <ele>149.4</ele>
        <time>2025-07-10T06:32:04Z</time>
      </trkpt>
      <trkpt lat="48.22803833" lon="22.10974833">
        <ele>150.1</ele>
        <time>2025-07-10T06:32:05Z</time>
      </trkpt>
      <trkpt lat="48.22806833" lon="22.10951667">
        <ele>151</ele>
        <time>2025-07-10T06:32:06Z</time>
      </trkpt>
      <trkpt lat="48.228105" lon="22.10928833">
        <ele>151.1</ele>
        <time>2025-07-10T06:32:07Z</time>
      </trkpt>
      <trkpt lat="48.22813667" lon="22.10906333">
        <ele>150.6</ele>
        <time>2025-07-10T06:32:08Z</time>
      </trkpt>
      <trkpt lat="48.22817" lon="22.10885167">
        <ele>149.8</ele>
        <time>2025-07-10T06:32:09Z</time>
      </trkpt>
      <trkpt lat="48.22820833" lon="22.10864333">
        <ele>149.2</ele>
        <time>2025-07-10T06:32:10Z</time>
      </trkpt>
      <trkpt lat="48.22823333" lon="22.10843667">
        <ele>149.6</ele>
        <time>2025-07-10T06:32:11Z</time>
      </trkpt>
      <trkpt lat="48.228265" lon="22.10823">
        <ele>150.7</ele>
        <time>2025-07-10T06:32:12Z</time>
      </trkpt>
      <trkpt lat="48.22828667" lon="22.10802667">
        <ele>151.4</ele>
        <time>2025-07-10T06:32:13Z</time>
      </trkpt>
      <trkpt lat="48.22830667" lon="22.10781833">
        <ele>151.9</ele>
        <time>2025-07-10T06:32:14Z</time>
      </trkpt>
      <trkpt lat="48.228335" lon="22.10763333">
        <ele>151.3</ele>
        <time>2025-07-10T06:32:15Z</time>
      </trkpt>
      <trkpt lat="48.22835333" lon="22.10743333">
        <ele>150.2</ele>
        <time>2025-07-10T06:32:16Z</time>
      </trkpt>
      <trkpt lat="48.22837667" lon="22.10726">
        <ele>150.1</ele>
        <time>2025-07-10T06:32:17Z</time>
      </trkpt>
      <trkpt lat="48.22839667" lon="22.10708333">
        <ele>149.5</ele>
        <time>2025-07-10T06:32:18Z</time>
      </trkpt>
      <trkpt lat="48.22841667" lon="22.10691333">
        <ele>149.8</ele>
        <time>2025-07-10T06:32:19Z</time>
      </trkpt>
      <trkpt lat="48.22842833" lon="22.10675">
        <ele>150</ele>
        <time>2025-07-10T06:32:20Z</time>
      </trkpt>
      <trkpt lat="48.22845" lon="22.10660833">
        <ele>150.2</ele>
        <time>2025-07-10T06:32:21Z</time>
      </trkpt>
      <trkpt lat="48.22847167" lon="22.106475">
        <ele>150.5</ele>
        <time>2025-07-10T06:32:22Z</time>
      </trkpt>
      <trkpt lat="48.22851667" lon="22.10625333">
        <ele>149.9</ele>
        <time>2025-07-10T06:32:24Z</time>
      </trkpt>
      <trkpt lat="48.22856" lon="22.10612333">
        <ele>149.2</ele>
        <time>2025-07-10T06:32:26Z</time>
      </trkpt>
      <trkpt lat="48.228635" lon="22.10597667">
        <ele>148.9</ele>
        <time>2025-07-10T06:32:29Z</time>
      </trkpt>
      <trkpt lat="48.22862833" lon="22.10578">
        <ele>149.1</ele>
        <time>2025-07-10T06:32:32Z</time>
      </trkpt>
      <trkpt lat="48.22860333" lon="22.10561833">
        <ele>149.4</ele>
        <time>2025-07-10T06:32:34Z</time>
      </trkpt>
      <trkpt lat="48.22860667" lon="22.10541667">
        <ele>150.4</ele>
        <time>2025-07-10T06:32:36Z</time>
      </trkpt>
      <trkpt lat="48.22862833" lon="22.10520333">
        <ele>150.2</ele>
        <time>2025-07-10T06:32:38Z</time>
      </trkpt>
      <trkpt lat="48.22866833" lon="22.104945">
        <ele>149.3</ele>
        <time>2025-07-10T06:32:40Z</time>
      </trkpt>
      <trkpt lat="48.22868667" lon="22.10481">
        <ele>148.5</ele>
        <time>2025-07-10T06:32:41Z</time>
      </trkpt>
      <trkpt lat="48.228705" lon="22.10467167">
        <ele>149.2</ele>
        <time>2025-07-10T06:32:42Z</time>
      </trkpt>
      <trkpt lat="48.22871667" lon="22.10453167">
        <ele>148.7</ele>
        <time>2025-07-10T06:32:43Z</time>
      </trkpt>
      <trkpt lat="48.22873" lon="22.10438833">
        <ele>148.5</ele>
        <time>2025-07-10T06:32:44Z</time>
      </trkpt>
      <trkpt lat="48.228755" lon="22.10423167">
        <ele>148.4</ele>
        <time>2025-07-10T06:32:45Z</time>
      </trkpt>
      <trkpt lat="48.22877333" lon="22.10407833">
        <ele>149.2</ele>
        <time>2025-07-10T06:32:46Z</time>
      </trkpt>
      <trkpt lat="48.22879667" lon="22.10391667">
        <ele>149.6</ele>
        <time>2025-07-10T06:32:47Z</time>
      </trkpt>
      <trkpt lat="48.228815" lon="22.10374833">
        <ele>149.7</ele>
        <time>2025-07-10T06:32:48Z</time>
      </trkpt>
      <trkpt lat="48.228835" lon="22.10357167">
        <ele>150.7</ele>
        <time>2025-07-10T06:32:49Z</time>
      </trkpt>
      <trkpt lat="48.22885333" lon="22.10339333">
        <ele>150.5</ele>
        <time>2025-07-10T06:32:50Z</time>
      </trkpt>
      <trkpt lat="48.228875" lon="22.10321667">
        <ele>150.6</ele>
        <time>2025-07-10T06:32:51Z</time>
      </trkpt>
      <trkpt lat="48.228905" lon="22.10304">
        <ele>150.4</ele>
        <time>2025-07-10T06:32:52Z</time>
      </trkpt>
      <trkpt lat="48.22893" lon="22.10285833">
        <ele>150</ele>
        <time>2025-07-10T06:32:53Z</time>
      </trkpt>
      <trkpt lat="48.22895" lon="22.10267167">
        <ele>151.2</ele>
        <time>2025-07-10T06:32:54Z</time>
      </trkpt>
      <trkpt lat="48.22897333" lon="22.102485">
        <ele>151.2</ele>
        <time>2025-07-10T06:32:55Z</time>
      </trkpt>
      <trkpt lat="48.228995" lon="22.1023">
        <ele>150.8</ele>
        <time>2025-07-10T06:32:56Z</time>
      </trkpt>
      <trkpt lat="48.22902" lon="22.102115">
        <ele>150.7</ele>
        <time>2025-07-10T06:32:57Z</time>
      </trkpt>
      <trkpt lat="48.22905" lon="22.10192833">
        <ele>150.3</ele>
        <time>2025-07-10T06:32:58Z</time>
      </trkpt>
      <trkpt lat="48.22907333" lon="22.10174667">
        <ele>149</ele>
        <time>2025-07-10T06:32:59Z</time>
      </trkpt>
      <trkpt lat="48.2291" lon="22.10155167">
        <ele>148.8</ele>
        <time>2025-07-10T06:33:00Z</time>
      </trkpt>
      <trkpt lat="48.229125" lon="22.10136833">
        <ele>148.6</ele>
        <time>2025-07-10T06:33:01Z</time>
      </trkpt>
      <trkpt lat="48.22914" lon="22.10118833">
        <ele>148.7</ele>
        <time>2025-07-10T06:33:02Z</time>
      </trkpt>
      <trkpt lat="48.229165" lon="22.10101">
        <ele>147.8</ele>
        <time>2025-07-10T06:33:03Z</time>
      </trkpt>
      <trkpt lat="48.22918333" lon="22.10082167">
        <ele>147.9</ele>
        <time>2025-07-10T06:33:04Z</time>
      </trkpt>
      <trkpt lat="48.22921167" lon="22.10063167">
        <ele>149.2</ele>
        <time>2025-07-10T06:33:05Z</time>
      </trkpt>
      <trkpt lat="48.22923833" lon="22.100445">
        <ele>149.6</ele>
        <time>2025-07-10T06:33:06Z</time>
      </trkpt>
      <trkpt lat="48.22926" lon="22.100255">
        <ele>149.9</ele>
        <time>2025-07-10T06:33:07Z</time>
      </trkpt>
      <trkpt lat="48.22928833" lon="22.10006667">
        <ele>149.8</ele>
        <time>2025-07-10T06:33:08Z</time>
      </trkpt>
      <trkpt lat="48.22931" lon="22.09988">
        <ele>149.9</ele>
        <time>2025-07-10T06:33:09Z</time>
      </trkpt>
      <trkpt lat="48.22934167" lon="22.099695">
        <ele>148.7</ele>
        <time>2025-07-10T06:33:10Z</time>
      </trkpt>
      <trkpt lat="48.22936667" lon="22.09951">
        <ele>147.5</ele>
        <time>2025-07-10T06:33:11Z</time>
      </trkpt>
      <trkpt lat="48.22938833" lon="22.09932333">
        <ele>147.6</ele>
        <time>2025-07-10T06:33:12Z</time>
      </trkpt>
      <trkpt lat="48.22940833" lon="22.09912833">
        <ele>147.6</ele>
        <time>2025-07-10T06:33:13Z</time>
      </trkpt>
      <trkpt lat="48.22943" lon="22.09892833">
        <ele>147.6</ele>
        <time>2025-07-10T06:33:14Z</time>
      </trkpt>
      <trkpt lat="48.22945333" lon="22.09874333">
        <ele>147.4</ele>
        <time>2025-07-10T06:33:15Z</time>
      </trkpt>
      <trkpt lat="48.22948" lon="22.09855667">
        <ele>147.1</ele>
        <time>2025-07-10T06:33:16Z</time>
      </trkpt>
      <trkpt lat="48.22951" lon="22.09837667">
        <ele>146.7</ele>
        <time>2025-07-10T06:33:17Z</time>
      </trkpt>
      <trkpt lat="48.22953333" lon="22.09819667">
        <ele>146.6</ele>
        <time>2025-07-10T06:33:18Z</time>
      </trkpt>
      <trkpt lat="48.22955" lon="22.09802167">
        <ele>147.1</ele>
        <time>2025-07-10T06:33:19Z</time>
      </trkpt>
      <trkpt lat="48.22957" lon="22.09785667">
        <ele>146.6</ele>
        <time>2025-07-10T06:33:20Z</time>
      </trkpt>
      <trkpt lat="48.22959" lon="22.09769667">
        <ele>146.6</ele>
        <time>2025-07-10T06:33:21Z</time>
      </trkpt>
      <trkpt lat="48.22961" lon="22.09754667">
        <ele>146.3</ele>
        <time>2025-07-10T06:33:22Z</time>
      </trkpt>
      <trkpt lat="48.229625" lon="22.09741167">
        <ele>146</ele>
        <time>2025-07-10T06:33:23Z</time>
      </trkpt>
      <trkpt lat="48.22965333" lon="22.09716667">
        <ele>145.9</ele>
        <time>2025-07-10T06:33:25Z</time>
      </trkpt>
      <trkpt lat="48.229685" lon="22.09699333">
        <ele>145.5</ele>
        <time>2025-07-10T06:33:27Z</time>
      </trkpt>
      <trkpt lat="48.22974167" lon="22.09687">
        <ele>145.6</ele>
        <time>2025-07-10T06:33:30Z</time>
      </trkpt>
      <trkpt lat="48.22983833" lon="22.09680667">
        <ele>145.8</ele>
        <time>2025-07-10T06:33:34Z</time>
      </trkpt>
      <trkpt lat="48.22993333" lon="22.09677167">
        <ele>146.2</ele>
        <time>2025-07-10T06:33:37Z</time>
      </trkpt>
      <trkpt lat="48.23000167" lon="22.09665667">
        <ele>146.7</ele>
        <time>2025-07-10T06:33:40Z</time>
      </trkpt>
      <trkpt lat="48.22998333" lon="22.09649167">
        <ele>147.2</ele>
        <time>2025-07-10T06:33:43Z</time>
      </trkpt>
      <trkpt lat="48.22989333" lon="22.09634667">
        <ele>146.4</ele>
        <time>2025-07-10T06:33:46Z</time>
      </trkpt>
      <trkpt lat="48.22984833" lon="22.09621833">
        <ele>146.5</ele>
        <time>2025-07-10T06:33:48Z</time>
      </trkpt>
      <trkpt lat="48.22980333" lon="22.09608333">
        <ele>147</ele>
        <time>2025-07-10T06:33:50Z</time>
      </trkpt>
      <trkpt lat="48.22975167" lon="22.09592167">
        <ele>146.8</ele>
        <time>2025-07-10T06:33:52Z</time>
      </trkpt>
      <trkpt lat="48.229695" lon="22.09573833">
        <ele>146.8</ele>
        <time>2025-07-10T06:33:54Z</time>
      </trkpt>
      <trkpt lat="48.229635" lon="22.09554">
        <ele>146.5</ele>
        <time>2025-07-10T06:33:56Z</time>
      </trkpt>
      <trkpt lat="48.22957167" lon="22.09532667">
        <ele>147</ele>
        <time>2025-07-10T06:33:58Z</time>
      </trkpt>
      <trkpt lat="48.22950833" lon="22.09511667">
        <ele>147.8</ele>
        <time>2025-07-10T06:34:00Z</time>
      </trkpt>
      <trkpt lat="48.22945167" lon="22.094915">
        <ele>148.7</ele>
        <time>2025-07-10T06:34:02Z</time>
      </trkpt>
      <trkpt lat="48.22938833" lon="22.09470333">
        <ele>149.5</ele>
        <time>2025-07-10T06:34:04Z</time>
      </trkpt>
      <trkpt lat="48.22933167" lon="22.09449667">
        <ele>150.8</ele>
        <time>2025-07-10T06:34:06Z</time>
      </trkpt>
      <trkpt lat="48.22928" lon="22.09429">
        <ele>151.4</ele>
        <time>2025-07-10T06:34:08Z</time>
      </trkpt>
      <trkpt lat="48.22922667" lon="22.09408833">
        <ele>151.5</ele>
        <time>2025-07-10T06:34:10Z</time>
      </trkpt>
      <trkpt lat="48.22917333" lon="22.09390667">
        <ele>151.5</ele>
        <time>2025-07-10T06:34:12Z</time>
      </trkpt>
      <trkpt lat="48.22912667" lon="22.09375">
        <ele>151.9</ele>
        <time>2025-07-10T06:34:14Z</time>
      </trkpt>
      <trkpt lat="48.22908333" lon="22.09360333">
        <ele>153.2</ele>
        <time>2025-07-10T06:34:16Z</time>
      </trkpt>
      <trkpt lat="48.229035" lon="22.09343333">
        <ele>154.4</ele>
        <time>2025-07-10T06:34:19Z</time>
      </trkpt>
      <trkpt lat="48.22899333" lon="22.0933">
        <ele>152.2</ele>
        <time>2025-07-10T06:35:49Z</time>
      </trkpt>
      <trkpt lat="48.22895833" lon="22.093165">
        <ele>151.5</ele>
        <time>2025-07-10T06:35:53Z</time>
      </trkpt>
      <trkpt lat="48.228905" lon="22.09295167">
        <ele>150.9</ele>
        <time>2025-07-10T06:35:57Z</time>
      </trkpt>
      <trkpt lat="48.22885" lon="22.09276333">
        <ele>148.8</ele>
        <time>2025-07-10T06:36:00Z</time>
      </trkpt>
      <trkpt lat="48.228815" lon="22.09262833">
        <ele>146.7</ele>
        <time>2025-07-10T06:36:02Z</time>
      </trkpt>
      <trkpt lat="48.22877" lon="22.09250833">
        <ele>146.3</ele>
        <time>2025-07-10T06:36:04Z</time>
      </trkpt>
      <trkpt lat="48.22872" lon="22.092335">
        <ele>145.4</ele>
        <time>2025-07-10T06:36:07Z</time>
      </trkpt>
      <trkpt lat="48.22867833" lon="22.09218667">
        <ele>146</ele>
        <time>2025-07-10T06:36:10Z</time>
      </trkpt>
      <trkpt lat="48.22863333" lon="22.09200167">
        <ele>146.2</ele>
        <time>2025-07-10T06:36:13Z</time>
      </trkpt>
      <trkpt lat="48.22859667" lon="22.09187167">
        <ele>146.6</ele>
        <time>2025-07-10T06:36:15Z</time>
      </trkpt>
      <trkpt lat="48.22855667" lon="22.09174">
        <ele>147.5</ele>
        <time>2025-07-10T06:36:17Z</time>
      </trkpt>
      <trkpt lat="48.228515" lon="22.091595">
        <ele>147.9</ele>
        <time>2025-07-10T06:36:20Z</time>
      </trkpt>
      <trkpt lat="48.22847333" lon="22.09146">
        <ele>147.1</ele>
        <time>2025-07-10T06:36:47Z</time>
      </trkpt>
      <trkpt lat="48.22842833" lon="22.09133333">
        <ele>146.2</ele>
        <time>2025-07-10T06:36:50Z</time>
      </trkpt>
      <trkpt lat="48.22838833" lon="22.0912">
        <ele>146.5</ele>
        <time>2025-07-10T06:36:52Z</time>
      </trkpt>
      <trkpt lat="48.22834667" lon="22.09102833">
        <ele>146.9</ele>
        <time>2025-07-10T06:36:54Z</time>
      </trkpt>
      <trkpt lat="48.22828" lon="22.090835">
        <ele>147.6</ele>
        <time>2025-07-10T06:36:56Z</time>
      </trkpt>
      <trkpt lat="48.228195" lon="22.09060333">
        <ele>148.6</ele>
        <time>2025-07-10T06:36:58Z</time>
      </trkpt>
      <trkpt lat="48.228155" lon="22.09048">
        <ele>148.5</ele>
        <time>2025-07-10T06:36:59Z</time>
      </trkpt>
      <trkpt lat="48.22812" lon="22.09035167">
        <ele>148.2</ele>
        <time>2025-07-10T06:37:00Z</time>
      </trkpt>
      <trkpt lat="48.22808667" lon="22.09021333">
        <ele>148</ele>
        <time>2025-07-10T06:37:01Z</time>
      </trkpt>
      <trkpt lat="48.22805333" lon="22.09007167">
        <ele>148</ele>
        <time>2025-07-10T06:37:02Z</time>
      </trkpt>
      <trkpt lat="48.22801667" lon="22.089935">
        <ele>148.1</ele>
        <time>2025-07-10T06:37:03Z</time>
      </trkpt>
      <trkpt lat="48.22797833" lon="22.08979833">
        <ele>148.2</ele>
        <time>2025-07-10T06:37:04Z</time>
      </trkpt>
      <trkpt lat="48.22791333" lon="22.08958333">
        <ele>147.9</ele>
        <time>2025-07-10T06:37:06Z</time>
      </trkpt>
      <trkpt lat="48.22787833" lon="22.08943167">
        <ele>147.3</ele>
        <time>2025-07-10T06:37:08Z</time>
      </trkpt>
      <trkpt lat="48.22783167" lon="22.08930333">
        <ele>147.4</ele>
        <time>2025-07-10T06:37:13Z</time>
      </trkpt>
      <trkpt lat="48.22778" lon="22.08913667">
        <ele>147.8</ele>
        <time>2025-07-10T06:37:16Z</time>
      </trkpt>
      <trkpt lat="48.22773167" lon="22.08897333">
        <ele>147.7</ele>
        <time>2025-07-10T06:37:18Z</time>
      </trkpt>
      <trkpt lat="48.227675" lon="22.08877167">
        <ele>146.6</ele>
        <time>2025-07-10T06:37:20Z</time>
      </trkpt>
      <trkpt lat="48.22761" lon="22.088545">
        <ele>146.5</ele>
        <time>2025-07-10T06:37:22Z</time>
      </trkpt>
      <trkpt lat="48.22757667" lon="22.08841833">
        <ele>146.5</ele>
        <time>2025-07-10T06:37:23Z</time>
      </trkpt>
      <trkpt lat="48.227545" lon="22.08828333">
        <ele>146.5</ele>
        <time>2025-07-10T06:37:24Z</time>
      </trkpt>
      <trkpt lat="48.22750833" lon="22.08814167">
        <ele>146.5</ele>
        <time>2025-07-10T06:37:25Z</time>
      </trkpt>
      <trkpt lat="48.22746667" lon="22.088005">
        <ele>146.7</ele>
        <time>2025-07-10T06:37:26Z</time>
      </trkpt>
      <trkpt lat="48.22743" lon="22.08787333">
        <ele>146.8</ele>
        <time>2025-07-10T06:37:27Z</time>
      </trkpt>
      <trkpt lat="48.22739333" lon="22.08773667">
        <ele>146.7</ele>
        <time>2025-07-10T06:37:28Z</time>
      </trkpt>
      <trkpt lat="48.22735667" lon="22.08759833">
        <ele>145.9</ele>
        <time>2025-07-10T06:37:29Z</time>
      </trkpt>
      <trkpt lat="48.227315" lon="22.08746667">
        <ele>146.4</ele>
        <time>2025-07-10T06:37:30Z</time>
      </trkpt>
      <trkpt lat="48.22728167" lon="22.087335">
        <ele>146.9</ele>
        <time>2025-07-10T06:37:31Z</time>
      </trkpt>
      <trkpt lat="48.227245" lon="22.08720667">
        <ele>147.3</ele>
        <time>2025-07-10T06:37:32Z</time>
      </trkpt>
      <trkpt lat="48.227165" lon="22.08699">
        <ele>147.9</ele>
        <time>2025-07-10T06:37:34Z</time>
      </trkpt>
      <trkpt lat="48.22710333" lon="22.0868">
        <ele>147.6</ele>
        <time>2025-07-10T06:37:36Z</time>
      </trkpt>
      <trkpt lat="48.22705667" lon="22.08664167">
        <ele>147.9</ele>
        <time>2025-07-10T06:37:38Z</time>
      </trkpt>
      <trkpt lat="48.227025" lon="22.08650333">
        <ele>147.8</ele>
        <time>2025-07-10T06:37:40Z</time>
      </trkpt>
      <trkpt lat="48.22699833" lon="22.08636167">
        <ele>147.6</ele>
        <time>2025-07-10T06:37:43Z</time>
      </trkpt>
      <trkpt lat="48.22680833" lon="22.086145">
        <ele>208.8</ele>
        <time>2025-07-10T06:38:09Z</time>
      </trkpt>
      <trkpt lat="48.22681833" lon="22.08600833">
        <ele>188.9</ele>
        <time>2025-07-10T06:38:12Z</time>
      </trkpt>
      <trkpt lat="48.226785" lon="22.08580333">
        <ele>175.6</ele>
        <time>2025-07-10T06:38:15Z</time>
      </trkpt>
      <trkpt lat="48.22675" lon="22.08567167">
        <ele>169.5</ele>
        <time>2025-07-10T06:38:17Z</time>
      </trkpt>
      <trkpt lat="48.22672" lon="22.08547333">
        <ele>161.1</ele>
        <time>2025-07-10T06:38:20Z</time>
      </trkpt>
      <trkpt lat="48.226705" lon="22.08532833">
        <ele>155.1</ele>
        <time>2025-07-10T06:38:23Z</time>
      </trkpt>
      <trkpt lat="48.226765" lon="22.08516">
        <ele>151.1</ele>
        <time>2025-07-10T06:38:26Z</time>
      </trkpt>
      <trkpt lat="48.22682333" lon="22.08502333">
        <ele>149.3</ele>
        <time>2025-07-10T06:38:28Z</time>
      </trkpt>
      <trkpt lat="48.22682833" lon="22.08488">
        <ele>148.4</ele>
        <time>2025-07-10T06:38:30Z</time>
      </trkpt>
      <trkpt lat="48.22678333" lon="22.08473667">
        <ele>146.9</ele>
        <time>2025-07-10T06:38:32Z</time>
      </trkpt>
      <trkpt lat="48.22668" lon="22.08464167">
        <ele>146.2</ele>
        <time>2025-07-10T06:38:34Z</time>
      </trkpt>
      <trkpt lat="48.22655167" lon="22.084595">
        <ele>143.9</ele>
        <time>2025-07-10T06:38:36Z</time>
      </trkpt>
      <trkpt lat="48.22644333" lon="22.08452667">
        <ele>142.8</ele>
        <time>2025-07-10T06:38:38Z</time>
      </trkpt>
      <trkpt lat="48.22636667" lon="22.08441667">
        <ele>141.9</ele>
        <time>2025-07-10T06:38:40Z</time>
      </trkpt>
      <trkpt lat="48.22632167" lon="22.08424667">
        <ele>142.2</ele>
        <time>2025-07-10T06:38:42Z</time>
      </trkpt>
      <trkpt lat="48.226325" lon="22.08403167">
        <ele>141.9</ele>
        <time>2025-07-10T06:38:44Z</time>
      </trkpt>
      <trkpt lat="48.22632333" lon="22.08377167">
        <ele>142.4</ele>
        <time>2025-07-10T06:38:46Z</time>
      </trkpt>
      <trkpt lat="48.22632" lon="22.08363333">
        <ele>142</ele>
        <time>2025-07-10T06:38:47Z</time>
      </trkpt>
      <trkpt lat="48.22631333" lon="22.08349833">
        <ele>142</ele>
        <time>2025-07-10T06:38:48Z</time>
      </trkpt>
      <trkpt lat="48.22630333" lon="22.08335667">
        <ele>141.9</ele>
        <time>2025-07-10T06:38:49Z</time>
      </trkpt>
      <trkpt lat="48.22628833" lon="22.08321">
        <ele>143</ele>
        <time>2025-07-10T06:38:50Z</time>
      </trkpt>
      <trkpt lat="48.22627667" lon="22.08305667">
        <ele>143.4</ele>
        <time>2025-07-10T06:38:51Z</time>
      </trkpt>
      <trkpt lat="48.226265" lon="22.082895">
        <ele>143.3</ele>
        <time>2025-07-10T06:38:52Z</time>
      </trkpt>
      <trkpt lat="48.22625667" lon="22.08273833">
        <ele>143.5</ele>
        <time>2025-07-10T06:38:53Z</time>
      </trkpt>
      <trkpt lat="48.22624833" lon="22.08258">
        <ele>143.5</ele>
        <time>2025-07-10T06:38:54Z</time>
      </trkpt>
      <trkpt lat="48.22624" lon="22.08241667">
        <ele>143.6</ele>
        <time>2025-07-10T06:38:55Z</time>
      </trkpt>
      <trkpt lat="48.22624167" lon="22.08224833">
        <ele>143.2</ele>
        <time>2025-07-10T06:38:56Z</time>
      </trkpt>
      <trkpt lat="48.22623333" lon="22.08207333">
        <ele>143.8</ele>
        <time>2025-07-10T06:38:57Z</time>
      </trkpt>
      <trkpt lat="48.22622833" lon="22.08190667">
        <ele>143.9</ele>
        <time>2025-07-10T06:38:58Z</time>
      </trkpt>
      <trkpt lat="48.226225" lon="22.08174333">
        <ele>144.7</ele>
        <time>2025-07-10T06:38:59Z</time>
      </trkpt>
      <trkpt lat="48.226215" lon="22.08158667">
        <ele>144.9</ele>
        <time>2025-07-10T06:39:00Z</time>
      </trkpt>
      <trkpt lat="48.22620667" lon="22.08143167">
        <ele>145.7</ele>
        <time>2025-07-10T06:39:01Z</time>
      </trkpt>
      <trkpt lat="48.22619833" lon="22.08126833">
        <ele>146.9</ele>
        <time>2025-07-10T06:39:02Z</time>
      </trkpt>
      <trkpt lat="48.22619333" lon="22.081125">
        <ele>146.4</ele>
        <time>2025-07-10T06:39:03Z</time>
      </trkpt>
      <trkpt lat="48.226185" lon="22.08097833">
        <ele>145.7</ele>
        <time>2025-07-10T06:39:04Z</time>
      </trkpt>
      <trkpt lat="48.22617167" lon="22.08082833">
        <ele>145.7</ele>
        <time>2025-07-10T06:39:05Z</time>
      </trkpt>
      <trkpt lat="48.226165" lon="22.08067833">
        <ele>145.5</ele>
        <time>2025-07-10T06:39:06Z</time>
      </trkpt>
      <trkpt lat="48.22616333" lon="22.08054333">
        <ele>145.1</ele>
        <time>2025-07-10T06:39:07Z</time>
      </trkpt>
      <trkpt lat="48.22615667" lon="22.08040833">
        <ele>145.5</ele>
        <time>2025-07-10T06:39:08Z</time>
      </trkpt>
      <trkpt lat="48.226145" lon="22.08019167">
        <ele>146.3</ele>
        <time>2025-07-10T06:39:10Z</time>
      </trkpt>
      <trkpt lat="48.22612833" lon="22.080045">
        <ele>145.8</ele>
        <time>2025-07-10T06:39:17Z</time>
      </trkpt>
      <trkpt lat="48.22612333" lon="22.07986833">
        <ele>146</ele>
        <time>2025-07-10T06:39:21Z</time>
      </trkpt>
      <trkpt lat="48.22614833" lon="22.07973">
        <ele>147.1</ele>
        <time>2025-07-10T06:39:24Z</time>
      </trkpt>
    </trkseg>
  </trk>
</gpx>