<?xml version='1.0' encoding='UTF-8' standalone='yes' ?>
<gpx xmlns="http://www.topografix.com/GPX/1/1" xmlns:geotracker="http://ilyabogdanovich.com/gpx/extensions/geotracker" xmlns:xsi="http://www.w3.org/2001/XMLSchema-instance" xsi:schemaLocation="http://www.topografix.com/GPX/1/1 http://www.topografix.com/GPX/1/1/gpx.xsd" version="1.1" creator="Recorded in Geo Tracker for Android from Ilya Bogdanovich">
  <metadata>
    <name>b_0709_01</name>
    <author>
      <name>Recorded in Geo Tracker for Android from Ilya Bogdanovich</name>
      <link href="https://play.google.com/store/apps/details?id=com.ilyabogdanovich.geotracker" />
    </author>
    <link href="https://play.google.com/store/apps/details?id=com.ilyabogdanovich.geotracker" />
    <time>2025-07-09T12:47:39Z</time>
  </metadata>
  <trk>
    <name>b_0709_01</name>
    <src>Recorded in Geo Tracker for Android from Ilya Bogdanovich</src>
    <link href="https://play.google.com/store/apps/details?id=com.ilyabogdanovich.geotracker" />
    <extensions>
      <geotracker:meta>
        <geotracker:length>38766.09</geotracker:length>
        <geotracker:duration>4059780</geotracker:duration>
        <geotracker:creationtime>2025-07-09T12:47:39Z</geotracker:creationtime>
        <geotracker:activity>0</geotracker:activity>
      </geotracker:meta>
    </extensions>
    <trkseg>
      <trkpt lat="48.10413" lon="22.78279833">
        <ele>184.9</ele>
        <time>2025-07-09T12:47:45Z</time>
      </trkpt>
      <trkpt lat="48.10415667" lon="22.78276167">
        <ele>155.9</ele>
        <time>2025-07-09T12:51:26Z</time>
      </trkpt>
      <trkpt lat="48.10415667" lon="22.78276167">
        <ele>155.9</ele>
        <time>2025-07-09T12:53:27Z</time>
      </trkpt>
      <trkpt lat="48.10409" lon="22.78285833">
        <ele>151.8</ele>
        <time>2025-07-09T12:54:23Z</time>
      </trkpt>
      <trkpt lat="48.10411167" lon="22.78267333">
        <ele>150.2</ele>
        <time>2025-07-09T12:54:54Z</time>
      </trkpt>
      <trkpt lat="48.10413" lon="22.78252167">
        <ele>150.3</ele>
        <time>2025-07-09T12:54:56Z</time>
      </trkpt>
      <trkpt lat="48.10416667" lon="22.78230833">
        <ele>151</ele>
        <time>2025-07-09T12:54:58Z</time>
      </trkpt>
      <trkpt lat="48.10420333" lon="22.78207">
        <ele>152.2</ele>
        <time>2025-07-09T12:55:00Z</time>
      </trkpt>
      <trkpt lat="48.104225" lon="22.78181333">
        <ele>151.9</ele>
        <time>2025-07-09T12:55:02Z</time>
      </trkpt>
      <trkpt lat="48.10422667" lon="22.78167">
        <ele>152.5</ele>
        <time>2025-07-09T12:55:03Z</time>
      </trkpt>
      <trkpt lat="48.10422833" lon="22.781525">
        <ele>153</ele>
        <time>2025-07-09T12:55:04Z</time>
      </trkpt>
      <trkpt lat="48.10423167" lon="22.78137833">
        <ele>153.3</ele>
        <time>2025-07-09T12:55:05Z</time>
      </trkpt>
      <trkpt lat="48.10423167" lon="22.78122167">
        <ele>154</ele>
        <time>2025-07-09T12:55:06Z</time>
      </trkpt>
      <trkpt lat="48.10422667" lon="22.78105667">
        <ele>154.2</ele>
        <time>2025-07-09T12:55:07Z</time>
      </trkpt>
      <trkpt lat="48.10421833" lon="22.780905">
        <ele>155.4</ele>
        <time>2025-07-09T12:55:08Z</time>
      </trkpt>
      <trkpt lat="48.10421" lon="22.780755">
        <ele>155.4</ele>
        <time>2025-07-09T12:55:09Z</time>
      </trkpt>
      <trkpt lat="48.1042" lon="22.78060167">
        <ele>154.7</ele>
        <time>2025-07-09T12:55:10Z</time>
      </trkpt>
      <trkpt lat="48.10418667" lon="22.78044333">
        <ele>154.5</ele>
        <time>2025-07-09T12:55:11Z</time>
      </trkpt>
      <trkpt lat="48.10418167" lon="22.78027833">
        <ele>153.8</ele>
        <time>2025-07-09T12:55:12Z</time>
      </trkpt>
      <trkpt lat="48.10417667" lon="22.78011167">
        <ele>153.4</ele>
        <time>2025-07-09T12:55:13Z</time>
      </trkpt>
      <trkpt lat="48.10417667" lon="22.77994333">
        <ele>153.5</ele>
        <time>2025-07-09T12:55:14Z</time>
      </trkpt>
      <trkpt lat="48.10417333" lon="22.779785">
        <ele>153.5</ele>
        <time>2025-07-09T12:55:15Z</time>
      </trkpt>
      <trkpt lat="48.10416833" lon="22.779635">
        <ele>153.3</ele>
        <time>2025-07-09T12:55:16Z</time>
      </trkpt>
      <trkpt lat="48.10416833" lon="22.779495">
        <ele>153.4</ele>
        <time>2025-07-09T12:55:17Z</time>
      </trkpt>
      <trkpt lat="48.10416833" lon="22.77935167">
        <ele>153</ele>
        <time>2025-07-09T12:55:18Z</time>
      </trkpt>
      <trkpt lat="48.10415" lon="22.77920167">
        <ele>153.4</ele>
        <time>2025-07-09T12:55:19Z</time>
      </trkpt>
      <trkpt lat="48.10413667" lon="22.77904167">
        <ele>153</ele>
        <time>2025-07-09T12:55:20Z</time>
      </trkpt>
      <trkpt lat="48.10412167" lon="22.77888667">
        <ele>152.9</ele>
        <time>2025-07-09T12:55:21Z</time>
      </trkpt>
      <trkpt lat="48.10411167" lon="22.77873">
        <ele>152.5</ele>
        <time>2025-07-09T12:55:22Z</time>
      </trkpt>
      <trkpt lat="48.10410333" lon="22.77858167">
        <ele>151.8</ele>
        <time>2025-07-09T12:55:23Z</time>
      </trkpt>
      <trkpt lat="48.10409333" lon="22.77843833">
        <ele>151.5</ele>
        <time>2025-07-09T12:55:24Z</time>
      </trkpt>
      <trkpt lat="48.10409667" lon="22.77828667">
        <ele>151.9</ele>
        <time>2025-07-09T12:55:25Z</time>
      </trkpt>
      <trkpt lat="48.10409167" lon="22.77814667">
        <ele>151.6</ele>
        <time>2025-07-09T12:55:26Z</time>
      </trkpt>
      <trkpt lat="48.10409167" lon="22.77799833">
        <ele>151.7</ele>
        <time>2025-07-09T12:55:27Z</time>
      </trkpt>
      <trkpt lat="48.10409667" lon="22.77785833">
        <ele>151.4</ele>
        <time>2025-07-09T12:55:28Z</time>
      </trkpt>
      <trkpt lat="48.10412167" lon="22.77760333">
        <ele>150</ele>
        <time>2025-07-09T12:55:30Z</time>
      </trkpt>
      <trkpt lat="48.104105" lon="22.77737833">
        <ele>150</ele>
        <time>2025-07-09T12:55:32Z</time>
      </trkpt>
      <trkpt lat="48.104" lon="22.77725">
        <ele>149.8</ele>
        <time>2025-07-09T12:55:34Z</time>
      </trkpt>
      <trkpt lat="48.10383667" lon="22.77715833">
        <ele>149.8</ele>
        <time>2025-07-09T12:55:36Z</time>
      </trkpt>
      <trkpt lat="48.103745" lon="22.77711833">
        <ele>150.3</ele>
        <time>2025-07-09T12:55:37Z</time>
      </trkpt>
      <trkpt lat="48.10365667" lon="22.77705833">
        <ele>150.7</ele>
        <time>2025-07-09T12:55:38Z</time>
      </trkpt>
      <trkpt lat="48.10358667" lon="22.77696167">
        <ele>150.8</ele>
        <time>2025-07-09T12:55:39Z</time>
      </trkpt>
      <trkpt lat="48.1035" lon="22.77674333">
        <ele>150.9</ele>
        <time>2025-07-09T12:55:41Z</time>
      </trkpt>
      <trkpt lat="48.10349" lon="22.77650167">
        <ele>152</ele>
        <time>2025-07-09T12:55:43Z</time>
      </trkpt>
      <trkpt lat="48.10351167" lon="22.77636833">
        <ele>152.5</ele>
        <time>2025-07-09T12:55:44Z</time>
      </trkpt>
      <trkpt lat="48.10355333" lon="22.77621667">
        <ele>153.7</ele>
        <time>2025-07-09T12:55:45Z</time>
      </trkpt>
      <trkpt lat="48.10360667" lon="22.77607">
        <ele>153.4</ele>
        <time>2025-07-09T12:55:46Z</time>
      </trkpt>
      <trkpt lat="48.10365667" lon="22.77593167">
        <ele>152.8</ele>
        <time>2025-07-09T12:55:47Z</time>
      </trkpt>
      <trkpt lat="48.103705" lon="22.775785">
        <ele>152.4</ele>
        <time>2025-07-09T12:55:48Z</time>
      </trkpt>
      <trkpt lat="48.10375333" lon="22.77562833">
        <ele>152.7</ele>
        <time>2025-07-09T12:55:49Z</time>
      </trkpt>
      <trkpt lat="48.10379667" lon="22.77547667">
        <ele>152.8</ele>
        <time>2025-07-09T12:55:50Z</time>
      </trkpt>
      <trkpt lat="48.10383667" lon="22.77532333">
        <ele>153.6</ele>
        <time>2025-07-09T12:55:51Z</time>
      </trkpt>
      <trkpt lat="48.10388333" lon="22.77515167">
        <ele>153</ele>
        <time>2025-07-09T12:55:52Z</time>
      </trkpt>
      <trkpt lat="48.10392333" lon="22.77498167">
        <ele>151.1</ele>
        <time>2025-07-09T12:55:53Z</time>
      </trkpt>
      <trkpt lat="48.103955" lon="22.77480333">
        <ele>151</ele>
        <time>2025-07-09T12:55:54Z</time>
      </trkpt>
      <trkpt lat="48.103985" lon="22.77462333">
        <ele>150.5</ele>
        <time>2025-07-09T12:55:55Z</time>
      </trkpt>
      <trkpt lat="48.10402" lon="22.77444833">
        <ele>149.9</ele>
        <time>2025-07-09T12:55:56Z</time>
      </trkpt>
      <trkpt lat="48.10404667" lon="22.77426667">
        <ele>148.7</ele>
        <time>2025-07-09T12:55:57Z</time>
      </trkpt>
      <trkpt lat="48.10407" lon="22.77408667">
        <ele>149.3</ele>
        <time>2025-07-09T12:55:58Z</time>
      </trkpt>
      <trkpt lat="48.10409833" lon="22.77390333">
        <ele>149.6</ele>
        <time>2025-07-09T12:55:59Z</time>
      </trkpt>
      <trkpt lat="48.104125" lon="22.77371667">
        <ele>150.2</ele>
        <time>2025-07-09T12:56:00Z</time>
      </trkpt>
      <trkpt lat="48.10415333" lon="22.77355">
        <ele>150.9</ele>
        <time>2025-07-09T12:56:01Z</time>
      </trkpt>
      <trkpt lat="48.10417333" lon="22.77337667">
        <ele>152.4</ele>
        <time>2025-07-09T12:56:02Z</time>
      </trkpt>
      <trkpt lat="48.10419167" lon="22.77321">
        <ele>153.5</ele>
        <time>2025-07-09T12:56:03Z</time>
      </trkpt>
      <trkpt lat="48.104215" lon="22.77303833">
        <ele>154.1</ele>
        <time>2025-07-09T12:56:04Z</time>
      </trkpt>
      <trkpt lat="48.10424" lon="22.772865">
        <ele>154.5</ele>
        <time>2025-07-09T12:56:05Z</time>
      </trkpt>
      <trkpt lat="48.10426667" lon="22.77270333">
        <ele>154.8</ele>
        <time>2025-07-09T12:56:06Z</time>
      </trkpt>
      <trkpt lat="48.10429167" lon="22.772555">
        <ele>154.9</ele>
        <time>2025-07-09T12:56:07Z</time>
      </trkpt>
      <trkpt lat="48.10430667" lon="22.77242167">
        <ele>154.8</ele>
        <time>2025-07-09T12:56:08Z</time>
      </trkpt>
      <trkpt lat="48.10433167" lon="22.77223">
        <ele>154.1</ele>
        <time>2025-07-09T12:56:10Z</time>
      </trkpt>
      <trkpt lat="48.10436" lon="22.77207833">
        <ele>154.9</ele>
        <time>2025-07-09T12:56:13Z</time>
      </trkpt>
      <trkpt lat="48.1044" lon="22.771885">
        <ele>150.1</ele>
        <time>2025-07-09T12:57:01Z</time>
      </trkpt>
      <trkpt lat="48.10443" lon="22.77173167">
        <ele>149.4</ele>
        <time>2025-07-09T12:57:03Z</time>
      </trkpt>
      <trkpt lat="48.10445833" lon="22.77153">
        <ele>148.5</ele>
        <time>2025-07-09T12:57:05Z</time>
      </trkpt>
      <trkpt lat="48.10448833" lon="22.77132">
        <ele>148.7</ele>
        <time>2025-07-09T12:57:07Z</time>
      </trkpt>
      <trkpt lat="48.104535" lon="22.771075">
        <ele>148.5</ele>
        <time>2025-07-09T12:57:09Z</time>
      </trkpt>
      <trkpt lat="48.10455667" lon="22.77093333">
        <ele>148.4</ele>
        <time>2025-07-09T12:57:10Z</time>
      </trkpt>
      <trkpt lat="48.10458" lon="22.77078667">
        <ele>148.1</ele>
        <time>2025-07-09T12:57:11Z</time>
      </trkpt>
      <trkpt lat="48.1046" lon="22.77065">
        <ele>148.1</ele>
        <time>2025-07-09T12:57:12Z</time>
      </trkpt>
      <trkpt lat="48.10462" lon="22.770495">
        <ele>148.7</ele>
        <time>2025-07-09T12:57:13Z</time>
      </trkpt>
      <trkpt lat="48.104645" lon="22.77034">
        <ele>149.4</ele>
        <time>2025-07-09T12:57:14Z</time>
      </trkpt>
      <trkpt lat="48.10467167" lon="22.770185">
        <ele>149.5</ele>
        <time>2025-07-09T12:57:15Z</time>
      </trkpt>
      <trkpt lat="48.10474" lon="22.76986">
        <ele>151.1</ele>
        <time>2025-07-09T12:57:17Z</time>
      </trkpt>
      <trkpt lat="48.10476167" lon="22.76968833">
        <ele>151.3</ele>
        <time>2025-07-09T12:57:18Z</time>
      </trkpt>
      <trkpt lat="48.104785" lon="22.76951333">
        <ele>153.4</ele>
        <time>2025-07-09T12:57:19Z</time>
      </trkpt>
      <trkpt lat="48.10481333" lon="22.76933333">
        <ele>155.4</ele>
        <time>2025-07-09T12:57:20Z</time>
      </trkpt>
      <trkpt lat="48.104835" lon="22.76915">
        <ele>156.5</ele>
        <time>2025-07-09T12:57:21Z</time>
      </trkpt>
      <trkpt lat="48.10487667" lon="22.768945">
        <ele>154.8</ele>
        <time>2025-07-09T12:57:22Z</time>
      </trkpt>
      <trkpt lat="48.10490333" lon="22.768745">
        <ele>153</ele>
        <time>2025-07-09T12:57:23Z</time>
      </trkpt>
      <trkpt lat="48.10493167" lon="22.76855333">
        <ele>152.3</ele>
        <time>2025-07-09T12:57:24Z</time>
      </trkpt>
      <trkpt lat="48.10495333" lon="22.76836333">
        <ele>152.3</ele>
        <time>2025-07-09T12:57:25Z</time>
      </trkpt>
      <trkpt lat="48.10498" lon="22.76818333">
        <ele>152.8</ele>
        <time>2025-07-09T12:57:26Z</time>
      </trkpt>
      <trkpt lat="48.105005" lon="22.76799833">
        <ele>152.9</ele>
        <time>2025-07-09T12:57:27Z</time>
      </trkpt>
      <trkpt lat="48.105035" lon="22.76781333">
        <ele>152.9</ele>
        <time>2025-07-09T12:57:28Z</time>
      </trkpt>
      <trkpt lat="48.105065" lon="22.76762833">
        <ele>153.4</ele>
        <time>2025-07-09T12:57:29Z</time>
      </trkpt>
      <trkpt lat="48.10509333" lon="22.76744833">
        <ele>153.2</ele>
        <time>2025-07-09T12:57:30Z</time>
      </trkpt>
      <trkpt lat="48.10512667" lon="22.76726167">
        <ele>152.2</ele>
        <time>2025-07-09T12:57:31Z</time>
      </trkpt>
      <trkpt lat="48.10515333" lon="22.76708167">
        <ele>151.1</ele>
        <time>2025-07-09T12:57:32Z</time>
      </trkpt>
      <trkpt lat="48.105185" lon="22.76689167">
        <ele>149.8</ele>
        <time>2025-07-09T12:57:33Z</time>
      </trkpt>
      <trkpt lat="48.10521667" lon="22.76671333">
        <ele>150.3</ele>
        <time>2025-07-09T12:57:34Z</time>
      </trkpt>
      <trkpt lat="48.10524333" lon="22.76654">
        <ele>151.1</ele>
        <time>2025-07-09T12:57:35Z</time>
      </trkpt>
      <trkpt lat="48.105275" lon="22.76635333">
        <ele>150.1</ele>
        <time>2025-07-09T12:57:36Z</time>
      </trkpt>
      <trkpt lat="48.10530667" lon="22.76616333">
        <ele>149.7</ele>
        <time>2025-07-09T12:57:37Z</time>
      </trkpt>
      <trkpt lat="48.10534333" lon="22.76598333">
        <ele>149.5</ele>
        <time>2025-07-09T12:57:38Z</time>
      </trkpt>
      <trkpt lat="48.10537167" lon="22.76581833">
        <ele>148.9</ele>
        <time>2025-07-09T12:57:39Z</time>
      </trkpt>
      <trkpt lat="48.105405" lon="22.76563">
        <ele>150</ele>
        <time>2025-07-09T12:57:40Z</time>
      </trkpt>
      <trkpt lat="48.10543833" lon="22.76542667">
        <ele>150.1</ele>
        <time>2025-07-09T12:57:41Z</time>
      </trkpt>
      <trkpt lat="48.105475" lon="22.76523667">
        <ele>151.4</ele>
        <time>2025-07-09T12:57:42Z</time>
      </trkpt>
      <trkpt lat="48.10551667" lon="22.76504833">
        <ele>151.5</ele>
        <time>2025-07-09T12:57:43Z</time>
      </trkpt>
      <trkpt lat="48.10556667" lon="22.76487167">
        <ele>150.9</ele>
        <time>2025-07-09T12:57:44Z</time>
      </trkpt>
      <trkpt lat="48.10561333" lon="22.76469167">
        <ele>151.4</ele>
        <time>2025-07-09T12:57:45Z</time>
      </trkpt>
      <trkpt lat="48.10566167" lon="22.764515">
        <ele>151.7</ele>
        <time>2025-07-09T12:57:46Z</time>
      </trkpt>
      <trkpt lat="48.10571167" lon="22.76433167">
        <ele>151.4</ele>
        <time>2025-07-09T12:57:47Z</time>
      </trkpt>
      <trkpt lat="48.10575833" lon="22.76414833">
        <ele>151.7</ele>
        <time>2025-07-09T12:57:48Z</time>
      </trkpt>
      <trkpt lat="48.10580167" lon="22.76397">
        <ele>151.5</ele>
        <time>2025-07-09T12:57:49Z</time>
      </trkpt>
      <trkpt lat="48.10584667" lon="22.76379833">
        <ele>151.4</ele>
        <time>2025-07-09T12:57:50Z</time>
      </trkpt>
      <trkpt lat="48.1059" lon="22.763625">
        <ele>151.8</ele>
        <time>2025-07-09T12:57:51Z</time>
      </trkpt>
      <trkpt lat="48.10596333" lon="22.76345167">
        <ele>152.3</ele>
        <time>2025-07-09T12:57:52Z</time>
      </trkpt>
      <trkpt lat="48.10601833" lon="22.76327">
        <ele>152</ele>
        <time>2025-07-09T12:57:53Z</time>
      </trkpt>
      <trkpt lat="48.106085" lon="22.7631">
        <ele>152.1</ele>
        <time>2025-07-09T12:57:54Z</time>
      </trkpt>
      <trkpt lat="48.10616167" lon="22.76295">
        <ele>151.2</ele>
        <time>2025-07-09T12:57:55Z</time>
      </trkpt>
      <trkpt lat="48.10624167" lon="22.76280333">
        <ele>151</ele>
        <time>2025-07-09T12:57:56Z</time>
      </trkpt>
      <trkpt lat="48.106325" lon="22.762675">
        <ele>150.9</ele>
        <time>2025-07-09T12:57:57Z</time>
      </trkpt>
      <trkpt lat="48.10641667" lon="22.762555">
        <ele>150.6</ele>
        <time>2025-07-09T12:57:58Z</time>
      </trkpt>
      <trkpt lat="48.106505" lon="22.76242667">
        <ele>150.6</ele>
        <time>2025-07-09T12:57:59Z</time>
      </trkpt>
      <trkpt lat="48.106585" lon="22.7623">
        <ele>150.2</ele>
        <time>2025-07-09T12:58:00Z</time>
      </trkpt>
      <trkpt lat="48.10666333" lon="22.76215833">
        <ele>151</ele>
        <time>2025-07-09T12:58:01Z</time>
      </trkpt>
      <trkpt lat="48.106725" lon="22.76198833">
        <ele>150.9</ele>
        <time>2025-07-09T12:58:02Z</time>
      </trkpt>
      <trkpt lat="48.10676833" lon="22.76180833">
        <ele>152.2</ele>
        <time>2025-07-09T12:58:03Z</time>
      </trkpt>
      <trkpt lat="48.10680667" lon="22.76162667">
        <ele>152</ele>
        <time>2025-07-09T12:58:04Z</time>
      </trkpt>
      <trkpt lat="48.10684" lon="22.76144667">
        <ele>152.1</ele>
        <time>2025-07-09T12:58:05Z</time>
      </trkpt>
      <trkpt lat="48.10688833" lon="22.76126333">
        <ele>154.9</ele>
        <time>2025-07-09T12:58:06Z</time>
      </trkpt>
      <trkpt lat="48.10693" lon="22.761085">
        <ele>155.7</ele>
        <time>2025-07-09T12:58:07Z</time>
      </trkpt>
      <trkpt lat="48.106975" lon="22.76090667">
        <ele>155.7</ele>
        <time>2025-07-09T12:58:08Z</time>
      </trkpt>
      <trkpt lat="48.10700833" lon="22.76074167">
        <ele>156.4</ele>
        <time>2025-07-09T12:58:09Z</time>
      </trkpt>
      <trkpt lat="48.10706" lon="22.76057167">
        <ele>157.6</ele>
        <time>2025-07-09T12:58:10Z</time>
      </trkpt>
      <trkpt lat="48.10711667" lon="22.76040167">
        <ele>157.2</ele>
        <time>2025-07-09T12:58:11Z</time>
      </trkpt>
      <trkpt lat="48.10717667" lon="22.760225">
        <ele>155.9</ele>
        <time>2025-07-09T12:58:12Z</time>
      </trkpt>
      <trkpt lat="48.107245" lon="22.76005167">
        <ele>155.4</ele>
        <time>2025-07-09T12:58:13Z</time>
      </trkpt>
      <trkpt lat="48.10732" lon="22.75987667">
        <ele>154.7</ele>
        <time>2025-07-09T12:58:14Z</time>
      </trkpt>
      <trkpt lat="48.107395" lon="22.759715">
        <ele>153.8</ele>
        <time>2025-07-09T12:58:15Z</time>
      </trkpt>
      <trkpt lat="48.10747" lon="22.759565">
        <ele>153.1</ele>
        <time>2025-07-09T12:58:16Z</time>
      </trkpt>
      <trkpt lat="48.10754333" lon="22.75941667">
        <ele>153</ele>
        <time>2025-07-09T12:58:17Z</time>
      </trkpt>
      <trkpt lat="48.10761833" lon="22.75925833">
        <ele>152.5</ele>
        <time>2025-07-09T12:58:18Z</time>
      </trkpt>
      <trkpt lat="48.10769667" lon="22.75909833">
        <ele>152.5</ele>
        <time>2025-07-09T12:58:19Z</time>
      </trkpt>
      <trkpt lat="48.10776667" lon="22.758945">
        <ele>152.9</ele>
        <time>2025-07-09T12:58:20Z</time>
      </trkpt>
      <trkpt lat="48.10783833" lon="22.75878833">
        <ele>153.2</ele>
        <time>2025-07-09T12:58:21Z</time>
      </trkpt>
      <trkpt lat="48.10790667" lon="22.75862167">
        <ele>153</ele>
        <time>2025-07-09T12:58:22Z</time>
      </trkpt>
      <trkpt lat="48.107975" lon="22.75847333">
        <ele>151.9</ele>
        <time>2025-07-09T12:58:23Z</time>
      </trkpt>
      <trkpt lat="48.10804" lon="22.75832333">
        <ele>151.7</ele>
        <time>2025-07-09T12:58:24Z</time>
      </trkpt>
      <trkpt lat="48.10811" lon="22.75818">
        <ele>151.9</ele>
        <time>2025-07-09T12:58:25Z</time>
      </trkpt>
      <trkpt lat="48.10818167" lon="22.758035">
        <ele>150.9</ele>
        <time>2025-07-09T12:58:26Z</time>
      </trkpt>
      <trkpt lat="48.10825167" lon="22.757885">
        <ele>153.1</ele>
        <time>2025-07-09T12:58:27Z</time>
      </trkpt>
      <trkpt lat="48.10833167" lon="22.75773667">
        <ele>153.1</ele>
        <time>2025-07-09T12:58:28Z</time>
      </trkpt>
      <trkpt lat="48.10842" lon="22.757595">
        <ele>153.6</ele>
        <time>2025-07-09T12:58:29Z</time>
      </trkpt>
      <trkpt lat="48.10850833" lon="22.75747">
        <ele>153.1</ele>
        <time>2025-07-09T12:58:30Z</time>
      </trkpt>
      <trkpt lat="48.1086" lon="22.75734167">
        <ele>152.4</ele>
        <time>2025-07-09T12:58:31Z</time>
      </trkpt>
      <trkpt lat="48.10870333" lon="22.757215">
        <ele>153.5</ele>
        <time>2025-07-09T12:58:32Z</time>
      </trkpt>
      <trkpt lat="48.10879167" lon="22.75709667">
        <ele>153.4</ele>
        <time>2025-07-09T12:58:33Z</time>
      </trkpt>
      <trkpt lat="48.10891333" lon="22.75697167">
        <ele>151.7</ele>
        <time>2025-07-09T12:58:34Z</time>
      </trkpt>
      <trkpt lat="48.109015" lon="22.756845">
        <ele>151.9</ele>
        <time>2025-07-09T12:58:35Z</time>
      </trkpt>
      <trkpt lat="48.109125" lon="22.756715">
        <ele>152.3</ele>
        <time>2025-07-09T12:58:36Z</time>
      </trkpt>
      <trkpt lat="48.10923167" lon="22.75658333">
        <ele>151.2</ele>
        <time>2025-07-09T12:58:37Z</time>
      </trkpt>
      <trkpt lat="48.10932833" lon="22.756465">
        <ele>150.8</ele>
        <time>2025-07-09T12:58:38Z</time>
      </trkpt>
      <trkpt lat="48.10941333" lon="22.75634">
        <ele>151.4</ele>
        <time>2025-07-09T12:58:39Z</time>
      </trkpt>
      <trkpt lat="48.10950167" lon="22.75622">
        <ele>150.9</ele>
        <time>2025-07-09T12:58:40Z</time>
      </trkpt>
      <trkpt lat="48.109595" lon="22.75608333">
        <ele>151.3</ele>
        <time>2025-07-09T12:58:41Z</time>
      </trkpt>
      <trkpt lat="48.10967667" lon="22.75594333">
        <ele>151.7</ele>
        <time>2025-07-09T12:58:42Z</time>
      </trkpt>
      <trkpt lat="48.10974667" lon="22.75578167">
        <ele>151.6</ele>
        <time>2025-07-09T12:58:43Z</time>
      </trkpt>
      <trkpt lat="48.10981" lon="22.75563167">
        <ele>151</ele>
        <time>2025-07-09T12:58:44Z</time>
      </trkpt>
      <trkpt lat="48.10986333" lon="22.75547833">
        <ele>151.2</ele>
        <time>2025-07-09T12:58:45Z</time>
      </trkpt>
      <trkpt lat="48.109915" lon="22.75530167">
        <ele>151.7</ele>
        <time>2025-07-09T12:58:46Z</time>
      </trkpt>
      <trkpt lat="48.10996833" lon="22.75512333">
        <ele>151.1</ele>
        <time>2025-07-09T12:58:47Z</time>
      </trkpt>
      <trkpt lat="48.11001167" lon="22.75494667">
        <ele>150.1</ele>
        <time>2025-07-09T12:58:48Z</time>
      </trkpt>
      <trkpt lat="48.11004667" lon="22.75476667">
        <ele>148.6</ele>
        <time>2025-07-09T12:58:49Z</time>
      </trkpt>
      <trkpt lat="48.11008667" lon="22.754585">
        <ele>148.9</ele>
        <time>2025-07-09T12:58:50Z</time>
      </trkpt>
      <trkpt lat="48.11012667" lon="22.7544">
        <ele>148.6</ele>
        <time>2025-07-09T12:58:51Z</time>
      </trkpt>
      <trkpt lat="48.11017333" lon="22.75421333">
        <ele>149.5</ele>
        <time>2025-07-09T12:58:52Z</time>
      </trkpt>
      <trkpt lat="48.11020833" lon="22.75402667">
        <ele>148.3</ele>
        <time>2025-07-09T12:58:53Z</time>
      </trkpt>
      <trkpt lat="48.11025" lon="22.75384167">
        <ele>148.2</ele>
        <time>2025-07-09T12:58:54Z</time>
      </trkpt>
      <trkpt lat="48.11028833" lon="22.75365333">
        <ele>149.3</ele>
        <time>2025-07-09T12:58:55Z</time>
      </trkpt>
      <trkpt lat="48.110325" lon="22.75347">
        <ele>149.8</ele>
        <time>2025-07-09T12:58:56Z</time>
      </trkpt>
      <trkpt lat="48.110365" lon="22.75329">
        <ele>150.5</ele>
        <time>2025-07-09T12:58:57Z</time>
      </trkpt>
      <trkpt lat="48.11041167" lon="22.75311333">
        <ele>150.3</ele>
        <time>2025-07-09T12:58:58Z</time>
      </trkpt>
      <trkpt lat="48.11045" lon="22.75293167">
        <ele>151.6</ele>
        <time>2025-07-09T12:58:59Z</time>
      </trkpt>
      <trkpt lat="48.11048833" lon="22.75275167">
        <ele>151.5</ele>
        <time>2025-07-09T12:59:00Z</time>
      </trkpt>
      <trkpt lat="48.11052667" lon="22.75257333">
        <ele>151.7</ele>
        <time>2025-07-09T12:59:01Z</time>
      </trkpt>
      <trkpt lat="48.11057167" lon="22.75238667">
        <ele>151.7</ele>
        <time>2025-07-09T12:59:02Z</time>
      </trkpt>
      <trkpt lat="48.11061167" lon="22.752205">
        <ele>151.6</ele>
        <time>2025-07-09T12:59:03Z</time>
      </trkpt>
      <trkpt lat="48.11065167" lon="22.752035">
        <ele>151.9</ele>
        <time>2025-07-09T12:59:04Z</time>
      </trkpt>
      <trkpt lat="48.11068667" lon="22.75185667">
        <ele>153</ele>
        <time>2025-07-09T12:59:05Z</time>
      </trkpt>
      <trkpt lat="48.11072" lon="22.75167333">
        <ele>152.7</ele>
        <time>2025-07-09T12:59:06Z</time>
      </trkpt>
      <trkpt lat="48.11075833" lon="22.75150167">
        <ele>152.9</ele>
        <time>2025-07-09T12:59:07Z</time>
      </trkpt>
      <trkpt lat="48.11079" lon="22.75132">
        <ele>153.3</ele>
        <time>2025-07-09T12:59:08Z</time>
      </trkpt>
      <trkpt lat="48.110825" lon="22.75115167">
        <ele>154</ele>
        <time>2025-07-09T12:59:09Z</time>
      </trkpt>
      <trkpt lat="48.11086" lon="22.750985">
        <ele>154.2</ele>
        <time>2025-07-09T12:59:10Z</time>
      </trkpt>
      <trkpt lat="48.11089167" lon="22.75082167">
        <ele>153.9</ele>
        <time>2025-07-09T12:59:11Z</time>
      </trkpt>
      <trkpt lat="48.11092167" lon="22.75065167">
        <ele>153.7</ele>
        <time>2025-07-09T12:59:12Z</time>
      </trkpt>
      <trkpt lat="48.11092833" lon="22.75047333">
        <ele>153.4</ele>
        <time>2025-07-09T12:59:13Z</time>
      </trkpt>
      <trkpt lat="48.11092667" lon="22.75029667">
        <ele>152.9</ele>
        <time>2025-07-09T12:59:14Z</time>
      </trkpt>
      <trkpt lat="48.110905" lon="22.75012">
        <ele>152.6</ele>
        <time>2025-07-09T12:59:15Z</time>
      </trkpt>
      <trkpt lat="48.110875" lon="22.74995333">
        <ele>152.8</ele>
        <time>2025-07-09T12:59:16Z</time>
      </trkpt>
      <trkpt lat="48.11084833" lon="22.74980167">
        <ele>152.6</ele>
        <time>2025-07-09T12:59:17Z</time>
      </trkpt>
      <trkpt lat="48.11080833" lon="22.74965">
        <ele>152.9</ele>
        <time>2025-07-09T12:59:18Z</time>
      </trkpt>
      <trkpt lat="48.11076333" lon="22.74949667">
        <ele>152.2</ele>
        <time>2025-07-09T12:59:19Z</time>
      </trkpt>
      <trkpt lat="48.11071" lon="22.74934667">
        <ele>151.9</ele>
        <time>2025-07-09T12:59:20Z</time>
      </trkpt>
      <trkpt lat="48.11064833" lon="22.74921">
        <ele>152</ele>
        <time>2025-07-09T12:59:21Z</time>
      </trkpt>
      <trkpt lat="48.11058" lon="22.74908">
        <ele>152.4</ele>
        <time>2025-07-09T12:59:22Z</time>
      </trkpt>
      <trkpt lat="48.11050833" lon="22.74897">
        <ele>152.7</ele>
        <time>2025-07-09T12:59:23Z</time>
      </trkpt>
      <trkpt lat="48.11043333" lon="22.74886167">
        <ele>153.3</ele>
        <time>2025-07-09T12:59:24Z</time>
      </trkpt>
      <trkpt lat="48.11036167" lon="22.74875667">
        <ele>153.5</ele>
        <time>2025-07-09T12:59:25Z</time>
      </trkpt>
      <trkpt lat="48.11030833" lon="22.74864333">
        <ele>152.8</ele>
        <time>2025-07-09T12:59:26Z</time>
      </trkpt>
      <trkpt lat="48.11025833" lon="22.74851833">
        <ele>152.8</ele>
        <time>2025-07-09T12:59:27Z</time>
      </trkpt>
      <trkpt lat="48.11022" lon="22.74838333">
        <ele>152.6</ele>
        <time>2025-07-09T12:59:28Z</time>
      </trkpt>
      <trkpt lat="48.11018667" lon="22.748255">
        <ele>151.7</ele>
        <time>2025-07-09T12:59:29Z</time>
      </trkpt>
      <trkpt lat="48.11015667" lon="22.74811667">
        <ele>151.6</ele>
        <time>2025-07-09T12:59:30Z</time>
      </trkpt>
      <trkpt lat="48.11012" lon="22.74796667">
        <ele>151.8</ele>
        <time>2025-07-09T12:59:31Z</time>
      </trkpt>
      <trkpt lat="48.11009333" lon="22.747805">
        <ele>151.8</ele>
        <time>2025-07-09T12:59:32Z</time>
      </trkpt>
      <trkpt lat="48.11007167" lon="22.74763667">
        <ele>151.6</ele>
        <time>2025-07-09T12:59:33Z</time>
      </trkpt>
      <trkpt lat="48.11004833" lon="22.74746333">
        <ele>150.6</ele>
        <time>2025-07-09T12:59:34Z</time>
      </trkpt>
      <trkpt lat="48.11004333" lon="22.74728833">
        <ele>150</ele>
        <time>2025-07-09T12:59:35Z</time>
      </trkpt>
      <trkpt lat="48.11002833" lon="22.74711833">
        <ele>149.7</ele>
        <time>2025-07-09T12:59:36Z</time>
      </trkpt>
      <trkpt lat="48.11001333" lon="22.746945">
        <ele>149.5</ele>
        <time>2025-07-09T12:59:37Z</time>
      </trkpt>
      <trkpt lat="48.11000333" lon="22.74676833">
        <ele>149.9</ele>
        <time>2025-07-09T12:59:38Z</time>
      </trkpt>
      <trkpt lat="48.109995" lon="22.74658167">
        <ele>150.6</ele>
        <time>2025-07-09T12:59:39Z</time>
      </trkpt>
      <trkpt lat="48.11" lon="22.74640167">
        <ele>150.5</ele>
        <time>2025-07-09T12:59:40Z</time>
      </trkpt>
      <trkpt lat="48.11001167" lon="22.746235">
        <ele>151.4</ele>
        <time>2025-07-09T12:59:41Z</time>
      </trkpt>
      <trkpt lat="48.11002333" lon="22.74605333">
        <ele>151.4</ele>
        <time>2025-07-09T12:59:42Z</time>
      </trkpt>
      <trkpt lat="48.11004" lon="22.74588">
        <ele>152.2</ele>
        <time>2025-07-09T12:59:43Z</time>
      </trkpt>
      <trkpt lat="48.11005333" lon="22.74571833">
        <ele>152.2</ele>
        <time>2025-07-09T12:59:44Z</time>
      </trkpt>
      <trkpt lat="48.110065" lon="22.745555">
        <ele>152.4</ele>
        <time>2025-07-09T12:59:45Z</time>
      </trkpt>
      <trkpt lat="48.11008167" lon="22.745405">
        <ele>151.1</ele>
        <time>2025-07-09T12:59:46Z</time>
      </trkpt>
      <trkpt lat="48.11009167" lon="22.745255">
        <ele>151.1</ele>
        <time>2025-07-09T12:59:47Z</time>
      </trkpt>
      <trkpt lat="48.11010833" lon="22.74509333">
        <ele>151.3</ele>
        <time>2025-07-09T12:59:48Z</time>
      </trkpt>
      <trkpt lat="48.11011833" lon="22.74494833">
        <ele>151.8</ele>
        <time>2025-07-09T12:59:49Z</time>
      </trkpt>
      <trkpt lat="48.11013" lon="22.74480833">
        <ele>151.7</ele>
        <time>2025-07-09T12:59:50Z</time>
      </trkpt>
      <trkpt lat="48.11014" lon="22.74467333">
        <ele>151.6</ele>
        <time>2025-07-09T12:59:51Z</time>
      </trkpt>
      <trkpt lat="48.11016833" lon="22.74454167">
        <ele>151.1</ele>
        <time>2025-07-09T12:59:52Z</time>
      </trkpt>
      <trkpt lat="48.11020833" lon="22.74441333">
        <ele>150</ele>
        <time>2025-07-09T12:59:53Z</time>
      </trkpt>
      <trkpt lat="48.11032" lon="22.74421167">
        <ele>150.2</ele>
        <time>2025-07-09T12:59:55Z</time>
      </trkpt>
      <trkpt lat="48.11039167" lon="22.74411667">
        <ele>150.6</ele>
        <time>2025-07-09T12:59:56Z</time>
      </trkpt>
      <trkpt lat="48.11047167" lon="22.74402167">
        <ele>151</ele>
        <time>2025-07-09T12:59:57Z</time>
      </trkpt>
      <trkpt lat="48.110545" lon="22.74392167">
        <ele>150.9</ele>
        <time>2025-07-09T12:59:58Z</time>
      </trkpt>
      <trkpt lat="48.11061" lon="22.743825">
        <ele>151</ele>
        <time>2025-07-09T12:59:59Z</time>
      </trkpt>
      <trkpt lat="48.11067667" lon="22.74372833">
        <ele>150.5</ele>
        <time>2025-07-09T13:00:00Z</time>
      </trkpt>
      <trkpt lat="48.1108" lon="22.74356167">
        <ele>150.4</ele>
        <time>2025-07-09T13:00:02Z</time>
      </trkpt>
      <trkpt lat="48.11090167" lon="22.743405">
        <ele>151</ele>
        <time>2025-07-09T13:00:04Z</time>
      </trkpt>
      <trkpt lat="48.11094667" lon="22.74320333">
        <ele>150.9</ele>
        <time>2025-07-09T13:00:06Z</time>
      </trkpt>
      <trkpt lat="48.11091667" lon="22.74301167">
        <ele>149.7</ele>
        <time>2025-07-09T13:00:08Z</time>
      </trkpt>
      <trkpt lat="48.11081667" lon="22.74289">
        <ele>148.2</ele>
        <time>2025-07-09T13:00:10Z</time>
      </trkpt>
      <trkpt lat="48.11066833" lon="22.74281333">
        <ele>148.4</ele>
        <time>2025-07-09T13:00:12Z</time>
      </trkpt>
      <trkpt lat="48.11051833" lon="22.742745">
        <ele>149.5</ele>
        <time>2025-07-09T13:00:14Z</time>
      </trkpt>
      <trkpt lat="48.11042833" lon="22.74272167">
        <ele>149.9</ele>
        <time>2025-07-09T13:00:15Z</time>
      </trkpt>
      <trkpt lat="48.11033833" lon="22.74269833">
        <ele>150.2</ele>
        <time>2025-07-09T13:00:16Z</time>
      </trkpt>
      <trkpt lat="48.11024333" lon="22.74266667">
        <ele>150.2</ele>
        <time>2025-07-09T13:00:17Z</time>
      </trkpt>
      <trkpt lat="48.11014333" lon="22.74262167">
        <ele>150.8</ele>
        <time>2025-07-09T13:00:18Z</time>
      </trkpt>
      <trkpt lat="48.110045" lon="22.74258833">
        <ele>151.7</ele>
        <time>2025-07-09T13:00:19Z</time>
      </trkpt>
      <trkpt lat="48.109945" lon="22.74254667">
        <ele>152</ele>
        <time>2025-07-09T13:00:20Z</time>
      </trkpt>
      <trkpt lat="48.10984167" lon="22.74251333">
        <ele>151.7</ele>
        <time>2025-07-09T13:00:21Z</time>
      </trkpt>
      <trkpt lat="48.10974167" lon="22.74250333">
        <ele>151.3</ele>
        <time>2025-07-09T13:00:22Z</time>
      </trkpt>
      <trkpt lat="48.10964333" lon="22.74249333">
        <ele>150.8</ele>
        <time>2025-07-09T13:00:23Z</time>
      </trkpt>
      <trkpt lat="48.10954333" lon="22.74249333">
        <ele>150.4</ele>
        <time>2025-07-09T13:00:24Z</time>
      </trkpt>
      <trkpt lat="48.10944667" lon="22.74249167">
        <ele>150.4</ele>
        <time>2025-07-09T13:00:25Z</time>
      </trkpt>
      <trkpt lat="48.10935667" lon="22.74247333">
        <ele>150.7</ele>
        <time>2025-07-09T13:00:26Z</time>
      </trkpt>
      <trkpt lat="48.10918667" lon="22.74237333">
        <ele>150.2</ele>
        <time>2025-07-09T13:00:28Z</time>
      </trkpt>
      <trkpt lat="48.10911" lon="22.742285">
        <ele>150.3</ele>
        <time>2025-07-09T13:00:29Z</time>
      </trkpt>
      <trkpt lat="48.10903667" lon="22.74218333">
        <ele>150.2</ele>
        <time>2025-07-09T13:00:30Z</time>
      </trkpt>
      <trkpt lat="48.10896333" lon="22.742075">
        <ele>150.7</ele>
        <time>2025-07-09T13:00:31Z</time>
      </trkpt>
      <trkpt lat="48.108885" lon="22.74196833">
        <ele>151.3</ele>
        <time>2025-07-09T13:00:32Z</time>
      </trkpt>
      <trkpt lat="48.10879833" lon="22.74185167">
        <ele>151.3</ele>
        <time>2025-07-09T13:00:33Z</time>
      </trkpt>
      <trkpt lat="48.10871333" lon="22.74174">
        <ele>151.5</ele>
        <time>2025-07-09T13:00:34Z</time>
      </trkpt>
      <trkpt lat="48.10861833" lon="22.74163167">
        <ele>151.4</ele>
        <time>2025-07-09T13:00:35Z</time>
      </trkpt>
      <trkpt lat="48.10852333" lon="22.741515">
        <ele>150.9</ele>
        <time>2025-07-09T13:00:36Z</time>
      </trkpt>
      <trkpt lat="48.10842667" lon="22.74140167">
        <ele>150.1</ele>
        <time>2025-07-09T13:00:37Z</time>
      </trkpt>
      <trkpt lat="48.10831833" lon="22.74129333">
        <ele>150.2</ele>
        <time>2025-07-09T13:00:38Z</time>
      </trkpt>
      <trkpt lat="48.10820333" lon="22.741205">
        <ele>150.4</ele>
        <time>2025-07-09T13:00:39Z</time>
      </trkpt>
      <trkpt lat="48.10809667" lon="22.74112167">
        <ele>149.8</ele>
        <time>2025-07-09T13:00:40Z</time>
      </trkpt>
      <trkpt lat="48.10798" lon="22.74104167">
        <ele>150.8</ele>
        <time>2025-07-09T13:00:41Z</time>
      </trkpt>
      <trkpt lat="48.10787167" lon="22.74096833">
        <ele>152.2</ele>
        <time>2025-07-09T13:00:42Z</time>
      </trkpt>
      <trkpt lat="48.10776" lon="22.74089667">
        <ele>152.8</ele>
        <time>2025-07-09T13:00:43Z</time>
      </trkpt>
      <trkpt lat="48.10764667" lon="22.74082667">
        <ele>152.6</ele>
        <time>2025-07-09T13:00:44Z</time>
      </trkpt>
      <trkpt lat="48.10755" lon="22.74074833">
        <ele>152.4</ele>
        <time>2025-07-09T13:00:45Z</time>
      </trkpt>
      <trkpt lat="48.10744167" lon="22.74066667">
        <ele>152.9</ele>
        <time>2025-07-09T13:00:46Z</time>
      </trkpt>
      <trkpt lat="48.10734333" lon="22.74057333">
        <ele>152.6</ele>
        <time>2025-07-09T13:00:47Z</time>
      </trkpt>
      <trkpt lat="48.107255" lon="22.740465">
        <ele>152.6</ele>
        <time>2025-07-09T13:00:48Z</time>
      </trkpt>
      <trkpt lat="48.107175" lon="22.74033333">
        <ele>150.9</ele>
        <time>2025-07-09T13:00:49Z</time>
      </trkpt>
      <trkpt lat="48.1071" lon="22.74020167">
        <ele>151.3</ele>
        <time>2025-07-09T13:00:50Z</time>
      </trkpt>
      <trkpt lat="48.10702667" lon="22.74005833">
        <ele>152</ele>
        <time>2025-07-09T13:00:51Z</time>
      </trkpt>
      <trkpt lat="48.10696" lon="22.73991167">
        <ele>152.5</ele>
        <time>2025-07-09T13:00:52Z</time>
      </trkpt>
      <trkpt lat="48.10691167" lon="22.73975333">
        <ele>152.8</ele>
        <time>2025-07-09T13:00:53Z</time>
      </trkpt>
      <trkpt lat="48.10686" lon="22.739595">
        <ele>153.5</ele>
        <time>2025-07-09T13:00:54Z</time>
      </trkpt>
      <trkpt lat="48.10680667" lon="22.73943167">
        <ele>154.2</ele>
        <time>2025-07-09T13:00:55Z</time>
      </trkpt>
      <trkpt lat="48.10676" lon="22.73927167">
        <ele>154.7</ele>
        <time>2025-07-09T13:00:56Z</time>
      </trkpt>
      <trkpt lat="48.10670667" lon="22.73911333">
        <ele>154.8</ele>
        <time>2025-07-09T13:00:57Z</time>
      </trkpt>
      <trkpt lat="48.10664333" lon="22.73896667">
        <ele>155.2</ele>
        <time>2025-07-09T13:00:58Z</time>
      </trkpt>
      <trkpt lat="48.10657" lon="22.73883">
        <ele>156.1</ele>
        <time>2025-07-09T13:00:59Z</time>
      </trkpt>
      <trkpt lat="48.10647833" lon="22.73870833">
        <ele>155.9</ele>
        <time>2025-07-09T13:01:00Z</time>
      </trkpt>
      <trkpt lat="48.10638667" lon="22.73859667">
        <ele>155.8</ele>
        <time>2025-07-09T13:01:01Z</time>
      </trkpt>
      <trkpt lat="48.10628667" lon="22.73851667">
        <ele>155.7</ele>
        <time>2025-07-09T13:01:02Z</time>
      </trkpt>
      <trkpt lat="48.10617833" lon="22.73843">
        <ele>155.3</ele>
        <time>2025-07-09T13:01:03Z</time>
      </trkpt>
      <trkpt lat="48.106065" lon="22.738345">
        <ele>154.9</ele>
        <time>2025-07-09T13:01:04Z</time>
      </trkpt>
      <trkpt lat="48.10596" lon="22.73826">
        <ele>154.5</ele>
        <time>2025-07-09T13:01:05Z</time>
      </trkpt>
      <trkpt lat="48.10585833" lon="22.73817667">
        <ele>154.3</ele>
        <time>2025-07-09T13:01:06Z</time>
      </trkpt>
      <trkpt lat="48.10575667" lon="22.738095">
        <ele>154.4</ele>
        <time>2025-07-09T13:01:07Z</time>
      </trkpt>
      <trkpt lat="48.10566333" lon="22.73801333">
        <ele>154.3</ele>
        <time>2025-07-09T13:01:08Z</time>
      </trkpt>
      <trkpt lat="48.10556" lon="22.737945">
        <ele>153.2</ele>
        <time>2025-07-09T13:01:09Z</time>
      </trkpt>
      <trkpt lat="48.105455" lon="22.73787333">
        <ele>152.8</ele>
        <time>2025-07-09T13:01:10Z</time>
      </trkpt>
      <trkpt lat="48.10535833" lon="22.73780333">
        <ele>151.8</ele>
        <time>2025-07-09T13:01:11Z</time>
      </trkpt>
      <trkpt lat="48.10525833" lon="22.73773">
        <ele>151.7</ele>
        <time>2025-07-09T13:01:12Z</time>
      </trkpt>
      <trkpt lat="48.10517" lon="22.73767">
        <ele>152.1</ele>
        <time>2025-07-09T13:01:13Z</time>
      </trkpt>
      <trkpt lat="48.105075" lon="22.73761833">
        <ele>152.2</ele>
        <time>2025-07-09T13:01:14Z</time>
      </trkpt>
      <trkpt lat="48.10496667" lon="22.73755167">
        <ele>151.7</ele>
        <time>2025-07-09T13:01:15Z</time>
      </trkpt>
      <trkpt lat="48.10486333" lon="22.737465">
        <ele>152.1</ele>
        <time>2025-07-09T13:01:16Z</time>
      </trkpt>
      <trkpt lat="48.10476167" lon="22.73737">
        <ele>152.5</ele>
        <time>2025-07-09T13:01:17Z</time>
      </trkpt>
      <trkpt lat="48.10465333" lon="22.73726333">
        <ele>152.1</ele>
        <time>2025-07-09T13:01:18Z</time>
      </trkpt>
      <trkpt lat="48.10455" lon="22.73715833">
        <ele>152.7</ele>
        <time>2025-07-09T13:01:19Z</time>
      </trkpt>
      <trkpt lat="48.10445667" lon="22.73705167">
        <ele>152.6</ele>
        <time>2025-07-09T13:01:20Z</time>
      </trkpt>
      <trkpt lat="48.10435667" lon="22.73695667">
        <ele>152.6</ele>
        <time>2025-07-09T13:01:21Z</time>
      </trkpt>
      <trkpt lat="48.10424833" lon="22.73686167">
        <ele>151.9</ele>
        <time>2025-07-09T13:01:22Z</time>
      </trkpt>
      <trkpt lat="48.10414167" lon="22.73678833">
        <ele>151.9</ele>
        <time>2025-07-09T13:01:23Z</time>
      </trkpt>
      <trkpt lat="48.10402833" lon="22.736735">
        <ele>151.6</ele>
        <time>2025-07-09T13:01:24Z</time>
      </trkpt>
      <trkpt lat="48.10392333" lon="22.73666">
        <ele>151.2</ele>
        <time>2025-07-09T13:01:25Z</time>
      </trkpt>
      <trkpt lat="48.10382667" lon="22.73658">
        <ele>150.6</ele>
        <time>2025-07-09T13:01:26Z</time>
      </trkpt>
      <trkpt lat="48.10374" lon="22.736445">
        <ele>151.2</ele>
        <time>2025-07-09T13:01:27Z</time>
      </trkpt>
      <trkpt lat="48.10367167" lon="22.73628667">
        <ele>151</ele>
        <time>2025-07-09T13:01:28Z</time>
      </trkpt>
      <trkpt lat="48.10361" lon="22.73612833">
        <ele>150.3</ele>
        <time>2025-07-09T13:01:29Z</time>
      </trkpt>
      <trkpt lat="48.10355833" lon="22.73595333">
        <ele>151.2</ele>
        <time>2025-07-09T13:01:30Z</time>
      </trkpt>
      <trkpt lat="48.10350667" lon="22.735785">
        <ele>151.2</ele>
        <time>2025-07-09T13:01:31Z</time>
      </trkpt>
      <trkpt lat="48.10345667" lon="22.73560833">
        <ele>151</ele>
        <time>2025-07-09T13:01:32Z</time>
      </trkpt>
      <trkpt lat="48.10341" lon="22.73543833">
        <ele>150.6</ele>
        <time>2025-07-09T13:01:33Z</time>
      </trkpt>
      <trkpt lat="48.10335" lon="22.73527">
        <ele>150.3</ele>
        <time>2025-07-09T13:01:34Z</time>
      </trkpt>
      <trkpt lat="48.10330667" lon="22.73510667">
        <ele>151.6</ele>
        <time>2025-07-09T13:01:35Z</time>
      </trkpt>
      <trkpt lat="48.10325667" lon="22.73492333">
        <ele>151.8</ele>
        <time>2025-07-09T13:01:36Z</time>
      </trkpt>
      <trkpt lat="48.10321667" lon="22.73473667">
        <ele>151.7</ele>
        <time>2025-07-09T13:01:37Z</time>
      </trkpt>
      <trkpt lat="48.10319167" lon="22.73455167">
        <ele>151.4</ele>
        <time>2025-07-09T13:01:38Z</time>
      </trkpt>
      <trkpt lat="48.10315833" lon="22.73436833">
        <ele>151.5</ele>
        <time>2025-07-09T13:01:39Z</time>
      </trkpt>
      <trkpt lat="48.10313333" lon="22.73417833">
        <ele>152.3</ele>
        <time>2025-07-09T13:01:40Z</time>
      </trkpt>
      <trkpt lat="48.10311" lon="22.73398833">
        <ele>152.7</ele>
        <time>2025-07-09T13:01:41Z</time>
      </trkpt>
      <trkpt lat="48.10308667" lon="22.7338">
        <ele>153.2</ele>
        <time>2025-07-09T13:01:42Z</time>
      </trkpt>
      <trkpt lat="48.10306167" lon="22.73361333">
        <ele>153.7</ele>
        <time>2025-07-09T13:01:43Z</time>
      </trkpt>
      <trkpt lat="48.10304167" lon="22.73343">
        <ele>153.7</ele>
        <time>2025-07-09T13:01:44Z</time>
      </trkpt>
      <trkpt lat="48.10302667" lon="22.733255">
        <ele>153.6</ele>
        <time>2025-07-09T13:01:45Z</time>
      </trkpt>
      <trkpt lat="48.103005" lon="22.73307333">
        <ele>153.7</ele>
        <time>2025-07-09T13:01:46Z</time>
      </trkpt>
      <trkpt lat="48.102985" lon="22.732895">
        <ele>153.5</ele>
        <time>2025-07-09T13:01:47Z</time>
      </trkpt>
      <trkpt lat="48.10296833" lon="22.73271167">
        <ele>153.5</ele>
        <time>2025-07-09T13:01:48Z</time>
      </trkpt>
      <trkpt lat="48.10295" lon="22.732515">
        <ele>153</ele>
        <time>2025-07-09T13:01:49Z</time>
      </trkpt>
      <trkpt lat="48.10293167" lon="22.73232">
        <ele>152.6</ele>
        <time>2025-07-09T13:01:50Z</time>
      </trkpt>
      <trkpt lat="48.10291833" lon="22.732125">
        <ele>152.1</ele>
        <time>2025-07-09T13:01:51Z</time>
      </trkpt>
      <trkpt lat="48.10289833" lon="22.73193167">
        <ele>152.5</ele>
        <time>2025-07-09T13:01:52Z</time>
      </trkpt>
      <trkpt lat="48.102875" lon="22.73173">
        <ele>153.7</ele>
        <time>2025-07-09T13:01:53Z</time>
      </trkpt>
      <trkpt lat="48.10285667" lon="22.73153833">
        <ele>153.5</ele>
        <time>2025-07-09T13:01:54Z</time>
      </trkpt>
      <trkpt lat="48.10283833" lon="22.73135167">
        <ele>153.4</ele>
        <time>2025-07-09T13:01:55Z</time>
      </trkpt>
      <trkpt lat="48.102825" lon="22.73117833">
        <ele>153.8</ele>
        <time>2025-07-09T13:01:56Z</time>
      </trkpt>
      <trkpt lat="48.10281" lon="22.73099333">
        <ele>153.4</ele>
        <time>2025-07-09T13:01:57Z</time>
      </trkpt>
      <trkpt lat="48.10279" lon="22.73081167">
        <ele>152.9</ele>
        <time>2025-07-09T13:01:58Z</time>
      </trkpt>
      <trkpt lat="48.10276667" lon="22.730615">
        <ele>153.2</ele>
        <time>2025-07-09T13:01:59Z</time>
      </trkpt>
      <trkpt lat="48.10274833" lon="22.73043">
        <ele>153.2</ele>
        <time>2025-07-09T13:02:00Z</time>
      </trkpt>
      <trkpt lat="48.10273167" lon="22.73024833">
        <ele>153</ele>
        <time>2025-07-09T13:02:01Z</time>
      </trkpt>
      <trkpt lat="48.10271167" lon="22.73007">
        <ele>152.3</ele>
        <time>2025-07-09T13:02:02Z</time>
      </trkpt>
      <trkpt lat="48.10268833" lon="22.72988333">
        <ele>153.3</ele>
        <time>2025-07-09T13:02:03Z</time>
      </trkpt>
      <trkpt lat="48.10267167" lon="22.729715">
        <ele>153.7</ele>
        <time>2025-07-09T13:02:04Z</time>
      </trkpt>
      <trkpt lat="48.10265833" lon="22.729545">
        <ele>153.9</ele>
        <time>2025-07-09T13:02:05Z</time>
      </trkpt>
      <trkpt lat="48.10262833" lon="22.72937333">
        <ele>155.1</ele>
        <time>2025-07-09T13:02:06Z</time>
      </trkpt>
      <trkpt lat="48.1026" lon="22.72921">
        <ele>155.1</ele>
        <time>2025-07-09T13:02:07Z</time>
      </trkpt>
      <trkpt lat="48.102575" lon="22.72904">
        <ele>154.2</ele>
        <time>2025-07-09T13:02:08Z</time>
      </trkpt>
      <trkpt lat="48.10255333" lon="22.728835">
        <ele>152.9</ele>
        <time>2025-07-09T13:02:09Z</time>
      </trkpt>
      <trkpt lat="48.10254" lon="22.72864">
        <ele>152.2</ele>
        <time>2025-07-09T13:02:10Z</time>
      </trkpt>
      <trkpt lat="48.102515" lon="22.72844833">
        <ele>150.5</ele>
        <time>2025-07-09T13:02:11Z</time>
      </trkpt>
      <trkpt lat="48.10250333" lon="22.72828">
        <ele>149.6</ele>
        <time>2025-07-09T13:02:12Z</time>
      </trkpt>
      <trkpt lat="48.10249667" lon="22.72810167">
        <ele>149.2</ele>
        <time>2025-07-09T13:02:13Z</time>
      </trkpt>
      <trkpt lat="48.102485" lon="22.72792833">
        <ele>149.3</ele>
        <time>2025-07-09T13:02:14Z</time>
      </trkpt>
      <trkpt lat="48.10247167" lon="22.72775833">
        <ele>148.4</ele>
        <time>2025-07-09T13:02:15Z</time>
      </trkpt>
      <trkpt lat="48.10244" lon="22.72756167">
        <ele>147.4</ele>
        <time>2025-07-09T13:02:16Z</time>
      </trkpt>
      <trkpt lat="48.10243667" lon="22.72738">
        <ele>146.2</ele>
        <time>2025-07-09T13:02:17Z</time>
      </trkpt>
      <trkpt lat="48.10241167" lon="22.727185">
        <ele>146.3</ele>
        <time>2025-07-09T13:02:18Z</time>
      </trkpt>
      <trkpt lat="48.10238667" lon="22.72699">
        <ele>147.8</ele>
        <time>2025-07-09T13:02:19Z</time>
      </trkpt>
      <trkpt lat="48.10237667" lon="22.72681667">
        <ele>147.7</ele>
        <time>2025-07-09T13:02:20Z</time>
      </trkpt>
      <trkpt lat="48.10236667" lon="22.72664167">
        <ele>147.7</ele>
        <time>2025-07-09T13:02:21Z</time>
      </trkpt>
      <trkpt lat="48.102335" lon="22.72644833">
        <ele>149.3</ele>
        <time>2025-07-09T13:02:22Z</time>
      </trkpt>
      <trkpt lat="48.102315" lon="22.72627333">
        <ele>148.8</ele>
        <time>2025-07-09T13:02:23Z</time>
      </trkpt>
      <trkpt lat="48.10229167" lon="22.72609667">
        <ele>148.6</ele>
        <time>2025-07-09T13:02:24Z</time>
      </trkpt>
      <trkpt lat="48.10226167" lon="22.72591833">
        <ele>147.9</ele>
        <time>2025-07-09T13:02:25Z</time>
      </trkpt>
      <trkpt lat="48.10223667" lon="22.72575167">
        <ele>148.1</ele>
        <time>2025-07-09T13:02:26Z</time>
      </trkpt>
      <trkpt lat="48.10222" lon="22.72559">
        <ele>148.1</ele>
        <time>2025-07-09T13:02:27Z</time>
      </trkpt>
      <trkpt lat="48.10219833" lon="22.72542">
        <ele>148</ele>
        <time>2025-07-09T13:02:28Z</time>
      </trkpt>
      <trkpt lat="48.10218833" lon="22.72526167">
        <ele>148</ele>
        <time>2025-07-09T13:02:29Z</time>
      </trkpt>
      <trkpt lat="48.10218167" lon="22.725095">
        <ele>147.7</ele>
        <time>2025-07-09T13:02:30Z</time>
      </trkpt>
      <trkpt lat="48.10217833" lon="22.724935">
        <ele>147</ele>
        <time>2025-07-09T13:02:31Z</time>
      </trkpt>
      <trkpt lat="48.10218333" lon="22.724765">
        <ele>146.6</ele>
        <time>2025-07-09T13:02:32Z</time>
      </trkpt>
      <trkpt lat="48.10220333" lon="22.72458833">
        <ele>146.2</ele>
        <time>2025-07-09T13:02:33Z</time>
      </trkpt>
      <trkpt lat="48.10223833" lon="22.724405">
        <ele>144.7</ele>
        <time>2025-07-09T13:02:34Z</time>
      </trkpt>
      <trkpt lat="48.10229167" lon="22.72424667">
        <ele>143.8</ele>
        <time>2025-07-09T13:02:35Z</time>
      </trkpt>
      <trkpt lat="48.10235" lon="22.724075">
        <ele>143.6</ele>
        <time>2025-07-09T13:02:36Z</time>
      </trkpt>
      <trkpt lat="48.10240833" lon="22.72391333">
        <ele>143.2</ele>
        <time>2025-07-09T13:02:37Z</time>
      </trkpt>
      <trkpt lat="48.10246" lon="22.723765">
        <ele>144.6</ele>
        <time>2025-07-09T13:02:38Z</time>
      </trkpt>
      <trkpt lat="48.10251167" lon="22.72359833">
        <ele>145.1</ele>
        <time>2025-07-09T13:02:39Z</time>
      </trkpt>
      <trkpt lat="48.102575" lon="22.72344167">
        <ele>145.4</ele>
        <time>2025-07-09T13:02:40Z</time>
      </trkpt>
      <trkpt lat="48.102635" lon="22.72328">
        <ele>145.9</ele>
        <time>2025-07-09T13:02:41Z</time>
      </trkpt>
      <trkpt lat="48.10269833" lon="22.72313">
        <ele>146.1</ele>
        <time>2025-07-09T13:02:42Z</time>
      </trkpt>
      <trkpt lat="48.10276333" lon="22.72297667">
        <ele>145.6</ele>
        <time>2025-07-09T13:02:43Z</time>
      </trkpt>
      <trkpt lat="48.10283" lon="22.72281667">
        <ele>145.7</ele>
        <time>2025-07-09T13:02:44Z</time>
      </trkpt>
      <trkpt lat="48.10289667" lon="22.72265333">
        <ele>145.8</ele>
        <time>2025-07-09T13:02:45Z</time>
      </trkpt>
      <trkpt lat="48.10296333" lon="22.72251167">
        <ele>145.7</ele>
        <time>2025-07-09T13:02:46Z</time>
      </trkpt>
      <trkpt lat="48.10303333" lon="22.72235833">
        <ele>146.6</ele>
        <time>2025-07-09T13:02:47Z</time>
      </trkpt>
      <trkpt lat="48.10309667" lon="22.72219667">
        <ele>145.2</ele>
        <time>2025-07-09T13:02:48Z</time>
      </trkpt>
      <trkpt lat="48.10315333" lon="22.722045">
        <ele>145.9</ele>
        <time>2025-07-09T13:02:49Z</time>
      </trkpt>
      <trkpt lat="48.10321167" lon="22.72188333">
        <ele>146</ele>
        <time>2025-07-09T13:02:50Z</time>
      </trkpt>
      <trkpt lat="48.10326667" lon="22.72173333">
        <ele>146.6</ele>
        <time>2025-07-09T13:02:51Z</time>
      </trkpt>
      <trkpt lat="48.10332333" lon="22.72158667">
        <ele>147.8</ele>
        <time>2025-07-09T13:02:52Z</time>
      </trkpt>
      <trkpt lat="48.10338" lon="22.721445">
        <ele>148.9</ele>
        <time>2025-07-09T13:02:53Z</time>
      </trkpt>
      <trkpt lat="48.10343667" lon="22.72130333">
        <ele>149</ele>
        <time>2025-07-09T13:02:54Z</time>
      </trkpt>
      <trkpt lat="48.10349833" lon="22.72115167">
        <ele>149</ele>
        <time>2025-07-09T13:02:55Z</time>
      </trkpt>
      <trkpt lat="48.10356" lon="22.721">
        <ele>149.4</ele>
        <time>2025-07-09T13:02:56Z</time>
      </trkpt>
      <trkpt lat="48.103615" lon="22.720845">
        <ele>149</ele>
        <time>2025-07-09T13:02:57Z</time>
      </trkpt>
      <trkpt lat="48.10367833" lon="22.7207">
        <ele>149.3</ele>
        <time>2025-07-09T13:02:58Z</time>
      </trkpt>
      <trkpt lat="48.10374" lon="22.72054667">
        <ele>149.1</ele>
        <time>2025-07-09T13:02:59Z</time>
      </trkpt>
      <trkpt lat="48.10379833" lon="22.72039">
        <ele>149</ele>
        <time>2025-07-09T13:03:00Z</time>
      </trkpt>
      <trkpt lat="48.103855" lon="22.72023167">
        <ele>149.7</ele>
        <time>2025-07-09T13:03:01Z</time>
      </trkpt>
      <trkpt lat="48.10390167" lon="22.720075">
        <ele>150.5</ele>
        <time>2025-07-09T13:03:02Z</time>
      </trkpt>
      <trkpt lat="48.10394833" lon="22.71991167">
        <ele>150.1</ele>
        <time>2025-07-09T13:03:03Z</time>
      </trkpt>
      <trkpt lat="48.10399667" lon="22.71975">
        <ele>150.1</ele>
        <time>2025-07-09T13:03:04Z</time>
      </trkpt>
      <trkpt lat="48.10404" lon="22.71958167">
        <ele>151</ele>
        <time>2025-07-09T13:03:05Z</time>
      </trkpt>
      <trkpt lat="48.10408167" lon="22.71941167">
        <ele>150.7</ele>
        <time>2025-07-09T13:03:06Z</time>
      </trkpt>
      <trkpt lat="48.10412667" lon="22.71925667">
        <ele>150.5</ele>
        <time>2025-07-09T13:03:07Z</time>
      </trkpt>
      <trkpt lat="48.10416833" lon="22.719095">
        <ele>150.7</ele>
        <time>2025-07-09T13:03:08Z</time>
      </trkpt>
      <trkpt lat="48.104215" lon="22.718935">
        <ele>150.5</ele>
        <time>2025-07-09T13:03:09Z</time>
      </trkpt>
      <trkpt lat="48.10425667" lon="22.71877833">
        <ele>150</ele>
        <time>2025-07-09T13:03:10Z</time>
      </trkpt>
      <trkpt lat="48.104305" lon="22.71862">
        <ele>149.8</ele>
        <time>2025-07-09T13:03:11Z</time>
      </trkpt>
      <trkpt lat="48.10435167" lon="22.71846333">
        <ele>149.1</ele>
        <time>2025-07-09T13:03:12Z</time>
      </trkpt>
      <trkpt lat="48.10441667" lon="22.71832333">
        <ele>149.9</ele>
        <time>2025-07-09T13:03:13Z</time>
      </trkpt>
      <trkpt lat="48.10449833" lon="22.718195">
        <ele>150.1</ele>
        <time>2025-07-09T13:03:14Z</time>
      </trkpt>
      <trkpt lat="48.10458333" lon="22.718085">
        <ele>150.5</ele>
        <time>2025-07-09T13:03:15Z</time>
      </trkpt>
      <trkpt lat="48.10468333" lon="22.71799">
        <ele>151.1</ele>
        <time>2025-07-09T13:03:16Z</time>
      </trkpt>
      <trkpt lat="48.10479167" lon="22.71789333">
        <ele>154</ele>
        <time>2025-07-09T13:03:17Z</time>
      </trkpt>
      <trkpt lat="48.10489333" lon="22.717805">
        <ele>153.4</ele>
        <time>2025-07-09T13:03:18Z</time>
      </trkpt>
      <trkpt lat="48.10499333" lon="22.71770167">
        <ele>152.6</ele>
        <time>2025-07-09T13:03:19Z</time>
      </trkpt>
      <trkpt lat="48.10509333" lon="22.71760333">
        <ele>153.1</ele>
        <time>2025-07-09T13:03:20Z</time>
      </trkpt>
      <trkpt lat="48.10519" lon="22.71751667">
        <ele>153.4</ele>
        <time>2025-07-09T13:03:21Z</time>
      </trkpt>
      <trkpt lat="48.105295" lon="22.717415">
        <ele>153</ele>
        <time>2025-07-09T13:03:22Z</time>
      </trkpt>
      <trkpt lat="48.10540167" lon="22.71731167">
        <ele>153</ele>
        <time>2025-07-09T13:03:23Z</time>
      </trkpt>
      <trkpt lat="48.105515" lon="22.717215">
        <ele>151.1</ele>
        <time>2025-07-09T13:03:24Z</time>
      </trkpt>
      <trkpt lat="48.10560667" lon="22.71712">
        <ele>149.3</ele>
        <time>2025-07-09T13:03:25Z</time>
      </trkpt>
      <trkpt lat="48.10570333" lon="22.717025">
        <ele>148.9</ele>
        <time>2025-07-09T13:03:26Z</time>
      </trkpt>
      <trkpt lat="48.10580167" lon="22.71692">
        <ele>148.2</ele>
        <time>2025-07-09T13:03:27Z</time>
      </trkpt>
      <trkpt lat="48.1059" lon="22.716815">
        <ele>147.8</ele>
        <time>2025-07-09T13:03:28Z</time>
      </trkpt>
      <trkpt lat="48.105995" lon="22.71671">
        <ele>147.1</ele>
        <time>2025-07-09T13:03:29Z</time>
      </trkpt>
      <trkpt lat="48.10609" lon="22.71659833">
        <ele>145.9</ele>
        <time>2025-07-09T13:03:30Z</time>
      </trkpt>
      <trkpt lat="48.10618" lon="22.71648">
        <ele>145.3</ele>
        <time>2025-07-09T13:03:31Z</time>
      </trkpt>
      <trkpt lat="48.10627" lon="22.71636667">
        <ele>144.9</ele>
        <time>2025-07-09T13:03:32Z</time>
      </trkpt>
      <trkpt lat="48.10635333" lon="22.71624667">
        <ele>144.9</ele>
        <time>2025-07-09T13:03:33Z</time>
      </trkpt>
      <trkpt lat="48.106435" lon="22.71613">
        <ele>145</ele>
        <time>2025-07-09T13:03:34Z</time>
      </trkpt>
      <trkpt lat="48.10651333" lon="22.71601333">
        <ele>144.6</ele>
        <time>2025-07-09T13:03:35Z</time>
      </trkpt>
      <trkpt lat="48.10659167" lon="22.71589667">
        <ele>145</ele>
        <time>2025-07-09T13:03:36Z</time>
      </trkpt>
      <trkpt lat="48.106665" lon="22.715785">
        <ele>144.6</ele>
        <time>2025-07-09T13:03:37Z</time>
      </trkpt>
      <trkpt lat="48.10673333" lon="22.71568333">
        <ele>144.5</ele>
        <time>2025-07-09T13:03:38Z</time>
      </trkpt>
      <trkpt lat="48.106805" lon="22.71558">
        <ele>145</ele>
        <time>2025-07-09T13:03:39Z</time>
      </trkpt>
      <trkpt lat="48.10688" lon="22.71548167">
        <ele>144.8</ele>
        <time>2025-07-09T13:03:40Z</time>
      </trkpt>
      <trkpt lat="48.106955" lon="22.715385">
        <ele>144.7</ele>
        <time>2025-07-09T13:03:41Z</time>
      </trkpt>
      <trkpt lat="48.10704333" lon="22.71530167">
        <ele>145</ele>
        <time>2025-07-09T13:03:42Z</time>
      </trkpt>
      <trkpt lat="48.10713" lon="22.71523833">
        <ele>145.9</ele>
        <time>2025-07-09T13:03:43Z</time>
      </trkpt>
      <trkpt lat="48.10722" lon="22.715195">
        <ele>146.5</ele>
        <time>2025-07-09T13:03:44Z</time>
      </trkpt>
      <trkpt lat="48.107375" lon="22.71513667">
        <ele>146.9</ele>
        <time>2025-07-09T13:03:46Z</time>
      </trkpt>
      <trkpt lat="48.107495" lon="22.71511333">
        <ele>148.1</ele>
        <time>2025-07-09T13:03:48Z</time>
      </trkpt>
      <trkpt lat="48.10762833" lon="22.71511">
        <ele>148.6</ele>
        <time>2025-07-09T13:04:05Z</time>
      </trkpt>
      <trkpt lat="48.10776" lon="22.71509333">
        <ele>149.2</ele>
        <time>2025-07-09T13:04:08Z</time>
      </trkpt>
      <trkpt lat="48.10788167" lon="22.71507">
        <ele>150</ele>
        <time>2025-07-09T13:04:10Z</time>
      </trkpt>
      <trkpt lat="48.10802333" lon="22.71504167">
        <ele>150.5</ele>
        <time>2025-07-09T13:04:12Z</time>
      </trkpt>
      <trkpt lat="48.108175" lon="22.71502667">
        <ele>149.2</ele>
        <time>2025-07-09T13:04:14Z</time>
      </trkpt>
      <trkpt lat="48.10832833" lon="22.71500833">
        <ele>148.5</ele>
        <time>2025-07-09T13:04:16Z</time>
      </trkpt>
      <trkpt lat="48.10848667" lon="22.71498333">
        <ele>148.4</ele>
        <time>2025-07-09T13:04:18Z</time>
      </trkpt>
      <trkpt lat="48.10862167" lon="22.714985">
        <ele>147.5</ele>
        <time>2025-07-09T13:04:20Z</time>
      </trkpt>
      <trkpt lat="48.10873667" lon="22.714975">
        <ele>147.2</ele>
        <time>2025-07-09T13:04:22Z</time>
      </trkpt>
      <trkpt lat="48.108835" lon="22.71490167">
        <ele>146.8</ele>
        <time>2025-07-09T13:04:24Z</time>
      </trkpt>
      <trkpt lat="48.10888833" lon="22.71476667">
        <ele>146.5</ele>
        <time>2025-07-09T13:04:26Z</time>
      </trkpt>
      <trkpt lat="48.108875" lon="22.714565">
        <ele>146.7</ele>
        <time>2025-07-09T13:04:28Z</time>
      </trkpt>
      <trkpt lat="48.10885" lon="22.71433833">
        <ele>147.9</ele>
        <time>2025-07-09T13:04:30Z</time>
      </trkpt>
      <trkpt lat="48.10882667" lon="22.71408333">
        <ele>148.8</ele>
        <time>2025-07-09T13:04:32Z</time>
      </trkpt>
      <trkpt lat="48.108795" lon="22.71381833">
        <ele>149.6</ele>
        <time>2025-07-09T13:04:34Z</time>
      </trkpt>
      <trkpt lat="48.10878" lon="22.71367667">
        <ele>150.3</ele>
        <time>2025-07-09T13:04:35Z</time>
      </trkpt>
      <trkpt lat="48.10876833" lon="22.71353">
        <ele>150.4</ele>
        <time>2025-07-09T13:04:36Z</time>
      </trkpt>
      <trkpt lat="48.10874833" lon="22.71338833">
        <ele>150.6</ele>
        <time>2025-07-09T13:04:37Z</time>
      </trkpt>
      <trkpt lat="48.108715" lon="22.71324667">
        <ele>151.1</ele>
        <time>2025-07-09T13:04:38Z</time>
      </trkpt>
      <trkpt lat="48.10868833" lon="22.71310167">
        <ele>151.1</ele>
        <time>2025-07-09T13:04:39Z</time>
      </trkpt>
      <trkpt lat="48.108645" lon="22.712965">
        <ele>151.2</ele>
        <time>2025-07-09T13:04:40Z</time>
      </trkpt>
      <trkpt lat="48.10859833" lon="22.71282667">
        <ele>151.4</ele>
        <time>2025-07-09T13:04:41Z</time>
      </trkpt>
      <trkpt lat="48.10855333" lon="22.712695">
        <ele>151.6</ele>
        <time>2025-07-09T13:04:42Z</time>
      </trkpt>
      <trkpt lat="48.108515" lon="22.712545">
        <ele>152.1</ele>
        <time>2025-07-09T13:04:43Z</time>
      </trkpt>
      <trkpt lat="48.10848167" lon="22.71241833">
        <ele>152.2</ele>
        <time>2025-07-09T13:04:44Z</time>
      </trkpt>
      <trkpt lat="48.108455" lon="22.71227667">
        <ele>152.7</ele>
        <time>2025-07-09T13:04:45Z</time>
      </trkpt>
      <trkpt lat="48.10843833" lon="22.71213">
        <ele>153.3</ele>
        <time>2025-07-09T13:04:46Z</time>
      </trkpt>
      <trkpt lat="48.10842667" lon="22.711985">
        <ele>153.4</ele>
        <time>2025-07-09T13:04:47Z</time>
      </trkpt>
      <trkpt lat="48.108415" lon="22.71184">
        <ele>153.6</ele>
        <time>2025-07-09T13:04:48Z</time>
      </trkpt>
      <trkpt lat="48.108395" lon="22.7117">
        <ele>153.8</ele>
        <time>2025-07-09T13:04:49Z</time>
      </trkpt>
      <trkpt lat="48.108385" lon="22.71155">
        <ele>153.8</ele>
        <time>2025-07-09T13:04:50Z</time>
      </trkpt>
      <trkpt lat="48.10837" lon="22.71140833">
        <ele>153.8</ele>
        <time>2025-07-09T13:04:51Z</time>
      </trkpt>
      <trkpt lat="48.10835333" lon="22.711265">
        <ele>154.1</ele>
        <time>2025-07-09T13:04:52Z</time>
      </trkpt>
      <trkpt lat="48.108335" lon="22.71112">
        <ele>155</ele>
        <time>2025-07-09T13:04:53Z</time>
      </trkpt>
      <trkpt lat="48.10832167" lon="22.71098333">
        <ele>155</ele>
        <time>2025-07-09T13:04:54Z</time>
      </trkpt>
      <trkpt lat="48.10829833" lon="22.71084">
        <ele>154.3</ele>
        <time>2025-07-09T13:04:55Z</time>
      </trkpt>
      <trkpt lat="48.10820833" lon="22.71060667">
        <ele>154.6</ele>
        <time>2025-07-09T13:04:57Z</time>
      </trkpt>
      <trkpt lat="48.10814333" lon="22.710505">
        <ele>154.3</ele>
        <time>2025-07-09T13:04:58Z</time>
      </trkpt>
      <trkpt lat="48.10806167" lon="22.71043167">
        <ele>154.3</ele>
        <time>2025-07-09T13:04:59Z</time>
      </trkpt>
      <trkpt lat="48.10797333" lon="22.710385">
        <ele>154.3</ele>
        <time>2025-07-09T13:05:00Z</time>
      </trkpt>
      <trkpt lat="48.10787667" lon="22.71035">
        <ele>153.1</ele>
        <time>2025-07-09T13:05:01Z</time>
      </trkpt>
      <trkpt lat="48.10777333" lon="22.71031167">
        <ele>152.8</ele>
        <time>2025-07-09T13:05:02Z</time>
      </trkpt>
      <trkpt lat="48.10767833" lon="22.71028167">
        <ele>152.3</ele>
        <time>2025-07-09T13:05:03Z</time>
      </trkpt>
      <trkpt lat="48.10758167" lon="22.71024667">
        <ele>152.2</ele>
        <time>2025-07-09T13:05:04Z</time>
      </trkpt>
      <trkpt lat="48.10749" lon="22.71020667">
        <ele>151.9</ele>
        <time>2025-07-09T13:05:05Z</time>
      </trkpt>
      <trkpt lat="48.1074" lon="22.71017">
        <ele>151.8</ele>
        <time>2025-07-09T13:05:06Z</time>
      </trkpt>
      <trkpt lat="48.10731" lon="22.710135">
        <ele>151.3</ele>
        <time>2025-07-09T13:05:07Z</time>
      </trkpt>
      <trkpt lat="48.10721667" lon="22.710105">
        <ele>151.2</ele>
        <time>2025-07-09T13:05:08Z</time>
      </trkpt>
      <trkpt lat="48.10712167" lon="22.71007667">
        <ele>152.5</ele>
        <time>2025-07-09T13:05:09Z</time>
      </trkpt>
      <trkpt lat="48.10702833" lon="22.71004167">
        <ele>152.6</ele>
        <time>2025-07-09T13:05:10Z</time>
      </trkpt>
      <trkpt lat="48.10693167" lon="22.71001">
        <ele>152.7</ele>
        <time>2025-07-09T13:05:11Z</time>
      </trkpt>
      <trkpt lat="48.106835" lon="22.70998">
        <ele>153</ele>
        <time>2025-07-09T13:05:12Z</time>
      </trkpt>
      <trkpt lat="48.106735" lon="22.70994">
        <ele>153.6</ele>
        <time>2025-07-09T13:05:13Z</time>
      </trkpt>
      <trkpt lat="48.10664333" lon="22.70990667">
        <ele>153.8</ele>
        <time>2025-07-09T13:05:14Z</time>
      </trkpt>
      <trkpt lat="48.10654667" lon="22.70987667">
        <ele>154.1</ele>
        <time>2025-07-09T13:05:15Z</time>
      </trkpt>
      <trkpt lat="48.10644833" lon="22.70985">
        <ele>154.5</ele>
        <time>2025-07-09T13:05:16Z</time>
      </trkpt>
      <trkpt lat="48.106355" lon="22.70981833">
        <ele>154.2</ele>
        <time>2025-07-09T13:05:17Z</time>
      </trkpt>
      <trkpt lat="48.10626" lon="22.70979">
        <ele>154.2</ele>
        <time>2025-07-09T13:05:18Z</time>
      </trkpt>
      <trkpt lat="48.106165" lon="22.709775">
        <ele>153.1</ele>
        <time>2025-07-09T13:05:19Z</time>
      </trkpt>
      <trkpt lat="48.10607" lon="22.70975667">
        <ele>152.7</ele>
        <time>2025-07-09T13:05:20Z</time>
      </trkpt>
      <trkpt lat="48.10597667" lon="22.70973833">
        <ele>152.2</ele>
        <time>2025-07-09T13:05:21Z</time>
      </trkpt>
      <trkpt lat="48.105885" lon="22.70973167">
        <ele>152.6</ele>
        <time>2025-07-09T13:05:22Z</time>
      </trkpt>
      <trkpt lat="48.10571167" lon="22.70972333">
        <ele>153.3</ele>
        <time>2025-07-09T13:05:24Z</time>
      </trkpt>
      <trkpt lat="48.10553833" lon="22.70973167">
        <ele>154.3</ele>
        <time>2025-07-09T13:05:26Z</time>
      </trkpt>
      <trkpt lat="48.10539833" lon="22.709755">
        <ele>154.4</ele>
        <time>2025-07-09T13:05:28Z</time>
      </trkpt>
      <trkpt lat="48.105265" lon="22.70978833">
        <ele>154.3</ele>
        <time>2025-07-09T13:05:30Z</time>
      </trkpt>
      <trkpt lat="48.10515167" lon="22.70984333">
        <ele>155</ele>
        <time>2025-07-09T13:05:33Z</time>
      </trkpt>
      <trkpt lat="48.10504" lon="22.70988333">
        <ele>152</ele>
        <time>2025-07-09T13:06:02Z</time>
      </trkpt>
      <trkpt lat="48.10490667" lon="22.70994167">
        <ele>152</ele>
        <time>2025-07-09T13:06:05Z</time>
      </trkpt>
      <trkpt lat="48.10477167" lon="22.70998667">
        <ele>150.8</ele>
        <time>2025-07-09T13:06:07Z</time>
      </trkpt>
      <trkpt lat="48.10461667" lon="22.710015">
        <ele>150.7</ele>
        <time>2025-07-09T13:06:09Z</time>
      </trkpt>
      <trkpt lat="48.104435" lon="22.71004">
        <ele>150.8</ele>
        <time>2025-07-09T13:06:11Z</time>
      </trkpt>
      <trkpt lat="48.10433833" lon="22.71005833">
        <ele>151.6</ele>
        <time>2025-07-09T13:06:12Z</time>
      </trkpt>
      <trkpt lat="48.10423833" lon="22.71007667">
        <ele>152.4</ele>
        <time>2025-07-09T13:06:13Z</time>
      </trkpt>
      <trkpt lat="48.10413" lon="22.710095">
        <ele>152.6</ele>
        <time>2025-07-09T13:06:14Z</time>
      </trkpt>
      <trkpt lat="48.104025" lon="22.71010833">
        <ele>152.5</ele>
        <time>2025-07-09T13:06:15Z</time>
      </trkpt>
      <trkpt lat="48.10391667" lon="22.71011833">
        <ele>152</ele>
        <time>2025-07-09T13:06:16Z</time>
      </trkpt>
      <trkpt lat="48.10382167" lon="22.710125">
        <ele>151.5</ele>
        <time>2025-07-09T13:06:17Z</time>
      </trkpt>
      <trkpt lat="48.103725" lon="22.71014">
        <ele>150.9</ele>
        <time>2025-07-09T13:06:18Z</time>
      </trkpt>
      <trkpt lat="48.10362833" lon="22.71015167">
        <ele>151</ele>
        <time>2025-07-09T13:06:19Z</time>
      </trkpt>
      <trkpt lat="48.10353333" lon="22.710165">
        <ele>150.9</ele>
        <time>2025-07-09T13:06:20Z</time>
      </trkpt>
      <trkpt lat="48.10343333" lon="22.71018333">
        <ele>151.2</ele>
        <time>2025-07-09T13:06:21Z</time>
      </trkpt>
      <trkpt lat="48.10334333" lon="22.71019167">
        <ele>151.3</ele>
        <time>2025-07-09T13:06:22Z</time>
      </trkpt>
      <trkpt lat="48.10323833" lon="22.71020167">
        <ele>151.9</ele>
        <time>2025-07-09T13:06:23Z</time>
      </trkpt>
      <trkpt lat="48.10313833" lon="22.71021167">
        <ele>151.6</ele>
        <time>2025-07-09T13:06:24Z</time>
      </trkpt>
      <trkpt lat="48.103045" lon="22.71022667">
        <ele>151.6</ele>
        <time>2025-07-09T13:06:25Z</time>
      </trkpt>
      <trkpt lat="48.10294333" lon="22.71023167">
        <ele>152</ele>
        <time>2025-07-09T13:06:26Z</time>
      </trkpt>
      <trkpt lat="48.10283333" lon="22.71023333">
        <ele>153.1</ele>
        <time>2025-07-09T13:06:27Z</time>
      </trkpt>
      <trkpt lat="48.102725" lon="22.71022333">
        <ele>153.6</ele>
        <time>2025-07-09T13:06:28Z</time>
      </trkpt>
      <trkpt lat="48.10261667" lon="22.71022333">
        <ele>153.2</ele>
        <time>2025-07-09T13:06:29Z</time>
      </trkpt>
      <trkpt lat="48.10249833" lon="22.71021333">
        <ele>153.1</ele>
        <time>2025-07-09T13:06:30Z</time>
      </trkpt>
      <trkpt lat="48.10238" lon="22.71020167">
        <ele>153</ele>
        <time>2025-07-09T13:06:31Z</time>
      </trkpt>
      <trkpt lat="48.10226667" lon="22.71019833">
        <ele>153.4</ele>
        <time>2025-07-09T13:06:32Z</time>
      </trkpt>
      <trkpt lat="48.10214333" lon="22.71019">
        <ele>153.7</ele>
        <time>2025-07-09T13:06:33Z</time>
      </trkpt>
      <trkpt lat="48.10201833" lon="22.71019">
        <ele>153.7</ele>
        <time>2025-07-09T13:06:34Z</time>
      </trkpt>
      <trkpt lat="48.10190333" lon="22.71019">
        <ele>153.4</ele>
        <time>2025-07-09T13:06:35Z</time>
      </trkpt>
      <trkpt lat="48.10179" lon="22.71018833">
        <ele>153</ele>
        <time>2025-07-09T13:06:36Z</time>
      </trkpt>
      <trkpt lat="48.101675" lon="22.71018833">
        <ele>152.6</ele>
        <time>2025-07-09T13:06:37Z</time>
      </trkpt>
      <trkpt lat="48.10155833" lon="22.71019333">
        <ele>152.9</ele>
        <time>2025-07-09T13:06:38Z</time>
      </trkpt>
      <trkpt lat="48.10144833" lon="22.71019667">
        <ele>152.9</ele>
        <time>2025-07-09T13:06:39Z</time>
      </trkpt>
      <trkpt lat="48.10133667" lon="22.71019667">
        <ele>152.7</ele>
        <time>2025-07-09T13:06:40Z</time>
      </trkpt>
      <trkpt lat="48.101225" lon="22.71019333">
        <ele>152.1</ele>
        <time>2025-07-09T13:06:41Z</time>
      </trkpt>
      <trkpt lat="48.10111667" lon="22.710205">
        <ele>151.5</ele>
        <time>2025-07-09T13:06:42Z</time>
      </trkpt>
      <trkpt lat="48.10100167" lon="22.710235">
        <ele>150.7</ele>
        <time>2025-07-09T13:06:43Z</time>
      </trkpt>
      <trkpt lat="48.10088167" lon="22.71026833">
        <ele>150.7</ele>
        <time>2025-07-09T13:06:44Z</time>
      </trkpt>
      <trkpt lat="48.10076333" lon="22.71031">
        <ele>150.2</ele>
        <time>2025-07-09T13:06:45Z</time>
      </trkpt>
      <trkpt lat="48.10064333" lon="22.71036">
        <ele>150.4</ele>
        <time>2025-07-09T13:06:46Z</time>
      </trkpt>
      <trkpt lat="48.10051833" lon="22.71039667">
        <ele>150.7</ele>
        <time>2025-07-09T13:06:47Z</time>
      </trkpt>
      <trkpt lat="48.10039" lon="22.71043">
        <ele>150.8</ele>
        <time>2025-07-09T13:06:48Z</time>
      </trkpt>
      <trkpt lat="48.100265" lon="22.71046">
        <ele>150.6</ele>
        <time>2025-07-09T13:06:49Z</time>
      </trkpt>
      <trkpt lat="48.10014667" lon="22.71049">
        <ele>149.5</ele>
        <time>2025-07-09T13:06:50Z</time>
      </trkpt>
      <trkpt lat="48.10003333" lon="22.71053">
        <ele>148.5</ele>
        <time>2025-07-09T13:06:51Z</time>
      </trkpt>
      <trkpt lat="48.09992" lon="22.71057">
        <ele>147.8</ele>
        <time>2025-07-09T13:06:52Z</time>
      </trkpt>
      <trkpt lat="48.09980167" lon="22.71062167">
        <ele>146.7</ele>
        <time>2025-07-09T13:06:53Z</time>
      </trkpt>
      <trkpt lat="48.09968833" lon="22.71065667">
        <ele>146.3</ele>
        <time>2025-07-09T13:06:54Z</time>
      </trkpt>
      <trkpt lat="48.09957167" lon="22.71070167">
        <ele>145.7</ele>
        <time>2025-07-09T13:06:55Z</time>
      </trkpt>
      <trkpt lat="48.09946833" lon="22.71073">
        <ele>145.8</ele>
        <time>2025-07-09T13:06:56Z</time>
      </trkpt>
      <trkpt lat="48.09936" lon="22.71077">
        <ele>146.1</ele>
        <time>2025-07-09T13:06:57Z</time>
      </trkpt>
      <trkpt lat="48.09926" lon="22.71080333">
        <ele>146.5</ele>
        <time>2025-07-09T13:06:58Z</time>
      </trkpt>
      <trkpt lat="48.09916833" lon="22.710835">
        <ele>147</ele>
        <time>2025-07-09T13:06:59Z</time>
      </trkpt>
      <trkpt lat="48.09907667" lon="22.71087">
        <ele>147.3</ele>
        <time>2025-07-09T13:07:00Z</time>
      </trkpt>
      <trkpt lat="48.09892667" lon="22.71092667">
        <ele>148</ele>
        <time>2025-07-09T13:07:02Z</time>
      </trkpt>
      <trkpt lat="48.09882167" lon="22.71095167">
        <ele>148.8</ele>
        <time>2025-07-09T13:07:04Z</time>
      </trkpt>
      <trkpt lat="48.09872667" lon="22.710985">
        <ele>148.8</ele>
        <time>2025-07-09T13:07:19Z</time>
      </trkpt>
      <trkpt lat="48.098615" lon="22.71103333">
        <ele>148.7</ele>
        <time>2025-07-09T13:07:22Z</time>
      </trkpt>
      <trkpt lat="48.09852" lon="22.711085">
        <ele>148.5</ele>
        <time>2025-07-09T13:07:24Z</time>
      </trkpt>
      <trkpt lat="48.09840333" lon="22.71113833">
        <ele>148.3</ele>
        <time>2025-07-09T13:07:26Z</time>
      </trkpt>
      <trkpt lat="48.09828167" lon="22.71117667">
        <ele>147</ele>
        <time>2025-07-09T13:07:28Z</time>
      </trkpt>
      <trkpt lat="48.09812" lon="22.71123167">
        <ele>147</ele>
        <time>2025-07-09T13:07:30Z</time>
      </trkpt>
      <trkpt lat="48.09793333" lon="22.71129333">
        <ele>146.6</ele>
        <time>2025-07-09T13:07:32Z</time>
      </trkpt>
      <trkpt lat="48.09784333" lon="22.71132667">
        <ele>146</ele>
        <time>2025-07-09T13:07:33Z</time>
      </trkpt>
      <trkpt lat="48.09775167" lon="22.71137">
        <ele>145.3</ele>
        <time>2025-07-09T13:07:34Z</time>
      </trkpt>
      <trkpt lat="48.097645" lon="22.71141">
        <ele>145.7</ele>
        <time>2025-07-09T13:07:35Z</time>
      </trkpt>
      <trkpt lat="48.09752833" lon="22.71145333">
        <ele>146.5</ele>
        <time>2025-07-09T13:07:36Z</time>
      </trkpt>
      <trkpt lat="48.09741" lon="22.71149667">
        <ele>147.5</ele>
        <time>2025-07-09T13:07:37Z</time>
      </trkpt>
      <trkpt lat="48.09729" lon="22.71154333">
        <ele>148.5</ele>
        <time>2025-07-09T13:07:38Z</time>
      </trkpt>
      <trkpt lat="48.09716833" lon="22.71158667">
        <ele>149.3</ele>
        <time>2025-07-09T13:07:39Z</time>
      </trkpt>
      <trkpt lat="48.097035" lon="22.711625">
        <ele>148.8</ele>
        <time>2025-07-09T13:07:40Z</time>
      </trkpt>
      <trkpt lat="48.096905" lon="22.71167">
        <ele>148.2</ele>
        <time>2025-07-09T13:07:41Z</time>
      </trkpt>
      <trkpt lat="48.09677333" lon="22.71171667">
        <ele>148.6</ele>
        <time>2025-07-09T13:07:42Z</time>
      </trkpt>
      <trkpt lat="48.096645" lon="22.71176">
        <ele>149.4</ele>
        <time>2025-07-09T13:07:43Z</time>
      </trkpt>
      <trkpt lat="48.096515" lon="22.71180333">
        <ele>149.6</ele>
        <time>2025-07-09T13:07:44Z</time>
      </trkpt>
      <trkpt lat="48.09638667" lon="22.711835">
        <ele>149.7</ele>
        <time>2025-07-09T13:07:45Z</time>
      </trkpt>
      <trkpt lat="48.09625833" lon="22.71188167">
        <ele>150</ele>
        <time>2025-07-09T13:07:46Z</time>
      </trkpt>
      <trkpt lat="48.09612333" lon="22.71194">
        <ele>150</ele>
        <time>2025-07-09T13:07:47Z</time>
      </trkpt>
      <trkpt lat="48.09598833" lon="22.71198667">
        <ele>150.1</ele>
        <time>2025-07-09T13:07:48Z</time>
      </trkpt>
      <trkpt lat="48.09585333" lon="22.71203833">
        <ele>150.5</ele>
        <time>2025-07-09T13:07:49Z</time>
      </trkpt>
      <trkpt lat="48.095715" lon="22.712085">
        <ele>150.6</ele>
        <time>2025-07-09T13:07:50Z</time>
      </trkpt>
      <trkpt lat="48.09557" lon="22.71214">
        <ele>150.8</ele>
        <time>2025-07-09T13:07:51Z</time>
      </trkpt>
      <trkpt lat="48.09542333" lon="22.71219833">
        <ele>150.4</ele>
        <time>2025-07-09T13:07:52Z</time>
      </trkpt>
      <trkpt lat="48.095275" lon="22.71224167">
        <ele>150.6</ele>
        <time>2025-07-09T13:07:53Z</time>
      </trkpt>
      <trkpt lat="48.095125" lon="22.71228833">
        <ele>150.9</ele>
        <time>2025-07-09T13:07:54Z</time>
      </trkpt>
      <trkpt lat="48.09497667" lon="22.71235167">
        <ele>150.9</ele>
        <time>2025-07-09T13:07:55Z</time>
      </trkpt>
      <trkpt lat="48.09482667" lon="22.71240167">
        <ele>150.9</ele>
        <time>2025-07-09T13:07:56Z</time>
      </trkpt>
      <trkpt lat="48.09466833" lon="22.71246167">
        <ele>150.6</ele>
        <time>2025-07-09T13:07:57Z</time>
      </trkpt>
      <trkpt lat="48.094505" lon="22.71253">
        <ele>152.7</ele>
        <time>2025-07-09T13:07:58Z</time>
      </trkpt>
      <trkpt lat="48.094345" lon="22.71259667">
        <ele>154.4</ele>
        <time>2025-07-09T13:07:59Z</time>
      </trkpt>
      <trkpt lat="48.09419" lon="22.71264">
        <ele>154.7</ele>
        <time>2025-07-09T13:08:00Z</time>
      </trkpt>
      <trkpt lat="48.09401833" lon="22.71268333">
        <ele>155.3</ele>
        <time>2025-07-09T13:08:01Z</time>
      </trkpt>
      <trkpt lat="48.09385667" lon="22.71273167">
        <ele>156</ele>
        <time>2025-07-09T13:08:02Z</time>
      </trkpt>
      <trkpt lat="48.09370667" lon="22.712775">
        <ele>156.6</ele>
        <time>2025-07-09T13:08:03Z</time>
      </trkpt>
      <trkpt lat="48.09355333" lon="22.71282167">
        <ele>154.8</ele>
        <time>2025-07-09T13:08:04Z</time>
      </trkpt>
      <trkpt lat="48.093405" lon="22.71287167">
        <ele>155.3</ele>
        <time>2025-07-09T13:08:05Z</time>
      </trkpt>
      <trkpt lat="48.09326" lon="22.71292833">
        <ele>154.5</ele>
        <time>2025-07-09T13:08:06Z</time>
      </trkpt>
      <trkpt lat="48.09312" lon="22.71298167">
        <ele>155</ele>
        <time>2025-07-09T13:08:07Z</time>
      </trkpt>
      <trkpt lat="48.09298167" lon="22.71304667">
        <ele>155.3</ele>
        <time>2025-07-09T13:08:08Z</time>
      </trkpt>
      <trkpt lat="48.09284667" lon="22.71313">
        <ele>154</ele>
        <time>2025-07-09T13:08:09Z</time>
      </trkpt>
      <trkpt lat="48.09270833" lon="22.713235">
        <ele>154.9</ele>
        <time>2025-07-09T13:08:10Z</time>
      </trkpt>
      <trkpt lat="48.09257" lon="22.71335">
        <ele>155.8</ele>
        <time>2025-07-09T13:08:11Z</time>
      </trkpt>
      <trkpt lat="48.09243833" lon="22.71346833">
        <ele>155.6</ele>
        <time>2025-07-09T13:08:12Z</time>
      </trkpt>
      <trkpt lat="48.092315" lon="22.71358333">
        <ele>155.4</ele>
        <time>2025-07-09T13:08:13Z</time>
      </trkpt>
      <trkpt lat="48.09219833" lon="22.71371667">
        <ele>155.8</ele>
        <time>2025-07-09T13:08:14Z</time>
      </trkpt>
      <trkpt lat="48.09208" lon="22.71385333">
        <ele>155.5</ele>
        <time>2025-07-09T13:08:15Z</time>
      </trkpt>
      <trkpt lat="48.09196833" lon="22.71398">
        <ele>155.7</ele>
        <time>2025-07-09T13:08:16Z</time>
      </trkpt>
      <trkpt lat="48.091855" lon="22.714105">
        <ele>156</ele>
        <time>2025-07-09T13:08:17Z</time>
      </trkpt>
      <trkpt lat="48.09174333" lon="22.71422833">
        <ele>155.5</ele>
        <time>2025-07-09T13:08:18Z</time>
      </trkpt>
      <trkpt lat="48.09162667" lon="22.71436333">
        <ele>156</ele>
        <time>2025-07-09T13:08:19Z</time>
      </trkpt>
      <trkpt lat="48.09151333" lon="22.71448667">
        <ele>156.1</ele>
        <time>2025-07-09T13:08:20Z</time>
      </trkpt>
      <trkpt lat="48.0914" lon="22.71461167">
        <ele>156</ele>
        <time>2025-07-09T13:08:21Z</time>
      </trkpt>
      <trkpt lat="48.09128333" lon="22.71474333">
        <ele>156.5</ele>
        <time>2025-07-09T13:08:22Z</time>
      </trkpt>
      <trkpt lat="48.09117167" lon="22.71486167">
        <ele>155.7</ele>
        <time>2025-07-09T13:08:23Z</time>
      </trkpt>
      <trkpt lat="48.09104833" lon="22.71499167">
        <ele>155.1</ele>
        <time>2025-07-09T13:08:24Z</time>
      </trkpt>
      <trkpt lat="48.09092" lon="22.71512833">
        <ele>154.3</ele>
        <time>2025-07-09T13:08:25Z</time>
      </trkpt>
      <trkpt lat="48.09078667" lon="22.71523167">
        <ele>153.9</ele>
        <time>2025-07-09T13:08:26Z</time>
      </trkpt>
      <trkpt lat="48.09065333" lon="22.71531">
        <ele>153.1</ele>
        <time>2025-07-09T13:08:27Z</time>
      </trkpt>
      <trkpt lat="48.090515" lon="22.71536333">
        <ele>152.6</ele>
        <time>2025-07-09T13:08:28Z</time>
      </trkpt>
      <trkpt lat="48.09036" lon="22.715385">
        <ele>153</ele>
        <time>2025-07-09T13:08:29Z</time>
      </trkpt>
      <trkpt lat="48.09021167" lon="22.71541667">
        <ele>153.5</ele>
        <time>2025-07-09T13:08:30Z</time>
      </trkpt>
      <trkpt lat="48.09005667" lon="22.71545">
        <ele>153.4</ele>
        <time>2025-07-09T13:08:31Z</time>
      </trkpt>
      <trkpt lat="48.089905" lon="22.71548833">
        <ele>153.5</ele>
        <time>2025-07-09T13:08:32Z</time>
      </trkpt>
      <trkpt lat="48.08975" lon="22.71552167">
        <ele>153.3</ele>
        <time>2025-07-09T13:08:33Z</time>
      </trkpt>
      <trkpt lat="48.089605" lon="22.71555">
        <ele>149.7</ele>
        <time>2025-07-09T13:08:34Z</time>
      </trkpt>
      <trkpt lat="48.08946667" lon="22.71558833">
        <ele>147.6</ele>
        <time>2025-07-09T13:08:35Z</time>
      </trkpt>
      <trkpt lat="48.08933" lon="22.71562833">
        <ele>147.5</ele>
        <time>2025-07-09T13:08:36Z</time>
      </trkpt>
      <trkpt lat="48.08918833" lon="22.71565">
        <ele>147.7</ele>
        <time>2025-07-09T13:08:37Z</time>
      </trkpt>
      <trkpt lat="48.08905333" lon="22.71567333">
        <ele>146.4</ele>
        <time>2025-07-09T13:08:38Z</time>
      </trkpt>
      <trkpt lat="48.08892167" lon="22.71569333">
        <ele>146.4</ele>
        <time>2025-07-09T13:08:39Z</time>
      </trkpt>
      <trkpt lat="48.088795" lon="22.71571667">
        <ele>146.2</ele>
        <time>2025-07-09T13:08:40Z</time>
      </trkpt>
      <trkpt lat="48.08866667" lon="22.71575">
        <ele>146.5</ele>
        <time>2025-07-09T13:08:41Z</time>
      </trkpt>
      <trkpt lat="48.08853667" lon="22.71578333">
        <ele>147.6</ele>
        <time>2025-07-09T13:08:42Z</time>
      </trkpt>
      <trkpt lat="48.0884" lon="22.71581667">
        <ele>147.7</ele>
        <time>2025-07-09T13:08:43Z</time>
      </trkpt>
      <trkpt lat="48.08827167" lon="22.71585333">
        <ele>147.8</ele>
        <time>2025-07-09T13:08:44Z</time>
      </trkpt>
      <trkpt lat="48.08815333" lon="22.71589">
        <ele>147.8</ele>
        <time>2025-07-09T13:08:45Z</time>
      </trkpt>
      <trkpt lat="48.08804333" lon="22.71592167">
        <ele>147.5</ele>
        <time>2025-07-09T13:08:46Z</time>
      </trkpt>
      <trkpt lat="48.08793833" lon="22.71594">
        <ele>147.9</ele>
        <time>2025-07-09T13:08:47Z</time>
      </trkpt>
      <trkpt lat="48.087845" lon="22.71595833">
        <ele>148.3</ele>
        <time>2025-07-09T13:08:48Z</time>
      </trkpt>
      <trkpt lat="48.08767833" lon="22.71599">
        <ele>147.7</ele>
        <time>2025-07-09T13:08:50Z</time>
      </trkpt>
      <trkpt lat="48.08751667" lon="22.71595667">
        <ele>147.9</ele>
        <time>2025-07-09T13:08:52Z</time>
      </trkpt>
      <trkpt lat="48.087365" lon="22.715855">
        <ele>148.2</ele>
        <time>2025-07-09T13:08:54Z</time>
      </trkpt>
      <trkpt lat="48.08723167" lon="22.71569">
        <ele>148.1</ele>
        <time>2025-07-09T13:08:56Z</time>
      </trkpt>
      <trkpt lat="48.08718833" lon="22.71557167">
        <ele>147.9</ele>
        <time>2025-07-09T13:08:57Z</time>
      </trkpt>
      <trkpt lat="48.08719167" lon="22.71540167">
        <ele>146.8</ele>
        <time>2025-07-09T13:08:58Z</time>
      </trkpt>
      <trkpt lat="48.08722" lon="22.71520667">
        <ele>145.4</ele>
        <time>2025-07-09T13:08:59Z</time>
      </trkpt>
      <trkpt lat="48.087225" lon="22.715025">
        <ele>144.4</ele>
        <time>2025-07-09T13:09:00Z</time>
      </trkpt>
      <trkpt lat="48.08723" lon="22.71485667">
        <ele>144</ele>
        <time>2025-07-09T13:09:01Z</time>
      </trkpt>
      <trkpt lat="48.08722833" lon="22.714695">
        <ele>143.9</ele>
        <time>2025-07-09T13:09:02Z</time>
      </trkpt>
      <trkpt lat="48.08721333" lon="22.714555">
        <ele>143.3</ele>
        <time>2025-07-09T13:09:03Z</time>
      </trkpt>
      <trkpt lat="48.08718333" lon="22.71442333">
        <ele>143.3</ele>
        <time>2025-07-09T13:09:04Z</time>
      </trkpt>
      <trkpt lat="48.087145" lon="22.71429">
        <ele>143.4</ele>
        <time>2025-07-09T13:09:05Z</time>
      </trkpt>
      <trkpt lat="48.08708833" lon="22.71416333">
        <ele>144.1</ele>
        <time>2025-07-09T13:09:06Z</time>
      </trkpt>
      <trkpt lat="48.08702" lon="22.714035">
        <ele>144.8</ele>
        <time>2025-07-09T13:09:07Z</time>
      </trkpt>
      <trkpt lat="48.08695667" lon="22.71390833">
        <ele>146.2</ele>
        <time>2025-07-09T13:09:08Z</time>
      </trkpt>
      <trkpt lat="48.0869" lon="22.713785">
        <ele>146.9</ele>
        <time>2025-07-09T13:09:09Z</time>
      </trkpt>
      <trkpt lat="48.08685833" lon="22.71364667">
        <ele>147.6</ele>
        <time>2025-07-09T13:09:10Z</time>
      </trkpt>
      <trkpt lat="48.08681833" lon="22.71350667">
        <ele>148.3</ele>
        <time>2025-07-09T13:09:11Z</time>
      </trkpt>
      <trkpt lat="48.08677333" lon="22.71335667">
        <ele>149.3</ele>
        <time>2025-07-09T13:09:12Z</time>
      </trkpt>
      <trkpt lat="48.086735" lon="22.71320333">
        <ele>150.9</ele>
        <time>2025-07-09T13:09:13Z</time>
      </trkpt>
      <trkpt lat="48.08668667" lon="22.71304667">
        <ele>151.2</ele>
        <time>2025-07-09T13:09:14Z</time>
      </trkpt>
      <trkpt lat="48.08664333" lon="22.712875">
        <ele>151.2</ele>
        <time>2025-07-09T13:09:15Z</time>
      </trkpt>
      <trkpt lat="48.08659" lon="22.71270167">
        <ele>151.1</ele>
        <time>2025-07-09T13:09:16Z</time>
      </trkpt>
      <trkpt lat="48.08653333" lon="22.71253667">
        <ele>150.6</ele>
        <time>2025-07-09T13:09:17Z</time>
      </trkpt>
      <trkpt lat="48.08647167" lon="22.71236333">
        <ele>150.3</ele>
        <time>2025-07-09T13:09:18Z</time>
      </trkpt>
      <trkpt lat="48.08642333" lon="22.71218833">
        <ele>150.5</ele>
        <time>2025-07-09T13:09:19Z</time>
      </trkpt>
      <trkpt lat="48.08637167" lon="22.712015">
        <ele>149.9</ele>
        <time>2025-07-09T13:09:20Z</time>
      </trkpt>
      <trkpt lat="48.08632333" lon="22.71185667">
        <ele>149.9</ele>
        <time>2025-07-09T13:09:21Z</time>
      </trkpt>
      <trkpt lat="48.08628" lon="22.71167667">
        <ele>150.2</ele>
        <time>2025-07-09T13:09:22Z</time>
      </trkpt>
      <trkpt lat="48.08622667" lon="22.71150167">
        <ele>150.8</ele>
        <time>2025-07-09T13:09:23Z</time>
      </trkpt>
      <trkpt lat="48.086165" lon="22.711325">
        <ele>150.5</ele>
        <time>2025-07-09T13:09:24Z</time>
      </trkpt>
      <trkpt lat="48.08611167" lon="22.71114">
        <ele>150.6</ele>
        <time>2025-07-09T13:09:25Z</time>
      </trkpt>
      <trkpt lat="48.08605167" lon="22.71096667">
        <ele>150.8</ele>
        <time>2025-07-09T13:09:26Z</time>
      </trkpt>
      <trkpt lat="48.08599333" lon="22.71079667">
        <ele>149.8</ele>
        <time>2025-07-09T13:09:27Z</time>
      </trkpt>
      <trkpt lat="48.08594833" lon="22.71063">
        <ele>148.3</ele>
        <time>2025-07-09T13:09:28Z</time>
      </trkpt>
      <trkpt lat="48.08589333" lon="22.71046333">
        <ele>146.8</ele>
        <time>2025-07-09T13:09:29Z</time>
      </trkpt>
      <trkpt lat="48.08583667" lon="22.71030333">
        <ele>146.9</ele>
        <time>2025-07-09T13:09:30Z</time>
      </trkpt>
      <trkpt lat="48.08578667" lon="22.71015167">
        <ele>147.3</ele>
        <time>2025-07-09T13:09:31Z</time>
      </trkpt>
      <trkpt lat="48.08574" lon="22.70999833">
        <ele>148.3</ele>
        <time>2025-07-09T13:09:32Z</time>
      </trkpt>
      <trkpt lat="48.08567833" lon="22.70984">
        <ele>149.8</ele>
        <time>2025-07-09T13:09:33Z</time>
      </trkpt>
      <trkpt lat="48.08561667" lon="22.70968833">
        <ele>152.1</ele>
        <time>2025-07-09T13:09:34Z</time>
      </trkpt>
      <trkpt lat="48.08555667" lon="22.70954333">
        <ele>152</ele>
        <time>2025-07-09T13:09:35Z</time>
      </trkpt>
      <trkpt lat="48.08550167" lon="22.70939167">
        <ele>152.2</ele>
        <time>2025-07-09T13:09:36Z</time>
      </trkpt>
      <trkpt lat="48.08543833" lon="22.709255">
        <ele>152.1</ele>
        <time>2025-07-09T13:09:37Z</time>
      </trkpt>
      <trkpt lat="48.08537333" lon="22.70911333">
        <ele>153.1</ele>
        <time>2025-07-09T13:09:38Z</time>
      </trkpt>
      <trkpt lat="48.085315" lon="22.708975">
        <ele>153.7</ele>
        <time>2025-07-09T13:09:39Z</time>
      </trkpt>
      <trkpt lat="48.08526" lon="22.70884167">
        <ele>154</ele>
        <time>2025-07-09T13:09:40Z</time>
      </trkpt>
      <trkpt lat="48.08519667" lon="22.70870833">
        <ele>154.9</ele>
        <time>2025-07-09T13:09:41Z</time>
      </trkpt>
      <trkpt lat="48.08513167" lon="22.70856333">
        <ele>155.3</ele>
        <time>2025-07-09T13:09:42Z</time>
      </trkpt>
      <trkpt lat="48.08506833" lon="22.70841833">
        <ele>155.5</ele>
        <time>2025-07-09T13:09:43Z</time>
      </trkpt>
      <trkpt lat="48.08501333" lon="22.708275">
        <ele>154.4</ele>
        <time>2025-07-09T13:09:44Z</time>
      </trkpt>
      <trkpt lat="48.08496" lon="22.70812833">
        <ele>153.8</ele>
        <time>2025-07-09T13:09:45Z</time>
      </trkpt>
      <trkpt lat="48.084905" lon="22.707975">
        <ele>153.1</ele>
        <time>2025-07-09T13:09:46Z</time>
      </trkpt>
      <trkpt lat="48.08486" lon="22.70781333">
        <ele>152.8</ele>
        <time>2025-07-09T13:09:47Z</time>
      </trkpt>
      <trkpt lat="48.08482167" lon="22.70766333">
        <ele>152.9</ele>
        <time>2025-07-09T13:09:48Z</time>
      </trkpt>
      <trkpt lat="48.08478167" lon="22.70751667">
        <ele>152.9</ele>
        <time>2025-07-09T13:09:49Z</time>
      </trkpt>
      <trkpt lat="48.08474833" lon="22.70737333">
        <ele>153.3</ele>
        <time>2025-07-09T13:09:50Z</time>
      </trkpt>
      <trkpt lat="48.08471333" lon="22.707225">
        <ele>153.2</ele>
        <time>2025-07-09T13:09:51Z</time>
      </trkpt>
      <trkpt lat="48.084675" lon="22.70706333">
        <ele>153.7</ele>
        <time>2025-07-09T13:09:52Z</time>
      </trkpt>
      <trkpt lat="48.08464333" lon="22.70690333">
        <ele>153.7</ele>
        <time>2025-07-09T13:09:53Z</time>
      </trkpt>
      <trkpt lat="48.08461833" lon="22.70675">
        <ele>154.1</ele>
        <time>2025-07-09T13:09:54Z</time>
      </trkpt>
      <trkpt lat="48.08459167" lon="22.706585">
        <ele>154.6</ele>
        <time>2025-07-09T13:09:55Z</time>
      </trkpt>
      <trkpt lat="48.084565" lon="22.70641167">
        <ele>154</ele>
        <time>2025-07-09T13:09:56Z</time>
      </trkpt>
      <trkpt lat="48.08454167" lon="22.70624667">
        <ele>153.4</ele>
        <time>2025-07-09T13:09:57Z</time>
      </trkpt>
      <trkpt lat="48.08452" lon="22.70609167">
        <ele>153.6</ele>
        <time>2025-07-09T13:09:58Z</time>
      </trkpt>
      <trkpt lat="48.0845" lon="22.70593667">
        <ele>153.3</ele>
        <time>2025-07-09T13:09:59Z</time>
      </trkpt>
      <trkpt lat="48.08448" lon="22.70576667">
        <ele>152.9</ele>
        <time>2025-07-09T13:10:00Z</time>
      </trkpt>
      <trkpt lat="48.08446333" lon="22.70560333">
        <ele>152.2</ele>
        <time>2025-07-09T13:10:01Z</time>
      </trkpt>
      <trkpt lat="48.08445333" lon="22.705455">
        <ele>151.3</ele>
        <time>2025-07-09T13:10:02Z</time>
      </trkpt>
      <trkpt lat="48.08443833" lon="22.70528833">
        <ele>151.1</ele>
        <time>2025-07-09T13:10:03Z</time>
      </trkpt>
      <trkpt lat="48.084425" lon="22.70512833">
        <ele>151.2</ele>
        <time>2025-07-09T13:10:04Z</time>
      </trkpt>
      <trkpt lat="48.084415" lon="22.70496">
        <ele>151.1</ele>
        <time>2025-07-09T13:10:05Z</time>
      </trkpt>
      <trkpt lat="48.08441" lon="22.70479167">
        <ele>151</ele>
        <time>2025-07-09T13:10:06Z</time>
      </trkpt>
      <trkpt lat="48.08440333" lon="22.70462">
        <ele>151.4</ele>
        <time>2025-07-09T13:10:07Z</time>
      </trkpt>
      <trkpt lat="48.08440167" lon="22.704445">
        <ele>151.6</ele>
        <time>2025-07-09T13:10:08Z</time>
      </trkpt>
      <trkpt lat="48.08441167" lon="22.70426667">
        <ele>152.2</ele>
        <time>2025-07-09T13:10:09Z</time>
      </trkpt>
      <trkpt lat="48.08442333" lon="22.70410333">
        <ele>153</ele>
        <time>2025-07-09T13:10:10Z</time>
      </trkpt>
      <trkpt lat="48.08443" lon="22.70391833">
        <ele>153.6</ele>
        <time>2025-07-09T13:10:11Z</time>
      </trkpt>
      <trkpt lat="48.08444333" lon="22.703745">
        <ele>154.7</ele>
        <time>2025-07-09T13:10:12Z</time>
      </trkpt>
      <trkpt lat="48.08444" lon="22.70357">
        <ele>153</ele>
        <time>2025-07-09T13:10:13Z</time>
      </trkpt>
      <trkpt lat="48.084455" lon="22.70339667">
        <ele>153.4</ele>
        <time>2025-07-09T13:10:14Z</time>
      </trkpt>
      <trkpt lat="48.084465" lon="22.70322667">
        <ele>155.6</ele>
        <time>2025-07-09T13:10:15Z</time>
      </trkpt>
      <trkpt lat="48.08447667" lon="22.70307">
        <ele>159.1</ele>
        <time>2025-07-09T13:10:16Z</time>
      </trkpt>
      <trkpt lat="48.08448167" lon="22.70289667">
        <ele>162.9</ele>
        <time>2025-07-09T13:10:17Z</time>
      </trkpt>
      <trkpt lat="48.08449167" lon="22.70272833">
        <ele>165.7</ele>
        <time>2025-07-09T13:10:18Z</time>
      </trkpt>
      <trkpt lat="48.084505" lon="22.70255167">
        <ele>164.1</ele>
        <time>2025-07-09T13:10:19Z</time>
      </trkpt>
      <trkpt lat="48.08451" lon="22.70238167">
        <ele>163.3</ele>
        <time>2025-07-09T13:10:20Z</time>
      </trkpt>
      <trkpt lat="48.08452333" lon="22.70222333">
        <ele>163.6</ele>
        <time>2025-07-09T13:10:21Z</time>
      </trkpt>
      <trkpt lat="48.08454167" lon="22.702075">
        <ele>164.9</ele>
        <time>2025-07-09T13:10:22Z</time>
      </trkpt>
      <trkpt lat="48.08456833" lon="22.70192333">
        <ele>167.8</ele>
        <time>2025-07-09T13:10:23Z</time>
      </trkpt>
      <trkpt lat="48.08459167" lon="22.701765">
        <ele>169.8</ele>
        <time>2025-07-09T13:10:24Z</time>
      </trkpt>
      <trkpt lat="48.08461" lon="22.70161833">
        <ele>170.9</ele>
        <time>2025-07-09T13:10:25Z</time>
      </trkpt>
      <trkpt lat="48.08464833" lon="22.70146">
        <ele>166.6</ele>
        <time>2025-07-09T13:10:26Z</time>
      </trkpt>
      <trkpt lat="48.08469" lon="22.701285">
        <ele>161.2</ele>
        <time>2025-07-09T13:10:27Z</time>
      </trkpt>
      <trkpt lat="48.08473333" lon="22.701105">
        <ele>157.5</ele>
        <time>2025-07-09T13:10:28Z</time>
      </trkpt>
      <trkpt lat="48.08477" lon="22.70093167">
        <ele>153.1</ele>
        <time>2025-07-09T13:10:29Z</time>
      </trkpt>
      <trkpt lat="48.08479833" lon="22.70075667">
        <ele>150.2</ele>
        <time>2025-07-09T13:10:30Z</time>
      </trkpt>
      <trkpt lat="48.084825" lon="22.700585">
        <ele>149.6</ele>
        <time>2025-07-09T13:10:31Z</time>
      </trkpt>
      <trkpt lat="48.08485333" lon="22.70041833">
        <ele>148.6</ele>
        <time>2025-07-09T13:10:32Z</time>
      </trkpt>
      <trkpt lat="48.08487833" lon="22.70026333">
        <ele>148.3</ele>
        <time>2025-07-09T13:10:33Z</time>
      </trkpt>
      <trkpt lat="48.0849" lon="22.7001">
        <ele>148.3</ele>
        <time>2025-07-09T13:10:34Z</time>
      </trkpt>
      <trkpt lat="48.08491833" lon="22.699935">
        <ele>147.7</ele>
        <time>2025-07-09T13:10:35Z</time>
      </trkpt>
      <trkpt lat="48.084935" lon="22.69977667">
        <ele>146.7</ele>
        <time>2025-07-09T13:10:36Z</time>
      </trkpt>
      <trkpt lat="48.08495" lon="22.69959833">
        <ele>146.2</ele>
        <time>2025-07-09T13:10:37Z</time>
      </trkpt>
      <trkpt lat="48.08495333" lon="22.69943">
        <ele>147.9</ele>
        <time>2025-07-09T13:10:38Z</time>
      </trkpt>
      <trkpt lat="48.084955" lon="22.69926167">
        <ele>150.8</ele>
        <time>2025-07-09T13:10:39Z</time>
      </trkpt>
      <trkpt lat="48.08495" lon="22.69909833">
        <ele>154.1</ele>
        <time>2025-07-09T13:10:40Z</time>
      </trkpt>
      <trkpt lat="48.08494167" lon="22.69894">
        <ele>157</ele>
        <time>2025-07-09T13:10:41Z</time>
      </trkpt>
      <trkpt lat="48.08493667" lon="22.69877833">
        <ele>159.7</ele>
        <time>2025-07-09T13:10:42Z</time>
      </trkpt>
      <trkpt lat="48.08492833" lon="22.69862">
        <ele>162.2</ele>
        <time>2025-07-09T13:10:43Z</time>
      </trkpt>
      <trkpt lat="48.08492" lon="22.69845833">
        <ele>161.8</ele>
        <time>2025-07-09T13:10:44Z</time>
      </trkpt>
      <trkpt lat="48.08491833" lon="22.69828333">
        <ele>158.7</ele>
        <time>2025-07-09T13:10:45Z</time>
      </trkpt>
      <trkpt lat="48.08491167" lon="22.698095">
        <ele>156.2</ele>
        <time>2025-07-09T13:10:46Z</time>
      </trkpt>
      <trkpt lat="48.084915" lon="22.69790833">
        <ele>154.4</ele>
        <time>2025-07-09T13:10:47Z</time>
      </trkpt>
      <trkpt lat="48.084925" lon="22.69774167">
        <ele>153.4</ele>
        <time>2025-07-09T13:10:48Z</time>
      </trkpt>
      <trkpt lat="48.08492" lon="22.69758167">
        <ele>153.5</ele>
        <time>2025-07-09T13:10:49Z</time>
      </trkpt>
      <trkpt lat="48.08492167" lon="22.69741333">
        <ele>153.2</ele>
        <time>2025-07-09T13:10:50Z</time>
      </trkpt>
      <trkpt lat="48.084915" lon="22.69724167">
        <ele>153</ele>
        <time>2025-07-09T13:10:51Z</time>
      </trkpt>
      <trkpt lat="48.08492333" lon="22.69708">
        <ele>150.1</ele>
        <time>2025-07-09T13:10:52Z</time>
      </trkpt>
      <trkpt lat="48.084925" lon="22.69691833">
        <ele>149.1</ele>
        <time>2025-07-09T13:10:53Z</time>
      </trkpt>
      <trkpt lat="48.08493167" lon="22.69676333">
        <ele>145.4</ele>
        <time>2025-07-09T13:10:54Z</time>
      </trkpt>
      <trkpt lat="48.084925" lon="22.69660167">
        <ele>143.8</ele>
        <time>2025-07-09T13:10:55Z</time>
      </trkpt>
      <trkpt lat="48.08491333" lon="22.69643333">
        <ele>143.5</ele>
        <time>2025-07-09T13:10:56Z</time>
      </trkpt>
      <trkpt lat="48.08490333" lon="22.69625833">
        <ele>143.9</ele>
        <time>2025-07-09T13:10:57Z</time>
      </trkpt>
      <trkpt lat="48.08489333" lon="22.69608833">
        <ele>143.4</ele>
        <time>2025-07-09T13:10:58Z</time>
      </trkpt>
      <trkpt lat="48.08488833" lon="22.69592333">
        <ele>143.2</ele>
        <time>2025-07-09T13:10:59Z</time>
      </trkpt>
      <trkpt lat="48.084885" lon="22.69575833">
        <ele>143.5</ele>
        <time>2025-07-09T13:11:00Z</time>
      </trkpt>
      <trkpt lat="48.08488167" lon="22.69558667">
        <ele>143.4</ele>
        <time>2025-07-09T13:11:01Z</time>
      </trkpt>
      <trkpt lat="48.08488" lon="22.69541833">
        <ele>143.6</ele>
        <time>2025-07-09T13:11:02Z</time>
      </trkpt>
      <trkpt lat="48.08487" lon="22.695255">
        <ele>144</ele>
        <time>2025-07-09T13:11:03Z</time>
      </trkpt>
      <trkpt lat="48.08486667" lon="22.69508333">
        <ele>144.7</ele>
        <time>2025-07-09T13:11:04Z</time>
      </trkpt>
      <trkpt lat="48.08486167" lon="22.694905">
        <ele>145.3</ele>
        <time>2025-07-09T13:11:05Z</time>
      </trkpt>
      <trkpt lat="48.08486167" lon="22.69472">
        <ele>145.9</ele>
        <time>2025-07-09T13:11:06Z</time>
      </trkpt>
      <trkpt lat="48.08485667" lon="22.69454833">
        <ele>146.8</ele>
        <time>2025-07-09T13:11:07Z</time>
      </trkpt>
      <trkpt lat="48.08483833" lon="22.69438167">
        <ele>148</ele>
        <time>2025-07-09T13:11:08Z</time>
      </trkpt>
      <trkpt lat="48.08482333" lon="22.69420833">
        <ele>149.1</ele>
        <time>2025-07-09T13:11:09Z</time>
      </trkpt>
      <trkpt lat="48.08479833" lon="22.69403667">
        <ele>149.8</ele>
        <time>2025-07-09T13:11:10Z</time>
      </trkpt>
      <trkpt lat="48.08476667" lon="22.69386667">
        <ele>150.2</ele>
        <time>2025-07-09T13:11:11Z</time>
      </trkpt>
      <trkpt lat="48.08474167" lon="22.69370667">
        <ele>150.5</ele>
        <time>2025-07-09T13:11:12Z</time>
      </trkpt>
      <trkpt lat="48.08471667" lon="22.69355">
        <ele>150.6</ele>
        <time>2025-07-09T13:11:13Z</time>
      </trkpt>
      <trkpt lat="48.084695" lon="22.69339833">
        <ele>150.2</ele>
        <time>2025-07-09T13:11:14Z</time>
      </trkpt>
      <trkpt lat="48.084665" lon="22.69323333">
        <ele>149.5</ele>
        <time>2025-07-09T13:11:15Z</time>
      </trkpt>
      <trkpt lat="48.08463167" lon="22.69306333">
        <ele>150</ele>
        <time>2025-07-09T13:11:16Z</time>
      </trkpt>
      <trkpt lat="48.0846" lon="22.69288833">
        <ele>150.3</ele>
        <time>2025-07-09T13:11:17Z</time>
      </trkpt>
      <trkpt lat="48.08457667" lon="22.69273167">
        <ele>150.3</ele>
        <time>2025-07-09T13:11:18Z</time>
      </trkpt>
      <trkpt lat="48.08455" lon="22.69257333">
        <ele>150.4</ele>
        <time>2025-07-09T13:11:19Z</time>
      </trkpt>
      <trkpt lat="48.08452667" lon="22.69241667">
        <ele>150.4</ele>
        <time>2025-07-09T13:11:20Z</time>
      </trkpt>
      <trkpt lat="48.0845" lon="22.69224833">
        <ele>150.6</ele>
        <time>2025-07-09T13:11:21Z</time>
      </trkpt>
      <trkpt lat="48.084475" lon="22.69208667">
        <ele>150.9</ele>
        <time>2025-07-09T13:11:22Z</time>
      </trkpt>
      <trkpt lat="48.08445167" lon="22.69192">
        <ele>151.4</ele>
        <time>2025-07-09T13:11:23Z</time>
      </trkpt>
      <trkpt lat="48.08443167" lon="22.69175667">
        <ele>151.6</ele>
        <time>2025-07-09T13:11:24Z</time>
      </trkpt>
      <trkpt lat="48.08440167" lon="22.691585">
        <ele>152.3</ele>
        <time>2025-07-09T13:11:25Z</time>
      </trkpt>
      <trkpt lat="48.08437667" lon="22.69142">
        <ele>152.6</ele>
        <time>2025-07-09T13:11:26Z</time>
      </trkpt>
      <trkpt lat="48.08435" lon="22.691245">
        <ele>152.6</ele>
        <time>2025-07-09T13:11:27Z</time>
      </trkpt>
      <trkpt lat="48.08432" lon="22.69108667">
        <ele>152.7</ele>
        <time>2025-07-09T13:11:28Z</time>
      </trkpt>
      <trkpt lat="48.08430167" lon="22.69093167">
        <ele>153.5</ele>
        <time>2025-07-09T13:11:29Z</time>
      </trkpt>
      <trkpt lat="48.08427667" lon="22.69077">
        <ele>155.3</ele>
        <time>2025-07-09T13:11:30Z</time>
      </trkpt>
      <trkpt lat="48.08425667" lon="22.69060833">
        <ele>155.5</ele>
        <time>2025-07-09T13:11:31Z</time>
      </trkpt>
      <trkpt lat="48.084235" lon="22.69044833">
        <ele>155.6</ele>
        <time>2025-07-09T13:11:32Z</time>
      </trkpt>
      <trkpt lat="48.084215" lon="22.69028833">
        <ele>155.2</ele>
        <time>2025-07-09T13:11:33Z</time>
      </trkpt>
      <trkpt lat="48.08419333" lon="22.69011667">
        <ele>155.1</ele>
        <time>2025-07-09T13:11:34Z</time>
      </trkpt>
      <trkpt lat="48.08417" lon="22.68994833">
        <ele>154.9</ele>
        <time>2025-07-09T13:11:35Z</time>
      </trkpt>
      <trkpt lat="48.08414" lon="22.689785">
        <ele>154.3</ele>
        <time>2025-07-09T13:11:36Z</time>
      </trkpt>
      <trkpt lat="48.084115" lon="22.689625">
        <ele>153.6</ele>
        <time>2025-07-09T13:11:37Z</time>
      </trkpt>
      <trkpt lat="48.084095" lon="22.68946167">
        <ele>153.2</ele>
        <time>2025-07-09T13:11:38Z</time>
      </trkpt>
      <trkpt lat="48.08406833" lon="22.68930667">
        <ele>152.8</ele>
        <time>2025-07-09T13:11:39Z</time>
      </trkpt>
      <trkpt lat="48.08404833" lon="22.689145">
        <ele>152.8</ele>
        <time>2025-07-09T13:11:40Z</time>
      </trkpt>
      <trkpt lat="48.08402167" lon="22.68897667">
        <ele>152.1</ele>
        <time>2025-07-09T13:11:41Z</time>
      </trkpt>
      <trkpt lat="48.08399667" lon="22.68881">
        <ele>151.4</ele>
        <time>2025-07-09T13:11:42Z</time>
      </trkpt>
      <trkpt lat="48.083965" lon="22.68864833">
        <ele>150.2</ele>
        <time>2025-07-09T13:11:43Z</time>
      </trkpt>
      <trkpt lat="48.08393167" lon="22.68848833">
        <ele>150.3</ele>
        <time>2025-07-09T13:11:44Z</time>
      </trkpt>
      <trkpt lat="48.08390667" lon="22.68832833">
        <ele>150.6</ele>
        <time>2025-07-09T13:11:45Z</time>
      </trkpt>
      <trkpt lat="48.08387833" lon="22.68816">
        <ele>150.6</ele>
        <time>2025-07-09T13:11:46Z</time>
      </trkpt>
      <trkpt lat="48.083855" lon="22.688005">
        <ele>150.8</ele>
        <time>2025-07-09T13:11:47Z</time>
      </trkpt>
      <trkpt lat="48.08383167" lon="22.68784167">
        <ele>149.8</ele>
        <time>2025-07-09T13:11:48Z</time>
      </trkpt>
      <trkpt lat="48.083805" lon="22.68766833">
        <ele>149.1</ele>
        <time>2025-07-09T13:11:49Z</time>
      </trkpt>
      <trkpt lat="48.08378167" lon="22.687495">
        <ele>148.1</ele>
        <time>2025-07-09T13:11:50Z</time>
      </trkpt>
      <trkpt lat="48.08375833" lon="22.68733667">
        <ele>147.4</ele>
        <time>2025-07-09T13:11:51Z</time>
      </trkpt>
      <trkpt lat="48.08373333" lon="22.68717167">
        <ele>146.8</ele>
        <time>2025-07-09T13:11:52Z</time>
      </trkpt>
      <trkpt lat="48.08370833" lon="22.68701333">
        <ele>146.7</ele>
        <time>2025-07-09T13:11:53Z</time>
      </trkpt>
      <trkpt lat="48.08368167" lon="22.686855">
        <ele>146.7</ele>
        <time>2025-07-09T13:11:54Z</time>
      </trkpt>
      <trkpt lat="48.083655" lon="22.68669333">
        <ele>147.2</ele>
        <time>2025-07-09T13:11:55Z</time>
      </trkpt>
      <trkpt lat="48.083625" lon="22.68653667">
        <ele>147.2</ele>
        <time>2025-07-09T13:11:56Z</time>
      </trkpt>
      <trkpt lat="48.08359667" lon="22.68636833">
        <ele>146.3</ele>
        <time>2025-07-09T13:11:57Z</time>
      </trkpt>
      <trkpt lat="48.08357" lon="22.68619833">
        <ele>146</ele>
        <time>2025-07-09T13:11:58Z</time>
      </trkpt>
      <trkpt lat="48.08354667" lon="22.68602">
        <ele>146.1</ele>
        <time>2025-07-09T13:11:59Z</time>
      </trkpt>
      <trkpt lat="48.08352333" lon="22.68586">
        <ele>146.4</ele>
        <time>2025-07-09T13:12:00Z</time>
      </trkpt>
      <trkpt lat="48.08349833" lon="22.685705">
        <ele>146.2</ele>
        <time>2025-07-09T13:12:01Z</time>
      </trkpt>
      <trkpt lat="48.08347333" lon="22.68554667">
        <ele>146.3</ele>
        <time>2025-07-09T13:12:02Z</time>
      </trkpt>
      <trkpt lat="48.08345167" lon="22.685395">
        <ele>145.7</ele>
        <time>2025-07-09T13:12:03Z</time>
      </trkpt>
      <trkpt lat="48.08343333" lon="22.68523667">
        <ele>145.9</ele>
        <time>2025-07-09T13:12:04Z</time>
      </trkpt>
      <trkpt lat="48.08341833" lon="22.68507333">
        <ele>145.8</ele>
        <time>2025-07-09T13:12:05Z</time>
      </trkpt>
      <trkpt lat="48.08339667" lon="22.68491167">
        <ele>145.5</ele>
        <time>2025-07-09T13:12:06Z</time>
      </trkpt>
      <trkpt lat="48.083375" lon="22.68475">
        <ele>145.8</ele>
        <time>2025-07-09T13:12:07Z</time>
      </trkpt>
      <trkpt lat="48.08335333" lon="22.68458167">
        <ele>145.1</ele>
        <time>2025-07-09T13:12:08Z</time>
      </trkpt>
      <trkpt lat="48.08332333" lon="22.68441833">
        <ele>145.5</ele>
        <time>2025-07-09T13:12:09Z</time>
      </trkpt>
      <trkpt lat="48.083285" lon="22.684255">
        <ele>146.5</ele>
        <time>2025-07-09T13:12:10Z</time>
      </trkpt>
      <trkpt lat="48.08326" lon="22.68410667">
        <ele>147.7</ele>
        <time>2025-07-09T13:12:11Z</time>
      </trkpt>
      <trkpt lat="48.08322333" lon="22.68397833">
        <ele>148.4</ele>
        <time>2025-07-09T13:12:12Z</time>
      </trkpt>
      <trkpt lat="48.08319" lon="22.68383667">
        <ele>149.5</ele>
        <time>2025-07-09T13:12:13Z</time>
      </trkpt>
      <trkpt lat="48.08315667" lon="22.68369667">
        <ele>150.8</ele>
        <time>2025-07-09T13:12:14Z</time>
      </trkpt>
      <trkpt lat="48.08312167" lon="22.683565">
        <ele>151.2</ele>
        <time>2025-07-09T13:12:15Z</time>
      </trkpt>
      <trkpt lat="48.08308333" lon="22.683435">
        <ele>151.9</ele>
        <time>2025-07-09T13:12:16Z</time>
      </trkpt>
      <trkpt lat="48.08304333" lon="22.68330833">
        <ele>152.2</ele>
        <time>2025-07-09T13:12:17Z</time>
      </trkpt>
      <trkpt lat="48.08297" lon="22.68306333">
        <ele>153.9</ele>
        <time>2025-07-09T13:12:19Z</time>
      </trkpt>
      <trkpt lat="48.08291333" lon="22.682945">
        <ele>153.4</ele>
        <time>2025-07-09T13:12:20Z</time>
      </trkpt>
      <trkpt lat="48.08283833" lon="22.68285">
        <ele>152.6</ele>
        <time>2025-07-09T13:12:21Z</time>
      </trkpt>
      <trkpt lat="48.08274833" lon="22.68276333">
        <ele>152.2</ele>
        <time>2025-07-09T13:12:22Z</time>
      </trkpt>
      <trkpt lat="48.08264833" lon="22.68269833">
        <ele>152</ele>
        <time>2025-07-09T13:12:23Z</time>
      </trkpt>
      <trkpt lat="48.08254667" lon="22.682635">
        <ele>151.6</ele>
        <time>2025-07-09T13:12:24Z</time>
      </trkpt>
      <trkpt lat="48.082435" lon="22.68258833">
        <ele>152.3</ele>
        <time>2025-07-09T13:12:25Z</time>
      </trkpt>
      <trkpt lat="48.08232667" lon="22.68254333">
        <ele>153</ele>
        <time>2025-07-09T13:12:26Z</time>
      </trkpt>
      <trkpt lat="48.08221833" lon="22.68249">
        <ele>153.2</ele>
        <time>2025-07-09T13:12:27Z</time>
      </trkpt>
      <trkpt lat="48.082115" lon="22.68241667">
        <ele>153</ele>
        <time>2025-07-09T13:12:28Z</time>
      </trkpt>
      <trkpt lat="48.082015" lon="22.682335">
        <ele>153.9</ele>
        <time>2025-07-09T13:12:29Z</time>
      </trkpt>
      <trkpt lat="48.081915" lon="22.682235">
        <ele>153.4</ele>
        <time>2025-07-09T13:12:30Z</time>
      </trkpt>
      <trkpt lat="48.08182333" lon="22.682125">
        <ele>153.1</ele>
        <time>2025-07-09T13:12:31Z</time>
      </trkpt>
      <trkpt lat="48.081735" lon="22.682">
        <ele>152.2</ele>
        <time>2025-07-09T13:12:32Z</time>
      </trkpt>
      <trkpt lat="48.08164833" lon="22.68188167">
        <ele>151.7</ele>
        <time>2025-07-09T13:12:33Z</time>
      </trkpt>
      <trkpt lat="48.08156" lon="22.68176167">
        <ele>151.8</ele>
        <time>2025-07-09T13:12:34Z</time>
      </trkpt>
      <trkpt lat="48.081475" lon="22.681645">
        <ele>151.9</ele>
        <time>2025-07-09T13:12:35Z</time>
      </trkpt>
      <trkpt lat="48.08139167" lon="22.68153">
        <ele>152.3</ele>
        <time>2025-07-09T13:12:36Z</time>
      </trkpt>
      <trkpt lat="48.08129667" lon="22.68142">
        <ele>152.2</ele>
        <time>2025-07-09T13:12:37Z</time>
      </trkpt>
      <trkpt lat="48.08119" lon="22.68133667">
        <ele>151.9</ele>
        <time>2025-07-09T13:12:38Z</time>
      </trkpt>
      <trkpt lat="48.08107833" lon="22.68128833">
        <ele>150.8</ele>
        <time>2025-07-09T13:12:39Z</time>
      </trkpt>
      <trkpt lat="48.08095667" lon="22.68126833">
        <ele>151.4</ele>
        <time>2025-07-09T13:12:40Z</time>
      </trkpt>
      <trkpt lat="48.08082833" lon="22.68128167">
        <ele>151.9</ele>
        <time>2025-07-09T13:12:41Z</time>
      </trkpt>
      <trkpt lat="48.08070833" lon="22.68130833">
        <ele>151.9</ele>
        <time>2025-07-09T13:12:42Z</time>
      </trkpt>
      <trkpt lat="48.080585" lon="22.68133667">
        <ele>150.3</ele>
        <time>2025-07-09T13:12:43Z</time>
      </trkpt>
      <trkpt lat="48.08045833" lon="22.68135833">
        <ele>150</ele>
        <time>2025-07-09T13:12:44Z</time>
      </trkpt>
      <trkpt lat="48.08034" lon="22.681385">
        <ele>149.1</ele>
        <time>2025-07-09T13:12:45Z</time>
      </trkpt>
      <trkpt lat="48.08022" lon="22.68141667">
        <ele>149.8</ele>
        <time>2025-07-09T13:12:46Z</time>
      </trkpt>
      <trkpt lat="48.08010167" lon="22.68144">
        <ele>150.4</ele>
        <time>2025-07-09T13:12:47Z</time>
      </trkpt>
      <trkpt lat="48.07997667" lon="22.68147">
        <ele>150.8</ele>
        <time>2025-07-09T13:12:48Z</time>
      </trkpt>
      <trkpt lat="48.07985" lon="22.68149833">
        <ele>151.9</ele>
        <time>2025-07-09T13:12:49Z</time>
      </trkpt>
      <trkpt lat="48.07972667" lon="22.681535">
        <ele>152.7</ele>
        <time>2025-07-09T13:12:50Z</time>
      </trkpt>
      <trkpt lat="48.0796" lon="22.68157">
        <ele>153</ele>
        <time>2025-07-09T13:12:51Z</time>
      </trkpt>
      <trkpt lat="48.079475" lon="22.68159333">
        <ele>152.6</ele>
        <time>2025-07-09T13:12:52Z</time>
      </trkpt>
      <trkpt lat="48.07935" lon="22.68160833">
        <ele>152.4</ele>
        <time>2025-07-09T13:12:53Z</time>
      </trkpt>
      <trkpt lat="48.079225" lon="22.68160167">
        <ele>152.8</ele>
        <time>2025-07-09T13:12:54Z</time>
      </trkpt>
      <trkpt lat="48.07911" lon="22.68155333">
        <ele>152.7</ele>
        <time>2025-07-09T13:12:55Z</time>
      </trkpt>
      <trkpt lat="48.07898333" lon="22.68150833">
        <ele>152.3</ele>
        <time>2025-07-09T13:12:56Z</time>
      </trkpt>
      <trkpt lat="48.07886667" lon="22.68146333">
        <ele>152.6</ele>
        <time>2025-07-09T13:12:57Z</time>
      </trkpt>
      <trkpt lat="48.07875167" lon="22.68141833">
        <ele>152.8</ele>
        <time>2025-07-09T13:12:58Z</time>
      </trkpt>
      <trkpt lat="48.07863833" lon="22.681355">
        <ele>152.4</ele>
        <time>2025-07-09T13:12:59Z</time>
      </trkpt>
      <trkpt lat="48.07852167" lon="22.681295">
        <ele>152.3</ele>
        <time>2025-07-09T13:13:00Z</time>
      </trkpt>
      <trkpt lat="48.07840667" lon="22.68123">
        <ele>151.8</ele>
        <time>2025-07-09T13:13:01Z</time>
      </trkpt>
      <trkpt lat="48.07829667" lon="22.681165">
        <ele>150.9</ele>
        <time>2025-07-09T13:13:02Z</time>
      </trkpt>
      <trkpt lat="48.078185" lon="22.68110833">
        <ele>151</ele>
        <time>2025-07-09T13:13:03Z</time>
      </trkpt>
      <trkpt lat="48.07807833" lon="22.68103833">
        <ele>150.6</ele>
        <time>2025-07-09T13:13:04Z</time>
      </trkpt>
      <trkpt lat="48.077885" lon="22.68087167">
        <ele>150.8</ele>
        <time>2025-07-09T13:13:06Z</time>
      </trkpt>
      <trkpt lat="48.07779167" lon="22.68076167">
        <ele>150.4</ele>
        <time>2025-07-09T13:13:07Z</time>
      </trkpt>
      <trkpt lat="48.07770167" lon="22.68063333">
        <ele>150.5</ele>
        <time>2025-07-09T13:13:08Z</time>
      </trkpt>
      <trkpt lat="48.077625" lon="22.68050833">
        <ele>149.7</ele>
        <time>2025-07-09T13:13:09Z</time>
      </trkpt>
      <trkpt lat="48.077545" lon="22.68038167">
        <ele>150.1</ele>
        <time>2025-07-09T13:13:10Z</time>
      </trkpt>
      <trkpt lat="48.07745667" lon="22.680255">
        <ele>151</ele>
        <time>2025-07-09T13:13:11Z</time>
      </trkpt>
      <trkpt lat="48.07736833" lon="22.68013333">
        <ele>151.6</ele>
        <time>2025-07-09T13:13:12Z</time>
      </trkpt>
      <trkpt lat="48.07728833" lon="22.68">
        <ele>152.2</ele>
        <time>2025-07-09T13:13:13Z</time>
      </trkpt>
      <trkpt lat="48.07721833" lon="22.67986667">
        <ele>151.9</ele>
        <time>2025-07-09T13:13:14Z</time>
      </trkpt>
      <trkpt lat="48.07714667" lon="22.679725">
        <ele>151.8</ele>
        <time>2025-07-09T13:13:15Z</time>
      </trkpt>
      <trkpt lat="48.07708167" lon="22.679575">
        <ele>152.7</ele>
        <time>2025-07-09T13:13:16Z</time>
      </trkpt>
      <trkpt lat="48.07703167" lon="22.67943833">
        <ele>152</ele>
        <time>2025-07-09T13:13:17Z</time>
      </trkpt>
      <trkpt lat="48.07697833" lon="22.67928333">
        <ele>152.4</ele>
        <time>2025-07-09T13:13:18Z</time>
      </trkpt>
      <trkpt lat="48.07693667" lon="22.67913333">
        <ele>152.5</ele>
        <time>2025-07-09T13:13:19Z</time>
      </trkpt>
      <trkpt lat="48.076895" lon="22.67899333">
        <ele>152.2</ele>
        <time>2025-07-09T13:13:20Z</time>
      </trkpt>
      <trkpt lat="48.076855" lon="22.67886333">
        <ele>151.5</ele>
        <time>2025-07-09T13:13:21Z</time>
      </trkpt>
      <trkpt lat="48.07681167" lon="22.67871333">
        <ele>150.7</ele>
        <time>2025-07-09T13:13:22Z</time>
      </trkpt>
      <trkpt lat="48.07677167" lon="22.67857833">
        <ele>151.1</ele>
        <time>2025-07-09T13:13:23Z</time>
      </trkpt>
      <trkpt lat="48.076725" lon="22.67845333">
        <ele>151.6</ele>
        <time>2025-07-09T13:13:24Z</time>
      </trkpt>
      <trkpt lat="48.076655" lon="22.67835">
        <ele>152.1</ele>
        <time>2025-07-09T13:13:25Z</time>
      </trkpt>
      <trkpt lat="48.076575" lon="22.67827167">
        <ele>152.4</ele>
        <time>2025-07-09T13:13:26Z</time>
      </trkpt>
      <trkpt lat="48.076475" lon="22.678215">
        <ele>152.8</ele>
        <time>2025-07-09T13:13:27Z</time>
      </trkpt>
      <trkpt lat="48.07637333" lon="22.678195">
        <ele>152.4</ele>
        <time>2025-07-09T13:13:28Z</time>
      </trkpt>
      <trkpt lat="48.076265" lon="22.67819167">
        <ele>152</ele>
        <time>2025-07-09T13:13:29Z</time>
      </trkpt>
      <trkpt lat="48.07615667" lon="22.67819667">
        <ele>152</ele>
        <time>2025-07-09T13:13:30Z</time>
      </trkpt>
      <trkpt lat="48.07605167" lon="22.678205">
        <ele>151.9</ele>
        <time>2025-07-09T13:13:31Z</time>
      </trkpt>
      <trkpt lat="48.07593667" lon="22.67821833">
        <ele>151.9</ele>
        <time>2025-07-09T13:13:32Z</time>
      </trkpt>
      <trkpt lat="48.07582667" lon="22.67821833">
        <ele>152.5</ele>
        <time>2025-07-09T13:13:33Z</time>
      </trkpt>
      <trkpt lat="48.07571167" lon="22.67822167">
        <ele>152.5</ele>
        <time>2025-07-09T13:13:34Z</time>
      </trkpt>
      <trkpt lat="48.075605" lon="22.678225">
        <ele>152.4</ele>
        <time>2025-07-09T13:13:35Z</time>
      </trkpt>
      <trkpt lat="48.07549667" lon="22.67823833">
        <ele>151.9</ele>
        <time>2025-07-09T13:13:36Z</time>
      </trkpt>
      <trkpt lat="48.07539" lon="22.67825">
        <ele>151.3</ele>
        <time>2025-07-09T13:13:37Z</time>
      </trkpt>
      <trkpt lat="48.07527" lon="22.67825833">
        <ele>152.2</ele>
        <time>2025-07-09T13:13:38Z</time>
      </trkpt>
      <trkpt lat="48.075155" lon="22.67826667">
        <ele>152.1</ele>
        <time>2025-07-09T13:13:39Z</time>
      </trkpt>
      <trkpt lat="48.075035" lon="22.67826833">
        <ele>151.7</ele>
        <time>2025-07-09T13:13:40Z</time>
      </trkpt>
      <trkpt lat="48.07491333" lon="22.67827667">
        <ele>151.8</ele>
        <time>2025-07-09T13:13:41Z</time>
      </trkpt>
      <trkpt lat="48.0748" lon="22.678285">
        <ele>152.2</ele>
        <time>2025-07-09T13:13:42Z</time>
      </trkpt>
      <trkpt lat="48.074685" lon="22.67830167">
        <ele>153.1</ele>
        <time>2025-07-09T13:13:43Z</time>
      </trkpt>
      <trkpt lat="48.07457167" lon="22.67830833">
        <ele>153.1</ele>
        <time>2025-07-09T13:13:44Z</time>
      </trkpt>
      <trkpt lat="48.07446333" lon="22.67831333">
        <ele>152.4</ele>
        <time>2025-07-09T13:13:45Z</time>
      </trkpt>
      <trkpt lat="48.07436" lon="22.67832">
        <ele>152</ele>
        <time>2025-07-09T13:13:46Z</time>
      </trkpt>
      <trkpt lat="48.07425667" lon="22.67833167">
        <ele>151.9</ele>
        <time>2025-07-09T13:13:47Z</time>
      </trkpt>
      <trkpt lat="48.07414667" lon="22.678345">
        <ele>152.2</ele>
        <time>2025-07-09T13:13:48Z</time>
      </trkpt>
      <trkpt lat="48.074045" lon="22.67835667">
        <ele>152.1</ele>
        <time>2025-07-09T13:13:49Z</time>
      </trkpt>
      <trkpt lat="48.07395333" lon="22.678365">
        <ele>152.3</ele>
        <time>2025-07-09T13:13:50Z</time>
      </trkpt>
      <trkpt lat="48.07386167" lon="22.67837167">
        <ele>152</ele>
        <time>2025-07-09T13:13:51Z</time>
      </trkpt>
      <trkpt lat="48.07370167" lon="22.67837167">
        <ele>150.9</ele>
        <time>2025-07-09T13:13:53Z</time>
      </trkpt>
      <trkpt lat="48.07359167" lon="22.67832167">
        <ele>150.2</ele>
        <time>2025-07-09T13:13:55Z</time>
      </trkpt>
      <trkpt lat="48.07352667" lon="22.67819667">
        <ele>149.8</ele>
        <time>2025-07-09T13:13:57Z</time>
      </trkpt>
      <trkpt lat="48.07354" lon="22.67804833">
        <ele>150.2</ele>
        <time>2025-07-09T13:13:59Z</time>
      </trkpt>
      <trkpt lat="48.07359" lon="22.67786833">
        <ele>149.5</ele>
        <time>2025-07-09T13:14:01Z</time>
      </trkpt>
      <trkpt lat="48.07364333" lon="22.67767167">
        <ele>149.7</ele>
        <time>2025-07-09T13:14:03Z</time>
      </trkpt>
      <trkpt lat="48.07371167" lon="22.67747">
        <ele>151</ele>
        <time>2025-07-09T13:14:05Z</time>
      </trkpt>
      <trkpt lat="48.07378833" lon="22.67723167">
        <ele>150.4</ele>
        <time>2025-07-09T13:14:07Z</time>
      </trkpt>
      <trkpt lat="48.07382167" lon="22.6771">
        <ele>150.4</ele>
        <time>2025-07-09T13:14:08Z</time>
      </trkpt>
      <trkpt lat="48.07385833" lon="22.67696">
        <ele>150.4</ele>
        <time>2025-07-09T13:14:09Z</time>
      </trkpt>
      <trkpt lat="48.07389833" lon="22.67680167">
        <ele>150.2</ele>
        <time>2025-07-09T13:14:10Z</time>
      </trkpt>
      <trkpt lat="48.07393833" lon="22.67664833">
        <ele>150.5</ele>
        <time>2025-07-09T13:14:11Z</time>
      </trkpt>
      <trkpt lat="48.073985" lon="22.67649833">
        <ele>150.4</ele>
        <time>2025-07-09T13:14:12Z</time>
      </trkpt>
      <trkpt lat="48.07403333" lon="22.67632167">
        <ele>149.7</ele>
        <time>2025-07-09T13:14:13Z</time>
      </trkpt>
      <trkpt lat="48.07407833" lon="22.67613667">
        <ele>149.7</ele>
        <time>2025-07-09T13:14:14Z</time>
      </trkpt>
      <trkpt lat="48.074125" lon="22.67595167">
        <ele>149.7</ele>
        <time>2025-07-09T13:14:15Z</time>
      </trkpt>
      <trkpt lat="48.07417" lon="22.67576167">
        <ele>149.7</ele>
        <time>2025-07-09T13:14:16Z</time>
      </trkpt>
      <trkpt lat="48.07421667" lon="22.67558667">
        <ele>149.7</ele>
        <time>2025-07-09T13:14:17Z</time>
      </trkpt>
      <trkpt lat="48.07426333" lon="22.67541">
        <ele>149.8</ele>
        <time>2025-07-09T13:14:18Z</time>
      </trkpt>
      <trkpt lat="48.074315" lon="22.67524333">
        <ele>149.4</ele>
        <time>2025-07-09T13:14:19Z</time>
      </trkpt>
      <trkpt lat="48.07436167" lon="22.67507333">
        <ele>148.9</ele>
        <time>2025-07-09T13:14:20Z</time>
      </trkpt>
      <trkpt lat="48.07440667" lon="22.674905">
        <ele>149</ele>
        <time>2025-07-09T13:14:21Z</time>
      </trkpt>
      <trkpt lat="48.07445" lon="22.67471833">
        <ele>149.2</ele>
        <time>2025-07-09T13:14:22Z</time>
      </trkpt>
      <trkpt lat="48.07449833" lon="22.674545">
        <ele>149.7</ele>
        <time>2025-07-09T13:14:23Z</time>
      </trkpt>
      <trkpt lat="48.07454167" lon="22.67437833">
        <ele>150.1</ele>
        <time>2025-07-09T13:14:24Z</time>
      </trkpt>
      <trkpt lat="48.07459333" lon="22.67420333">
        <ele>150.3</ele>
        <time>2025-07-09T13:14:25Z</time>
      </trkpt>
      <trkpt lat="48.07464333" lon="22.67403833">
        <ele>150.7</ele>
        <time>2025-07-09T13:14:26Z</time>
      </trkpt>
      <trkpt lat="48.07469167" lon="22.67386667">
        <ele>150.3</ele>
        <time>2025-07-09T13:14:27Z</time>
      </trkpt>
      <trkpt lat="48.07473833" lon="22.673695">
        <ele>150</ele>
        <time>2025-07-09T13:14:28Z</time>
      </trkpt>
      <trkpt lat="48.07479333" lon="22.67352">
        <ele>149.7</ele>
        <time>2025-07-09T13:14:29Z</time>
      </trkpt>
      <trkpt lat="48.07484" lon="22.67335333">
        <ele>150.3</ele>
        <time>2025-07-09T13:14:30Z</time>
      </trkpt>
      <trkpt lat="48.074885" lon="22.67318833">
        <ele>149.9</ele>
        <time>2025-07-09T13:14:31Z</time>
      </trkpt>
      <trkpt lat="48.07493167" lon="22.67302">
        <ele>149.5</ele>
        <time>2025-07-09T13:14:32Z</time>
      </trkpt>
      <trkpt lat="48.07497667" lon="22.67285167">
        <ele>149.1</ele>
        <time>2025-07-09T13:14:33Z</time>
      </trkpt>
      <trkpt lat="48.07502667" lon="22.67268667">
        <ele>149.2</ele>
        <time>2025-07-09T13:14:34Z</time>
      </trkpt>
      <trkpt lat="48.07507333" lon="22.67252333">
        <ele>149.6</ele>
        <time>2025-07-09T13:14:35Z</time>
      </trkpt>
      <trkpt lat="48.075115" lon="22.67236333">
        <ele>149.9</ele>
        <time>2025-07-09T13:14:36Z</time>
      </trkpt>
      <trkpt lat="48.07515667" lon="22.672205">
        <ele>149.7</ele>
        <time>2025-07-09T13:14:37Z</time>
      </trkpt>
      <trkpt lat="48.0752" lon="22.672055">
        <ele>150.9</ele>
        <time>2025-07-09T13:14:38Z</time>
      </trkpt>
      <trkpt lat="48.07524333" lon="22.67190333">
        <ele>151</ele>
        <time>2025-07-09T13:14:39Z</time>
      </trkpt>
      <trkpt lat="48.07528667" lon="22.67175667">
        <ele>150.9</ele>
        <time>2025-07-09T13:14:40Z</time>
      </trkpt>
      <trkpt lat="48.07532167" lon="22.67160167">
        <ele>151</ele>
        <time>2025-07-09T13:14:41Z</time>
      </trkpt>
      <trkpt lat="48.07535833" lon="22.671455">
        <ele>151.4</ele>
        <time>2025-07-09T13:14:42Z</time>
      </trkpt>
      <trkpt lat="48.07539833" lon="22.67130833">
        <ele>151.6</ele>
        <time>2025-07-09T13:14:43Z</time>
      </trkpt>
      <trkpt lat="48.07543167" lon="22.67116">
        <ele>151.9</ele>
        <time>2025-07-09T13:14:44Z</time>
      </trkpt>
      <trkpt lat="48.07546333" lon="22.67101833">
        <ele>152.4</ele>
        <time>2025-07-09T13:14:45Z</time>
      </trkpt>
      <trkpt lat="48.075505" lon="22.67086167">
        <ele>152.9</ele>
        <time>2025-07-09T13:14:46Z</time>
      </trkpt>
      <trkpt lat="48.07555167" lon="22.67071">
        <ele>154</ele>
        <time>2025-07-09T13:14:47Z</time>
      </trkpt>
      <trkpt lat="48.07559333" lon="22.67056167">
        <ele>154.8</ele>
        <time>2025-07-09T13:14:48Z</time>
      </trkpt>
      <trkpt lat="48.07563" lon="22.67040833">
        <ele>154.1</ele>
        <time>2025-07-09T13:14:49Z</time>
      </trkpt>
      <trkpt lat="48.07567167" lon="22.67025167">
        <ele>153.2</ele>
        <time>2025-07-09T13:14:50Z</time>
      </trkpt>
      <trkpt lat="48.07572" lon="22.6701">
        <ele>153.1</ele>
        <time>2025-07-09T13:14:51Z</time>
      </trkpt>
      <trkpt lat="48.07576667" lon="22.66995333">
        <ele>153.4</ele>
        <time>2025-07-09T13:14:52Z</time>
      </trkpt>
      <trkpt lat="48.075815" lon="22.66982">
        <ele>154</ele>
        <time>2025-07-09T13:14:53Z</time>
      </trkpt>
      <trkpt lat="48.07585833" lon="22.66967333">
        <ele>154.5</ele>
        <time>2025-07-09T13:14:54Z</time>
      </trkpt>
      <trkpt lat="48.07590167" lon="22.66952">
        <ele>154.7</ele>
        <time>2025-07-09T13:14:55Z</time>
      </trkpt>
      <trkpt lat="48.07594333" lon="22.669365">
        <ele>154.9</ele>
        <time>2025-07-09T13:14:56Z</time>
      </trkpt>
      <trkpt lat="48.07597667" lon="22.66921667">
        <ele>155</ele>
        <time>2025-07-09T13:14:57Z</time>
      </trkpt>
      <trkpt lat="48.07601" lon="22.66907">
        <ele>154.9</ele>
        <time>2025-07-09T13:14:58Z</time>
      </trkpt>
      <trkpt lat="48.07605167" lon="22.66892">
        <ele>154.8</ele>
        <time>2025-07-09T13:14:59Z</time>
      </trkpt>
      <trkpt lat="48.07609167" lon="22.66877">
        <ele>154.9</ele>
        <time>2025-07-09T13:15:00Z</time>
      </trkpt>
      <trkpt lat="48.07612333" lon="22.66862">
        <ele>154.4</ele>
        <time>2025-07-09T13:15:01Z</time>
      </trkpt>
      <trkpt lat="48.07616333" lon="22.66846167">
        <ele>153.9</ele>
        <time>2025-07-09T13:15:02Z</time>
      </trkpt>
      <trkpt lat="48.07619167" lon="22.66830167">
        <ele>153.1</ele>
        <time>2025-07-09T13:15:03Z</time>
      </trkpt>
      <trkpt lat="48.07624167" lon="22.668155">
        <ele>153.3</ele>
        <time>2025-07-09T13:15:04Z</time>
      </trkpt>
      <trkpt lat="48.07629" lon="22.66799833">
        <ele>153.1</ele>
        <time>2025-07-09T13:15:05Z</time>
      </trkpt>
      <trkpt lat="48.076335" lon="22.66783667">
        <ele>152.9</ele>
        <time>2025-07-09T13:15:06Z</time>
      </trkpt>
      <trkpt lat="48.07638" lon="22.66767333">
        <ele>152.5</ele>
        <time>2025-07-09T13:15:07Z</time>
      </trkpt>
      <trkpt lat="48.07642" lon="22.66752167">
        <ele>152.4</ele>
        <time>2025-07-09T13:15:08Z</time>
      </trkpt>
      <trkpt lat="48.07646167" lon="22.66736833">
        <ele>150.9</ele>
        <time>2025-07-09T13:15:09Z</time>
      </trkpt>
      <trkpt lat="48.07650333" lon="22.66722">
        <ele>150.6</ele>
        <time>2025-07-09T13:15:10Z</time>
      </trkpt>
      <trkpt lat="48.07654167" lon="22.66708167">
        <ele>150.6</ele>
        <time>2025-07-09T13:15:11Z</time>
      </trkpt>
      <trkpt lat="48.07659167" lon="22.66693667">
        <ele>151</ele>
        <time>2025-07-09T13:15:12Z</time>
      </trkpt>
      <trkpt lat="48.076635" lon="22.666785">
        <ele>151.8</ele>
        <time>2025-07-09T13:15:13Z</time>
      </trkpt>
      <trkpt lat="48.07667" lon="22.66664333">
        <ele>152.2</ele>
        <time>2025-07-09T13:15:14Z</time>
      </trkpt>
      <trkpt lat="48.07671167" lon="22.66649667">
        <ele>152.5</ele>
        <time>2025-07-09T13:15:15Z</time>
      </trkpt>
      <trkpt lat="48.07675667" lon="22.66634667">
        <ele>153.2</ele>
        <time>2025-07-09T13:15:16Z</time>
      </trkpt>
      <trkpt lat="48.07680167" lon="22.66619833">
        <ele>153.9</ele>
        <time>2025-07-09T13:15:17Z</time>
      </trkpt>
      <trkpt lat="48.076845" lon="22.666035">
        <ele>154.3</ele>
        <time>2025-07-09T13:15:18Z</time>
      </trkpt>
      <trkpt lat="48.07689167" lon="22.66588">
        <ele>154.5</ele>
        <time>2025-07-09T13:15:19Z</time>
      </trkpt>
      <trkpt lat="48.07692667" lon="22.66572333">
        <ele>153.9</ele>
        <time>2025-07-09T13:15:20Z</time>
      </trkpt>
      <trkpt lat="48.07697" lon="22.66557167">
        <ele>153.9</ele>
        <time>2025-07-09T13:15:21Z</time>
      </trkpt>
      <trkpt lat="48.07701" lon="22.66542667">
        <ele>153.5</ele>
        <time>2025-07-09T13:15:22Z</time>
      </trkpt>
      <trkpt lat="48.07704167" lon="22.66528833">
        <ele>152.8</ele>
        <time>2025-07-09T13:15:23Z</time>
      </trkpt>
      <trkpt lat="48.07708167" lon="22.66515667">
        <ele>151.1</ele>
        <time>2025-07-09T13:15:24Z</time>
      </trkpt>
      <trkpt lat="48.07712667" lon="22.66500333">
        <ele>150.2</ele>
        <time>2025-07-09T13:15:25Z</time>
      </trkpt>
      <trkpt lat="48.07717167" lon="22.66485167">
        <ele>150.6</ele>
        <time>2025-07-09T13:15:26Z</time>
      </trkpt>
      <trkpt lat="48.07721667" lon="22.6647">
        <ele>150.5</ele>
        <time>2025-07-09T13:15:27Z</time>
      </trkpt>
      <trkpt lat="48.07726167" lon="22.66454">
        <ele>151</ele>
        <time>2025-07-09T13:15:28Z</time>
      </trkpt>
      <trkpt lat="48.077305" lon="22.664385">
        <ele>151</ele>
        <time>2025-07-09T13:15:29Z</time>
      </trkpt>
      <trkpt lat="48.07734667" lon="22.66423167">
        <ele>151.1</ele>
        <time>2025-07-09T13:15:30Z</time>
      </trkpt>
      <trkpt lat="48.07739" lon="22.66407">
        <ele>152</ele>
        <time>2025-07-09T13:15:31Z</time>
      </trkpt>
      <trkpt lat="48.07742667" lon="22.66391333">
        <ele>151.5</ele>
        <time>2025-07-09T13:15:32Z</time>
      </trkpt>
      <trkpt lat="48.07746667" lon="22.66376">
        <ele>151.6</ele>
        <time>2025-07-09T13:15:33Z</time>
      </trkpt>
      <trkpt lat="48.07750833" lon="22.663605">
        <ele>151.6</ele>
        <time>2025-07-09T13:15:34Z</time>
      </trkpt>
      <trkpt lat="48.07754167" lon="22.66345333">
        <ele>151.8</ele>
        <time>2025-07-09T13:15:35Z</time>
      </trkpt>
      <trkpt lat="48.07758333" lon="22.66330167">
        <ele>152</ele>
        <time>2025-07-09T13:15:36Z</time>
      </trkpt>
      <trkpt lat="48.07762333" lon="22.66315">
        <ele>152.4</ele>
        <time>2025-07-09T13:15:37Z</time>
      </trkpt>
      <trkpt lat="48.07767333" lon="22.66299333">
        <ele>153.1</ele>
        <time>2025-07-09T13:15:38Z</time>
      </trkpt>
      <trkpt lat="48.07772" lon="22.66284333">
        <ele>153.7</ele>
        <time>2025-07-09T13:15:39Z</time>
      </trkpt>
      <trkpt lat="48.07776333" lon="22.66268833">
        <ele>153.9</ele>
        <time>2025-07-09T13:15:40Z</time>
      </trkpt>
      <trkpt lat="48.07780333" lon="22.66253833">
        <ele>153.8</ele>
        <time>2025-07-09T13:15:41Z</time>
      </trkpt>
      <trkpt lat="48.077845" lon="22.66238833">
        <ele>153.2</ele>
        <time>2025-07-09T13:15:42Z</time>
      </trkpt>
      <trkpt lat="48.07788833" lon="22.66224667">
        <ele>153.4</ele>
        <time>2025-07-09T13:15:43Z</time>
      </trkpt>
      <trkpt lat="48.07792833" lon="22.66209667">
        <ele>153.5</ele>
        <time>2025-07-09T13:15:44Z</time>
      </trkpt>
      <trkpt lat="48.07796" lon="22.661935">
        <ele>152.9</ele>
        <time>2025-07-09T13:15:45Z</time>
      </trkpt>
      <trkpt lat="48.07799833" lon="22.66177833">
        <ele>153.2</ele>
        <time>2025-07-09T13:15:46Z</time>
      </trkpt>
      <trkpt lat="48.07803833" lon="22.66163167">
        <ele>153.5</ele>
        <time>2025-07-09T13:15:47Z</time>
      </trkpt>
      <trkpt lat="48.07808333" lon="22.66148333">
        <ele>153.9</ele>
        <time>2025-07-09T13:15:48Z</time>
      </trkpt>
      <trkpt lat="48.078125" lon="22.66133167">
        <ele>154.4</ele>
        <time>2025-07-09T13:15:49Z</time>
      </trkpt>
      <trkpt lat="48.07816167" lon="22.661185">
        <ele>154.9</ele>
        <time>2025-07-09T13:15:50Z</time>
      </trkpt>
      <trkpt lat="48.07820167" lon="22.66103833">
        <ele>155.2</ele>
        <time>2025-07-09T13:15:51Z</time>
      </trkpt>
      <trkpt lat="48.07824167" lon="22.66089333">
        <ele>155</ele>
        <time>2025-07-09T13:15:52Z</time>
      </trkpt>
      <trkpt lat="48.078285" lon="22.66075167">
        <ele>155</ele>
        <time>2025-07-09T13:15:53Z</time>
      </trkpt>
      <trkpt lat="48.07832333" lon="22.66059833">
        <ele>154.9</ele>
        <time>2025-07-09T13:15:54Z</time>
      </trkpt>
      <trkpt lat="48.078365" lon="22.66044833">
        <ele>155</ele>
        <time>2025-07-09T13:15:55Z</time>
      </trkpt>
      <trkpt lat="48.07841167" lon="22.66029833">
        <ele>155.3</ele>
        <time>2025-07-09T13:15:56Z</time>
      </trkpt>
      <trkpt lat="48.07845167" lon="22.66014667">
        <ele>155.4</ele>
        <time>2025-07-09T13:15:57Z</time>
      </trkpt>
      <trkpt lat="48.078475" lon="22.66001167">
        <ele>154.2</ele>
        <time>2025-07-09T13:15:58Z</time>
      </trkpt>
      <trkpt lat="48.07850833" lon="22.65986667">
        <ele>153.8</ele>
        <time>2025-07-09T13:15:59Z</time>
      </trkpt>
      <trkpt lat="48.07854333" lon="22.65973667">
        <ele>153.2</ele>
        <time>2025-07-09T13:16:00Z</time>
      </trkpt>
      <trkpt lat="48.078575" lon="22.65960167">
        <ele>153</ele>
        <time>2025-07-09T13:16:01Z</time>
      </trkpt>
      <trkpt lat="48.078605" lon="22.65947333">
        <ele>152.8</ele>
        <time>2025-07-09T13:16:02Z</time>
      </trkpt>
      <trkpt lat="48.07864833" lon="22.65933333">
        <ele>152.3</ele>
        <time>2025-07-09T13:16:03Z</time>
      </trkpt>
      <trkpt lat="48.07869333" lon="22.65919333">
        <ele>151.9</ele>
        <time>2025-07-09T13:16:04Z</time>
      </trkpt>
      <trkpt lat="48.07874167" lon="22.65904333">
        <ele>151.3</ele>
        <time>2025-07-09T13:16:05Z</time>
      </trkpt>
      <trkpt lat="48.07878833" lon="22.658895">
        <ele>151.1</ele>
        <time>2025-07-09T13:16:06Z</time>
      </trkpt>
      <trkpt lat="48.07884" lon="22.65873">
        <ele>151.1</ele>
        <time>2025-07-09T13:16:07Z</time>
      </trkpt>
      <trkpt lat="48.07889333" lon="22.65855">
        <ele>150.9</ele>
        <time>2025-07-09T13:16:08Z</time>
      </trkpt>
      <trkpt lat="48.07893667" lon="22.658385">
        <ele>151.6</ele>
        <time>2025-07-09T13:16:09Z</time>
      </trkpt>
      <trkpt lat="48.07898167" lon="22.65822833">
        <ele>151.3</ele>
        <time>2025-07-09T13:16:10Z</time>
      </trkpt>
      <trkpt lat="48.07902833" lon="22.65807167">
        <ele>151.6</ele>
        <time>2025-07-09T13:16:11Z</time>
      </trkpt>
      <trkpt lat="48.07906667" lon="22.65790667">
        <ele>151.3</ele>
        <time>2025-07-09T13:16:12Z</time>
      </trkpt>
      <trkpt lat="48.07910333" lon="22.657755">
        <ele>150.4</ele>
        <time>2025-07-09T13:16:13Z</time>
      </trkpt>
      <trkpt lat="48.07914667" lon="22.65759167">
        <ele>151.1</ele>
        <time>2025-07-09T13:16:14Z</time>
      </trkpt>
      <trkpt lat="48.079185" lon="22.65743167">
        <ele>152</ele>
        <time>2025-07-09T13:16:15Z</time>
      </trkpt>
      <trkpt lat="48.079215" lon="22.65728333">
        <ele>151.8</ele>
        <time>2025-07-09T13:16:16Z</time>
      </trkpt>
      <trkpt lat="48.079255" lon="22.657135">
        <ele>151.9</ele>
        <time>2025-07-09T13:16:17Z</time>
      </trkpt>
      <trkpt lat="48.07929667" lon="22.65698667">
        <ele>152.5</ele>
        <time>2025-07-09T13:16:18Z</time>
      </trkpt>
      <trkpt lat="48.07934" lon="22.65682833">
        <ele>152.3</ele>
        <time>2025-07-09T13:16:19Z</time>
      </trkpt>
      <trkpt lat="48.07938333" lon="22.656675">
        <ele>152.1</ele>
        <time>2025-07-09T13:16:20Z</time>
      </trkpt>
      <trkpt lat="48.07942833" lon="22.65652667">
        <ele>151.7</ele>
        <time>2025-07-09T13:16:21Z</time>
      </trkpt>
      <trkpt lat="48.07947333" lon="22.65637833">
        <ele>151.5</ele>
        <time>2025-07-09T13:16:22Z</time>
      </trkpt>
      <trkpt lat="48.07951333" lon="22.65622667">
        <ele>151.3</ele>
        <time>2025-07-09T13:16:23Z</time>
      </trkpt>
      <trkpt lat="48.07955167" lon="22.65607167">
        <ele>150.9</ele>
        <time>2025-07-09T13:16:24Z</time>
      </trkpt>
      <trkpt lat="48.07959" lon="22.65592167">
        <ele>150.7</ele>
        <time>2025-07-09T13:16:25Z</time>
      </trkpt>
      <trkpt lat="48.07963" lon="22.65577167">
        <ele>150.3</ele>
        <time>2025-07-09T13:16:26Z</time>
      </trkpt>
      <trkpt lat="48.079675" lon="22.65562667">
        <ele>150.3</ele>
        <time>2025-07-09T13:16:27Z</time>
      </trkpt>
      <trkpt lat="48.07972167" lon="22.65547667">
        <ele>150.9</ele>
        <time>2025-07-09T13:16:28Z</time>
      </trkpt>
      <trkpt lat="48.07976667" lon="22.65532333">
        <ele>151.3</ele>
        <time>2025-07-09T13:16:29Z</time>
      </trkpt>
      <trkpt lat="48.07980667" lon="22.655175">
        <ele>151.7</ele>
        <time>2025-07-09T13:16:30Z</time>
      </trkpt>
      <trkpt lat="48.07985" lon="22.65501833">
        <ele>152.1</ele>
        <time>2025-07-09T13:16:31Z</time>
      </trkpt>
      <trkpt lat="48.07989333" lon="22.65487">
        <ele>152.7</ele>
        <time>2025-07-09T13:16:32Z</time>
      </trkpt>
      <trkpt lat="48.07993667" lon="22.654715">
        <ele>152.6</ele>
        <time>2025-07-09T13:16:33Z</time>
      </trkpt>
      <trkpt lat="48.079975" lon="22.65456833">
        <ele>152.5</ele>
        <time>2025-07-09T13:16:34Z</time>
      </trkpt>
      <trkpt lat="48.08001333" lon="22.65441167">
        <ele>152.6</ele>
        <time>2025-07-09T13:16:35Z</time>
      </trkpt>
      <trkpt lat="48.08005167" lon="22.654255">
        <ele>152.7</ele>
        <time>2025-07-09T13:16:36Z</time>
      </trkpt>
      <trkpt lat="48.08009667" lon="22.65410833">
        <ele>153.4</ele>
        <time>2025-07-09T13:16:37Z</time>
      </trkpt>
      <trkpt lat="48.080135" lon="22.65396833">
        <ele>153.6</ele>
        <time>2025-07-09T13:16:38Z</time>
      </trkpt>
      <trkpt lat="48.08017667" lon="22.65382">
        <ele>153.9</ele>
        <time>2025-07-09T13:16:39Z</time>
      </trkpt>
      <trkpt lat="48.080215" lon="22.653675">
        <ele>154.6</ele>
        <time>2025-07-09T13:16:40Z</time>
      </trkpt>
      <trkpt lat="48.08024833" lon="22.65352167">
        <ele>154.4</ele>
        <time>2025-07-09T13:16:41Z</time>
      </trkpt>
      <trkpt lat="48.08029167" lon="22.65336833">
        <ele>153.7</ele>
        <time>2025-07-09T13:16:42Z</time>
      </trkpt>
      <trkpt lat="48.08033833" lon="22.65321833">
        <ele>153.4</ele>
        <time>2025-07-09T13:16:43Z</time>
      </trkpt>
      <trkpt lat="48.08038" lon="22.65306667">
        <ele>152.9</ele>
        <time>2025-07-09T13:16:44Z</time>
      </trkpt>
      <trkpt lat="48.08042167" lon="22.65291667">
        <ele>152.7</ele>
        <time>2025-07-09T13:16:45Z</time>
      </trkpt>
      <trkpt lat="48.08046167" lon="22.65276667">
        <ele>152</ele>
        <time>2025-07-09T13:16:46Z</time>
      </trkpt>
      <trkpt lat="48.08050833" lon="22.652615">
        <ele>151.5</ele>
        <time>2025-07-09T13:16:47Z</time>
      </trkpt>
      <trkpt lat="48.08055667" lon="22.65246167">
        <ele>151.8</ele>
        <time>2025-07-09T13:16:48Z</time>
      </trkpt>
      <trkpt lat="48.08060167" lon="22.652295">
        <ele>151.7</ele>
        <time>2025-07-09T13:16:49Z</time>
      </trkpt>
      <trkpt lat="48.08064333" lon="22.65213667">
        <ele>152.9</ele>
        <time>2025-07-09T13:16:50Z</time>
      </trkpt>
      <trkpt lat="48.08068667" lon="22.65198167">
        <ele>152.9</ele>
        <time>2025-07-09T13:16:51Z</time>
      </trkpt>
      <trkpt lat="48.08071333" lon="22.65184167">
        <ele>152.2</ele>
        <time>2025-07-09T13:16:52Z</time>
      </trkpt>
      <trkpt lat="48.08075" lon="22.65169167">
        <ele>151.8</ele>
        <time>2025-07-09T13:16:53Z</time>
      </trkpt>
      <trkpt lat="48.080795" lon="22.65153833">
        <ele>152.1</ele>
        <time>2025-07-09T13:16:54Z</time>
      </trkpt>
      <trkpt lat="48.08084" lon="22.65138833">
        <ele>152.5</ele>
        <time>2025-07-09T13:16:55Z</time>
      </trkpt>
      <trkpt lat="48.08088833" lon="22.65123333">
        <ele>152.2</ele>
        <time>2025-07-09T13:16:56Z</time>
      </trkpt>
      <trkpt lat="48.08093667" lon="22.65108667">
        <ele>152</ele>
        <time>2025-07-09T13:16:57Z</time>
      </trkpt>
      <trkpt lat="48.08097" lon="22.65093667">
        <ele>151.4</ele>
        <time>2025-07-09T13:16:58Z</time>
      </trkpt>
      <trkpt lat="48.08100667" lon="22.65078833">
        <ele>151.9</ele>
        <time>2025-07-09T13:16:59Z</time>
      </trkpt>
      <trkpt lat="48.08105" lon="22.65064333">
        <ele>152</ele>
        <time>2025-07-09T13:17:00Z</time>
      </trkpt>
      <trkpt lat="48.08109167" lon="22.65049833">
        <ele>151.5</ele>
        <time>2025-07-09T13:17:01Z</time>
      </trkpt>
      <trkpt lat="48.08113333" lon="22.65035">
        <ele>150.9</ele>
        <time>2025-07-09T13:17:02Z</time>
      </trkpt>
      <trkpt lat="48.081175" lon="22.65020167">
        <ele>150.4</ele>
        <time>2025-07-09T13:17:03Z</time>
      </trkpt>
      <trkpt lat="48.08121833" lon="22.650045">
        <ele>149.9</ele>
        <time>2025-07-09T13:17:04Z</time>
      </trkpt>
      <trkpt lat="48.08126167" lon="22.64989">
        <ele>149.3</ele>
        <time>2025-07-09T13:17:05Z</time>
      </trkpt>
      <trkpt lat="48.08130667" lon="22.64973833">
        <ele>149</ele>
        <time>2025-07-09T13:17:06Z</time>
      </trkpt>
      <trkpt lat="48.08135" lon="22.64959333">
        <ele>149.1</ele>
        <time>2025-07-09T13:17:07Z</time>
      </trkpt>
      <trkpt lat="48.08139333" lon="22.64944833">
        <ele>149.8</ele>
        <time>2025-07-09T13:17:08Z</time>
      </trkpt>
      <trkpt lat="48.08143" lon="22.64930333">
        <ele>149.7</ele>
        <time>2025-07-09T13:17:09Z</time>
      </trkpt>
      <trkpt lat="48.08147" lon="22.64915">
        <ele>149.3</ele>
        <time>2025-07-09T13:17:10Z</time>
      </trkpt>
      <trkpt lat="48.08150667" lon="22.64899333">
        <ele>149.1</ele>
        <time>2025-07-09T13:17:11Z</time>
      </trkpt>
      <trkpt lat="48.08154333" lon="22.64884">
        <ele>149.3</ele>
        <time>2025-07-09T13:17:12Z</time>
      </trkpt>
      <trkpt lat="48.08157333" lon="22.648695">
        <ele>148.8</ele>
        <time>2025-07-09T13:17:13Z</time>
      </trkpt>
      <trkpt lat="48.08161833" lon="22.64853833">
        <ele>149</ele>
        <time>2025-07-09T13:17:14Z</time>
      </trkpt>
      <trkpt lat="48.08166333" lon="22.64838">
        <ele>148.9</ele>
        <time>2025-07-09T13:17:15Z</time>
      </trkpt>
      <trkpt lat="48.08170167" lon="22.64822333">
        <ele>148.9</ele>
        <time>2025-07-09T13:17:16Z</time>
      </trkpt>
      <trkpt lat="48.081735" lon="22.64807">
        <ele>148.9</ele>
        <time>2025-07-09T13:17:17Z</time>
      </trkpt>
      <trkpt lat="48.08177333" lon="22.64791333">
        <ele>149.3</ele>
        <time>2025-07-09T13:17:18Z</time>
      </trkpt>
      <trkpt lat="48.08181" lon="22.64776667">
        <ele>149.6</ele>
        <time>2025-07-09T13:17:19Z</time>
      </trkpt>
      <trkpt lat="48.081835" lon="22.64761833">
        <ele>148.4</ele>
        <time>2025-07-09T13:17:20Z</time>
      </trkpt>
      <trkpt lat="48.08187" lon="22.64747">
        <ele>148.2</ele>
        <time>2025-07-09T13:17:21Z</time>
      </trkpt>
      <trkpt lat="48.08190667" lon="22.64732167">
        <ele>147.8</ele>
        <time>2025-07-09T13:17:22Z</time>
      </trkpt>
      <trkpt lat="48.08195167" lon="22.64717">
        <ele>147.8</ele>
        <time>2025-07-09T13:17:23Z</time>
      </trkpt>
      <trkpt lat="48.082" lon="22.64701833">
        <ele>147.6</ele>
        <time>2025-07-09T13:17:24Z</time>
      </trkpt>
      <trkpt lat="48.082045" lon="22.64687333">
        <ele>147.4</ele>
        <time>2025-07-09T13:17:25Z</time>
      </trkpt>
      <trkpt lat="48.08208833" lon="22.64672333">
        <ele>147.5</ele>
        <time>2025-07-09T13:17:26Z</time>
      </trkpt>
      <trkpt lat="48.08213167" lon="22.64656667">
        <ele>147.3</ele>
        <time>2025-07-09T13:17:27Z</time>
      </trkpt>
      <trkpt lat="48.08216667" lon="22.64642333">
        <ele>147.1</ele>
        <time>2025-07-09T13:17:28Z</time>
      </trkpt>
      <trkpt lat="48.08220667" lon="22.646275">
        <ele>146.7</ele>
        <time>2025-07-09T13:17:29Z</time>
      </trkpt>
      <trkpt lat="48.082245" lon="22.64612667">
        <ele>145.7</ele>
        <time>2025-07-09T13:17:30Z</time>
      </trkpt>
      <trkpt lat="48.08229333" lon="22.64597">
        <ele>146</ele>
        <time>2025-07-09T13:17:31Z</time>
      </trkpt>
      <trkpt lat="48.08234333" lon="22.645815">
        <ele>146.1</ele>
        <time>2025-07-09T13:17:32Z</time>
      </trkpt>
      <trkpt lat="48.08239333" lon="22.64566333">
        <ele>146.2</ele>
        <time>2025-07-09T13:17:33Z</time>
      </trkpt>
      <trkpt lat="48.08244333" lon="22.64550667">
        <ele>146.2</ele>
        <time>2025-07-09T13:17:34Z</time>
      </trkpt>
      <trkpt lat="48.08248667" lon="22.64535333">
        <ele>146.3</ele>
        <time>2025-07-09T13:17:35Z</time>
      </trkpt>
      <trkpt lat="48.08253167" lon="22.645205">
        <ele>146.4</ele>
        <time>2025-07-09T13:17:36Z</time>
      </trkpt>
      <trkpt lat="48.08256833" lon="22.64505333">
        <ele>146.7</ele>
        <time>2025-07-09T13:17:37Z</time>
      </trkpt>
      <trkpt lat="48.08261" lon="22.644905">
        <ele>146.9</ele>
        <time>2025-07-09T13:17:38Z</time>
      </trkpt>
      <trkpt lat="48.08265167" lon="22.644755">
        <ele>146.8</ele>
        <time>2025-07-09T13:17:39Z</time>
      </trkpt>
      <trkpt lat="48.08269667" lon="22.64461333">
        <ele>146.2</ele>
        <time>2025-07-09T13:17:40Z</time>
      </trkpt>
      <trkpt lat="48.08273667" lon="22.64446167">
        <ele>146</ele>
        <time>2025-07-09T13:17:41Z</time>
      </trkpt>
      <trkpt lat="48.082775" lon="22.64431">
        <ele>146.2</ele>
        <time>2025-07-09T13:17:42Z</time>
      </trkpt>
      <trkpt lat="48.082815" lon="22.64415333">
        <ele>146.6</ele>
        <time>2025-07-09T13:17:43Z</time>
      </trkpt>
      <trkpt lat="48.08285167" lon="22.64400833">
        <ele>146.7</ele>
        <time>2025-07-09T13:17:44Z</time>
      </trkpt>
      <trkpt lat="48.08289167" lon="22.643855">
        <ele>146.8</ele>
        <time>2025-07-09T13:17:45Z</time>
      </trkpt>
      <trkpt lat="48.08292667" lon="22.6437">
        <ele>147.5</ele>
        <time>2025-07-09T13:17:46Z</time>
      </trkpt>
      <trkpt lat="48.08296167" lon="22.64355333">
        <ele>147.4</ele>
        <time>2025-07-09T13:17:47Z</time>
      </trkpt>
      <trkpt lat="48.083" lon="22.64339833">
        <ele>147.6</ele>
        <time>2025-07-09T13:17:48Z</time>
      </trkpt>
      <trkpt lat="48.08304167" lon="22.64324667">
        <ele>147.9</ele>
        <time>2025-07-09T13:17:49Z</time>
      </trkpt>
      <trkpt lat="48.083085" lon="22.6431">
        <ele>148</ele>
        <time>2025-07-09T13:17:50Z</time>
      </trkpt>
      <trkpt lat="48.083125" lon="22.64296">
        <ele>148.6</ele>
        <time>2025-07-09T13:17:51Z</time>
      </trkpt>
      <trkpt lat="48.08316833" lon="22.64281333">
        <ele>148.8</ele>
        <time>2025-07-09T13:17:52Z</time>
      </trkpt>
      <trkpt lat="48.08321167" lon="22.64266667">
        <ele>149.1</ele>
        <time>2025-07-09T13:17:53Z</time>
      </trkpt>
      <trkpt lat="48.08325833" lon="22.64250833">
        <ele>149.8</ele>
        <time>2025-07-09T13:17:54Z</time>
      </trkpt>
      <trkpt lat="48.083295" lon="22.64235167">
        <ele>149.6</ele>
        <time>2025-07-09T13:17:55Z</time>
      </trkpt>
      <trkpt lat="48.08333" lon="22.6422">
        <ele>148.4</ele>
        <time>2025-07-09T13:17:56Z</time>
      </trkpt>
      <trkpt lat="48.08337167" lon="22.64205167">
        <ele>147.5</ele>
        <time>2025-07-09T13:17:57Z</time>
      </trkpt>
      <trkpt lat="48.08341667" lon="22.64189333">
        <ele>146.9</ele>
        <time>2025-07-09T13:17:58Z</time>
      </trkpt>
      <trkpt lat="48.08346333" lon="22.64174333">
        <ele>147.3</ele>
        <time>2025-07-09T13:17:59Z</time>
      </trkpt>
      <trkpt lat="48.08351" lon="22.641585">
        <ele>148</ele>
        <time>2025-07-09T13:18:00Z</time>
      </trkpt>
      <trkpt lat="48.08355333" lon="22.64143667">
        <ele>149.1</ele>
        <time>2025-07-09T13:18:01Z</time>
      </trkpt>
      <trkpt lat="48.08359333" lon="22.641285">
        <ele>149.2</ele>
        <time>2025-07-09T13:18:02Z</time>
      </trkpt>
      <trkpt lat="48.08363333" lon="22.64113667">
        <ele>149.3</ele>
        <time>2025-07-09T13:18:03Z</time>
      </trkpt>
      <trkpt lat="48.083665" lon="22.64098833">
        <ele>149.4</ele>
        <time>2025-07-09T13:18:04Z</time>
      </trkpt>
      <trkpt lat="48.08369833" lon="22.64085167">
        <ele>149.6</ele>
        <time>2025-07-09T13:18:05Z</time>
      </trkpt>
      <trkpt lat="48.08373" lon="22.64071333">
        <ele>149.5</ele>
        <time>2025-07-09T13:18:06Z</time>
      </trkpt>
      <trkpt lat="48.08376833" lon="22.64057333">
        <ele>149.9</ele>
        <time>2025-07-09T13:18:07Z</time>
      </trkpt>
      <trkpt lat="48.083805" lon="22.64043333">
        <ele>150.4</ele>
        <time>2025-07-09T13:18:08Z</time>
      </trkpt>
      <trkpt lat="48.08383667" lon="22.640285">
        <ele>150</ele>
        <time>2025-07-09T13:18:09Z</time>
      </trkpt>
      <trkpt lat="48.083875" lon="22.64014667">
        <ele>149.8</ele>
        <time>2025-07-09T13:18:10Z</time>
      </trkpt>
      <trkpt lat="48.083915" lon="22.640005">
        <ele>149.3</ele>
        <time>2025-07-09T13:18:11Z</time>
      </trkpt>
      <trkpt lat="48.08395333" lon="22.63986833">
        <ele>149</ele>
        <time>2025-07-09T13:18:12Z</time>
      </trkpt>
      <trkpt lat="48.08398833" lon="22.63973333">
        <ele>149.2</ele>
        <time>2025-07-09T13:18:13Z</time>
      </trkpt>
      <trkpt lat="48.08402333" lon="22.63960167">
        <ele>149.2</ele>
        <time>2025-07-09T13:18:14Z</time>
      </trkpt>
      <trkpt lat="48.084055" lon="22.639465">
        <ele>149.2</ele>
        <time>2025-07-09T13:18:15Z</time>
      </trkpt>
      <trkpt lat="48.08408667" lon="22.63933">
        <ele>149.2</ele>
        <time>2025-07-09T13:18:16Z</time>
      </trkpt>
      <trkpt lat="48.08412667" lon="22.63918833">
        <ele>149.1</ele>
        <time>2025-07-09T13:18:17Z</time>
      </trkpt>
      <trkpt lat="48.08416333" lon="22.63905167">
        <ele>149.2</ele>
        <time>2025-07-09T13:18:18Z</time>
      </trkpt>
      <trkpt lat="48.08420167" lon="22.63891833">
        <ele>149.6</ele>
        <time>2025-07-09T13:18:19Z</time>
      </trkpt>
      <trkpt lat="48.08424167" lon="22.63878167">
        <ele>149.7</ele>
        <time>2025-07-09T13:18:20Z</time>
      </trkpt>
      <trkpt lat="48.08430833" lon="22.63854333">
        <ele>150.2</ele>
        <time>2025-07-09T13:18:22Z</time>
      </trkpt>
      <trkpt lat="48.084365" lon="22.63829833">
        <ele>150.2</ele>
        <time>2025-07-09T13:18:24Z</time>
      </trkpt>
      <trkpt lat="48.08443333" lon="22.63808167">
        <ele>150.1</ele>
        <time>2025-07-09T13:18:26Z</time>
      </trkpt>
      <trkpt lat="48.084565" lon="22.63795167">
        <ele>150.5</ele>
        <time>2025-07-09T13:18:28Z</time>
      </trkpt>
      <trkpt lat="48.08473167" lon="22.63789833">
        <ele>152</ele>
        <time>2025-07-09T13:18:30Z</time>
      </trkpt>
      <trkpt lat="48.08483167" lon="22.637905">
        <ele>153.1</ele>
        <time>2025-07-09T13:18:31Z</time>
      </trkpt>
      <trkpt lat="48.08493667" lon="22.63791833">
        <ele>153.5</ele>
        <time>2025-07-09T13:18:32Z</time>
      </trkpt>
      <trkpt lat="48.085045" lon="22.63793333">
        <ele>153.7</ele>
        <time>2025-07-09T13:18:33Z</time>
      </trkpt>
      <trkpt lat="48.085145" lon="22.63795667">
        <ele>153.9</ele>
        <time>2025-07-09T13:18:34Z</time>
      </trkpt>
      <trkpt lat="48.08524667" lon="22.63797667">
        <ele>153.8</ele>
        <time>2025-07-09T13:18:35Z</time>
      </trkpt>
      <trkpt lat="48.08535667" lon="22.63798833">
        <ele>153.7</ele>
        <time>2025-07-09T13:18:36Z</time>
      </trkpt>
      <trkpt lat="48.08545833" lon="22.63801167">
        <ele>153.5</ele>
        <time>2025-07-09T13:18:37Z</time>
      </trkpt>
      <trkpt lat="48.08555833" lon="22.63802167">
        <ele>153.4</ele>
        <time>2025-07-09T13:18:38Z</time>
      </trkpt>
      <trkpt lat="48.08565333" lon="22.63803167">
        <ele>152.7</ele>
        <time>2025-07-09T13:18:39Z</time>
      </trkpt>
      <trkpt lat="48.08575167" lon="22.638045">
        <ele>152.2</ele>
        <time>2025-07-09T13:18:40Z</time>
      </trkpt>
      <trkpt lat="48.08584333" lon="22.63806167">
        <ele>152</ele>
        <time>2025-07-09T13:18:41Z</time>
      </trkpt>
      <trkpt lat="48.085935" lon="22.63808833">
        <ele>152.1</ele>
        <time>2025-07-09T13:18:42Z</time>
      </trkpt>
      <trkpt lat="48.08602667" lon="22.638105">
        <ele>151.6</ele>
        <time>2025-07-09T13:18:43Z</time>
      </trkpt>
      <trkpt lat="48.08619333" lon="22.63814333">
        <ele>151</ele>
        <time>2025-07-09T13:18:45Z</time>
      </trkpt>
      <trkpt lat="48.08635" lon="22.63816667">
        <ele>151</ele>
        <time>2025-07-09T13:18:47Z</time>
      </trkpt>
      <trkpt lat="48.08650833" lon="22.638125">
        <ele>152.9</ele>
        <time>2025-07-09T13:18:49Z</time>
      </trkpt>
      <trkpt lat="48.08664667" lon="22.63798333">
        <ele>153.8</ele>
        <time>2025-07-09T13:18:51Z</time>
      </trkpt>
      <trkpt lat="48.08672167" lon="22.63775833">
        <ele>154.1</ele>
        <time>2025-07-09T13:18:53Z</time>
      </trkpt>
      <trkpt lat="48.08672833" lon="22.63761">
        <ele>154.5</ele>
        <time>2025-07-09T13:18:54Z</time>
      </trkpt>
      <trkpt lat="48.086725" lon="22.63745333">
        <ele>153.9</ele>
        <time>2025-07-09T13:18:55Z</time>
      </trkpt>
      <trkpt lat="48.08671667" lon="22.63729">
        <ele>154.5</ele>
        <time>2025-07-09T13:18:56Z</time>
      </trkpt>
      <trkpt lat="48.08670833" lon="22.63713833">
        <ele>155.1</ele>
        <time>2025-07-09T13:18:57Z</time>
      </trkpt>
      <trkpt lat="48.08669667" lon="22.636985">
        <ele>155.8</ele>
        <time>2025-07-09T13:18:58Z</time>
      </trkpt>
      <trkpt lat="48.086685" lon="22.636825">
        <ele>155.5</ele>
        <time>2025-07-09T13:18:59Z</time>
      </trkpt>
      <trkpt lat="48.08668" lon="22.63667">
        <ele>155.2</ele>
        <time>2025-07-09T13:19:00Z</time>
      </trkpt>
      <trkpt lat="48.08667167" lon="22.63651833">
        <ele>154</ele>
        <time>2025-07-09T13:19:01Z</time>
      </trkpt>
      <trkpt lat="48.08666333" lon="22.63636833">
        <ele>152.4</ele>
        <time>2025-07-09T13:19:02Z</time>
      </trkpt>
      <trkpt lat="48.08665167" lon="22.63622667">
        <ele>151.9</ele>
        <time>2025-07-09T13:19:03Z</time>
      </trkpt>
      <trkpt lat="48.08664" lon="22.63609">
        <ele>151.3</ele>
        <time>2025-07-09T13:19:04Z</time>
      </trkpt>
      <trkpt lat="48.08663167" lon="22.63594667">
        <ele>151.4</ele>
        <time>2025-07-09T13:19:05Z</time>
      </trkpt>
      <trkpt lat="48.086615" lon="22.63581">
        <ele>152.1</ele>
        <time>2025-07-09T13:19:06Z</time>
      </trkpt>
      <trkpt lat="48.08659667" lon="22.63566333">
        <ele>152.2</ele>
        <time>2025-07-09T13:19:07Z</time>
      </trkpt>
      <trkpt lat="48.08658167" lon="22.63551">
        <ele>152.7</ele>
        <time>2025-07-09T13:19:08Z</time>
      </trkpt>
      <trkpt lat="48.08655833" lon="22.63536833">
        <ele>152.5</ele>
        <time>2025-07-09T13:19:09Z</time>
      </trkpt>
      <trkpt lat="48.08653333" lon="22.63523167">
        <ele>152.5</ele>
        <time>2025-07-09T13:19:10Z</time>
      </trkpt>
      <trkpt lat="48.086505" lon="22.63509833">
        <ele>152.1</ele>
        <time>2025-07-09T13:19:11Z</time>
      </trkpt>
      <trkpt lat="48.08648167" lon="22.63495333">
        <ele>151.8</ele>
        <time>2025-07-09T13:19:12Z</time>
      </trkpt>
      <trkpt lat="48.08645667" lon="22.634815">
        <ele>151</ele>
        <time>2025-07-09T13:19:13Z</time>
      </trkpt>
      <trkpt lat="48.08643333" lon="22.63466667">
        <ele>151.1</ele>
        <time>2025-07-09T13:19:14Z</time>
      </trkpt>
      <trkpt lat="48.08640833" lon="22.63452167">
        <ele>151.3</ele>
        <time>2025-07-09T13:19:15Z</time>
      </trkpt>
      <trkpt lat="48.08638" lon="22.63437667">
        <ele>151</ele>
        <time>2025-07-09T13:19:16Z</time>
      </trkpt>
      <trkpt lat="48.08635333" lon="22.63423167">
        <ele>150.7</ele>
        <time>2025-07-09T13:19:17Z</time>
      </trkpt>
      <trkpt lat="48.08633" lon="22.63409167">
        <ele>150.7</ele>
        <time>2025-07-09T13:19:18Z</time>
      </trkpt>
      <trkpt lat="48.08631333" lon="22.63394667">
        <ele>150.9</ele>
        <time>2025-07-09T13:19:19Z</time>
      </trkpt>
      <trkpt lat="48.08629333" lon="22.633805">
        <ele>151.2</ele>
        <time>2025-07-09T13:19:20Z</time>
      </trkpt>
      <trkpt lat="48.08627" lon="22.63366333">
        <ele>151.2</ele>
        <time>2025-07-09T13:19:21Z</time>
      </trkpt>
      <trkpt lat="48.08625167" lon="22.63352667">
        <ele>151.4</ele>
        <time>2025-07-09T13:19:22Z</time>
      </trkpt>
      <trkpt lat="48.086235" lon="22.63339167">
        <ele>152.1</ele>
        <time>2025-07-09T13:19:23Z</time>
      </trkpt>
      <trkpt lat="48.08621833" lon="22.63324667">
        <ele>152.1</ele>
        <time>2025-07-09T13:19:24Z</time>
      </trkpt>
      <trkpt lat="48.08620167" lon="22.63310667">
        <ele>151.9</ele>
        <time>2025-07-09T13:19:25Z</time>
      </trkpt>
      <trkpt lat="48.08618833" lon="22.63297167">
        <ele>152.2</ele>
        <time>2025-07-09T13:19:26Z</time>
      </trkpt>
      <trkpt lat="48.08616833" lon="22.63284">
        <ele>152.6</ele>
        <time>2025-07-09T13:19:27Z</time>
      </trkpt>
      <trkpt lat="48.08614833" lon="22.63268833">
        <ele>153.9</ele>
        <time>2025-07-09T13:19:28Z</time>
      </trkpt>
      <trkpt lat="48.086095" lon="22.63242667">
        <ele>153.6</ele>
        <time>2025-07-09T13:19:30Z</time>
      </trkpt>
      <trkpt lat="48.08606167" lon="22.63229333">
        <ele>153</ele>
        <time>2025-07-09T13:19:31Z</time>
      </trkpt>
      <trkpt lat="48.08602833" lon="22.632165">
        <ele>153.1</ele>
        <time>2025-07-09T13:19:32Z</time>
      </trkpt>
      <trkpt lat="48.08599833" lon="22.632035">
        <ele>153</ele>
        <time>2025-07-09T13:19:33Z</time>
      </trkpt>
      <trkpt lat="48.085965" lon="22.63190667">
        <ele>152.8</ele>
        <time>2025-07-09T13:19:34Z</time>
      </trkpt>
      <trkpt lat="48.085935" lon="22.63177333">
        <ele>153</ele>
        <time>2025-07-09T13:19:35Z</time>
      </trkpt>
      <trkpt lat="48.08590333" lon="22.63164333">
        <ele>153.5</ele>
        <time>2025-07-09T13:19:36Z</time>
      </trkpt>
      <trkpt lat="48.08587833" lon="22.63149667">
        <ele>153.9</ele>
        <time>2025-07-09T13:19:37Z</time>
      </trkpt>
      <trkpt lat="48.08585833" lon="22.63136167">
        <ele>153.7</ele>
        <time>2025-07-09T13:19:38Z</time>
      </trkpt>
      <trkpt lat="48.08583667" lon="22.63122">
        <ele>156.5</ele>
        <time>2025-07-09T13:19:39Z</time>
      </trkpt>
      <trkpt lat="48.08583" lon="22.63108">
        <ele>155.9</ele>
        <time>2025-07-09T13:19:40Z</time>
      </trkpt>
      <trkpt lat="48.08583167" lon="22.63093167">
        <ele>154.5</ele>
        <time>2025-07-09T13:19:41Z</time>
      </trkpt>
      <trkpt lat="48.08583" lon="22.63079">
        <ele>153.9</ele>
        <time>2025-07-09T13:19:42Z</time>
      </trkpt>
      <trkpt lat="48.08582833" lon="22.63064">
        <ele>153.8</ele>
        <time>2025-07-09T13:19:43Z</time>
      </trkpt>
      <trkpt lat="48.08583333" lon="22.63049333">
        <ele>152.6</ele>
        <time>2025-07-09T13:19:44Z</time>
      </trkpt>
      <trkpt lat="48.08582833" lon="22.63035167">
        <ele>151.2</ele>
        <time>2025-07-09T13:19:45Z</time>
      </trkpt>
      <trkpt lat="48.08581333" lon="22.63020833">
        <ele>150.6</ele>
        <time>2025-07-09T13:19:46Z</time>
      </trkpt>
      <trkpt lat="48.08579667" lon="22.630075">
        <ele>150.5</ele>
        <time>2025-07-09T13:19:47Z</time>
      </trkpt>
      <trkpt lat="48.08577" lon="22.629925">
        <ele>150.4</ele>
        <time>2025-07-09T13:19:48Z</time>
      </trkpt>
      <trkpt lat="48.08575167" lon="22.62978333">
        <ele>150.9</ele>
        <time>2025-07-09T13:19:49Z</time>
      </trkpt>
      <trkpt lat="48.08573667" lon="22.62964167">
        <ele>151.2</ele>
        <time>2025-07-09T13:19:50Z</time>
      </trkpt>
      <trkpt lat="48.08572833" lon="22.62949">
        <ele>151.8</ele>
        <time>2025-07-09T13:19:51Z</time>
      </trkpt>
      <trkpt lat="48.08571167" lon="22.62934333">
        <ele>151.6</ele>
        <time>2025-07-09T13:19:52Z</time>
      </trkpt>
      <trkpt lat="48.08569333" lon="22.62920833">
        <ele>151.6</ele>
        <time>2025-07-09T13:19:53Z</time>
      </trkpt>
      <trkpt lat="48.08566667" lon="22.62906333">
        <ele>152.2</ele>
        <time>2025-07-09T13:19:54Z</time>
      </trkpt>
      <trkpt lat="48.08564167" lon="22.62892167">
        <ele>152.8</ele>
        <time>2025-07-09T13:19:55Z</time>
      </trkpt>
      <trkpt lat="48.08560833" lon="22.62865167">
        <ele>152.2</ele>
        <time>2025-07-09T13:19:57Z</time>
      </trkpt>
      <trkpt lat="48.08559667" lon="22.62851333">
        <ele>151.9</ele>
        <time>2025-07-09T13:19:58Z</time>
      </trkpt>
      <trkpt lat="48.08558667" lon="22.62837667">
        <ele>151.4</ele>
        <time>2025-07-09T13:19:59Z</time>
      </trkpt>
      <trkpt lat="48.08558" lon="22.62824">
        <ele>151.1</ele>
        <time>2025-07-09T13:20:00Z</time>
      </trkpt>
      <trkpt lat="48.08558167" lon="22.628095">
        <ele>150.6</ele>
        <time>2025-07-09T13:20:01Z</time>
      </trkpt>
      <trkpt lat="48.08559333" lon="22.627955">
        <ele>150.7</ele>
        <time>2025-07-09T13:20:02Z</time>
      </trkpt>
      <trkpt lat="48.08562667" lon="22.62768667">
        <ele>151.2</ele>
        <time>2025-07-09T13:20:04Z</time>
      </trkpt>
      <trkpt lat="48.08566" lon="22.62742167">
        <ele>150.8</ele>
        <time>2025-07-09T13:20:06Z</time>
      </trkpt>
      <trkpt lat="48.08571" lon="22.627165">
        <ele>151.3</ele>
        <time>2025-07-09T13:20:08Z</time>
      </trkpt>
      <trkpt lat="48.08575333" lon="22.62692833">
        <ele>151</ele>
        <time>2025-07-09T13:20:10Z</time>
      </trkpt>
      <trkpt lat="48.08578" lon="22.62670167">
        <ele>149.7</ele>
        <time>2025-07-09T13:20:12Z</time>
      </trkpt>
      <trkpt lat="48.08580667" lon="22.6265">
        <ele>148.8</ele>
        <time>2025-07-09T13:20:14Z</time>
      </trkpt>
      <trkpt lat="48.08586167" lon="22.626355">
        <ele>148</ele>
        <time>2025-07-09T13:20:17Z</time>
      </trkpt>
      <trkpt lat="48.085965" lon="22.62635833">
        <ele>148.8</ele>
        <time>2025-07-09T13:20:20Z</time>
      </trkpt>
      <trkpt lat="48.08606833" lon="22.626355">
        <ele>148</ele>
        <time>2025-07-09T13:20:22Z</time>
      </trkpt>
      <trkpt lat="48.08617833" lon="22.62634333">
        <ele>148.7</ele>
        <time>2025-07-09T13:20:24Z</time>
      </trkpt>
      <trkpt lat="48.08631833" lon="22.626335">
        <ele>150.3</ele>
        <time>2025-07-09T13:20:26Z</time>
      </trkpt>
      <trkpt lat="48.086465" lon="22.62630667">
        <ele>151.1</ele>
        <time>2025-07-09T13:20:28Z</time>
      </trkpt>
      <trkpt lat="48.08664" lon="22.626285">
        <ele>150.7</ele>
        <time>2025-07-09T13:20:30Z</time>
      </trkpt>
      <trkpt lat="48.08673" lon="22.62627667">
        <ele>150.6</ele>
        <time>2025-07-09T13:20:31Z</time>
      </trkpt>
      <trkpt lat="48.08682833" lon="22.62626667">
        <ele>150.9</ele>
        <time>2025-07-09T13:20:32Z</time>
      </trkpt>
      <trkpt lat="48.08693167" lon="22.62625667">
        <ele>151.2</ele>
        <time>2025-07-09T13:20:33Z</time>
      </trkpt>
      <trkpt lat="48.08702667" lon="22.626245">
        <ele>151.8</ele>
        <time>2025-07-09T13:20:34Z</time>
      </trkpt>
      <trkpt lat="48.08721167" lon="22.62622667">
        <ele>152.3</ele>
        <time>2025-07-09T13:20:36Z</time>
      </trkpt>
      <trkpt lat="48.08739333" lon="22.62619667">
        <ele>153.5</ele>
        <time>2025-07-09T13:20:38Z</time>
      </trkpt>
      <trkpt lat="48.08748833" lon="22.62617667">
        <ele>154</ele>
        <time>2025-07-09T13:20:39Z</time>
      </trkpt>
      <trkpt lat="48.08758" lon="22.626155">
        <ele>153.8</ele>
        <time>2025-07-09T13:20:40Z</time>
      </trkpt>
      <trkpt lat="48.087675" lon="22.62614333">
        <ele>153.8</ele>
        <time>2025-07-09T13:20:41Z</time>
      </trkpt>
      <trkpt lat="48.08777" lon="22.62613333">
        <ele>153.8</ele>
        <time>2025-07-09T13:20:42Z</time>
      </trkpt>
      <trkpt lat="48.08786" lon="22.626125">
        <ele>153.8</ele>
        <time>2025-07-09T13:20:43Z</time>
      </trkpt>
      <trkpt lat="48.08796" lon="22.62611">
        <ele>153.6</ele>
        <time>2025-07-09T13:20:44Z</time>
      </trkpt>
      <trkpt lat="48.08805333" lon="22.626105">
        <ele>152.7</ele>
        <time>2025-07-09T13:20:45Z</time>
      </trkpt>
      <trkpt lat="48.08814667" lon="22.626085">
        <ele>151.9</ele>
        <time>2025-07-09T13:20:46Z</time>
      </trkpt>
      <trkpt lat="48.08824833" lon="22.62607">
        <ele>151.4</ele>
        <time>2025-07-09T13:20:47Z</time>
      </trkpt>
      <trkpt lat="48.08834833" lon="22.62605">
        <ele>151.1</ele>
        <time>2025-07-09T13:20:48Z</time>
      </trkpt>
      <trkpt lat="48.088525" lon="22.62604167">
        <ele>151.4</ele>
        <time>2025-07-09T13:20:50Z</time>
      </trkpt>
      <trkpt lat="48.08869833" lon="22.62601833">
        <ele>152</ele>
        <time>2025-07-09T13:20:52Z</time>
      </trkpt>
      <trkpt lat="48.08885667" lon="22.62599167">
        <ele>152.1</ele>
        <time>2025-07-09T13:20:54Z</time>
      </trkpt>
      <trkpt lat="48.08898833" lon="22.625965">
        <ele>152</ele>
        <time>2025-07-09T13:20:56Z</time>
      </trkpt>
      <trkpt lat="48.08907833" lon="22.62596833">
        <ele>151.9</ele>
        <time>2025-07-09T13:20:58Z</time>
      </trkpt>
      <trkpt lat="48.08916667" lon="22.62590333">
        <ele>150.4</ele>
        <time>2025-07-09T13:21:01Z</time>
      </trkpt>
      <trkpt lat="48.08918167" lon="22.62577">
        <ele>149.4</ele>
        <time>2025-07-09T13:21:03Z</time>
      </trkpt>
      <trkpt lat="48.08918833" lon="22.625595">
        <ele>148.5</ele>
        <time>2025-07-09T13:21:05Z</time>
      </trkpt>
      <trkpt lat="48.08920333" lon="22.62538">
        <ele>148.5</ele>
        <time>2025-07-09T13:21:07Z</time>
      </trkpt>
      <trkpt lat="48.08921" lon="22.62514333">
        <ele>149.1</ele>
        <time>2025-07-09T13:21:09Z</time>
      </trkpt>
      <trkpt lat="48.08921667" lon="22.625005">
        <ele>150.2</ele>
        <time>2025-07-09T13:21:10Z</time>
      </trkpt>
      <trkpt lat="48.08922833" lon="22.62486">
        <ele>150.8</ele>
        <time>2025-07-09T13:21:11Z</time>
      </trkpt>
      <trkpt lat="48.08923167" lon="22.6247">
        <ele>151.5</ele>
        <time>2025-07-09T13:21:12Z</time>
      </trkpt>
      <trkpt lat="48.08924167" lon="22.62454167">
        <ele>151.9</ele>
        <time>2025-07-09T13:21:13Z</time>
      </trkpt>
      <trkpt lat="48.08924667" lon="22.624395">
        <ele>152</ele>
        <time>2025-07-09T13:21:14Z</time>
      </trkpt>
      <trkpt lat="48.08924833" lon="22.62425833">
        <ele>152.2</ele>
        <time>2025-07-09T13:21:15Z</time>
      </trkpt>
      <trkpt lat="48.08925333" lon="22.62411167">
        <ele>152.1</ele>
        <time>2025-07-09T13:21:16Z</time>
      </trkpt>
      <trkpt lat="48.08926333" lon="22.62396667">
        <ele>152.6</ele>
        <time>2025-07-09T13:21:17Z</time>
      </trkpt>
      <trkpt lat="48.08927667" lon="22.62382">
        <ele>153.1</ele>
        <time>2025-07-09T13:21:18Z</time>
      </trkpt>
      <trkpt lat="48.08928667" lon="22.62355667">
        <ele>153.6</ele>
        <time>2025-07-09T13:21:20Z</time>
      </trkpt>
      <trkpt lat="48.08929667" lon="22.623305">
        <ele>154</ele>
        <time>2025-07-09T13:21:22Z</time>
      </trkpt>
      <trkpt lat="48.08930167" lon="22.623065">
        <ele>153</ele>
        <time>2025-07-09T13:21:24Z</time>
      </trkpt>
      <trkpt lat="48.08932" lon="22.622845">
        <ele>152.1</ele>
        <time>2025-07-09T13:21:26Z</time>
      </trkpt>
      <trkpt lat="48.08933333" lon="22.622635">
        <ele>151.6</ele>
        <time>2025-07-09T13:21:28Z</time>
      </trkpt>
      <trkpt lat="48.08934833" lon="22.62243833">
        <ele>151</ele>
        <time>2025-07-09T13:21:30Z</time>
      </trkpt>
      <trkpt lat="48.089355" lon="22.62228333">
        <ele>149</ele>
        <time>2025-07-09T13:21:32Z</time>
      </trkpt>
      <trkpt lat="48.08936667" lon="22.62213667">
        <ele>147.3</ele>
        <time>2025-07-09T13:21:35Z</time>
      </trkpt>
      <trkpt lat="48.08935667" lon="22.62200167">
        <ele>147.3</ele>
        <time>2025-07-09T13:21:42Z</time>
      </trkpt>
      <trkpt lat="48.08924" lon="22.62193">
        <ele>148.1</ele>
        <time>2025-07-09T13:21:45Z</time>
      </trkpt>
      <trkpt lat="48.089135" lon="22.62191333">
        <ele>148.4</ele>
        <time>2025-07-09T13:21:47Z</time>
      </trkpt>
      <trkpt lat="48.08901" lon="22.62189833">
        <ele>148.6</ele>
        <time>2025-07-09T13:21:49Z</time>
      </trkpt>
      <trkpt lat="48.088865" lon="22.62187333">
        <ele>148.6</ele>
        <time>2025-07-09T13:21:51Z</time>
      </trkpt>
      <trkpt lat="48.08870333" lon="22.62185167">
        <ele>148.8</ele>
        <time>2025-07-09T13:21:53Z</time>
      </trkpt>
      <trkpt lat="48.08861" lon="22.62184">
        <ele>149.4</ele>
        <time>2025-07-09T13:21:54Z</time>
      </trkpt>
      <trkpt lat="48.08852" lon="22.62183667">
        <ele>149.3</ele>
        <time>2025-07-09T13:21:55Z</time>
      </trkpt>
      <trkpt lat="48.08842833" lon="22.62183">
        <ele>149.6</ele>
        <time>2025-07-09T13:21:56Z</time>
      </trkpt>
      <trkpt lat="48.088335" lon="22.62182333">
        <ele>149.8</ele>
        <time>2025-07-09T13:21:57Z</time>
      </trkpt>
      <trkpt lat="48.08824" lon="22.62180333">
        <ele>150</ele>
        <time>2025-07-09T13:21:58Z</time>
      </trkpt>
      <trkpt lat="48.088135" lon="22.62179833">
        <ele>150.2</ele>
        <time>2025-07-09T13:21:59Z</time>
      </trkpt>
      <trkpt lat="48.08803833" lon="22.62178">
        <ele>150.1</ele>
        <time>2025-07-09T13:22:00Z</time>
      </trkpt>
      <trkpt lat="48.08793667" lon="22.62176667">
        <ele>150.6</ele>
        <time>2025-07-09T13:22:01Z</time>
      </trkpt>
      <trkpt lat="48.08783833" lon="22.621755">
        <ele>150.5</ele>
        <time>2025-07-09T13:22:02Z</time>
      </trkpt>
      <trkpt lat="48.08774667" lon="22.62174667">
        <ele>150.4</ele>
        <time>2025-07-09T13:22:03Z</time>
      </trkpt>
      <trkpt lat="48.08765667" lon="22.62173333">
        <ele>150.7</ele>
        <time>2025-07-09T13:22:04Z</time>
      </trkpt>
      <trkpt lat="48.08756167" lon="22.621725">
        <ele>150.3</ele>
        <time>2025-07-09T13:22:05Z</time>
      </trkpt>
      <trkpt lat="48.08746833" lon="22.62171833">
        <ele>150.5</ele>
        <time>2025-07-09T13:22:06Z</time>
      </trkpt>
      <trkpt lat="48.087285" lon="22.62173833">
        <ele>149.9</ele>
        <time>2025-07-09T13:22:08Z</time>
      </trkpt>
      <trkpt lat="48.087125" lon="22.621785">
        <ele>149.7</ele>
        <time>2025-07-09T13:22:10Z</time>
      </trkpt>
      <trkpt lat="48.08696" lon="22.62186333">
        <ele>149.2</ele>
        <time>2025-07-09T13:22:12Z</time>
      </trkpt>
      <trkpt lat="48.08678833" lon="22.62192833">
        <ele>148.5</ele>
        <time>2025-07-09T13:22:14Z</time>
      </trkpt>
      <trkpt lat="48.08669833" lon="22.62195833">
        <ele>149.2</ele>
        <time>2025-07-09T13:22:15Z</time>
      </trkpt>
      <trkpt lat="48.08653" lon="22.62200667">
        <ele>149.1</ele>
        <time>2025-07-09T13:22:17Z</time>
      </trkpt>
      <trkpt lat="48.08636667" lon="22.62204667">
        <ele>149.1</ele>
        <time>2025-07-09T13:22:19Z</time>
      </trkpt>
      <trkpt lat="48.08621333" lon="22.62208333">
        <ele>147.8</ele>
        <time>2025-07-09T13:22:21Z</time>
      </trkpt>
      <trkpt lat="48.08605833" lon="22.62211333">
        <ele>147.1</ele>
        <time>2025-07-09T13:22:23Z</time>
      </trkpt>
      <trkpt lat="48.08592833" lon="22.62213833">
        <ele>146.6</ele>
        <time>2025-07-09T13:22:25Z</time>
      </trkpt>
      <trkpt lat="48.08583167" lon="22.62215167">
        <ele>145.9</ele>
        <time>2025-07-09T13:22:27Z</time>
      </trkpt>
      <trkpt lat="48.085705" lon="22.62216167">
        <ele>145.6</ele>
        <time>2025-07-09T13:22:36Z</time>
      </trkpt>
      <trkpt lat="48.08561833" lon="22.622275">
        <ele>145.4</ele>
        <time>2025-07-09T13:22:43Z</time>
      </trkpt>
      <trkpt lat="48.085595" lon="22.62245833">
        <ele>147</ele>
        <time>2025-07-09T13:22:45Z</time>
      </trkpt>
      <trkpt lat="48.08558" lon="22.62264167">
        <ele>149.3</ele>
        <time>2025-07-09T13:22:47Z</time>
      </trkpt>
      <trkpt lat="48.08559167" lon="22.62286833">
        <ele>152.5</ele>
        <time>2025-07-09T13:22:49Z</time>
      </trkpt>
      <trkpt lat="48.085595" lon="22.623115">
        <ele>152</ele>
        <time>2025-07-09T13:22:51Z</time>
      </trkpt>
      <trkpt lat="48.0856" lon="22.62325333">
        <ele>152.5</ele>
        <time>2025-07-09T13:22:52Z</time>
      </trkpt>
      <trkpt lat="48.08562333" lon="22.62349833">
        <ele>153</ele>
        <time>2025-07-09T13:22:54Z</time>
      </trkpt>
      <trkpt lat="48.08564" lon="22.62374167">
        <ele>154.2</ele>
        <time>2025-07-09T13:22:56Z</time>
      </trkpt>
      <trkpt lat="48.085655" lon="22.623945">
        <ele>153.4</ele>
        <time>2025-07-09T13:22:58Z</time>
      </trkpt>
      <trkpt lat="48.08566833" lon="22.62408167">
        <ele>153.3</ele>
        <time>2025-07-09T13:23:00Z</time>
      </trkpt>
      <trkpt lat="48.08569" lon="22.62426">
        <ele>150.5</ele>
        <time>2025-07-09T13:23:44Z</time>
      </trkpt>
      <trkpt lat="48.08571167" lon="22.62446667">
        <ele>149.2</ele>
        <time>2025-07-09T13:23:47Z</time>
      </trkpt>
      <trkpt lat="48.08573" lon="22.62462667">
        <ele>149.2</ele>
        <time>2025-07-09T13:23:49Z</time>
      </trkpt>
      <trkpt lat="48.08576" lon="22.62482667">
        <ele>149.5</ele>
        <time>2025-07-09T13:23:51Z</time>
      </trkpt>
      <trkpt lat="48.08576833" lon="22.62505333">
        <ele>150.6</ele>
        <time>2025-07-09T13:23:53Z</time>
      </trkpt>
      <trkpt lat="48.08579667" lon="22.62533">
        <ele>150.7</ele>
        <time>2025-07-09T13:23:55Z</time>
      </trkpt>
      <trkpt lat="48.0858" lon="22.62548167">
        <ele>151</ele>
        <time>2025-07-09T13:23:56Z</time>
      </trkpt>
      <trkpt lat="48.085805" lon="22.62563667">
        <ele>151.6</ele>
        <time>2025-07-09T13:23:57Z</time>
      </trkpt>
      <trkpt lat="48.08580667" lon="22.62579833">
        <ele>152</ele>
        <time>2025-07-09T13:23:58Z</time>
      </trkpt>
      <trkpt lat="48.08580667" lon="22.62595333">
        <ele>152.8</ele>
        <time>2025-07-09T13:23:59Z</time>
      </trkpt>
      <trkpt lat="48.08580667" lon="22.62611167">
        <ele>152.3</ele>
        <time>2025-07-09T13:24:00Z</time>
      </trkpt>
      <trkpt lat="48.08579833" lon="22.626275">
        <ele>151.8</ele>
        <time>2025-07-09T13:24:01Z</time>
      </trkpt>
      <trkpt lat="48.08578667" lon="22.62644333">
        <ele>151.5</ele>
        <time>2025-07-09T13:24:02Z</time>
      </trkpt>
      <trkpt lat="48.08576667" lon="22.62660667">
        <ele>151.4</ele>
        <time>2025-07-09T13:24:03Z</time>
      </trkpt>
      <trkpt lat="48.08575" lon="22.62677">
        <ele>151.3</ele>
        <time>2025-07-09T13:24:04Z</time>
      </trkpt>
      <trkpt lat="48.08572667" lon="22.62693667">
        <ele>151.8</ele>
        <time>2025-07-09T13:24:05Z</time>
      </trkpt>
      <trkpt lat="48.08569667" lon="22.62708833">
        <ele>152.5</ele>
        <time>2025-07-09T13:24:06Z</time>
      </trkpt>
      <trkpt lat="48.08567333" lon="22.62724833">
        <ele>152.8</ele>
        <time>2025-07-09T13:24:07Z</time>
      </trkpt>
      <trkpt lat="48.08564833" lon="22.62740667">
        <ele>153.7</ele>
        <time>2025-07-09T13:24:08Z</time>
      </trkpt>
      <trkpt lat="48.08562833" lon="22.62756833">
        <ele>154.1</ele>
        <time>2025-07-09T13:24:09Z</time>
      </trkpt>
      <trkpt lat="48.08560667" lon="22.627735">
        <ele>153.6</ele>
        <time>2025-07-09T13:24:10Z</time>
      </trkpt>
      <trkpt lat="48.08559" lon="22.62791">
        <ele>152.7</ele>
        <time>2025-07-09T13:24:11Z</time>
      </trkpt>
      <trkpt lat="48.08557333" lon="22.62808333">
        <ele>152.3</ele>
        <time>2025-07-09T13:24:12Z</time>
      </trkpt>
      <trkpt lat="48.085565" lon="22.62825333">
        <ele>153.8</ele>
        <time>2025-07-09T13:24:13Z</time>
      </trkpt>
      <trkpt lat="48.08557" lon="22.62843">
        <ele>153.7</ele>
        <time>2025-07-09T13:24:14Z</time>
      </trkpt>
      <trkpt lat="48.08557833" lon="22.62860667">
        <ele>153</ele>
        <time>2025-07-09T13:24:15Z</time>
      </trkpt>
      <trkpt lat="48.08559667" lon="22.62878">
        <ele>153</ele>
        <time>2025-07-09T13:24:16Z</time>
      </trkpt>
      <trkpt lat="48.08562333" lon="22.62895667">
        <ele>154.2</ele>
        <time>2025-07-09T13:24:17Z</time>
      </trkpt>
      <trkpt lat="48.08564833" lon="22.62912333">
        <ele>154.8</ele>
        <time>2025-07-09T13:24:18Z</time>
      </trkpt>
      <trkpt lat="48.08566667" lon="22.62928">
        <ele>155.4</ele>
        <time>2025-07-09T13:24:19Z</time>
      </trkpt>
      <trkpt lat="48.08569" lon="22.62944333">
        <ele>155.3</ele>
        <time>2025-07-09T13:24:20Z</time>
      </trkpt>
      <trkpt lat="48.08571" lon="22.62959833">
        <ele>155.4</ele>
        <time>2025-07-09T13:24:21Z</time>
      </trkpt>
      <trkpt lat="48.08573" lon="22.62974333">
        <ele>155.8</ele>
        <time>2025-07-09T13:24:22Z</time>
      </trkpt>
      <trkpt lat="48.08575167" lon="22.62988667">
        <ele>155</ele>
        <time>2025-07-09T13:24:23Z</time>
      </trkpt>
      <trkpt lat="48.08577833" lon="22.63004167">
        <ele>153.2</ele>
        <time>2025-07-09T13:24:24Z</time>
      </trkpt>
      <trkpt lat="48.08578667" lon="22.630195">
        <ele>152.5</ele>
        <time>2025-07-09T13:24:25Z</time>
      </trkpt>
      <trkpt lat="48.08578833" lon="22.63034">
        <ele>152.7</ele>
        <time>2025-07-09T13:24:26Z</time>
      </trkpt>
      <trkpt lat="48.08579833" lon="22.63058333">
        <ele>153.1</ele>
        <time>2025-07-09T13:24:28Z</time>
      </trkpt>
      <trkpt lat="48.08580667" lon="22.63077">
        <ele>154.6</ele>
        <time>2025-07-09T13:24:30Z</time>
      </trkpt>
      <trkpt lat="48.085755" lon="22.63089167">
        <ele>154.5</ele>
        <time>2025-07-09T13:24:32Z</time>
      </trkpt>
      <trkpt lat="48.08566833" lon="22.63095333">
        <ele>153.2</ele>
        <time>2025-07-09T13:24:34Z</time>
      </trkpt>
      <trkpt lat="48.08555333" lon="22.63094667">
        <ele>151.7</ele>
        <time>2025-07-09T13:24:36Z</time>
      </trkpt>
      <trkpt lat="48.08545167" lon="22.63096167">
        <ele>151.4</ele>
        <time>2025-07-09T13:24:38Z</time>
      </trkpt>
      <trkpt lat="48.085355" lon="22.63097333">
        <ele>151.5</ele>
        <time>2025-07-09T13:24:42Z</time>
      </trkpt>
      <trkpt lat="48.08524167" lon="22.63101">
        <ele>150.7</ele>
        <time>2025-07-09T13:24:57Z</time>
      </trkpt>
      <trkpt lat="48.08514833" lon="22.631045">
        <ele>149.4</ele>
        <time>2025-07-09T13:24:59Z</time>
      </trkpt>
      <trkpt lat="48.08502833" lon="22.631105">
        <ele>148.2</ele>
        <time>2025-07-09T13:25:01Z</time>
      </trkpt>
      <trkpt lat="48.084885" lon="22.631185">
        <ele>147.2</ele>
        <time>2025-07-09T13:25:03Z</time>
      </trkpt>
      <trkpt lat="48.08473167" lon="22.63127833">
        <ele>147.6</ele>
        <time>2025-07-09T13:25:05Z</time>
      </trkpt>
      <trkpt lat="48.08464167" lon="22.63132">
        <ele>147.5</ele>
        <time>2025-07-09T13:25:06Z</time>
      </trkpt>
      <trkpt lat="48.08455167" lon="22.63136">
        <ele>147.7</ele>
        <time>2025-07-09T13:25:07Z</time>
      </trkpt>
      <trkpt lat="48.08446167" lon="22.6314">
        <ele>147.3</ele>
        <time>2025-07-09T13:25:08Z</time>
      </trkpt>
      <trkpt lat="48.084295" lon="22.63145833">
        <ele>146.3</ele>
        <time>2025-07-09T13:25:10Z</time>
      </trkpt>
      <trkpt lat="48.08414167" lon="22.63147167">
        <ele>146.7</ele>
        <time>2025-07-09T13:25:12Z</time>
      </trkpt>
      <trkpt lat="48.08401" lon="22.63136333">
        <ele>147.3</ele>
        <time>2025-07-09T13:25:14Z</time>
      </trkpt>
      <trkpt lat="48.08392333" lon="22.63114833">
        <ele>147.2</ele>
        <time>2025-07-09T13:25:16Z</time>
      </trkpt>
      <trkpt lat="48.08385667" lon="22.630915">
        <ele>147.7</ele>
        <time>2025-07-09T13:25:18Z</time>
      </trkpt>
      <trkpt lat="48.08378167" lon="22.63071">
        <ele>149.1</ele>
        <time>2025-07-09T13:25:20Z</time>
      </trkpt>
      <trkpt lat="48.08365833" lon="22.63058167">
        <ele>150.4</ele>
        <time>2025-07-09T13:25:22Z</time>
      </trkpt>
      <trkpt lat="48.0835" lon="22.63060167">
        <ele>151.5</ele>
        <time>2025-07-09T13:25:24Z</time>
      </trkpt>
      <trkpt lat="48.08340667" lon="22.63064333">
        <ele>151.6</ele>
        <time>2025-07-09T13:25:25Z</time>
      </trkpt>
      <trkpt lat="48.08329667" lon="22.630695">
        <ele>151.6</ele>
        <time>2025-07-09T13:25:26Z</time>
      </trkpt>
      <trkpt lat="48.08319333" lon="22.63074333">
        <ele>151.2</ele>
        <time>2025-07-09T13:25:27Z</time>
      </trkpt>
      <trkpt lat="48.08309167" lon="22.630795">
        <ele>150.9</ele>
        <time>2025-07-09T13:25:28Z</time>
      </trkpt>
      <trkpt lat="48.082985" lon="22.63085667">
        <ele>151.4</ele>
        <time>2025-07-09T13:25:29Z</time>
      </trkpt>
      <trkpt lat="48.082875" lon="22.63091333">
        <ele>151.2</ele>
        <time>2025-07-09T13:25:30Z</time>
      </trkpt>
      <trkpt lat="48.08276333" lon="22.63097167">
        <ele>150.6</ele>
        <time>2025-07-09T13:25:31Z</time>
      </trkpt>
      <trkpt lat="48.08264" lon="22.63103">
        <ele>150</ele>
        <time>2025-07-09T13:25:32Z</time>
      </trkpt>
      <trkpt lat="48.08251167" lon="22.63109167">
        <ele>149.7</ele>
        <time>2025-07-09T13:25:33Z</time>
      </trkpt>
      <trkpt lat="48.08239333" lon="22.63115167">
        <ele>149.8</ele>
        <time>2025-07-09T13:25:34Z</time>
      </trkpt>
      <trkpt lat="48.082275" lon="22.63121">
        <ele>149.4</ele>
        <time>2025-07-09T13:25:35Z</time>
      </trkpt>
      <trkpt lat="48.08215" lon="22.63125333">
        <ele>148.2</ele>
        <time>2025-07-09T13:25:36Z</time>
      </trkpt>
      <trkpt lat="48.08202333" lon="22.63129667">
        <ele>150.3</ele>
        <time>2025-07-09T13:25:37Z</time>
      </trkpt>
      <trkpt lat="48.08189167" lon="22.63131833">
        <ele>150.1</ele>
        <time>2025-07-09T13:25:38Z</time>
      </trkpt>
      <trkpt lat="48.08175833" lon="22.63133833">
        <ele>150.7</ele>
        <time>2025-07-09T13:25:39Z</time>
      </trkpt>
      <trkpt lat="48.081625" lon="22.63135">
        <ele>151.5</ele>
        <time>2025-07-09T13:25:40Z</time>
      </trkpt>
      <trkpt lat="48.08149333" lon="22.63134833">
        <ele>151.4</ele>
        <time>2025-07-09T13:25:41Z</time>
      </trkpt>
      <trkpt lat="48.08136333" lon="22.631355">
        <ele>151.4</ele>
        <time>2025-07-09T13:25:42Z</time>
      </trkpt>
      <trkpt lat="48.08123833" lon="22.63135667">
        <ele>150.9</ele>
        <time>2025-07-09T13:25:43Z</time>
      </trkpt>
      <trkpt lat="48.08111667" lon="22.63136167">
        <ele>150.8</ele>
        <time>2025-07-09T13:25:44Z</time>
      </trkpt>
      <trkpt lat="48.08099" lon="22.63136833">
        <ele>150.6</ele>
        <time>2025-07-09T13:25:45Z</time>
      </trkpt>
      <trkpt lat="48.08086167" lon="22.63138167">
        <ele>150.6</ele>
        <time>2025-07-09T13:25:46Z</time>
      </trkpt>
      <trkpt lat="48.08073667" lon="22.63139">
        <ele>150.3</ele>
        <time>2025-07-09T13:25:47Z</time>
      </trkpt>
      <trkpt lat="48.08062167" lon="22.631395">
        <ele>151.1</ele>
        <time>2025-07-09T13:25:48Z</time>
      </trkpt>
      <trkpt lat="48.08049833" lon="22.63140667">
        <ele>151</ele>
        <time>2025-07-09T13:25:49Z</time>
      </trkpt>
      <trkpt lat="48.08037" lon="22.63141667">
        <ele>150.7</ele>
        <time>2025-07-09T13:25:50Z</time>
      </trkpt>
      <trkpt lat="48.080245" lon="22.63141667">
        <ele>150.9</ele>
        <time>2025-07-09T13:25:51Z</time>
      </trkpt>
      <trkpt lat="48.08012333" lon="22.631425">
        <ele>151.4</ele>
        <time>2025-07-09T13:25:52Z</time>
      </trkpt>
      <trkpt lat="48.08000333" lon="22.63143833">
        <ele>151.3</ele>
        <time>2025-07-09T13:25:53Z</time>
      </trkpt>
      <trkpt lat="48.07988167" lon="22.631455">
        <ele>150.9</ele>
        <time>2025-07-09T13:25:54Z</time>
      </trkpt>
      <trkpt lat="48.07976167" lon="22.63146333">
        <ele>150.5</ele>
        <time>2025-07-09T13:25:55Z</time>
      </trkpt>
      <trkpt lat="48.079645" lon="22.631475">
        <ele>150.1</ele>
        <time>2025-07-09T13:25:56Z</time>
      </trkpt>
      <trkpt lat="48.07953167" lon="22.631485">
        <ele>149.9</ele>
        <time>2025-07-09T13:25:57Z</time>
      </trkpt>
      <trkpt lat="48.079415" lon="22.63149167">
        <ele>149.8</ele>
        <time>2025-07-09T13:25:58Z</time>
      </trkpt>
      <trkpt lat="48.07929667" lon="22.63149833">
        <ele>148.5</ele>
        <time>2025-07-09T13:25:59Z</time>
      </trkpt>
      <trkpt lat="48.07917667" lon="22.63150833">
        <ele>149</ele>
        <time>2025-07-09T13:26:00Z</time>
      </trkpt>
      <trkpt lat="48.07905667" lon="22.63152">
        <ele>149.3</ele>
        <time>2025-07-09T13:26:01Z</time>
      </trkpt>
      <trkpt lat="48.07893167" lon="22.63152667">
        <ele>149.8</ele>
        <time>2025-07-09T13:26:02Z</time>
      </trkpt>
      <trkpt lat="48.07880833" lon="22.63153667">
        <ele>150</ele>
        <time>2025-07-09T13:26:03Z</time>
      </trkpt>
      <trkpt lat="48.078685" lon="22.63154333">
        <ele>150.3</ele>
        <time>2025-07-09T13:26:04Z</time>
      </trkpt>
      <trkpt lat="48.07856167" lon="22.63155667">
        <ele>150.8</ele>
        <time>2025-07-09T13:26:05Z</time>
      </trkpt>
      <trkpt lat="48.07844333" lon="22.63156667">
        <ele>150.1</ele>
        <time>2025-07-09T13:26:06Z</time>
      </trkpt>
      <trkpt lat="48.07832833" lon="22.63157167">
        <ele>150.2</ele>
        <time>2025-07-09T13:26:07Z</time>
      </trkpt>
      <trkpt lat="48.07821167" lon="22.63158167">
        <ele>150.9</ele>
        <time>2025-07-09T13:26:08Z</time>
      </trkpt>
      <trkpt lat="48.07809" lon="22.63159167">
        <ele>151.3</ele>
        <time>2025-07-09T13:26:09Z</time>
      </trkpt>
      <trkpt lat="48.07798" lon="22.63160667">
        <ele>151.8</ele>
        <time>2025-07-09T13:26:10Z</time>
      </trkpt>
      <trkpt lat="48.07787167" lon="22.63161833">
        <ele>152.5</ele>
        <time>2025-07-09T13:26:11Z</time>
      </trkpt>
      <trkpt lat="48.07775333" lon="22.63162833">
        <ele>153.5</ele>
        <time>2025-07-09T13:26:12Z</time>
      </trkpt>
      <trkpt lat="48.07763333" lon="22.63164167">
        <ele>153.9</ele>
        <time>2025-07-09T13:26:13Z</time>
      </trkpt>
      <trkpt lat="48.077515" lon="22.63165333">
        <ele>154.4</ele>
        <time>2025-07-09T13:26:14Z</time>
      </trkpt>
      <trkpt lat="48.07739667" lon="22.631655">
        <ele>154.7</ele>
        <time>2025-07-09T13:26:15Z</time>
      </trkpt>
      <trkpt lat="48.07727833" lon="22.63165667">
        <ele>153.4</ele>
        <time>2025-07-09T13:26:16Z</time>
      </trkpt>
      <trkpt lat="48.077165" lon="22.63166667">
        <ele>153</ele>
        <time>2025-07-09T13:26:17Z</time>
      </trkpt>
      <trkpt lat="48.07705167" lon="22.63168167">
        <ele>153</ele>
        <time>2025-07-09T13:26:18Z</time>
      </trkpt>
      <trkpt lat="48.07694" lon="22.63169">
        <ele>152.9</ele>
        <time>2025-07-09T13:26:19Z</time>
      </trkpt>
      <trkpt lat="48.07682667" lon="22.6317">
        <ele>152.8</ele>
        <time>2025-07-09T13:26:20Z</time>
      </trkpt>
      <trkpt lat="48.07672" lon="22.63171167">
        <ele>153.3</ele>
        <time>2025-07-09T13:26:21Z</time>
      </trkpt>
      <trkpt lat="48.07660833" lon="22.63172">
        <ele>153.1</ele>
        <time>2025-07-09T13:26:22Z</time>
      </trkpt>
      <trkpt lat="48.07648667" lon="22.63173333">
        <ele>152.1</ele>
        <time>2025-07-09T13:26:23Z</time>
      </trkpt>
      <trkpt lat="48.07637333" lon="22.63174333">
        <ele>151.4</ele>
        <time>2025-07-09T13:26:24Z</time>
      </trkpt>
      <trkpt lat="48.07624833" lon="22.631755">
        <ele>150.8</ele>
        <time>2025-07-09T13:26:25Z</time>
      </trkpt>
      <trkpt lat="48.07613667" lon="22.63176667">
        <ele>149.5</ele>
        <time>2025-07-09T13:26:26Z</time>
      </trkpt>
      <trkpt lat="48.07602667" lon="22.63177667">
        <ele>149.4</ele>
        <time>2025-07-09T13:26:27Z</time>
      </trkpt>
      <trkpt lat="48.075915" lon="22.63178333">
        <ele>149.3</ele>
        <time>2025-07-09T13:26:28Z</time>
      </trkpt>
      <trkpt lat="48.07580833" lon="22.63178333">
        <ele>148.8</ele>
        <time>2025-07-09T13:26:29Z</time>
      </trkpt>
      <trkpt lat="48.07569333" lon="22.63178833">
        <ele>148.8</ele>
        <time>2025-07-09T13:26:30Z</time>
      </trkpt>
      <trkpt lat="48.07558833" lon="22.63179333">
        <ele>148.2</ele>
        <time>2025-07-09T13:26:31Z</time>
      </trkpt>
      <trkpt lat="48.07548" lon="22.63179333">
        <ele>147.4</ele>
        <time>2025-07-09T13:26:32Z</time>
      </trkpt>
      <trkpt lat="48.07538" lon="22.63180333">
        <ele>147.2</ele>
        <time>2025-07-09T13:26:33Z</time>
      </trkpt>
      <trkpt lat="48.075275" lon="22.63182167">
        <ele>147.1</ele>
        <time>2025-07-09T13:26:34Z</time>
      </trkpt>
      <trkpt lat="48.07516667" lon="22.63183">
        <ele>147.1</ele>
        <time>2025-07-09T13:26:35Z</time>
      </trkpt>
      <trkpt lat="48.07505833" lon="22.631835">
        <ele>145.1</ele>
        <time>2025-07-09T13:26:36Z</time>
      </trkpt>
      <trkpt lat="48.07495167" lon="22.63184667">
        <ele>145.1</ele>
        <time>2025-07-09T13:26:37Z</time>
      </trkpt>
      <trkpt lat="48.074855" lon="22.631855">
        <ele>143.9</ele>
        <time>2025-07-09T13:26:38Z</time>
      </trkpt>
      <trkpt lat="48.074735" lon="22.631865">
        <ele>143.6</ele>
        <time>2025-07-09T13:26:39Z</time>
      </trkpt>
      <trkpt lat="48.07462" lon="22.63187667">
        <ele>143.1</ele>
        <time>2025-07-09T13:26:40Z</time>
      </trkpt>
      <trkpt lat="48.07450333" lon="22.63189">
        <ele>143.8</ele>
        <time>2025-07-09T13:26:41Z</time>
      </trkpt>
      <trkpt lat="48.07439333" lon="22.63189333">
        <ele>143.8</ele>
        <time>2025-07-09T13:26:42Z</time>
      </trkpt>
      <trkpt lat="48.07428333" lon="22.631895">
        <ele>142.9</ele>
        <time>2025-07-09T13:26:43Z</time>
      </trkpt>
      <trkpt lat="48.07416833" lon="22.6319">
        <ele>143.7</ele>
        <time>2025-07-09T13:26:44Z</time>
      </trkpt>
      <trkpt lat="48.074055" lon="22.631905">
        <ele>144.3</ele>
        <time>2025-07-09T13:26:45Z</time>
      </trkpt>
      <trkpt lat="48.073945" lon="22.63191333">
        <ele>144.5</ele>
        <time>2025-07-09T13:26:46Z</time>
      </trkpt>
      <trkpt lat="48.07383167" lon="22.63191667">
        <ele>145</ele>
        <time>2025-07-09T13:26:47Z</time>
      </trkpt>
      <trkpt lat="48.073725" lon="22.63192333">
        <ele>145.9</ele>
        <time>2025-07-09T13:26:48Z</time>
      </trkpt>
      <trkpt lat="48.07361833" lon="22.63193167">
        <ele>147.1</ele>
        <time>2025-07-09T13:26:49Z</time>
      </trkpt>
      <trkpt lat="48.07351" lon="22.63193667">
        <ele>147.6</ele>
        <time>2025-07-09T13:26:50Z</time>
      </trkpt>
      <trkpt lat="48.07339667" lon="22.63194167">
        <ele>147.7</ele>
        <time>2025-07-09T13:26:51Z</time>
      </trkpt>
      <trkpt lat="48.07328833" lon="22.63195667">
        <ele>148.5</ele>
        <time>2025-07-09T13:26:52Z</time>
      </trkpt>
      <trkpt lat="48.07318667" lon="22.63196667">
        <ele>148.7</ele>
        <time>2025-07-09T13:26:53Z</time>
      </trkpt>
      <trkpt lat="48.073085" lon="22.63198">
        <ele>149.7</ele>
        <time>2025-07-09T13:26:54Z</time>
      </trkpt>
      <trkpt lat="48.07298" lon="22.63198167">
        <ele>151.9</ele>
        <time>2025-07-09T13:26:55Z</time>
      </trkpt>
      <trkpt lat="48.07285833" lon="22.631995">
        <ele>150.6</ele>
        <time>2025-07-09T13:26:56Z</time>
      </trkpt>
      <trkpt lat="48.07274333" lon="22.63201">
        <ele>151.1</ele>
        <time>2025-07-09T13:26:57Z</time>
      </trkpt>
      <trkpt lat="48.07264" lon="22.63200333">
        <ele>150.8</ele>
        <time>2025-07-09T13:26:58Z</time>
      </trkpt>
      <trkpt lat="48.072525" lon="22.63201833">
        <ele>150.1</ele>
        <time>2025-07-09T13:26:59Z</time>
      </trkpt>
      <trkpt lat="48.07241" lon="22.63202333">
        <ele>148.9</ele>
        <time>2025-07-09T13:27:00Z</time>
      </trkpt>
      <trkpt lat="48.07230167" lon="22.63203833">
        <ele>147.8</ele>
        <time>2025-07-09T13:27:01Z</time>
      </trkpt>
      <trkpt lat="48.07219" lon="22.63204833">
        <ele>147.2</ele>
        <time>2025-07-09T13:27:02Z</time>
      </trkpt>
      <trkpt lat="48.07207833" lon="22.63205667">
        <ele>146.2</ele>
        <time>2025-07-09T13:27:03Z</time>
      </trkpt>
      <trkpt lat="48.07198667" lon="22.63206333">
        <ele>144.9</ele>
        <time>2025-07-09T13:27:04Z</time>
      </trkpt>
      <trkpt lat="48.07188667" lon="22.63207833">
        <ele>145.1</ele>
        <time>2025-07-09T13:27:05Z</time>
      </trkpt>
      <trkpt lat="48.071775" lon="22.63209">
        <ele>145.3</ele>
        <time>2025-07-09T13:27:06Z</time>
      </trkpt>
      <trkpt lat="48.071665" lon="22.63209833">
        <ele>145.7</ele>
        <time>2025-07-09T13:27:07Z</time>
      </trkpt>
      <trkpt lat="48.07154333" lon="22.63209333">
        <ele>146.3</ele>
        <time>2025-07-09T13:27:08Z</time>
      </trkpt>
      <trkpt lat="48.07142833" lon="22.63209667">
        <ele>147.3</ele>
        <time>2025-07-09T13:27:09Z</time>
      </trkpt>
      <trkpt lat="48.07131667" lon="22.63210667">
        <ele>148.5</ele>
        <time>2025-07-09T13:27:10Z</time>
      </trkpt>
      <trkpt lat="48.07119833" lon="22.632115">
        <ele>150</ele>
        <time>2025-07-09T13:27:11Z</time>
      </trkpt>
      <trkpt lat="48.07108167" lon="22.63212833">
        <ele>150.5</ele>
        <time>2025-07-09T13:27:12Z</time>
      </trkpt>
      <trkpt lat="48.07097" lon="22.63214333">
        <ele>151.3</ele>
        <time>2025-07-09T13:27:13Z</time>
      </trkpt>
      <trkpt lat="48.07086333" lon="22.63215167">
        <ele>151.6</ele>
        <time>2025-07-09T13:27:14Z</time>
      </trkpt>
      <trkpt lat="48.07075167" lon="22.63215167">
        <ele>152</ele>
        <time>2025-07-09T13:27:15Z</time>
      </trkpt>
      <trkpt lat="48.07064667" lon="22.63216333">
        <ele>153.1</ele>
        <time>2025-07-09T13:27:16Z</time>
      </trkpt>
      <trkpt lat="48.07053833" lon="22.63216833">
        <ele>153.9</ele>
        <time>2025-07-09T13:27:17Z</time>
      </trkpt>
      <trkpt lat="48.07043333" lon="22.63216833">
        <ele>153.7</ele>
        <time>2025-07-09T13:27:18Z</time>
      </trkpt>
      <trkpt lat="48.07032667" lon="22.63217333">
        <ele>153.4</ele>
        <time>2025-07-09T13:27:19Z</time>
      </trkpt>
      <trkpt lat="48.07021167" lon="22.63219333">
        <ele>153</ele>
        <time>2025-07-09T13:27:20Z</time>
      </trkpt>
      <trkpt lat="48.07010167" lon="22.63220667">
        <ele>153.4</ele>
        <time>2025-07-09T13:27:21Z</time>
      </trkpt>
      <trkpt lat="48.06998833" lon="22.63221667">
        <ele>153.9</ele>
        <time>2025-07-09T13:27:22Z</time>
      </trkpt>
      <trkpt lat="48.06987667" lon="22.632235">
        <ele>153.8</ele>
        <time>2025-07-09T13:27:23Z</time>
      </trkpt>
      <trkpt lat="48.06977" lon="22.63223167">
        <ele>153.6</ele>
        <time>2025-07-09T13:27:24Z</time>
      </trkpt>
      <trkpt lat="48.06966667" lon="22.63223667">
        <ele>154.5</ele>
        <time>2025-07-09T13:27:25Z</time>
      </trkpt>
      <trkpt lat="48.06955167" lon="22.632255">
        <ele>154.9</ele>
        <time>2025-07-09T13:27:26Z</time>
      </trkpt>
      <trkpt lat="48.06944333" lon="22.63226667">
        <ele>155.7</ele>
        <time>2025-07-09T13:27:27Z</time>
      </trkpt>
      <trkpt lat="48.06932833" lon="22.63226667">
        <ele>155.3</ele>
        <time>2025-07-09T13:27:28Z</time>
      </trkpt>
      <trkpt lat="48.06922" lon="22.63228">
        <ele>155.9</ele>
        <time>2025-07-09T13:27:29Z</time>
      </trkpt>
      <trkpt lat="48.06910333" lon="22.63228833">
        <ele>156.2</ele>
        <time>2025-07-09T13:27:30Z</time>
      </trkpt>
      <trkpt lat="48.06899" lon="22.632295">
        <ele>156.7</ele>
        <time>2025-07-09T13:27:31Z</time>
      </trkpt>
      <trkpt lat="48.06887833" lon="22.6323">
        <ele>156</ele>
        <time>2025-07-09T13:27:32Z</time>
      </trkpt>
      <trkpt lat="48.068765" lon="22.632315">
        <ele>155.1</ele>
        <time>2025-07-09T13:27:33Z</time>
      </trkpt>
      <trkpt lat="48.06865" lon="22.63232667">
        <ele>154.5</ele>
        <time>2025-07-09T13:27:34Z</time>
      </trkpt>
      <trkpt lat="48.06854" lon="22.63233833">
        <ele>153.5</ele>
        <time>2025-07-09T13:27:35Z</time>
      </trkpt>
      <trkpt lat="48.06843" lon="22.63235">
        <ele>152.6</ele>
        <time>2025-07-09T13:27:36Z</time>
      </trkpt>
      <trkpt lat="48.06831667" lon="22.63235167">
        <ele>152.4</ele>
        <time>2025-07-09T13:27:37Z</time>
      </trkpt>
      <trkpt lat="48.06821" lon="22.63236167">
        <ele>152.3</ele>
        <time>2025-07-09T13:27:38Z</time>
      </trkpt>
      <trkpt lat="48.06810333" lon="22.632375">
        <ele>152.4</ele>
        <time>2025-07-09T13:27:39Z</time>
      </trkpt>
      <trkpt lat="48.068005" lon="22.63239333">
        <ele>152.3</ele>
        <time>2025-07-09T13:27:40Z</time>
      </trkpt>
      <trkpt lat="48.0679" lon="22.63239333">
        <ele>151.6</ele>
        <time>2025-07-09T13:27:41Z</time>
      </trkpt>
      <trkpt lat="48.06779667" lon="22.63239667">
        <ele>151.2</ele>
        <time>2025-07-09T13:27:42Z</time>
      </trkpt>
      <trkpt lat="48.06768667" lon="22.63239667">
        <ele>151.5</ele>
        <time>2025-07-09T13:27:43Z</time>
      </trkpt>
      <trkpt lat="48.06758" lon="22.632405">
        <ele>152.3</ele>
        <time>2025-07-09T13:27:44Z</time>
      </trkpt>
      <trkpt lat="48.06747167" lon="22.63242">
        <ele>153.2</ele>
        <time>2025-07-09T13:27:45Z</time>
      </trkpt>
      <trkpt lat="48.06736333" lon="22.63243">
        <ele>153.4</ele>
        <time>2025-07-09T13:27:46Z</time>
      </trkpt>
      <trkpt lat="48.06726" lon="22.63245">
        <ele>154</ele>
        <time>2025-07-09T13:27:47Z</time>
      </trkpt>
      <trkpt lat="48.06715833" lon="22.63246">
        <ele>154.7</ele>
        <time>2025-07-09T13:27:48Z</time>
      </trkpt>
      <trkpt lat="48.06704" lon="22.63246167">
        <ele>154.4</ele>
        <time>2025-07-09T13:27:49Z</time>
      </trkpt>
      <trkpt lat="48.06692833" lon="22.63247">
        <ele>154</ele>
        <time>2025-07-09T13:27:50Z</time>
      </trkpt>
      <trkpt lat="48.066815" lon="22.63248167">
        <ele>154.3</ele>
        <time>2025-07-09T13:27:51Z</time>
      </trkpt>
      <trkpt lat="48.06670167" lon="22.63249167">
        <ele>154.4</ele>
        <time>2025-07-09T13:27:52Z</time>
      </trkpt>
      <trkpt lat="48.06658667" lon="22.63249833">
        <ele>153.9</ele>
        <time>2025-07-09T13:27:53Z</time>
      </trkpt>
      <trkpt lat="48.06647167" lon="22.63250167">
        <ele>153.4</ele>
        <time>2025-07-09T13:27:54Z</time>
      </trkpt>
      <trkpt lat="48.06635833" lon="22.63250833">
        <ele>153</ele>
        <time>2025-07-09T13:27:55Z</time>
      </trkpt>
      <trkpt lat="48.06624667" lon="22.63252">
        <ele>152.7</ele>
        <time>2025-07-09T13:27:56Z</time>
      </trkpt>
      <trkpt lat="48.06613667" lon="22.63253667">
        <ele>152.2</ele>
        <time>2025-07-09T13:27:57Z</time>
      </trkpt>
      <trkpt lat="48.06602167" lon="22.63255333">
        <ele>151.3</ele>
        <time>2025-07-09T13:27:58Z</time>
      </trkpt>
      <trkpt lat="48.06591167" lon="22.632565">
        <ele>151.5</ele>
        <time>2025-07-09T13:27:59Z</time>
      </trkpt>
      <trkpt lat="48.06580833" lon="22.63257167">
        <ele>151.6</ele>
        <time>2025-07-09T13:28:00Z</time>
      </trkpt>
      <trkpt lat="48.06571333" lon="22.63258167">
        <ele>150.8</ele>
        <time>2025-07-09T13:28:01Z</time>
      </trkpt>
      <trkpt lat="48.06561" lon="22.632585">
        <ele>150.6</ele>
        <time>2025-07-09T13:28:02Z</time>
      </trkpt>
      <trkpt lat="48.06549833" lon="22.63259167">
        <ele>150.9</ele>
        <time>2025-07-09T13:28:03Z</time>
      </trkpt>
      <trkpt lat="48.06539333" lon="22.6326">
        <ele>151.2</ele>
        <time>2025-07-09T13:28:04Z</time>
      </trkpt>
      <trkpt lat="48.06529" lon="22.632605">
        <ele>151.4</ele>
        <time>2025-07-09T13:28:05Z</time>
      </trkpt>
      <trkpt lat="48.06517833" lon="22.63261">
        <ele>151.8</ele>
        <time>2025-07-09T13:28:06Z</time>
      </trkpt>
      <trkpt lat="48.06505833" lon="22.632625">
        <ele>152.2</ele>
        <time>2025-07-09T13:28:07Z</time>
      </trkpt>
      <trkpt lat="48.06494333" lon="22.63262667">
        <ele>152.8</ele>
        <time>2025-07-09T13:28:08Z</time>
      </trkpt>
      <trkpt lat="48.064835" lon="22.63263333">
        <ele>152.7</ele>
        <time>2025-07-09T13:28:09Z</time>
      </trkpt>
      <trkpt lat="48.06472667" lon="22.63264333">
        <ele>152.6</ele>
        <time>2025-07-09T13:28:10Z</time>
      </trkpt>
      <trkpt lat="48.06461667" lon="22.632655">
        <ele>152.9</ele>
        <time>2025-07-09T13:28:11Z</time>
      </trkpt>
      <trkpt lat="48.06450333" lon="22.63266833">
        <ele>153</ele>
        <time>2025-07-09T13:28:12Z</time>
      </trkpt>
      <trkpt lat="48.06440167" lon="22.632675">
        <ele>153.2</ele>
        <time>2025-07-09T13:28:13Z</time>
      </trkpt>
      <trkpt lat="48.06429667" lon="22.63269">
        <ele>153.9</ele>
        <time>2025-07-09T13:28:14Z</time>
      </trkpt>
      <trkpt lat="48.06419" lon="22.632705">
        <ele>154</ele>
        <time>2025-07-09T13:28:15Z</time>
      </trkpt>
      <trkpt lat="48.06407667" lon="22.63271167">
        <ele>154.3</ele>
        <time>2025-07-09T13:28:16Z</time>
      </trkpt>
      <trkpt lat="48.06396167" lon="22.63272167">
        <ele>154.3</ele>
        <time>2025-07-09T13:28:17Z</time>
      </trkpt>
      <trkpt lat="48.06385167" lon="22.63273167">
        <ele>154.1</ele>
        <time>2025-07-09T13:28:18Z</time>
      </trkpt>
      <trkpt lat="48.063745" lon="22.632735">
        <ele>153.8</ele>
        <time>2025-07-09T13:28:19Z</time>
      </trkpt>
      <trkpt lat="48.06362833" lon="22.632735">
        <ele>153.2</ele>
        <time>2025-07-09T13:28:20Z</time>
      </trkpt>
      <trkpt lat="48.06353" lon="22.63273333">
        <ele>152.2</ele>
        <time>2025-07-09T13:28:21Z</time>
      </trkpt>
      <trkpt lat="48.06341333" lon="22.63272667">
        <ele>150.8</ele>
        <time>2025-07-09T13:28:22Z</time>
      </trkpt>
      <trkpt lat="48.063305" lon="22.63269833">
        <ele>149.1</ele>
        <time>2025-07-09T13:28:23Z</time>
      </trkpt>
      <trkpt lat="48.06319167" lon="22.632665">
        <ele>148.6</ele>
        <time>2025-07-09T13:28:24Z</time>
      </trkpt>
      <trkpt lat="48.06308" lon="22.63262333">
        <ele>149.2</ele>
        <time>2025-07-09T13:28:25Z</time>
      </trkpt>
      <trkpt lat="48.06297667" lon="22.63257667">
        <ele>149.2</ele>
        <time>2025-07-09T13:28:26Z</time>
      </trkpt>
      <trkpt lat="48.06287" lon="22.63251833">
        <ele>149.8</ele>
        <time>2025-07-09T13:28:27Z</time>
      </trkpt>
      <trkpt lat="48.06277" lon="22.63246667">
        <ele>150</ele>
        <time>2025-07-09T13:28:28Z</time>
      </trkpt>
      <trkpt lat="48.06265667" lon="22.63241333">
        <ele>149.7</ele>
        <time>2025-07-09T13:28:29Z</time>
      </trkpt>
      <trkpt lat="48.06254667" lon="22.63236167">
        <ele>150.2</ele>
        <time>2025-07-09T13:28:30Z</time>
      </trkpt>
      <trkpt lat="48.062445" lon="22.63232333">
        <ele>151.3</ele>
        <time>2025-07-09T13:28:31Z</time>
      </trkpt>
      <trkpt lat="48.06234167" lon="22.632275">
        <ele>151.6</ele>
        <time>2025-07-09T13:28:32Z</time>
      </trkpt>
      <trkpt lat="48.06224" lon="22.63223333">
        <ele>151.8</ele>
        <time>2025-07-09T13:28:33Z</time>
      </trkpt>
      <trkpt lat="48.06213" lon="22.63219">
        <ele>151.9</ele>
        <time>2025-07-09T13:28:34Z</time>
      </trkpt>
      <trkpt lat="48.06201667" lon="22.632155">
        <ele>152.6</ele>
        <time>2025-07-09T13:28:35Z</time>
      </trkpt>
      <trkpt lat="48.06190167" lon="22.63211167">
        <ele>153.2</ele>
        <time>2025-07-09T13:28:36Z</time>
      </trkpt>
      <trkpt lat="48.061795" lon="22.632055">
        <ele>152.8</ele>
        <time>2025-07-09T13:28:37Z</time>
      </trkpt>
      <trkpt lat="48.06169" lon="22.63200333">
        <ele>152.3</ele>
        <time>2025-07-09T13:28:38Z</time>
      </trkpt>
      <trkpt lat="48.06158167" lon="22.63195333">
        <ele>151.7</ele>
        <time>2025-07-09T13:28:39Z</time>
      </trkpt>
      <trkpt lat="48.06147667" lon="22.631905">
        <ele>151.8</ele>
        <time>2025-07-09T13:28:40Z</time>
      </trkpt>
      <trkpt lat="48.06136833" lon="22.63186167">
        <ele>152.3</ele>
        <time>2025-07-09T13:28:41Z</time>
      </trkpt>
      <trkpt lat="48.06126333" lon="22.63181833">
        <ele>152</ele>
        <time>2025-07-09T13:28:42Z</time>
      </trkpt>
      <trkpt lat="48.06117" lon="22.63176667">
        <ele>152.2</ele>
        <time>2025-07-09T13:28:43Z</time>
      </trkpt>
      <trkpt lat="48.06106167" lon="22.63172333">
        <ele>152.1</ele>
        <time>2025-07-09T13:28:44Z</time>
      </trkpt>
      <trkpt lat="48.06095667" lon="22.631685">
        <ele>152.5</ele>
        <time>2025-07-09T13:28:45Z</time>
      </trkpt>
      <trkpt lat="48.06085167" lon="22.63164167">
        <ele>151.9</ele>
        <time>2025-07-09T13:28:46Z</time>
      </trkpt>
      <trkpt lat="48.06074" lon="22.63160167">
        <ele>151.5</ele>
        <time>2025-07-09T13:28:47Z</time>
      </trkpt>
      <trkpt lat="48.060635" lon="22.63156167">
        <ele>151.7</ele>
        <time>2025-07-09T13:28:48Z</time>
      </trkpt>
      <trkpt lat="48.06053167" lon="22.63151">
        <ele>151.9</ele>
        <time>2025-07-09T13:28:49Z</time>
      </trkpt>
      <trkpt lat="48.060425" lon="22.63146333">
        <ele>152.1</ele>
        <time>2025-07-09T13:28:50Z</time>
      </trkpt>
      <trkpt lat="48.06032" lon="22.63142167">
        <ele>152.7</ele>
        <time>2025-07-09T13:28:51Z</time>
      </trkpt>
      <trkpt lat="48.06022" lon="22.63138833">
        <ele>154.8</ele>
        <time>2025-07-09T13:28:52Z</time>
      </trkpt>
      <trkpt lat="48.06011667" lon="22.631355">
        <ele>154</ele>
        <time>2025-07-09T13:28:53Z</time>
      </trkpt>
      <trkpt lat="48.06001833" lon="22.631355">
        <ele>153.2</ele>
        <time>2025-07-09T13:28:54Z</time>
      </trkpt>
      <trkpt lat="48.05991833" lon="22.63136833">
        <ele>153.2</ele>
        <time>2025-07-09T13:28:55Z</time>
      </trkpt>
      <trkpt lat="48.05982167" lon="22.63141167">
        <ele>153.4</ele>
        <time>2025-07-09T13:28:56Z</time>
      </trkpt>
      <trkpt lat="48.05972667" lon="22.631485">
        <ele>152.5</ele>
        <time>2025-07-09T13:28:57Z</time>
      </trkpt>
      <trkpt lat="48.059635" lon="22.63156833">
        <ele>151.8</ele>
        <time>2025-07-09T13:28:58Z</time>
      </trkpt>
      <trkpt lat="48.05954167" lon="22.63165667">
        <ele>151.2</ele>
        <time>2025-07-09T13:28:59Z</time>
      </trkpt>
      <trkpt lat="48.05945333" lon="22.631745">
        <ele>150.9</ele>
        <time>2025-07-09T13:29:00Z</time>
      </trkpt>
      <trkpt lat="48.05936" lon="22.63182667">
        <ele>151.2</ele>
        <time>2025-07-09T13:29:01Z</time>
      </trkpt>
      <trkpt lat="48.05927" lon="22.63191167">
        <ele>150.6</ele>
        <time>2025-07-09T13:29:02Z</time>
      </trkpt>
      <trkpt lat="48.05917" lon="22.631995">
        <ele>150.2</ele>
        <time>2025-07-09T13:29:03Z</time>
      </trkpt>
      <trkpt lat="48.05907" lon="22.63208167">
        <ele>150.2</ele>
        <time>2025-07-09T13:29:04Z</time>
      </trkpt>
      <trkpt lat="48.05897333" lon="22.63216167">
        <ele>150.4</ele>
        <time>2025-07-09T13:29:05Z</time>
      </trkpt>
      <trkpt lat="48.05887667" lon="22.63225167">
        <ele>150.1</ele>
        <time>2025-07-09T13:29:06Z</time>
      </trkpt>
      <trkpt lat="48.05878" lon="22.63233167">
        <ele>150.2</ele>
        <time>2025-07-09T13:29:07Z</time>
      </trkpt>
      <trkpt lat="48.05868833" lon="22.63241">
        <ele>150.4</ele>
        <time>2025-07-09T13:29:08Z</time>
      </trkpt>
      <trkpt lat="48.05858667" lon="22.63247833">
        <ele>150</ele>
        <time>2025-07-09T13:29:09Z</time>
      </trkpt>
      <trkpt lat="48.05848833" lon="22.63255667">
        <ele>149.5</ele>
        <time>2025-07-09T13:29:10Z</time>
      </trkpt>
      <trkpt lat="48.05839167" lon="22.63263333">
        <ele>149.1</ele>
        <time>2025-07-09T13:29:11Z</time>
      </trkpt>
      <trkpt lat="48.05829333" lon="22.63272667">
        <ele>148.2</ele>
        <time>2025-07-09T13:29:12Z</time>
      </trkpt>
      <trkpt lat="48.05819667" lon="22.63280333">
        <ele>148.5</ele>
        <time>2025-07-09T13:29:13Z</time>
      </trkpt>
      <trkpt lat="48.05810333" lon="22.63288167">
        <ele>148.9</ele>
        <time>2025-07-09T13:29:14Z</time>
      </trkpt>
      <trkpt lat="48.058005" lon="22.632965">
        <ele>149.5</ele>
        <time>2025-07-09T13:29:15Z</time>
      </trkpt>
      <trkpt lat="48.05790667" lon="22.63305">
        <ele>149.3</ele>
        <time>2025-07-09T13:29:16Z</time>
      </trkpt>
      <trkpt lat="48.05781" lon="22.633135">
        <ele>149.8</ele>
        <time>2025-07-09T13:29:17Z</time>
      </trkpt>
      <trkpt lat="48.05761833" lon="22.63331167">
        <ele>149.7</ele>
        <time>2025-07-09T13:29:19Z</time>
      </trkpt>
      <trkpt lat="48.05752" lon="22.63339667">
        <ele>149.5</ele>
        <time>2025-07-09T13:29:20Z</time>
      </trkpt>
      <trkpt lat="48.05743333" lon="22.633475">
        <ele>148.5</ele>
        <time>2025-07-09T13:29:21Z</time>
      </trkpt>
      <trkpt lat="48.05734" lon="22.63355333">
        <ele>148.5</ele>
        <time>2025-07-09T13:29:22Z</time>
      </trkpt>
      <trkpt lat="48.057245" lon="22.63363">
        <ele>148.2</ele>
        <time>2025-07-09T13:29:23Z</time>
      </trkpt>
      <trkpt lat="48.05715333" lon="22.63371167">
        <ele>148.1</ele>
        <time>2025-07-09T13:29:24Z</time>
      </trkpt>
      <trkpt lat="48.05706167" lon="22.63378833">
        <ele>148.6</ele>
        <time>2025-07-09T13:29:25Z</time>
      </trkpt>
      <trkpt lat="48.05687667" lon="22.63393">
        <ele>149.2</ele>
        <time>2025-07-09T13:29:27Z</time>
      </trkpt>
      <trkpt lat="48.05678333" lon="22.63400667">
        <ele>148.9</ele>
        <time>2025-07-09T13:29:28Z</time>
      </trkpt>
      <trkpt lat="48.05669167" lon="22.63408333">
        <ele>148.9</ele>
        <time>2025-07-09T13:29:29Z</time>
      </trkpt>
      <trkpt lat="48.0566" lon="22.63416167">
        <ele>148.7</ele>
        <time>2025-07-09T13:29:30Z</time>
      </trkpt>
      <trkpt lat="48.0565" lon="22.63425333">
        <ele>148</ele>
        <time>2025-07-09T13:29:31Z</time>
      </trkpt>
      <trkpt lat="48.05641167" lon="22.63433">
        <ele>148.4</ele>
        <time>2025-07-09T13:29:32Z</time>
      </trkpt>
      <trkpt lat="48.05631833" lon="22.634405">
        <ele>148.3</ele>
        <time>2025-07-09T13:29:33Z</time>
      </trkpt>
      <trkpt lat="48.05622" lon="22.63449">
        <ele>149.2</ele>
        <time>2025-07-09T13:29:34Z</time>
      </trkpt>
      <trkpt lat="48.05612833" lon="22.63457833">
        <ele>148.5</ele>
        <time>2025-07-09T13:29:35Z</time>
      </trkpt>
      <trkpt lat="48.05593333" lon="22.63478333">
        <ele>147.6</ele>
        <time>2025-07-09T13:29:37Z</time>
      </trkpt>
      <trkpt lat="48.05584167" lon="22.63486667">
        <ele>147.3</ele>
        <time>2025-07-09T13:29:38Z</time>
      </trkpt>
      <trkpt lat="48.05561" lon="22.63509167">
        <ele>146.1</ele>
        <time>2025-07-09T13:29:41Z</time>
      </trkpt>
      <trkpt lat="48.05543667" lon="22.63526">
        <ele>143.4</ele>
        <time>2025-07-09T13:29:43Z</time>
      </trkpt>
      <trkpt lat="48.05534833" lon="22.63534">
        <ele>143.2</ele>
        <time>2025-07-09T13:29:44Z</time>
      </trkpt>
      <trkpt lat="48.05525833" lon="22.63541333">
        <ele>143.3</ele>
        <time>2025-07-09T13:29:45Z</time>
      </trkpt>
      <trkpt lat="48.055165" lon="22.63549">
        <ele>143.1</ele>
        <time>2025-07-09T13:29:46Z</time>
      </trkpt>
      <trkpt lat="48.05500667" lon="22.63562333">
        <ele>142.6</ele>
        <time>2025-07-09T13:29:48Z</time>
      </trkpt>
      <trkpt lat="48.05491833" lon="22.63569667">
        <ele>142.7</ele>
        <time>2025-07-09T13:29:49Z</time>
      </trkpt>
      <trkpt lat="48.05482667" lon="22.63577833">
        <ele>142.9</ele>
        <time>2025-07-09T13:29:50Z</time>
      </trkpt>
      <trkpt lat="48.05474667" lon="22.63584333">
        <ele>143.4</ele>
        <time>2025-07-09T13:29:51Z</time>
      </trkpt>
      <trkpt lat="48.05464667" lon="22.63592667">
        <ele>144</ele>
        <time>2025-07-09T13:29:52Z</time>
      </trkpt>
      <trkpt lat="48.05455167" lon="22.63600667">
        <ele>145.9</ele>
        <time>2025-07-09T13:29:53Z</time>
      </trkpt>
      <trkpt lat="48.054445" lon="22.63611333">
        <ele>148.3</ele>
        <time>2025-07-09T13:29:54Z</time>
      </trkpt>
      <trkpt lat="48.05435" lon="22.63624833">
        <ele>149.6</ele>
        <time>2025-07-09T13:29:55Z</time>
      </trkpt>
      <trkpt lat="48.05426833" lon="22.63639667">
        <ele>151</ele>
        <time>2025-07-09T13:29:56Z</time>
      </trkpt>
      <trkpt lat="48.05418833" lon="22.63657">
        <ele>151.4</ele>
        <time>2025-07-09T13:29:57Z</time>
      </trkpt>
      <trkpt lat="48.05412333" lon="22.63675">
        <ele>152.1</ele>
        <time>2025-07-09T13:29:58Z</time>
      </trkpt>
      <trkpt lat="48.05406167" lon="22.63692">
        <ele>152.8</ele>
        <time>2025-07-09T13:29:59Z</time>
      </trkpt>
      <trkpt lat="48.05400667" lon="22.63707333">
        <ele>153.4</ele>
        <time>2025-07-09T13:30:00Z</time>
      </trkpt>
      <trkpt lat="48.05396" lon="22.63723667">
        <ele>153.8</ele>
        <time>2025-07-09T13:30:01Z</time>
      </trkpt>
      <trkpt lat="48.053915" lon="22.63739167">
        <ele>153.8</ele>
        <time>2025-07-09T13:30:02Z</time>
      </trkpt>
      <trkpt lat="48.05387167" lon="22.63755">
        <ele>154.2</ele>
        <time>2025-07-09T13:30:03Z</time>
      </trkpt>
      <trkpt lat="48.05383667" lon="22.63768833">
        <ele>153.2</ele>
        <time>2025-07-09T13:30:04Z</time>
      </trkpt>
      <trkpt lat="48.0538" lon="22.63783167">
        <ele>153.9</ele>
        <time>2025-07-09T13:30:05Z</time>
      </trkpt>
      <trkpt lat="48.05376833" lon="22.63796833">
        <ele>154.3</ele>
        <time>2025-07-09T13:30:06Z</time>
      </trkpt>
      <trkpt lat="48.05373167" lon="22.63810167">
        <ele>154.4</ele>
        <time>2025-07-09T13:30:07Z</time>
      </trkpt>
      <trkpt lat="48.053695" lon="22.63824">
        <ele>154.9</ele>
        <time>2025-07-09T13:30:08Z</time>
      </trkpt>
      <trkpt lat="48.05364667" lon="22.63838667">
        <ele>155.1</ele>
        <time>2025-07-09T13:30:09Z</time>
      </trkpt>
      <trkpt lat="48.05359667" lon="22.63851833">
        <ele>155.2</ele>
        <time>2025-07-09T13:30:10Z</time>
      </trkpt>
      <trkpt lat="48.05354167" lon="22.63863167">
        <ele>155.6</ele>
        <time>2025-07-09T13:30:11Z</time>
      </trkpt>
      <trkpt lat="48.053485" lon="22.638745">
        <ele>155.6</ele>
        <time>2025-07-09T13:30:12Z</time>
      </trkpt>
      <trkpt lat="48.05342167" lon="22.63885333">
        <ele>154.9</ele>
        <time>2025-07-09T13:30:13Z</time>
      </trkpt>
      <trkpt lat="48.05335833" lon="22.63895">
        <ele>153.6</ele>
        <time>2025-07-09T13:30:14Z</time>
      </trkpt>
      <trkpt lat="48.05328667" lon="22.639045">
        <ele>153.4</ele>
        <time>2025-07-09T13:30:15Z</time>
      </trkpt>
      <trkpt lat="48.05317167" lon="22.639195">
        <ele>152.8</ele>
        <time>2025-07-09T13:30:17Z</time>
      </trkpt>
      <trkpt lat="48.05307667" lon="22.63930833">
        <ele>151.2</ele>
        <time>2025-07-09T13:30:19Z</time>
      </trkpt>
      <trkpt lat="48.05300167" lon="22.63938667">
        <ele>151.2</ele>
        <time>2025-07-09T13:30:22Z</time>
      </trkpt>
      <trkpt lat="48.05293333" lon="22.639495">
        <ele>148.6</ele>
        <time>2025-07-09T13:30:38Z</time>
      </trkpt>
      <trkpt lat="48.05286" lon="22.63958667">
        <ele>148.1</ele>
        <time>2025-07-09T13:30:40Z</time>
      </trkpt>
      <trkpt lat="48.05278333" lon="22.63968">
        <ele>147.9</ele>
        <time>2025-07-09T13:30:42Z</time>
      </trkpt>
      <trkpt lat="48.05272" lon="22.639795">
        <ele>147.1</ele>
        <time>2025-07-09T13:30:44Z</time>
      </trkpt>
      <trkpt lat="48.05270833" lon="22.639935">
        <ele>146.8</ele>
        <time>2025-07-09T13:30:46Z</time>
      </trkpt>
      <trkpt lat="48.05277667" lon="22.64007833">
        <ele>146.2</ele>
        <time>2025-07-09T13:30:48Z</time>
      </trkpt>
      <trkpt lat="48.05287833" lon="22.64024167">
        <ele>147.1</ele>
        <time>2025-07-09T13:30:50Z</time>
      </trkpt>
      <trkpt lat="48.052975" lon="22.64041">
        <ele>148</ele>
        <time>2025-07-09T13:30:52Z</time>
      </trkpt>
      <trkpt lat="48.05308833" lon="22.64058333">
        <ele>148.6</ele>
        <time>2025-07-09T13:30:54Z</time>
      </trkpt>
      <trkpt lat="48.05319333" lon="22.64074667">
        <ele>148.7</ele>
        <time>2025-07-09T13:30:56Z</time>
      </trkpt>
      <trkpt lat="48.05329667" lon="22.64091667">
        <ele>149.3</ele>
        <time>2025-07-09T13:30:58Z</time>
      </trkpt>
      <trkpt lat="48.05339167" lon="22.64109167">
        <ele>149.6</ele>
        <time>2025-07-09T13:31:00Z</time>
      </trkpt>
      <trkpt lat="48.05350167" lon="22.64128167">
        <ele>150.8</ele>
        <time>2025-07-09T13:31:02Z</time>
      </trkpt>
      <trkpt lat="48.05356333" lon="22.64138">
        <ele>150.5</ele>
        <time>2025-07-09T13:31:03Z</time>
      </trkpt>
      <trkpt lat="48.05363167" lon="22.64148">
        <ele>150.8</ele>
        <time>2025-07-09T13:31:04Z</time>
      </trkpt>
      <trkpt lat="48.0537" lon="22.641595">
        <ele>150.9</ele>
        <time>2025-07-09T13:31:05Z</time>
      </trkpt>
      <trkpt lat="48.05376667" lon="22.64171333">
        <ele>151.1</ele>
        <time>2025-07-09T13:31:06Z</time>
      </trkpt>
      <trkpt lat="48.05383667" lon="22.641835">
        <ele>151.2</ele>
        <time>2025-07-09T13:31:07Z</time>
      </trkpt>
      <trkpt lat="48.0539" lon="22.641945">
        <ele>151</ele>
        <time>2025-07-09T13:31:08Z</time>
      </trkpt>
      <trkpt lat="48.05395167" lon="22.64206333">
        <ele>150.4</ele>
        <time>2025-07-09T13:31:09Z</time>
      </trkpt>
      <trkpt lat="48.054015" lon="22.642185">
        <ele>150.5</ele>
        <time>2025-07-09T13:31:10Z</time>
      </trkpt>
      <trkpt lat="48.05408" lon="22.64229167">
        <ele>150.8</ele>
        <time>2025-07-09T13:31:11Z</time>
      </trkpt>
      <trkpt lat="48.05413833" lon="22.64240333">
        <ele>150.4</ele>
        <time>2025-07-09T13:31:12Z</time>
      </trkpt>
      <trkpt lat="48.05420333" lon="22.64251167">
        <ele>150.7</ele>
        <time>2025-07-09T13:31:13Z</time>
      </trkpt>
      <trkpt lat="48.054265" lon="22.64262167">
        <ele>150.5</ele>
        <time>2025-07-09T13:31:14Z</time>
      </trkpt>
      <trkpt lat="48.054385" lon="22.64281">
        <ele>151.5</ele>
        <time>2025-07-09T13:31:16Z</time>
      </trkpt>
      <trkpt lat="48.05449" lon="22.64302833">
        <ele>151.3</ele>
        <time>2025-07-09T13:31:18Z</time>
      </trkpt>
      <trkpt lat="48.05454" lon="22.643145">
        <ele>151.5</ele>
        <time>2025-07-09T13:31:19Z</time>
      </trkpt>
      <trkpt lat="48.05457333" lon="22.64327667">
        <ele>151.9</ele>
        <time>2025-07-09T13:31:20Z</time>
      </trkpt>
      <trkpt lat="48.05459833" lon="22.643415">
        <ele>151.8</ele>
        <time>2025-07-09T13:31:21Z</time>
      </trkpt>
      <trkpt lat="48.05462833" lon="22.64356333">
        <ele>152.9</ele>
        <time>2025-07-09T13:31:22Z</time>
      </trkpt>
      <trkpt lat="48.05464" lon="22.643705">
        <ele>153.5</ele>
        <time>2025-07-09T13:31:23Z</time>
      </trkpt>
      <trkpt lat="48.05465167" lon="22.64385667">
        <ele>153.9</ele>
        <time>2025-07-09T13:31:24Z</time>
      </trkpt>
      <trkpt lat="48.05465667" lon="22.64413333">
        <ele>154.9</ele>
        <time>2025-07-09T13:31:26Z</time>
      </trkpt>
      <trkpt lat="48.05463333" lon="22.64439167">
        <ele>152.4</ele>
        <time>2025-07-09T13:31:28Z</time>
      </trkpt>
      <trkpt lat="48.05459833" lon="22.64452833">
        <ele>152.2</ele>
        <time>2025-07-09T13:31:29Z</time>
      </trkpt>
      <trkpt lat="48.05456667" lon="22.64465833">
        <ele>152.4</ele>
        <time>2025-07-09T13:31:30Z</time>
      </trkpt>
      <trkpt lat="48.054535" lon="22.64479">
        <ele>152.3</ele>
        <time>2025-07-09T13:31:31Z</time>
      </trkpt>
      <trkpt lat="48.05450333" lon="22.644925">
        <ele>151.6</ele>
        <time>2025-07-09T13:31:32Z</time>
      </trkpt>
      <trkpt lat="48.05450667" lon="22.64506667">
        <ele>150.5</ele>
        <time>2025-07-09T13:31:33Z</time>
      </trkpt>
      <trkpt lat="48.05452667" lon="22.64521167">
        <ele>150.3</ele>
        <time>2025-07-09T13:31:34Z</time>
      </trkpt>
      <trkpt lat="48.05456167" lon="22.64534833">
        <ele>149.9</ele>
        <time>2025-07-09T13:31:35Z</time>
      </trkpt>
      <trkpt lat="48.05459333" lon="22.64548167">
        <ele>150</ele>
        <time>2025-07-09T13:31:36Z</time>
      </trkpt>
      <trkpt lat="48.05463333" lon="22.64560833">
        <ele>150.5</ele>
        <time>2025-07-09T13:31:37Z</time>
      </trkpt>
      <trkpt lat="48.05466833" lon="22.64573667">
        <ele>150.4</ele>
        <time>2025-07-09T13:31:38Z</time>
      </trkpt>
      <trkpt lat="48.05470167" lon="22.64599">
        <ele>150.9</ele>
        <time>2025-07-09T13:31:40Z</time>
      </trkpt>
      <trkpt lat="48.05468167" lon="22.64625">
        <ele>151.5</ele>
        <time>2025-07-09T13:31:42Z</time>
      </trkpt>
      <trkpt lat="48.054645" lon="22.64637667">
        <ele>151.5</ele>
        <time>2025-07-09T13:31:43Z</time>
      </trkpt>
      <trkpt lat="48.05458667" lon="22.64649">
        <ele>151.4</ele>
        <time>2025-07-09T13:31:44Z</time>
      </trkpt>
      <trkpt lat="48.05451833" lon="22.646585">
        <ele>151.3</ele>
        <time>2025-07-09T13:31:45Z</time>
      </trkpt>
      <trkpt lat="48.05444" lon="22.64667667">
        <ele>151.2</ele>
        <time>2025-07-09T13:31:46Z</time>
      </trkpt>
      <trkpt lat="48.05436167" lon="22.646765">
        <ele>151.3</ele>
        <time>2025-07-09T13:31:47Z</time>
      </trkpt>
      <trkpt lat="48.05421333" lon="22.64691667">
        <ele>150.2</ele>
        <time>2025-07-09T13:31:49Z</time>
      </trkpt>
      <trkpt lat="48.05413667" lon="22.646995">
        <ele>150.3</ele>
        <time>2025-07-09T13:31:50Z</time>
      </trkpt>
      <trkpt lat="48.05406" lon="22.64707167">
        <ele>149.9</ele>
        <time>2025-07-09T13:31:51Z</time>
      </trkpt>
      <trkpt lat="48.05398333" lon="22.64714333">
        <ele>150</ele>
        <time>2025-07-09T13:31:52Z</time>
      </trkpt>
      <trkpt lat="48.05383833" lon="22.64729167">
        <ele>149.7</ele>
        <time>2025-07-09T13:31:54Z</time>
      </trkpt>
      <trkpt lat="48.053695" lon="22.64744333">
        <ele>149</ele>
        <time>2025-07-09T13:31:56Z</time>
      </trkpt>
      <trkpt lat="48.053615" lon="22.64751167">
        <ele>149.9</ele>
        <time>2025-07-09T13:31:57Z</time>
      </trkpt>
      <trkpt lat="48.05347167" lon="22.64766667">
        <ele>150.5</ele>
        <time>2025-07-09T13:31:59Z</time>
      </trkpt>
      <trkpt lat="48.053395" lon="22.64774">
        <ele>151.2</ele>
        <time>2025-07-09T13:32:00Z</time>
      </trkpt>
      <trkpt lat="48.05331833" lon="22.64781333">
        <ele>151.3</ele>
        <time>2025-07-09T13:32:01Z</time>
      </trkpt>
      <trkpt lat="48.05324" lon="22.64788167">
        <ele>151.4</ele>
        <time>2025-07-09T13:32:02Z</time>
      </trkpt>
      <trkpt lat="48.053165" lon="22.64796333">
        <ele>151.9</ele>
        <time>2025-07-09T13:32:03Z</time>
      </trkpt>
      <trkpt lat="48.05308833" lon="22.64804">
        <ele>151.5</ele>
        <time>2025-07-09T13:32:04Z</time>
      </trkpt>
      <trkpt lat="48.05300833" lon="22.64811333">
        <ele>150.2</ele>
        <time>2025-07-09T13:32:05Z</time>
      </trkpt>
      <trkpt lat="48.05292667" lon="22.6482">
        <ele>149.5</ele>
        <time>2025-07-09T13:32:06Z</time>
      </trkpt>
      <trkpt lat="48.05278333" lon="22.648355">
        <ele>149</ele>
        <time>2025-07-09T13:32:08Z</time>
      </trkpt>
      <trkpt lat="48.052705" lon="22.64843">
        <ele>149.3</ele>
        <time>2025-07-09T13:32:09Z</time>
      </trkpt>
      <trkpt lat="48.05257" lon="22.64857">
        <ele>149.7</ele>
        <time>2025-07-09T13:32:11Z</time>
      </trkpt>
      <trkpt lat="48.05243833" lon="22.64869167">
        <ele>151.1</ele>
        <time>2025-07-09T13:32:13Z</time>
      </trkpt>
      <trkpt lat="48.05231833" lon="22.64879">
        <ele>152.9</ele>
        <time>2025-07-09T13:32:15Z</time>
      </trkpt>
      <trkpt lat="48.05220667" lon="22.64889167">
        <ele>152.9</ele>
        <time>2025-07-09T13:32:17Z</time>
      </trkpt>
      <trkpt lat="48.05212333" lon="22.649015">
        <ele>154.2</ele>
        <time>2025-07-09T13:32:19Z</time>
      </trkpt>
      <trkpt lat="48.05211" lon="22.64917833">
        <ele>155.7</ele>
        <time>2025-07-09T13:32:21Z</time>
      </trkpt>
      <trkpt lat="48.05216667" lon="22.64937">
        <ele>157.8</ele>
        <time>2025-07-09T13:32:23Z</time>
      </trkpt>
      <trkpt lat="48.05226333" lon="22.64956667">
        <ele>158.3</ele>
        <time>2025-07-09T13:32:25Z</time>
      </trkpt>
      <trkpt lat="48.05235333" lon="22.64979">
        <ele>157.8</ele>
        <time>2025-07-09T13:32:27Z</time>
      </trkpt>
      <trkpt lat="48.052405" lon="22.64990667">
        <ele>158</ele>
        <time>2025-07-09T13:32:28Z</time>
      </trkpt>
      <trkpt lat="48.05245167" lon="22.65003333">
        <ele>157.2</ele>
        <time>2025-07-09T13:32:29Z</time>
      </trkpt>
      <trkpt lat="48.05248667" lon="22.65016">
        <ele>158.2</ele>
        <time>2025-07-09T13:32:30Z</time>
      </trkpt>
      <trkpt lat="48.05252" lon="22.65030333">
        <ele>158.5</ele>
        <time>2025-07-09T13:32:31Z</time>
      </trkpt>
      <trkpt lat="48.052575" lon="22.65056">
        <ele>156.9</ele>
        <time>2025-07-09T13:32:33Z</time>
      </trkpt>
      <trkpt lat="48.05259333" lon="22.65069167">
        <ele>156.5</ele>
        <time>2025-07-09T13:32:34Z</time>
      </trkpt>
      <trkpt lat="48.05261667" lon="22.65082333">
        <ele>155.9</ele>
        <time>2025-07-09T13:32:35Z</time>
      </trkpt>
      <trkpt lat="48.052655" lon="22.65105333">
        <ele>155.3</ele>
        <time>2025-07-09T13:32:37Z</time>
      </trkpt>
      <trkpt lat="48.05268833" lon="22.65125333">
        <ele>155.9</ele>
        <time>2025-07-09T13:32:39Z</time>
      </trkpt>
      <trkpt lat="48.05270333" lon="22.65142833">
        <ele>155.7</ele>
        <time>2025-07-09T13:32:41Z</time>
      </trkpt>
      <trkpt lat="48.05268" lon="22.65157667">
        <ele>154.2</ele>
        <time>2025-07-09T13:32:43Z</time>
      </trkpt>
      <trkpt lat="48.052685" lon="22.65176667">
        <ele>153.2</ele>
        <time>2025-07-09T13:32:46Z</time>
      </trkpt>
      <trkpt lat="48.05275333" lon="22.65186">
        <ele>151</ele>
        <time>2025-07-09T13:32:51Z</time>
      </trkpt>
      <trkpt lat="48.05284" lon="22.65177167">
        <ele>149.7</ele>
        <time>2025-07-09T13:33:21Z</time>
      </trkpt>
      <trkpt lat="48.05281333" lon="22.65157833">
        <ele>149</ele>
        <time>2025-07-09T13:33:24Z</time>
      </trkpt>
      <trkpt lat="48.05274667" lon="22.65136667">
        <ele>147.6</ele>
        <time>2025-07-09T13:33:27Z</time>
      </trkpt>
      <trkpt lat="48.05271167" lon="22.65119667">
        <ele>147.5</ele>
        <time>2025-07-09T13:33:29Z</time>
      </trkpt>
      <trkpt lat="48.05267667" lon="22.65098833">
        <ele>147.6</ele>
        <time>2025-07-09T13:33:31Z</time>
      </trkpt>
      <trkpt lat="48.05263167" lon="22.65072333">
        <ele>148.1</ele>
        <time>2025-07-09T13:33:33Z</time>
      </trkpt>
      <trkpt lat="48.05260833" lon="22.65058">
        <ele>148.3</ele>
        <time>2025-07-09T13:33:34Z</time>
      </trkpt>
      <trkpt lat="48.05258167" lon="22.650445">
        <ele>147.9</ele>
        <time>2025-07-09T13:33:35Z</time>
      </trkpt>
      <trkpt lat="48.05254667" lon="22.65030833">
        <ele>148.4</ele>
        <time>2025-07-09T13:33:36Z</time>
      </trkpt>
      <trkpt lat="48.0525" lon="22.65006">
        <ele>148.7</ele>
        <time>2025-07-09T13:33:38Z</time>
      </trkpt>
      <trkpt lat="48.052425" lon="22.64985">
        <ele>149.4</ele>
        <time>2025-07-09T13:33:40Z</time>
      </trkpt>
      <trkpt lat="48.05234667" lon="22.649655">
        <ele>148.7</ele>
        <time>2025-07-09T13:33:42Z</time>
      </trkpt>
      <trkpt lat="48.05227333" lon="22.64945833">
        <ele>149.8</ele>
        <time>2025-07-09T13:33:44Z</time>
      </trkpt>
      <trkpt lat="48.05220333" lon="22.64929167">
        <ele>150.8</ele>
        <time>2025-07-09T13:33:46Z</time>
      </trkpt>
      <trkpt lat="48.052165" lon="22.64914667">
        <ele>149.5</ele>
        <time>2025-07-09T13:33:48Z</time>
      </trkpt>
      <trkpt lat="48.05217667" lon="22.64899333">
        <ele>149.5</ele>
        <time>2025-07-09T13:33:50Z</time>
      </trkpt>
      <trkpt lat="48.05226" lon="22.64887">
        <ele>148.3</ele>
        <time>2025-07-09T13:33:52Z</time>
      </trkpt>
      <trkpt lat="48.05239333" lon="22.64875667">
        <ele>148.5</ele>
        <time>2025-07-09T13:33:54Z</time>
      </trkpt>
      <trkpt lat="48.05254333" lon="22.64863667">
        <ele>149.5</ele>
        <time>2025-07-09T13:33:56Z</time>
      </trkpt>
      <trkpt lat="48.05269667" lon="22.648485">
        <ele>149.2</ele>
        <time>2025-07-09T13:33:58Z</time>
      </trkpt>
      <trkpt lat="48.05278" lon="22.64840667">
        <ele>149.5</ele>
        <time>2025-07-09T13:33:59Z</time>
      </trkpt>
      <trkpt lat="48.05287" lon="22.64831333">
        <ele>148.9</ele>
        <time>2025-07-09T13:34:00Z</time>
      </trkpt>
      <trkpt lat="48.052955" lon="22.64824333">
        <ele>149.6</ele>
        <time>2025-07-09T13:34:01Z</time>
      </trkpt>
      <trkpt lat="48.053035" lon="22.64815667">
        <ele>149.4</ele>
        <time>2025-07-09T13:34:02Z</time>
      </trkpt>
      <trkpt lat="48.05311333" lon="22.64807167">
        <ele>150.1</ele>
        <time>2025-07-09T13:34:03Z</time>
      </trkpt>
      <trkpt lat="48.05319833" lon="22.64799167">
        <ele>151.3</ele>
        <time>2025-07-09T13:34:04Z</time>
      </trkpt>
      <trkpt lat="48.05327833" lon="22.64791">
        <ele>152.6</ele>
        <time>2025-07-09T13:34:05Z</time>
      </trkpt>
      <trkpt lat="48.05335667" lon="22.64783">
        <ele>153.3</ele>
        <time>2025-07-09T13:34:06Z</time>
      </trkpt>
      <trkpt lat="48.05344" lon="22.64776167">
        <ele>154.3</ele>
        <time>2025-07-09T13:34:07Z</time>
      </trkpt>
      <trkpt lat="48.05352" lon="22.64768833">
        <ele>155.3</ele>
        <time>2025-07-09T13:34:08Z</time>
      </trkpt>
      <trkpt lat="48.05360167" lon="22.64761">
        <ele>156.1</ele>
        <time>2025-07-09T13:34:09Z</time>
      </trkpt>
      <trkpt lat="48.05368333" lon="22.64753667">
        <ele>155.6</ele>
        <time>2025-07-09T13:34:10Z</time>
      </trkpt>
      <trkpt lat="48.05376" lon="22.64745667">
        <ele>155.2</ele>
        <time>2025-07-09T13:34:11Z</time>
      </trkpt>
      <trkpt lat="48.05384167" lon="22.64737">
        <ele>153.8</ele>
        <time>2025-07-09T13:34:12Z</time>
      </trkpt>
      <trkpt lat="48.05392167" lon="22.647295">
        <ele>152.8</ele>
        <time>2025-07-09T13:34:13Z</time>
      </trkpt>
      <trkpt lat="48.05399833" lon="22.64721333">
        <ele>152.2</ele>
        <time>2025-07-09T13:34:14Z</time>
      </trkpt>
      <trkpt lat="48.05414833" lon="22.647065">
        <ele>152.2</ele>
        <time>2025-07-09T13:34:16Z</time>
      </trkpt>
      <trkpt lat="48.05422833" lon="22.64697833">
        <ele>151.4</ele>
        <time>2025-07-09T13:34:17Z</time>
      </trkpt>
      <trkpt lat="48.05430333" lon="22.64689">
        <ele>150.9</ele>
        <time>2025-07-09T13:34:18Z</time>
      </trkpt>
      <trkpt lat="48.05438667" lon="22.64679333">
        <ele>150.5</ele>
        <time>2025-07-09T13:34:19Z</time>
      </trkpt>
      <trkpt lat="48.05446667" lon="22.64671167">
        <ele>149.5</ele>
        <time>2025-07-09T13:34:20Z</time>
      </trkpt>
      <trkpt lat="48.05453833" lon="22.64661833">
        <ele>149.7</ele>
        <time>2025-07-09T13:34:21Z</time>
      </trkpt>
      <trkpt lat="48.05465833" lon="22.64642833">
        <ele>148.9</ele>
        <time>2025-07-09T13:34:23Z</time>
      </trkpt>
      <trkpt lat="48.05470667" lon="22.64630167">
        <ele>149.6</ele>
        <time>2025-07-09T13:34:24Z</time>
      </trkpt>
      <trkpt lat="48.05473" lon="22.64616833">
        <ele>149</ele>
        <time>2025-07-09T13:34:25Z</time>
      </trkpt>
      <trkpt lat="48.054735" lon="22.64603167">
        <ele>148.3</ele>
        <time>2025-07-09T13:34:26Z</time>
      </trkpt>
      <trkpt lat="48.054735" lon="22.64588667">
        <ele>147.9</ele>
        <time>2025-07-09T13:34:27Z</time>
      </trkpt>
      <trkpt lat="48.05471833" lon="22.64574">
        <ele>148.4</ele>
        <time>2025-07-09T13:34:28Z</time>
      </trkpt>
      <trkpt lat="48.05468667" lon="22.64560667">
        <ele>148.7</ele>
        <time>2025-07-09T13:34:29Z</time>
      </trkpt>
      <trkpt lat="48.05464833" lon="22.64547333">
        <ele>149</ele>
        <time>2025-07-09T13:34:30Z</time>
      </trkpt>
      <trkpt lat="48.05460667" lon="22.64534167">
        <ele>149.7</ele>
        <time>2025-07-09T13:34:31Z</time>
      </trkpt>
      <trkpt lat="48.05457167" lon="22.645215">
        <ele>149.8</ele>
        <time>2025-07-09T13:34:32Z</time>
      </trkpt>
      <trkpt lat="48.05454667" lon="22.64508">
        <ele>150.3</ele>
        <time>2025-07-09T13:34:33Z</time>
      </trkpt>
      <trkpt lat="48.05454" lon="22.64494">
        <ele>150.7</ele>
        <time>2025-07-09T13:34:34Z</time>
      </trkpt>
      <trkpt lat="48.05454167" lon="22.644805">
        <ele>150.5</ele>
        <time>2025-07-09T13:34:35Z</time>
      </trkpt>
      <trkpt lat="48.05460167" lon="22.644555">
        <ele>149.8</ele>
        <time>2025-07-09T13:34:37Z</time>
      </trkpt>
      <trkpt lat="48.05463833" lon="22.64441833">
        <ele>149.7</ele>
        <time>2025-07-09T13:34:38Z</time>
      </trkpt>
      <trkpt lat="48.05466667" lon="22.64427333">
        <ele>149.2</ele>
        <time>2025-07-09T13:34:39Z</time>
      </trkpt>
      <trkpt lat="48.05468167" lon="22.64413">
        <ele>149</ele>
        <time>2025-07-09T13:34:40Z</time>
      </trkpt>
      <trkpt lat="48.05468167" lon="22.64397">
        <ele>148.6</ele>
        <time>2025-07-09T13:34:41Z</time>
      </trkpt>
      <trkpt lat="48.05467167" lon="22.64381667">
        <ele>148.7</ele>
        <time>2025-07-09T13:34:42Z</time>
      </trkpt>
      <trkpt lat="48.05466" lon="22.64365333">
        <ele>149</ele>
        <time>2025-07-09T13:34:43Z</time>
      </trkpt>
      <trkpt lat="48.054645" lon="22.64349167">
        <ele>149</ele>
        <time>2025-07-09T13:34:44Z</time>
      </trkpt>
      <trkpt lat="48.05462667" lon="22.64334167">
        <ele>149.6</ele>
        <time>2025-07-09T13:34:45Z</time>
      </trkpt>
      <trkpt lat="48.054595" lon="22.64319833">
        <ele>150.5</ele>
        <time>2025-07-09T13:34:46Z</time>
      </trkpt>
      <trkpt lat="48.05454667" lon="22.64306167">
        <ele>151.5</ele>
        <time>2025-07-09T13:34:47Z</time>
      </trkpt>
      <trkpt lat="48.05449833" lon="22.64293167">
        <ele>152.5</ele>
        <time>2025-07-09T13:34:48Z</time>
      </trkpt>
      <trkpt lat="48.05443833" lon="22.642805">
        <ele>153.2</ele>
        <time>2025-07-09T13:34:49Z</time>
      </trkpt>
      <trkpt lat="48.05437333" lon="22.642675">
        <ele>152.7</ele>
        <time>2025-07-09T13:34:50Z</time>
      </trkpt>
      <trkpt lat="48.05430333" lon="22.642555">
        <ele>153.2</ele>
        <time>2025-07-09T13:34:51Z</time>
      </trkpt>
      <trkpt lat="48.05422833" lon="22.64243667">
        <ele>153.3</ele>
        <time>2025-07-09T13:34:52Z</time>
      </trkpt>
      <trkpt lat="48.05416" lon="22.64232167">
        <ele>153.8</ele>
        <time>2025-07-09T13:34:53Z</time>
      </trkpt>
      <trkpt lat="48.05408833" lon="22.64221">
        <ele>153.5</ele>
        <time>2025-07-09T13:34:54Z</time>
      </trkpt>
      <trkpt lat="48.054015" lon="22.64210833">
        <ele>153.1</ele>
        <time>2025-07-09T13:34:55Z</time>
      </trkpt>
      <trkpt lat="48.053945" lon="22.64200333">
        <ele>153</ele>
        <time>2025-07-09T13:34:56Z</time>
      </trkpt>
      <trkpt lat="48.05388" lon="22.64187667">
        <ele>153</ele>
        <time>2025-07-09T13:34:57Z</time>
      </trkpt>
      <trkpt lat="48.053815" lon="22.64176">
        <ele>153.6</ele>
        <time>2025-07-09T13:34:58Z</time>
      </trkpt>
      <trkpt lat="48.05375" lon="22.64164833">
        <ele>153.6</ele>
        <time>2025-07-09T13:34:59Z</time>
      </trkpt>
      <trkpt lat="48.05368167" lon="22.64153833">
        <ele>153.4</ele>
        <time>2025-07-09T13:35:00Z</time>
      </trkpt>
      <trkpt lat="48.05360667" lon="22.64142833">
        <ele>153.3</ele>
        <time>2025-07-09T13:35:01Z</time>
      </trkpt>
      <trkpt lat="48.053535" lon="22.64131167">
        <ele>153.5</ele>
        <time>2025-07-09T13:35:02Z</time>
      </trkpt>
      <trkpt lat="48.05346667" lon="22.64119833">
        <ele>152.7</ele>
        <time>2025-07-09T13:35:03Z</time>
      </trkpt>
      <trkpt lat="48.05339833" lon="22.64108333">
        <ele>152.6</ele>
        <time>2025-07-09T13:35:04Z</time>
      </trkpt>
      <trkpt lat="48.053335" lon="22.64097">
        <ele>152.3</ele>
        <time>2025-07-09T13:35:05Z</time>
      </trkpt>
      <trkpt lat="48.05326833" lon="22.64086167">
        <ele>152.8</ele>
        <time>2025-07-09T13:35:06Z</time>
      </trkpt>
      <trkpt lat="48.053205" lon="22.64076">
        <ele>153.3</ele>
        <time>2025-07-09T13:35:07Z</time>
      </trkpt>
      <trkpt lat="48.05314333" lon="22.64064833">
        <ele>153.6</ele>
        <time>2025-07-09T13:35:08Z</time>
      </trkpt>
      <trkpt lat="48.05308833" lon="22.64054">
        <ele>153.6</ele>
        <time>2025-07-09T13:35:09Z</time>
      </trkpt>
      <trkpt lat="48.05303" lon="22.64043167">
        <ele>155.3</ele>
        <time>2025-07-09T13:35:10Z</time>
      </trkpt>
      <trkpt lat="48.05293" lon="22.64023333">
        <ele>160.5</ele>
        <time>2025-07-09T13:35:12Z</time>
      </trkpt>
      <trkpt lat="48.052825" lon="22.64007833">
        <ele>163.1</ele>
        <time>2025-07-09T13:35:14Z</time>
      </trkpt>
      <trkpt lat="48.05274667" lon="22.63996333">
        <ele>160</ele>
        <time>2025-07-09T13:35:16Z</time>
      </trkpt>
      <trkpt lat="48.05265833" lon="22.639905">
        <ele>154.6</ele>
        <time>2025-07-09T13:35:19Z</time>
      </trkpt>
      <trkpt lat="48.05257167" lon="22.63994667">
        <ele>152.6</ele>
        <time>2025-07-09T13:35:21Z</time>
      </trkpt>
      <trkpt lat="48.05245167" lon="22.64005167">
        <ele>152.2</ele>
        <time>2025-07-09T13:35:23Z</time>
      </trkpt>
      <trkpt lat="48.05231167" lon="22.64013167">
        <ele>150.5</ele>
        <time>2025-07-09T13:35:25Z</time>
      </trkpt>
      <trkpt lat="48.05215667" lon="22.64018667">
        <ele>149.7</ele>
        <time>2025-07-09T13:35:27Z</time>
      </trkpt>
      <trkpt lat="48.05206167" lon="22.64021333">
        <ele>149</ele>
        <time>2025-07-09T13:35:28Z</time>
      </trkpt>
      <trkpt lat="48.05196667" lon="22.64024667">
        <ele>148.6</ele>
        <time>2025-07-09T13:35:29Z</time>
      </trkpt>
      <trkpt lat="48.05186667" lon="22.64027667">
        <ele>148.9</ele>
        <time>2025-07-09T13:35:30Z</time>
      </trkpt>
      <trkpt lat="48.05177" lon="22.64031167">
        <ele>149</ele>
        <time>2025-07-09T13:35:31Z</time>
      </trkpt>
      <trkpt lat="48.05167667" lon="22.64034">
        <ele>148.6</ele>
        <time>2025-07-09T13:35:32Z</time>
      </trkpt>
      <trkpt lat="48.05157667" lon="22.64037333">
        <ele>148.8</ele>
        <time>2025-07-09T13:35:33Z</time>
      </trkpt>
      <trkpt lat="48.05148167" lon="22.640405">
        <ele>149.5</ele>
        <time>2025-07-09T13:35:34Z</time>
      </trkpt>
      <trkpt lat="48.05137833" lon="22.64044333">
        <ele>150.7</ele>
        <time>2025-07-09T13:35:35Z</time>
      </trkpt>
      <trkpt lat="48.051275" lon="22.64048">
        <ele>151.4</ele>
        <time>2025-07-09T13:35:36Z</time>
      </trkpt>
      <trkpt lat="48.05117167" lon="22.640515">
        <ele>152.8</ele>
        <time>2025-07-09T13:35:37Z</time>
      </trkpt>
      <trkpt lat="48.05107333" lon="22.640545">
        <ele>152.6</ele>
        <time>2025-07-09T13:35:38Z</time>
      </trkpt>
      <trkpt lat="48.05097" lon="22.64058167">
        <ele>152.6</ele>
        <time>2025-07-09T13:35:39Z</time>
      </trkpt>
      <trkpt lat="48.050865" lon="22.64062167">
        <ele>153.4</ele>
        <time>2025-07-09T13:35:40Z</time>
      </trkpt>
      <trkpt lat="48.05076" lon="22.64065333">
        <ele>153.1</ele>
        <time>2025-07-09T13:35:41Z</time>
      </trkpt>
      <trkpt lat="48.05066" lon="22.64068167">
        <ele>152.9</ele>
        <time>2025-07-09T13:35:42Z</time>
      </trkpt>
      <trkpt lat="48.050555" lon="22.640715">
        <ele>152.6</ele>
        <time>2025-07-09T13:35:43Z</time>
      </trkpt>
      <trkpt lat="48.05045167" lon="22.64075833">
        <ele>152.7</ele>
        <time>2025-07-09T13:35:44Z</time>
      </trkpt>
      <trkpt lat="48.05035" lon="22.64079667">
        <ele>152.9</ele>
        <time>2025-07-09T13:35:45Z</time>
      </trkpt>
      <trkpt lat="48.05025" lon="22.64083333">
        <ele>153.4</ele>
        <time>2025-07-09T13:35:46Z</time>
      </trkpt>
      <trkpt lat="48.05015" lon="22.640865">
        <ele>153.1</ele>
        <time>2025-07-09T13:35:47Z</time>
      </trkpt>
      <trkpt lat="48.05004833" lon="22.64090333">
        <ele>153.3</ele>
        <time>2025-07-09T13:35:48Z</time>
      </trkpt>
      <trkpt lat="48.049945" lon="22.640935">
        <ele>153</ele>
        <time>2025-07-09T13:35:49Z</time>
      </trkpt>
      <trkpt lat="48.04984833" lon="22.64096833">
        <ele>152.5</ele>
        <time>2025-07-09T13:35:50Z</time>
      </trkpt>
      <trkpt lat="48.04975167" lon="22.641">
        <ele>151.9</ele>
        <time>2025-07-09T13:35:51Z</time>
      </trkpt>
      <trkpt lat="48.04966167" lon="22.64104167">
        <ele>150.8</ele>
        <time>2025-07-09T13:35:52Z</time>
      </trkpt>
      <trkpt lat="48.049565" lon="22.64108">
        <ele>151.5</ele>
        <time>2025-07-09T13:35:53Z</time>
      </trkpt>
      <trkpt lat="48.04946833" lon="22.641115">
        <ele>151.7</ele>
        <time>2025-07-09T13:35:54Z</time>
      </trkpt>
      <trkpt lat="48.04937333" lon="22.64114667">
        <ele>151.7</ele>
        <time>2025-07-09T13:35:55Z</time>
      </trkpt>
      <trkpt lat="48.04927833" lon="22.64116833">
        <ele>151.8</ele>
        <time>2025-07-09T13:35:56Z</time>
      </trkpt>
      <trkpt lat="48.04918333" lon="22.64120333">
        <ele>151.8</ele>
        <time>2025-07-09T13:35:57Z</time>
      </trkpt>
      <trkpt lat="48.049085" lon="22.641235">
        <ele>151.5</ele>
        <time>2025-07-09T13:35:58Z</time>
      </trkpt>
      <trkpt lat="48.048995" lon="22.64126667">
        <ele>151.1</ele>
        <time>2025-07-09T13:35:59Z</time>
      </trkpt>
      <trkpt lat="48.04890167" lon="22.64129833">
        <ele>150.8</ele>
        <time>2025-07-09T13:36:00Z</time>
      </trkpt>
      <trkpt lat="48.048805" lon="22.64133333">
        <ele>150.7</ele>
        <time>2025-07-09T13:36:01Z</time>
      </trkpt>
      <trkpt lat="48.04870667" lon="22.64136167">
        <ele>151.2</ele>
        <time>2025-07-09T13:36:02Z</time>
      </trkpt>
      <trkpt lat="48.04861667" lon="22.64139833">
        <ele>151.6</ele>
        <time>2025-07-09T13:36:03Z</time>
      </trkpt>
      <trkpt lat="48.04852833" lon="22.64143667">
        <ele>151.4</ele>
        <time>2025-07-09T13:36:04Z</time>
      </trkpt>
      <trkpt lat="48.04843833" lon="22.64146333">
        <ele>151.7</ele>
        <time>2025-07-09T13:36:05Z</time>
      </trkpt>
      <trkpt lat="48.04834833" lon="22.6415">
        <ele>151.6</ele>
        <time>2025-07-09T13:36:06Z</time>
      </trkpt>
      <trkpt lat="48.04826167" lon="22.64153667">
        <ele>151.9</ele>
        <time>2025-07-09T13:36:07Z</time>
      </trkpt>
      <trkpt lat="48.04809" lon="22.64158667">
        <ele>152</ele>
        <time>2025-07-09T13:36:09Z</time>
      </trkpt>
      <trkpt lat="48.04792833" lon="22.64163833">
        <ele>152.5</ele>
        <time>2025-07-09T13:36:11Z</time>
      </trkpt>
      <trkpt lat="48.04777" lon="22.64169">
        <ele>153.5</ele>
        <time>2025-07-09T13:36:13Z</time>
      </trkpt>
      <trkpt lat="48.04761" lon="22.64168167">
        <ele>153.8</ele>
        <time>2025-07-09T13:36:15Z</time>
      </trkpt>
      <trkpt lat="48.047485" lon="22.64156333">
        <ele>153.8</ele>
        <time>2025-07-09T13:36:17Z</time>
      </trkpt>
      <trkpt lat="48.04742" lon="22.64146333">
        <ele>152.8</ele>
        <time>2025-07-09T13:36:18Z</time>
      </trkpt>
      <trkpt lat="48.04735333" lon="22.64136167">
        <ele>152</ele>
        <time>2025-07-09T13:36:19Z</time>
      </trkpt>
      <trkpt lat="48.047285" lon="22.64126167">
        <ele>151.3</ele>
        <time>2025-07-09T13:36:20Z</time>
      </trkpt>
      <trkpt lat="48.04721833" lon="22.64115833">
        <ele>151.9</ele>
        <time>2025-07-09T13:36:21Z</time>
      </trkpt>
      <trkpt lat="48.04714667" lon="22.64105333">
        <ele>151.9</ele>
        <time>2025-07-09T13:36:22Z</time>
      </trkpt>
      <trkpt lat="48.04707167" lon="22.640955">
        <ele>151.6</ele>
        <time>2025-07-09T13:36:23Z</time>
      </trkpt>
      <trkpt lat="48.04699167" lon="22.64085833">
        <ele>151.9</ele>
        <time>2025-07-09T13:36:24Z</time>
      </trkpt>
      <trkpt lat="48.04692" lon="22.64076167">
        <ele>151.6</ele>
        <time>2025-07-09T13:36:25Z</time>
      </trkpt>
      <trkpt lat="48.046845" lon="22.64065333">
        <ele>151.3</ele>
        <time>2025-07-09T13:36:26Z</time>
      </trkpt>
      <trkpt lat="48.046765" lon="22.64054667">
        <ele>151.2</ele>
        <time>2025-07-09T13:36:27Z</time>
      </trkpt>
      <trkpt lat="48.04667833" lon="22.64043">
        <ele>151.8</ele>
        <time>2025-07-09T13:36:28Z</time>
      </trkpt>
      <trkpt lat="48.04658667" lon="22.64031">
        <ele>152.3</ele>
        <time>2025-07-09T13:36:29Z</time>
      </trkpt>
      <trkpt lat="48.04648667" lon="22.64018667">
        <ele>152.9</ele>
        <time>2025-07-09T13:36:30Z</time>
      </trkpt>
      <trkpt lat="48.04639833" lon="22.64006833">
        <ele>153.1</ele>
        <time>2025-07-09T13:36:31Z</time>
      </trkpt>
      <trkpt lat="48.0463" lon="22.63994333">
        <ele>153.2</ele>
        <time>2025-07-09T13:36:32Z</time>
      </trkpt>
      <trkpt lat="48.04621167" lon="22.63982167">
        <ele>153.9</ele>
        <time>2025-07-09T13:36:33Z</time>
      </trkpt>
      <trkpt lat="48.04612" lon="22.63969333">
        <ele>154.6</ele>
        <time>2025-07-09T13:36:34Z</time>
      </trkpt>
      <trkpt lat="48.04602833" lon="22.63955333">
        <ele>155.8</ele>
        <time>2025-07-09T13:36:35Z</time>
      </trkpt>
      <trkpt lat="48.04593667" lon="22.63943667">
        <ele>156</ele>
        <time>2025-07-09T13:36:36Z</time>
      </trkpt>
      <trkpt lat="48.04583833" lon="22.63932">
        <ele>155.9</ele>
        <time>2025-07-09T13:36:37Z</time>
      </trkpt>
      <trkpt lat="48.04574167" lon="22.63920167">
        <ele>156</ele>
        <time>2025-07-09T13:36:38Z</time>
      </trkpt>
      <trkpt lat="48.04565" lon="22.63907833">
        <ele>155.9</ele>
        <time>2025-07-09T13:36:39Z</time>
      </trkpt>
      <trkpt lat="48.04555667" lon="22.638965">
        <ele>155.6</ele>
        <time>2025-07-09T13:36:40Z</time>
      </trkpt>
      <trkpt lat="48.04546833" lon="22.63885833">
        <ele>154.7</ele>
        <time>2025-07-09T13:36:41Z</time>
      </trkpt>
      <trkpt lat="48.04538167" lon="22.63873167">
        <ele>151.8</ele>
        <time>2025-07-09T13:36:42Z</time>
      </trkpt>
      <trkpt lat="48.04529667" lon="22.638615">
        <ele>151.5</ele>
        <time>2025-07-09T13:36:43Z</time>
      </trkpt>
      <trkpt lat="48.04521" lon="22.63849167">
        <ele>151.5</ele>
        <time>2025-07-09T13:36:44Z</time>
      </trkpt>
      <trkpt lat="48.045125" lon="22.638375">
        <ele>151.1</ele>
        <time>2025-07-09T13:36:45Z</time>
      </trkpt>
      <trkpt lat="48.04503667" lon="22.63826833">
        <ele>150.8</ele>
        <time>2025-07-09T13:36:46Z</time>
      </trkpt>
      <trkpt lat="48.04494167" lon="22.63815833">
        <ele>150.3</ele>
        <time>2025-07-09T13:36:47Z</time>
      </trkpt>
      <trkpt lat="48.04485833" lon="22.63804">
        <ele>150.2</ele>
        <time>2025-07-09T13:36:48Z</time>
      </trkpt>
      <trkpt lat="48.04477167" lon="22.63793">
        <ele>150.4</ele>
        <time>2025-07-09T13:36:49Z</time>
      </trkpt>
      <trkpt lat="48.044685" lon="22.63782167">
        <ele>149.9</ele>
        <time>2025-07-09T13:36:50Z</time>
      </trkpt>
      <trkpt lat="48.04459333" lon="22.63773">
        <ele>148.6</ele>
        <time>2025-07-09T13:36:51Z</time>
      </trkpt>
      <trkpt lat="48.04451333" lon="22.63762167">
        <ele>147.6</ele>
        <time>2025-07-09T13:36:52Z</time>
      </trkpt>
      <trkpt lat="48.044435" lon="22.63750833">
        <ele>147.5</ele>
        <time>2025-07-09T13:36:53Z</time>
      </trkpt>
      <trkpt lat="48.04435" lon="22.6374">
        <ele>147.2</ele>
        <time>2025-07-09T13:36:54Z</time>
      </trkpt>
      <trkpt lat="48.04427" lon="22.63728667">
        <ele>146.6</ele>
        <time>2025-07-09T13:36:55Z</time>
      </trkpt>
      <trkpt lat="48.04419333" lon="22.63718667">
        <ele>146.9</ele>
        <time>2025-07-09T13:36:56Z</time>
      </trkpt>
      <trkpt lat="48.04411167" lon="22.63708833">
        <ele>147.3</ele>
        <time>2025-07-09T13:36:57Z</time>
      </trkpt>
      <trkpt lat="48.04404" lon="22.63697833">
        <ele>148.2</ele>
        <time>2025-07-09T13:36:58Z</time>
      </trkpt>
      <trkpt lat="48.043965" lon="22.63687833">
        <ele>148.5</ele>
        <time>2025-07-09T13:36:59Z</time>
      </trkpt>
      <trkpt lat="48.043885" lon="22.63676333">
        <ele>149</ele>
        <time>2025-07-09T13:37:00Z</time>
      </trkpt>
      <trkpt lat="48.04380667" lon="22.63666333">
        <ele>149.9</ele>
        <time>2025-07-09T13:37:01Z</time>
      </trkpt>
      <trkpt lat="48.04372833" lon="22.636565">
        <ele>150.9</ele>
        <time>2025-07-09T13:37:02Z</time>
      </trkpt>
      <trkpt lat="48.04364667" lon="22.63646">
        <ele>151.3</ele>
        <time>2025-07-09T13:37:03Z</time>
      </trkpt>
      <trkpt lat="48.04356167" lon="22.63635">
        <ele>151.9</ele>
        <time>2025-07-09T13:37:04Z</time>
      </trkpt>
      <trkpt lat="48.04347833" lon="22.63624333">
        <ele>152.3</ele>
        <time>2025-07-09T13:37:05Z</time>
      </trkpt>
      <trkpt lat="48.04339833" lon="22.63614333">
        <ele>152.2</ele>
        <time>2025-07-09T13:37:06Z</time>
      </trkpt>
      <trkpt lat="48.04331" lon="22.63603333">
        <ele>152.6</ele>
        <time>2025-07-09T13:37:07Z</time>
      </trkpt>
      <trkpt lat="48.04322667" lon="22.63592333">
        <ele>152.8</ele>
        <time>2025-07-09T13:37:08Z</time>
      </trkpt>
      <trkpt lat="48.04315" lon="22.63580333">
        <ele>153</ele>
        <time>2025-07-09T13:37:09Z</time>
      </trkpt>
      <trkpt lat="48.04306833" lon="22.635695">
        <ele>152.5</ele>
        <time>2025-07-09T13:37:10Z</time>
      </trkpt>
      <trkpt lat="48.04299" lon="22.635595">
        <ele>152.8</ele>
        <time>2025-07-09T13:37:11Z</time>
      </trkpt>
      <trkpt lat="48.04290833" lon="22.63549333">
        <ele>152.3</ele>
        <time>2025-07-09T13:37:12Z</time>
      </trkpt>
      <trkpt lat="48.04282833" lon="22.63538">
        <ele>152.5</ele>
        <time>2025-07-09T13:37:13Z</time>
      </trkpt>
      <trkpt lat="48.04274667" lon="22.635275">
        <ele>152.5</ele>
        <time>2025-07-09T13:37:14Z</time>
      </trkpt>
      <trkpt lat="48.042655" lon="22.63516167">
        <ele>153</ele>
        <time>2025-07-09T13:37:15Z</time>
      </trkpt>
      <trkpt lat="48.04257333" lon="22.63504667">
        <ele>153.5</ele>
        <time>2025-07-09T13:37:16Z</time>
      </trkpt>
      <trkpt lat="48.04249" lon="22.63493833">
        <ele>153.3</ele>
        <time>2025-07-09T13:37:17Z</time>
      </trkpt>
      <trkpt lat="48.04242333" lon="22.63483833">
        <ele>154</ele>
        <time>2025-07-09T13:37:18Z</time>
      </trkpt>
      <trkpt lat="48.04235167" lon="22.63474">
        <ele>154.7</ele>
        <time>2025-07-09T13:37:19Z</time>
      </trkpt>
      <trkpt lat="48.04227833" lon="22.63464833">
        <ele>154.7</ele>
        <time>2025-07-09T13:37:20Z</time>
      </trkpt>
      <trkpt lat="48.042215" lon="22.63454667">
        <ele>153.8</ele>
        <time>2025-07-09T13:37:21Z</time>
      </trkpt>
      <trkpt lat="48.042145" lon="22.634425">
        <ele>153.4</ele>
        <time>2025-07-09T13:37:22Z</time>
      </trkpt>
      <trkpt lat="48.04206167" lon="22.63429833">
        <ele>153.7</ele>
        <time>2025-07-09T13:37:23Z</time>
      </trkpt>
      <trkpt lat="48.042005" lon="22.634165">
        <ele>153.8</ele>
        <time>2025-07-09T13:37:24Z</time>
      </trkpt>
      <trkpt lat="48.04196333" lon="22.63401333">
        <ele>153.8</ele>
        <time>2025-07-09T13:37:25Z</time>
      </trkpt>
      <trkpt lat="48.04193333" lon="22.63385667">
        <ele>153.1</ele>
        <time>2025-07-09T13:37:26Z</time>
      </trkpt>
      <trkpt lat="48.041915" lon="22.63369333">
        <ele>152.7</ele>
        <time>2025-07-09T13:37:27Z</time>
      </trkpt>
      <trkpt lat="48.041905" lon="22.63351667">
        <ele>152.5</ele>
        <time>2025-07-09T13:37:28Z</time>
      </trkpt>
      <trkpt lat="48.041905" lon="22.63332667">
        <ele>152.5</ele>
        <time>2025-07-09T13:37:29Z</time>
      </trkpt>
      <trkpt lat="48.041915" lon="22.63313">
        <ele>152.1</ele>
        <time>2025-07-09T13:37:30Z</time>
      </trkpt>
      <trkpt lat="48.04192667" lon="22.63293833">
        <ele>151.7</ele>
        <time>2025-07-09T13:37:31Z</time>
      </trkpt>
      <trkpt lat="48.04193333" lon="22.632755">
        <ele>151.3</ele>
        <time>2025-07-09T13:37:32Z</time>
      </trkpt>
      <trkpt lat="48.04193833" lon="22.63257833">
        <ele>151</ele>
        <time>2025-07-09T13:37:33Z</time>
      </trkpt>
      <trkpt lat="48.041955" lon="22.63239333">
        <ele>150.5</ele>
        <time>2025-07-09T13:37:34Z</time>
      </trkpt>
      <trkpt lat="48.041965" lon="22.63220667">
        <ele>150.4</ele>
        <time>2025-07-09T13:37:35Z</time>
      </trkpt>
      <trkpt lat="48.04197333" lon="22.63202833">
        <ele>149.1</ele>
        <time>2025-07-09T13:37:36Z</time>
      </trkpt>
      <trkpt lat="48.041975" lon="22.63183167">
        <ele>151.8</ele>
        <time>2025-07-09T13:37:37Z</time>
      </trkpt>
      <trkpt lat="48.04197833" lon="22.63165">
        <ele>151.3</ele>
        <time>2025-07-09T13:37:38Z</time>
      </trkpt>
      <trkpt lat="48.04198333" lon="22.63146333">
        <ele>151.4</ele>
        <time>2025-07-09T13:37:39Z</time>
      </trkpt>
      <trkpt lat="48.041985" lon="22.63127667">
        <ele>150.8</ele>
        <time>2025-07-09T13:37:40Z</time>
      </trkpt>
      <trkpt lat="48.042" lon="22.63109167">
        <ele>150.8</ele>
        <time>2025-07-09T13:37:41Z</time>
      </trkpt>
      <trkpt lat="48.042005" lon="22.63091333">
        <ele>150.9</ele>
        <time>2025-07-09T13:37:42Z</time>
      </trkpt>
      <trkpt lat="48.04201" lon="22.63074">
        <ele>150.7</ele>
        <time>2025-07-09T13:37:43Z</time>
      </trkpt>
      <trkpt lat="48.04202" lon="22.63057167">
        <ele>150</ele>
        <time>2025-07-09T13:37:44Z</time>
      </trkpt>
      <trkpt lat="48.042035" lon="22.63040667">
        <ele>149.1</ele>
        <time>2025-07-09T13:37:45Z</time>
      </trkpt>
      <trkpt lat="48.042045" lon="22.63024167">
        <ele>149.9</ele>
        <time>2025-07-09T13:37:46Z</time>
      </trkpt>
      <trkpt lat="48.04205667" lon="22.63007833">
        <ele>150.3</ele>
        <time>2025-07-09T13:37:47Z</time>
      </trkpt>
      <trkpt lat="48.042065" lon="22.62992167">
        <ele>150.6</ele>
        <time>2025-07-09T13:37:48Z</time>
      </trkpt>
      <trkpt lat="48.04207167" lon="22.62975667">
        <ele>150.6</ele>
        <time>2025-07-09T13:37:49Z</time>
      </trkpt>
      <trkpt lat="48.042075" lon="22.62959167">
        <ele>149.8</ele>
        <time>2025-07-09T13:37:50Z</time>
      </trkpt>
      <trkpt lat="48.04207833" lon="22.629415">
        <ele>149.6</ele>
        <time>2025-07-09T13:37:51Z</time>
      </trkpt>
      <trkpt lat="48.04208167" lon="22.62924">
        <ele>150.1</ele>
        <time>2025-07-09T13:37:52Z</time>
      </trkpt>
      <trkpt lat="48.042085" lon="22.62906833">
        <ele>151.1</ele>
        <time>2025-07-09T13:37:53Z</time>
      </trkpt>
      <trkpt lat="48.04209833" lon="22.62890667">
        <ele>150.1</ele>
        <time>2025-07-09T13:37:54Z</time>
      </trkpt>
      <trkpt lat="48.04210833" lon="22.628745">
        <ele>149.5</ele>
        <time>2025-07-09T13:37:55Z</time>
      </trkpt>
      <trkpt lat="48.04212167" lon="22.62858">
        <ele>148.9</ele>
        <time>2025-07-09T13:37:56Z</time>
      </trkpt>
      <trkpt lat="48.04212333" lon="22.62840833">
        <ele>148.4</ele>
        <time>2025-07-09T13:37:57Z</time>
      </trkpt>
      <trkpt lat="48.04212667" lon="22.628235">
        <ele>147.8</ele>
        <time>2025-07-09T13:37:58Z</time>
      </trkpt>
      <trkpt lat="48.04213" lon="22.62806333">
        <ele>148.2</ele>
        <time>2025-07-09T13:37:59Z</time>
      </trkpt>
      <trkpt lat="48.04213167" lon="22.62789833">
        <ele>147.9</ele>
        <time>2025-07-09T13:38:00Z</time>
      </trkpt>
      <trkpt lat="48.04213833" lon="22.62773833">
        <ele>147.7</ele>
        <time>2025-07-09T13:38:01Z</time>
      </trkpt>
      <trkpt lat="48.04214167" lon="22.62758167">
        <ele>146.9</ele>
        <time>2025-07-09T13:38:02Z</time>
      </trkpt>
      <trkpt lat="48.04214333" lon="22.627425">
        <ele>147.4</ele>
        <time>2025-07-09T13:38:03Z</time>
      </trkpt>
      <trkpt lat="48.04214667" lon="22.627265">
        <ele>148.1</ele>
        <time>2025-07-09T13:38:04Z</time>
      </trkpt>
      <trkpt lat="48.04214833" lon="22.6271">
        <ele>148.6</ele>
        <time>2025-07-09T13:38:05Z</time>
      </trkpt>
      <trkpt lat="48.04215667" lon="22.626935">
        <ele>149.4</ele>
        <time>2025-07-09T13:38:06Z</time>
      </trkpt>
      <trkpt lat="48.04216333" lon="22.62677667">
        <ele>150.1</ele>
        <time>2025-07-09T13:38:07Z</time>
      </trkpt>
      <trkpt lat="48.04216833" lon="22.626615">
        <ele>151.2</ele>
        <time>2025-07-09T13:38:08Z</time>
      </trkpt>
      <trkpt lat="48.04218" lon="22.626455">
        <ele>151.2</ele>
        <time>2025-07-09T13:38:09Z</time>
      </trkpt>
      <trkpt lat="48.042185" lon="22.62629333">
        <ele>151.2</ele>
        <time>2025-07-09T13:38:10Z</time>
      </trkpt>
      <trkpt lat="48.042195" lon="22.62613667">
        <ele>151.9</ele>
        <time>2025-07-09T13:38:11Z</time>
      </trkpt>
      <trkpt lat="48.042195" lon="22.625985">
        <ele>151.9</ele>
        <time>2025-07-09T13:38:12Z</time>
      </trkpt>
      <trkpt lat="48.04219333" lon="22.62583667">
        <ele>151.9</ele>
        <time>2025-07-09T13:38:13Z</time>
      </trkpt>
      <trkpt lat="48.04220167" lon="22.62569333">
        <ele>151.9</ele>
        <time>2025-07-09T13:38:14Z</time>
      </trkpt>
      <trkpt lat="48.04221167" lon="22.62554333">
        <ele>151.9</ele>
        <time>2025-07-09T13:38:15Z</time>
      </trkpt>
      <trkpt lat="48.04222333" lon="22.62539">
        <ele>152.3</ele>
        <time>2025-07-09T13:38:16Z</time>
      </trkpt>
      <trkpt lat="48.04223167" lon="22.62523667">
        <ele>151.9</ele>
        <time>2025-07-09T13:38:17Z</time>
      </trkpt>
      <trkpt lat="48.04224167" lon="22.62508">
        <ele>151.1</ele>
        <time>2025-07-09T13:38:18Z</time>
      </trkpt>
      <trkpt lat="48.04225" lon="22.624925">
        <ele>150.1</ele>
        <time>2025-07-09T13:38:19Z</time>
      </trkpt>
      <trkpt lat="48.04225833" lon="22.62477333">
        <ele>149.4</ele>
        <time>2025-07-09T13:38:20Z</time>
      </trkpt>
      <trkpt lat="48.04226333" lon="22.62461667">
        <ele>150</ele>
        <time>2025-07-09T13:38:21Z</time>
      </trkpt>
      <trkpt lat="48.04226833" lon="22.62446333">
        <ele>150.8</ele>
        <time>2025-07-09T13:38:22Z</time>
      </trkpt>
      <trkpt lat="48.04227333" lon="22.624305">
        <ele>151.8</ele>
        <time>2025-07-09T13:38:23Z</time>
      </trkpt>
      <trkpt lat="48.04228167" lon="22.62415">
        <ele>152.3</ele>
        <time>2025-07-09T13:38:24Z</time>
      </trkpt>
      <trkpt lat="48.04228167" lon="22.623995">
        <ele>151.6</ele>
        <time>2025-07-09T13:38:25Z</time>
      </trkpt>
      <trkpt lat="48.04228167" lon="22.62384333">
        <ele>150.9</ele>
        <time>2025-07-09T13:38:26Z</time>
      </trkpt>
      <trkpt lat="48.042285" lon="22.62368667">
        <ele>151.1</ele>
        <time>2025-07-09T13:38:27Z</time>
      </trkpt>
      <trkpt lat="48.04229" lon="22.62353167">
        <ele>150.4</ele>
        <time>2025-07-09T13:38:28Z</time>
      </trkpt>
      <trkpt lat="48.04229333" lon="22.62338">
        <ele>150</ele>
        <time>2025-07-09T13:38:29Z</time>
      </trkpt>
      <trkpt lat="48.04229333" lon="22.623225">
        <ele>149.7</ele>
        <time>2025-07-09T13:38:30Z</time>
      </trkpt>
      <trkpt lat="48.04230667" lon="22.62306167">
        <ele>149.8</ele>
        <time>2025-07-09T13:38:31Z</time>
      </trkpt>
      <trkpt lat="48.04232" lon="22.62290333">
        <ele>149.7</ele>
        <time>2025-07-09T13:38:32Z</time>
      </trkpt>
      <trkpt lat="48.04231667" lon="22.62273667">
        <ele>149</ele>
        <time>2025-07-09T13:38:33Z</time>
      </trkpt>
      <trkpt lat="48.04231167" lon="22.62257667">
        <ele>148.6</ele>
        <time>2025-07-09T13:38:34Z</time>
      </trkpt>
      <trkpt lat="48.04230667" lon="22.622415">
        <ele>149.5</ele>
        <time>2025-07-09T13:38:35Z</time>
      </trkpt>
      <trkpt lat="48.04229" lon="22.622265">
        <ele>149.5</ele>
        <time>2025-07-09T13:38:36Z</time>
      </trkpt>
      <trkpt lat="48.04227667" lon="22.62210833">
        <ele>149.4</ele>
        <time>2025-07-09T13:38:37Z</time>
      </trkpt>
      <trkpt lat="48.04226167" lon="22.62194667">
        <ele>149.7</ele>
        <time>2025-07-09T13:38:38Z</time>
      </trkpt>
      <trkpt lat="48.042245" lon="22.62180167">
        <ele>149.2</ele>
        <time>2025-07-09T13:38:39Z</time>
      </trkpt>
      <trkpt lat="48.04222" lon="22.62166167">
        <ele>148.9</ele>
        <time>2025-07-09T13:38:40Z</time>
      </trkpt>
      <trkpt lat="48.04219833" lon="22.62150667">
        <ele>148.4</ele>
        <time>2025-07-09T13:38:41Z</time>
      </trkpt>
      <trkpt lat="48.042175" lon="22.62137167">
        <ele>147.5</ele>
        <time>2025-07-09T13:38:42Z</time>
      </trkpt>
      <trkpt lat="48.04215833" lon="22.62122">
        <ele>147.5</ele>
        <time>2025-07-09T13:38:43Z</time>
      </trkpt>
      <trkpt lat="48.04213667" lon="22.62106833">
        <ele>147.8</ele>
        <time>2025-07-09T13:38:44Z</time>
      </trkpt>
      <trkpt lat="48.04209833" lon="22.62092">
        <ele>147.5</ele>
        <time>2025-07-09T13:38:45Z</time>
      </trkpt>
      <trkpt lat="48.04207833" lon="22.62076">
        <ele>147.9</ele>
        <time>2025-07-09T13:38:46Z</time>
      </trkpt>
      <trkpt lat="48.04205667" lon="22.62060167">
        <ele>147.8</ele>
        <time>2025-07-09T13:38:47Z</time>
      </trkpt>
      <trkpt lat="48.04204" lon="22.62046">
        <ele>148</ele>
        <time>2025-07-09T13:38:48Z</time>
      </trkpt>
      <trkpt lat="48.04200833" lon="22.62030667">
        <ele>147.5</ele>
        <time>2025-07-09T13:38:49Z</time>
      </trkpt>
      <trkpt lat="48.04198" lon="22.62015">
        <ele>146.2</ele>
        <time>2025-07-09T13:38:50Z</time>
      </trkpt>
      <trkpt lat="48.04195667" lon="22.619985">
        <ele>147.2</ele>
        <time>2025-07-09T13:38:51Z</time>
      </trkpt>
      <trkpt lat="48.04194167" lon="22.61982833">
        <ele>147.5</ele>
        <time>2025-07-09T13:38:52Z</time>
      </trkpt>
      <trkpt lat="48.041915" lon="22.61967333">
        <ele>148</ele>
        <time>2025-07-09T13:38:53Z</time>
      </trkpt>
      <trkpt lat="48.04189333" lon="22.61952667">
        <ele>148</ele>
        <time>2025-07-09T13:38:54Z</time>
      </trkpt>
      <trkpt lat="48.04187" lon="22.61937">
        <ele>149.1</ele>
        <time>2025-07-09T13:38:55Z</time>
      </trkpt>
      <trkpt lat="48.04185333" lon="22.61921167">
        <ele>150.8</ele>
        <time>2025-07-09T13:38:56Z</time>
      </trkpt>
      <trkpt lat="48.04183" lon="22.61905167">
        <ele>151.7</ele>
        <time>2025-07-09T13:38:57Z</time>
      </trkpt>
      <trkpt lat="48.04180833" lon="22.61889833">
        <ele>152.4</ele>
        <time>2025-07-09T13:38:58Z</time>
      </trkpt>
      <trkpt lat="48.041795" lon="22.61875333">
        <ele>152.3</ele>
        <time>2025-07-09T13:38:59Z</time>
      </trkpt>
      <trkpt lat="48.04176667" lon="22.618595">
        <ele>152.8</ele>
        <time>2025-07-09T13:39:00Z</time>
      </trkpt>
      <trkpt lat="48.04174167" lon="22.61843667">
        <ele>152.9</ele>
        <time>2025-07-09T13:39:01Z</time>
      </trkpt>
      <trkpt lat="48.04171667" lon="22.61828833">
        <ele>153.2</ele>
        <time>2025-07-09T13:39:02Z</time>
      </trkpt>
      <trkpt lat="48.04169333" lon="22.61813333">
        <ele>153</ele>
        <time>2025-07-09T13:39:03Z</time>
      </trkpt>
      <trkpt lat="48.04166833" lon="22.61798333">
        <ele>152.8</ele>
        <time>2025-07-09T13:39:04Z</time>
      </trkpt>
      <trkpt lat="48.041645" lon="22.61784">
        <ele>152.8</ele>
        <time>2025-07-09T13:39:05Z</time>
      </trkpt>
      <trkpt lat="48.04160833" lon="22.61756667">
        <ele>153.6</ele>
        <time>2025-07-09T13:39:07Z</time>
      </trkpt>
      <trkpt lat="48.04158833" lon="22.61741333">
        <ele>152.8</ele>
        <time>2025-07-09T13:39:08Z</time>
      </trkpt>
      <trkpt lat="48.04156667" lon="22.61726667">
        <ele>152.3</ele>
        <time>2025-07-09T13:39:09Z</time>
      </trkpt>
      <trkpt lat="48.04154833" lon="22.61711333">
        <ele>151.7</ele>
        <time>2025-07-09T13:39:10Z</time>
      </trkpt>
      <trkpt lat="48.04152667" lon="22.61696">
        <ele>151.5</ele>
        <time>2025-07-09T13:39:11Z</time>
      </trkpt>
      <trkpt lat="48.04150333" lon="22.616805">
        <ele>150.9</ele>
        <time>2025-07-09T13:39:12Z</time>
      </trkpt>
      <trkpt lat="48.04147167" lon="22.61664333">
        <ele>150.6</ele>
        <time>2025-07-09T13:39:13Z</time>
      </trkpt>
      <trkpt lat="48.04144" lon="22.61648833">
        <ele>150.6</ele>
        <time>2025-07-09T13:39:14Z</time>
      </trkpt>
      <trkpt lat="48.04141667" lon="22.616335">
        <ele>150.3</ele>
        <time>2025-07-09T13:39:15Z</time>
      </trkpt>
      <trkpt lat="48.0414" lon="22.61618333">
        <ele>149.8</ele>
        <time>2025-07-09T13:39:16Z</time>
      </trkpt>
      <trkpt lat="48.04139" lon="22.61604333">
        <ele>148.4</ele>
        <time>2025-07-09T13:39:17Z</time>
      </trkpt>
      <trkpt lat="48.04137667" lon="22.615895">
        <ele>147.2</ele>
        <time>2025-07-09T13:39:18Z</time>
      </trkpt>
      <trkpt lat="48.04136167" lon="22.61575833">
        <ele>146.3</ele>
        <time>2025-07-09T13:39:19Z</time>
      </trkpt>
      <trkpt lat="48.04133833" lon="22.61560667">
        <ele>145.3</ele>
        <time>2025-07-09T13:39:20Z</time>
      </trkpt>
      <trkpt lat="48.041315" lon="22.61545833">
        <ele>145</ele>
        <time>2025-07-09T13:39:21Z</time>
      </trkpt>
      <trkpt lat="48.04129" lon="22.61530167">
        <ele>144.7</ele>
        <time>2025-07-09T13:39:22Z</time>
      </trkpt>
      <trkpt lat="48.041275" lon="22.615165">
        <ele>144</ele>
        <time>2025-07-09T13:39:23Z</time>
      </trkpt>
      <trkpt lat="48.04126167" lon="22.615025">
        <ele>143.5</ele>
        <time>2025-07-09T13:39:24Z</time>
      </trkpt>
      <trkpt lat="48.04123667" lon="22.61486833">
        <ele>143.2</ele>
        <time>2025-07-09T13:39:25Z</time>
      </trkpt>
      <trkpt lat="48.041205" lon="22.61470833">
        <ele>143.3</ele>
        <time>2025-07-09T13:39:26Z</time>
      </trkpt>
      <trkpt lat="48.04117333" lon="22.61455167">
        <ele>143.9</ele>
        <time>2025-07-09T13:39:27Z</time>
      </trkpt>
      <trkpt lat="48.04114833" lon="22.61440167">
        <ele>144</ele>
        <time>2025-07-09T13:39:28Z</time>
      </trkpt>
      <trkpt lat="48.04112" lon="22.61424833">
        <ele>144.3</ele>
        <time>2025-07-09T13:39:29Z</time>
      </trkpt>
      <trkpt lat="48.041095" lon="22.614095">
        <ele>144.5</ele>
        <time>2025-07-09T13:39:30Z</time>
      </trkpt>
      <trkpt lat="48.04106667" lon="22.61394833">
        <ele>145</ele>
        <time>2025-07-09T13:39:31Z</time>
      </trkpt>
      <trkpt lat="48.04104" lon="22.61379">
        <ele>145.1</ele>
        <time>2025-07-09T13:39:32Z</time>
      </trkpt>
      <trkpt lat="48.04101667" lon="22.61363">
        <ele>145.2</ele>
        <time>2025-07-09T13:39:33Z</time>
      </trkpt>
      <trkpt lat="48.040995" lon="22.61347833">
        <ele>146.3</ele>
        <time>2025-07-09T13:39:34Z</time>
      </trkpt>
      <trkpt lat="48.04097" lon="22.613325">
        <ele>146.8</ele>
        <time>2025-07-09T13:39:35Z</time>
      </trkpt>
      <trkpt lat="48.04094167" lon="22.61316">
        <ele>147.6</ele>
        <time>2025-07-09T13:39:36Z</time>
      </trkpt>
      <trkpt lat="48.04091833" lon="22.613005">
        <ele>148</ele>
        <time>2025-07-09T13:39:37Z</time>
      </trkpt>
      <trkpt lat="48.040895" lon="22.61284167">
        <ele>148.1</ele>
        <time>2025-07-09T13:39:38Z</time>
      </trkpt>
      <trkpt lat="48.04087" lon="22.612685">
        <ele>148.2</ele>
        <time>2025-07-09T13:39:39Z</time>
      </trkpt>
      <trkpt lat="48.04083667" lon="22.612525">
        <ele>148.4</ele>
        <time>2025-07-09T13:39:40Z</time>
      </trkpt>
      <trkpt lat="48.040795" lon="22.61237167">
        <ele>149.3</ele>
        <time>2025-07-09T13:39:41Z</time>
      </trkpt>
      <trkpt lat="48.040745" lon="22.61222333">
        <ele>149.9</ele>
        <time>2025-07-09T13:39:42Z</time>
      </trkpt>
      <trkpt lat="48.04068333" lon="22.61209167">
        <ele>150.7</ele>
        <time>2025-07-09T13:39:43Z</time>
      </trkpt>
      <trkpt lat="48.04061833" lon="22.61197167">
        <ele>151</ele>
        <time>2025-07-09T13:39:44Z</time>
      </trkpt>
      <trkpt lat="48.04055167" lon="22.61185667">
        <ele>151.5</ele>
        <time>2025-07-09T13:39:45Z</time>
      </trkpt>
      <trkpt lat="48.04049" lon="22.61173667">
        <ele>152.4</ele>
        <time>2025-07-09T13:39:46Z</time>
      </trkpt>
      <trkpt lat="48.04042833" lon="22.61163">
        <ele>152.3</ele>
        <time>2025-07-09T13:39:47Z</time>
      </trkpt>
      <trkpt lat="48.04036333" lon="22.61151">
        <ele>153</ele>
        <time>2025-07-09T13:39:48Z</time>
      </trkpt>
      <trkpt lat="48.04029667" lon="22.61138667">
        <ele>154.3</ele>
        <time>2025-07-09T13:39:49Z</time>
      </trkpt>
      <trkpt lat="48.040225" lon="22.61126333">
        <ele>155.1</ele>
        <time>2025-07-09T13:39:50Z</time>
      </trkpt>
      <trkpt lat="48.040165" lon="22.61115">
        <ele>156.8</ele>
        <time>2025-07-09T13:39:51Z</time>
      </trkpt>
      <trkpt lat="48.04010333" lon="22.611035">
        <ele>156.8</ele>
        <time>2025-07-09T13:39:52Z</time>
      </trkpt>
      <trkpt lat="48.04003667" lon="22.61092333">
        <ele>156.3</ele>
        <time>2025-07-09T13:39:53Z</time>
      </trkpt>
      <trkpt lat="48.03997" lon="22.61080667">
        <ele>156.3</ele>
        <time>2025-07-09T13:39:54Z</time>
      </trkpt>
      <trkpt lat="48.0399" lon="22.61067667">
        <ele>156.2</ele>
        <time>2025-07-09T13:39:55Z</time>
      </trkpt>
      <trkpt lat="48.03982833" lon="22.61055">
        <ele>156.5</ele>
        <time>2025-07-09T13:39:56Z</time>
      </trkpt>
      <trkpt lat="48.03976333" lon="22.61043667">
        <ele>157</ele>
        <time>2025-07-09T13:39:57Z</time>
      </trkpt>
      <trkpt lat="48.03969833" lon="22.61032167">
        <ele>157.6</ele>
        <time>2025-07-09T13:39:58Z</time>
      </trkpt>
      <trkpt lat="48.03963167" lon="22.6102">
        <ele>158.2</ele>
        <time>2025-07-09T13:39:59Z</time>
      </trkpt>
      <trkpt lat="48.03956" lon="22.610065">
        <ele>158.3</ele>
        <time>2025-07-09T13:40:00Z</time>
      </trkpt>
      <trkpt lat="48.039485" lon="22.60994333">
        <ele>158.4</ele>
        <time>2025-07-09T13:40:01Z</time>
      </trkpt>
      <trkpt lat="48.03941167" lon="22.609815">
        <ele>158.2</ele>
        <time>2025-07-09T13:40:02Z</time>
      </trkpt>
      <trkpt lat="48.03933833" lon="22.60968167">
        <ele>158.5</ele>
        <time>2025-07-09T13:40:03Z</time>
      </trkpt>
      <trkpt lat="48.03925833" lon="22.609555">
        <ele>159</ele>
        <time>2025-07-09T13:40:04Z</time>
      </trkpt>
      <trkpt lat="48.03918833" lon="22.60943167">
        <ele>159.7</ele>
        <time>2025-07-09T13:40:05Z</time>
      </trkpt>
      <trkpt lat="48.03911833" lon="22.60930833">
        <ele>159.8</ele>
        <time>2025-07-09T13:40:06Z</time>
      </trkpt>
      <trkpt lat="48.03905" lon="22.60919167">
        <ele>159.6</ele>
        <time>2025-07-09T13:40:07Z</time>
      </trkpt>
      <trkpt lat="48.03897667" lon="22.60907167">
        <ele>159.6</ele>
        <time>2025-07-09T13:40:08Z</time>
      </trkpt>
      <trkpt lat="48.03890333" lon="22.60895833">
        <ele>159.2</ele>
        <time>2025-07-09T13:40:09Z</time>
      </trkpt>
      <trkpt lat="48.03883667" lon="22.608855">
        <ele>158.3</ele>
        <time>2025-07-09T13:40:10Z</time>
      </trkpt>
      <trkpt lat="48.03876667" lon="22.60874">
        <ele>157.2</ele>
        <time>2025-07-09T13:40:11Z</time>
      </trkpt>
      <trkpt lat="48.0387" lon="22.60862833">
        <ele>156.2</ele>
        <time>2025-07-09T13:40:12Z</time>
      </trkpt>
      <trkpt lat="48.03862833" lon="22.60851167">
        <ele>154.5</ele>
        <time>2025-07-09T13:40:13Z</time>
      </trkpt>
      <trkpt lat="48.03855833" lon="22.608395">
        <ele>154</ele>
        <time>2025-07-09T13:40:14Z</time>
      </trkpt>
      <trkpt lat="48.03847667" lon="22.60827">
        <ele>155.7</ele>
        <time>2025-07-09T13:40:15Z</time>
      </trkpt>
      <trkpt lat="48.03840833" lon="22.60814833">
        <ele>158.4</ele>
        <time>2025-07-09T13:40:16Z</time>
      </trkpt>
      <trkpt lat="48.03834" lon="22.60801667">
        <ele>161.9</ele>
        <time>2025-07-09T13:40:17Z</time>
      </trkpt>
      <trkpt lat="48.038275" lon="22.60789667">
        <ele>165.1</ele>
        <time>2025-07-09T13:40:18Z</time>
      </trkpt>
      <trkpt lat="48.03820167" lon="22.607785">
        <ele>168.6</ele>
        <time>2025-07-09T13:40:19Z</time>
      </trkpt>
      <trkpt lat="48.03813333" lon="22.60766833">
        <ele>170.4</ele>
        <time>2025-07-09T13:40:20Z</time>
      </trkpt>
      <trkpt lat="48.03807" lon="22.607535">
        <ele>169.1</ele>
        <time>2025-07-09T13:40:21Z</time>
      </trkpt>
      <trkpt lat="48.03800667" lon="22.60741333">
        <ele>167.6</ele>
        <time>2025-07-09T13:40:22Z</time>
      </trkpt>
      <trkpt lat="48.03793667" lon="22.607305">
        <ele>165.5</ele>
        <time>2025-07-09T13:40:23Z</time>
      </trkpt>
      <trkpt lat="48.037875" lon="22.60718333">
        <ele>163.4</ele>
        <time>2025-07-09T13:40:24Z</time>
      </trkpt>
      <trkpt lat="48.03781333" lon="22.60705833">
        <ele>161.9</ele>
        <time>2025-07-09T13:40:25Z</time>
      </trkpt>
      <trkpt lat="48.03775" lon="22.60693333">
        <ele>159.8</ele>
        <time>2025-07-09T13:40:26Z</time>
      </trkpt>
      <trkpt lat="48.03767833" lon="22.60681333">
        <ele>156.7</ele>
        <time>2025-07-09T13:40:27Z</time>
      </trkpt>
      <trkpt lat="48.037615" lon="22.60669667">
        <ele>155.8</ele>
        <time>2025-07-09T13:40:28Z</time>
      </trkpt>
      <trkpt lat="48.03755" lon="22.60658667">
        <ele>155</ele>
        <time>2025-07-09T13:40:29Z</time>
      </trkpt>
      <trkpt lat="48.037485" lon="22.60646333">
        <ele>154.4</ele>
        <time>2025-07-09T13:40:30Z</time>
      </trkpt>
      <trkpt lat="48.03742" lon="22.60634833">
        <ele>153.6</ele>
        <time>2025-07-09T13:40:31Z</time>
      </trkpt>
      <trkpt lat="48.03735667" lon="22.60623167">
        <ele>152.7</ele>
        <time>2025-07-09T13:40:32Z</time>
      </trkpt>
      <trkpt lat="48.03729" lon="22.60611333">
        <ele>152.6</ele>
        <time>2025-07-09T13:40:33Z</time>
      </trkpt>
      <trkpt lat="48.03723167" lon="22.60597">
        <ele>152.7</ele>
        <time>2025-07-09T13:40:34Z</time>
      </trkpt>
      <trkpt lat="48.03715833" lon="22.60584167">
        <ele>153.8</ele>
        <time>2025-07-09T13:40:35Z</time>
      </trkpt>
      <trkpt lat="48.03709333" lon="22.605715">
        <ele>154.7</ele>
        <time>2025-07-09T13:40:36Z</time>
      </trkpt>
      <trkpt lat="48.03702167" lon="22.60558333">
        <ele>154.3</ele>
        <time>2025-07-09T13:40:37Z</time>
      </trkpt>
      <trkpt lat="48.03694333" lon="22.60546">
        <ele>154.7</ele>
        <time>2025-07-09T13:40:38Z</time>
      </trkpt>
      <trkpt lat="48.03688" lon="22.60533833">
        <ele>154.5</ele>
        <time>2025-07-09T13:40:39Z</time>
      </trkpt>
      <trkpt lat="48.03680667" lon="22.60522">
        <ele>153.8</ele>
        <time>2025-07-09T13:40:40Z</time>
      </trkpt>
      <trkpt lat="48.03674333" lon="22.6051">
        <ele>152.2</ele>
        <time>2025-07-09T13:40:41Z</time>
      </trkpt>
      <trkpt lat="48.03666833" lon="22.60497333">
        <ele>151.8</ele>
        <time>2025-07-09T13:40:42Z</time>
      </trkpt>
      <trkpt lat="48.03660167" lon="22.60485">
        <ele>151.4</ele>
        <time>2025-07-09T13:40:43Z</time>
      </trkpt>
      <trkpt lat="48.036535" lon="22.604735">
        <ele>150.8</ele>
        <time>2025-07-09T13:40:44Z</time>
      </trkpt>
      <trkpt lat="48.03646833" lon="22.60463">
        <ele>150.8</ele>
        <time>2025-07-09T13:40:45Z</time>
      </trkpt>
      <trkpt lat="48.03640333" lon="22.60452">
        <ele>150.8</ele>
        <time>2025-07-09T13:40:46Z</time>
      </trkpt>
      <trkpt lat="48.03634167" lon="22.60441833">
        <ele>150.6</ele>
        <time>2025-07-09T13:40:47Z</time>
      </trkpt>
      <trkpt lat="48.03627833" lon="22.60430667">
        <ele>150</ele>
        <time>2025-07-09T13:40:48Z</time>
      </trkpt>
      <trkpt lat="48.03621167" lon="22.60419667">
        <ele>149.9</ele>
        <time>2025-07-09T13:40:49Z</time>
      </trkpt>
      <trkpt lat="48.03614" lon="22.60408">
        <ele>149.6</ele>
        <time>2025-07-09T13:40:50Z</time>
      </trkpt>
      <trkpt lat="48.036065" lon="22.60396167">
        <ele>149.1</ele>
        <time>2025-07-09T13:40:51Z</time>
      </trkpt>
      <trkpt lat="48.03599333" lon="22.60384">
        <ele>150.1</ele>
        <time>2025-07-09T13:40:52Z</time>
      </trkpt>
      <trkpt lat="48.03592667" lon="22.603725">
        <ele>151.3</ele>
        <time>2025-07-09T13:40:53Z</time>
      </trkpt>
      <trkpt lat="48.03586333" lon="22.60362167">
        <ele>151.9</ele>
        <time>2025-07-09T13:40:54Z</time>
      </trkpt>
      <trkpt lat="48.0358" lon="22.60352167">
        <ele>153.5</ele>
        <time>2025-07-09T13:40:55Z</time>
      </trkpt>
      <trkpt lat="48.03568333" lon="22.603315">
        <ele>157.1</ele>
        <time>2025-07-09T13:40:57Z</time>
      </trkpt>
      <trkpt lat="48.03562667" lon="22.60321">
        <ele>158</ele>
        <time>2025-07-09T13:40:58Z</time>
      </trkpt>
      <trkpt lat="48.03557" lon="22.60310333">
        <ele>158.1</ele>
        <time>2025-07-09T13:40:59Z</time>
      </trkpt>
      <trkpt lat="48.03544667" lon="22.60288167">
        <ele>159.2</ele>
        <time>2025-07-09T13:41:01Z</time>
      </trkpt>
      <trkpt lat="48.03538333" lon="22.60276333">
        <ele>159.4</ele>
        <time>2025-07-09T13:41:02Z</time>
      </trkpt>
      <trkpt lat="48.03532" lon="22.60264333">
        <ele>158.8</ele>
        <time>2025-07-09T13:41:03Z</time>
      </trkpt>
      <trkpt lat="48.03525333" lon="22.602525">
        <ele>159.1</ele>
        <time>2025-07-09T13:41:04Z</time>
      </trkpt>
      <trkpt lat="48.03519" lon="22.60240333">
        <ele>158.6</ele>
        <time>2025-07-09T13:41:05Z</time>
      </trkpt>
      <trkpt lat="48.03513167" lon="22.60229167">
        <ele>158</ele>
        <time>2025-07-09T13:41:06Z</time>
      </trkpt>
      <trkpt lat="48.035065" lon="22.60217">
        <ele>157.7</ele>
        <time>2025-07-09T13:41:07Z</time>
      </trkpt>
      <trkpt lat="48.03500333" lon="22.60205167">
        <ele>157.1</ele>
        <time>2025-07-09T13:41:08Z</time>
      </trkpt>
      <trkpt lat="48.03494667" lon="22.60194">
        <ele>156.3</ele>
        <time>2025-07-09T13:41:09Z</time>
      </trkpt>
      <trkpt lat="48.034885" lon="22.60182667">
        <ele>155.7</ele>
        <time>2025-07-09T13:41:10Z</time>
      </trkpt>
      <trkpt lat="48.03482333" lon="22.60171">
        <ele>155.8</ele>
        <time>2025-07-09T13:41:11Z</time>
      </trkpt>
      <trkpt lat="48.03475833" lon="22.60159833">
        <ele>155.1</ele>
        <time>2025-07-09T13:41:12Z</time>
      </trkpt>
      <trkpt lat="48.03469667" lon="22.60149333">
        <ele>154.9</ele>
        <time>2025-07-09T13:41:13Z</time>
      </trkpt>
      <trkpt lat="48.03463833" lon="22.60139">
        <ele>154.7</ele>
        <time>2025-07-09T13:41:14Z</time>
      </trkpt>
      <trkpt lat="48.03457333" lon="22.601275">
        <ele>154.6</ele>
        <time>2025-07-09T13:41:15Z</time>
      </trkpt>
      <trkpt lat="48.03450667" lon="22.60117">
        <ele>154.5</ele>
        <time>2025-07-09T13:41:16Z</time>
      </trkpt>
      <trkpt lat="48.03438667" lon="22.600975">
        <ele>154.6</ele>
        <time>2025-07-09T13:41:18Z</time>
      </trkpt>
      <trkpt lat="48.03432167" lon="22.60086">
        <ele>154.5</ele>
        <time>2025-07-09T13:41:19Z</time>
      </trkpt>
      <trkpt lat="48.034255" lon="22.60074667">
        <ele>154.5</ele>
        <time>2025-07-09T13:41:20Z</time>
      </trkpt>
      <trkpt lat="48.03418833" lon="22.60063333">
        <ele>154.5</ele>
        <time>2025-07-09T13:41:21Z</time>
      </trkpt>
      <trkpt lat="48.03412333" lon="22.60052167">
        <ele>154.3</ele>
        <time>2025-07-09T13:41:22Z</time>
      </trkpt>
      <trkpt lat="48.034055" lon="22.600405">
        <ele>153.8</ele>
        <time>2025-07-09T13:41:23Z</time>
      </trkpt>
      <trkpt lat="48.033985" lon="22.60030167">
        <ele>154.3</ele>
        <time>2025-07-09T13:41:24Z</time>
      </trkpt>
      <trkpt lat="48.03392" lon="22.60019333">
        <ele>154.2</ele>
        <time>2025-07-09T13:41:25Z</time>
      </trkpt>
      <trkpt lat="48.03385333" lon="22.60007667">
        <ele>154.1</ele>
        <time>2025-07-09T13:41:26Z</time>
      </trkpt>
      <trkpt lat="48.033785" lon="22.59996">
        <ele>154</ele>
        <time>2025-07-09T13:41:27Z</time>
      </trkpt>
      <trkpt lat="48.03371833" lon="22.59984667">
        <ele>153.8</ele>
        <time>2025-07-09T13:41:28Z</time>
      </trkpt>
      <trkpt lat="48.03363833" lon="22.59970333">
        <ele>152.6</ele>
        <time>2025-07-09T13:41:29Z</time>
      </trkpt>
      <trkpt lat="48.03356" lon="22.59956333">
        <ele>151.3</ele>
        <time>2025-07-09T13:41:30Z</time>
      </trkpt>
      <trkpt lat="48.03347333" lon="22.59941">
        <ele>150.5</ele>
        <time>2025-07-09T13:41:31Z</time>
      </trkpt>
      <trkpt lat="48.03341" lon="22.59929">
        <ele>150.4</ele>
        <time>2025-07-09T13:41:32Z</time>
      </trkpt>
      <trkpt lat="48.033335" lon="22.59915333">
        <ele>149.6</ele>
        <time>2025-07-09T13:41:33Z</time>
      </trkpt>
      <trkpt lat="48.03324667" lon="22.599">
        <ele>148.5</ele>
        <time>2025-07-09T13:41:34Z</time>
      </trkpt>
      <trkpt lat="48.03315333" lon="22.59884167">
        <ele>147.6</ele>
        <time>2025-07-09T13:41:35Z</time>
      </trkpt>
      <trkpt lat="48.03307333" lon="22.59867167">
        <ele>146.9</ele>
        <time>2025-07-09T13:41:36Z</time>
      </trkpt>
      <trkpt lat="48.032985" lon="22.598515">
        <ele>145.9</ele>
        <time>2025-07-09T13:41:37Z</time>
      </trkpt>
      <trkpt lat="48.03289333" lon="22.59836833">
        <ele>144.8</ele>
        <time>2025-07-09T13:41:38Z</time>
      </trkpt>
      <trkpt lat="48.03282167" lon="22.59822667">
        <ele>145.4</ele>
        <time>2025-07-09T13:41:39Z</time>
      </trkpt>
      <trkpt lat="48.03273167" lon="22.59809667">
        <ele>144.6</ele>
        <time>2025-07-09T13:41:40Z</time>
      </trkpt>
      <trkpt lat="48.03266333" lon="22.59798167">
        <ele>144.6</ele>
        <time>2025-07-09T13:41:41Z</time>
      </trkpt>
      <trkpt lat="48.03259333" lon="22.59787333">
        <ele>144.8</ele>
        <time>2025-07-09T13:41:42Z</time>
      </trkpt>
      <trkpt lat="48.03252833" lon="22.59776333">
        <ele>144.8</ele>
        <time>2025-07-09T13:41:43Z</time>
      </trkpt>
      <trkpt lat="48.03245333" lon="22.59763833">
        <ele>145.4</ele>
        <time>2025-07-09T13:41:44Z</time>
      </trkpt>
      <trkpt lat="48.03237667" lon="22.597515">
        <ele>146.1</ele>
        <time>2025-07-09T13:41:45Z</time>
      </trkpt>
      <trkpt lat="48.03230667" lon="22.59738167">
        <ele>147</ele>
        <time>2025-07-09T13:41:46Z</time>
      </trkpt>
      <trkpt lat="48.032235" lon="22.59724667">
        <ele>148.3</ele>
        <time>2025-07-09T13:41:47Z</time>
      </trkpt>
      <trkpt lat="48.032165" lon="22.59712167">
        <ele>149.4</ele>
        <time>2025-07-09T13:41:48Z</time>
      </trkpt>
      <trkpt lat="48.03209333" lon="22.59699167">
        <ele>149.7</ele>
        <time>2025-07-09T13:41:49Z</time>
      </trkpt>
      <trkpt lat="48.03201833" lon="22.59686">
        <ele>150.6</ele>
        <time>2025-07-09T13:41:50Z</time>
      </trkpt>
      <trkpt lat="48.03195333" lon="22.59673667">
        <ele>150.9</ele>
        <time>2025-07-09T13:41:51Z</time>
      </trkpt>
      <trkpt lat="48.03189333" lon="22.59661">
        <ele>150.9</ele>
        <time>2025-07-09T13:41:52Z</time>
      </trkpt>
      <trkpt lat="48.03182667" lon="22.59648833">
        <ele>150.9</ele>
        <time>2025-07-09T13:41:53Z</time>
      </trkpt>
      <trkpt lat="48.03175333" lon="22.59636">
        <ele>150.5</ele>
        <time>2025-07-09T13:41:54Z</time>
      </trkpt>
      <trkpt lat="48.03168" lon="22.59624167">
        <ele>151</ele>
        <time>2025-07-09T13:41:55Z</time>
      </trkpt>
      <trkpt lat="48.031605" lon="22.59611833">
        <ele>151.2</ele>
        <time>2025-07-09T13:41:56Z</time>
      </trkpt>
      <trkpt lat="48.03153833" lon="22.595995">
        <ele>151.7</ele>
        <time>2025-07-09T13:41:57Z</time>
      </trkpt>
      <trkpt lat="48.03146833" lon="22.59586833">
        <ele>151.6</ele>
        <time>2025-07-09T13:41:58Z</time>
      </trkpt>
      <trkpt lat="48.03141333" lon="22.59575667">
        <ele>151</ele>
        <time>2025-07-09T13:41:59Z</time>
      </trkpt>
      <trkpt lat="48.031345" lon="22.59564167">
        <ele>150.3</ele>
        <time>2025-07-09T13:42:00Z</time>
      </trkpt>
      <trkpt lat="48.03128667" lon="22.59553">
        <ele>150</ele>
        <time>2025-07-09T13:42:01Z</time>
      </trkpt>
      <trkpt lat="48.03122333" lon="22.59542">
        <ele>149.4</ele>
        <time>2025-07-09T13:42:02Z</time>
      </trkpt>
      <trkpt lat="48.031165" lon="22.59531">
        <ele>149.6</ele>
        <time>2025-07-09T13:42:03Z</time>
      </trkpt>
      <trkpt lat="48.031105" lon="22.59520167">
        <ele>149.7</ele>
        <time>2025-07-09T13:42:04Z</time>
      </trkpt>
      <trkpt lat="48.031045" lon="22.59509667">
        <ele>149.4</ele>
        <time>2025-07-09T13:42:05Z</time>
      </trkpt>
      <trkpt lat="48.030925" lon="22.59488667">
        <ele>149.6</ele>
        <time>2025-07-09T13:42:07Z</time>
      </trkpt>
      <trkpt lat="48.03081833" lon="22.59470167">
        <ele>150.1</ele>
        <time>2025-07-09T13:42:09Z</time>
      </trkpt>
      <trkpt lat="48.030705" lon="22.59451333">
        <ele>149.7</ele>
        <time>2025-07-09T13:42:11Z</time>
      </trkpt>
      <trkpt lat="48.03060333" lon="22.594335">
        <ele>150.1</ele>
        <time>2025-07-09T13:42:13Z</time>
      </trkpt>
      <trkpt lat="48.03050667" lon="22.59417">
        <ele>149.4</ele>
        <time>2025-07-09T13:42:15Z</time>
      </trkpt>
      <trkpt lat="48.030425" lon="22.59403667">
        <ele>149.4</ele>
        <time>2025-07-09T13:42:17Z</time>
      </trkpt>
      <trkpt lat="48.03035167" lon="22.5939">
        <ele>148.8</ele>
        <time>2025-07-09T13:42:20Z</time>
      </trkpt>
      <trkpt lat="48.03030833" lon="22.59376833">
        <ele>149</ele>
        <time>2025-07-09T13:42:43Z</time>
      </trkpt>
      <trkpt lat="48.03023833" lon="22.593655">
        <ele>148.5</ele>
        <time>2025-07-09T13:42:45Z</time>
      </trkpt>
      <trkpt lat="48.03016333" lon="22.59352167">
        <ele>148.3</ele>
        <time>2025-07-09T13:42:47Z</time>
      </trkpt>
      <trkpt lat="48.030075" lon="22.59338167">
        <ele>148.6</ele>
        <time>2025-07-09T13:42:49Z</time>
      </trkpt>
      <trkpt lat="48.02998167" lon="22.593215">
        <ele>149.4</ele>
        <time>2025-07-09T13:42:51Z</time>
      </trkpt>
      <trkpt lat="48.02988" lon="22.59301667">
        <ele>148.9</ele>
        <time>2025-07-09T13:42:53Z</time>
      </trkpt>
      <trkpt lat="48.02980333" lon="22.59276667">
        <ele>147.3</ele>
        <time>2025-07-09T13:42:55Z</time>
      </trkpt>
      <trkpt lat="48.02978" lon="22.59262667">
        <ele>148.3</ele>
        <time>2025-07-09T13:42:56Z</time>
      </trkpt>
      <trkpt lat="48.029765" lon="22.59248167">
        <ele>148.8</ele>
        <time>2025-07-09T13:42:57Z</time>
      </trkpt>
      <trkpt lat="48.02975167" lon="22.59232833">
        <ele>149.6</ele>
        <time>2025-07-09T13:42:58Z</time>
      </trkpt>
      <trkpt lat="48.02975" lon="22.592175">
        <ele>149.5</ele>
        <time>2025-07-09T13:42:59Z</time>
      </trkpt>
      <trkpt lat="48.02974167" lon="22.59201667">
        <ele>148.9</ele>
        <time>2025-07-09T13:43:00Z</time>
      </trkpt>
      <trkpt lat="48.02972833" lon="22.59185833">
        <ele>148.7</ele>
        <time>2025-07-09T13:43:01Z</time>
      </trkpt>
      <trkpt lat="48.02971833" lon="22.59170667">
        <ele>148.5</ele>
        <time>2025-07-09T13:43:02Z</time>
      </trkpt>
      <trkpt lat="48.02970667" lon="22.59154667">
        <ele>148.5</ele>
        <time>2025-07-09T13:43:03Z</time>
      </trkpt>
      <trkpt lat="48.02969833" lon="22.59139167">
        <ele>149.1</ele>
        <time>2025-07-09T13:43:04Z</time>
      </trkpt>
      <trkpt lat="48.02968833" lon="22.59124333">
        <ele>149.4</ele>
        <time>2025-07-09T13:43:05Z</time>
      </trkpt>
      <trkpt lat="48.02968" lon="22.59109833">
        <ele>149.8</ele>
        <time>2025-07-09T13:43:06Z</time>
      </trkpt>
      <trkpt lat="48.02966667" lon="22.59096167">
        <ele>149.6</ele>
        <time>2025-07-09T13:43:07Z</time>
      </trkpt>
      <trkpt lat="48.02965833" lon="22.59081667">
        <ele>149.9</ele>
        <time>2025-07-09T13:43:08Z</time>
      </trkpt>
      <trkpt lat="48.02965" lon="22.590665">
        <ele>149.5</ele>
        <time>2025-07-09T13:43:09Z</time>
      </trkpt>
      <trkpt lat="48.02963833" lon="22.59050833">
        <ele>149.8</ele>
        <time>2025-07-09T13:43:10Z</time>
      </trkpt>
      <trkpt lat="48.02962833" lon="22.59035167">
        <ele>149.9</ele>
        <time>2025-07-09T13:43:11Z</time>
      </trkpt>
      <trkpt lat="48.02961167" lon="22.59020167">
        <ele>149.9</ele>
        <time>2025-07-09T13:43:12Z</time>
      </trkpt>
      <trkpt lat="48.02960333" lon="22.59005167">
        <ele>149</ele>
        <time>2025-07-09T13:43:13Z</time>
      </trkpt>
      <trkpt lat="48.029595" lon="22.58989667">
        <ele>149.1</ele>
        <time>2025-07-09T13:43:14Z</time>
      </trkpt>
      <trkpt lat="48.02957833" lon="22.58974167">
        <ele>149.5</ele>
        <time>2025-07-09T13:43:15Z</time>
      </trkpt>
      <trkpt lat="48.02956667" lon="22.589585">
        <ele>148.7</ele>
        <time>2025-07-09T13:43:16Z</time>
      </trkpt>
      <trkpt lat="48.02954667" lon="22.58943">
        <ele>149.8</ele>
        <time>2025-07-09T13:43:17Z</time>
      </trkpt>
      <trkpt lat="48.02954167" lon="22.58927833">
        <ele>148.4</ele>
        <time>2025-07-09T13:43:18Z</time>
      </trkpt>
      <trkpt lat="48.02953" lon="22.58912833">
        <ele>147.7</ele>
        <time>2025-07-09T13:43:19Z</time>
      </trkpt>
      <trkpt lat="48.02952" lon="22.58898833">
        <ele>147</ele>
        <time>2025-07-09T13:43:20Z</time>
      </trkpt>
      <trkpt lat="48.02951167" lon="22.58884833">
        <ele>146.7</ele>
        <time>2025-07-09T13:43:21Z</time>
      </trkpt>
      <trkpt lat="48.02948333" lon="22.588585">
        <ele>147.6</ele>
        <time>2025-07-09T13:43:23Z</time>
      </trkpt>
      <trkpt lat="48.02946333" lon="22.58845">
        <ele>148.1</ele>
        <time>2025-07-09T13:43:24Z</time>
      </trkpt>
      <trkpt lat="48.02943333" lon="22.58831167">
        <ele>149.2</ele>
        <time>2025-07-09T13:43:25Z</time>
      </trkpt>
      <trkpt lat="48.029395" lon="22.588175">
        <ele>149.4</ele>
        <time>2025-07-09T13:43:26Z</time>
      </trkpt>
      <trkpt lat="48.02936333" lon="22.58803333">
        <ele>150</ele>
        <time>2025-07-09T13:43:27Z</time>
      </trkpt>
      <trkpt lat="48.02932667" lon="22.587895">
        <ele>151.5</ele>
        <time>2025-07-09T13:43:28Z</time>
      </trkpt>
      <trkpt lat="48.02927667" lon="22.58775333">
        <ele>152.4</ele>
        <time>2025-07-09T13:43:29Z</time>
      </trkpt>
      <trkpt lat="48.02922833" lon="22.58762667">
        <ele>153.1</ele>
        <time>2025-07-09T13:43:30Z</time>
      </trkpt>
      <trkpt lat="48.02918167" lon="22.58750667">
        <ele>152.9</ele>
        <time>2025-07-09T13:43:31Z</time>
      </trkpt>
      <trkpt lat="48.02913833" lon="22.58738833">
        <ele>152.5</ele>
        <time>2025-07-09T13:43:32Z</time>
      </trkpt>
      <trkpt lat="48.02909333" lon="22.58726833">
        <ele>151.5</ele>
        <time>2025-07-09T13:43:33Z</time>
      </trkpt>
      <trkpt lat="48.02903833" lon="22.58713333">
        <ele>151.1</ele>
        <time>2025-07-09T13:43:34Z</time>
      </trkpt>
      <trkpt lat="48.02899167" lon="22.58700333">
        <ele>151.4</ele>
        <time>2025-07-09T13:43:35Z</time>
      </trkpt>
      <trkpt lat="48.02894667" lon="22.58687333">
        <ele>151.2</ele>
        <time>2025-07-09T13:43:36Z</time>
      </trkpt>
      <trkpt lat="48.02885333" lon="22.586635">
        <ele>151.3</ele>
        <time>2025-07-09T13:43:38Z</time>
      </trkpt>
      <trkpt lat="48.02879333" lon="22.58653">
        <ele>151.8</ele>
        <time>2025-07-09T13:43:39Z</time>
      </trkpt>
      <trkpt lat="48.02872333" lon="22.58644333">
        <ele>153.3</ele>
        <time>2025-07-09T13:43:40Z</time>
      </trkpt>
      <trkpt lat="48.02863833" lon="22.58636833">
        <ele>153.6</ele>
        <time>2025-07-09T13:43:41Z</time>
      </trkpt>
      <trkpt lat="48.02853833" lon="22.58631833">
        <ele>154.4</ele>
        <time>2025-07-09T13:43:42Z</time>
      </trkpt>
      <trkpt lat="48.02844333" lon="22.58629167">
        <ele>154</ele>
        <time>2025-07-09T13:43:43Z</time>
      </trkpt>
      <trkpt lat="48.028335" lon="22.58628833">
        <ele>153.4</ele>
        <time>2025-07-09T13:43:44Z</time>
      </trkpt>
      <trkpt lat="48.02822667" lon="22.58628667">
        <ele>153.1</ele>
        <time>2025-07-09T13:43:45Z</time>
      </trkpt>
      <trkpt lat="48.02812167" lon="22.58628">
        <ele>152.6</ele>
        <time>2025-07-09T13:43:46Z</time>
      </trkpt>
      <trkpt lat="48.02801833" lon="22.58625167">
        <ele>153</ele>
        <time>2025-07-09T13:43:47Z</time>
      </trkpt>
      <trkpt lat="48.02791333" lon="22.58622167">
        <ele>153.5</ele>
        <time>2025-07-09T13:43:48Z</time>
      </trkpt>
      <trkpt lat="48.02780667" lon="22.58618">
        <ele>153.8</ele>
        <time>2025-07-09T13:43:49Z</time>
      </trkpt>
      <trkpt lat="48.02769833" lon="22.58612667">
        <ele>154.2</ele>
        <time>2025-07-09T13:43:50Z</time>
      </trkpt>
      <trkpt lat="48.02759667" lon="22.586075">
        <ele>153.9</ele>
        <time>2025-07-09T13:43:51Z</time>
      </trkpt>
      <trkpt lat="48.02749667" lon="22.58601833">
        <ele>153.1</ele>
        <time>2025-07-09T13:43:52Z</time>
      </trkpt>
      <trkpt lat="48.02739" lon="22.58596667">
        <ele>152.8</ele>
        <time>2025-07-09T13:43:53Z</time>
      </trkpt>
      <trkpt lat="48.027285" lon="22.585915">
        <ele>152.5</ele>
        <time>2025-07-09T13:43:54Z</time>
      </trkpt>
      <trkpt lat="48.027175" lon="22.585865">
        <ele>152.8</ele>
        <time>2025-07-09T13:43:55Z</time>
      </trkpt>
      <trkpt lat="48.02707667" lon="22.585805">
        <ele>152.8</ele>
        <time>2025-07-09T13:43:56Z</time>
      </trkpt>
      <trkpt lat="48.02698" lon="22.585745">
        <ele>152</ele>
        <time>2025-07-09T13:43:57Z</time>
      </trkpt>
      <trkpt lat="48.02688667" lon="22.58569333">
        <ele>152</ele>
        <time>2025-07-09T13:43:58Z</time>
      </trkpt>
      <trkpt lat="48.02679" lon="22.58564333">
        <ele>152</ele>
        <time>2025-07-09T13:43:59Z</time>
      </trkpt>
      <trkpt lat="48.02669" lon="22.58559">
        <ele>151.4</ele>
        <time>2025-07-09T13:44:00Z</time>
      </trkpt>
      <trkpt lat="48.02659833" lon="22.58554">
        <ele>151.1</ele>
        <time>2025-07-09T13:44:01Z</time>
      </trkpt>
      <trkpt lat="48.026505" lon="22.58548667">
        <ele>151.8</ele>
        <time>2025-07-09T13:44:02Z</time>
      </trkpt>
      <trkpt lat="48.02641667" lon="22.58542833">
        <ele>151.4</ele>
        <time>2025-07-09T13:44:03Z</time>
      </trkpt>
      <trkpt lat="48.02633" lon="22.58537333">
        <ele>151.5</ele>
        <time>2025-07-09T13:44:04Z</time>
      </trkpt>
      <trkpt lat="48.026245" lon="22.58531833">
        <ele>151.6</ele>
        <time>2025-07-09T13:44:05Z</time>
      </trkpt>
      <trkpt lat="48.026075" lon="22.58521667">
        <ele>152.8</ele>
        <time>2025-07-09T13:44:07Z</time>
      </trkpt>
      <trkpt lat="48.02592167" lon="22.585115">
        <ele>153</ele>
        <time>2025-07-09T13:44:09Z</time>
      </trkpt>
      <trkpt lat="48.02578333" lon="22.58504167">
        <ele>152.9</ele>
        <time>2025-07-09T13:44:11Z</time>
      </trkpt>
      <trkpt lat="48.02566667" lon="22.58497833">
        <ele>152.9</ele>
        <time>2025-07-09T13:44:13Z</time>
      </trkpt>
      <trkpt lat="48.02555167" lon="22.58492333">
        <ele>154.5</ele>
        <time>2025-07-09T13:44:16Z</time>
      </trkpt>
      <trkpt lat="48.02543833" lon="22.58484833">
        <ele>153.1</ele>
        <time>2025-07-09T13:44:51Z</time>
      </trkpt>
      <trkpt lat="48.02534333" lon="22.58480667">
        <ele>153.3</ele>
        <time>2025-07-09T13:44:53Z</time>
      </trkpt>
      <trkpt lat="48.02523667" lon="22.58474333">
        <ele>153.8</ele>
        <time>2025-07-09T13:44:55Z</time>
      </trkpt>
      <trkpt lat="48.02510667" lon="22.584665">
        <ele>154.3</ele>
        <time>2025-07-09T13:44:57Z</time>
      </trkpt>
      <trkpt lat="48.024955" lon="22.58458667">
        <ele>154.3</ele>
        <time>2025-07-09T13:44:59Z</time>
      </trkpt>
      <trkpt lat="48.02478" lon="22.58448333">
        <ele>154.1</ele>
        <time>2025-07-09T13:45:01Z</time>
      </trkpt>
      <trkpt lat="48.02468833" lon="22.58443">
        <ele>154.4</ele>
        <time>2025-07-09T13:45:02Z</time>
      </trkpt>
      <trkpt lat="48.02459667" lon="22.58438">
        <ele>154.9</ele>
        <time>2025-07-09T13:45:03Z</time>
      </trkpt>
      <trkpt lat="48.02450333" lon="22.58433167">
        <ele>155.5</ele>
        <time>2025-07-09T13:45:04Z</time>
      </trkpt>
      <trkpt lat="48.02441333" lon="22.58427167">
        <ele>154.6</ele>
        <time>2025-07-09T13:45:05Z</time>
      </trkpt>
      <trkpt lat="48.02431833" lon="22.58422167">
        <ele>154.5</ele>
        <time>2025-07-09T13:45:06Z</time>
      </trkpt>
      <trkpt lat="48.024225" lon="22.58417">
        <ele>154.9</ele>
        <time>2025-07-09T13:45:07Z</time>
      </trkpt>
      <trkpt lat="48.02412833" lon="22.584115">
        <ele>155.3</ele>
        <time>2025-07-09T13:45:08Z</time>
      </trkpt>
      <trkpt lat="48.02402833" lon="22.58405333">
        <ele>156.1</ele>
        <time>2025-07-09T13:45:09Z</time>
      </trkpt>
      <trkpt lat="48.02392" lon="22.58398667">
        <ele>155.9</ele>
        <time>2025-07-09T13:45:10Z</time>
      </trkpt>
      <trkpt lat="48.02381" lon="22.58391833">
        <ele>156.2</ele>
        <time>2025-07-09T13:45:11Z</time>
      </trkpt>
      <trkpt lat="48.023695" lon="22.583845">
        <ele>156.2</ele>
        <time>2025-07-09T13:45:12Z</time>
      </trkpt>
      <trkpt lat="48.023575" lon="22.58377333">
        <ele>158.1</ele>
        <time>2025-07-09T13:45:13Z</time>
      </trkpt>
      <trkpt lat="48.02344833" lon="22.5837">
        <ele>159.4</ele>
        <time>2025-07-09T13:45:14Z</time>
      </trkpt>
      <trkpt lat="48.023325" lon="22.58362833">
        <ele>159.7</ele>
        <time>2025-07-09T13:45:15Z</time>
      </trkpt>
      <trkpt lat="48.02320333" lon="22.58355667">
        <ele>160.8</ele>
        <time>2025-07-09T13:45:16Z</time>
      </trkpt>
      <trkpt lat="48.02308333" lon="22.58349167">
        <ele>161.1</ele>
        <time>2025-07-09T13:45:17Z</time>
      </trkpt>
      <trkpt lat="48.02297" lon="22.58341167">
        <ele>161</ele>
        <time>2025-07-09T13:45:18Z</time>
      </trkpt>
      <trkpt lat="48.02285833" lon="22.583335">
        <ele>162.6</ele>
        <time>2025-07-09T13:45:19Z</time>
      </trkpt>
      <trkpt lat="48.02274167" lon="22.58326333">
        <ele>162.5</ele>
        <time>2025-07-09T13:45:20Z</time>
      </trkpt>
      <trkpt lat="48.02263" lon="22.58318667">
        <ele>161.9</ele>
        <time>2025-07-09T13:45:21Z</time>
      </trkpt>
      <trkpt lat="48.02252167" lon="22.58312333">
        <ele>161.8</ele>
        <time>2025-07-09T13:45:22Z</time>
      </trkpt>
      <trkpt lat="48.02240667" lon="22.58305833">
        <ele>161.2</ele>
        <time>2025-07-09T13:45:23Z</time>
      </trkpt>
      <trkpt lat="48.022285" lon="22.58299333">
        <ele>162.2</ele>
        <time>2025-07-09T13:45:24Z</time>
      </trkpt>
      <trkpt lat="48.022165" lon="22.58293">
        <ele>161.5</ele>
        <time>2025-07-09T13:45:25Z</time>
      </trkpt>
      <trkpt lat="48.02205167" lon="22.58285833">
        <ele>158.3</ele>
        <time>2025-07-09T13:45:26Z</time>
      </trkpt>
      <trkpt lat="48.02193667" lon="22.58279333">
        <ele>156.9</ele>
        <time>2025-07-09T13:45:27Z</time>
      </trkpt>
      <trkpt lat="48.02182333" lon="22.58272833">
        <ele>155.6</ele>
        <time>2025-07-09T13:45:28Z</time>
      </trkpt>
      <trkpt lat="48.02171333" lon="22.58266167">
        <ele>155.4</ele>
        <time>2025-07-09T13:45:29Z</time>
      </trkpt>
      <trkpt lat="48.021605" lon="22.58259333">
        <ele>155.7</ele>
        <time>2025-07-09T13:45:30Z</time>
      </trkpt>
      <trkpt lat="48.0215" lon="22.58253167">
        <ele>155.6</ele>
        <time>2025-07-09T13:45:31Z</time>
      </trkpt>
      <trkpt lat="48.02139167" lon="22.58246667">
        <ele>155.4</ele>
        <time>2025-07-09T13:45:32Z</time>
      </trkpt>
      <trkpt lat="48.02128167" lon="22.58239333">
        <ele>155.2</ele>
        <time>2025-07-09T13:45:33Z</time>
      </trkpt>
      <trkpt lat="48.021165" lon="22.582325">
        <ele>155.3</ele>
        <time>2025-07-09T13:45:34Z</time>
      </trkpt>
      <trkpt lat="48.02105167" lon="22.58225833">
        <ele>154.9</ele>
        <time>2025-07-09T13:45:35Z</time>
      </trkpt>
      <trkpt lat="48.02093333" lon="22.58219833">
        <ele>155.2</ele>
        <time>2025-07-09T13:45:36Z</time>
      </trkpt>
      <trkpt lat="48.020815" lon="22.58213167">
        <ele>155.6</ele>
        <time>2025-07-09T13:45:37Z</time>
      </trkpt>
      <trkpt lat="48.02069833" lon="22.58206833">
        <ele>156.8</ele>
        <time>2025-07-09T13:45:38Z</time>
      </trkpt>
      <trkpt lat="48.020585" lon="22.582">
        <ele>157.5</ele>
        <time>2025-07-09T13:45:39Z</time>
      </trkpt>
      <trkpt lat="48.02048167" lon="22.58194">
        <ele>157.2</ele>
        <time>2025-07-09T13:45:40Z</time>
      </trkpt>
      <trkpt lat="48.02037" lon="22.58188667">
        <ele>157.1</ele>
        <time>2025-07-09T13:45:41Z</time>
      </trkpt>
      <trkpt lat="48.02026667" lon="22.58182667">
        <ele>156.8</ele>
        <time>2025-07-09T13:45:42Z</time>
      </trkpt>
      <trkpt lat="48.020155" lon="22.58176167">
        <ele>156.7</ele>
        <time>2025-07-09T13:45:43Z</time>
      </trkpt>
      <trkpt lat="48.02004" lon="22.58168333">
        <ele>155.8</ele>
        <time>2025-07-09T13:45:44Z</time>
      </trkpt>
      <trkpt lat="48.01993" lon="22.58162833">
        <ele>156.1</ele>
        <time>2025-07-09T13:45:45Z</time>
      </trkpt>
      <trkpt lat="48.01982167" lon="22.58155667">
        <ele>156.6</ele>
        <time>2025-07-09T13:45:46Z</time>
      </trkpt>
      <trkpt lat="48.019715" lon="22.581505">
        <ele>157</ele>
        <time>2025-07-09T13:45:47Z</time>
      </trkpt>
      <trkpt lat="48.01960333" lon="22.58144167">
        <ele>156.9</ele>
        <time>2025-07-09T13:45:48Z</time>
      </trkpt>
      <trkpt lat="48.01949333" lon="22.58137333">
        <ele>156.3</ele>
        <time>2025-07-09T13:45:49Z</time>
      </trkpt>
      <trkpt lat="48.01938" lon="22.58131">
        <ele>156.3</ele>
        <time>2025-07-09T13:45:50Z</time>
      </trkpt>
      <trkpt lat="48.01926833" lon="22.58124">
        <ele>155.8</ele>
        <time>2025-07-09T13:45:51Z</time>
      </trkpt>
      <trkpt lat="48.01916" lon="22.58117833">
        <ele>154.8</ele>
        <time>2025-07-09T13:45:52Z</time>
      </trkpt>
      <trkpt lat="48.01904667" lon="22.58112">
        <ele>155.2</ele>
        <time>2025-07-09T13:45:53Z</time>
      </trkpt>
      <trkpt lat="48.01893833" lon="22.58106">
        <ele>155.2</ele>
        <time>2025-07-09T13:45:54Z</time>
      </trkpt>
      <trkpt lat="48.018825" lon="22.58099">
        <ele>157.7</ele>
        <time>2025-07-09T13:45:55Z</time>
      </trkpt>
      <trkpt lat="48.018715" lon="22.58092">
        <ele>158</ele>
        <time>2025-07-09T13:45:56Z</time>
      </trkpt>
      <trkpt lat="48.018605" lon="22.58085">
        <ele>157.6</ele>
        <time>2025-07-09T13:45:57Z</time>
      </trkpt>
      <trkpt lat="48.018495" lon="22.58078667">
        <ele>157.6</ele>
        <time>2025-07-09T13:45:58Z</time>
      </trkpt>
      <trkpt lat="48.01838667" lon="22.58071167">
        <ele>156.9</ele>
        <time>2025-07-09T13:45:59Z</time>
      </trkpt>
      <trkpt lat="48.01828333" lon="22.580635">
        <ele>155.5</ele>
        <time>2025-07-09T13:46:00Z</time>
      </trkpt>
      <trkpt lat="48.01817167" lon="22.58057">
        <ele>154.3</ele>
        <time>2025-07-09T13:46:01Z</time>
      </trkpt>
      <trkpt lat="48.01806167" lon="22.58050167">
        <ele>154.2</ele>
        <time>2025-07-09T13:46:02Z</time>
      </trkpt>
      <trkpt lat="48.01795" lon="22.58043833">
        <ele>154.2</ele>
        <time>2025-07-09T13:46:03Z</time>
      </trkpt>
      <trkpt lat="48.01783833" lon="22.58037167">
        <ele>155.6</ele>
        <time>2025-07-09T13:46:04Z</time>
      </trkpt>
      <trkpt lat="48.01772333" lon="22.58031667">
        <ele>155.2</ele>
        <time>2025-07-09T13:46:05Z</time>
      </trkpt>
      <trkpt lat="48.017615" lon="22.58025">
        <ele>155.2</ele>
        <time>2025-07-09T13:46:06Z</time>
      </trkpt>
      <trkpt lat="48.01750167" lon="22.58020667">
        <ele>156.2</ele>
        <time>2025-07-09T13:46:07Z</time>
      </trkpt>
      <trkpt lat="48.01738167" lon="22.58013833">
        <ele>155.6</ele>
        <time>2025-07-09T13:46:08Z</time>
      </trkpt>
      <trkpt lat="48.01726667" lon="22.58006833">
        <ele>155.6</ele>
        <time>2025-07-09T13:46:09Z</time>
      </trkpt>
      <trkpt lat="48.01715333" lon="22.57999667">
        <ele>155.1</ele>
        <time>2025-07-09T13:46:10Z</time>
      </trkpt>
      <trkpt lat="48.01704667" lon="22.57993667">
        <ele>155.5</ele>
        <time>2025-07-09T13:46:11Z</time>
      </trkpt>
      <trkpt lat="48.01693" lon="22.57986">
        <ele>156.2</ele>
        <time>2025-07-09T13:46:12Z</time>
      </trkpt>
      <trkpt lat="48.01682167" lon="22.57979667">
        <ele>156.2</ele>
        <time>2025-07-09T13:46:13Z</time>
      </trkpt>
      <trkpt lat="48.01671" lon="22.57972667">
        <ele>155.6</ele>
        <time>2025-07-09T13:46:14Z</time>
      </trkpt>
      <trkpt lat="48.016595" lon="22.579655">
        <ele>156.7</ele>
        <time>2025-07-09T13:46:15Z</time>
      </trkpt>
      <trkpt lat="48.01648667" lon="22.57959333">
        <ele>157.8</ele>
        <time>2025-07-09T13:46:16Z</time>
      </trkpt>
      <trkpt lat="48.01637833" lon="22.57952667">
        <ele>158</ele>
        <time>2025-07-09T13:46:17Z</time>
      </trkpt>
      <trkpt lat="48.01626833" lon="22.57945667">
        <ele>157.3</ele>
        <time>2025-07-09T13:46:18Z</time>
      </trkpt>
      <trkpt lat="48.01615833" lon="22.57938833">
        <ele>156.6</ele>
        <time>2025-07-09T13:46:19Z</time>
      </trkpt>
      <trkpt lat="48.016045" lon="22.57933333">
        <ele>156.1</ele>
        <time>2025-07-09T13:46:20Z</time>
      </trkpt>
      <trkpt lat="48.01594" lon="22.57926167">
        <ele>156</ele>
        <time>2025-07-09T13:46:21Z</time>
      </trkpt>
      <trkpt lat="48.01583667" lon="22.57919167">
        <ele>156</ele>
        <time>2025-07-09T13:46:22Z</time>
      </trkpt>
      <trkpt lat="48.01573167" lon="22.579115">
        <ele>155.7</ele>
        <time>2025-07-09T13:46:23Z</time>
      </trkpt>
      <trkpt lat="48.01562333" lon="22.57904667">
        <ele>155.6</ele>
        <time>2025-07-09T13:46:24Z</time>
      </trkpt>
      <trkpt lat="48.01550833" lon="22.57897833">
        <ele>155.6</ele>
        <time>2025-07-09T13:46:25Z</time>
      </trkpt>
      <trkpt lat="48.01539833" lon="22.57890833">
        <ele>154.7</ele>
        <time>2025-07-09T13:46:26Z</time>
      </trkpt>
      <trkpt lat="48.01529667" lon="22.578845">
        <ele>155.2</ele>
        <time>2025-07-09T13:46:27Z</time>
      </trkpt>
      <trkpt lat="48.01519" lon="22.578775">
        <ele>155.1</ele>
        <time>2025-07-09T13:46:28Z</time>
      </trkpt>
      <trkpt lat="48.01508333" lon="22.57870833">
        <ele>154.7</ele>
        <time>2025-07-09T13:46:29Z</time>
      </trkpt>
      <trkpt lat="48.01498167" lon="22.57864">
        <ele>154.6</ele>
        <time>2025-07-09T13:46:30Z</time>
      </trkpt>
      <trkpt lat="48.01487667" lon="22.57857167">
        <ele>154.7</ele>
        <time>2025-07-09T13:46:31Z</time>
      </trkpt>
      <trkpt lat="48.01476833" lon="22.57850333">
        <ele>155.3</ele>
        <time>2025-07-09T13:46:32Z</time>
      </trkpt>
      <trkpt lat="48.014655" lon="22.57843167">
        <ele>155.5</ele>
        <time>2025-07-09T13:46:33Z</time>
      </trkpt>
      <trkpt lat="48.01454667" lon="22.57836167">
        <ele>155.7</ele>
        <time>2025-07-09T13:46:34Z</time>
      </trkpt>
      <trkpt lat="48.01444" lon="22.578285">
        <ele>155.6</ele>
        <time>2025-07-09T13:46:35Z</time>
      </trkpt>
      <trkpt lat="48.01433333" lon="22.57820833">
        <ele>155.3</ele>
        <time>2025-07-09T13:46:36Z</time>
      </trkpt>
      <trkpt lat="48.01421833" lon="22.57814667">
        <ele>154.9</ele>
        <time>2025-07-09T13:46:37Z</time>
      </trkpt>
      <trkpt lat="48.01410167" lon="22.578075">
        <ele>153.7</ele>
        <time>2025-07-09T13:46:38Z</time>
      </trkpt>
      <trkpt lat="48.01398667" lon="22.57801333">
        <ele>153.3</ele>
        <time>2025-07-09T13:46:39Z</time>
      </trkpt>
      <trkpt lat="48.013875" lon="22.57794167">
        <ele>152.3</ele>
        <time>2025-07-09T13:46:40Z</time>
      </trkpt>
      <trkpt lat="48.01376167" lon="22.57789167">
        <ele>150.6</ele>
        <time>2025-07-09T13:46:41Z</time>
      </trkpt>
      <trkpt lat="48.01364167" lon="22.57781333">
        <ele>151.6</ele>
        <time>2025-07-09T13:46:42Z</time>
      </trkpt>
      <trkpt lat="48.013525" lon="22.57774833">
        <ele>148.9</ele>
        <time>2025-07-09T13:46:43Z</time>
      </trkpt>
      <trkpt lat="48.013405" lon="22.577675">
        <ele>148.8</ele>
        <time>2025-07-09T13:46:44Z</time>
      </trkpt>
      <trkpt lat="48.01329" lon="22.577605">
        <ele>149.9</ele>
        <time>2025-07-09T13:46:45Z</time>
      </trkpt>
      <trkpt lat="48.01318167" lon="22.57753333">
        <ele>149.7</ele>
        <time>2025-07-09T13:46:46Z</time>
      </trkpt>
      <trkpt lat="48.01297667" lon="22.57739167">
        <ele>150.5</ele>
        <time>2025-07-09T13:46:48Z</time>
      </trkpt>
      <trkpt lat="48.01286" lon="22.57732167">
        <ele>151.4</ele>
        <time>2025-07-09T13:46:49Z</time>
      </trkpt>
      <trkpt lat="48.01274167" lon="22.57726833">
        <ele>151.8</ele>
        <time>2025-07-09T13:46:50Z</time>
      </trkpt>
      <trkpt lat="48.01262667" lon="22.57721167">
        <ele>152.7</ele>
        <time>2025-07-09T13:46:51Z</time>
      </trkpt>
      <trkpt lat="48.012515" lon="22.57715333">
        <ele>153.5</ele>
        <time>2025-07-09T13:46:52Z</time>
      </trkpt>
      <trkpt lat="48.01240167" lon="22.57707833">
        <ele>153.4</ele>
        <time>2025-07-09T13:46:53Z</time>
      </trkpt>
      <trkpt lat="48.012285" lon="22.57700167">
        <ele>151.6</ele>
        <time>2025-07-09T13:46:54Z</time>
      </trkpt>
      <trkpt lat="48.01217833" lon="22.57693667">
        <ele>152.3</ele>
        <time>2025-07-09T13:46:55Z</time>
      </trkpt>
      <trkpt lat="48.01196" lon="22.57679167">
        <ele>151.1</ele>
        <time>2025-07-09T13:46:57Z</time>
      </trkpt>
      <trkpt lat="48.011855" lon="22.57672">
        <ele>151</ele>
        <time>2025-07-09T13:46:58Z</time>
      </trkpt>
      <trkpt lat="48.01173667" lon="22.57664333">
        <ele>150.3</ele>
        <time>2025-07-09T13:46:59Z</time>
      </trkpt>
      <trkpt lat="48.01162333" lon="22.57657">
        <ele>151.1</ele>
        <time>2025-07-09T13:47:00Z</time>
      </trkpt>
      <trkpt lat="48.01151333" lon="22.57649833">
        <ele>151.4</ele>
        <time>2025-07-09T13:47:01Z</time>
      </trkpt>
      <trkpt lat="48.01139667" lon="22.57642667">
        <ele>152.6</ele>
        <time>2025-07-09T13:47:02Z</time>
      </trkpt>
      <trkpt lat="48.01118" lon="22.57630167">
        <ele>153.8</ele>
        <time>2025-07-09T13:47:04Z</time>
      </trkpt>
      <trkpt lat="48.01106333" lon="22.57623">
        <ele>153.9</ele>
        <time>2025-07-09T13:47:05Z</time>
      </trkpt>
      <trkpt lat="48.01095333" lon="22.57616833">
        <ele>154.3</ele>
        <time>2025-07-09T13:47:06Z</time>
      </trkpt>
      <trkpt lat="48.01084" lon="22.57609167">
        <ele>154.8</ele>
        <time>2025-07-09T13:47:07Z</time>
      </trkpt>
      <trkpt lat="48.01073" lon="22.57602">
        <ele>154.5</ele>
        <time>2025-07-09T13:47:08Z</time>
      </trkpt>
      <trkpt lat="48.01061333" lon="22.575955">
        <ele>155.2</ele>
        <time>2025-07-09T13:47:09Z</time>
      </trkpt>
      <trkpt lat="48.010495" lon="22.57587833">
        <ele>156.4</ele>
        <time>2025-07-09T13:47:10Z</time>
      </trkpt>
      <trkpt lat="48.01038667" lon="22.57580833">
        <ele>155.7</ele>
        <time>2025-07-09T13:47:11Z</time>
      </trkpt>
      <trkpt lat="48.01027833" lon="22.575725">
        <ele>152.8</ele>
        <time>2025-07-09T13:47:12Z</time>
      </trkpt>
      <trkpt lat="48.01015667" lon="22.57566167">
        <ele>153</ele>
        <time>2025-07-09T13:47:13Z</time>
      </trkpt>
      <trkpt lat="48.01004833" lon="22.57559667">
        <ele>156.3</ele>
        <time>2025-07-09T13:47:14Z</time>
      </trkpt>
      <trkpt lat="48.00994333" lon="22.57553">
        <ele>156.3</ele>
        <time>2025-07-09T13:47:15Z</time>
      </trkpt>
      <trkpt lat="48.00983667" lon="22.57547167">
        <ele>156.6</ele>
        <time>2025-07-09T13:47:16Z</time>
      </trkpt>
      <trkpt lat="48.00972333" lon="22.5754">
        <ele>156.5</ele>
        <time>2025-07-09T13:47:17Z</time>
      </trkpt>
      <trkpt lat="48.00960833" lon="22.57534">
        <ele>156.8</ele>
        <time>2025-07-09T13:47:18Z</time>
      </trkpt>
      <trkpt lat="48.00949167" lon="22.57526333">
        <ele>157.9</ele>
        <time>2025-07-09T13:47:19Z</time>
      </trkpt>
      <trkpt lat="48.009375" lon="22.57518833">
        <ele>159.7</ele>
        <time>2025-07-09T13:47:20Z</time>
      </trkpt>
      <trkpt lat="48.00926167" lon="22.575125">
        <ele>160</ele>
        <time>2025-07-09T13:47:21Z</time>
      </trkpt>
      <trkpt lat="48.00914333" lon="22.57504833">
        <ele>159.9</ele>
        <time>2025-07-09T13:47:22Z</time>
      </trkpt>
      <trkpt lat="48.00903167" lon="22.574975">
        <ele>158.5</ele>
        <time>2025-07-09T13:47:23Z</time>
      </trkpt>
      <trkpt lat="48.00891833" lon="22.57489833">
        <ele>157.7</ele>
        <time>2025-07-09T13:47:24Z</time>
      </trkpt>
      <trkpt lat="48.00881167" lon="22.57484">
        <ele>156.5</ele>
        <time>2025-07-09T13:47:25Z</time>
      </trkpt>
      <trkpt lat="48.00870333" lon="22.57477667">
        <ele>155</ele>
        <time>2025-07-09T13:47:26Z</time>
      </trkpt>
      <trkpt lat="48.00859167" lon="22.57470667">
        <ele>153.2</ele>
        <time>2025-07-09T13:47:27Z</time>
      </trkpt>
      <trkpt lat="48.00848" lon="22.57462833">
        <ele>152.5</ele>
        <time>2025-07-09T13:47:28Z</time>
      </trkpt>
      <trkpt lat="48.00837" lon="22.57456667">
        <ele>152.4</ele>
        <time>2025-07-09T13:47:29Z</time>
      </trkpt>
      <trkpt lat="48.00826167" lon="22.57449833">
        <ele>151.9</ele>
        <time>2025-07-09T13:47:30Z</time>
      </trkpt>
      <trkpt lat="48.00815333" lon="22.57443167">
        <ele>151.3</ele>
        <time>2025-07-09T13:47:31Z</time>
      </trkpt>
      <trkpt lat="48.00804333" lon="22.57435667">
        <ele>149.5</ele>
        <time>2025-07-09T13:47:32Z</time>
      </trkpt>
      <trkpt lat="48.00794" lon="22.57428833">
        <ele>149.9</ele>
        <time>2025-07-09T13:47:33Z</time>
      </trkpt>
      <trkpt lat="48.00783833" lon="22.57422">
        <ele>150.7</ele>
        <time>2025-07-09T13:47:34Z</time>
      </trkpt>
      <trkpt lat="48.00773333" lon="22.57415167">
        <ele>151.4</ele>
        <time>2025-07-09T13:47:35Z</time>
      </trkpt>
      <trkpt lat="48.00762333" lon="22.57409333">
        <ele>152.3</ele>
        <time>2025-07-09T13:47:36Z</time>
      </trkpt>
      <trkpt lat="48.007515" lon="22.57402833">
        <ele>153.1</ele>
        <time>2025-07-09T13:47:37Z</time>
      </trkpt>
      <trkpt lat="48.00741167" lon="22.57396333">
        <ele>152.9</ele>
        <time>2025-07-09T13:47:38Z</time>
      </trkpt>
      <trkpt lat="48.00730833" lon="22.57390167">
        <ele>153.1</ele>
        <time>2025-07-09T13:47:39Z</time>
      </trkpt>
      <trkpt lat="48.00721167" lon="22.57383833">
        <ele>153.7</ele>
        <time>2025-07-09T13:47:40Z</time>
      </trkpt>
      <trkpt lat="48.00711" lon="22.57377333">
        <ele>154.4</ele>
        <time>2025-07-09T13:47:41Z</time>
      </trkpt>
      <trkpt lat="48.00700167" lon="22.57370833">
        <ele>154.6</ele>
        <time>2025-07-09T13:47:42Z</time>
      </trkpt>
      <trkpt lat="48.00689333" lon="22.57364333">
        <ele>154.5</ele>
        <time>2025-07-09T13:47:43Z</time>
      </trkpt>
      <trkpt lat="48.00678667" lon="22.57357833">
        <ele>155.1</ele>
        <time>2025-07-09T13:47:44Z</time>
      </trkpt>
      <trkpt lat="48.00668333" lon="22.57351167">
        <ele>155.2</ele>
        <time>2025-07-09T13:47:45Z</time>
      </trkpt>
      <trkpt lat="48.00657833" lon="22.57345667">
        <ele>156.2</ele>
        <time>2025-07-09T13:47:46Z</time>
      </trkpt>
      <trkpt lat="48.00646667" lon="22.57339167">
        <ele>156.1</ele>
        <time>2025-07-09T13:47:47Z</time>
      </trkpt>
      <trkpt lat="48.00635833" lon="22.573325">
        <ele>155.6</ele>
        <time>2025-07-09T13:47:48Z</time>
      </trkpt>
      <trkpt lat="48.006255" lon="22.57325833">
        <ele>155.3</ele>
        <time>2025-07-09T13:47:49Z</time>
      </trkpt>
      <trkpt lat="48.00615333" lon="22.57318667">
        <ele>155.1</ele>
        <time>2025-07-09T13:47:50Z</time>
      </trkpt>
      <trkpt lat="48.00605" lon="22.57311833">
        <ele>155.3</ele>
        <time>2025-07-09T13:47:51Z</time>
      </trkpt>
      <trkpt lat="48.00594833" lon="22.573055">
        <ele>155.1</ele>
        <time>2025-07-09T13:47:52Z</time>
      </trkpt>
      <trkpt lat="48.005845" lon="22.57298833">
        <ele>154.7</ele>
        <time>2025-07-09T13:47:53Z</time>
      </trkpt>
      <trkpt lat="48.005745" lon="22.57292833">
        <ele>155.6</ele>
        <time>2025-07-09T13:47:54Z</time>
      </trkpt>
      <trkpt lat="48.00563833" lon="22.57286333">
        <ele>156.5</ele>
        <time>2025-07-09T13:47:55Z</time>
      </trkpt>
      <trkpt lat="48.005535" lon="22.57279667">
        <ele>155.9</ele>
        <time>2025-07-09T13:47:56Z</time>
      </trkpt>
      <trkpt lat="48.005435" lon="22.57273333">
        <ele>155.7</ele>
        <time>2025-07-09T13:47:57Z</time>
      </trkpt>
      <trkpt lat="48.00533667" lon="22.57266833">
        <ele>155.6</ele>
        <time>2025-07-09T13:47:58Z</time>
      </trkpt>
      <trkpt lat="48.00523667" lon="22.57260333">
        <ele>155</ele>
        <time>2025-07-09T13:47:59Z</time>
      </trkpt>
      <trkpt lat="48.00513667" lon="22.57254333">
        <ele>155.3</ele>
        <time>2025-07-09T13:48:00Z</time>
      </trkpt>
      <trkpt lat="48.00502833" lon="22.57247333">
        <ele>154.8</ele>
        <time>2025-07-09T13:48:01Z</time>
      </trkpt>
      <trkpt lat="48.00492833" lon="22.572405">
        <ele>155</ele>
        <time>2025-07-09T13:48:02Z</time>
      </trkpt>
      <trkpt lat="48.00483" lon="22.57233833">
        <ele>154.8</ele>
        <time>2025-07-09T13:48:03Z</time>
      </trkpt>
      <trkpt lat="48.00473333" lon="22.57228333">
        <ele>155.3</ele>
        <time>2025-07-09T13:48:04Z</time>
      </trkpt>
      <trkpt lat="48.00464167" lon="22.572225">
        <ele>155.4</ele>
        <time>2025-07-09T13:48:05Z</time>
      </trkpt>
      <trkpt lat="48.00455" lon="22.57216833">
        <ele>155.3</ele>
        <time>2025-07-09T13:48:06Z</time>
      </trkpt>
      <trkpt lat="48.004465" lon="22.57211">
        <ele>155.5</ele>
        <time>2025-07-09T13:48:07Z</time>
      </trkpt>
      <trkpt lat="48.00437833" lon="22.57204833">
        <ele>154.8</ele>
        <time>2025-07-09T13:48:08Z</time>
      </trkpt>
      <trkpt lat="48.00429667" lon="22.57199">
        <ele>153.4</ele>
        <time>2025-07-09T13:48:09Z</time>
      </trkpt>
      <trkpt lat="48.004125" lon="22.57189167">
        <ele>152.5</ele>
        <time>2025-07-09T13:48:11Z</time>
      </trkpt>
      <trkpt lat="48.00397833" lon="22.571795">
        <ele>152.9</ele>
        <time>2025-07-09T13:48:13Z</time>
      </trkpt>
      <trkpt lat="48.003845" lon="22.57171833">
        <ele>153.1</ele>
        <time>2025-07-09T13:48:15Z</time>
      </trkpt>
      <trkpt lat="48.00373667" lon="22.57166">
        <ele>152.5</ele>
        <time>2025-07-09T13:48:17Z</time>
      </trkpt>
      <trkpt lat="48.00364667" lon="22.57160333">
        <ele>151.9</ele>
        <time>2025-07-09T13:48:20Z</time>
      </trkpt>
      <trkpt lat="48.003565" lon="22.57152833">
        <ele>149.1</ele>
        <time>2025-07-09T13:48:43Z</time>
      </trkpt>
      <trkpt lat="48.00347833" lon="22.571475">
        <ele>148.7</ele>
        <time>2025-07-09T13:48:45Z</time>
      </trkpt>
      <trkpt lat="48.00337167" lon="22.57141333">
        <ele>149.5</ele>
        <time>2025-07-09T13:48:47Z</time>
      </trkpt>
      <trkpt lat="48.00324" lon="22.57134167">
        <ele>150.6</ele>
        <time>2025-07-09T13:48:49Z</time>
      </trkpt>
      <trkpt lat="48.00309833" lon="22.571265">
        <ele>151.7</ele>
        <time>2025-07-09T13:48:51Z</time>
      </trkpt>
      <trkpt lat="48.00293667" lon="22.571165">
        <ele>151.4</ele>
        <time>2025-07-09T13:48:53Z</time>
      </trkpt>
      <trkpt lat="48.00285167" lon="22.57111333">
        <ele>150.6</ele>
        <time>2025-07-09T13:48:54Z</time>
      </trkpt>
      <trkpt lat="48.00275833" lon="22.57104667">
        <ele>150.1</ele>
        <time>2025-07-09T13:48:55Z</time>
      </trkpt>
      <trkpt lat="48.002665" lon="22.57097833">
        <ele>149.2</ele>
        <time>2025-07-09T13:48:56Z</time>
      </trkpt>
      <trkpt lat="48.00257333" lon="22.57092">
        <ele>148.3</ele>
        <time>2025-07-09T13:48:57Z</time>
      </trkpt>
      <trkpt lat="48.00247333" lon="22.57086">
        <ele>148.1</ele>
        <time>2025-07-09T13:48:58Z</time>
      </trkpt>
      <trkpt lat="48.00237" lon="22.57078667">
        <ele>147.3</ele>
        <time>2025-07-09T13:48:59Z</time>
      </trkpt>
      <trkpt lat="48.00226" lon="22.570725">
        <ele>147.7</ele>
        <time>2025-07-09T13:49:00Z</time>
      </trkpt>
      <trkpt lat="48.002145" lon="22.57066">
        <ele>148.5</ele>
        <time>2025-07-09T13:49:01Z</time>
      </trkpt>
      <trkpt lat="48.00203667" lon="22.57059">
        <ele>148.9</ele>
        <time>2025-07-09T13:49:02Z</time>
      </trkpt>
      <trkpt lat="48.00191667" lon="22.57052">
        <ele>149.6</ele>
        <time>2025-07-09T13:49:03Z</time>
      </trkpt>
      <trkpt lat="48.001795" lon="22.57044167">
        <ele>150.5</ele>
        <time>2025-07-09T13:49:04Z</time>
      </trkpt>
      <trkpt lat="48.00167667" lon="22.57037333">
        <ele>151.1</ele>
        <time>2025-07-09T13:49:05Z</time>
      </trkpt>
      <trkpt lat="48.00156333" lon="22.57031">
        <ele>151.7</ele>
        <time>2025-07-09T13:49:06Z</time>
      </trkpt>
      <trkpt lat="48.00145667" lon="22.57023667">
        <ele>151.6</ele>
        <time>2025-07-09T13:49:07Z</time>
      </trkpt>
      <trkpt lat="48.001335" lon="22.57016667">
        <ele>153.2</ele>
        <time>2025-07-09T13:49:08Z</time>
      </trkpt>
      <trkpt lat="48.001215" lon="22.570095">
        <ele>153.1</ele>
        <time>2025-07-09T13:49:09Z</time>
      </trkpt>
      <trkpt lat="48.00109167" lon="22.570025">
        <ele>152.9</ele>
        <time>2025-07-09T13:49:10Z</time>
      </trkpt>
      <trkpt lat="48.000975" lon="22.56996167">
        <ele>153.4</ele>
        <time>2025-07-09T13:49:11Z</time>
      </trkpt>
      <trkpt lat="48.000855" lon="22.56990333">
        <ele>153.1</ele>
        <time>2025-07-09T13:49:12Z</time>
      </trkpt>
      <trkpt lat="48.00073333" lon="22.569845">
        <ele>152.9</ele>
        <time>2025-07-09T13:49:13Z</time>
      </trkpt>
      <trkpt lat="48.000605" lon="22.56977833">
        <ele>153</ele>
        <time>2025-07-09T13:49:14Z</time>
      </trkpt>
      <trkpt lat="48.00048333" lon="22.56969833">
        <ele>153.4</ele>
        <time>2025-07-09T13:49:15Z</time>
      </trkpt>
      <trkpt lat="48.00037167" lon="22.569625">
        <ele>153.1</ele>
        <time>2025-07-09T13:49:16Z</time>
      </trkpt>
      <trkpt lat="48.00025667" lon="22.56955667">
        <ele>153.3</ele>
        <time>2025-07-09T13:49:17Z</time>
      </trkpt>
      <trkpt lat="48.00014333" lon="22.56949667">
        <ele>152.9</ele>
        <time>2025-07-09T13:49:18Z</time>
      </trkpt>
      <trkpt lat="48.00004" lon="22.56943667">
        <ele>151.9</ele>
        <time>2025-07-09T13:49:19Z</time>
      </trkpt>
      <trkpt lat="47.99993" lon="22.56937">
        <ele>152.4</ele>
        <time>2025-07-09T13:49:20Z</time>
      </trkpt>
      <trkpt lat="47.99981667" lon="22.56930167">
        <ele>153.1</ele>
        <time>2025-07-09T13:49:21Z</time>
      </trkpt>
      <trkpt lat="47.999705" lon="22.56922833">
        <ele>153</ele>
        <time>2025-07-09T13:49:22Z</time>
      </trkpt>
      <trkpt lat="47.99959833" lon="22.56916167">
        <ele>153</ele>
        <time>2025-07-09T13:49:23Z</time>
      </trkpt>
      <trkpt lat="47.99949833" lon="22.56909">
        <ele>153.2</ele>
        <time>2025-07-09T13:49:24Z</time>
      </trkpt>
      <trkpt lat="47.99939833" lon="22.56901667">
        <ele>153.3</ele>
        <time>2025-07-09T13:49:25Z</time>
      </trkpt>
      <trkpt lat="47.999305" lon="22.56894833">
        <ele>153.1</ele>
        <time>2025-07-09T13:49:26Z</time>
      </trkpt>
      <trkpt lat="47.99920833" lon="22.56887333">
        <ele>152.8</ele>
        <time>2025-07-09T13:49:27Z</time>
      </trkpt>
      <trkpt lat="47.99912333" lon="22.56879833">
        <ele>152.8</ele>
        <time>2025-07-09T13:49:28Z</time>
      </trkpt>
      <trkpt lat="47.99903833" lon="22.56873167">
        <ele>153.4</ele>
        <time>2025-07-09T13:49:29Z</time>
      </trkpt>
      <trkpt lat="47.99895333" lon="22.568665">
        <ele>153</ele>
        <time>2025-07-09T13:49:30Z</time>
      </trkpt>
      <trkpt lat="47.99886667" lon="22.56860833">
        <ele>152.4</ele>
        <time>2025-07-09T13:49:31Z</time>
      </trkpt>
      <trkpt lat="47.99878167" lon="22.56856333">
        <ele>152.3</ele>
        <time>2025-07-09T13:49:32Z</time>
      </trkpt>
      <trkpt lat="47.99864333" lon="22.56848667">
        <ele>152.9</ele>
        <time>2025-07-09T13:49:34Z</time>
      </trkpt>
      <trkpt lat="47.99852167" lon="22.56838833">
        <ele>153</ele>
        <time>2025-07-09T13:49:36Z</time>
      </trkpt>
      <trkpt lat="47.99841667" lon="22.56823667">
        <ele>154.3</ele>
        <time>2025-07-09T13:49:38Z</time>
      </trkpt>
      <trkpt lat="47.99830167" lon="22.568015">
        <ele>154.2</ele>
        <time>2025-07-09T13:49:40Z</time>
      </trkpt>
      <trkpt lat="47.99824333" lon="22.5679">
        <ele>153.4</ele>
        <time>2025-07-09T13:49:41Z</time>
      </trkpt>
      <trkpt lat="47.99817833" lon="22.567785">
        <ele>152.3</ele>
        <time>2025-07-09T13:49:42Z</time>
      </trkpt>
      <trkpt lat="47.998115" lon="22.56766167">
        <ele>151.3</ele>
        <time>2025-07-09T13:49:43Z</time>
      </trkpt>
      <trkpt lat="47.99805" lon="22.56754333">
        <ele>151.5</ele>
        <time>2025-07-09T13:49:44Z</time>
      </trkpt>
      <trkpt lat="47.99798167" lon="22.56742">
        <ele>151.8</ele>
        <time>2025-07-09T13:49:45Z</time>
      </trkpt>
      <trkpt lat="47.99791" lon="22.5673">
        <ele>152.4</ele>
        <time>2025-07-09T13:49:46Z</time>
      </trkpt>
      <trkpt lat="47.99784167" lon="22.56717833">
        <ele>152.3</ele>
        <time>2025-07-09T13:49:47Z</time>
      </trkpt>
      <trkpt lat="47.99777167" lon="22.567055">
        <ele>152.1</ele>
        <time>2025-07-09T13:49:48Z</time>
      </trkpt>
      <trkpt lat="47.997705" lon="22.56693333">
        <ele>150.9</ele>
        <time>2025-07-09T13:49:49Z</time>
      </trkpt>
      <trkpt lat="47.99764167" lon="22.56680833">
        <ele>149.8</ele>
        <time>2025-07-09T13:49:50Z</time>
      </trkpt>
      <trkpt lat="47.997575" lon="22.56669333">
        <ele>148.8</ele>
        <time>2025-07-09T13:49:51Z</time>
      </trkpt>
      <trkpt lat="47.99751" lon="22.56658167">
        <ele>148</ele>
        <time>2025-07-09T13:49:52Z</time>
      </trkpt>
      <trkpt lat="47.9974" lon="22.566395">
        <ele>148.8</ele>
        <time>2025-07-09T13:49:54Z</time>
      </trkpt>
      <trkpt lat="47.99730167" lon="22.56622333">
        <ele>148.2</ele>
        <time>2025-07-09T13:49:56Z</time>
      </trkpt>
      <trkpt lat="47.99724" lon="22.56609667">
        <ele>148.6</ele>
        <time>2025-07-09T13:49:58Z</time>
      </trkpt>
      <trkpt lat="47.99717833" lon="22.56594167">
        <ele>147.5</ele>
        <time>2025-07-09T13:50:01Z</time>
      </trkpt>
      <trkpt lat="47.99712333" lon="22.56579167">
        <ele>146.4</ele>
        <time>2025-07-09T13:50:04Z</time>
      </trkpt>
      <trkpt lat="47.99708" lon="22.56566333">
        <ele>147.4</ele>
        <time>2025-07-09T13:50:06Z</time>
      </trkpt>
      <trkpt lat="47.997035" lon="22.56554">
        <ele>147</ele>
        <time>2025-07-09T13:50:08Z</time>
      </trkpt>
      <trkpt lat="47.99696333" lon="22.56538167">
        <ele>147.8</ele>
        <time>2025-07-09T13:50:23Z</time>
      </trkpt>
      <trkpt lat="47.996915" lon="22.565255">
        <ele>148.4</ele>
        <time>2025-07-09T13:50:25Z</time>
      </trkpt>
      <trkpt lat="47.996855" lon="22.56509">
        <ele>148.6</ele>
        <time>2025-07-09T13:50:27Z</time>
      </trkpt>
      <trkpt lat="47.99677833" lon="22.56490167">
        <ele>148.8</ele>
        <time>2025-07-09T13:50:29Z</time>
      </trkpt>
      <trkpt lat="47.99669833" lon="22.56469667">
        <ele>149.3</ele>
        <time>2025-07-09T13:50:31Z</time>
      </trkpt>
      <trkpt lat="47.99661667" lon="22.564455">
        <ele>150.5</ele>
        <time>2025-07-09T13:50:33Z</time>
      </trkpt>
      <trkpt lat="47.996565" lon="22.56432">
        <ele>151</ele>
        <time>2025-07-09T13:50:34Z</time>
      </trkpt>
      <trkpt lat="47.99651833" lon="22.56419333">
        <ele>151.7</ele>
        <time>2025-07-09T13:50:35Z</time>
      </trkpt>
      <trkpt lat="47.99647333" lon="22.56405833">
        <ele>152.4</ele>
        <time>2025-07-09T13:50:36Z</time>
      </trkpt>
      <trkpt lat="47.99642833" lon="22.563915">
        <ele>153</ele>
        <time>2025-07-09T13:50:37Z</time>
      </trkpt>
      <trkpt lat="47.996375" lon="22.56376667">
        <ele>153.4</ele>
        <time>2025-07-09T13:50:38Z</time>
      </trkpt>
      <trkpt lat="47.99631" lon="22.56360167">
        <ele>152.7</ele>
        <time>2025-07-09T13:50:39Z</time>
      </trkpt>
      <trkpt lat="47.99625" lon="22.56343667">
        <ele>151.6</ele>
        <time>2025-07-09T13:50:40Z</time>
      </trkpt>
      <trkpt lat="47.99618667" lon="22.56326167">
        <ele>150.2</ele>
        <time>2025-07-09T13:50:41Z</time>
      </trkpt>
      <trkpt lat="47.99613333" lon="22.5631">
        <ele>150.7</ele>
        <time>2025-07-09T13:50:42Z</time>
      </trkpt>
      <trkpt lat="47.99607333" lon="22.56293833">
        <ele>150.6</ele>
        <time>2025-07-09T13:50:43Z</time>
      </trkpt>
      <trkpt lat="47.99600667" lon="22.56276667">
        <ele>151.9</ele>
        <time>2025-07-09T13:50:44Z</time>
      </trkpt>
      <trkpt lat="47.99594833" lon="22.5626">
        <ele>152.3</ele>
        <time>2025-07-09T13:50:45Z</time>
      </trkpt>
      <trkpt lat="47.99589333" lon="22.56242667">
        <ele>152.7</ele>
        <time>2025-07-09T13:50:46Z</time>
      </trkpt>
      <trkpt lat="47.99583167" lon="22.56226">
        <ele>153.1</ele>
        <time>2025-07-09T13:50:47Z</time>
      </trkpt>
      <trkpt lat="47.99577167" lon="22.56208167">
        <ele>153.5</ele>
        <time>2025-07-09T13:50:48Z</time>
      </trkpt>
      <trkpt lat="47.99571667" lon="22.56191167">
        <ele>154.2</ele>
        <time>2025-07-09T13:50:49Z</time>
      </trkpt>
      <trkpt lat="47.99567167" lon="22.56173167">
        <ele>153</ele>
        <time>2025-07-09T13:50:50Z</time>
      </trkpt>
      <trkpt lat="47.99562833" lon="22.56155667">
        <ele>153.2</ele>
        <time>2025-07-09T13:50:51Z</time>
      </trkpt>
      <trkpt lat="47.99558667" lon="22.561375">
        <ele>153.2</ele>
        <time>2025-07-09T13:50:52Z</time>
      </trkpt>
      <trkpt lat="47.99554167" lon="22.56118167">
        <ele>154.6</ele>
        <time>2025-07-09T13:50:53Z</time>
      </trkpt>
      <trkpt lat="47.99550167" lon="22.56097833">
        <ele>152.6</ele>
        <time>2025-07-09T13:50:54Z</time>
      </trkpt>
      <trkpt lat="47.99545667" lon="22.56077833">
        <ele>151.9</ele>
        <time>2025-07-09T13:50:55Z</time>
      </trkpt>
      <trkpt lat="47.995405" lon="22.560575">
        <ele>153.3</ele>
        <time>2025-07-09T13:50:56Z</time>
      </trkpt>
      <trkpt lat="47.99535667" lon="22.560375">
        <ele>154</ele>
        <time>2025-07-09T13:50:57Z</time>
      </trkpt>
      <trkpt lat="47.99531167" lon="22.56016">
        <ele>153.5</ele>
        <time>2025-07-09T13:50:58Z</time>
      </trkpt>
      <trkpt lat="47.99526" lon="22.55994333">
        <ele>153.4</ele>
        <time>2025-07-09T13:50:59Z</time>
      </trkpt>
      <trkpt lat="47.99522167" lon="22.55972">
        <ele>153</ele>
        <time>2025-07-09T13:51:00Z</time>
      </trkpt>
      <trkpt lat="47.995175" lon="22.55950333">
        <ele>153.2</ele>
        <time>2025-07-09T13:51:01Z</time>
      </trkpt>
      <trkpt lat="47.99511667" lon="22.55928833">
        <ele>152.6</ele>
        <time>2025-07-09T13:51:02Z</time>
      </trkpt>
      <trkpt lat="47.99505833" lon="22.55907833">
        <ele>151.8</ele>
        <time>2025-07-09T13:51:03Z</time>
      </trkpt>
      <trkpt lat="47.99499" lon="22.55885167">
        <ele>151.8</ele>
        <time>2025-07-09T13:51:04Z</time>
      </trkpt>
      <trkpt lat="47.99492167" lon="22.55862333">
        <ele>151.4</ele>
        <time>2025-07-09T13:51:05Z</time>
      </trkpt>
      <trkpt lat="47.99484333" lon="22.55839333">
        <ele>151.7</ele>
        <time>2025-07-09T13:51:06Z</time>
      </trkpt>
      <trkpt lat="47.994755" lon="22.55817833">
        <ele>152.3</ele>
        <time>2025-07-09T13:51:07Z</time>
      </trkpt>
      <trkpt lat="47.994665" lon="22.55795833">
        <ele>152.7</ele>
        <time>2025-07-09T13:51:08Z</time>
      </trkpt>
      <trkpt lat="47.994565" lon="22.55773667">
        <ele>152.9</ele>
        <time>2025-07-09T13:51:09Z</time>
      </trkpt>
      <trkpt lat="47.99446833" lon="22.557515">
        <ele>151.5</ele>
        <time>2025-07-09T13:51:10Z</time>
      </trkpt>
      <trkpt lat="47.994365" lon="22.55727833">
        <ele>150.9</ele>
        <time>2025-07-09T13:51:11Z</time>
      </trkpt>
      <trkpt lat="47.99426833" lon="22.55703333">
        <ele>150</ele>
        <time>2025-07-09T13:51:12Z</time>
      </trkpt>
      <trkpt lat="47.99417167" lon="22.55677833">
        <ele>147.9</ele>
        <time>2025-07-09T13:51:13Z</time>
      </trkpt>
      <trkpt lat="47.99406667" lon="22.55653333">
        <ele>148</ele>
        <time>2025-07-09T13:51:14Z</time>
      </trkpt>
      <trkpt lat="47.99395667" lon="22.55626833">
        <ele>146</ele>
        <time>2025-07-09T13:51:15Z</time>
      </trkpt>
      <trkpt lat="47.99385" lon="22.55600333">
        <ele>145.5</ele>
        <time>2025-07-09T13:51:16Z</time>
      </trkpt>
      <trkpt lat="47.993735" lon="22.55574667">
        <ele>145.4</ele>
        <time>2025-07-09T13:51:17Z</time>
      </trkpt>
      <trkpt lat="47.993625" lon="22.55548167">
        <ele>144.3</ele>
        <time>2025-07-09T13:51:18Z</time>
      </trkpt>
      <trkpt lat="47.99352" lon="22.55521667">
        <ele>144</ele>
        <time>2025-07-09T13:51:19Z</time>
      </trkpt>
      <trkpt lat="47.993405" lon="22.554955">
        <ele>145.2</ele>
        <time>2025-07-09T13:51:20Z</time>
      </trkpt>
      <trkpt lat="47.99328667" lon="22.55467667">
        <ele>144.8</ele>
        <time>2025-07-09T13:51:21Z</time>
      </trkpt>
      <trkpt lat="47.99318" lon="22.55439">
        <ele>145.4</ele>
        <time>2025-07-09T13:51:22Z</time>
      </trkpt>
      <trkpt lat="47.99307167" lon="22.55409167">
        <ele>146.2</ele>
        <time>2025-07-09T13:51:23Z</time>
      </trkpt>
      <trkpt lat="47.99296667" lon="22.55379667">
        <ele>146.5</ele>
        <time>2025-07-09T13:51:24Z</time>
      </trkpt>
      <trkpt lat="47.99287" lon="22.55349">
        <ele>147.1</ele>
        <time>2025-07-09T13:51:25Z</time>
      </trkpt>
      <trkpt lat="47.99277333" lon="22.55319">
        <ele>147.1</ele>
        <time>2025-07-09T13:51:26Z</time>
      </trkpt>
      <trkpt lat="47.99268167" lon="22.552885">
        <ele>150.5</ele>
        <time>2025-07-09T13:51:27Z</time>
      </trkpt>
      <trkpt lat="47.99259" lon="22.55257167">
        <ele>149.4</ele>
        <time>2025-07-09T13:51:28Z</time>
      </trkpt>
      <trkpt lat="47.99250833" lon="22.55222333">
        <ele>146.8</ele>
        <time>2025-07-09T13:51:29Z</time>
      </trkpt>
      <trkpt lat="47.992425" lon="22.55188667">
        <ele>147.2</ele>
        <time>2025-07-09T13:51:30Z</time>
      </trkpt>
      <trkpt lat="47.99236167" lon="22.55154833">
        <ele>148.1</ele>
        <time>2025-07-09T13:51:31Z</time>
      </trkpt>
      <trkpt lat="47.99229667" lon="22.551205">
        <ele>147.7</ele>
        <time>2025-07-09T13:51:32Z</time>
      </trkpt>
      <trkpt lat="47.99223333" lon="22.55086">
        <ele>147.5</ele>
        <time>2025-07-09T13:51:33Z</time>
      </trkpt>
      <trkpt lat="47.99217333" lon="22.55051167">
        <ele>147.5</ele>
        <time>2025-07-09T13:51:34Z</time>
      </trkpt>
      <trkpt lat="47.99213167" lon="22.55015667">
        <ele>146.1</ele>
        <time>2025-07-09T13:51:35Z</time>
      </trkpt>
      <trkpt lat="47.99209667" lon="22.54979833">
        <ele>146.3</ele>
        <time>2025-07-09T13:51:36Z</time>
      </trkpt>
      <trkpt lat="47.992065" lon="22.549445">
        <ele>146</ele>
        <time>2025-07-09T13:51:37Z</time>
      </trkpt>
      <trkpt lat="47.99202167" lon="22.549085">
        <ele>146</ele>
        <time>2025-07-09T13:51:38Z</time>
      </trkpt>
      <trkpt lat="47.99198167" lon="22.548725">
        <ele>146.2</ele>
        <time>2025-07-09T13:51:39Z</time>
      </trkpt>
      <trkpt lat="47.991935" lon="22.548365">
        <ele>146.6</ele>
        <time>2025-07-09T13:51:40Z</time>
      </trkpt>
      <trkpt lat="47.99189167" lon="22.54801833">
        <ele>147</ele>
        <time>2025-07-09T13:51:41Z</time>
      </trkpt>
      <trkpt lat="47.991855" lon="22.547685">
        <ele>147.3</ele>
        <time>2025-07-09T13:51:42Z</time>
      </trkpt>
      <trkpt lat="47.991825" lon="22.54733167">
        <ele>147.1</ele>
        <time>2025-07-09T13:51:43Z</time>
      </trkpt>
      <trkpt lat="47.991795" lon="22.54696833">
        <ele>147.8</ele>
        <time>2025-07-09T13:51:44Z</time>
      </trkpt>
      <trkpt lat="47.99174833" lon="22.54660833">
        <ele>149.8</ele>
        <time>2025-07-09T13:51:45Z</time>
      </trkpt>
      <trkpt lat="47.991755" lon="22.54623667">
        <ele>150.9</ele>
        <time>2025-07-09T13:51:46Z</time>
      </trkpt>
      <trkpt lat="47.99172" lon="22.54588167">
        <ele>151.1</ele>
        <time>2025-07-09T13:51:47Z</time>
      </trkpt>
      <trkpt lat="47.99168" lon="22.54552667">
        <ele>151.2</ele>
        <time>2025-07-09T13:51:48Z</time>
      </trkpt>
      <trkpt lat="47.99165667" lon="22.54517167">
        <ele>149.5</ele>
        <time>2025-07-09T13:51:49Z</time>
      </trkpt>
      <trkpt lat="47.99163167" lon="22.54481">
        <ele>145.9</ele>
        <time>2025-07-09T13:51:50Z</time>
      </trkpt>
      <trkpt lat="47.99158833" lon="22.54444167">
        <ele>146.7</ele>
        <time>2025-07-09T13:51:51Z</time>
      </trkpt>
      <trkpt lat="47.99153667" lon="22.54408">
        <ele>145.3</ele>
        <time>2025-07-09T13:51:52Z</time>
      </trkpt>
      <trkpt lat="47.99148833" lon="22.54371833">
        <ele>146.1</ele>
        <time>2025-07-09T13:51:53Z</time>
      </trkpt>
      <trkpt lat="47.99144667" lon="22.54336167">
        <ele>146.7</ele>
        <time>2025-07-09T13:51:54Z</time>
      </trkpt>
      <trkpt lat="47.991395" lon="22.54298833">
        <ele>147.5</ele>
        <time>2025-07-09T13:51:55Z</time>
      </trkpt>
      <trkpt lat="47.99134" lon="22.54262167">
        <ele>149.3</ele>
        <time>2025-07-09T13:51:56Z</time>
      </trkpt>
      <trkpt lat="47.99131833" lon="22.54226">
        <ele>149.2</ele>
        <time>2025-07-09T13:51:57Z</time>
      </trkpt>
      <trkpt lat="47.99128" lon="22.541895">
        <ele>150.4</ele>
        <time>2025-07-09T13:51:58Z</time>
      </trkpt>
      <trkpt lat="47.99124167" lon="22.54151833">
        <ele>149.5</ele>
        <time>2025-07-09T13:51:59Z</time>
      </trkpt>
      <trkpt lat="47.99119667" lon="22.541155">
        <ele>150.6</ele>
        <time>2025-07-09T13:52:00Z</time>
      </trkpt>
      <trkpt lat="47.99115667" lon="22.54079167">
        <ele>152.1</ele>
        <time>2025-07-09T13:52:01Z</time>
      </trkpt>
      <trkpt lat="47.99112833" lon="22.54042667">
        <ele>152.3</ele>
        <time>2025-07-09T13:52:02Z</time>
      </trkpt>
      <trkpt lat="47.99109167" lon="22.54006667">
        <ele>152.1</ele>
        <time>2025-07-09T13:52:03Z</time>
      </trkpt>
      <trkpt lat="47.99106" lon="22.53970833">
        <ele>151.9</ele>
        <time>2025-07-09T13:52:04Z</time>
      </trkpt>
      <trkpt lat="47.991015" lon="22.53933833">
        <ele>152.4</ele>
        <time>2025-07-09T13:52:05Z</time>
      </trkpt>
      <trkpt lat="47.99097667" lon="22.53897333">
        <ele>151.7</ele>
        <time>2025-07-09T13:52:06Z</time>
      </trkpt>
      <trkpt lat="47.99093667" lon="22.53861167">
        <ele>152.3</ele>
        <time>2025-07-09T13:52:07Z</time>
      </trkpt>
      <trkpt lat="47.9909" lon="22.53823833">
        <ele>151.4</ele>
        <time>2025-07-09T13:52:08Z</time>
      </trkpt>
      <trkpt lat="47.99086" lon="22.53786833">
        <ele>151</ele>
        <time>2025-07-09T13:52:09Z</time>
      </trkpt>
      <trkpt lat="47.99082333" lon="22.53749833">
        <ele>150.3</ele>
        <time>2025-07-09T13:52:10Z</time>
      </trkpt>
      <trkpt lat="47.99077667" lon="22.53713667">
        <ele>150.4</ele>
        <time>2025-07-09T13:52:11Z</time>
      </trkpt>
      <trkpt lat="47.99073667" lon="22.53677833">
        <ele>151.3</ele>
        <time>2025-07-09T13:52:12Z</time>
      </trkpt>
      <trkpt lat="47.990705" lon="22.53641333">
        <ele>151.2</ele>
        <time>2025-07-09T13:52:13Z</time>
      </trkpt>
      <trkpt lat="47.99067" lon="22.53604833">
        <ele>150.6</ele>
        <time>2025-07-09T13:52:14Z</time>
      </trkpt>
      <trkpt lat="47.99063667" lon="22.535685">
        <ele>150.3</ele>
        <time>2025-07-09T13:52:15Z</time>
      </trkpt>
      <trkpt lat="47.99059833" lon="22.535335">
        <ele>149.7</ele>
        <time>2025-07-09T13:52:16Z</time>
      </trkpt>
      <trkpt lat="47.99056" lon="22.53496667">
        <ele>149.1</ele>
        <time>2025-07-09T13:52:17Z</time>
      </trkpt>
      <trkpt lat="47.99052" lon="22.53460167">
        <ele>148.5</ele>
        <time>2025-07-09T13:52:18Z</time>
      </trkpt>
      <trkpt lat="47.99048167" lon="22.534245">
        <ele>148.3</ele>
        <time>2025-07-09T13:52:19Z</time>
      </trkpt>
      <trkpt lat="47.990415" lon="22.53388">
        <ele>152.9</ele>
        <time>2025-07-09T13:52:20Z</time>
      </trkpt>
      <trkpt lat="47.99038667" lon="22.53352167">
        <ele>151.6</ele>
        <time>2025-07-09T13:52:21Z</time>
      </trkpt>
      <trkpt lat="47.99034667" lon="22.53315667">
        <ele>151.1</ele>
        <time>2025-07-09T13:52:22Z</time>
      </trkpt>
      <trkpt lat="47.99030833" lon="22.532805">
        <ele>151.1</ele>
        <time>2025-07-09T13:52:23Z</time>
      </trkpt>
      <trkpt lat="47.99028167" lon="22.53245167">
        <ele>150.8</ele>
        <time>2025-07-09T13:52:24Z</time>
      </trkpt>
      <trkpt lat="47.99025333" lon="22.53210333">
        <ele>150.8</ele>
        <time>2025-07-09T13:52:25Z</time>
      </trkpt>
      <trkpt lat="47.99022" lon="22.53177">
        <ele>151.8</ele>
        <time>2025-07-09T13:52:26Z</time>
      </trkpt>
      <trkpt lat="47.99018167" lon="22.53144167">
        <ele>151.5</ele>
        <time>2025-07-09T13:52:27Z</time>
      </trkpt>
      <trkpt lat="47.99014167" lon="22.53112333">
        <ele>151.6</ele>
        <time>2025-07-09T13:52:28Z</time>
      </trkpt>
      <trkpt lat="47.990105" lon="22.53080833">
        <ele>150.1</ele>
        <time>2025-07-09T13:52:29Z</time>
      </trkpt>
      <trkpt lat="47.99007333" lon="22.530495">
        <ele>149.8</ele>
        <time>2025-07-09T13:52:30Z</time>
      </trkpt>
      <trkpt lat="47.99004833" lon="22.53018833">
        <ele>149.6</ele>
        <time>2025-07-09T13:52:31Z</time>
      </trkpt>
      <trkpt lat="47.99002833" lon="22.52988333">
        <ele>148.6</ele>
        <time>2025-07-09T13:52:32Z</time>
      </trkpt>
      <trkpt lat="47.99" lon="22.529575">
        <ele>149.3</ele>
        <time>2025-07-09T13:52:33Z</time>
      </trkpt>
      <trkpt lat="47.98995333" lon="22.52926">
        <ele>151.3</ele>
        <time>2025-07-09T13:52:34Z</time>
      </trkpt>
      <trkpt lat="47.989925" lon="22.52896833">
        <ele>149.2</ele>
        <time>2025-07-09T13:52:35Z</time>
      </trkpt>
      <trkpt lat="47.98988667" lon="22.52866333">
        <ele>149.1</ele>
        <time>2025-07-09T13:52:36Z</time>
      </trkpt>
      <trkpt lat="47.98985333" lon="22.52837167">
        <ele>148.5</ele>
        <time>2025-07-09T13:52:37Z</time>
      </trkpt>
      <trkpt lat="47.98983" lon="22.52808167">
        <ele>149.4</ele>
        <time>2025-07-09T13:52:38Z</time>
      </trkpt>
      <trkpt lat="47.98980667" lon="22.52779333">
        <ele>148.8</ele>
        <time>2025-07-09T13:52:39Z</time>
      </trkpt>
      <trkpt lat="47.98978167" lon="22.52751833">
        <ele>149.1</ele>
        <time>2025-07-09T13:52:40Z</time>
      </trkpt>
      <trkpt lat="47.98974" lon="22.52724167">
        <ele>148.6</ele>
        <time>2025-07-09T13:52:41Z</time>
      </trkpt>
      <trkpt lat="47.98971333" lon="22.52697167">
        <ele>149</ele>
        <time>2025-07-09T13:52:42Z</time>
      </trkpt>
      <trkpt lat="47.98967667" lon="22.52669667">
        <ele>150.3</ele>
        <time>2025-07-09T13:52:43Z</time>
      </trkpt>
      <trkpt lat="47.98964333" lon="22.52643">
        <ele>149.9</ele>
        <time>2025-07-09T13:52:44Z</time>
      </trkpt>
      <trkpt lat="47.98961" lon="22.526175">
        <ele>150</ele>
        <time>2025-07-09T13:52:45Z</time>
      </trkpt>
      <trkpt lat="47.98956167" lon="22.525905">
        <ele>148.6</ele>
        <time>2025-07-09T13:52:46Z</time>
      </trkpt>
      <trkpt lat="47.98951167" lon="22.525655">
        <ele>151.1</ele>
        <time>2025-07-09T13:52:47Z</time>
      </trkpt>
      <trkpt lat="47.98946667" lon="22.52541">
        <ele>151.3</ele>
        <time>2025-07-09T13:52:48Z</time>
      </trkpt>
      <trkpt lat="47.98941167" lon="22.52516833">
        <ele>151.6</ele>
        <time>2025-07-09T13:52:49Z</time>
      </trkpt>
      <trkpt lat="47.98936" lon="22.524935">
        <ele>149.5</ele>
        <time>2025-07-09T13:52:50Z</time>
      </trkpt>
      <trkpt lat="47.98931333" lon="22.524705">
        <ele>150.3</ele>
        <time>2025-07-09T13:52:51Z</time>
      </trkpt>
      <trkpt lat="47.989265" lon="22.52448">
        <ele>150</ele>
        <time>2025-07-09T13:52:52Z</time>
      </trkpt>
      <trkpt lat="47.98922333" lon="22.52427167">
        <ele>149.4</ele>
        <time>2025-07-09T13:52:53Z</time>
      </trkpt>
      <trkpt lat="47.98917167" lon="22.52407">
        <ele>148.7</ele>
        <time>2025-07-09T13:52:54Z</time>
      </trkpt>
      <trkpt lat="47.98911167" lon="22.523855">
        <ele>148.7</ele>
        <time>2025-07-09T13:52:55Z</time>
      </trkpt>
      <trkpt lat="47.989045" lon="22.52366833">
        <ele>149.5</ele>
        <time>2025-07-09T13:52:56Z</time>
      </trkpt>
      <trkpt lat="47.98899333" lon="22.52350167">
        <ele>150.7</ele>
        <time>2025-07-09T13:52:57Z</time>
      </trkpt>
      <trkpt lat="47.98893333" lon="22.52331667">
        <ele>152.3</ele>
        <time>2025-07-09T13:52:58Z</time>
      </trkpt>
      <trkpt lat="47.988865" lon="22.52315167">
        <ele>152.3</ele>
        <time>2025-07-09T13:52:59Z</time>
      </trkpt>
      <trkpt lat="47.98880667" lon="22.523">
        <ele>151</ele>
        <time>2025-07-09T13:53:00Z</time>
      </trkpt>
      <trkpt lat="47.98873667" lon="22.52283167">
        <ele>149</ele>
        <time>2025-07-09T13:53:01Z</time>
      </trkpt>
      <trkpt lat="47.98865" lon="22.522675">
        <ele>152.9</ele>
        <time>2025-07-09T13:53:02Z</time>
      </trkpt>
      <trkpt lat="47.98858" lon="22.522515">
        <ele>149.5</ele>
        <time>2025-07-09T13:53:03Z</time>
      </trkpt>
      <trkpt lat="47.98850167" lon="22.52238">
        <ele>149.6</ele>
        <time>2025-07-09T13:53:04Z</time>
      </trkpt>
      <trkpt lat="47.98842" lon="22.52223667">
        <ele>150.4</ele>
        <time>2025-07-09T13:53:05Z</time>
      </trkpt>
      <trkpt lat="47.98833" lon="22.52208">
        <ele>150.8</ele>
        <time>2025-07-09T13:53:06Z</time>
      </trkpt>
      <trkpt lat="47.98824833" lon="22.521935">
        <ele>149.1</ele>
        <time>2025-07-09T13:53:07Z</time>
      </trkpt>
      <trkpt lat="47.98815667" lon="22.521795">
        <ele>148.1</ele>
        <time>2025-07-09T13:53:08Z</time>
      </trkpt>
      <trkpt lat="47.98806333" lon="22.52166333">
        <ele>149.8</ele>
        <time>2025-07-09T13:53:09Z</time>
      </trkpt>
      <trkpt lat="47.98797667" lon="22.52153">
        <ele>151.2</ele>
        <time>2025-07-09T13:53:10Z</time>
      </trkpt>
      <trkpt lat="47.98789667" lon="22.52140333">
        <ele>152.6</ele>
        <time>2025-07-09T13:53:11Z</time>
      </trkpt>
      <trkpt lat="47.98781167" lon="22.52128167">
        <ele>153.3</ele>
        <time>2025-07-09T13:53:12Z</time>
      </trkpt>
      <trkpt lat="47.98772333" lon="22.52117">
        <ele>153.5</ele>
        <time>2025-07-09T13:53:13Z</time>
      </trkpt>
      <trkpt lat="47.98764667" lon="22.52105">
        <ele>152.8</ele>
        <time>2025-07-09T13:53:14Z</time>
      </trkpt>
      <trkpt lat="47.98757667" lon="22.520935">
        <ele>153.2</ele>
        <time>2025-07-09T13:53:15Z</time>
      </trkpt>
      <trkpt lat="47.98751" lon="22.52082167">
        <ele>151.9</ele>
        <time>2025-07-09T13:53:16Z</time>
      </trkpt>
      <trkpt lat="47.98743833" lon="22.52072167">
        <ele>151.5</ele>
        <time>2025-07-09T13:53:17Z</time>
      </trkpt>
      <trkpt lat="47.98736667" lon="22.52060833">
        <ele>151.6</ele>
        <time>2025-07-09T13:53:18Z</time>
      </trkpt>
      <trkpt lat="47.987295" lon="22.52049667">
        <ele>151.4</ele>
        <time>2025-07-09T13:53:19Z</time>
      </trkpt>
      <trkpt lat="47.98722" lon="22.52039167">
        <ele>150.4</ele>
        <time>2025-07-09T13:53:20Z</time>
      </trkpt>
      <trkpt lat="47.98714667" lon="22.52028667">
        <ele>150.2</ele>
        <time>2025-07-09T13:53:21Z</time>
      </trkpt>
      <trkpt lat="47.98707333" lon="22.52018167">
        <ele>149.3</ele>
        <time>2025-07-09T13:53:22Z</time>
      </trkpt>
      <trkpt lat="47.98700333" lon="22.52009">
        <ele>149.1</ele>
        <time>2025-07-09T13:53:23Z</time>
      </trkpt>
      <trkpt lat="47.98687667" lon="22.51991833">
        <ele>148</ele>
        <time>2025-07-09T13:53:25Z</time>
      </trkpt>
      <trkpt lat="47.98678" lon="22.51977833">
        <ele>147.4</ele>
        <time>2025-07-09T13:53:27Z</time>
      </trkpt>
      <trkpt lat="47.98675167" lon="22.51961167">
        <ele>146</ele>
        <time>2025-07-09T13:53:30Z</time>
      </trkpt>
      <trkpt lat="47.986835" lon="22.51945">
        <ele>146.6</ele>
        <time>2025-07-09T13:53:33Z</time>
      </trkpt>
      <trkpt lat="47.98692667" lon="22.51931333">
        <ele>147.4</ele>
        <time>2025-07-09T13:53:35Z</time>
      </trkpt>
      <trkpt lat="47.98703" lon="22.519155">
        <ele>148.9</ele>
        <time>2025-07-09T13:53:37Z</time>
      </trkpt>
      <trkpt lat="47.98714" lon="22.518985">
        <ele>149.7</ele>
        <time>2025-07-09T13:53:39Z</time>
      </trkpt>
      <trkpt lat="47.987275" lon="22.51880833">
        <ele>150.6</ele>
        <time>2025-07-09T13:53:41Z</time>
      </trkpt>
      <trkpt lat="47.98736667" lon="22.51873167">
        <ele>150.4</ele>
        <time>2025-07-09T13:53:42Z</time>
      </trkpt>
      <trkpt lat="47.98746333" lon="22.51864833">
        <ele>149.7</ele>
        <time>2025-07-09T13:53:43Z</time>
      </trkpt>
      <trkpt lat="47.98755667" lon="22.51856">
        <ele>149.2</ele>
        <time>2025-07-09T13:53:44Z</time>
      </trkpt>
      <trkpt lat="47.98764333" lon="22.51846667">
        <ele>148.7</ele>
        <time>2025-07-09T13:53:45Z</time>
      </trkpt>
      <trkpt lat="47.98774167" lon="22.51837833">
        <ele>148</ele>
        <time>2025-07-09T13:53:46Z</time>
      </trkpt>
      <trkpt lat="47.987855" lon="22.51828833">
        <ele>146.7</ele>
        <time>2025-07-09T13:53:47Z</time>
      </trkpt>
      <trkpt lat="47.98796833" lon="22.518195">
        <ele>146.4</ele>
        <time>2025-07-09T13:53:48Z</time>
      </trkpt>
      <trkpt lat="47.98808167" lon="22.51809667">
        <ele>147.1</ele>
        <time>2025-07-09T13:53:49Z</time>
      </trkpt>
      <trkpt lat="47.98819167" lon="22.51800333">
        <ele>146.9</ele>
        <time>2025-07-09T13:53:50Z</time>
      </trkpt>
      <trkpt lat="47.98830833" lon="22.51790167">
        <ele>146.4</ele>
        <time>2025-07-09T13:53:51Z</time>
      </trkpt>
      <trkpt lat="47.98842667" lon="22.517805">
        <ele>146</ele>
        <time>2025-07-09T13:53:52Z</time>
      </trkpt>
      <trkpt lat="47.98854" lon="22.517715">
        <ele>147.5</ele>
        <time>2025-07-09T13:53:53Z</time>
      </trkpt>
      <trkpt lat="47.98866167" lon="22.51762">
        <ele>148</ele>
        <time>2025-07-09T13:53:54Z</time>
      </trkpt>
      <trkpt lat="47.98878" lon="22.51754">
        <ele>148.6</ele>
        <time>2025-07-09T13:53:55Z</time>
      </trkpt>
      <trkpt lat="47.98890833" lon="22.51746">
        <ele>148.9</ele>
        <time>2025-07-09T13:53:56Z</time>
      </trkpt>
      <trkpt lat="47.98902333" lon="22.51737167">
        <ele>148.9</ele>
        <time>2025-07-09T13:53:57Z</time>
      </trkpt>
      <trkpt lat="47.98912667" lon="22.51728833">
        <ele>149.4</ele>
        <time>2025-07-09T13:53:58Z</time>
      </trkpt>
      <trkpt lat="47.98922333" lon="22.51718833">
        <ele>150.5</ele>
        <time>2025-07-09T13:53:59Z</time>
      </trkpt>
      <trkpt lat="47.98931167" lon="22.51707167">
        <ele>150.1</ele>
        <time>2025-07-09T13:54:00Z</time>
      </trkpt>
      <trkpt lat="47.98939333" lon="22.51696">
        <ele>149.9</ele>
        <time>2025-07-09T13:54:01Z</time>
      </trkpt>
      <trkpt lat="47.989465" lon="22.51686167">
        <ele>150.1</ele>
        <time>2025-07-09T13:54:02Z</time>
      </trkpt>
      <trkpt lat="47.989525" lon="22.51675167">
        <ele>150.4</ele>
        <time>2025-07-09T13:54:03Z</time>
      </trkpt>
      <trkpt lat="47.98958" lon="22.51663">
        <ele>150.2</ele>
        <time>2025-07-09T13:54:04Z</time>
      </trkpt>
      <trkpt lat="47.98967" lon="22.51640833">
        <ele>149.6</ele>
        <time>2025-07-09T13:54:06Z</time>
      </trkpt>
      <trkpt lat="47.98974833" lon="22.51624333">
        <ele>150.7</ele>
        <time>2025-07-09T13:54:08Z</time>
      </trkpt>
      <trkpt lat="47.98980833" lon="22.51611833">
        <ele>150.8</ele>
        <time>2025-07-09T13:54:10Z</time>
      </trkpt>
      <trkpt lat="47.98982167" lon="22.51598167">
        <ele>151.1</ele>
        <time>2025-07-09T13:54:12Z</time>
      </trkpt>
      <trkpt lat="47.989775" lon="22.51583">
        <ele>150.2</ele>
        <time>2025-07-09T13:54:14Z</time>
      </trkpt>
      <trkpt lat="47.98971" lon="22.51566167">
        <ele>148.8</ele>
        <time>2025-07-09T13:54:16Z</time>
      </trkpt>
      <trkpt lat="47.98966167" lon="22.51548333">
        <ele>148.6</ele>
        <time>2025-07-09T13:54:18Z</time>
      </trkpt>
      <trkpt lat="47.98962667" lon="22.51531">
        <ele>148.1</ele>
        <time>2025-07-09T13:54:21Z</time>
      </trkpt>
      <trkpt lat="47.98968667" lon="22.5152">
        <ele>148.5</ele>
        <time>2025-07-09T13:54:31Z</time>
      </trkpt>
      <trkpt lat="47.98978333" lon="22.51520667">
        <ele>150.2</ele>
        <time>2025-07-09T13:54:35Z</time>
      </trkpt>
    </trkseg>
  </trk>
</gpx>