<?xml version='1.0' encoding='UTF-8' standalone='yes' ?>
<gpx xmlns="http://www.topografix.com/GPX/1/1" xmlns:geotracker="http://ilyabogdanovich.com/gpx/extensions/geotracker" xmlns:xsi="http://www.w3.org/2001/XMLSchema-instance" xsi:schemaLocation="http://www.topografix.com/GPX/1/1 http://www.topografix.com/GPX/1/1/gpx.xsd" version="1.1" creator="Recorded in Geo Tracker for Android from Ilya Bogdanovich">
  <metadata>
    <name>b_0713_02</name>
    <author>
      <name>Recorded in Geo Tracker for Android from Ilya Bogdanovich</name>
      <link href="https://play.google.com/store/apps/details?id=com.ilyabogdanovich.geotracker" />
    </author>
    <link href="https://play.google.com/store/apps/details?id=com.ilyabogdanovich.geotracker" />
    <time>2025-07-13T13:41:01Z</time>
  </metadata>
  <trk>
    <name>b_0713_02</name>
    <src>Recorded in Geo Tracker for Android from Ilya Bogdanovich</src>
    <link href="https://play.google.com/store/apps/details?id=com.ilyabogdanovich.geotracker" />
    <extensions>
      <geotracker:meta>
        <geotracker:length>32109.58</geotracker:length>
        <geotracker:duration>2689870</geotracker:duration>
        <geotracker:creationtime>2025-07-13T13:41:01Z</geotracker:creationtime>
        <geotracker:activity>0</geotracker:activity>
      </geotracker:meta>
    </extensions>
    <trkseg>
      <trkpt lat="46.97692333" lon="17.28249667">
        <ele>258.9</ele>
        <time>2025-07-13T13:41:07Z</time>
      </trkpt>
      <trkpt lat="46.97712833" lon="17.28232667">
        <ele>231.8</ele>
        <time>2025-07-13T13:42:09Z</time>
      </trkpt>
      <trkpt lat="46.97722167" lon="17.28224">
        <ele>240.2</ele>
        <time>2025-07-13T13:42:11Z</time>
      </trkpt>
      <trkpt lat="46.97731833" lon="17.28223667">
        <ele>250.5</ele>
        <time>2025-07-13T13:42:13Z</time>
      </trkpt>
      <trkpt lat="46.97741167" lon="17.28218667">
        <ele>256</ele>
        <time>2025-07-13T13:42:15Z</time>
      </trkpt>
      <trkpt lat="46.97752333" lon="17.28214333">
        <ele>251.3</ele>
        <time>2025-07-13T13:42:18Z</time>
      </trkpt>
      <trkpt lat="46.97761333" lon="17.28213167">
        <ele>247.8</ele>
        <time>2025-07-13T13:42:21Z</time>
      </trkpt>
      <trkpt lat="46.97765" lon="17.28198667">
        <ele>238</ele>
        <time>2025-07-13T13:42:24Z</time>
      </trkpt>
      <trkpt lat="46.97759" lon="17.28187167">
        <ele>235.4</ele>
        <time>2025-07-13T13:42:27Z</time>
      </trkpt>
      <trkpt lat="46.97751" lon="17.281765">
        <ele>233.2</ele>
        <time>2025-07-13T13:42:30Z</time>
      </trkpt>
      <trkpt lat="46.97743333" lon="17.28159">
        <ele>230.2</ele>
        <time>2025-07-13T13:42:33Z</time>
      </trkpt>
      <trkpt lat="46.97736333" lon="17.281415">
        <ele>227.8</ele>
        <time>2025-07-13T13:42:35Z</time>
      </trkpt>
      <trkpt lat="46.977285" lon="17.28120667">
        <ele>226.5</ele>
        <time>2025-07-13T13:42:37Z</time>
      </trkpt>
      <trkpt lat="46.97724333" lon="17.281085">
        <ele>225.9</ele>
        <time>2025-07-13T13:42:38Z</time>
      </trkpt>
      <trkpt lat="46.9772" lon="17.28095667">
        <ele>225.4</ele>
        <time>2025-07-13T13:42:39Z</time>
      </trkpt>
      <trkpt lat="46.977155" lon="17.280825">
        <ele>225.3</ele>
        <time>2025-07-13T13:42:40Z</time>
      </trkpt>
      <trkpt lat="46.9771" lon="17.28069333">
        <ele>225.1</ele>
        <time>2025-07-13T13:42:41Z</time>
      </trkpt>
      <trkpt lat="46.97704667" lon="17.28055833">
        <ele>224.9</ele>
        <time>2025-07-13T13:42:42Z</time>
      </trkpt>
      <trkpt lat="46.976995" lon="17.28042333">
        <ele>225</ele>
        <time>2025-07-13T13:42:43Z</time>
      </trkpt>
      <trkpt lat="46.97694833" lon="17.28029">
        <ele>224.6</ele>
        <time>2025-07-13T13:42:44Z</time>
      </trkpt>
      <trkpt lat="46.97690167" lon="17.280155">
        <ele>224.2</ele>
        <time>2025-07-13T13:42:45Z</time>
      </trkpt>
      <trkpt lat="46.97685" lon="17.28001833">
        <ele>223.9</ele>
        <time>2025-07-13T13:42:46Z</time>
      </trkpt>
      <trkpt lat="46.97680333" lon="17.27988333">
        <ele>223.4</ele>
        <time>2025-07-13T13:42:47Z</time>
      </trkpt>
      <trkpt lat="46.976765" lon="17.27976">
        <ele>222.9</ele>
        <time>2025-07-13T13:42:48Z</time>
      </trkpt>
      <trkpt lat="46.97667333" lon="17.27950333">
        <ele>222.1</ele>
        <time>2025-07-13T13:42:50Z</time>
      </trkpt>
      <trkpt lat="46.976605" lon="17.27934167">
        <ele>221.8</ele>
        <time>2025-07-13T13:42:51Z</time>
      </trkpt>
      <trkpt lat="46.97655" lon="17.27918667">
        <ele>222.1</ele>
        <time>2025-07-13T13:42:52Z</time>
      </trkpt>
      <trkpt lat="46.97649667" lon="17.27905">
        <ele>222.3</ele>
        <time>2025-07-13T13:42:53Z</time>
      </trkpt>
      <trkpt lat="46.97644833" lon="17.27891167">
        <ele>223</ele>
        <time>2025-07-13T13:42:54Z</time>
      </trkpt>
      <trkpt lat="46.97639833" lon="17.27877667">
        <ele>222.1</ele>
        <time>2025-07-13T13:42:55Z</time>
      </trkpt>
      <trkpt lat="46.97635833" lon="17.27864833">
        <ele>221.5</ele>
        <time>2025-07-13T13:42:56Z</time>
      </trkpt>
      <trkpt lat="46.97631333" lon="17.27850167">
        <ele>221.3</ele>
        <time>2025-07-13T13:42:57Z</time>
      </trkpt>
      <trkpt lat="46.976265" lon="17.27835833">
        <ele>220.7</ele>
        <time>2025-07-13T13:42:58Z</time>
      </trkpt>
      <trkpt lat="46.97621" lon="17.27821">
        <ele>220.8</ele>
        <time>2025-07-13T13:42:59Z</time>
      </trkpt>
      <trkpt lat="46.976155" lon="17.278055">
        <ele>220.6</ele>
        <time>2025-07-13T13:43:00Z</time>
      </trkpt>
      <trkpt lat="46.97611" lon="17.27791667">
        <ele>221</ele>
        <time>2025-07-13T13:43:01Z</time>
      </trkpt>
      <trkpt lat="46.97606333" lon="17.27778667">
        <ele>220.7</ele>
        <time>2025-07-13T13:43:02Z</time>
      </trkpt>
      <trkpt lat="46.97602" lon="17.27764167">
        <ele>219.3</ele>
        <time>2025-07-13T13:43:03Z</time>
      </trkpt>
      <trkpt lat="46.97597" lon="17.27749667">
        <ele>218.6</ele>
        <time>2025-07-13T13:43:04Z</time>
      </trkpt>
      <trkpt lat="46.97592" lon="17.27736">
        <ele>218</ele>
        <time>2025-07-13T13:43:05Z</time>
      </trkpt>
      <trkpt lat="46.97587833" lon="17.27723333">
        <ele>217</ele>
        <time>2025-07-13T13:43:06Z</time>
      </trkpt>
      <trkpt lat="46.97582167" lon="17.27711333">
        <ele>216.6</ele>
        <time>2025-07-13T13:43:07Z</time>
      </trkpt>
      <trkpt lat="46.97576333" lon="17.27700167">
        <ele>216.3</ele>
        <time>2025-07-13T13:43:08Z</time>
      </trkpt>
      <trkpt lat="46.975695" lon="17.27690833">
        <ele>215.9</ele>
        <time>2025-07-13T13:43:09Z</time>
      </trkpt>
      <trkpt lat="46.97554833" lon="17.27678667">
        <ele>215.7</ele>
        <time>2025-07-13T13:43:11Z</time>
      </trkpt>
      <trkpt lat="46.97538333" lon="17.276745">
        <ele>215.6</ele>
        <time>2025-07-13T13:43:13Z</time>
      </trkpt>
      <trkpt lat="46.97519667" lon="17.27674">
        <ele>215.6</ele>
        <time>2025-07-13T13:43:15Z</time>
      </trkpt>
      <trkpt lat="46.97510667" lon="17.27670333">
        <ele>215.4</ele>
        <time>2025-07-13T13:43:16Z</time>
      </trkpt>
      <trkpt lat="46.97501667" lon="17.27663333">
        <ele>215.5</ele>
        <time>2025-07-13T13:43:17Z</time>
      </trkpt>
      <trkpt lat="46.97493333" lon="17.27654833">
        <ele>216</ele>
        <time>2025-07-13T13:43:18Z</time>
      </trkpt>
      <trkpt lat="46.97486" lon="17.276435">
        <ele>216</ele>
        <time>2025-07-13T13:43:19Z</time>
      </trkpt>
      <trkpt lat="46.974795" lon="17.27630833">
        <ele>217</ele>
        <time>2025-07-13T13:43:20Z</time>
      </trkpt>
      <trkpt lat="46.97472167" lon="17.27618167">
        <ele>216.8</ele>
        <time>2025-07-13T13:43:21Z</time>
      </trkpt>
      <trkpt lat="46.97465167" lon="17.27605">
        <ele>217</ele>
        <time>2025-07-13T13:43:22Z</time>
      </trkpt>
      <trkpt lat="46.97456667" lon="17.27592">
        <ele>216.7</ele>
        <time>2025-07-13T13:43:23Z</time>
      </trkpt>
      <trkpt lat="46.97446" lon="17.275805">
        <ele>215.6</ele>
        <time>2025-07-13T13:43:24Z</time>
      </trkpt>
      <trkpt lat="46.97436333" lon="17.27569833">
        <ele>214.5</ele>
        <time>2025-07-13T13:43:25Z</time>
      </trkpt>
      <trkpt lat="46.97425833" lon="17.27561167">
        <ele>213.7</ele>
        <time>2025-07-13T13:43:26Z</time>
      </trkpt>
      <trkpt lat="46.97414333" lon="17.27552833">
        <ele>212.6</ele>
        <time>2025-07-13T13:43:27Z</time>
      </trkpt>
      <trkpt lat="46.97401333" lon="17.27547833">
        <ele>212.2</ele>
        <time>2025-07-13T13:43:28Z</time>
      </trkpt>
      <trkpt lat="46.97387833" lon="17.27545667">
        <ele>213.5</ele>
        <time>2025-07-13T13:43:29Z</time>
      </trkpt>
      <trkpt lat="46.97374333" lon="17.27545167">
        <ele>213</ele>
        <time>2025-07-13T13:43:30Z</time>
      </trkpt>
      <trkpt lat="46.97361" lon="17.275455">
        <ele>212</ele>
        <time>2025-07-13T13:43:31Z</time>
      </trkpt>
      <trkpt lat="46.97348167" lon="17.27545167">
        <ele>212.4</ele>
        <time>2025-07-13T13:43:32Z</time>
      </trkpt>
      <trkpt lat="46.97336833" lon="17.275455">
        <ele>213.1</ele>
        <time>2025-07-13T13:43:33Z</time>
      </trkpt>
      <trkpt lat="46.97326" lon="17.27546167">
        <ele>213.7</ele>
        <time>2025-07-13T13:43:34Z</time>
      </trkpt>
      <trkpt lat="46.97316333" lon="17.27547167">
        <ele>213.9</ele>
        <time>2025-07-13T13:43:35Z</time>
      </trkpt>
      <trkpt lat="46.97307167" lon="17.27547833">
        <ele>214.2</ele>
        <time>2025-07-13T13:43:36Z</time>
      </trkpt>
      <trkpt lat="46.97298167" lon="17.275475">
        <ele>213.6</ele>
        <time>2025-07-13T13:43:37Z</time>
      </trkpt>
      <trkpt lat="46.97288333" lon="17.27547">
        <ele>213.2</ele>
        <time>2025-07-13T13:43:38Z</time>
      </trkpt>
      <trkpt lat="46.97278" lon="17.27545833">
        <ele>212.6</ele>
        <time>2025-07-13T13:43:39Z</time>
      </trkpt>
      <trkpt lat="46.97267833" lon="17.275455">
        <ele>212.2</ele>
        <time>2025-07-13T13:43:40Z</time>
      </trkpt>
      <trkpt lat="46.97256833" lon="17.27545667">
        <ele>211.3</ele>
        <time>2025-07-13T13:43:41Z</time>
      </trkpt>
      <trkpt lat="46.97244667" lon="17.275455">
        <ele>211.2</ele>
        <time>2025-07-13T13:43:42Z</time>
      </trkpt>
      <trkpt lat="46.97232667" lon="17.27546333">
        <ele>212.4</ele>
        <time>2025-07-13T13:43:43Z</time>
      </trkpt>
      <trkpt lat="46.9722" lon="17.27546167">
        <ele>212.2</ele>
        <time>2025-07-13T13:43:44Z</time>
      </trkpt>
      <trkpt lat="46.972065" lon="17.275465">
        <ele>212.1</ele>
        <time>2025-07-13T13:43:45Z</time>
      </trkpt>
      <trkpt lat="46.97193167" lon="17.27546">
        <ele>210.8</ele>
        <time>2025-07-13T13:43:46Z</time>
      </trkpt>
      <trkpt lat="46.97179" lon="17.27546333">
        <ele>210.2</ele>
        <time>2025-07-13T13:43:47Z</time>
      </trkpt>
      <trkpt lat="46.97164667" lon="17.27547333">
        <ele>209.6</ele>
        <time>2025-07-13T13:43:48Z</time>
      </trkpt>
      <trkpt lat="46.97148833" lon="17.27547667">
        <ele>209.3</ele>
        <time>2025-07-13T13:43:49Z</time>
      </trkpt>
      <trkpt lat="46.97132667" lon="17.27547833">
        <ele>207.7</ele>
        <time>2025-07-13T13:43:50Z</time>
      </trkpt>
      <trkpt lat="46.97115833" lon="17.27547667">
        <ele>207.2</ele>
        <time>2025-07-13T13:43:51Z</time>
      </trkpt>
      <trkpt lat="46.97098833" lon="17.27547">
        <ele>205.9</ele>
        <time>2025-07-13T13:43:52Z</time>
      </trkpt>
      <trkpt lat="46.970825" lon="17.27545333">
        <ele>204.6</ele>
        <time>2025-07-13T13:43:53Z</time>
      </trkpt>
      <trkpt lat="46.97064833" lon="17.275435">
        <ele>203.7</ele>
        <time>2025-07-13T13:43:54Z</time>
      </trkpt>
      <trkpt lat="46.97047667" lon="17.27541167">
        <ele>203</ele>
        <time>2025-07-13T13:43:55Z</time>
      </trkpt>
      <trkpt lat="46.97030833" lon="17.27537667">
        <ele>202.1</ele>
        <time>2025-07-13T13:43:56Z</time>
      </trkpt>
      <trkpt lat="46.97014167" lon="17.27535333">
        <ele>202.3</ele>
        <time>2025-07-13T13:43:57Z</time>
      </trkpt>
      <trkpt lat="46.96997667" lon="17.27532667">
        <ele>202.4</ele>
        <time>2025-07-13T13:43:58Z</time>
      </trkpt>
      <trkpt lat="46.96982833" lon="17.27529">
        <ele>202</ele>
        <time>2025-07-13T13:43:59Z</time>
      </trkpt>
      <trkpt lat="46.96967333" lon="17.27524">
        <ele>204</ele>
        <time>2025-07-13T13:44:00Z</time>
      </trkpt>
      <trkpt lat="46.96952" lon="17.27518833">
        <ele>205.9</ele>
        <time>2025-07-13T13:44:01Z</time>
      </trkpt>
      <trkpt lat="46.96938833" lon="17.275115">
        <ele>204.9</ele>
        <time>2025-07-13T13:44:02Z</time>
      </trkpt>
      <trkpt lat="46.96925" lon="17.27503333">
        <ele>204.7</ele>
        <time>2025-07-13T13:44:03Z</time>
      </trkpt>
      <trkpt lat="46.96910667" lon="17.27493667">
        <ele>205.1</ele>
        <time>2025-07-13T13:44:04Z</time>
      </trkpt>
      <trkpt lat="46.96897333" lon="17.27483167">
        <ele>205.7</ele>
        <time>2025-07-13T13:44:05Z</time>
      </trkpt>
      <trkpt lat="46.96885333" lon="17.274725">
        <ele>203.9</ele>
        <time>2025-07-13T13:44:06Z</time>
      </trkpt>
      <trkpt lat="46.96872667" lon="17.27461667">
        <ele>202.5</ele>
        <time>2025-07-13T13:44:07Z</time>
      </trkpt>
      <trkpt lat="46.9686" lon="17.27451167">
        <ele>201.3</ele>
        <time>2025-07-13T13:44:08Z</time>
      </trkpt>
      <trkpt lat="46.96847333" lon="17.27440167">
        <ele>200.3</ele>
        <time>2025-07-13T13:44:09Z</time>
      </trkpt>
      <trkpt lat="46.96834833" lon="17.27430333">
        <ele>200.4</ele>
        <time>2025-07-13T13:44:10Z</time>
      </trkpt>
      <trkpt lat="46.96823" lon="17.274205">
        <ele>200.3</ele>
        <time>2025-07-13T13:44:11Z</time>
      </trkpt>
      <trkpt lat="46.968105" lon="17.27411">
        <ele>199.5</ele>
        <time>2025-07-13T13:44:12Z</time>
      </trkpt>
      <trkpt lat="46.96797833" lon="17.27402333">
        <ele>198.2</ele>
        <time>2025-07-13T13:44:13Z</time>
      </trkpt>
      <trkpt lat="46.967855" lon="17.27393167">
        <ele>197.7</ele>
        <time>2025-07-13T13:44:14Z</time>
      </trkpt>
      <trkpt lat="46.96773" lon="17.27384">
        <ele>199</ele>
        <time>2025-07-13T13:44:15Z</time>
      </trkpt>
      <trkpt lat="46.967615" lon="17.27375">
        <ele>199.9</ele>
        <time>2025-07-13T13:44:16Z</time>
      </trkpt>
      <trkpt lat="46.96750167" lon="17.27366833">
        <ele>199.5</ele>
        <time>2025-07-13T13:44:17Z</time>
      </trkpt>
      <trkpt lat="46.967385" lon="17.27357833">
        <ele>198.7</ele>
        <time>2025-07-13T13:44:18Z</time>
      </trkpt>
      <trkpt lat="46.96726667" lon="17.27348">
        <ele>198</ele>
        <time>2025-07-13T13:44:19Z</time>
      </trkpt>
      <trkpt lat="46.96715667" lon="17.273395">
        <ele>198.4</ele>
        <time>2025-07-13T13:44:20Z</time>
      </trkpt>
      <trkpt lat="46.967045" lon="17.273315">
        <ele>198.2</ele>
        <time>2025-07-13T13:44:21Z</time>
      </trkpt>
      <trkpt lat="46.96693333" lon="17.27322667">
        <ele>198.1</ele>
        <time>2025-07-13T13:44:22Z</time>
      </trkpt>
      <trkpt lat="46.96682" lon="17.27313833">
        <ele>197.7</ele>
        <time>2025-07-13T13:44:23Z</time>
      </trkpt>
      <trkpt lat="46.96670667" lon="17.27304333">
        <ele>197.3</ele>
        <time>2025-07-13T13:44:24Z</time>
      </trkpt>
      <trkpt lat="46.96659167" lon="17.272945">
        <ele>197.6</ele>
        <time>2025-07-13T13:44:25Z</time>
      </trkpt>
      <trkpt lat="46.96647333" lon="17.27285333">
        <ele>198.1</ele>
        <time>2025-07-13T13:44:26Z</time>
      </trkpt>
      <trkpt lat="46.96636" lon="17.272765">
        <ele>197.9</ele>
        <time>2025-07-13T13:44:27Z</time>
      </trkpt>
      <trkpt lat="46.96624833" lon="17.272685">
        <ele>198.4</ele>
        <time>2025-07-13T13:44:28Z</time>
      </trkpt>
      <trkpt lat="46.96613833" lon="17.27260667">
        <ele>198.3</ele>
        <time>2025-07-13T13:44:29Z</time>
      </trkpt>
      <trkpt lat="46.96602833" lon="17.27252">
        <ele>198.9</ele>
        <time>2025-07-13T13:44:30Z</time>
      </trkpt>
      <trkpt lat="46.96591" lon="17.27244">
        <ele>199.2</ele>
        <time>2025-07-13T13:44:31Z</time>
      </trkpt>
      <trkpt lat="46.96579833" lon="17.27234833">
        <ele>198.7</ele>
        <time>2025-07-13T13:44:32Z</time>
      </trkpt>
      <trkpt lat="46.965695" lon="17.27226">
        <ele>198.5</ele>
        <time>2025-07-13T13:44:33Z</time>
      </trkpt>
      <trkpt lat="46.96559833" lon="17.27216667">
        <ele>197.8</ele>
        <time>2025-07-13T13:44:34Z</time>
      </trkpt>
      <trkpt lat="46.96548667" lon="17.27209167">
        <ele>197.6</ele>
        <time>2025-07-13T13:44:35Z</time>
      </trkpt>
      <trkpt lat="46.96538" lon="17.27200833">
        <ele>197.1</ele>
        <time>2025-07-13T13:44:36Z</time>
      </trkpt>
      <trkpt lat="46.96528167" lon="17.27192833">
        <ele>196.4</ele>
        <time>2025-07-13T13:44:37Z</time>
      </trkpt>
      <trkpt lat="46.965185" lon="17.271835">
        <ele>195.8</ele>
        <time>2025-07-13T13:44:38Z</time>
      </trkpt>
      <trkpt lat="46.96507167" lon="17.271735">
        <ele>197.1</ele>
        <time>2025-07-13T13:44:39Z</time>
      </trkpt>
      <trkpt lat="46.96496333" lon="17.27165">
        <ele>195.8</ele>
        <time>2025-07-13T13:44:40Z</time>
      </trkpt>
      <trkpt lat="46.964855" lon="17.27156167">
        <ele>194.9</ele>
        <time>2025-07-13T13:44:41Z</time>
      </trkpt>
      <trkpt lat="46.96475" lon="17.27148">
        <ele>194</ele>
        <time>2025-07-13T13:44:42Z</time>
      </trkpt>
      <trkpt lat="46.96464167" lon="17.2714">
        <ele>192.9</ele>
        <time>2025-07-13T13:44:43Z</time>
      </trkpt>
      <trkpt lat="46.96453" lon="17.27132">
        <ele>192.2</ele>
        <time>2025-07-13T13:44:44Z</time>
      </trkpt>
      <trkpt lat="46.96442667" lon="17.27124">
        <ele>191.1</ele>
        <time>2025-07-13T13:44:45Z</time>
      </trkpt>
      <trkpt lat="46.964325" lon="17.27116833">
        <ele>190.4</ele>
        <time>2025-07-13T13:44:46Z</time>
      </trkpt>
      <trkpt lat="46.964215" lon="17.27107667">
        <ele>190</ele>
        <time>2025-07-13T13:44:47Z</time>
      </trkpt>
      <trkpt lat="46.964115" lon="17.27099">
        <ele>189.7</ele>
        <time>2025-07-13T13:44:48Z</time>
      </trkpt>
      <trkpt lat="46.964015" lon="17.27089333">
        <ele>189.5</ele>
        <time>2025-07-13T13:44:49Z</time>
      </trkpt>
      <trkpt lat="46.96390667" lon="17.27081667">
        <ele>190</ele>
        <time>2025-07-13T13:44:50Z</time>
      </trkpt>
      <trkpt lat="46.96379167" lon="17.27073667">
        <ele>190.3</ele>
        <time>2025-07-13T13:44:51Z</time>
      </trkpt>
      <trkpt lat="46.963685" lon="17.27065833">
        <ele>190.5</ele>
        <time>2025-07-13T13:44:52Z</time>
      </trkpt>
      <trkpt lat="46.963575" lon="17.27058">
        <ele>189.9</ele>
        <time>2025-07-13T13:44:53Z</time>
      </trkpt>
      <trkpt lat="46.96346" lon="17.27049167">
        <ele>191.5</ele>
        <time>2025-07-13T13:44:54Z</time>
      </trkpt>
      <trkpt lat="46.96334833" lon="17.27042">
        <ele>192</ele>
        <time>2025-07-13T13:44:55Z</time>
      </trkpt>
      <trkpt lat="46.96323667" lon="17.27034">
        <ele>193.2</ele>
        <time>2025-07-13T13:44:56Z</time>
      </trkpt>
      <trkpt lat="46.96313" lon="17.270255">
        <ele>193.6</ele>
        <time>2025-07-13T13:44:57Z</time>
      </trkpt>
      <trkpt lat="46.96301833" lon="17.27016667">
        <ele>194.2</ele>
        <time>2025-07-13T13:44:58Z</time>
      </trkpt>
      <trkpt lat="46.962915" lon="17.27007833">
        <ele>195</ele>
        <time>2025-07-13T13:44:59Z</time>
      </trkpt>
      <trkpt lat="46.96280667" lon="17.26998833">
        <ele>195.3</ele>
        <time>2025-07-13T13:45:00Z</time>
      </trkpt>
      <trkpt lat="46.962695" lon="17.26990333">
        <ele>195</ele>
        <time>2025-07-13T13:45:01Z</time>
      </trkpt>
      <trkpt lat="46.96258" lon="17.26981667">
        <ele>194.2</ele>
        <time>2025-07-13T13:45:02Z</time>
      </trkpt>
      <trkpt lat="46.96246833" lon="17.26973167">
        <ele>193.4</ele>
        <time>2025-07-13T13:45:03Z</time>
      </trkpt>
      <trkpt lat="46.96235833" lon="17.269655">
        <ele>193.5</ele>
        <time>2025-07-13T13:45:04Z</time>
      </trkpt>
      <trkpt lat="46.96225333" lon="17.26956833">
        <ele>193.2</ele>
        <time>2025-07-13T13:45:05Z</time>
      </trkpt>
      <trkpt lat="46.962145" lon="17.26948">
        <ele>193.2</ele>
        <time>2025-07-13T13:45:06Z</time>
      </trkpt>
      <trkpt lat="46.96203833" lon="17.26939833">
        <ele>193</ele>
        <time>2025-07-13T13:45:07Z</time>
      </trkpt>
      <trkpt lat="46.961935" lon="17.26931833">
        <ele>192.6</ele>
        <time>2025-07-13T13:45:08Z</time>
      </trkpt>
      <trkpt lat="46.96183" lon="17.26923167">
        <ele>191.7</ele>
        <time>2025-07-13T13:45:09Z</time>
      </trkpt>
      <trkpt lat="46.96172" lon="17.26914667">
        <ele>191.3</ele>
        <time>2025-07-13T13:45:10Z</time>
      </trkpt>
      <trkpt lat="46.96161167" lon="17.26906667">
        <ele>191.3</ele>
        <time>2025-07-13T13:45:11Z</time>
      </trkpt>
      <trkpt lat="46.96150667" lon="17.26899">
        <ele>191.9</ele>
        <time>2025-07-13T13:45:12Z</time>
      </trkpt>
      <trkpt lat="46.961405" lon="17.26891333">
        <ele>191.6</ele>
        <time>2025-07-13T13:45:13Z</time>
      </trkpt>
      <trkpt lat="46.96129833" lon="17.26883833">
        <ele>191.1</ele>
        <time>2025-07-13T13:45:14Z</time>
      </trkpt>
      <trkpt lat="46.96119667" lon="17.26875333">
        <ele>190.5</ele>
        <time>2025-07-13T13:45:15Z</time>
      </trkpt>
      <trkpt lat="46.961095" lon="17.26867833">
        <ele>189.9</ele>
        <time>2025-07-13T13:45:16Z</time>
      </trkpt>
      <trkpt lat="46.96098667" lon="17.26859667">
        <ele>189.7</ele>
        <time>2025-07-13T13:45:17Z</time>
      </trkpt>
      <trkpt lat="46.96088167" lon="17.268515">
        <ele>190.2</ele>
        <time>2025-07-13T13:45:18Z</time>
      </trkpt>
      <trkpt lat="46.96077833" lon="17.26843167">
        <ele>191</ele>
        <time>2025-07-13T13:45:19Z</time>
      </trkpt>
      <trkpt lat="46.960675" lon="17.268345">
        <ele>191.5</ele>
        <time>2025-07-13T13:45:20Z</time>
      </trkpt>
      <trkpt lat="46.960565" lon="17.26826833">
        <ele>191.7</ele>
        <time>2025-07-13T13:45:21Z</time>
      </trkpt>
      <trkpt lat="46.96045333" lon="17.26819167">
        <ele>191</ele>
        <time>2025-07-13T13:45:22Z</time>
      </trkpt>
      <trkpt lat="46.96035" lon="17.26810333">
        <ele>190.2</ele>
        <time>2025-07-13T13:45:23Z</time>
      </trkpt>
      <trkpt lat="46.96024333" lon="17.26801333">
        <ele>189.8</ele>
        <time>2025-07-13T13:45:24Z</time>
      </trkpt>
      <trkpt lat="46.96013667" lon="17.26793">
        <ele>189</ele>
        <time>2025-07-13T13:45:25Z</time>
      </trkpt>
      <trkpt lat="46.96002167" lon="17.26785">
        <ele>189.8</ele>
        <time>2025-07-13T13:45:26Z</time>
      </trkpt>
      <trkpt lat="46.95991167" lon="17.26777">
        <ele>190</ele>
        <time>2025-07-13T13:45:27Z</time>
      </trkpt>
      <trkpt lat="46.959805" lon="17.26768333">
        <ele>189.8</ele>
        <time>2025-07-13T13:45:28Z</time>
      </trkpt>
      <trkpt lat="46.95970333" lon="17.26759833">
        <ele>189.2</ele>
        <time>2025-07-13T13:45:29Z</time>
      </trkpt>
      <trkpt lat="46.959585" lon="17.26751333">
        <ele>189.8</ele>
        <time>2025-07-13T13:45:30Z</time>
      </trkpt>
      <trkpt lat="46.95946833" lon="17.26744667">
        <ele>190.2</ele>
        <time>2025-07-13T13:45:31Z</time>
      </trkpt>
      <trkpt lat="46.95935667" lon="17.267385">
        <ele>190.2</ele>
        <time>2025-07-13T13:45:32Z</time>
      </trkpt>
      <trkpt lat="46.95923667" lon="17.26730833">
        <ele>189.9</ele>
        <time>2025-07-13T13:45:33Z</time>
      </trkpt>
      <trkpt lat="46.95912167" lon="17.26724333">
        <ele>190</ele>
        <time>2025-07-13T13:45:34Z</time>
      </trkpt>
      <trkpt lat="46.95900667" lon="17.26719">
        <ele>189.3</ele>
        <time>2025-07-13T13:45:35Z</time>
      </trkpt>
      <trkpt lat="46.95888167" lon="17.26712667">
        <ele>188.7</ele>
        <time>2025-07-13T13:45:36Z</time>
      </trkpt>
      <trkpt lat="46.95876167" lon="17.26706167">
        <ele>188.5</ele>
        <time>2025-07-13T13:45:37Z</time>
      </trkpt>
      <trkpt lat="46.95864833" lon="17.26699833">
        <ele>189.4</ele>
        <time>2025-07-13T13:45:38Z</time>
      </trkpt>
      <trkpt lat="46.95853167" lon="17.26693">
        <ele>190.4</ele>
        <time>2025-07-13T13:45:39Z</time>
      </trkpt>
      <trkpt lat="46.95841667" lon="17.26687">
        <ele>190</ele>
        <time>2025-07-13T13:45:40Z</time>
      </trkpt>
      <trkpt lat="46.95830167" lon="17.26681333">
        <ele>190.1</ele>
        <time>2025-07-13T13:45:41Z</time>
      </trkpt>
      <trkpt lat="46.95818333" lon="17.26674667">
        <ele>190.8</ele>
        <time>2025-07-13T13:45:42Z</time>
      </trkpt>
      <trkpt lat="46.95806" lon="17.26668833">
        <ele>190.8</ele>
        <time>2025-07-13T13:45:43Z</time>
      </trkpt>
      <trkpt lat="46.95794167" lon="17.26662833">
        <ele>191.3</ele>
        <time>2025-07-13T13:45:44Z</time>
      </trkpt>
      <trkpt lat="46.95782333" lon="17.26656667">
        <ele>191.3</ele>
        <time>2025-07-13T13:45:45Z</time>
      </trkpt>
      <trkpt lat="46.95770333" lon="17.26651">
        <ele>191.5</ele>
        <time>2025-07-13T13:45:46Z</time>
      </trkpt>
      <trkpt lat="46.95759" lon="17.26644667">
        <ele>192.5</ele>
        <time>2025-07-13T13:45:47Z</time>
      </trkpt>
      <trkpt lat="46.95747167" lon="17.26637833">
        <ele>193</ele>
        <time>2025-07-13T13:45:48Z</time>
      </trkpt>
      <trkpt lat="46.95735" lon="17.26632">
        <ele>193.1</ele>
        <time>2025-07-13T13:45:49Z</time>
      </trkpt>
      <trkpt lat="46.95722667" lon="17.26625667">
        <ele>193.9</ele>
        <time>2025-07-13T13:45:50Z</time>
      </trkpt>
      <trkpt lat="46.957105" lon="17.26619833">
        <ele>195.5</ele>
        <time>2025-07-13T13:45:51Z</time>
      </trkpt>
      <trkpt lat="46.95698333" lon="17.26613">
        <ele>194</ele>
        <time>2025-07-13T13:45:52Z</time>
      </trkpt>
      <trkpt lat="46.95686333" lon="17.26606333">
        <ele>195.3</ele>
        <time>2025-07-13T13:45:53Z</time>
      </trkpt>
      <trkpt lat="46.95674333" lon="17.266">
        <ele>196.1</ele>
        <time>2025-07-13T13:45:54Z</time>
      </trkpt>
      <trkpt lat="46.95663167" lon="17.265935">
        <ele>195.3</ele>
        <time>2025-07-13T13:45:55Z</time>
      </trkpt>
      <trkpt lat="46.95651" lon="17.265865">
        <ele>195.3</ele>
        <time>2025-07-13T13:45:56Z</time>
      </trkpt>
      <trkpt lat="46.95639667" lon="17.26579667">
        <ele>195</ele>
        <time>2025-07-13T13:45:57Z</time>
      </trkpt>
      <trkpt lat="46.95627833" lon="17.26573167">
        <ele>195.6</ele>
        <time>2025-07-13T13:45:58Z</time>
      </trkpt>
      <trkpt lat="46.95616333" lon="17.26567833">
        <ele>195.2</ele>
        <time>2025-07-13T13:45:59Z</time>
      </trkpt>
      <trkpt lat="46.95605" lon="17.265615">
        <ele>195.3</ele>
        <time>2025-07-13T13:46:00Z</time>
      </trkpt>
      <trkpt lat="46.95593" lon="17.265555">
        <ele>195.5</ele>
        <time>2025-07-13T13:46:01Z</time>
      </trkpt>
      <trkpt lat="46.95580833" lon="17.26549833">
        <ele>195.6</ele>
        <time>2025-07-13T13:46:02Z</time>
      </trkpt>
      <trkpt lat="46.95569833" lon="17.26544167">
        <ele>195</ele>
        <time>2025-07-13T13:46:03Z</time>
      </trkpt>
      <trkpt lat="46.95559833" lon="17.26538">
        <ele>195.2</ele>
        <time>2025-07-13T13:46:04Z</time>
      </trkpt>
      <trkpt lat="46.95548833" lon="17.26531833">
        <ele>195.2</ele>
        <time>2025-07-13T13:46:05Z</time>
      </trkpt>
      <trkpt lat="46.95536833" lon="17.26525333">
        <ele>197</ele>
        <time>2025-07-13T13:46:06Z</time>
      </trkpt>
      <trkpt lat="46.955255" lon="17.26518833">
        <ele>196.9</ele>
        <time>2025-07-13T13:46:07Z</time>
      </trkpt>
      <trkpt lat="46.95515667" lon="17.265115">
        <ele>197.1</ele>
        <time>2025-07-13T13:46:08Z</time>
      </trkpt>
      <trkpt lat="46.95506833" lon="17.26502">
        <ele>197.4</ele>
        <time>2025-07-13T13:46:09Z</time>
      </trkpt>
      <trkpt lat="46.95498167" lon="17.264915">
        <ele>197.6</ele>
        <time>2025-07-13T13:46:10Z</time>
      </trkpt>
      <trkpt lat="46.95489167" lon="17.26480833">
        <ele>197.6</ele>
        <time>2025-07-13T13:46:11Z</time>
      </trkpt>
      <trkpt lat="46.95479833" lon="17.26469667">
        <ele>197.4</ele>
        <time>2025-07-13T13:46:12Z</time>
      </trkpt>
      <trkpt lat="46.95470833" lon="17.26457333">
        <ele>197.3</ele>
        <time>2025-07-13T13:46:13Z</time>
      </trkpt>
      <trkpt lat="46.954605" lon="17.264455">
        <ele>196.1</ele>
        <time>2025-07-13T13:46:14Z</time>
      </trkpt>
      <trkpt lat="46.95451" lon="17.26433167">
        <ele>195</ele>
        <time>2025-07-13T13:46:15Z</time>
      </trkpt>
      <trkpt lat="46.954395" lon="17.26418833">
        <ele>197.4</ele>
        <time>2025-07-13T13:46:16Z</time>
      </trkpt>
      <trkpt lat="46.954285" lon="17.26405167">
        <ele>197.7</ele>
        <time>2025-07-13T13:46:17Z</time>
      </trkpt>
      <trkpt lat="46.95417167" lon="17.26391333">
        <ele>198</ele>
        <time>2025-07-13T13:46:18Z</time>
      </trkpt>
      <trkpt lat="46.95406333" lon="17.26377">
        <ele>197.2</ele>
        <time>2025-07-13T13:46:19Z</time>
      </trkpt>
      <trkpt lat="46.95395833" lon="17.26364167">
        <ele>196.8</ele>
        <time>2025-07-13T13:46:20Z</time>
      </trkpt>
      <trkpt lat="46.95384333" lon="17.26351">
        <ele>198.4</ele>
        <time>2025-07-13T13:46:21Z</time>
      </trkpt>
      <trkpt lat="46.953735" lon="17.263385">
        <ele>198.4</ele>
        <time>2025-07-13T13:46:22Z</time>
      </trkpt>
      <trkpt lat="46.953615" lon="17.26325">
        <ele>199.5</ele>
        <time>2025-07-13T13:46:23Z</time>
      </trkpt>
      <trkpt lat="46.95349833" lon="17.263125">
        <ele>201</ele>
        <time>2025-07-13T13:46:24Z</time>
      </trkpt>
      <trkpt lat="46.95338167" lon="17.26300333">
        <ele>200.4</ele>
        <time>2025-07-13T13:46:25Z</time>
      </trkpt>
      <trkpt lat="46.953265" lon="17.262885">
        <ele>200</ele>
        <time>2025-07-13T13:46:26Z</time>
      </trkpt>
      <trkpt lat="46.95315833" lon="17.26274833">
        <ele>200.9</ele>
        <time>2025-07-13T13:46:27Z</time>
      </trkpt>
      <trkpt lat="46.95305833" lon="17.26260167">
        <ele>201.2</ele>
        <time>2025-07-13T13:46:28Z</time>
      </trkpt>
      <trkpt lat="46.95294667" lon="17.26245333">
        <ele>202</ele>
        <time>2025-07-13T13:46:29Z</time>
      </trkpt>
      <trkpt lat="46.95285667" lon="17.262305">
        <ele>202.5</ele>
        <time>2025-07-13T13:46:30Z</time>
      </trkpt>
      <trkpt lat="46.95276333" lon="17.26214833">
        <ele>201.7</ele>
        <time>2025-07-13T13:46:31Z</time>
      </trkpt>
      <trkpt lat="46.95267167" lon="17.261995">
        <ele>201.6</ele>
        <time>2025-07-13T13:46:32Z</time>
      </trkpt>
      <trkpt lat="46.95258833" lon="17.26184">
        <ele>201.7</ele>
        <time>2025-07-13T13:46:33Z</time>
      </trkpt>
      <trkpt lat="46.95250333" lon="17.26167833">
        <ele>201.7</ele>
        <time>2025-07-13T13:46:34Z</time>
      </trkpt>
      <trkpt lat="46.95241833" lon="17.26152333">
        <ele>202.3</ele>
        <time>2025-07-13T13:46:35Z</time>
      </trkpt>
      <trkpt lat="46.95232667" lon="17.26136167">
        <ele>203</ele>
        <time>2025-07-13T13:46:36Z</time>
      </trkpt>
      <trkpt lat="46.95223833" lon="17.26120333">
        <ele>202.9</ele>
        <time>2025-07-13T13:46:37Z</time>
      </trkpt>
      <trkpt lat="46.95214833" lon="17.26104333">
        <ele>202.6</ele>
        <time>2025-07-13T13:46:38Z</time>
      </trkpt>
      <trkpt lat="46.952055" lon="17.260885">
        <ele>202.7</ele>
        <time>2025-07-13T13:46:39Z</time>
      </trkpt>
      <trkpt lat="46.95196333" lon="17.260715">
        <ele>205.1</ele>
        <time>2025-07-13T13:46:40Z</time>
      </trkpt>
      <trkpt lat="46.95187" lon="17.26055167">
        <ele>208.3</ele>
        <time>2025-07-13T13:46:41Z</time>
      </trkpt>
      <trkpt lat="46.95177833" lon="17.26039167">
        <ele>210.2</ele>
        <time>2025-07-13T13:46:42Z</time>
      </trkpt>
      <trkpt lat="46.95168833" lon="17.260225">
        <ele>212.7</ele>
        <time>2025-07-13T13:46:43Z</time>
      </trkpt>
      <trkpt lat="46.95159833" lon="17.26007">
        <ele>214.4</ele>
        <time>2025-07-13T13:46:44Z</time>
      </trkpt>
      <trkpt lat="46.95151667" lon="17.25992">
        <ele>215.3</ele>
        <time>2025-07-13T13:46:45Z</time>
      </trkpt>
      <trkpt lat="46.951435" lon="17.25977667">
        <ele>215.6</ele>
        <time>2025-07-13T13:46:46Z</time>
      </trkpt>
      <trkpt lat="46.95135667" lon="17.259635">
        <ele>216.9</ele>
        <time>2025-07-13T13:46:47Z</time>
      </trkpt>
      <trkpt lat="46.95128" lon="17.259505">
        <ele>217.2</ele>
        <time>2025-07-13T13:46:48Z</time>
      </trkpt>
      <trkpt lat="46.95120333" lon="17.25937833">
        <ele>215.5</ele>
        <time>2025-07-13T13:46:49Z</time>
      </trkpt>
      <trkpt lat="46.95113167" lon="17.25925667">
        <ele>214.7</ele>
        <time>2025-07-13T13:46:50Z</time>
      </trkpt>
      <trkpt lat="46.95105833" lon="17.25913167">
        <ele>219</ele>
        <time>2025-07-13T13:46:51Z</time>
      </trkpt>
      <trkpt lat="46.95099667" lon="17.25900667">
        <ele>222.8</ele>
        <time>2025-07-13T13:46:52Z</time>
      </trkpt>
      <trkpt lat="46.95094" lon="17.25888833">
        <ele>221</ele>
        <time>2025-07-13T13:46:53Z</time>
      </trkpt>
      <trkpt lat="46.95089333" lon="17.25876167">
        <ele>215.3</ele>
        <time>2025-07-13T13:46:54Z</time>
      </trkpt>
      <trkpt lat="46.95085667" lon="17.25862167">
        <ele>214.6</ele>
        <time>2025-07-13T13:46:55Z</time>
      </trkpt>
      <trkpt lat="46.95083167" lon="17.25847667">
        <ele>214.4</ele>
        <time>2025-07-13T13:46:56Z</time>
      </trkpt>
      <trkpt lat="46.950785" lon="17.25815167">
        <ele>215.8</ele>
        <time>2025-07-13T13:46:58Z</time>
      </trkpt>
      <trkpt lat="46.95073833" lon="17.25781833">
        <ele>207.1</ele>
        <time>2025-07-13T13:47:00Z</time>
      </trkpt>
      <trkpt lat="46.95070167" lon="17.25765333">
        <ele>204.4</ele>
        <time>2025-07-13T13:47:01Z</time>
      </trkpt>
      <trkpt lat="46.95067" lon="17.25748667">
        <ele>203.3</ele>
        <time>2025-07-13T13:47:02Z</time>
      </trkpt>
      <trkpt lat="46.950605" lon="17.25713667">
        <ele>204.2</ele>
        <time>2025-07-13T13:47:04Z</time>
      </trkpt>
      <trkpt lat="46.95056833" lon="17.25695333">
        <ele>205</ele>
        <time>2025-07-13T13:47:05Z</time>
      </trkpt>
      <trkpt lat="46.95053333" lon="17.25676667">
        <ele>205.8</ele>
        <time>2025-07-13T13:47:06Z</time>
      </trkpt>
      <trkpt lat="46.95049667" lon="17.256585">
        <ele>205.7</ele>
        <time>2025-07-13T13:47:07Z</time>
      </trkpt>
      <trkpt lat="46.95046667" lon="17.256415">
        <ele>206.2</ele>
        <time>2025-07-13T13:47:08Z</time>
      </trkpt>
      <trkpt lat="46.95043167" lon="17.25623833">
        <ele>207.2</ele>
        <time>2025-07-13T13:47:09Z</time>
      </trkpt>
      <trkpt lat="46.950395" lon="17.25607333">
        <ele>208.1</ele>
        <time>2025-07-13T13:47:10Z</time>
      </trkpt>
      <trkpt lat="46.95035833" lon="17.25590333">
        <ele>208.3</ele>
        <time>2025-07-13T13:47:11Z</time>
      </trkpt>
      <trkpt lat="46.95032333" lon="17.25574">
        <ele>208.4</ele>
        <time>2025-07-13T13:47:12Z</time>
      </trkpt>
      <trkpt lat="46.95029" lon="17.255575">
        <ele>208.5</ele>
        <time>2025-07-13T13:47:13Z</time>
      </trkpt>
      <trkpt lat="46.95026" lon="17.25542">
        <ele>208.7</ele>
        <time>2025-07-13T13:47:14Z</time>
      </trkpt>
      <trkpt lat="46.95022333" lon="17.25527833">
        <ele>209.5</ele>
        <time>2025-07-13T13:47:15Z</time>
      </trkpt>
      <trkpt lat="46.95019833" lon="17.25512167">
        <ele>210.5</ele>
        <time>2025-07-13T13:47:16Z</time>
      </trkpt>
      <trkpt lat="46.95016667" lon="17.25497667">
        <ele>210.2</ele>
        <time>2025-07-13T13:47:17Z</time>
      </trkpt>
      <trkpt lat="46.95013167" lon="17.25482667">
        <ele>210.4</ele>
        <time>2025-07-13T13:47:18Z</time>
      </trkpt>
      <trkpt lat="46.9501" lon="17.25467833">
        <ele>210.6</ele>
        <time>2025-07-13T13:47:19Z</time>
      </trkpt>
      <trkpt lat="46.95006667" lon="17.25453167">
        <ele>211.1</ele>
        <time>2025-07-13T13:47:20Z</time>
      </trkpt>
      <trkpt lat="46.94999833" lon="17.25423333">
        <ele>211.5</ele>
        <time>2025-07-13T13:47:22Z</time>
      </trkpt>
      <trkpt lat="46.949965" lon="17.25409">
        <ele>211.7</ele>
        <time>2025-07-13T13:47:23Z</time>
      </trkpt>
      <trkpt lat="46.9499" lon="17.25374333">
        <ele>212.4</ele>
        <time>2025-07-13T13:47:25Z</time>
      </trkpt>
      <trkpt lat="46.94986833" lon="17.253575">
        <ele>214.7</ele>
        <time>2025-07-13T13:47:26Z</time>
      </trkpt>
      <trkpt lat="46.94983667" lon="17.253405">
        <ele>215.1</ele>
        <time>2025-07-13T13:47:27Z</time>
      </trkpt>
      <trkpt lat="46.94980833" lon="17.25322333">
        <ele>214.7</ele>
        <time>2025-07-13T13:47:28Z</time>
      </trkpt>
      <trkpt lat="46.94977667" lon="17.25304833">
        <ele>214</ele>
        <time>2025-07-13T13:47:29Z</time>
      </trkpt>
      <trkpt lat="46.94965667" lon="17.25250333">
        <ele>212</ele>
        <time>2025-07-13T13:47:32Z</time>
      </trkpt>
      <trkpt lat="46.94961667" lon="17.25232333">
        <ele>211.3</ele>
        <time>2025-07-13T13:47:33Z</time>
      </trkpt>
      <trkpt lat="46.94958167" lon="17.25213">
        <ele>209.5</ele>
        <time>2025-07-13T13:47:34Z</time>
      </trkpt>
      <trkpt lat="46.94955" lon="17.251935">
        <ele>208.5</ele>
        <time>2025-07-13T13:47:35Z</time>
      </trkpt>
      <trkpt lat="46.94950667" lon="17.25174">
        <ele>208.1</ele>
        <time>2025-07-13T13:47:36Z</time>
      </trkpt>
      <trkpt lat="46.94946333" lon="17.25153">
        <ele>207</ele>
        <time>2025-07-13T13:47:37Z</time>
      </trkpt>
      <trkpt lat="46.94942" lon="17.25132667">
        <ele>206.7</ele>
        <time>2025-07-13T13:47:38Z</time>
      </trkpt>
      <trkpt lat="46.949375" lon="17.25110833">
        <ele>205</ele>
        <time>2025-07-13T13:47:39Z</time>
      </trkpt>
      <trkpt lat="46.94932833" lon="17.250895">
        <ele>204.3</ele>
        <time>2025-07-13T13:47:40Z</time>
      </trkpt>
      <trkpt lat="46.94928167" lon="17.25069">
        <ele>203</ele>
        <time>2025-07-13T13:47:41Z</time>
      </trkpt>
      <trkpt lat="46.94924167" lon="17.25048167">
        <ele>201.5</ele>
        <time>2025-07-13T13:47:42Z</time>
      </trkpt>
      <trkpt lat="46.94920167" lon="17.25028">
        <ele>200.1</ele>
        <time>2025-07-13T13:47:43Z</time>
      </trkpt>
      <trkpt lat="46.94916" lon="17.250075">
        <ele>197.9</ele>
        <time>2025-07-13T13:47:44Z</time>
      </trkpt>
      <trkpt lat="46.94912167" lon="17.24988">
        <ele>197</ele>
        <time>2025-07-13T13:47:45Z</time>
      </trkpt>
      <trkpt lat="46.949075" lon="17.249685">
        <ele>196.4</ele>
        <time>2025-07-13T13:47:46Z</time>
      </trkpt>
      <trkpt lat="46.94903167" lon="17.24949833">
        <ele>196.4</ele>
        <time>2025-07-13T13:47:47Z</time>
      </trkpt>
      <trkpt lat="46.94899333" lon="17.24931833">
        <ele>194.7</ele>
        <time>2025-07-13T13:47:48Z</time>
      </trkpt>
      <trkpt lat="46.94895667" lon="17.24913">
        <ele>194.1</ele>
        <time>2025-07-13T13:47:49Z</time>
      </trkpt>
      <trkpt lat="46.94891167" lon="17.24893">
        <ele>198.2</ele>
        <time>2025-07-13T13:47:50Z</time>
      </trkpt>
      <trkpt lat="46.94888667" lon="17.24874833">
        <ele>197.2</ele>
        <time>2025-07-13T13:47:51Z</time>
      </trkpt>
      <trkpt lat="46.94885167" lon="17.24855833">
        <ele>199.1</ele>
        <time>2025-07-13T13:47:52Z</time>
      </trkpt>
      <trkpt lat="46.94881167" lon="17.24837">
        <ele>201.2</ele>
        <time>2025-07-13T13:47:53Z</time>
      </trkpt>
      <trkpt lat="46.94877667" lon="17.248195">
        <ele>200.8</ele>
        <time>2025-07-13T13:47:54Z</time>
      </trkpt>
      <trkpt lat="46.948745" lon="17.24801">
        <ele>200.5</ele>
        <time>2025-07-13T13:47:55Z</time>
      </trkpt>
      <trkpt lat="46.94871167" lon="17.24782833">
        <ele>199.4</ele>
        <time>2025-07-13T13:47:56Z</time>
      </trkpt>
      <trkpt lat="46.94866833" lon="17.24765">
        <ele>198.5</ele>
        <time>2025-07-13T13:47:57Z</time>
      </trkpt>
      <trkpt lat="46.94862833" lon="17.24746833">
        <ele>198.1</ele>
        <time>2025-07-13T13:47:58Z</time>
      </trkpt>
      <trkpt lat="46.948595" lon="17.24728">
        <ele>197.6</ele>
        <time>2025-07-13T13:47:59Z</time>
      </trkpt>
      <trkpt lat="46.948575" lon="17.2471">
        <ele>197.7</ele>
        <time>2025-07-13T13:48:00Z</time>
      </trkpt>
      <trkpt lat="46.94854333" lon="17.24690833">
        <ele>197.7</ele>
        <time>2025-07-13T13:48:01Z</time>
      </trkpt>
      <trkpt lat="46.94850167" lon="17.24672333">
        <ele>197</ele>
        <time>2025-07-13T13:48:02Z</time>
      </trkpt>
      <trkpt lat="46.94846" lon="17.24653167">
        <ele>197.3</ele>
        <time>2025-07-13T13:48:03Z</time>
      </trkpt>
      <trkpt lat="46.94842" lon="17.24634333">
        <ele>197.6</ele>
        <time>2025-07-13T13:48:04Z</time>
      </trkpt>
      <trkpt lat="46.948385" lon="17.24615">
        <ele>197.8</ele>
        <time>2025-07-13T13:48:05Z</time>
      </trkpt>
      <trkpt lat="46.94834" lon="17.24597333">
        <ele>197.2</ele>
        <time>2025-07-13T13:48:06Z</time>
      </trkpt>
      <trkpt lat="46.94830167" lon="17.24579667">
        <ele>196</ele>
        <time>2025-07-13T13:48:07Z</time>
      </trkpt>
      <trkpt lat="46.94827167" lon="17.24561167">
        <ele>195.5</ele>
        <time>2025-07-13T13:48:08Z</time>
      </trkpt>
      <trkpt lat="46.94823167" lon="17.24541333">
        <ele>195.7</ele>
        <time>2025-07-13T13:48:09Z</time>
      </trkpt>
      <trkpt lat="46.94819167" lon="17.24523">
        <ele>195.6</ele>
        <time>2025-07-13T13:48:10Z</time>
      </trkpt>
      <trkpt lat="46.94815167" lon="17.245035">
        <ele>195.3</ele>
        <time>2025-07-13T13:48:11Z</time>
      </trkpt>
      <trkpt lat="46.94811" lon="17.24484833">
        <ele>196.8</ele>
        <time>2025-07-13T13:48:12Z</time>
      </trkpt>
      <trkpt lat="46.94807833" lon="17.24466333">
        <ele>197.5</ele>
        <time>2025-07-13T13:48:13Z</time>
      </trkpt>
      <trkpt lat="46.948045" lon="17.24447167">
        <ele>197.6</ele>
        <time>2025-07-13T13:48:14Z</time>
      </trkpt>
      <trkpt lat="46.948005" lon="17.24427667">
        <ele>197.3</ele>
        <time>2025-07-13T13:48:15Z</time>
      </trkpt>
      <trkpt lat="46.94796833" lon="17.24407667">
        <ele>197.6</ele>
        <time>2025-07-13T13:48:16Z</time>
      </trkpt>
      <trkpt lat="46.94793" lon="17.243885">
        <ele>197.3</ele>
        <time>2025-07-13T13:48:17Z</time>
      </trkpt>
      <trkpt lat="46.94789667" lon="17.24369333">
        <ele>196.9</ele>
        <time>2025-07-13T13:48:18Z</time>
      </trkpt>
      <trkpt lat="46.94785833" lon="17.24350667">
        <ele>196.5</ele>
        <time>2025-07-13T13:48:19Z</time>
      </trkpt>
      <trkpt lat="46.947815" lon="17.24332167">
        <ele>196</ele>
        <time>2025-07-13T13:48:20Z</time>
      </trkpt>
      <trkpt lat="46.94778333" lon="17.24312833">
        <ele>195.3</ele>
        <time>2025-07-13T13:48:21Z</time>
      </trkpt>
      <trkpt lat="46.94774833" lon="17.24293667">
        <ele>194.8</ele>
        <time>2025-07-13T13:48:22Z</time>
      </trkpt>
      <trkpt lat="46.947715" lon="17.24274833">
        <ele>194.5</ele>
        <time>2025-07-13T13:48:23Z</time>
      </trkpt>
      <trkpt lat="46.947675" lon="17.24256333">
        <ele>194.1</ele>
        <time>2025-07-13T13:48:24Z</time>
      </trkpt>
      <trkpt lat="46.94763833" lon="17.24237333">
        <ele>195.2</ele>
        <time>2025-07-13T13:48:25Z</time>
      </trkpt>
      <trkpt lat="46.9476" lon="17.24219167">
        <ele>195.4</ele>
        <time>2025-07-13T13:48:26Z</time>
      </trkpt>
      <trkpt lat="46.94756167" lon="17.242005">
        <ele>195.6</ele>
        <time>2025-07-13T13:48:27Z</time>
      </trkpt>
      <trkpt lat="46.94752" lon="17.24181333">
        <ele>196</ele>
        <time>2025-07-13T13:48:28Z</time>
      </trkpt>
      <trkpt lat="46.94748" lon="17.24163333">
        <ele>196.5</ele>
        <time>2025-07-13T13:48:29Z</time>
      </trkpt>
      <trkpt lat="46.94744333" lon="17.24144667">
        <ele>195.9</ele>
        <time>2025-07-13T13:48:30Z</time>
      </trkpt>
      <trkpt lat="46.94740667" lon="17.24124833">
        <ele>195.5</ele>
        <time>2025-07-13T13:48:31Z</time>
      </trkpt>
      <trkpt lat="46.94737" lon="17.24105833">
        <ele>195</ele>
        <time>2025-07-13T13:48:32Z</time>
      </trkpt>
      <trkpt lat="46.947325" lon="17.24086333">
        <ele>195.3</ele>
        <time>2025-07-13T13:48:33Z</time>
      </trkpt>
      <trkpt lat="46.94728833" lon="17.24067667">
        <ele>195.3</ele>
        <time>2025-07-13T13:48:34Z</time>
      </trkpt>
      <trkpt lat="46.947255" lon="17.24049">
        <ele>195.6</ele>
        <time>2025-07-13T13:48:35Z</time>
      </trkpt>
      <trkpt lat="46.94721667" lon="17.24031">
        <ele>195.8</ele>
        <time>2025-07-13T13:48:36Z</time>
      </trkpt>
      <trkpt lat="46.94717833" lon="17.24012667">
        <ele>195.2</ele>
        <time>2025-07-13T13:48:37Z</time>
      </trkpt>
      <trkpt lat="46.94713833" lon="17.23994667">
        <ele>195.3</ele>
        <time>2025-07-13T13:48:38Z</time>
      </trkpt>
      <trkpt lat="46.947105" lon="17.23977167">
        <ele>195.2</ele>
        <time>2025-07-13T13:48:39Z</time>
      </trkpt>
      <trkpt lat="46.94706667" lon="17.239595">
        <ele>194.9</ele>
        <time>2025-07-13T13:48:40Z</time>
      </trkpt>
      <trkpt lat="46.94703333" lon="17.23942167">
        <ele>194</ele>
        <time>2025-07-13T13:48:41Z</time>
      </trkpt>
      <trkpt lat="46.94699333" lon="17.239265">
        <ele>192.9</ele>
        <time>2025-07-13T13:48:42Z</time>
      </trkpt>
      <trkpt lat="46.946955" lon="17.23908667">
        <ele>193.2</ele>
        <time>2025-07-13T13:48:43Z</time>
      </trkpt>
      <trkpt lat="46.94692833" lon="17.23890333">
        <ele>193.1</ele>
        <time>2025-07-13T13:48:44Z</time>
      </trkpt>
      <trkpt lat="46.94689667" lon="17.238715">
        <ele>193.1</ele>
        <time>2025-07-13T13:48:45Z</time>
      </trkpt>
      <trkpt lat="46.94686333" lon="17.23852833">
        <ele>193.2</ele>
        <time>2025-07-13T13:48:46Z</time>
      </trkpt>
      <trkpt lat="46.946825" lon="17.23835">
        <ele>193.6</ele>
        <time>2025-07-13T13:48:47Z</time>
      </trkpt>
      <trkpt lat="46.94678167" lon="17.23817167">
        <ele>194.4</ele>
        <time>2025-07-13T13:48:48Z</time>
      </trkpt>
      <trkpt lat="46.94674333" lon="17.23799667">
        <ele>194</ele>
        <time>2025-07-13T13:48:49Z</time>
      </trkpt>
      <trkpt lat="46.946705" lon="17.23782167">
        <ele>193.9</ele>
        <time>2025-07-13T13:48:50Z</time>
      </trkpt>
      <trkpt lat="46.94666833" lon="17.23764833">
        <ele>194</ele>
        <time>2025-07-13T13:48:51Z</time>
      </trkpt>
      <trkpt lat="46.946635" lon="17.23747">
        <ele>194.2</ele>
        <time>2025-07-13T13:48:52Z</time>
      </trkpt>
      <trkpt lat="46.94659833" lon="17.23728667">
        <ele>194.3</ele>
        <time>2025-07-13T13:48:53Z</time>
      </trkpt>
      <trkpt lat="46.94656" lon="17.23711">
        <ele>193.7</ele>
        <time>2025-07-13T13:48:54Z</time>
      </trkpt>
      <trkpt lat="46.94652667" lon="17.23692833">
        <ele>193</ele>
        <time>2025-07-13T13:48:55Z</time>
      </trkpt>
      <trkpt lat="46.94647833" lon="17.23675333">
        <ele>193.7</ele>
        <time>2025-07-13T13:48:56Z</time>
      </trkpt>
      <trkpt lat="46.94643833" lon="17.23657833">
        <ele>195.1</ele>
        <time>2025-07-13T13:48:57Z</time>
      </trkpt>
      <trkpt lat="46.9464" lon="17.23640333">
        <ele>197.1</ele>
        <time>2025-07-13T13:48:58Z</time>
      </trkpt>
      <trkpt lat="46.94637333" lon="17.23622667">
        <ele>198.2</ele>
        <time>2025-07-13T13:48:59Z</time>
      </trkpt>
      <trkpt lat="46.94633833" lon="17.23605">
        <ele>199.4</ele>
        <time>2025-07-13T13:49:00Z</time>
      </trkpt>
      <trkpt lat="46.94631167" lon="17.23588667">
        <ele>200.2</ele>
        <time>2025-07-13T13:49:01Z</time>
      </trkpt>
      <trkpt lat="46.94628333" lon="17.23572833">
        <ele>200.1</ele>
        <time>2025-07-13T13:49:02Z</time>
      </trkpt>
      <trkpt lat="46.946245" lon="17.235585">
        <ele>199.9</ele>
        <time>2025-07-13T13:49:03Z</time>
      </trkpt>
      <trkpt lat="46.94621" lon="17.23542667">
        <ele>200.8</ele>
        <time>2025-07-13T13:49:04Z</time>
      </trkpt>
      <trkpt lat="46.94618167" lon="17.23526333">
        <ele>201.6</ele>
        <time>2025-07-13T13:49:05Z</time>
      </trkpt>
      <trkpt lat="46.94615167" lon="17.2351">
        <ele>202.7</ele>
        <time>2025-07-13T13:49:06Z</time>
      </trkpt>
      <trkpt lat="46.94612333" lon="17.23492833">
        <ele>201.5</ele>
        <time>2025-07-13T13:49:07Z</time>
      </trkpt>
      <trkpt lat="46.94609" lon="17.23474833">
        <ele>201.2</ele>
        <time>2025-07-13T13:49:08Z</time>
      </trkpt>
      <trkpt lat="46.94605167" lon="17.234565">
        <ele>201.5</ele>
        <time>2025-07-13T13:49:09Z</time>
      </trkpt>
      <trkpt lat="46.94601167" lon="17.23438">
        <ele>201.2</ele>
        <time>2025-07-13T13:49:10Z</time>
      </trkpt>
      <trkpt lat="46.94597667" lon="17.23419833">
        <ele>200.8</ele>
        <time>2025-07-13T13:49:11Z</time>
      </trkpt>
      <trkpt lat="46.945945" lon="17.23401">
        <ele>200.5</ele>
        <time>2025-07-13T13:49:12Z</time>
      </trkpt>
      <trkpt lat="46.94591" lon="17.23383167">
        <ele>200.1</ele>
        <time>2025-07-13T13:49:13Z</time>
      </trkpt>
      <trkpt lat="46.94586833" lon="17.23366667">
        <ele>199.9</ele>
        <time>2025-07-13T13:49:14Z</time>
      </trkpt>
      <trkpt lat="46.94582833" lon="17.23349667">
        <ele>200.2</ele>
        <time>2025-07-13T13:49:15Z</time>
      </trkpt>
      <trkpt lat="46.94579167" lon="17.23333667">
        <ele>200.8</ele>
        <time>2025-07-13T13:49:16Z</time>
      </trkpt>
      <trkpt lat="46.945755" lon="17.23317">
        <ele>202.2</ele>
        <time>2025-07-13T13:49:17Z</time>
      </trkpt>
      <trkpt lat="46.94573167" lon="17.23299833">
        <ele>202.1</ele>
        <time>2025-07-13T13:49:18Z</time>
      </trkpt>
      <trkpt lat="46.945695" lon="17.23282333">
        <ele>203.5</ele>
        <time>2025-07-13T13:49:19Z</time>
      </trkpt>
      <trkpt lat="46.94566333" lon="17.23266333">
        <ele>203.4</ele>
        <time>2025-07-13T13:49:20Z</time>
      </trkpt>
      <trkpt lat="46.94562333" lon="17.23249667">
        <ele>204</ele>
        <time>2025-07-13T13:49:21Z</time>
      </trkpt>
      <trkpt lat="46.94558333" lon="17.232325">
        <ele>204.2</ele>
        <time>2025-07-13T13:49:22Z</time>
      </trkpt>
      <trkpt lat="46.945545" lon="17.23215333">
        <ele>204.2</ele>
        <time>2025-07-13T13:49:23Z</time>
      </trkpt>
      <trkpt lat="46.94551667" lon="17.23196833">
        <ele>203.3</ele>
        <time>2025-07-13T13:49:24Z</time>
      </trkpt>
      <trkpt lat="46.945485" lon="17.23178833">
        <ele>202.9</ele>
        <time>2025-07-13T13:49:25Z</time>
      </trkpt>
      <trkpt lat="46.94545333" lon="17.23160667">
        <ele>204.7</ele>
        <time>2025-07-13T13:49:26Z</time>
      </trkpt>
      <trkpt lat="46.94543" lon="17.23143167">
        <ele>206.2</ele>
        <time>2025-07-13T13:49:27Z</time>
      </trkpt>
      <trkpt lat="46.94540333" lon="17.23125667">
        <ele>206.8</ele>
        <time>2025-07-13T13:49:28Z</time>
      </trkpt>
      <trkpt lat="46.94537" lon="17.23108333">
        <ele>206.7</ele>
        <time>2025-07-13T13:49:29Z</time>
      </trkpt>
      <trkpt lat="46.94533167" lon="17.23090833">
        <ele>206.1</ele>
        <time>2025-07-13T13:49:30Z</time>
      </trkpt>
      <trkpt lat="46.94529833" lon="17.23073667">
        <ele>206.1</ele>
        <time>2025-07-13T13:49:31Z</time>
      </trkpt>
      <trkpt lat="46.94525667" lon="17.23056833">
        <ele>205.2</ele>
        <time>2025-07-13T13:49:32Z</time>
      </trkpt>
      <trkpt lat="46.94521333" lon="17.23041">
        <ele>204.7</ele>
        <time>2025-07-13T13:49:33Z</time>
      </trkpt>
      <trkpt lat="46.94518833" lon="17.23024167">
        <ele>203.8</ele>
        <time>2025-07-13T13:49:34Z</time>
      </trkpt>
      <trkpt lat="46.94515333" lon="17.23006667">
        <ele>203.5</ele>
        <time>2025-07-13T13:49:35Z</time>
      </trkpt>
      <trkpt lat="46.94512333" lon="17.22988667">
        <ele>203.7</ele>
        <time>2025-07-13T13:49:36Z</time>
      </trkpt>
      <trkpt lat="46.945095" lon="17.22971">
        <ele>203.5</ele>
        <time>2025-07-13T13:49:37Z</time>
      </trkpt>
      <trkpt lat="46.94505" lon="17.22954167">
        <ele>203.2</ele>
        <time>2025-07-13T13:49:38Z</time>
      </trkpt>
      <trkpt lat="46.945015" lon="17.229375">
        <ele>202.9</ele>
        <time>2025-07-13T13:49:39Z</time>
      </trkpt>
      <trkpt lat="46.94497667" lon="17.22920333">
        <ele>202.9</ele>
        <time>2025-07-13T13:49:40Z</time>
      </trkpt>
      <trkpt lat="46.94494333" lon="17.22903">
        <ele>203.1</ele>
        <time>2025-07-13T13:49:41Z</time>
      </trkpt>
      <trkpt lat="46.94490833" lon="17.228865">
        <ele>203.5</ele>
        <time>2025-07-13T13:49:42Z</time>
      </trkpt>
      <trkpt lat="46.94487333" lon="17.22869167">
        <ele>204.2</ele>
        <time>2025-07-13T13:49:43Z</time>
      </trkpt>
      <trkpt lat="46.94484167" lon="17.228525">
        <ele>205.3</ele>
        <time>2025-07-13T13:49:44Z</time>
      </trkpt>
      <trkpt lat="46.94480833" lon="17.22835667">
        <ele>205.7</ele>
        <time>2025-07-13T13:49:45Z</time>
      </trkpt>
      <trkpt lat="46.94477667" lon="17.22820167">
        <ele>206.7</ele>
        <time>2025-07-13T13:49:46Z</time>
      </trkpt>
      <trkpt lat="46.94474667" lon="17.228045">
        <ele>206.5</ele>
        <time>2025-07-13T13:49:47Z</time>
      </trkpt>
      <trkpt lat="46.944715" lon="17.22788833">
        <ele>206.5</ele>
        <time>2025-07-13T13:49:48Z</time>
      </trkpt>
      <trkpt lat="46.94468333" lon="17.22773833">
        <ele>206.4</ele>
        <time>2025-07-13T13:49:49Z</time>
      </trkpt>
      <trkpt lat="46.94465833" lon="17.22759333">
        <ele>206.5</ele>
        <time>2025-07-13T13:49:50Z</time>
      </trkpt>
      <trkpt lat="46.94463" lon="17.22745">
        <ele>207.5</ele>
        <time>2025-07-13T13:49:51Z</time>
      </trkpt>
      <trkpt lat="46.9446" lon="17.22731">
        <ele>208.4</ele>
        <time>2025-07-13T13:49:52Z</time>
      </trkpt>
      <trkpt lat="46.94456667" lon="17.22717667">
        <ele>208.8</ele>
        <time>2025-07-13T13:49:53Z</time>
      </trkpt>
      <trkpt lat="46.94453833" lon="17.22703667">
        <ele>209.3</ele>
        <time>2025-07-13T13:49:54Z</time>
      </trkpt>
      <trkpt lat="46.94451167" lon="17.2269">
        <ele>208.8</ele>
        <time>2025-07-13T13:49:55Z</time>
      </trkpt>
      <trkpt lat="46.94448667" lon="17.22675667">
        <ele>209.1</ele>
        <time>2025-07-13T13:49:56Z</time>
      </trkpt>
      <trkpt lat="46.94445667" lon="17.22660333">
        <ele>208.3</ele>
        <time>2025-07-13T13:49:57Z</time>
      </trkpt>
      <trkpt lat="46.94442167" lon="17.22645167">
        <ele>208.4</ele>
        <time>2025-07-13T13:49:58Z</time>
      </trkpt>
      <trkpt lat="46.94439" lon="17.226295">
        <ele>208.5</ele>
        <time>2025-07-13T13:49:59Z</time>
      </trkpt>
      <trkpt lat="46.94435667" lon="17.22612667">
        <ele>207.7</ele>
        <time>2025-07-13T13:50:00Z</time>
      </trkpt>
      <trkpt lat="46.94432" lon="17.22597167">
        <ele>207.3</ele>
        <time>2025-07-13T13:50:01Z</time>
      </trkpt>
      <trkpt lat="46.94428833" lon="17.22580833">
        <ele>207.6</ele>
        <time>2025-07-13T13:50:02Z</time>
      </trkpt>
      <trkpt lat="46.944255" lon="17.22564667">
        <ele>207.3</ele>
        <time>2025-07-13T13:50:03Z</time>
      </trkpt>
      <trkpt lat="46.944225" lon="17.22547333">
        <ele>206.8</ele>
        <time>2025-07-13T13:50:04Z</time>
      </trkpt>
      <trkpt lat="46.94419" lon="17.22530333">
        <ele>205.9</ele>
        <time>2025-07-13T13:50:05Z</time>
      </trkpt>
      <trkpt lat="46.94416333" lon="17.22512833">
        <ele>206.6</ele>
        <time>2025-07-13T13:50:06Z</time>
      </trkpt>
      <trkpt lat="46.94413" lon="17.22495167">
        <ele>206.7</ele>
        <time>2025-07-13T13:50:07Z</time>
      </trkpt>
      <trkpt lat="46.94410333" lon="17.22478167">
        <ele>206.3</ele>
        <time>2025-07-13T13:50:08Z</time>
      </trkpt>
      <trkpt lat="46.94406833" lon="17.22461167">
        <ele>205.6</ele>
        <time>2025-07-13T13:50:09Z</time>
      </trkpt>
      <trkpt lat="46.94403167" lon="17.22444833">
        <ele>204.8</ele>
        <time>2025-07-13T13:50:10Z</time>
      </trkpt>
      <trkpt lat="46.94400333" lon="17.22428">
        <ele>203.5</ele>
        <time>2025-07-13T13:50:11Z</time>
      </trkpt>
      <trkpt lat="46.94397" lon="17.224125">
        <ele>203</ele>
        <time>2025-07-13T13:50:12Z</time>
      </trkpt>
      <trkpt lat="46.94393167" lon="17.22396167">
        <ele>203.5</ele>
        <time>2025-07-13T13:50:13Z</time>
      </trkpt>
      <trkpt lat="46.943905" lon="17.22379333">
        <ele>204.4</ele>
        <time>2025-07-13T13:50:14Z</time>
      </trkpt>
      <trkpt lat="46.94387" lon="17.22362333">
        <ele>205.3</ele>
        <time>2025-07-13T13:50:15Z</time>
      </trkpt>
      <trkpt lat="46.94382833" lon="17.22345833">
        <ele>205.3</ele>
        <time>2025-07-13T13:50:16Z</time>
      </trkpt>
      <trkpt lat="46.94379167" lon="17.223295">
        <ele>204.6</ele>
        <time>2025-07-13T13:50:17Z</time>
      </trkpt>
      <trkpt lat="46.943755" lon="17.22313">
        <ele>204.6</ele>
        <time>2025-07-13T13:50:18Z</time>
      </trkpt>
      <trkpt lat="46.94372667" lon="17.22295833">
        <ele>204.5</ele>
        <time>2025-07-13T13:50:19Z</time>
      </trkpt>
      <trkpt lat="46.94369667" lon="17.22278333">
        <ele>205</ele>
        <time>2025-07-13T13:50:20Z</time>
      </trkpt>
      <trkpt lat="46.94366" lon="17.22262833">
        <ele>204.9</ele>
        <time>2025-07-13T13:50:21Z</time>
      </trkpt>
      <trkpt lat="46.94363167" lon="17.22247">
        <ele>205.2</ele>
        <time>2025-07-13T13:50:22Z</time>
      </trkpt>
      <trkpt lat="46.94360333" lon="17.22230833">
        <ele>204.5</ele>
        <time>2025-07-13T13:50:23Z</time>
      </trkpt>
      <trkpt lat="46.94356833" lon="17.22216">
        <ele>204.6</ele>
        <time>2025-07-13T13:50:24Z</time>
      </trkpt>
      <trkpt lat="46.94353833" lon="17.22201167">
        <ele>205.6</ele>
        <time>2025-07-13T13:50:25Z</time>
      </trkpt>
      <trkpt lat="46.94350333" lon="17.221865">
        <ele>206.8</ele>
        <time>2025-07-13T13:50:26Z</time>
      </trkpt>
      <trkpt lat="46.94347" lon="17.22172">
        <ele>207</ele>
        <time>2025-07-13T13:50:27Z</time>
      </trkpt>
      <trkpt lat="46.94344167" lon="17.22157167">
        <ele>206.9</ele>
        <time>2025-07-13T13:50:28Z</time>
      </trkpt>
      <trkpt lat="46.94341667" lon="17.22142833">
        <ele>207.2</ele>
        <time>2025-07-13T13:50:29Z</time>
      </trkpt>
      <trkpt lat="46.943395" lon="17.22128167">
        <ele>208.1</ele>
        <time>2025-07-13T13:50:30Z</time>
      </trkpt>
      <trkpt lat="46.94336667" lon="17.22114">
        <ele>209.4</ele>
        <time>2025-07-13T13:50:31Z</time>
      </trkpt>
      <trkpt lat="46.94333833" lon="17.22100333">
        <ele>210.3</ele>
        <time>2025-07-13T13:50:32Z</time>
      </trkpt>
      <trkpt lat="46.94330833" lon="17.22087167">
        <ele>211.2</ele>
        <time>2025-07-13T13:50:33Z</time>
      </trkpt>
      <trkpt lat="46.94328167" lon="17.220735">
        <ele>212.9</ele>
        <time>2025-07-13T13:50:34Z</time>
      </trkpt>
      <trkpt lat="46.943255" lon="17.22060667">
        <ele>213.6</ele>
        <time>2025-07-13T13:50:35Z</time>
      </trkpt>
      <trkpt lat="46.94322667" lon="17.22046667">
        <ele>214.4</ele>
        <time>2025-07-13T13:50:36Z</time>
      </trkpt>
      <trkpt lat="46.943195" lon="17.22032667">
        <ele>214.3</ele>
        <time>2025-07-13T13:50:37Z</time>
      </trkpt>
      <trkpt lat="46.943165" lon="17.22018667">
        <ele>215</ele>
        <time>2025-07-13T13:50:38Z</time>
      </trkpt>
      <trkpt lat="46.94313333" lon="17.220045">
        <ele>215.3</ele>
        <time>2025-07-13T13:50:39Z</time>
      </trkpt>
      <trkpt lat="46.943105" lon="17.219905">
        <ele>215.4</ele>
        <time>2025-07-13T13:50:40Z</time>
      </trkpt>
      <trkpt lat="46.94306667" lon="17.21976667">
        <ele>214.9</ele>
        <time>2025-07-13T13:50:41Z</time>
      </trkpt>
      <trkpt lat="46.94304333" lon="17.21963">
        <ele>215.1</ele>
        <time>2025-07-13T13:50:42Z</time>
      </trkpt>
      <trkpt lat="46.943025" lon="17.21948333">
        <ele>214.6</ele>
        <time>2025-07-13T13:50:43Z</time>
      </trkpt>
      <trkpt lat="46.94302" lon="17.219335">
        <ele>214.6</ele>
        <time>2025-07-13T13:50:44Z</time>
      </trkpt>
      <trkpt lat="46.94302167" lon="17.21919333">
        <ele>215.1</ele>
        <time>2025-07-13T13:50:45Z</time>
      </trkpt>
      <trkpt lat="46.94301833" lon="17.219045">
        <ele>215.6</ele>
        <time>2025-07-13T13:50:46Z</time>
      </trkpt>
      <trkpt lat="46.94302" lon="17.2189">
        <ele>215.9</ele>
        <time>2025-07-13T13:50:47Z</time>
      </trkpt>
      <trkpt lat="46.94302" lon="17.21874667">
        <ele>216.6</ele>
        <time>2025-07-13T13:50:48Z</time>
      </trkpt>
      <trkpt lat="46.94302167" lon="17.21859833">
        <ele>216.4</ele>
        <time>2025-07-13T13:50:49Z</time>
      </trkpt>
      <trkpt lat="46.94303" lon="17.21844667">
        <ele>216.7</ele>
        <time>2025-07-13T13:50:50Z</time>
      </trkpt>
      <trkpt lat="46.94302667" lon="17.21830833">
        <ele>216.9</ele>
        <time>2025-07-13T13:50:51Z</time>
      </trkpt>
      <trkpt lat="46.943035" lon="17.21817333">
        <ele>216.4</ele>
        <time>2025-07-13T13:50:52Z</time>
      </trkpt>
      <trkpt lat="46.94304333" lon="17.21803667">
        <ele>215.6</ele>
        <time>2025-07-13T13:50:53Z</time>
      </trkpt>
      <trkpt lat="46.943065" lon="17.21781167">
        <ele>214.7</ele>
        <time>2025-07-13T13:50:55Z</time>
      </trkpt>
      <trkpt lat="46.94308833" lon="17.21766">
        <ele>213.8</ele>
        <time>2025-07-13T13:50:57Z</time>
      </trkpt>
      <trkpt lat="46.94310667" lon="17.21752833">
        <ele>214.5</ele>
        <time>2025-07-13T13:51:01Z</time>
      </trkpt>
      <trkpt lat="46.94311" lon="17.21738333">
        <ele>213.9</ele>
        <time>2025-07-13T13:51:20Z</time>
      </trkpt>
      <trkpt lat="46.94311667" lon="17.21724833">
        <ele>213.6</ele>
        <time>2025-07-13T13:51:22Z</time>
      </trkpt>
      <trkpt lat="46.94313667" lon="17.21711667">
        <ele>213.6</ele>
        <time>2025-07-13T13:51:24Z</time>
      </trkpt>
      <trkpt lat="46.943165" lon="17.21695167">
        <ele>214</ele>
        <time>2025-07-13T13:51:26Z</time>
      </trkpt>
      <trkpt lat="46.94318667" lon="17.21677333">
        <ele>214.9</ele>
        <time>2025-07-13T13:51:28Z</time>
      </trkpt>
      <trkpt lat="46.94322167" lon="17.216605">
        <ele>216.2</ele>
        <time>2025-07-13T13:51:30Z</time>
      </trkpt>
      <trkpt lat="46.943295" lon="17.21647">
        <ele>216.5</ele>
        <time>2025-07-13T13:51:32Z</time>
      </trkpt>
      <trkpt lat="46.94340333" lon="17.21636667">
        <ele>216.8</ele>
        <time>2025-07-13T13:51:34Z</time>
      </trkpt>
      <trkpt lat="46.94352" lon="17.216275">
        <ele>215.7</ele>
        <time>2025-07-13T13:51:36Z</time>
      </trkpt>
      <trkpt lat="46.943615" lon="17.216135">
        <ele>214.8</ele>
        <time>2025-07-13T13:51:38Z</time>
      </trkpt>
      <trkpt lat="46.94368333" lon="17.21594">
        <ele>216</ele>
        <time>2025-07-13T13:51:40Z</time>
      </trkpt>
      <trkpt lat="46.943715" lon="17.21568833">
        <ele>216.4</ele>
        <time>2025-07-13T13:51:42Z</time>
      </trkpt>
      <trkpt lat="46.943735" lon="17.21542833">
        <ele>217.6</ele>
        <time>2025-07-13T13:51:44Z</time>
      </trkpt>
      <trkpt lat="46.94376833" lon="17.215165">
        <ele>218.6</ele>
        <time>2025-07-13T13:51:46Z</time>
      </trkpt>
      <trkpt lat="46.94378833" lon="17.215035">
        <ele>218.1</ele>
        <time>2025-07-13T13:51:47Z</time>
      </trkpt>
      <trkpt lat="46.943805" lon="17.214905">
        <ele>217.8</ele>
        <time>2025-07-13T13:51:48Z</time>
      </trkpt>
      <trkpt lat="46.94382833" lon="17.214775">
        <ele>217.2</ele>
        <time>2025-07-13T13:51:49Z</time>
      </trkpt>
      <trkpt lat="46.94385833" lon="17.214645">
        <ele>216.4</ele>
        <time>2025-07-13T13:51:50Z</time>
      </trkpt>
      <trkpt lat="46.94388833" lon="17.21451167">
        <ele>215.4</ele>
        <time>2025-07-13T13:51:51Z</time>
      </trkpt>
      <trkpt lat="46.94391333" lon="17.21437">
        <ele>214.1</ele>
        <time>2025-07-13T13:51:52Z</time>
      </trkpt>
      <trkpt lat="46.94395" lon="17.21423333">
        <ele>213.9</ele>
        <time>2025-07-13T13:51:53Z</time>
      </trkpt>
      <trkpt lat="46.94398833" lon="17.21409667">
        <ele>213.2</ele>
        <time>2025-07-13T13:51:54Z</time>
      </trkpt>
      <trkpt lat="46.94402333" lon="17.21395167">
        <ele>212.7</ele>
        <time>2025-07-13T13:51:55Z</time>
      </trkpt>
      <trkpt lat="46.944055" lon="17.21381833">
        <ele>212.2</ele>
        <time>2025-07-13T13:51:56Z</time>
      </trkpt>
      <trkpt lat="46.94409" lon="17.21368">
        <ele>212.2</ele>
        <time>2025-07-13T13:51:57Z</time>
      </trkpt>
      <trkpt lat="46.94412167" lon="17.21353833">
        <ele>212</ele>
        <time>2025-07-13T13:51:58Z</time>
      </trkpt>
      <trkpt lat="46.94415833" lon="17.21339833">
        <ele>211.9</ele>
        <time>2025-07-13T13:51:59Z</time>
      </trkpt>
      <trkpt lat="46.94418833" lon="17.21324833">
        <ele>211.1</ele>
        <time>2025-07-13T13:52:00Z</time>
      </trkpt>
      <trkpt lat="46.94421333" lon="17.21309667">
        <ele>210.2</ele>
        <time>2025-07-13T13:52:01Z</time>
      </trkpt>
      <trkpt lat="46.944235" lon="17.21293833">
        <ele>209.4</ele>
        <time>2025-07-13T13:52:02Z</time>
      </trkpt>
      <trkpt lat="46.944255" lon="17.21277333">
        <ele>208.7</ele>
        <time>2025-07-13T13:52:03Z</time>
      </trkpt>
      <trkpt lat="46.94426" lon="17.21259833">
        <ele>209.6</ele>
        <time>2025-07-13T13:52:04Z</time>
      </trkpt>
      <trkpt lat="46.94426333" lon="17.21242833">
        <ele>210.6</ele>
        <time>2025-07-13T13:52:05Z</time>
      </trkpt>
      <trkpt lat="46.94426833" lon="17.21227333">
        <ele>210.3</ele>
        <time>2025-07-13T13:52:06Z</time>
      </trkpt>
      <trkpt lat="46.94427667" lon="17.212105">
        <ele>209.6</ele>
        <time>2025-07-13T13:52:07Z</time>
      </trkpt>
      <trkpt lat="46.944285" lon="17.21193833">
        <ele>209.4</ele>
        <time>2025-07-13T13:52:08Z</time>
      </trkpt>
      <trkpt lat="46.944285" lon="17.21177333">
        <ele>208.9</ele>
        <time>2025-07-13T13:52:09Z</time>
      </trkpt>
      <trkpt lat="46.94429167" lon="17.21160833">
        <ele>208.2</ele>
        <time>2025-07-13T13:52:10Z</time>
      </trkpt>
      <trkpt lat="46.94429333" lon="17.21144667">
        <ele>207.6</ele>
        <time>2025-07-13T13:52:11Z</time>
      </trkpt>
      <trkpt lat="46.9443" lon="17.21127833">
        <ele>207.4</ele>
        <time>2025-07-13T13:52:12Z</time>
      </trkpt>
      <trkpt lat="46.94430833" lon="17.21110833">
        <ele>207.8</ele>
        <time>2025-07-13T13:52:13Z</time>
      </trkpt>
      <trkpt lat="46.94432" lon="17.210945">
        <ele>208</ele>
        <time>2025-07-13T13:52:14Z</time>
      </trkpt>
      <trkpt lat="46.94433167" lon="17.21078">
        <ele>208.3</ele>
        <time>2025-07-13T13:52:15Z</time>
      </trkpt>
      <trkpt lat="46.94433667" lon="17.21061833">
        <ele>207.3</ele>
        <time>2025-07-13T13:52:16Z</time>
      </trkpt>
      <trkpt lat="46.944335" lon="17.21045667">
        <ele>206.3</ele>
        <time>2025-07-13T13:52:17Z</time>
      </trkpt>
      <trkpt lat="46.94433667" lon="17.210305">
        <ele>205.5</ele>
        <time>2025-07-13T13:52:18Z</time>
      </trkpt>
      <trkpt lat="46.94434333" lon="17.21014167">
        <ele>205.6</ele>
        <time>2025-07-13T13:52:19Z</time>
      </trkpt>
      <trkpt lat="46.94434833" lon="17.20997167">
        <ele>205.1</ele>
        <time>2025-07-13T13:52:20Z</time>
      </trkpt>
      <trkpt lat="46.94434833" lon="17.20980333">
        <ele>205</ele>
        <time>2025-07-13T13:52:21Z</time>
      </trkpt>
      <trkpt lat="46.94435167" lon="17.20963167">
        <ele>204.4</ele>
        <time>2025-07-13T13:52:22Z</time>
      </trkpt>
      <trkpt lat="46.94435833" lon="17.20946167">
        <ele>203.7</ele>
        <time>2025-07-13T13:52:23Z</time>
      </trkpt>
      <trkpt lat="46.94435833" lon="17.20928667">
        <ele>203.9</ele>
        <time>2025-07-13T13:52:24Z</time>
      </trkpt>
      <trkpt lat="46.94436333" lon="17.20911167">
        <ele>203.5</ele>
        <time>2025-07-13T13:52:25Z</time>
      </trkpt>
      <trkpt lat="46.94437167" lon="17.20893">
        <ele>204</ele>
        <time>2025-07-13T13:52:26Z</time>
      </trkpt>
      <trkpt lat="46.94437833" lon="17.208745">
        <ele>204.1</ele>
        <time>2025-07-13T13:52:27Z</time>
      </trkpt>
      <trkpt lat="46.94438667" lon="17.20855667">
        <ele>204.7</ele>
        <time>2025-07-13T13:52:28Z</time>
      </trkpt>
      <trkpt lat="46.94438667" lon="17.20836167">
        <ele>205.1</ele>
        <time>2025-07-13T13:52:29Z</time>
      </trkpt>
      <trkpt lat="46.94438667" lon="17.20817333">
        <ele>205.1</ele>
        <time>2025-07-13T13:52:30Z</time>
      </trkpt>
      <trkpt lat="46.94439333" lon="17.20798333">
        <ele>204</ele>
        <time>2025-07-13T13:52:31Z</time>
      </trkpt>
      <trkpt lat="46.94440167" lon="17.20778667">
        <ele>203.5</ele>
        <time>2025-07-13T13:52:32Z</time>
      </trkpt>
      <trkpt lat="46.94441" lon="17.207595">
        <ele>202.6</ele>
        <time>2025-07-13T13:52:33Z</time>
      </trkpt>
      <trkpt lat="46.94441833" lon="17.20741">
        <ele>202.1</ele>
        <time>2025-07-13T13:52:34Z</time>
      </trkpt>
      <trkpt lat="46.94442167" lon="17.20721833">
        <ele>202</ele>
        <time>2025-07-13T13:52:35Z</time>
      </trkpt>
      <trkpt lat="46.944425" lon="17.20702667">
        <ele>201.7</ele>
        <time>2025-07-13T13:52:36Z</time>
      </trkpt>
      <trkpt lat="46.94443667" lon="17.20684333">
        <ele>201.4</ele>
        <time>2025-07-13T13:52:37Z</time>
      </trkpt>
      <trkpt lat="46.94444333" lon="17.20665667">
        <ele>201.3</ele>
        <time>2025-07-13T13:52:38Z</time>
      </trkpt>
      <trkpt lat="46.94444333" lon="17.20646333">
        <ele>201.2</ele>
        <time>2025-07-13T13:52:39Z</time>
      </trkpt>
      <trkpt lat="46.94444667" lon="17.20628167">
        <ele>200.4</ele>
        <time>2025-07-13T13:52:40Z</time>
      </trkpt>
      <trkpt lat="46.944455" lon="17.20609">
        <ele>200.3</ele>
        <time>2025-07-13T13:52:41Z</time>
      </trkpt>
      <trkpt lat="46.94446" lon="17.20589833">
        <ele>199.9</ele>
        <time>2025-07-13T13:52:42Z</time>
      </trkpt>
      <trkpt lat="46.94447167" lon="17.2057">
        <ele>201.9</ele>
        <time>2025-07-13T13:52:43Z</time>
      </trkpt>
      <trkpt lat="46.94448167" lon="17.20550833">
        <ele>201.6</ele>
        <time>2025-07-13T13:52:44Z</time>
      </trkpt>
      <trkpt lat="46.94448333" lon="17.20531333">
        <ele>201.7</ele>
        <time>2025-07-13T13:52:45Z</time>
      </trkpt>
      <trkpt lat="46.94448667" lon="17.20511667">
        <ele>201.9</ele>
        <time>2025-07-13T13:52:46Z</time>
      </trkpt>
      <trkpt lat="46.94449167" lon="17.204915">
        <ele>201.5</ele>
        <time>2025-07-13T13:52:47Z</time>
      </trkpt>
      <trkpt lat="46.94448833" lon="17.20472">
        <ele>202.3</ele>
        <time>2025-07-13T13:52:48Z</time>
      </trkpt>
      <trkpt lat="46.944485" lon="17.204525">
        <ele>202.6</ele>
        <time>2025-07-13T13:52:49Z</time>
      </trkpt>
      <trkpt lat="46.94449333" lon="17.20433333">
        <ele>202.2</ele>
        <time>2025-07-13T13:52:50Z</time>
      </trkpt>
      <trkpt lat="46.94451333" lon="17.204145">
        <ele>202.4</ele>
        <time>2025-07-13T13:52:51Z</time>
      </trkpt>
      <trkpt lat="46.94451833" lon="17.203955">
        <ele>203.4</ele>
        <time>2025-07-13T13:52:52Z</time>
      </trkpt>
      <trkpt lat="46.94452" lon="17.20375833">
        <ele>204.6</ele>
        <time>2025-07-13T13:52:53Z</time>
      </trkpt>
      <trkpt lat="46.94452167" lon="17.20356667">
        <ele>204.8</ele>
        <time>2025-07-13T13:52:54Z</time>
      </trkpt>
      <trkpt lat="46.944535" lon="17.20336667">
        <ele>204.8</ele>
        <time>2025-07-13T13:52:55Z</time>
      </trkpt>
      <trkpt lat="46.94452333" lon="17.20318667">
        <ele>205.4</ele>
        <time>2025-07-13T13:52:56Z</time>
      </trkpt>
      <trkpt lat="46.94452667" lon="17.20300167">
        <ele>207</ele>
        <time>2025-07-13T13:52:57Z</time>
      </trkpt>
      <trkpt lat="46.94453167" lon="17.202625">
        <ele>208.4</ele>
        <time>2025-07-13T13:52:59Z</time>
      </trkpt>
      <trkpt lat="46.94454167" lon="17.20243667">
        <ele>209.8</ele>
        <time>2025-07-13T13:53:00Z</time>
      </trkpt>
      <trkpt lat="46.94454" lon="17.20224833">
        <ele>210.5</ele>
        <time>2025-07-13T13:53:01Z</time>
      </trkpt>
      <trkpt lat="46.94452833" lon="17.20206667">
        <ele>210.9</ele>
        <time>2025-07-13T13:53:02Z</time>
      </trkpt>
      <trkpt lat="46.94445833" lon="17.201705">
        <ele>211.3</ele>
        <time>2025-07-13T13:53:04Z</time>
      </trkpt>
      <trkpt lat="46.94441167" lon="17.201535">
        <ele>212.2</ele>
        <time>2025-07-13T13:53:05Z</time>
      </trkpt>
      <trkpt lat="46.94431833" lon="17.20121333">
        <ele>213.7</ele>
        <time>2025-07-13T13:53:07Z</time>
      </trkpt>
      <trkpt lat="46.94426667" lon="17.20104">
        <ele>214.4</ele>
        <time>2025-07-13T13:53:08Z</time>
      </trkpt>
      <trkpt lat="46.94419833" lon="17.20087667">
        <ele>217.5</ele>
        <time>2025-07-13T13:53:09Z</time>
      </trkpt>
      <trkpt lat="46.944125" lon="17.20071">
        <ele>220.2</ele>
        <time>2025-07-13T13:53:10Z</time>
      </trkpt>
      <trkpt lat="46.94405833" lon="17.20054833">
        <ele>220</ele>
        <time>2025-07-13T13:53:11Z</time>
      </trkpt>
      <trkpt lat="46.943995" lon="17.20038167">
        <ele>219.5</ele>
        <time>2025-07-13T13:53:12Z</time>
      </trkpt>
      <trkpt lat="46.943925" lon="17.20020833">
        <ele>220.3</ele>
        <time>2025-07-13T13:53:13Z</time>
      </trkpt>
      <trkpt lat="46.94386" lon="17.20003333">
        <ele>220.2</ele>
        <time>2025-07-13T13:53:14Z</time>
      </trkpt>
      <trkpt lat="46.94379833" lon="17.199875">
        <ele>220.8</ele>
        <time>2025-07-13T13:53:15Z</time>
      </trkpt>
      <trkpt lat="46.94372833" lon="17.19970833">
        <ele>221.6</ele>
        <time>2025-07-13T13:53:16Z</time>
      </trkpt>
      <trkpt lat="46.94360667" lon="17.19939">
        <ele>222.2</ele>
        <time>2025-07-13T13:53:18Z</time>
      </trkpt>
      <trkpt lat="46.94353667" lon="17.19922667">
        <ele>223.4</ele>
        <time>2025-07-13T13:53:19Z</time>
      </trkpt>
      <trkpt lat="46.943465" lon="17.19907">
        <ele>224.7</ele>
        <time>2025-07-13T13:53:20Z</time>
      </trkpt>
      <trkpt lat="46.94339667" lon="17.19891167">
        <ele>224.7</ele>
        <time>2025-07-13T13:53:21Z</time>
      </trkpt>
      <trkpt lat="46.94325667" lon="17.19857833">
        <ele>224.1</ele>
        <time>2025-07-13T13:53:23Z</time>
      </trkpt>
      <trkpt lat="46.94318833" lon="17.19841167">
        <ele>224.9</ele>
        <time>2025-07-13T13:53:24Z</time>
      </trkpt>
      <trkpt lat="46.94311833" lon="17.198245">
        <ele>225.2</ele>
        <time>2025-07-13T13:53:25Z</time>
      </trkpt>
      <trkpt lat="46.94305333" lon="17.198075">
        <ele>225.1</ele>
        <time>2025-07-13T13:53:26Z</time>
      </trkpt>
      <trkpt lat="46.94291167" lon="17.19774667">
        <ele>225.9</ele>
        <time>2025-07-13T13:53:28Z</time>
      </trkpt>
      <trkpt lat="46.94284" lon="17.19757833">
        <ele>226.3</ele>
        <time>2025-07-13T13:53:29Z</time>
      </trkpt>
      <trkpt lat="46.94277667" lon="17.197425">
        <ele>227</ele>
        <time>2025-07-13T13:53:30Z</time>
      </trkpt>
      <trkpt lat="46.94264167" lon="17.19708333">
        <ele>228.6</ele>
        <time>2025-07-13T13:53:32Z</time>
      </trkpt>
      <trkpt lat="46.94257333" lon="17.19691667">
        <ele>229.1</ele>
        <time>2025-07-13T13:53:33Z</time>
      </trkpt>
      <trkpt lat="46.942505" lon="17.19675333">
        <ele>229.3</ele>
        <time>2025-07-13T13:53:34Z</time>
      </trkpt>
      <trkpt lat="46.94243833" lon="17.19658833">
        <ele>229.9</ele>
        <time>2025-07-13T13:53:35Z</time>
      </trkpt>
      <trkpt lat="46.94237" lon="17.19641833">
        <ele>229.9</ele>
        <time>2025-07-13T13:53:36Z</time>
      </trkpt>
      <trkpt lat="46.94230333" lon="17.196255">
        <ele>230.4</ele>
        <time>2025-07-13T13:53:37Z</time>
      </trkpt>
      <trkpt lat="46.94223167" lon="17.19609667">
        <ele>230.2</ele>
        <time>2025-07-13T13:53:38Z</time>
      </trkpt>
      <trkpt lat="46.94216333" lon="17.19594">
        <ele>230.3</ele>
        <time>2025-07-13T13:53:39Z</time>
      </trkpt>
      <trkpt lat="46.94209333" lon="17.19577667">
        <ele>230.2</ele>
        <time>2025-07-13T13:53:40Z</time>
      </trkpt>
      <trkpt lat="46.942025" lon="17.19560667">
        <ele>230</ele>
        <time>2025-07-13T13:53:41Z</time>
      </trkpt>
      <trkpt lat="46.94196167" lon="17.19543667">
        <ele>229.1</ele>
        <time>2025-07-13T13:53:42Z</time>
      </trkpt>
      <trkpt lat="46.94189167" lon="17.19526">
        <ele>229.4</ele>
        <time>2025-07-13T13:53:43Z</time>
      </trkpt>
      <trkpt lat="46.94180833" lon="17.19509167">
        <ele>229.7</ele>
        <time>2025-07-13T13:53:44Z</time>
      </trkpt>
      <trkpt lat="46.94173167" lon="17.19491667">
        <ele>230</ele>
        <time>2025-07-13T13:53:45Z</time>
      </trkpt>
      <trkpt lat="46.94166" lon="17.19474333">
        <ele>230.6</ele>
        <time>2025-07-13T13:53:46Z</time>
      </trkpt>
      <trkpt lat="46.94158333" lon="17.194565">
        <ele>230.7</ele>
        <time>2025-07-13T13:53:47Z</time>
      </trkpt>
      <trkpt lat="46.941515" lon="17.19438">
        <ele>231.3</ele>
        <time>2025-07-13T13:53:48Z</time>
      </trkpt>
      <trkpt lat="46.94144167" lon="17.19419667">
        <ele>231.9</ele>
        <time>2025-07-13T13:53:49Z</time>
      </trkpt>
      <trkpt lat="46.94137" lon="17.19401">
        <ele>231.9</ele>
        <time>2025-07-13T13:53:50Z</time>
      </trkpt>
      <trkpt lat="46.94129167" lon="17.193825">
        <ele>232.3</ele>
        <time>2025-07-13T13:53:51Z</time>
      </trkpt>
      <trkpt lat="46.94120667" lon="17.19364">
        <ele>232</ele>
        <time>2025-07-13T13:53:52Z</time>
      </trkpt>
      <trkpt lat="46.94113667" lon="17.19346">
        <ele>232.4</ele>
        <time>2025-07-13T13:53:53Z</time>
      </trkpt>
      <trkpt lat="46.94105833" lon="17.193285">
        <ele>232.5</ele>
        <time>2025-07-13T13:53:54Z</time>
      </trkpt>
      <trkpt lat="46.94097833" lon="17.19310833">
        <ele>233.7</ele>
        <time>2025-07-13T13:53:55Z</time>
      </trkpt>
      <trkpt lat="46.94089667" lon="17.192925">
        <ele>232.9</ele>
        <time>2025-07-13T13:53:56Z</time>
      </trkpt>
      <trkpt lat="46.94079" lon="17.192775">
        <ele>233.5</ele>
        <time>2025-07-13T13:53:57Z</time>
      </trkpt>
      <trkpt lat="46.9407" lon="17.19260667">
        <ele>234.3</ele>
        <time>2025-07-13T13:53:58Z</time>
      </trkpt>
      <trkpt lat="46.94060333" lon="17.19242667">
        <ele>234.6</ele>
        <time>2025-07-13T13:53:59Z</time>
      </trkpt>
      <trkpt lat="46.940515" lon="17.19226">
        <ele>234.5</ele>
        <time>2025-07-13T13:54:00Z</time>
      </trkpt>
      <trkpt lat="46.94043333" lon="17.19208667">
        <ele>233.4</ele>
        <time>2025-07-13T13:54:01Z</time>
      </trkpt>
      <trkpt lat="46.94033833" lon="17.19191833">
        <ele>233.8</ele>
        <time>2025-07-13T13:54:02Z</time>
      </trkpt>
      <trkpt lat="46.94023833" lon="17.19175333">
        <ele>233.1</ele>
        <time>2025-07-13T13:54:03Z</time>
      </trkpt>
      <trkpt lat="46.94013667" lon="17.191585">
        <ele>232.3</ele>
        <time>2025-07-13T13:54:04Z</time>
      </trkpt>
      <trkpt lat="46.94004" lon="17.19141833">
        <ele>231</ele>
        <time>2025-07-13T13:54:05Z</time>
      </trkpt>
      <trkpt lat="46.93994167" lon="17.191245">
        <ele>230.1</ele>
        <time>2025-07-13T13:54:06Z</time>
      </trkpt>
      <trkpt lat="46.93984" lon="17.19106667">
        <ele>228.5</ele>
        <time>2025-07-13T13:54:07Z</time>
      </trkpt>
      <trkpt lat="46.93973333" lon="17.19089333">
        <ele>227.8</ele>
        <time>2025-07-13T13:54:08Z</time>
      </trkpt>
      <trkpt lat="46.93963333" lon="17.190715">
        <ele>227.4</ele>
        <time>2025-07-13T13:54:09Z</time>
      </trkpt>
      <trkpt lat="46.93954167" lon="17.19053167">
        <ele>225.6</ele>
        <time>2025-07-13T13:54:10Z</time>
      </trkpt>
      <trkpt lat="46.939445" lon="17.190355">
        <ele>224</ele>
        <time>2025-07-13T13:54:11Z</time>
      </trkpt>
      <trkpt lat="46.939345" lon="17.19018833">
        <ele>223.4</ele>
        <time>2025-07-13T13:54:12Z</time>
      </trkpt>
      <trkpt lat="46.93924667" lon="17.19002">
        <ele>223</ele>
        <time>2025-07-13T13:54:13Z</time>
      </trkpt>
      <trkpt lat="46.93914833" lon="17.18985">
        <ele>221.7</ele>
        <time>2025-07-13T13:54:14Z</time>
      </trkpt>
      <trkpt lat="46.93904667" lon="17.18968167">
        <ele>220</ele>
        <time>2025-07-13T13:54:15Z</time>
      </trkpt>
      <trkpt lat="46.93894667" lon="17.189515">
        <ele>219.7</ele>
        <time>2025-07-13T13:54:16Z</time>
      </trkpt>
      <trkpt lat="46.93884333" lon="17.18935833">
        <ele>218.7</ele>
        <time>2025-07-13T13:54:17Z</time>
      </trkpt>
      <trkpt lat="46.93875" lon="17.18918333">
        <ele>218</ele>
        <time>2025-07-13T13:54:18Z</time>
      </trkpt>
      <trkpt lat="46.93866" lon="17.18900167">
        <ele>216.3</ele>
        <time>2025-07-13T13:54:19Z</time>
      </trkpt>
      <trkpt lat="46.93856" lon="17.18883833">
        <ele>214.8</ele>
        <time>2025-07-13T13:54:20Z</time>
      </trkpt>
      <trkpt lat="46.93846167" lon="17.18867">
        <ele>214.1</ele>
        <time>2025-07-13T13:54:21Z</time>
      </trkpt>
      <trkpt lat="46.93836667" lon="17.188495">
        <ele>213.2</ele>
        <time>2025-07-13T13:54:22Z</time>
      </trkpt>
      <trkpt lat="46.938265" lon="17.18832333">
        <ele>212.3</ele>
        <time>2025-07-13T13:54:23Z</time>
      </trkpt>
      <trkpt lat="46.93816167" lon="17.18814167">
        <ele>211.4</ele>
        <time>2025-07-13T13:54:24Z</time>
      </trkpt>
      <trkpt lat="46.93807333" lon="17.18797">
        <ele>211.4</ele>
        <time>2025-07-13T13:54:25Z</time>
      </trkpt>
      <trkpt lat="46.93797833" lon="17.18781333">
        <ele>210.1</ele>
        <time>2025-07-13T13:54:26Z</time>
      </trkpt>
      <trkpt lat="46.93788833" lon="17.18765">
        <ele>209.9</ele>
        <time>2025-07-13T13:54:27Z</time>
      </trkpt>
      <trkpt lat="46.93778333" lon="17.18749333">
        <ele>211.3</ele>
        <time>2025-07-13T13:54:28Z</time>
      </trkpt>
      <trkpt lat="46.93768333" lon="17.187335">
        <ele>210</ele>
        <time>2025-07-13T13:54:29Z</time>
      </trkpt>
      <trkpt lat="46.93758667" lon="17.18716833">
        <ele>209.3</ele>
        <time>2025-07-13T13:54:30Z</time>
      </trkpt>
      <trkpt lat="46.93750167" lon="17.18701">
        <ele>208.2</ele>
        <time>2025-07-13T13:54:31Z</time>
      </trkpt>
      <trkpt lat="46.93740833" lon="17.18684">
        <ele>207.6</ele>
        <time>2025-07-13T13:54:32Z</time>
      </trkpt>
      <trkpt lat="46.93731833" lon="17.18667167">
        <ele>208</ele>
        <time>2025-07-13T13:54:33Z</time>
      </trkpt>
      <trkpt lat="46.93721833" lon="17.18651333">
        <ele>208</ele>
        <time>2025-07-13T13:54:34Z</time>
      </trkpt>
      <trkpt lat="46.937125" lon="17.18634667">
        <ele>208.7</ele>
        <time>2025-07-13T13:54:35Z</time>
      </trkpt>
      <trkpt lat="46.93703" lon="17.186175">
        <ele>208.9</ele>
        <time>2025-07-13T13:54:36Z</time>
      </trkpt>
      <trkpt lat="46.93693833" lon="17.186005">
        <ele>208.4</ele>
        <time>2025-07-13T13:54:37Z</time>
      </trkpt>
      <trkpt lat="46.93684833" lon="17.18584833">
        <ele>209</ele>
        <time>2025-07-13T13:54:38Z</time>
      </trkpt>
      <trkpt lat="46.936755" lon="17.18568667">
        <ele>209.4</ele>
        <time>2025-07-13T13:54:39Z</time>
      </trkpt>
      <trkpt lat="46.93666" lon="17.18551833">
        <ele>209.8</ele>
        <time>2025-07-13T13:54:40Z</time>
      </trkpt>
      <trkpt lat="46.93656667" lon="17.18534">
        <ele>211.2</ele>
        <time>2025-07-13T13:54:41Z</time>
      </trkpt>
      <trkpt lat="46.93647667" lon="17.18516833">
        <ele>212.3</ele>
        <time>2025-07-13T13:54:42Z</time>
      </trkpt>
      <trkpt lat="46.936385" lon="17.18499333">
        <ele>213</ele>
        <time>2025-07-13T13:54:43Z</time>
      </trkpt>
      <trkpt lat="46.936305" lon="17.184835">
        <ele>212.1</ele>
        <time>2025-07-13T13:54:44Z</time>
      </trkpt>
      <trkpt lat="46.93621833" lon="17.184665">
        <ele>210.9</ele>
        <time>2025-07-13T13:54:45Z</time>
      </trkpt>
      <trkpt lat="46.93613667" lon="17.18448">
        <ele>210.1</ele>
        <time>2025-07-13T13:54:46Z</time>
      </trkpt>
      <trkpt lat="46.93606167" lon="17.18430167">
        <ele>209.2</ele>
        <time>2025-07-13T13:54:47Z</time>
      </trkpt>
      <trkpt lat="46.93598167" lon="17.18412">
        <ele>209</ele>
        <time>2025-07-13T13:54:48Z</time>
      </trkpt>
      <trkpt lat="46.93590667" lon="17.18393833">
        <ele>208.2</ele>
        <time>2025-07-13T13:54:49Z</time>
      </trkpt>
      <trkpt lat="46.935835" lon="17.18375667">
        <ele>208</ele>
        <time>2025-07-13T13:54:50Z</time>
      </trkpt>
      <trkpt lat="46.935755" lon="17.18359333">
        <ele>207.6</ele>
        <time>2025-07-13T13:54:51Z</time>
      </trkpt>
      <trkpt lat="46.93568" lon="17.18342833">
        <ele>207.9</ele>
        <time>2025-07-13T13:54:52Z</time>
      </trkpt>
      <trkpt lat="46.93560667" lon="17.18326833">
        <ele>207</ele>
        <time>2025-07-13T13:54:53Z</time>
      </trkpt>
      <trkpt lat="46.93553" lon="17.183115">
        <ele>207.3</ele>
        <time>2025-07-13T13:54:54Z</time>
      </trkpt>
      <trkpt lat="46.93546833" lon="17.18295833">
        <ele>208.2</ele>
        <time>2025-07-13T13:54:55Z</time>
      </trkpt>
      <trkpt lat="46.93539333" lon="17.18282333">
        <ele>208.6</ele>
        <time>2025-07-13T13:54:56Z</time>
      </trkpt>
      <trkpt lat="46.93530833" lon="17.18270167">
        <ele>209.7</ele>
        <time>2025-07-13T13:54:57Z</time>
      </trkpt>
      <trkpt lat="46.93521667" lon="17.18258667">
        <ele>209.6</ele>
        <time>2025-07-13T13:54:58Z</time>
      </trkpt>
      <trkpt lat="46.93512667" lon="17.182495">
        <ele>208.8</ele>
        <time>2025-07-13T13:54:59Z</time>
      </trkpt>
      <trkpt lat="46.93503167" lon="17.18241667">
        <ele>209</ele>
        <time>2025-07-13T13:55:00Z</time>
      </trkpt>
      <trkpt lat="46.93493167" lon="17.18235167">
        <ele>209.7</ele>
        <time>2025-07-13T13:55:01Z</time>
      </trkpt>
      <trkpt lat="46.934825" lon="17.18228333">
        <ele>209.6</ele>
        <time>2025-07-13T13:55:02Z</time>
      </trkpt>
      <trkpt lat="46.93471167" lon="17.18224167">
        <ele>209.6</ele>
        <time>2025-07-13T13:55:03Z</time>
      </trkpt>
      <trkpt lat="46.9346" lon="17.18221667">
        <ele>209.3</ele>
        <time>2025-07-13T13:55:04Z</time>
      </trkpt>
      <trkpt lat="46.93447667" lon="17.1822">
        <ele>208.2</ele>
        <time>2025-07-13T13:55:05Z</time>
      </trkpt>
      <trkpt lat="46.93435667" lon="17.18218">
        <ele>207</ele>
        <time>2025-07-13T13:55:06Z</time>
      </trkpt>
      <trkpt lat="46.93423833" lon="17.182165">
        <ele>206.6</ele>
        <time>2025-07-13T13:55:07Z</time>
      </trkpt>
      <trkpt lat="46.93411833" lon="17.18215833">
        <ele>206.1</ele>
        <time>2025-07-13T13:55:08Z</time>
      </trkpt>
      <trkpt lat="46.93400833" lon="17.182145">
        <ele>206.4</ele>
        <time>2025-07-13T13:55:09Z</time>
      </trkpt>
      <trkpt lat="46.93389167" lon="17.18213667">
        <ele>206.9</ele>
        <time>2025-07-13T13:55:10Z</time>
      </trkpt>
      <trkpt lat="46.93376667" lon="17.18212">
        <ele>206.8</ele>
        <time>2025-07-13T13:55:11Z</time>
      </trkpt>
      <trkpt lat="46.93365333" lon="17.18209667">
        <ele>206.4</ele>
        <time>2025-07-13T13:55:12Z</time>
      </trkpt>
      <trkpt lat="46.93353333" lon="17.18202333">
        <ele>210</ele>
        <time>2025-07-13T13:55:13Z</time>
      </trkpt>
      <trkpt lat="46.933425" lon="17.18196833">
        <ele>209.7</ele>
        <time>2025-07-13T13:55:14Z</time>
      </trkpt>
      <trkpt lat="46.93332667" lon="17.181895">
        <ele>209.7</ele>
        <time>2025-07-13T13:55:15Z</time>
      </trkpt>
      <trkpt lat="46.93322667" lon="17.18182333">
        <ele>209.9</ele>
        <time>2025-07-13T13:55:16Z</time>
      </trkpt>
      <trkpt lat="46.93314" lon="17.18174333">
        <ele>211.1</ele>
        <time>2025-07-13T13:55:17Z</time>
      </trkpt>
      <trkpt lat="46.93305667" lon="17.18165833">
        <ele>211.7</ele>
        <time>2025-07-13T13:55:18Z</time>
      </trkpt>
      <trkpt lat="46.93297833" lon="17.18157">
        <ele>211.8</ele>
        <time>2025-07-13T13:55:19Z</time>
      </trkpt>
      <trkpt lat="46.932905" lon="17.181485">
        <ele>211.7</ele>
        <time>2025-07-13T13:55:20Z</time>
      </trkpt>
      <trkpt lat="46.93278167" lon="17.18128833">
        <ele>210.6</ele>
        <time>2025-07-13T13:55:22Z</time>
      </trkpt>
      <trkpt lat="46.93271167" lon="17.18118">
        <ele>211.3</ele>
        <time>2025-07-13T13:55:23Z</time>
      </trkpt>
      <trkpt lat="46.93264333" lon="17.181065">
        <ele>211.7</ele>
        <time>2025-07-13T13:55:24Z</time>
      </trkpt>
      <trkpt lat="46.93258333" lon="17.18096167">
        <ele>213</ele>
        <time>2025-07-13T13:55:25Z</time>
      </trkpt>
      <trkpt lat="46.932535" lon="17.18084333">
        <ele>216.1</ele>
        <time>2025-07-13T13:55:26Z</time>
      </trkpt>
      <trkpt lat="46.93248333" lon="17.18073">
        <ele>217.7</ele>
        <time>2025-07-13T13:55:27Z</time>
      </trkpt>
      <trkpt lat="46.93241333" lon="17.18063333">
        <ele>218.9</ele>
        <time>2025-07-13T13:55:28Z</time>
      </trkpt>
      <trkpt lat="46.93235833" lon="17.18051167">
        <ele>220.5</ele>
        <time>2025-07-13T13:55:29Z</time>
      </trkpt>
      <trkpt lat="46.93226833" lon="17.18031">
        <ele>223.4</ele>
        <time>2025-07-13T13:55:31Z</time>
      </trkpt>
      <trkpt lat="46.93220333" lon="17.18009167">
        <ele>225.4</ele>
        <time>2025-07-13T13:55:33Z</time>
      </trkpt>
      <trkpt lat="46.932155" lon="17.17986">
        <ele>225.8</ele>
        <time>2025-07-13T13:55:35Z</time>
      </trkpt>
      <trkpt lat="46.93213" lon="17.17973">
        <ele>226.2</ele>
        <time>2025-07-13T13:55:36Z</time>
      </trkpt>
      <trkpt lat="46.932085" lon="17.179485">
        <ele>226</ele>
        <time>2025-07-13T13:55:38Z</time>
      </trkpt>
      <trkpt lat="46.93205" lon="17.17926">
        <ele>224.6</ele>
        <time>2025-07-13T13:55:40Z</time>
      </trkpt>
      <trkpt lat="46.93201667" lon="17.17902">
        <ele>223</ele>
        <time>2025-07-13T13:55:42Z</time>
      </trkpt>
      <trkpt lat="46.931975" lon="17.17879667">
        <ele>222.6</ele>
        <time>2025-07-13T13:55:44Z</time>
      </trkpt>
      <trkpt lat="46.93194333" lon="17.17859167">
        <ele>224</ele>
        <time>2025-07-13T13:55:46Z</time>
      </trkpt>
      <trkpt lat="46.93193167" lon="17.17839333">
        <ele>222.6</ele>
        <time>2025-07-13T13:55:48Z</time>
      </trkpt>
      <trkpt lat="46.931965" lon="17.17823667">
        <ele>221.1</ele>
        <time>2025-07-13T13:55:50Z</time>
      </trkpt>
      <trkpt lat="46.93202833" lon="17.17810167">
        <ele>220.4</ele>
        <time>2025-07-13T13:55:52Z</time>
      </trkpt>
      <trkpt lat="46.932125" lon="17.17804333">
        <ele>219.6</ele>
        <time>2025-07-13T13:55:54Z</time>
      </trkpt>
      <trkpt lat="46.93224833" lon="17.17797833">
        <ele>219.6</ele>
        <time>2025-07-13T13:55:57Z</time>
      </trkpt>
      <trkpt lat="46.93233" lon="17.17788333">
        <ele>215.6</ele>
        <time>2025-07-13T13:56:16Z</time>
      </trkpt>
      <trkpt lat="46.93240667" lon="17.17777667">
        <ele>215.6</ele>
        <time>2025-07-13T13:56:19Z</time>
      </trkpt>
      <trkpt lat="46.93250167" lon="17.17769">
        <ele>214.8</ele>
        <time>2025-07-13T13:56:21Z</time>
      </trkpt>
      <trkpt lat="46.932615" lon="17.17760167">
        <ele>213.9</ele>
        <time>2025-07-13T13:56:23Z</time>
      </trkpt>
      <trkpt lat="46.93272833" lon="17.17749">
        <ele>213.2</ele>
        <time>2025-07-13T13:56:25Z</time>
      </trkpt>
      <trkpt lat="46.93285167" lon="17.17738833">
        <ele>212.6</ele>
        <time>2025-07-13T13:56:27Z</time>
      </trkpt>
      <trkpt lat="46.93298667" lon="17.17728833">
        <ele>214.4</ele>
        <time>2025-07-13T13:56:29Z</time>
      </trkpt>
      <trkpt lat="46.93313" lon="17.17719667">
        <ele>215.5</ele>
        <time>2025-07-13T13:56:31Z</time>
      </trkpt>
      <trkpt lat="46.93328333" lon="17.17711167">
        <ele>215.3</ele>
        <time>2025-07-13T13:56:33Z</time>
      </trkpt>
      <trkpt lat="46.933425" lon="17.17703833">
        <ele>215.1</ele>
        <time>2025-07-13T13:56:35Z</time>
      </trkpt>
      <trkpt lat="46.93355833" lon="17.17691833">
        <ele>214.9</ele>
        <time>2025-07-13T13:56:37Z</time>
      </trkpt>
      <trkpt lat="46.93366333" lon="17.176745">
        <ele>214.5</ele>
        <time>2025-07-13T13:56:39Z</time>
      </trkpt>
      <trkpt lat="46.933725" lon="17.17652333">
        <ele>215.3</ele>
        <time>2025-07-13T13:56:41Z</time>
      </trkpt>
      <trkpt lat="46.93373333" lon="17.17628333">
        <ele>214.8</ele>
        <time>2025-07-13T13:56:43Z</time>
      </trkpt>
      <trkpt lat="46.93367333" lon="17.17603667">
        <ele>213.7</ele>
        <time>2025-07-13T13:56:45Z</time>
      </trkpt>
      <trkpt lat="46.93361" lon="17.17578833">
        <ele>211.4</ele>
        <time>2025-07-13T13:56:47Z</time>
      </trkpt>
      <trkpt lat="46.93358167" lon="17.17565667">
        <ele>211.3</ele>
        <time>2025-07-13T13:56:48Z</time>
      </trkpt>
      <trkpt lat="46.93354167" lon="17.17552667">
        <ele>210.5</ele>
        <time>2025-07-13T13:56:49Z</time>
      </trkpt>
      <trkpt lat="46.93350833" lon="17.175395">
        <ele>209.3</ele>
        <time>2025-07-13T13:56:50Z</time>
      </trkpt>
      <trkpt lat="46.93347833" lon="17.17526">
        <ele>208.8</ele>
        <time>2025-07-13T13:56:51Z</time>
      </trkpt>
      <trkpt lat="46.93344167" lon="17.17511">
        <ele>208.3</ele>
        <time>2025-07-13T13:56:52Z</time>
      </trkpt>
      <trkpt lat="46.93339833" lon="17.174955">
        <ele>207.8</ele>
        <time>2025-07-13T13:56:53Z</time>
      </trkpt>
      <trkpt lat="46.93334833" lon="17.17479667">
        <ele>207</ele>
        <time>2025-07-13T13:56:54Z</time>
      </trkpt>
      <trkpt lat="46.93330667" lon="17.17463833">
        <ele>206.3</ele>
        <time>2025-07-13T13:56:55Z</time>
      </trkpt>
      <trkpt lat="46.93327" lon="17.174475">
        <ele>204.8</ele>
        <time>2025-07-13T13:56:56Z</time>
      </trkpt>
      <trkpt lat="46.93322833" lon="17.17430333">
        <ele>203.8</ele>
        <time>2025-07-13T13:56:57Z</time>
      </trkpt>
      <trkpt lat="46.93318167" lon="17.17413">
        <ele>202.9</ele>
        <time>2025-07-13T13:56:58Z</time>
      </trkpt>
      <trkpt lat="46.933125" lon="17.17395333">
        <ele>202.4</ele>
        <time>2025-07-13T13:56:59Z</time>
      </trkpt>
      <trkpt lat="46.93307667" lon="17.17377667">
        <ele>201.3</ele>
        <time>2025-07-13T13:57:00Z</time>
      </trkpt>
      <trkpt lat="46.93301667" lon="17.17358833">
        <ele>200.7</ele>
        <time>2025-07-13T13:57:01Z</time>
      </trkpt>
      <trkpt lat="46.93296833" lon="17.17341333">
        <ele>200</ele>
        <time>2025-07-13T13:57:02Z</time>
      </trkpt>
      <trkpt lat="46.93293" lon="17.17324833">
        <ele>199.8</ele>
        <time>2025-07-13T13:57:03Z</time>
      </trkpt>
      <trkpt lat="46.93289667" lon="17.17310667">
        <ele>201.1</ele>
        <time>2025-07-13T13:57:04Z</time>
      </trkpt>
      <trkpt lat="46.93286333" lon="17.17296167">
        <ele>201.3</ele>
        <time>2025-07-13T13:57:05Z</time>
      </trkpt>
      <trkpt lat="46.93281667" lon="17.17279833">
        <ele>201.7</ele>
        <time>2025-07-13T13:57:06Z</time>
      </trkpt>
      <trkpt lat="46.93277167" lon="17.17263333">
        <ele>202.5</ele>
        <time>2025-07-13T13:57:07Z</time>
      </trkpt>
      <trkpt lat="46.93271333" lon="17.17245833">
        <ele>202.6</ele>
        <time>2025-07-13T13:57:08Z</time>
      </trkpt>
      <trkpt lat="46.93266667" lon="17.17227">
        <ele>203.4</ele>
        <time>2025-07-13T13:57:09Z</time>
      </trkpt>
      <trkpt lat="46.93262333" lon="17.17208667">
        <ele>203.5</ele>
        <time>2025-07-13T13:57:10Z</time>
      </trkpt>
      <trkpt lat="46.93258333" lon="17.17190333">
        <ele>203.2</ele>
        <time>2025-07-13T13:57:11Z</time>
      </trkpt>
      <trkpt lat="46.93253833" lon="17.17171667">
        <ele>203.5</ele>
        <time>2025-07-13T13:57:12Z</time>
      </trkpt>
      <trkpt lat="46.93249" lon="17.171535">
        <ele>204.2</ele>
        <time>2025-07-13T13:57:13Z</time>
      </trkpt>
      <trkpt lat="46.93243833" lon="17.17134">
        <ele>204.8</ele>
        <time>2025-07-13T13:57:14Z</time>
      </trkpt>
      <trkpt lat="46.93239167" lon="17.17114667">
        <ele>204.6</ele>
        <time>2025-07-13T13:57:15Z</time>
      </trkpt>
      <trkpt lat="46.932345" lon="17.170955">
        <ele>204</ele>
        <time>2025-07-13T13:57:16Z</time>
      </trkpt>
      <trkpt lat="46.9323" lon="17.17077">
        <ele>203.6</ele>
        <time>2025-07-13T13:57:17Z</time>
      </trkpt>
      <trkpt lat="46.93225333" lon="17.17057667">
        <ele>203.4</ele>
        <time>2025-07-13T13:57:18Z</time>
      </trkpt>
      <trkpt lat="46.93220667" lon="17.17038833">
        <ele>202.6</ele>
        <time>2025-07-13T13:57:19Z</time>
      </trkpt>
      <trkpt lat="46.93216167" lon="17.17020833">
        <ele>202.9</ele>
        <time>2025-07-13T13:57:20Z</time>
      </trkpt>
      <trkpt lat="46.93211833" lon="17.17002667">
        <ele>203.5</ele>
        <time>2025-07-13T13:57:21Z</time>
      </trkpt>
      <trkpt lat="46.93207" lon="17.16984167">
        <ele>203.8</ele>
        <time>2025-07-13T13:57:22Z</time>
      </trkpt>
      <trkpt lat="46.932025" lon="17.169665">
        <ele>204.6</ele>
        <time>2025-07-13T13:57:23Z</time>
      </trkpt>
      <trkpt lat="46.93197333" lon="17.16949">
        <ele>204.2</ele>
        <time>2025-07-13T13:57:24Z</time>
      </trkpt>
      <trkpt lat="46.93192333" lon="17.16931833">
        <ele>204</ele>
        <time>2025-07-13T13:57:25Z</time>
      </trkpt>
      <trkpt lat="46.93187" lon="17.16914667">
        <ele>204.4</ele>
        <time>2025-07-13T13:57:26Z</time>
      </trkpt>
      <trkpt lat="46.93182333" lon="17.16897667">
        <ele>204.3</ele>
        <time>2025-07-13T13:57:27Z</time>
      </trkpt>
      <trkpt lat="46.93177833" lon="17.16881667">
        <ele>204.8</ele>
        <time>2025-07-13T13:57:28Z</time>
      </trkpt>
      <trkpt lat="46.93174" lon="17.168655">
        <ele>205.1</ele>
        <time>2025-07-13T13:57:29Z</time>
      </trkpt>
      <trkpt lat="46.9317" lon="17.1685">
        <ele>205.4</ele>
        <time>2025-07-13T13:57:30Z</time>
      </trkpt>
      <trkpt lat="46.93166" lon="17.168335">
        <ele>205.8</ele>
        <time>2025-07-13T13:57:31Z</time>
      </trkpt>
      <trkpt lat="46.93162667" lon="17.16817167">
        <ele>205.4</ele>
        <time>2025-07-13T13:57:32Z</time>
      </trkpt>
      <trkpt lat="46.93158667" lon="17.16801667">
        <ele>204.4</ele>
        <time>2025-07-13T13:57:33Z</time>
      </trkpt>
      <trkpt lat="46.93154333" lon="17.16787">
        <ele>204.1</ele>
        <time>2025-07-13T13:57:34Z</time>
      </trkpt>
      <trkpt lat="46.93151167" lon="17.16772833">
        <ele>204</ele>
        <time>2025-07-13T13:57:35Z</time>
      </trkpt>
      <trkpt lat="46.93147333" lon="17.16759167">
        <ele>203.7</ele>
        <time>2025-07-13T13:57:36Z</time>
      </trkpt>
      <trkpt lat="46.93143667" lon="17.16746167">
        <ele>203.3</ele>
        <time>2025-07-13T13:57:37Z</time>
      </trkpt>
      <trkpt lat="46.93140333" lon="17.16733667">
        <ele>202.7</ele>
        <time>2025-07-13T13:57:38Z</time>
      </trkpt>
      <trkpt lat="46.931345" lon="17.16711167">
        <ele>202.3</ele>
        <time>2025-07-13T13:57:40Z</time>
      </trkpt>
      <trkpt lat="46.93129167" lon="17.16690333">
        <ele>203.3</ele>
        <time>2025-07-13T13:57:42Z</time>
      </trkpt>
      <trkpt lat="46.93125167" lon="17.166725">
        <ele>205.7</ele>
        <time>2025-07-13T13:57:44Z</time>
      </trkpt>
      <trkpt lat="46.93122" lon="17.16656333">
        <ele>205.7</ele>
        <time>2025-07-13T13:57:46Z</time>
      </trkpt>
      <trkpt lat="46.9312" lon="17.16640667">
        <ele>206.4</ele>
        <time>2025-07-13T13:57:48Z</time>
      </trkpt>
      <trkpt lat="46.93119" lon="17.16624167">
        <ele>207.2</ele>
        <time>2025-07-13T13:57:50Z</time>
      </trkpt>
      <trkpt lat="46.93118" lon="17.166085">
        <ele>207.6</ele>
        <time>2025-07-13T13:57:52Z</time>
      </trkpt>
      <trkpt lat="46.93118833" lon="17.16592">
        <ele>207.6</ele>
        <time>2025-07-13T13:57:54Z</time>
      </trkpt>
      <trkpt lat="46.93119167" lon="17.16575333">
        <ele>207.2</ele>
        <time>2025-07-13T13:57:56Z</time>
      </trkpt>
      <trkpt lat="46.931215" lon="17.16559">
        <ele>207.5</ele>
        <time>2025-07-13T13:57:58Z</time>
      </trkpt>
      <trkpt lat="46.93125167" lon="17.16543833">
        <ele>208.9</ele>
        <time>2025-07-13T13:58:00Z</time>
      </trkpt>
      <trkpt lat="46.931285" lon="17.1653">
        <ele>209.4</ele>
        <time>2025-07-13T13:58:02Z</time>
      </trkpt>
      <trkpt lat="46.93131833" lon="17.16517167">
        <ele>209.7</ele>
        <time>2025-07-13T13:58:04Z</time>
      </trkpt>
      <trkpt lat="46.931345" lon="17.16503">
        <ele>210.3</ele>
        <time>2025-07-13T13:58:06Z</time>
      </trkpt>
      <trkpt lat="46.931365" lon="17.16489667">
        <ele>209.3</ele>
        <time>2025-07-13T13:58:08Z</time>
      </trkpt>
      <trkpt lat="46.93139" lon="17.16476">
        <ele>209.5</ele>
        <time>2025-07-13T13:58:10Z</time>
      </trkpt>
      <trkpt lat="46.93144167" lon="17.16462833">
        <ele>209.1</ele>
        <time>2025-07-13T13:58:12Z</time>
      </trkpt>
      <trkpt lat="46.931505" lon="17.16448333">
        <ele>210.3</ele>
        <time>2025-07-13T13:58:14Z</time>
      </trkpt>
      <trkpt lat="46.93157667" lon="17.16431167">
        <ele>209.8</ele>
        <time>2025-07-13T13:58:16Z</time>
      </trkpt>
      <trkpt lat="46.93168" lon="17.16414">
        <ele>210.3</ele>
        <time>2025-07-13T13:58:18Z</time>
      </trkpt>
      <trkpt lat="46.931805" lon="17.16397833">
        <ele>210.2</ele>
        <time>2025-07-13T13:58:20Z</time>
      </trkpt>
      <trkpt lat="46.93188167" lon="17.16388833">
        <ele>209.7</ele>
        <time>2025-07-13T13:58:21Z</time>
      </trkpt>
      <trkpt lat="46.93197" lon="17.16379167">
        <ele>208.7</ele>
        <time>2025-07-13T13:58:22Z</time>
      </trkpt>
      <trkpt lat="46.93206333" lon="17.16369833">
        <ele>208</ele>
        <time>2025-07-13T13:58:23Z</time>
      </trkpt>
      <trkpt lat="46.93214833" lon="17.16360833">
        <ele>207.5</ele>
        <time>2025-07-13T13:58:24Z</time>
      </trkpt>
      <trkpt lat="46.932235" lon="17.16352167">
        <ele>205.9</ele>
        <time>2025-07-13T13:58:25Z</time>
      </trkpt>
      <trkpt lat="46.932335" lon="17.16342833">
        <ele>204.7</ele>
        <time>2025-07-13T13:58:26Z</time>
      </trkpt>
      <trkpt lat="46.93243167" lon="17.16333">
        <ele>203.5</ele>
        <time>2025-07-13T13:58:27Z</time>
      </trkpt>
      <trkpt lat="46.932525" lon="17.163225">
        <ele>203</ele>
        <time>2025-07-13T13:58:28Z</time>
      </trkpt>
      <trkpt lat="46.93262167" lon="17.16311167">
        <ele>202.7</ele>
        <time>2025-07-13T13:58:29Z</time>
      </trkpt>
      <trkpt lat="46.93271833" lon="17.162995">
        <ele>202.8</ele>
        <time>2025-07-13T13:58:30Z</time>
      </trkpt>
      <trkpt lat="46.93282167" lon="17.162875">
        <ele>203</ele>
        <time>2025-07-13T13:58:31Z</time>
      </trkpt>
      <trkpt lat="46.93292167" lon="17.16276">
        <ele>202.5</ele>
        <time>2025-07-13T13:58:32Z</time>
      </trkpt>
      <trkpt lat="46.93302" lon="17.16265667">
        <ele>202.5</ele>
        <time>2025-07-13T13:58:33Z</time>
      </trkpt>
      <trkpt lat="46.93312167" lon="17.16254167">
        <ele>202.6</ele>
        <time>2025-07-13T13:58:34Z</time>
      </trkpt>
      <trkpt lat="46.93321667" lon="17.16243">
        <ele>202.7</ele>
        <time>2025-07-13T13:58:35Z</time>
      </trkpt>
      <trkpt lat="46.93331167" lon="17.16231833">
        <ele>203.4</ele>
        <time>2025-07-13T13:58:36Z</time>
      </trkpt>
      <trkpt lat="46.93341" lon="17.16219167">
        <ele>201.8</ele>
        <time>2025-07-13T13:58:37Z</time>
      </trkpt>
      <trkpt lat="46.93359" lon="17.16198333">
        <ele>201.6</ele>
        <time>2025-07-13T13:58:39Z</time>
      </trkpt>
      <trkpt lat="46.93369" lon="17.16187167">
        <ele>201.5</ele>
        <time>2025-07-13T13:58:40Z</time>
      </trkpt>
      <trkpt lat="46.93378667" lon="17.16176833">
        <ele>201</ele>
        <time>2025-07-13T13:58:41Z</time>
      </trkpt>
      <trkpt lat="46.933885" lon="17.16165833">
        <ele>200.6</ele>
        <time>2025-07-13T13:58:42Z</time>
      </trkpt>
      <trkpt lat="46.933985" lon="17.16154333">
        <ele>200.1</ele>
        <time>2025-07-13T13:58:43Z</time>
      </trkpt>
      <trkpt lat="46.93408" lon="17.16143833">
        <ele>199.6</ele>
        <time>2025-07-13T13:58:44Z</time>
      </trkpt>
      <trkpt lat="46.93417167" lon="17.16134">
        <ele>198.1</ele>
        <time>2025-07-13T13:58:45Z</time>
      </trkpt>
      <trkpt lat="46.93426167" lon="17.16122833">
        <ele>197.4</ele>
        <time>2025-07-13T13:58:46Z</time>
      </trkpt>
      <trkpt lat="46.93434833" lon="17.161115">
        <ele>197.2</ele>
        <time>2025-07-13T13:58:47Z</time>
      </trkpt>
      <trkpt lat="46.93444333" lon="17.16100167">
        <ele>197.3</ele>
        <time>2025-07-13T13:58:48Z</time>
      </trkpt>
      <trkpt lat="46.93453167" lon="17.160895">
        <ele>196.6</ele>
        <time>2025-07-13T13:58:49Z</time>
      </trkpt>
      <trkpt lat="46.93461333" lon="17.16077667">
        <ele>196.4</ele>
        <time>2025-07-13T13:58:50Z</time>
      </trkpt>
      <trkpt lat="46.93469" lon="17.16066">
        <ele>196.5</ele>
        <time>2025-07-13T13:58:51Z</time>
      </trkpt>
      <trkpt lat="46.93475833" lon="17.16054167">
        <ele>196.4</ele>
        <time>2025-07-13T13:58:52Z</time>
      </trkpt>
      <trkpt lat="46.93481833" lon="17.160425">
        <ele>196.4</ele>
        <time>2025-07-13T13:58:53Z</time>
      </trkpt>
      <trkpt lat="46.93487667" lon="17.16030833">
        <ele>196.3</ele>
        <time>2025-07-13T13:58:54Z</time>
      </trkpt>
      <trkpt lat="46.93493333" lon="17.16019">
        <ele>196.2</ele>
        <time>2025-07-13T13:58:55Z</time>
      </trkpt>
      <trkpt lat="46.93498667" lon="17.16006667">
        <ele>195.9</ele>
        <time>2025-07-13T13:58:56Z</time>
      </trkpt>
      <trkpt lat="46.93503333" lon="17.159935">
        <ele>195.6</ele>
        <time>2025-07-13T13:58:57Z</time>
      </trkpt>
      <trkpt lat="46.93506667" lon="17.15981167">
        <ele>195.9</ele>
        <time>2025-07-13T13:58:58Z</time>
      </trkpt>
      <trkpt lat="46.935145" lon="17.15958167">
        <ele>195.1</ele>
        <time>2025-07-13T13:59:00Z</time>
      </trkpt>
      <trkpt lat="46.93519667" lon="17.15946667">
        <ele>195.1</ele>
        <time>2025-07-13T13:59:01Z</time>
      </trkpt>
      <trkpt lat="46.93525" lon="17.15935667">
        <ele>196.1</ele>
        <time>2025-07-13T13:59:02Z</time>
      </trkpt>
      <trkpt lat="46.93530333" lon="17.15924333">
        <ele>196.8</ele>
        <time>2025-07-13T13:59:03Z</time>
      </trkpt>
      <trkpt lat="46.93538667" lon="17.15903667">
        <ele>197.1</ele>
        <time>2025-07-13T13:59:05Z</time>
      </trkpt>
      <trkpt lat="46.93546333" lon="17.158855">
        <ele>196.9</ele>
        <time>2025-07-13T13:59:07Z</time>
      </trkpt>
      <trkpt lat="46.93554667" lon="17.15870667">
        <ele>197.5</ele>
        <time>2025-07-13T13:59:09Z</time>
      </trkpt>
      <trkpt lat="46.93564333" lon="17.15856">
        <ele>198.7</ele>
        <time>2025-07-13T13:59:11Z</time>
      </trkpt>
      <trkpt lat="46.935745" lon="17.15842667">
        <ele>199.6</ele>
        <time>2025-07-13T13:59:13Z</time>
      </trkpt>
      <trkpt lat="46.935825" lon="17.15830833">
        <ele>199.8</ele>
        <time>2025-07-13T13:59:15Z</time>
      </trkpt>
      <trkpt lat="46.93590167" lon="17.1582">
        <ele>199.3</ele>
        <time>2025-07-13T13:59:17Z</time>
      </trkpt>
      <trkpt lat="46.93598167" lon="17.158095">
        <ele>199</ele>
        <time>2025-07-13T13:59:19Z</time>
      </trkpt>
      <trkpt lat="46.93606833" lon="17.157985">
        <ele>198.2</ele>
        <time>2025-07-13T13:59:21Z</time>
      </trkpt>
      <trkpt lat="46.93614833" lon="17.15784">
        <ele>199</ele>
        <time>2025-07-13T13:59:24Z</time>
      </trkpt>
      <trkpt lat="46.93620667" lon="17.15774">
        <ele>200.3</ele>
        <time>2025-07-13T13:59:27Z</time>
      </trkpt>
      <trkpt lat="46.936325" lon="17.15770167">
        <ele>199.8</ele>
        <time>2025-07-13T13:59:32Z</time>
      </trkpt>
      <trkpt lat="46.93645833" lon="17.15773">
        <ele>197.6</ele>
        <time>2025-07-13T13:59:35Z</time>
      </trkpt>
      <trkpt lat="46.93657333" lon="17.15776167">
        <ele>196.7</ele>
        <time>2025-07-13T13:59:37Z</time>
      </trkpt>
      <trkpt lat="46.93673667" lon="17.15780833">
        <ele>195.6</ele>
        <time>2025-07-13T13:59:39Z</time>
      </trkpt>
      <trkpt lat="46.93682833" lon="17.15783">
        <ele>195.1</ele>
        <time>2025-07-13T13:59:40Z</time>
      </trkpt>
      <trkpt lat="46.93692167" lon="17.15786">
        <ele>194.7</ele>
        <time>2025-07-13T13:59:41Z</time>
      </trkpt>
      <trkpt lat="46.93702667" lon="17.157885">
        <ele>193.9</ele>
        <time>2025-07-13T13:59:42Z</time>
      </trkpt>
      <trkpt lat="46.93713167" lon="17.15791333">
        <ele>193.8</ele>
        <time>2025-07-13T13:59:43Z</time>
      </trkpt>
      <trkpt lat="46.937255" lon="17.15793667">
        <ele>193.8</ele>
        <time>2025-07-13T13:59:44Z</time>
      </trkpt>
      <trkpt lat="46.93737167" lon="17.15796">
        <ele>193.5</ele>
        <time>2025-07-13T13:59:45Z</time>
      </trkpt>
      <trkpt lat="46.93748833" lon="17.15798667">
        <ele>193.2</ele>
        <time>2025-07-13T13:59:46Z</time>
      </trkpt>
      <trkpt lat="46.937605" lon="17.15801167">
        <ele>192.5</ele>
        <time>2025-07-13T13:59:47Z</time>
      </trkpt>
      <trkpt lat="46.93772167" lon="17.15804667">
        <ele>192.5</ele>
        <time>2025-07-13T13:59:48Z</time>
      </trkpt>
      <trkpt lat="46.937835" lon="17.15807667">
        <ele>193.2</ele>
        <time>2025-07-13T13:59:49Z</time>
      </trkpt>
      <trkpt lat="46.93795" lon="17.158115">
        <ele>194.1</ele>
        <time>2025-07-13T13:59:50Z</time>
      </trkpt>
      <trkpt lat="46.93806167" lon="17.15814667">
        <ele>195.3</ele>
        <time>2025-07-13T13:59:51Z</time>
      </trkpt>
      <trkpt lat="46.93817167" lon="17.15817833">
        <ele>195.9</ele>
        <time>2025-07-13T13:59:52Z</time>
      </trkpt>
      <trkpt lat="46.93827833" lon="17.15820667">
        <ele>197.4</ele>
        <time>2025-07-13T13:59:53Z</time>
      </trkpt>
      <trkpt lat="46.93838667" lon="17.158225">
        <ele>198.2</ele>
        <time>2025-07-13T13:59:54Z</time>
      </trkpt>
      <trkpt lat="46.93848833" lon="17.15824667">
        <ele>198.7</ele>
        <time>2025-07-13T13:59:55Z</time>
      </trkpt>
      <trkpt lat="46.93858" lon="17.15827333">
        <ele>199.4</ele>
        <time>2025-07-13T13:59:56Z</time>
      </trkpt>
      <trkpt lat="46.93867167" lon="17.15829333">
        <ele>200.1</ele>
        <time>2025-07-13T13:59:57Z</time>
      </trkpt>
      <trkpt lat="46.93877" lon="17.15831833">
        <ele>200.6</ele>
        <time>2025-07-13T13:59:58Z</time>
      </trkpt>
      <trkpt lat="46.93887167" lon="17.15835">
        <ele>201.3</ele>
        <time>2025-07-13T13:59:59Z</time>
      </trkpt>
      <trkpt lat="46.93896833" lon="17.15838167">
        <ele>201.4</ele>
        <time>2025-07-13T14:00:00Z</time>
      </trkpt>
      <trkpt lat="46.93907333" lon="17.15840833">
        <ele>201.2</ele>
        <time>2025-07-13T14:00:01Z</time>
      </trkpt>
      <trkpt lat="46.93917833" lon="17.15843333">
        <ele>201.6</ele>
        <time>2025-07-13T14:00:02Z</time>
      </trkpt>
      <trkpt lat="46.93929" lon="17.15846333">
        <ele>202.1</ele>
        <time>2025-07-13T14:00:03Z</time>
      </trkpt>
      <trkpt lat="46.93938833" lon="17.15849">
        <ele>202.2</ele>
        <time>2025-07-13T14:00:04Z</time>
      </trkpt>
      <trkpt lat="46.93949333" lon="17.15852167">
        <ele>201.6</ele>
        <time>2025-07-13T14:00:05Z</time>
      </trkpt>
      <trkpt lat="46.93960667" lon="17.15855333">
        <ele>201.4</ele>
        <time>2025-07-13T14:00:06Z</time>
      </trkpt>
      <trkpt lat="46.93971167" lon="17.158585">
        <ele>200.9</ele>
        <time>2025-07-13T14:00:07Z</time>
      </trkpt>
      <trkpt lat="46.93983333" lon="17.15861167">
        <ele>200.5</ele>
        <time>2025-07-13T14:00:08Z</time>
      </trkpt>
      <trkpt lat="46.93994833" lon="17.15864667">
        <ele>200.6</ele>
        <time>2025-07-13T14:00:09Z</time>
      </trkpt>
      <trkpt lat="46.94007" lon="17.15868167">
        <ele>200.8</ele>
        <time>2025-07-13T14:00:10Z</time>
      </trkpt>
      <trkpt lat="46.94019667" lon="17.158715">
        <ele>200.6</ele>
        <time>2025-07-13T14:00:11Z</time>
      </trkpt>
      <trkpt lat="46.94033333" lon="17.15874">
        <ele>201.3</ele>
        <time>2025-07-13T14:00:12Z</time>
      </trkpt>
      <trkpt lat="46.94046167" lon="17.15877667">
        <ele>200.2</ele>
        <time>2025-07-13T14:00:13Z</time>
      </trkpt>
      <trkpt lat="46.94059" lon="17.15881167">
        <ele>200.1</ele>
        <time>2025-07-13T14:00:14Z</time>
      </trkpt>
      <trkpt lat="46.94073667" lon="17.158845">
        <ele>199</ele>
        <time>2025-07-13T14:00:15Z</time>
      </trkpt>
      <trkpt lat="46.94087667" lon="17.15889">
        <ele>200</ele>
        <time>2025-07-13T14:00:16Z</time>
      </trkpt>
      <trkpt lat="46.941015" lon="17.15893167">
        <ele>200.8</ele>
        <time>2025-07-13T14:00:17Z</time>
      </trkpt>
      <trkpt lat="46.94115333" lon="17.15897333">
        <ele>200.7</ele>
        <time>2025-07-13T14:00:18Z</time>
      </trkpt>
      <trkpt lat="46.9413" lon="17.15901">
        <ele>200.7</ele>
        <time>2025-07-13T14:00:19Z</time>
      </trkpt>
      <trkpt lat="46.94143833" lon="17.15904833">
        <ele>201.1</ele>
        <time>2025-07-13T14:00:20Z</time>
      </trkpt>
      <trkpt lat="46.94157833" lon="17.15908667">
        <ele>201.6</ele>
        <time>2025-07-13T14:00:21Z</time>
      </trkpt>
      <trkpt lat="46.94172667" lon="17.15912">
        <ele>201.6</ele>
        <time>2025-07-13T14:00:22Z</time>
      </trkpt>
      <trkpt lat="46.941875" lon="17.15915167">
        <ele>203</ele>
        <time>2025-07-13T14:00:23Z</time>
      </trkpt>
      <trkpt lat="46.942025" lon="17.15919333">
        <ele>203.2</ele>
        <time>2025-07-13T14:00:24Z</time>
      </trkpt>
      <trkpt lat="46.94218167" lon="17.15923333">
        <ele>202.4</ele>
        <time>2025-07-13T14:00:25Z</time>
      </trkpt>
      <trkpt lat="46.94232667" lon="17.15927167">
        <ele>201.9</ele>
        <time>2025-07-13T14:00:26Z</time>
      </trkpt>
      <trkpt lat="46.94247667" lon="17.15931167">
        <ele>201.3</ele>
        <time>2025-07-13T14:00:27Z</time>
      </trkpt>
      <trkpt lat="46.942625" lon="17.15934833">
        <ele>201.5</ele>
        <time>2025-07-13T14:00:28Z</time>
      </trkpt>
      <trkpt lat="46.94277667" lon="17.15938833">
        <ele>200.9</ele>
        <time>2025-07-13T14:00:29Z</time>
      </trkpt>
      <trkpt lat="46.942935" lon="17.15942667">
        <ele>200.2</ele>
        <time>2025-07-13T14:00:30Z</time>
      </trkpt>
      <trkpt lat="46.94309167" lon="17.15947">
        <ele>199.2</ele>
        <time>2025-07-13T14:00:31Z</time>
      </trkpt>
      <trkpt lat="46.94324667" lon="17.15951167">
        <ele>199.3</ele>
        <time>2025-07-13T14:00:32Z</time>
      </trkpt>
      <trkpt lat="46.94339" lon="17.15955333">
        <ele>200.2</ele>
        <time>2025-07-13T14:00:33Z</time>
      </trkpt>
      <trkpt lat="46.94353333" lon="17.159595">
        <ele>200</ele>
        <time>2025-07-13T14:00:34Z</time>
      </trkpt>
      <trkpt lat="46.943675" lon="17.15963333">
        <ele>199.7</ele>
        <time>2025-07-13T14:00:35Z</time>
      </trkpt>
      <trkpt lat="46.943815" lon="17.15966833">
        <ele>199.8</ele>
        <time>2025-07-13T14:00:36Z</time>
      </trkpt>
      <trkpt lat="46.94395" lon="17.15970167">
        <ele>199.9</ele>
        <time>2025-07-13T14:00:37Z</time>
      </trkpt>
      <trkpt lat="46.94408833" lon="17.15974333">
        <ele>200.1</ele>
        <time>2025-07-13T14:00:38Z</time>
      </trkpt>
      <trkpt lat="46.944225" lon="17.15978333">
        <ele>199.9</ele>
        <time>2025-07-13T14:00:39Z</time>
      </trkpt>
      <trkpt lat="46.94436" lon="17.15982333">
        <ele>200.5</ele>
        <time>2025-07-13T14:00:40Z</time>
      </trkpt>
      <trkpt lat="46.9445" lon="17.159855">
        <ele>200</ele>
        <time>2025-07-13T14:00:41Z</time>
      </trkpt>
      <trkpt lat="46.94463333" lon="17.15989333">
        <ele>200.5</ele>
        <time>2025-07-13T14:00:42Z</time>
      </trkpt>
      <trkpt lat="46.94475833" lon="17.159925">
        <ele>201.4</ele>
        <time>2025-07-13T14:00:43Z</time>
      </trkpt>
      <trkpt lat="46.94489167" lon="17.159965">
        <ele>202.7</ele>
        <time>2025-07-13T14:00:44Z</time>
      </trkpt>
      <trkpt lat="46.94503167" lon="17.15999667">
        <ele>202.6</ele>
        <time>2025-07-13T14:00:45Z</time>
      </trkpt>
      <trkpt lat="46.94517" lon="17.160035">
        <ele>202.2</ele>
        <time>2025-07-13T14:00:46Z</time>
      </trkpt>
      <trkpt lat="46.94531167" lon="17.16007333">
        <ele>202</ele>
        <time>2025-07-13T14:00:47Z</time>
      </trkpt>
      <trkpt lat="46.94544333" lon="17.16011333">
        <ele>202</ele>
        <time>2025-07-13T14:00:48Z</time>
      </trkpt>
      <trkpt lat="46.94557833" lon="17.160145">
        <ele>202.1</ele>
        <time>2025-07-13T14:00:49Z</time>
      </trkpt>
      <trkpt lat="46.945715" lon="17.16019">
        <ele>201.6</ele>
        <time>2025-07-13T14:00:50Z</time>
      </trkpt>
      <trkpt lat="46.94584833" lon="17.16022167">
        <ele>200.2</ele>
        <time>2025-07-13T14:00:51Z</time>
      </trkpt>
      <trkpt lat="46.945985" lon="17.16026">
        <ele>200</ele>
        <time>2025-07-13T14:00:52Z</time>
      </trkpt>
      <trkpt lat="46.94612167" lon="17.16030833">
        <ele>199</ele>
        <time>2025-07-13T14:00:53Z</time>
      </trkpt>
      <trkpt lat="46.94626833" lon="17.16034">
        <ele>198.4</ele>
        <time>2025-07-13T14:00:54Z</time>
      </trkpt>
      <trkpt lat="46.94640167" lon="17.16037833">
        <ele>198.1</ele>
        <time>2025-07-13T14:00:55Z</time>
      </trkpt>
      <trkpt lat="46.94653833" lon="17.16041667">
        <ele>197.7</ele>
        <time>2025-07-13T14:00:56Z</time>
      </trkpt>
      <trkpt lat="46.94667" lon="17.16045667">
        <ele>196.6</ele>
        <time>2025-07-13T14:00:57Z</time>
      </trkpt>
      <trkpt lat="46.94681" lon="17.160495">
        <ele>196.1</ele>
        <time>2025-07-13T14:00:58Z</time>
      </trkpt>
      <trkpt lat="46.94694833" lon="17.16053333">
        <ele>196.8</ele>
        <time>2025-07-13T14:00:59Z</time>
      </trkpt>
      <trkpt lat="46.94709" lon="17.16057167">
        <ele>196.6</ele>
        <time>2025-07-13T14:01:00Z</time>
      </trkpt>
      <trkpt lat="46.947235" lon="17.160605">
        <ele>197</ele>
        <time>2025-07-13T14:01:01Z</time>
      </trkpt>
      <trkpt lat="46.94738167" lon="17.160635">
        <ele>196.7</ele>
        <time>2025-07-13T14:01:02Z</time>
      </trkpt>
      <trkpt lat="46.94751833" lon="17.160675">
        <ele>196.7</ele>
        <time>2025-07-13T14:01:03Z</time>
      </trkpt>
      <trkpt lat="46.94766167" lon="17.160715">
        <ele>196.9</ele>
        <time>2025-07-13T14:01:04Z</time>
      </trkpt>
      <trkpt lat="46.94779833" lon="17.16074833">
        <ele>196.2</ele>
        <time>2025-07-13T14:01:05Z</time>
      </trkpt>
      <trkpt lat="46.94794167" lon="17.16078167">
        <ele>195.7</ele>
        <time>2025-07-13T14:01:06Z</time>
      </trkpt>
      <trkpt lat="46.948085" lon="17.16082">
        <ele>195.2</ele>
        <time>2025-07-13T14:01:07Z</time>
      </trkpt>
      <trkpt lat="46.94821333" lon="17.16085833">
        <ele>195.5</ele>
        <time>2025-07-13T14:01:08Z</time>
      </trkpt>
      <trkpt lat="46.948345" lon="17.160905">
        <ele>195.7</ele>
        <time>2025-07-13T14:01:09Z</time>
      </trkpt>
      <trkpt lat="46.94848667" lon="17.160945">
        <ele>196.4</ele>
        <time>2025-07-13T14:01:10Z</time>
      </trkpt>
      <trkpt lat="46.948625" lon="17.160985">
        <ele>196.2</ele>
        <time>2025-07-13T14:01:11Z</time>
      </trkpt>
      <trkpt lat="46.94876167" lon="17.16102">
        <ele>195.7</ele>
        <time>2025-07-13T14:01:12Z</time>
      </trkpt>
      <trkpt lat="46.94889833" lon="17.16105333">
        <ele>195.5</ele>
        <time>2025-07-13T14:01:13Z</time>
      </trkpt>
      <trkpt lat="46.94902833" lon="17.16109167">
        <ele>194.2</ele>
        <time>2025-07-13T14:01:14Z</time>
      </trkpt>
      <trkpt lat="46.949165" lon="17.161125">
        <ele>194.5</ele>
        <time>2025-07-13T14:01:15Z</time>
      </trkpt>
      <trkpt lat="46.94930333" lon="17.16116167">
        <ele>194.3</ele>
        <time>2025-07-13T14:01:16Z</time>
      </trkpt>
      <trkpt lat="46.94944333" lon="17.16119833">
        <ele>194.2</ele>
        <time>2025-07-13T14:01:17Z</time>
      </trkpt>
      <trkpt lat="46.94958167" lon="17.16123667">
        <ele>193.9</ele>
        <time>2025-07-13T14:01:18Z</time>
      </trkpt>
      <trkpt lat="46.949715" lon="17.16128167">
        <ele>194.1</ele>
        <time>2025-07-13T14:01:19Z</time>
      </trkpt>
      <trkpt lat="46.94985" lon="17.16132667">
        <ele>193.5</ele>
        <time>2025-07-13T14:01:20Z</time>
      </trkpt>
      <trkpt lat="46.94998833" lon="17.16136167">
        <ele>193.3</ele>
        <time>2025-07-13T14:01:21Z</time>
      </trkpt>
      <trkpt lat="46.95012167" lon="17.16139333">
        <ele>193.6</ele>
        <time>2025-07-13T14:01:22Z</time>
      </trkpt>
      <trkpt lat="46.95025833" lon="17.16143167">
        <ele>193.4</ele>
        <time>2025-07-13T14:01:23Z</time>
      </trkpt>
      <trkpt lat="46.95039333" lon="17.16146333">
        <ele>193.4</ele>
        <time>2025-07-13T14:01:24Z</time>
      </trkpt>
      <trkpt lat="46.95053167" lon="17.1615">
        <ele>191.2</ele>
        <time>2025-07-13T14:01:25Z</time>
      </trkpt>
      <trkpt lat="46.95067167" lon="17.16153833">
        <ele>191.4</ele>
        <time>2025-07-13T14:01:26Z</time>
      </trkpt>
      <trkpt lat="46.95080667" lon="17.16157833">
        <ele>191.5</ele>
        <time>2025-07-13T14:01:27Z</time>
      </trkpt>
      <trkpt lat="46.95093833" lon="17.16161333">
        <ele>191.8</ele>
        <time>2025-07-13T14:01:28Z</time>
      </trkpt>
      <trkpt lat="46.95107" lon="17.16165">
        <ele>191.7</ele>
        <time>2025-07-13T14:01:29Z</time>
      </trkpt>
      <trkpt lat="46.95120333" lon="17.161685">
        <ele>191.3</ele>
        <time>2025-07-13T14:01:30Z</time>
      </trkpt>
      <trkpt lat="46.95134667" lon="17.161715">
        <ele>190.9</ele>
        <time>2025-07-13T14:01:31Z</time>
      </trkpt>
      <trkpt lat="46.95148667" lon="17.16175333">
        <ele>190.7</ele>
        <time>2025-07-13T14:01:32Z</time>
      </trkpt>
      <trkpt lat="46.951625" lon="17.16178833">
        <ele>189.7</ele>
        <time>2025-07-13T14:01:33Z</time>
      </trkpt>
      <trkpt lat="46.95176" lon="17.16182667">
        <ele>189.2</ele>
        <time>2025-07-13T14:01:34Z</time>
      </trkpt>
      <trkpt lat="46.95189167" lon="17.16186667">
        <ele>189.3</ele>
        <time>2025-07-13T14:01:35Z</time>
      </trkpt>
      <trkpt lat="46.95201833" lon="17.16191">
        <ele>189.7</ele>
        <time>2025-07-13T14:01:36Z</time>
      </trkpt>
      <trkpt lat="46.95215167" lon="17.16194833">
        <ele>189.2</ele>
        <time>2025-07-13T14:01:37Z</time>
      </trkpt>
      <trkpt lat="46.95228667" lon="17.16198833">
        <ele>189.3</ele>
        <time>2025-07-13T14:01:38Z</time>
      </trkpt>
      <trkpt lat="46.95241167" lon="17.16202333">
        <ele>189.7</ele>
        <time>2025-07-13T14:01:39Z</time>
      </trkpt>
      <trkpt lat="46.95253833" lon="17.16205833">
        <ele>190.2</ele>
        <time>2025-07-13T14:01:40Z</time>
      </trkpt>
      <trkpt lat="46.95266667" lon="17.16209333">
        <ele>189.7</ele>
        <time>2025-07-13T14:01:41Z</time>
      </trkpt>
      <trkpt lat="46.952795" lon="17.16212667">
        <ele>189</ele>
        <time>2025-07-13T14:01:42Z</time>
      </trkpt>
      <trkpt lat="46.95292667" lon="17.16216333">
        <ele>188.8</ele>
        <time>2025-07-13T14:01:43Z</time>
      </trkpt>
      <trkpt lat="46.95304833" lon="17.16219167">
        <ele>188.9</ele>
        <time>2025-07-13T14:01:44Z</time>
      </trkpt>
      <trkpt lat="46.95317167" lon="17.16222333">
        <ele>189.1</ele>
        <time>2025-07-13T14:01:45Z</time>
      </trkpt>
      <trkpt lat="46.95328833" lon="17.16226">
        <ele>188.6</ele>
        <time>2025-07-13T14:01:46Z</time>
      </trkpt>
      <trkpt lat="46.95340833" lon="17.16229667">
        <ele>189</ele>
        <time>2025-07-13T14:01:47Z</time>
      </trkpt>
      <trkpt lat="46.953525" lon="17.162325">
        <ele>189.6</ele>
        <time>2025-07-13T14:01:48Z</time>
      </trkpt>
      <trkpt lat="46.95364333" lon="17.16235667">
        <ele>189.9</ele>
        <time>2025-07-13T14:01:49Z</time>
      </trkpt>
      <trkpt lat="46.95376167" lon="17.162385">
        <ele>190.4</ele>
        <time>2025-07-13T14:01:50Z</time>
      </trkpt>
      <trkpt lat="46.95386833" lon="17.162415">
        <ele>190.2</ele>
        <time>2025-07-13T14:01:51Z</time>
      </trkpt>
      <trkpt lat="46.95398833" lon="17.162445">
        <ele>190.7</ele>
        <time>2025-07-13T14:01:52Z</time>
      </trkpt>
      <trkpt lat="46.95410167" lon="17.16247333">
        <ele>190.8</ele>
        <time>2025-07-13T14:01:53Z</time>
      </trkpt>
      <trkpt lat="46.95421167" lon="17.16251">
        <ele>190.4</ele>
        <time>2025-07-13T14:01:54Z</time>
      </trkpt>
      <trkpt lat="46.954325" lon="17.16254">
        <ele>190.2</ele>
        <time>2025-07-13T14:01:55Z</time>
      </trkpt>
      <trkpt lat="46.95443667" lon="17.16257167">
        <ele>190.2</ele>
        <time>2025-07-13T14:01:56Z</time>
      </trkpt>
      <trkpt lat="46.95454667" lon="17.16260333">
        <ele>190.6</ele>
        <time>2025-07-13T14:01:57Z</time>
      </trkpt>
      <trkpt lat="46.95465833" lon="17.16263667">
        <ele>190.8</ele>
        <time>2025-07-13T14:01:58Z</time>
      </trkpt>
      <trkpt lat="46.95477" lon="17.162665">
        <ele>190.4</ele>
        <time>2025-07-13T14:01:59Z</time>
      </trkpt>
      <trkpt lat="46.95488333" lon="17.162695">
        <ele>189.7</ele>
        <time>2025-07-13T14:02:00Z</time>
      </trkpt>
      <trkpt lat="46.95499667" lon="17.16272667">
        <ele>189.5</ele>
        <time>2025-07-13T14:02:01Z</time>
      </trkpt>
      <trkpt lat="46.95510833" lon="17.162755">
        <ele>189.4</ele>
        <time>2025-07-13T14:02:02Z</time>
      </trkpt>
      <trkpt lat="46.95522167" lon="17.16278667">
        <ele>190</ele>
        <time>2025-07-13T14:02:03Z</time>
      </trkpt>
      <trkpt lat="46.95533333" lon="17.162815">
        <ele>189.4</ele>
        <time>2025-07-13T14:02:04Z</time>
      </trkpt>
      <trkpt lat="46.95544" lon="17.16284667">
        <ele>189.2</ele>
        <time>2025-07-13T14:02:05Z</time>
      </trkpt>
      <trkpt lat="46.95554167" lon="17.162875">
        <ele>189.4</ele>
        <time>2025-07-13T14:02:06Z</time>
      </trkpt>
      <trkpt lat="46.955645" lon="17.1629">
        <ele>189.6</ele>
        <time>2025-07-13T14:02:07Z</time>
      </trkpt>
      <trkpt lat="46.95574833" lon="17.16292833">
        <ele>189.6</ele>
        <time>2025-07-13T14:02:08Z</time>
      </trkpt>
      <trkpt lat="46.955855" lon="17.162955">
        <ele>190</ele>
        <time>2025-07-13T14:02:09Z</time>
      </trkpt>
      <trkpt lat="46.95596" lon="17.16298333">
        <ele>190</ele>
        <time>2025-07-13T14:02:10Z</time>
      </trkpt>
      <trkpt lat="46.95606167" lon="17.16301833">
        <ele>189.9</ele>
        <time>2025-07-13T14:02:11Z</time>
      </trkpt>
      <trkpt lat="46.956165" lon="17.16305">
        <ele>190.4</ele>
        <time>2025-07-13T14:02:12Z</time>
      </trkpt>
      <trkpt lat="46.95627333" lon="17.163075">
        <ele>190.2</ele>
        <time>2025-07-13T14:02:13Z</time>
      </trkpt>
      <trkpt lat="46.95638333" lon="17.16309833">
        <ele>190.2</ele>
        <time>2025-07-13T14:02:14Z</time>
      </trkpt>
      <trkpt lat="46.95648833" lon="17.16313">
        <ele>189.7</ele>
        <time>2025-07-13T14:02:15Z</time>
      </trkpt>
      <trkpt lat="46.9566" lon="17.16316">
        <ele>188.6</ele>
        <time>2025-07-13T14:02:16Z</time>
      </trkpt>
      <trkpt lat="46.95670167" lon="17.16318333">
        <ele>187.9</ele>
        <time>2025-07-13T14:02:17Z</time>
      </trkpt>
      <trkpt lat="46.95680667" lon="17.16321667">
        <ele>187.7</ele>
        <time>2025-07-13T14:02:18Z</time>
      </trkpt>
      <trkpt lat="46.95691167" lon="17.16324">
        <ele>187.4</ele>
        <time>2025-07-13T14:02:19Z</time>
      </trkpt>
      <trkpt lat="46.95701" lon="17.16327167">
        <ele>186.7</ele>
        <time>2025-07-13T14:02:20Z</time>
      </trkpt>
      <trkpt lat="46.95711167" lon="17.16329667">
        <ele>186.9</ele>
        <time>2025-07-13T14:02:21Z</time>
      </trkpt>
      <trkpt lat="46.95721167" lon="17.16333">
        <ele>186.8</ele>
        <time>2025-07-13T14:02:22Z</time>
      </trkpt>
      <trkpt lat="46.95731" lon="17.16335833">
        <ele>187</ele>
        <time>2025-07-13T14:02:23Z</time>
      </trkpt>
      <trkpt lat="46.95741" lon="17.16338167">
        <ele>186.8</ele>
        <time>2025-07-13T14:02:24Z</time>
      </trkpt>
      <trkpt lat="46.95750833" lon="17.16340667">
        <ele>185.9</ele>
        <time>2025-07-13T14:02:25Z</time>
      </trkpt>
      <trkpt lat="46.957615" lon="17.16343667">
        <ele>185.9</ele>
        <time>2025-07-13T14:02:26Z</time>
      </trkpt>
      <trkpt lat="46.95770833" lon="17.16347">
        <ele>185.9</ele>
        <time>2025-07-13T14:02:27Z</time>
      </trkpt>
      <trkpt lat="46.95781" lon="17.16349333">
        <ele>186</ele>
        <time>2025-07-13T14:02:28Z</time>
      </trkpt>
      <trkpt lat="46.95790667" lon="17.16351">
        <ele>186.7</ele>
        <time>2025-07-13T14:02:29Z</time>
      </trkpt>
      <trkpt lat="46.95800167" lon="17.16353167">
        <ele>187.5</ele>
        <time>2025-07-13T14:02:30Z</time>
      </trkpt>
      <trkpt lat="46.95809833" lon="17.16356167">
        <ele>187.4</ele>
        <time>2025-07-13T14:02:31Z</time>
      </trkpt>
      <trkpt lat="46.95819667" lon="17.163585">
        <ele>187.4</ele>
        <time>2025-07-13T14:02:32Z</time>
      </trkpt>
      <trkpt lat="46.95829333" lon="17.16361">
        <ele>187.8</ele>
        <time>2025-07-13T14:02:33Z</time>
      </trkpt>
      <trkpt lat="46.958385" lon="17.16363667">
        <ele>187.6</ele>
        <time>2025-07-13T14:02:34Z</time>
      </trkpt>
      <trkpt lat="46.95848" lon="17.16366333">
        <ele>187.7</ele>
        <time>2025-07-13T14:02:35Z</time>
      </trkpt>
      <trkpt lat="46.95857667" lon="17.16369167">
        <ele>188.1</ele>
        <time>2025-07-13T14:02:36Z</time>
      </trkpt>
      <trkpt lat="46.95867" lon="17.16373">
        <ele>187.8</ele>
        <time>2025-07-13T14:02:37Z</time>
      </trkpt>
      <trkpt lat="46.95875833" lon="17.16376667">
        <ele>189.4</ele>
        <time>2025-07-13T14:02:38Z</time>
      </trkpt>
      <trkpt lat="46.95884833" lon="17.16378833">
        <ele>188.8</ele>
        <time>2025-07-13T14:02:39Z</time>
      </trkpt>
      <trkpt lat="46.95894" lon="17.16380667">
        <ele>188.4</ele>
        <time>2025-07-13T14:02:40Z</time>
      </trkpt>
      <trkpt lat="46.95903167" lon="17.16383167">
        <ele>187.8</ele>
        <time>2025-07-13T14:02:41Z</time>
      </trkpt>
      <trkpt lat="46.95912333" lon="17.16384833">
        <ele>188.1</ele>
        <time>2025-07-13T14:02:42Z</time>
      </trkpt>
      <trkpt lat="46.95921333" lon="17.16386833">
        <ele>189</ele>
        <time>2025-07-13T14:02:43Z</time>
      </trkpt>
      <trkpt lat="46.95939" lon="17.163915">
        <ele>190.5</ele>
        <time>2025-07-13T14:02:45Z</time>
      </trkpt>
      <trkpt lat="46.95950167" lon="17.163915">
        <ele>188.8</ele>
        <time>2025-07-13T14:02:46Z</time>
      </trkpt>
      <trkpt lat="46.95966" lon="17.16398167">
        <ele>189</ele>
        <time>2025-07-13T14:02:48Z</time>
      </trkpt>
      <trkpt lat="46.95980833" lon="17.16401667">
        <ele>190</ele>
        <time>2025-07-13T14:02:50Z</time>
      </trkpt>
      <trkpt lat="46.95994167" lon="17.164025">
        <ele>189.9</ele>
        <time>2025-07-13T14:02:52Z</time>
      </trkpt>
      <trkpt lat="46.96005333" lon="17.16401">
        <ele>191.3</ele>
        <time>2025-07-13T14:02:54Z</time>
      </trkpt>
      <trkpt lat="46.96018667" lon="17.16400833">
        <ele>191.5</ele>
        <time>2025-07-13T14:02:57Z</time>
      </trkpt>
      <trkpt lat="46.960265" lon="17.16408">
        <ele>191.6</ele>
        <time>2025-07-13T14:02:59Z</time>
      </trkpt>
      <trkpt lat="46.96032667" lon="17.16420333">
        <ele>191.5</ele>
        <time>2025-07-13T14:03:01Z</time>
      </trkpt>
      <trkpt lat="46.96034667" lon="17.16437167">
        <ele>190.1</ele>
        <time>2025-07-13T14:03:03Z</time>
      </trkpt>
      <trkpt lat="46.96036667" lon="17.16457">
        <ele>190.1</ele>
        <time>2025-07-13T14:03:05Z</time>
      </trkpt>
      <trkpt lat="46.9604" lon="17.16478667">
        <ele>188.8</ele>
        <time>2025-07-13T14:03:07Z</time>
      </trkpt>
      <trkpt lat="46.96044333" lon="17.16503667">
        <ele>187.4</ele>
        <time>2025-07-13T14:03:09Z</time>
      </trkpt>
      <trkpt lat="46.96048833" lon="17.16527833">
        <ele>185.5</ele>
        <time>2025-07-13T14:03:11Z</time>
      </trkpt>
      <trkpt lat="46.96054167" lon="17.165525">
        <ele>184.3</ele>
        <time>2025-07-13T14:03:13Z</time>
      </trkpt>
      <trkpt lat="46.96060833" lon="17.16577833">
        <ele>185.1</ele>
        <time>2025-07-13T14:03:15Z</time>
      </trkpt>
      <trkpt lat="46.960635" lon="17.165905">
        <ele>184.3</ele>
        <time>2025-07-13T14:03:16Z</time>
      </trkpt>
      <trkpt lat="46.96066667" lon="17.16602833">
        <ele>183.7</ele>
        <time>2025-07-13T14:03:17Z</time>
      </trkpt>
      <trkpt lat="46.96073167" lon="17.16628167">
        <ele>189.4</ele>
        <time>2025-07-13T14:03:19Z</time>
      </trkpt>
      <trkpt lat="46.96076333" lon="17.16641">
        <ele>193.5</ele>
        <time>2025-07-13T14:03:20Z</time>
      </trkpt>
      <trkpt lat="46.960795" lon="17.16654167">
        <ele>198</ele>
        <time>2025-07-13T14:03:21Z</time>
      </trkpt>
      <trkpt lat="46.96082167" lon="17.16667167">
        <ele>202.7</ele>
        <time>2025-07-13T14:03:22Z</time>
      </trkpt>
      <trkpt lat="46.960855" lon="17.1668">
        <ele>207.4</ele>
        <time>2025-07-13T14:03:23Z</time>
      </trkpt>
      <trkpt lat="46.960875" lon="17.16696">
        <ele>208.5</ele>
        <time>2025-07-13T14:03:24Z</time>
      </trkpt>
      <trkpt lat="46.96095" lon="17.16733667">
        <ele>213.3</ele>
        <time>2025-07-13T14:03:27Z</time>
      </trkpt>
      <trkpt lat="46.960975" lon="17.16746667">
        <ele>215.9</ele>
        <time>2025-07-13T14:03:28Z</time>
      </trkpt>
      <trkpt lat="46.96100333" lon="17.16759333">
        <ele>218.2</ele>
        <time>2025-07-13T14:03:29Z</time>
      </trkpt>
      <trkpt lat="46.961035" lon="17.16772333">
        <ele>219.3</ele>
        <time>2025-07-13T14:03:30Z</time>
      </trkpt>
      <trkpt lat="46.96108333" lon="17.16797667">
        <ele>212.7</ele>
        <time>2025-07-13T14:03:32Z</time>
      </trkpt>
      <trkpt lat="46.96109833" lon="17.16811333">
        <ele>206.9</ele>
        <time>2025-07-13T14:03:33Z</time>
      </trkpt>
      <trkpt lat="46.961125" lon="17.16825333">
        <ele>202.4</ele>
        <time>2025-07-13T14:03:34Z</time>
      </trkpt>
      <trkpt lat="46.961155" lon="17.16839167">
        <ele>199</ele>
        <time>2025-07-13T14:03:35Z</time>
      </trkpt>
      <trkpt lat="46.96118833" lon="17.16853333">
        <ele>196.1</ele>
        <time>2025-07-13T14:03:36Z</time>
      </trkpt>
      <trkpt lat="46.96122" lon="17.16866833">
        <ele>193</ele>
        <time>2025-07-13T14:03:37Z</time>
      </trkpt>
      <trkpt lat="46.96125833" lon="17.168805">
        <ele>191.4</ele>
        <time>2025-07-13T14:03:38Z</time>
      </trkpt>
      <trkpt lat="46.961285" lon="17.16893833">
        <ele>189.9</ele>
        <time>2025-07-13T14:03:39Z</time>
      </trkpt>
      <trkpt lat="46.961305" lon="17.16908333">
        <ele>188.7</ele>
        <time>2025-07-13T14:03:40Z</time>
      </trkpt>
      <trkpt lat="46.96132" lon="17.16923">
        <ele>187.5</ele>
        <time>2025-07-13T14:03:41Z</time>
      </trkpt>
      <trkpt lat="46.96134" lon="17.169365">
        <ele>187</ele>
        <time>2025-07-13T14:03:42Z</time>
      </trkpt>
      <trkpt lat="46.961345" lon="17.16951167">
        <ele>187.2</ele>
        <time>2025-07-13T14:03:43Z</time>
      </trkpt>
      <trkpt lat="46.96135" lon="17.16965167">
        <ele>186.5</ele>
        <time>2025-07-13T14:03:44Z</time>
      </trkpt>
      <trkpt lat="46.96136167" lon="17.16979167">
        <ele>186.4</ele>
        <time>2025-07-13T14:03:45Z</time>
      </trkpt>
      <trkpt lat="46.961375" lon="17.169935">
        <ele>186.3</ele>
        <time>2025-07-13T14:03:46Z</time>
      </trkpt>
      <trkpt lat="46.96138" lon="17.17019667">
        <ele>187.3</ele>
        <time>2025-07-13T14:03:48Z</time>
      </trkpt>
      <trkpt lat="46.96138667" lon="17.17034167">
        <ele>188.4</ele>
        <time>2025-07-13T14:03:49Z</time>
      </trkpt>
      <trkpt lat="46.96139" lon="17.17048">
        <ele>189.2</ele>
        <time>2025-07-13T14:03:50Z</time>
      </trkpt>
      <trkpt lat="46.96140667" lon="17.170745">
        <ele>188.7</ele>
        <time>2025-07-13T14:03:52Z</time>
      </trkpt>
      <trkpt lat="46.96145167" lon="17.17097333">
        <ele>186.4</ele>
        <time>2025-07-13T14:03:54Z</time>
      </trkpt>
      <trkpt lat="46.96152" lon="17.17116">
        <ele>185.1</ele>
        <time>2025-07-13T14:03:56Z</time>
      </trkpt>
      <trkpt lat="46.96162833" lon="17.17127833">
        <ele>184.4</ele>
        <time>2025-07-13T14:03:58Z</time>
      </trkpt>
      <trkpt lat="46.96175833" lon="17.17137667">
        <ele>184.9</ele>
        <time>2025-07-13T14:04:00Z</time>
      </trkpt>
      <trkpt lat="46.961905" lon="17.17141833">
        <ele>186</ele>
        <time>2025-07-13T14:04:02Z</time>
      </trkpt>
      <trkpt lat="46.96206333" lon="17.17140333">
        <ele>188.4</ele>
        <time>2025-07-13T14:04:04Z</time>
      </trkpt>
      <trkpt lat="46.96215667" lon="17.17137667">
        <ele>189.7</ele>
        <time>2025-07-13T14:04:05Z</time>
      </trkpt>
      <trkpt lat="46.96232" lon="17.17131333">
        <ele>189.1</ele>
        <time>2025-07-13T14:04:07Z</time>
      </trkpt>
      <trkpt lat="46.96248833" lon="17.17124667">
        <ele>188.6</ele>
        <time>2025-07-13T14:04:09Z</time>
      </trkpt>
      <trkpt lat="46.96266" lon="17.171195">
        <ele>189.1</ele>
        <time>2025-07-13T14:04:11Z</time>
      </trkpt>
      <trkpt lat="46.96274833" lon="17.17117">
        <ele>189.1</ele>
        <time>2025-07-13T14:04:12Z</time>
      </trkpt>
      <trkpt lat="46.96284" lon="17.17115833">
        <ele>189.4</ele>
        <time>2025-07-13T14:04:13Z</time>
      </trkpt>
      <trkpt lat="46.96293167" lon="17.171145">
        <ele>189.9</ele>
        <time>2025-07-13T14:04:14Z</time>
      </trkpt>
      <trkpt lat="46.963025" lon="17.171135">
        <ele>190.3</ele>
        <time>2025-07-13T14:04:15Z</time>
      </trkpt>
      <trkpt lat="46.963115" lon="17.17112333">
        <ele>190.4</ele>
        <time>2025-07-13T14:04:16Z</time>
      </trkpt>
      <trkpt lat="46.96321167" lon="17.17111167">
        <ele>189.9</ele>
        <time>2025-07-13T14:04:17Z</time>
      </trkpt>
      <trkpt lat="46.96331" lon="17.1711">
        <ele>189.7</ele>
        <time>2025-07-13T14:04:18Z</time>
      </trkpt>
      <trkpt lat="46.96340333" lon="17.171085">
        <ele>189.9</ele>
        <time>2025-07-13T14:04:19Z</time>
      </trkpt>
      <trkpt lat="46.96349833" lon="17.17108167">
        <ele>188.9</ele>
        <time>2025-07-13T14:04:20Z</time>
      </trkpt>
      <trkpt lat="46.96359333" lon="17.17107333">
        <ele>188.4</ele>
        <time>2025-07-13T14:04:21Z</time>
      </trkpt>
      <trkpt lat="46.96369" lon="17.17106833">
        <ele>188.2</ele>
        <time>2025-07-13T14:04:22Z</time>
      </trkpt>
      <trkpt lat="46.96378333" lon="17.17106">
        <ele>188.8</ele>
        <time>2025-07-13T14:04:23Z</time>
      </trkpt>
      <trkpt lat="46.96388" lon="17.17105833">
        <ele>188</ele>
        <time>2025-07-13T14:04:24Z</time>
      </trkpt>
      <trkpt lat="46.96397167" lon="17.17105167">
        <ele>187.8</ele>
        <time>2025-07-13T14:04:25Z</time>
      </trkpt>
      <trkpt lat="46.96406167" lon="17.17105333">
        <ele>188.2</ele>
        <time>2025-07-13T14:04:26Z</time>
      </trkpt>
      <trkpt lat="46.96415333" lon="17.171055">
        <ele>188.2</ele>
        <time>2025-07-13T14:04:27Z</time>
      </trkpt>
      <trkpt lat="46.96425167" lon="17.17105333">
        <ele>188.2</ele>
        <time>2025-07-13T14:04:28Z</time>
      </trkpt>
      <trkpt lat="46.96435" lon="17.17105">
        <ele>188.4</ele>
        <time>2025-07-13T14:04:29Z</time>
      </trkpt>
      <trkpt lat="46.96445" lon="17.17105333">
        <ele>187.5</ele>
        <time>2025-07-13T14:04:30Z</time>
      </trkpt>
      <trkpt lat="46.96454333" lon="17.17105333">
        <ele>187.7</ele>
        <time>2025-07-13T14:04:31Z</time>
      </trkpt>
      <trkpt lat="46.96464167" lon="17.17104333">
        <ele>187.8</ele>
        <time>2025-07-13T14:04:32Z</time>
      </trkpt>
      <trkpt lat="46.96473167" lon="17.17104667">
        <ele>187.3</ele>
        <time>2025-07-13T14:04:33Z</time>
      </trkpt>
      <trkpt lat="46.96482167" lon="17.17104167">
        <ele>187.3</ele>
        <time>2025-07-13T14:04:34Z</time>
      </trkpt>
      <trkpt lat="46.96491833" lon="17.17104167">
        <ele>187.8</ele>
        <time>2025-07-13T14:04:35Z</time>
      </trkpt>
      <trkpt lat="46.96501" lon="17.171045">
        <ele>188.7</ele>
        <time>2025-07-13T14:04:36Z</time>
      </trkpt>
      <trkpt lat="46.96511167" lon="17.17104167">
        <ele>189</ele>
        <time>2025-07-13T14:04:37Z</time>
      </trkpt>
      <trkpt lat="46.96521" lon="17.17104167">
        <ele>189.5</ele>
        <time>2025-07-13T14:04:38Z</time>
      </trkpt>
      <trkpt lat="46.965305" lon="17.17104333">
        <ele>189.8</ele>
        <time>2025-07-13T14:04:39Z</time>
      </trkpt>
      <trkpt lat="46.96547167" lon="17.17104667">
        <ele>191.1</ele>
        <time>2025-07-13T14:04:41Z</time>
      </trkpt>
      <trkpt lat="46.96561167" lon="17.171055">
        <ele>191.5</ele>
        <time>2025-07-13T14:04:43Z</time>
      </trkpt>
      <trkpt lat="46.96575667" lon="17.17104333">
        <ele>190.5</ele>
        <time>2025-07-13T14:04:45Z</time>
      </trkpt>
      <trkpt lat="46.96589833" lon="17.17103667">
        <ele>190.5</ele>
        <time>2025-07-13T14:04:47Z</time>
      </trkpt>
      <trkpt lat="46.96605667" lon="17.17100667">
        <ele>191.3</ele>
        <time>2025-07-13T14:04:49Z</time>
      </trkpt>
      <trkpt lat="46.96622167" lon="17.17093667">
        <ele>192.1</ele>
        <time>2025-07-13T14:04:51Z</time>
      </trkpt>
      <trkpt lat="46.96639167" lon="17.17086833">
        <ele>191.5</ele>
        <time>2025-07-13T14:04:53Z</time>
      </trkpt>
      <trkpt lat="46.96655" lon="17.17079167">
        <ele>190.6</ele>
        <time>2025-07-13T14:04:55Z</time>
      </trkpt>
      <trkpt lat="46.96670667" lon="17.17073333">
        <ele>190.2</ele>
        <time>2025-07-13T14:04:57Z</time>
      </trkpt>
      <trkpt lat="46.96685333" lon="17.17066333">
        <ele>189.4</ele>
        <time>2025-07-13T14:04:59Z</time>
      </trkpt>
      <trkpt lat="46.96700167" lon="17.17062667">
        <ele>188.8</ele>
        <time>2025-07-13T14:05:01Z</time>
      </trkpt>
      <trkpt lat="46.96712667" lon="17.17066667">
        <ele>189.1</ele>
        <time>2025-07-13T14:05:03Z</time>
      </trkpt>
      <trkpt lat="46.96721667" lon="17.170825">
        <ele>191</ele>
        <time>2025-07-13T14:05:05Z</time>
      </trkpt>
      <trkpt lat="46.96726667" lon="17.17104333">
        <ele>192.1</ele>
        <time>2025-07-13T14:05:07Z</time>
      </trkpt>
      <trkpt lat="46.96733333" lon="17.17126">
        <ele>192.6</ele>
        <time>2025-07-13T14:05:09Z</time>
      </trkpt>
      <trkpt lat="46.96741333" lon="17.17148167">
        <ele>192.2</ele>
        <time>2025-07-13T14:05:11Z</time>
      </trkpt>
      <trkpt lat="46.96744333" lon="17.17161">
        <ele>191</ele>
        <time>2025-07-13T14:05:12Z</time>
      </trkpt>
      <trkpt lat="46.967475" lon="17.17174333">
        <ele>190</ele>
        <time>2025-07-13T14:05:13Z</time>
      </trkpt>
      <trkpt lat="46.96750833" lon="17.17188">
        <ele>189.5</ele>
        <time>2025-07-13T14:05:14Z</time>
      </trkpt>
      <trkpt lat="46.96754167" lon="17.17201167">
        <ele>188.8</ele>
        <time>2025-07-13T14:05:15Z</time>
      </trkpt>
      <trkpt lat="46.96758167" lon="17.17215167">
        <ele>188.6</ele>
        <time>2025-07-13T14:05:16Z</time>
      </trkpt>
      <trkpt lat="46.96762167" lon="17.17229833">
        <ele>187</ele>
        <time>2025-07-13T14:05:17Z</time>
      </trkpt>
      <trkpt lat="46.96768167" lon="17.17243667">
        <ele>187.4</ele>
        <time>2025-07-13T14:05:18Z</time>
      </trkpt>
      <trkpt lat="46.96774167" lon="17.17257333">
        <ele>187.5</ele>
        <time>2025-07-13T14:05:19Z</time>
      </trkpt>
      <trkpt lat="46.967795" lon="17.17273167">
        <ele>188.5</ele>
        <time>2025-07-13T14:05:20Z</time>
      </trkpt>
      <trkpt lat="46.96784167" lon="17.17290333">
        <ele>187.8</ele>
        <time>2025-07-13T14:05:21Z</time>
      </trkpt>
      <trkpt lat="46.96789333" lon="17.17307167">
        <ele>188</ele>
        <time>2025-07-13T14:05:22Z</time>
      </trkpt>
      <trkpt lat="46.96794333" lon="17.17324667">
        <ele>188.3</ele>
        <time>2025-07-13T14:05:23Z</time>
      </trkpt>
      <trkpt lat="46.967995" lon="17.17341333">
        <ele>188.1</ele>
        <time>2025-07-13T14:05:24Z</time>
      </trkpt>
      <trkpt lat="46.96804833" lon="17.17357667">
        <ele>188.4</ele>
        <time>2025-07-13T14:05:25Z</time>
      </trkpt>
      <trkpt lat="46.96810667" lon="17.173755">
        <ele>188.2</ele>
        <time>2025-07-13T14:05:26Z</time>
      </trkpt>
      <trkpt lat="46.96816" lon="17.17393167">
        <ele>187.6</ele>
        <time>2025-07-13T14:05:27Z</time>
      </trkpt>
      <trkpt lat="46.96821333" lon="17.17410833">
        <ele>187.9</ele>
        <time>2025-07-13T14:05:28Z</time>
      </trkpt>
      <trkpt lat="46.96826833" lon="17.17428833">
        <ele>187.9</ele>
        <time>2025-07-13T14:05:29Z</time>
      </trkpt>
      <trkpt lat="46.96831833" lon="17.174465">
        <ele>188</ele>
        <time>2025-07-13T14:05:30Z</time>
      </trkpt>
      <trkpt lat="46.96837333" lon="17.174635">
        <ele>188.3</ele>
        <time>2025-07-13T14:05:31Z</time>
      </trkpt>
      <trkpt lat="46.96843167" lon="17.17480833">
        <ele>188</ele>
        <time>2025-07-13T14:05:32Z</time>
      </trkpt>
      <trkpt lat="46.96849" lon="17.17498667">
        <ele>188.7</ele>
        <time>2025-07-13T14:05:33Z</time>
      </trkpt>
      <trkpt lat="46.968545" lon="17.17516">
        <ele>189.6</ele>
        <time>2025-07-13T14:05:34Z</time>
      </trkpt>
      <trkpt lat="46.968605" lon="17.17533167">
        <ele>189.3</ele>
        <time>2025-07-13T14:05:35Z</time>
      </trkpt>
      <trkpt lat="46.96866167" lon="17.1755">
        <ele>189.3</ele>
        <time>2025-07-13T14:05:36Z</time>
      </trkpt>
      <trkpt lat="46.96871167" lon="17.17567333">
        <ele>189.3</ele>
        <time>2025-07-13T14:05:37Z</time>
      </trkpt>
      <trkpt lat="46.968765" lon="17.175845">
        <ele>190</ele>
        <time>2025-07-13T14:05:38Z</time>
      </trkpt>
      <trkpt lat="46.96882333" lon="17.176015">
        <ele>190.4</ele>
        <time>2025-07-13T14:05:39Z</time>
      </trkpt>
      <trkpt lat="46.96887667" lon="17.17618">
        <ele>190.7</ele>
        <time>2025-07-13T14:05:40Z</time>
      </trkpt>
      <trkpt lat="46.968925" lon="17.17633667">
        <ele>191.6</ele>
        <time>2025-07-13T14:05:41Z</time>
      </trkpt>
      <trkpt lat="46.96897" lon="17.176495">
        <ele>192.8</ele>
        <time>2025-07-13T14:05:42Z</time>
      </trkpt>
      <trkpt lat="46.96901667" lon="17.17665667">
        <ele>192.7</ele>
        <time>2025-07-13T14:05:43Z</time>
      </trkpt>
      <trkpt lat="46.96907333" lon="17.176805">
        <ele>192.3</ele>
        <time>2025-07-13T14:05:44Z</time>
      </trkpt>
      <trkpt lat="46.96912167" lon="17.176955">
        <ele>192.5</ele>
        <time>2025-07-13T14:05:45Z</time>
      </trkpt>
      <trkpt lat="46.96917" lon="17.17711667">
        <ele>192.2</ele>
        <time>2025-07-13T14:05:46Z</time>
      </trkpt>
      <trkpt lat="46.96922" lon="17.17727167">
        <ele>191.9</ele>
        <time>2025-07-13T14:05:47Z</time>
      </trkpt>
      <trkpt lat="46.969265" lon="17.177435">
        <ele>191.7</ele>
        <time>2025-07-13T14:05:48Z</time>
      </trkpt>
      <trkpt lat="46.969325" lon="17.17760833">
        <ele>191</ele>
        <time>2025-07-13T14:05:49Z</time>
      </trkpt>
      <trkpt lat="46.96938667" lon="17.177775">
        <ele>190.3</ele>
        <time>2025-07-13T14:05:50Z</time>
      </trkpt>
      <trkpt lat="46.96944333" lon="17.17794833">
        <ele>189.7</ele>
        <time>2025-07-13T14:05:51Z</time>
      </trkpt>
      <trkpt lat="46.969495" lon="17.17811333">
        <ele>188.7</ele>
        <time>2025-07-13T14:05:52Z</time>
      </trkpt>
      <trkpt lat="46.96954833" lon="17.17828167">
        <ele>188.4</ele>
        <time>2025-07-13T14:05:53Z</time>
      </trkpt>
      <trkpt lat="46.96960333" lon="17.17845667">
        <ele>187.6</ele>
        <time>2025-07-13T14:05:54Z</time>
      </trkpt>
      <trkpt lat="46.96966167" lon="17.17863167">
        <ele>186.9</ele>
        <time>2025-07-13T14:05:55Z</time>
      </trkpt>
      <trkpt lat="46.96972333" lon="17.178805">
        <ele>186.3</ele>
        <time>2025-07-13T14:05:56Z</time>
      </trkpt>
      <trkpt lat="46.969785" lon="17.17897667">
        <ele>185.3</ele>
        <time>2025-07-13T14:05:57Z</time>
      </trkpt>
      <trkpt lat="46.96984333" lon="17.17915333">
        <ele>184.3</ele>
        <time>2025-07-13T14:05:58Z</time>
      </trkpt>
      <trkpt lat="46.96990167" lon="17.17933167">
        <ele>183</ele>
        <time>2025-07-13T14:05:59Z</time>
      </trkpt>
      <trkpt lat="46.96996167" lon="17.17951167">
        <ele>182.3</ele>
        <time>2025-07-13T14:06:00Z</time>
      </trkpt>
      <trkpt lat="46.97001833" lon="17.17969667">
        <ele>182.5</ele>
        <time>2025-07-13T14:06:01Z</time>
      </trkpt>
      <trkpt lat="46.97008" lon="17.17987667">
        <ele>182.2</ele>
        <time>2025-07-13T14:06:02Z</time>
      </trkpt>
      <trkpt lat="46.97013667" lon="17.18006">
        <ele>181.3</ele>
        <time>2025-07-13T14:06:03Z</time>
      </trkpt>
      <trkpt lat="46.97019" lon="17.180255">
        <ele>180.8</ele>
        <time>2025-07-13T14:06:04Z</time>
      </trkpt>
      <trkpt lat="46.970255" lon="17.18043167">
        <ele>180.8</ele>
        <time>2025-07-13T14:06:05Z</time>
      </trkpt>
      <trkpt lat="46.97031833" lon="17.18060833">
        <ele>180.7</ele>
        <time>2025-07-13T14:06:06Z</time>
      </trkpt>
      <trkpt lat="46.97037333" lon="17.18079">
        <ele>180.3</ele>
        <time>2025-07-13T14:06:07Z</time>
      </trkpt>
      <trkpt lat="46.97043167" lon="17.18097">
        <ele>180.1</ele>
        <time>2025-07-13T14:06:08Z</time>
      </trkpt>
      <trkpt lat="46.970535" lon="17.18132167">
        <ele>178.2</ele>
        <time>2025-07-13T14:06:10Z</time>
      </trkpt>
      <trkpt lat="46.97064667" lon="17.18166167">
        <ele>178.1</ele>
        <time>2025-07-13T14:06:12Z</time>
      </trkpt>
      <trkpt lat="46.97069667" lon="17.18182833">
        <ele>178.6</ele>
        <time>2025-07-13T14:06:13Z</time>
      </trkpt>
      <trkpt lat="46.97075333" lon="17.18199167">
        <ele>179.7</ele>
        <time>2025-07-13T14:06:14Z</time>
      </trkpt>
      <trkpt lat="46.97080833" lon="17.18215667">
        <ele>181.3</ele>
        <time>2025-07-13T14:06:15Z</time>
      </trkpt>
      <trkpt lat="46.97086167" lon="17.18233">
        <ele>181.2</ele>
        <time>2025-07-13T14:06:16Z</time>
      </trkpt>
      <trkpt lat="46.97091333" lon="17.18250333">
        <ele>181.7</ele>
        <time>2025-07-13T14:06:17Z</time>
      </trkpt>
      <trkpt lat="46.97096167" lon="17.18266667">
        <ele>181.9</ele>
        <time>2025-07-13T14:06:18Z</time>
      </trkpt>
      <trkpt lat="46.97100667" lon="17.18283667">
        <ele>182.1</ele>
        <time>2025-07-13T14:06:19Z</time>
      </trkpt>
      <trkpt lat="46.97104667" lon="17.18300667">
        <ele>183.1</ele>
        <time>2025-07-13T14:06:20Z</time>
      </trkpt>
      <trkpt lat="46.97113833" lon="17.18334833">
        <ele>182.9</ele>
        <time>2025-07-13T14:06:22Z</time>
      </trkpt>
      <trkpt lat="46.97118667" lon="17.18351167">
        <ele>183.2</ele>
        <time>2025-07-13T14:06:23Z</time>
      </trkpt>
      <trkpt lat="46.97123333" lon="17.18367833">
        <ele>182.7</ele>
        <time>2025-07-13T14:06:24Z</time>
      </trkpt>
      <trkpt lat="46.97128" lon="17.18384167">
        <ele>182.2</ele>
        <time>2025-07-13T14:06:25Z</time>
      </trkpt>
      <trkpt lat="46.97132667" lon="17.18400333">
        <ele>181.7</ele>
        <time>2025-07-13T14:06:26Z</time>
      </trkpt>
      <trkpt lat="46.97136667" lon="17.18417167">
        <ele>182</ele>
        <time>2025-07-13T14:06:27Z</time>
      </trkpt>
      <trkpt lat="46.97141167" lon="17.18433667">
        <ele>183.4</ele>
        <time>2025-07-13T14:06:28Z</time>
      </trkpt>
      <trkpt lat="46.97145" lon="17.18449833">
        <ele>184.1</ele>
        <time>2025-07-13T14:06:29Z</time>
      </trkpt>
      <trkpt lat="46.97148833" lon="17.184675">
        <ele>184.7</ele>
        <time>2025-07-13T14:06:30Z</time>
      </trkpt>
      <trkpt lat="46.97152667" lon="17.18484333">
        <ele>184.8</ele>
        <time>2025-07-13T14:06:31Z</time>
      </trkpt>
      <trkpt lat="46.97157167" lon="17.18500333">
        <ele>185.4</ele>
        <time>2025-07-13T14:06:32Z</time>
      </trkpt>
      <trkpt lat="46.97166833" lon="17.18532667">
        <ele>184.4</ele>
        <time>2025-07-13T14:06:34Z</time>
      </trkpt>
      <trkpt lat="46.97172" lon="17.18547333">
        <ele>184.1</ele>
        <time>2025-07-13T14:06:35Z</time>
      </trkpt>
      <trkpt lat="46.97175667" lon="17.18564167">
        <ele>184</ele>
        <time>2025-07-13T14:06:36Z</time>
      </trkpt>
      <trkpt lat="46.9718" lon="17.185795">
        <ele>184</ele>
        <time>2025-07-13T14:06:37Z</time>
      </trkpt>
      <trkpt lat="46.971855" lon="17.18594833">
        <ele>185.1</ele>
        <time>2025-07-13T14:06:38Z</time>
      </trkpt>
      <trkpt lat="46.97190167" lon="17.186095">
        <ele>185.5</ele>
        <time>2025-07-13T14:06:39Z</time>
      </trkpt>
      <trkpt lat="46.97194667" lon="17.18624">
        <ele>185.3</ele>
        <time>2025-07-13T14:06:40Z</time>
      </trkpt>
      <trkpt lat="46.97203833" lon="17.186555">
        <ele>185.7</ele>
        <time>2025-07-13T14:06:42Z</time>
      </trkpt>
      <trkpt lat="46.972085" lon="17.18670167">
        <ele>186.7</ele>
        <time>2025-07-13T14:06:43Z</time>
      </trkpt>
      <trkpt lat="46.97212333" lon="17.18685667">
        <ele>186.9</ele>
        <time>2025-07-13T14:06:44Z</time>
      </trkpt>
      <trkpt lat="46.97217" lon="17.18700333">
        <ele>187.3</ele>
        <time>2025-07-13T14:06:45Z</time>
      </trkpt>
      <trkpt lat="46.97222333" lon="17.187145">
        <ele>187.2</ele>
        <time>2025-07-13T14:06:46Z</time>
      </trkpt>
      <trkpt lat="46.97226667" lon="17.18729833">
        <ele>187.2</ele>
        <time>2025-07-13T14:06:47Z</time>
      </trkpt>
      <trkpt lat="46.97231333" lon="17.18744833">
        <ele>187</ele>
        <time>2025-07-13T14:06:48Z</time>
      </trkpt>
      <trkpt lat="46.97235833" lon="17.187595">
        <ele>186.3</ele>
        <time>2025-07-13T14:06:49Z</time>
      </trkpt>
      <trkpt lat="46.972395" lon="17.18775167">
        <ele>186.5</ele>
        <time>2025-07-13T14:06:50Z</time>
      </trkpt>
      <trkpt lat="46.97245833" lon="17.18806167">
        <ele>187.6</ele>
        <time>2025-07-13T14:06:52Z</time>
      </trkpt>
      <trkpt lat="46.97249667" lon="17.18820667">
        <ele>188.2</ele>
        <time>2025-07-13T14:06:53Z</time>
      </trkpt>
      <trkpt lat="46.972535" lon="17.18834667">
        <ele>188.8</ele>
        <time>2025-07-13T14:06:54Z</time>
      </trkpt>
      <trkpt lat="46.97256667" lon="17.18847667">
        <ele>189.7</ele>
        <time>2025-07-13T14:06:55Z</time>
      </trkpt>
      <trkpt lat="46.972605" lon="17.1886">
        <ele>190.2</ele>
        <time>2025-07-13T14:06:56Z</time>
      </trkpt>
      <trkpt lat="46.97267833" lon="17.18883">
        <ele>190.9</ele>
        <time>2025-07-13T14:06:58Z</time>
      </trkpt>
      <trkpt lat="46.972795" lon="17.18901">
        <ele>189.8</ele>
        <time>2025-07-13T14:07:00Z</time>
      </trkpt>
      <trkpt lat="46.97294" lon="17.18908333">
        <ele>190.7</ele>
        <time>2025-07-13T14:07:02Z</time>
      </trkpt>
      <trkpt lat="46.97310833" lon="17.18906333">
        <ele>191.8</ele>
        <time>2025-07-13T14:07:04Z</time>
      </trkpt>
      <trkpt lat="46.97320333" lon="17.18902667">
        <ele>192.8</ele>
        <time>2025-07-13T14:07:05Z</time>
      </trkpt>
      <trkpt lat="46.97329833" lon="17.18899667">
        <ele>192.9</ele>
        <time>2025-07-13T14:07:06Z</time>
      </trkpt>
      <trkpt lat="46.9734" lon="17.18897167">
        <ele>193.3</ele>
        <time>2025-07-13T14:07:07Z</time>
      </trkpt>
      <trkpt lat="46.97349333" lon="17.18895">
        <ele>193.8</ele>
        <time>2025-07-13T14:07:08Z</time>
      </trkpt>
      <trkpt lat="46.97366833" lon="17.18891">
        <ele>193.9</ele>
        <time>2025-07-13T14:07:10Z</time>
      </trkpt>
      <trkpt lat="46.97376667" lon="17.18888167">
        <ele>193.7</ele>
        <time>2025-07-13T14:07:11Z</time>
      </trkpt>
      <trkpt lat="46.97387167" lon="17.188855">
        <ele>193.5</ele>
        <time>2025-07-13T14:07:12Z</time>
      </trkpt>
      <trkpt lat="46.97397" lon="17.18883">
        <ele>193.6</ele>
        <time>2025-07-13T14:07:13Z</time>
      </trkpt>
      <trkpt lat="46.97407333" lon="17.18879833">
        <ele>194.2</ele>
        <time>2025-07-13T14:07:14Z</time>
      </trkpt>
      <trkpt lat="46.97417833" lon="17.18876667">
        <ele>194.5</ele>
        <time>2025-07-13T14:07:15Z</time>
      </trkpt>
      <trkpt lat="46.97428333" lon="17.18873833">
        <ele>194.4</ele>
        <time>2025-07-13T14:07:16Z</time>
      </trkpt>
      <trkpt lat="46.97438" lon="17.18871">
        <ele>194.2</ele>
        <time>2025-07-13T14:07:17Z</time>
      </trkpt>
      <trkpt lat="46.97448" lon="17.188675">
        <ele>193.9</ele>
        <time>2025-07-13T14:07:18Z</time>
      </trkpt>
      <trkpt lat="46.97458333" lon="17.18862667">
        <ele>194.1</ele>
        <time>2025-07-13T14:07:19Z</time>
      </trkpt>
      <trkpt lat="46.97468333" lon="17.18857833">
        <ele>193.2</ele>
        <time>2025-07-13T14:07:20Z</time>
      </trkpt>
      <trkpt lat="46.97478" lon="17.18852667">
        <ele>192.8</ele>
        <time>2025-07-13T14:07:21Z</time>
      </trkpt>
      <trkpt lat="46.974875" lon="17.18847">
        <ele>192.5</ele>
        <time>2025-07-13T14:07:22Z</time>
      </trkpt>
      <trkpt lat="46.97497" lon="17.18841667">
        <ele>192</ele>
        <time>2025-07-13T14:07:23Z</time>
      </trkpt>
      <trkpt lat="46.97506833" lon="17.18836333">
        <ele>191.8</ele>
        <time>2025-07-13T14:07:24Z</time>
      </trkpt>
      <trkpt lat="46.97516667" lon="17.18831167">
        <ele>191.8</ele>
        <time>2025-07-13T14:07:25Z</time>
      </trkpt>
      <trkpt lat="46.97527" lon="17.18827167">
        <ele>191.8</ele>
        <time>2025-07-13T14:07:26Z</time>
      </trkpt>
      <trkpt lat="46.97536833" lon="17.18822333">
        <ele>191.7</ele>
        <time>2025-07-13T14:07:27Z</time>
      </trkpt>
      <trkpt lat="46.97546667" lon="17.18816">
        <ele>191.6</ele>
        <time>2025-07-13T14:07:28Z</time>
      </trkpt>
      <trkpt lat="46.97556833" lon="17.18809833">
        <ele>191.7</ele>
        <time>2025-07-13T14:07:29Z</time>
      </trkpt>
      <trkpt lat="46.975665" lon="17.18804833">
        <ele>192.4</ele>
        <time>2025-07-13T14:07:30Z</time>
      </trkpt>
      <trkpt lat="46.97576667" lon="17.18799167">
        <ele>193</ele>
        <time>2025-07-13T14:07:31Z</time>
      </trkpt>
      <trkpt lat="46.97586833" lon="17.18793167">
        <ele>193.5</ele>
        <time>2025-07-13T14:07:32Z</time>
      </trkpt>
      <trkpt lat="46.97597333" lon="17.18787667">
        <ele>193</ele>
        <time>2025-07-13T14:07:33Z</time>
      </trkpt>
      <trkpt lat="46.976075" lon="17.187825">
        <ele>192.5</ele>
        <time>2025-07-13T14:07:34Z</time>
      </trkpt>
      <trkpt lat="46.97618333" lon="17.18777">
        <ele>192.2</ele>
        <time>2025-07-13T14:07:35Z</time>
      </trkpt>
      <trkpt lat="46.97628667" lon="17.18771">
        <ele>191.9</ele>
        <time>2025-07-13T14:07:36Z</time>
      </trkpt>
      <trkpt lat="46.976385" lon="17.187655">
        <ele>191.2</ele>
        <time>2025-07-13T14:07:37Z</time>
      </trkpt>
      <trkpt lat="46.97648667" lon="17.187595">
        <ele>191.1</ele>
        <time>2025-07-13T14:07:38Z</time>
      </trkpt>
      <trkpt lat="46.97659667" lon="17.18753833">
        <ele>190.8</ele>
        <time>2025-07-13T14:07:39Z</time>
      </trkpt>
      <trkpt lat="46.97670833" lon="17.18749333">
        <ele>190.6</ele>
        <time>2025-07-13T14:07:40Z</time>
      </trkpt>
      <trkpt lat="46.976815" lon="17.18744">
        <ele>190</ele>
        <time>2025-07-13T14:07:41Z</time>
      </trkpt>
      <trkpt lat="46.97692667" lon="17.18738333">
        <ele>190.1</ele>
        <time>2025-07-13T14:07:42Z</time>
      </trkpt>
      <trkpt lat="46.97703667" lon="17.187325">
        <ele>189.5</ele>
        <time>2025-07-13T14:07:43Z</time>
      </trkpt>
      <trkpt lat="46.97714833" lon="17.18725833">
        <ele>190.1</ele>
        <time>2025-07-13T14:07:44Z</time>
      </trkpt>
      <trkpt lat="46.97726" lon="17.18719667">
        <ele>189.3</ele>
        <time>2025-07-13T14:07:45Z</time>
      </trkpt>
      <trkpt lat="46.977365" lon="17.18714167">
        <ele>189.7</ele>
        <time>2025-07-13T14:07:46Z</time>
      </trkpt>
      <trkpt lat="46.97747667" lon="17.187075">
        <ele>190</ele>
        <time>2025-07-13T14:07:47Z</time>
      </trkpt>
      <trkpt lat="46.97758833" lon="17.18701667">
        <ele>190.3</ele>
        <time>2025-07-13T14:07:48Z</time>
      </trkpt>
      <trkpt lat="46.977695" lon="17.18697">
        <ele>190.1</ele>
        <time>2025-07-13T14:07:49Z</time>
      </trkpt>
      <trkpt lat="46.9778" lon="17.18691667">
        <ele>189.9</ele>
        <time>2025-07-13T14:07:50Z</time>
      </trkpt>
      <trkpt lat="46.97789667" lon="17.18686667">
        <ele>190.1</ele>
        <time>2025-07-13T14:07:51Z</time>
      </trkpt>
      <trkpt lat="46.97799833" lon="17.186805">
        <ele>189.5</ele>
        <time>2025-07-13T14:07:52Z</time>
      </trkpt>
      <trkpt lat="46.97810167" lon="17.18673333">
        <ele>189.6</ele>
        <time>2025-07-13T14:07:53Z</time>
      </trkpt>
      <trkpt lat="46.97819667" lon="17.186655">
        <ele>190.2</ele>
        <time>2025-07-13T14:07:54Z</time>
      </trkpt>
      <trkpt lat="46.97828167" lon="17.18656667">
        <ele>190.8</ele>
        <time>2025-07-13T14:07:55Z</time>
      </trkpt>
      <trkpt lat="46.97837167" lon="17.186475">
        <ele>190.5</ele>
        <time>2025-07-13T14:07:56Z</time>
      </trkpt>
      <trkpt lat="46.97845" lon="17.18637167">
        <ele>190.4</ele>
        <time>2025-07-13T14:07:57Z</time>
      </trkpt>
      <trkpt lat="46.97852167" lon="17.18627">
        <ele>190</ele>
        <time>2025-07-13T14:07:58Z</time>
      </trkpt>
      <trkpt lat="46.97858667" lon="17.18617167">
        <ele>189.5</ele>
        <time>2025-07-13T14:07:59Z</time>
      </trkpt>
      <trkpt lat="46.978665" lon="17.186075">
        <ele>189.6</ele>
        <time>2025-07-13T14:08:00Z</time>
      </trkpt>
      <trkpt lat="46.97873667" lon="17.18598333">
        <ele>190.1</ele>
        <time>2025-07-13T14:08:01Z</time>
      </trkpt>
      <trkpt lat="46.97881167" lon="17.18588667">
        <ele>190.1</ele>
        <time>2025-07-13T14:08:02Z</time>
      </trkpt>
      <trkpt lat="46.97889667" lon="17.18581167">
        <ele>189.9</ele>
        <time>2025-07-13T14:08:03Z</time>
      </trkpt>
      <trkpt lat="46.97903667" lon="17.185685">
        <ele>188.4</ele>
        <time>2025-07-13T14:08:05Z</time>
      </trkpt>
      <trkpt lat="46.979145" lon="17.18557333">
        <ele>187.5</ele>
        <time>2025-07-13T14:08:07Z</time>
      </trkpt>
      <trkpt lat="46.97925333" lon="17.185515">
        <ele>188</ele>
        <time>2025-07-13T14:08:09Z</time>
      </trkpt>
      <trkpt lat="46.97934" lon="17.18546167">
        <ele>187.9</ele>
        <time>2025-07-13T14:08:15Z</time>
      </trkpt>
      <trkpt lat="46.97937667" lon="17.18529">
        <ele>188</ele>
        <time>2025-07-13T14:08:20Z</time>
      </trkpt>
      <trkpt lat="46.97935667" lon="17.18510667">
        <ele>187.6</ele>
        <time>2025-07-13T14:08:23Z</time>
      </trkpt>
      <trkpt lat="46.97932667" lon="17.18494667">
        <ele>188</ele>
        <time>2025-07-13T14:08:25Z</time>
      </trkpt>
      <trkpt lat="46.97931833" lon="17.18472167">
        <ele>187.2</ele>
        <time>2025-07-13T14:08:27Z</time>
      </trkpt>
      <trkpt lat="46.97936" lon="17.18448667">
        <ele>185.2</ele>
        <time>2025-07-13T14:08:29Z</time>
      </trkpt>
      <trkpt lat="46.97944667" lon="17.18428167">
        <ele>184</ele>
        <time>2025-07-13T14:08:31Z</time>
      </trkpt>
      <trkpt lat="46.979515" lon="17.18418333">
        <ele>184.2</ele>
        <time>2025-07-13T14:08:32Z</time>
      </trkpt>
      <trkpt lat="46.97959333" lon="17.184105">
        <ele>184.8</ele>
        <time>2025-07-13T14:08:33Z</time>
      </trkpt>
      <trkpt lat="46.97967167" lon="17.18403667">
        <ele>185.1</ele>
        <time>2025-07-13T14:08:34Z</time>
      </trkpt>
      <trkpt lat="46.97977333" lon="17.18396833">
        <ele>185.8</ele>
        <time>2025-07-13T14:08:35Z</time>
      </trkpt>
      <trkpt lat="46.97986333" lon="17.18390333">
        <ele>186.5</ele>
        <time>2025-07-13T14:08:36Z</time>
      </trkpt>
      <trkpt lat="46.97996167" lon="17.18384833">
        <ele>185.9</ele>
        <time>2025-07-13T14:08:37Z</time>
      </trkpt>
      <trkpt lat="46.98006167" lon="17.18380833">
        <ele>186.3</ele>
        <time>2025-07-13T14:08:38Z</time>
      </trkpt>
      <trkpt lat="46.98016667" lon="17.18375333">
        <ele>186.6</ele>
        <time>2025-07-13T14:08:39Z</time>
      </trkpt>
      <trkpt lat="46.98026667" lon="17.18369">
        <ele>186.6</ele>
        <time>2025-07-13T14:08:40Z</time>
      </trkpt>
      <trkpt lat="46.98037667" lon="17.18363667">
        <ele>186.6</ele>
        <time>2025-07-13T14:08:41Z</time>
      </trkpt>
      <trkpt lat="46.98048167" lon="17.18359">
        <ele>186.6</ele>
        <time>2025-07-13T14:08:42Z</time>
      </trkpt>
      <trkpt lat="46.98058333" lon="17.18353">
        <ele>186.1</ele>
        <time>2025-07-13T14:08:43Z</time>
      </trkpt>
      <trkpt lat="46.98068667" lon="17.18346833">
        <ele>186.1</ele>
        <time>2025-07-13T14:08:44Z</time>
      </trkpt>
      <trkpt lat="46.9808" lon="17.18341833">
        <ele>185.6</ele>
        <time>2025-07-13T14:08:45Z</time>
      </trkpt>
      <trkpt lat="46.98090333" lon="17.18336167">
        <ele>184.9</ele>
        <time>2025-07-13T14:08:46Z</time>
      </trkpt>
      <trkpt lat="46.98101" lon="17.18330833">
        <ele>184.7</ele>
        <time>2025-07-13T14:08:47Z</time>
      </trkpt>
      <trkpt lat="46.9811" lon="17.18326">
        <ele>184.5</ele>
        <time>2025-07-13T14:08:48Z</time>
      </trkpt>
      <trkpt lat="46.98119833" lon="17.18320833">
        <ele>184.5</ele>
        <time>2025-07-13T14:08:49Z</time>
      </trkpt>
      <trkpt lat="46.98129" lon="17.183155">
        <ele>184.9</ele>
        <time>2025-07-13T14:08:50Z</time>
      </trkpt>
      <trkpt lat="46.98139" lon="17.18309667">
        <ele>184.7</ele>
        <time>2025-07-13T14:08:51Z</time>
      </trkpt>
      <trkpt lat="46.981485" lon="17.18303333">
        <ele>184.7</ele>
        <time>2025-07-13T14:08:52Z</time>
      </trkpt>
      <trkpt lat="46.98158167" lon="17.18295">
        <ele>184.9</ele>
        <time>2025-07-13T14:08:53Z</time>
      </trkpt>
      <trkpt lat="46.98167667" lon="17.18285333">
        <ele>185</ele>
        <time>2025-07-13T14:08:54Z</time>
      </trkpt>
      <trkpt lat="46.98176833" lon="17.18275333">
        <ele>184.4</ele>
        <time>2025-07-13T14:08:55Z</time>
      </trkpt>
      <trkpt lat="46.98186167" lon="17.18263667">
        <ele>184.1</ele>
        <time>2025-07-13T14:08:56Z</time>
      </trkpt>
      <trkpt lat="46.98195" lon="17.18253">
        <ele>184</ele>
        <time>2025-07-13T14:08:57Z</time>
      </trkpt>
      <trkpt lat="46.98203667" lon="17.18242667">
        <ele>183.1</ele>
        <time>2025-07-13T14:08:58Z</time>
      </trkpt>
      <trkpt lat="46.98213333" lon="17.18233333">
        <ele>182.4</ele>
        <time>2025-07-13T14:08:59Z</time>
      </trkpt>
      <trkpt lat="46.98223167" lon="17.18225167">
        <ele>182.3</ele>
        <time>2025-07-13T14:09:00Z</time>
      </trkpt>
      <trkpt lat="46.982325" lon="17.18218333">
        <ele>182.4</ele>
        <time>2025-07-13T14:09:01Z</time>
      </trkpt>
      <trkpt lat="46.98243" lon="17.18212">
        <ele>182</ele>
        <time>2025-07-13T14:09:02Z</time>
      </trkpt>
      <trkpt lat="46.98253833" lon="17.18205833">
        <ele>181.5</ele>
        <time>2025-07-13T14:09:03Z</time>
      </trkpt>
      <trkpt lat="46.98265" lon="17.18198667">
        <ele>181.7</ele>
        <time>2025-07-13T14:09:04Z</time>
      </trkpt>
      <trkpt lat="46.98275667" lon="17.18190833">
        <ele>182</ele>
        <time>2025-07-13T14:09:05Z</time>
      </trkpt>
      <trkpt lat="46.982865" lon="17.18182833">
        <ele>181.9</ele>
        <time>2025-07-13T14:09:06Z</time>
      </trkpt>
      <trkpt lat="46.98296667" lon="17.18174833">
        <ele>183.2</ele>
        <time>2025-07-13T14:09:07Z</time>
      </trkpt>
      <trkpt lat="46.983065" lon="17.18166">
        <ele>183.4</ele>
        <time>2025-07-13T14:09:08Z</time>
      </trkpt>
      <trkpt lat="46.98316333" lon="17.181575">
        <ele>183.9</ele>
        <time>2025-07-13T14:09:09Z</time>
      </trkpt>
      <trkpt lat="46.98325833" lon="17.18148167">
        <ele>183.9</ele>
        <time>2025-07-13T14:09:10Z</time>
      </trkpt>
      <trkpt lat="46.98336" lon="17.18136667">
        <ele>185</ele>
        <time>2025-07-13T14:09:11Z</time>
      </trkpt>
      <trkpt lat="46.98346" lon="17.18126333">
        <ele>185.5</ele>
        <time>2025-07-13T14:09:12Z</time>
      </trkpt>
      <trkpt lat="46.98355333" lon="17.18118333">
        <ele>185.4</ele>
        <time>2025-07-13T14:09:13Z</time>
      </trkpt>
      <trkpt lat="46.98364833" lon="17.18110333">
        <ele>185.5</ele>
        <time>2025-07-13T14:09:14Z</time>
      </trkpt>
      <trkpt lat="46.98375167" lon="17.18107333">
        <ele>185.3</ele>
        <time>2025-07-13T14:09:15Z</time>
      </trkpt>
      <trkpt lat="46.983865" lon="17.18105833">
        <ele>185.1</ele>
        <time>2025-07-13T14:09:16Z</time>
      </trkpt>
      <trkpt lat="46.98396833" lon="17.18107">
        <ele>185.5</ele>
        <time>2025-07-13T14:09:17Z</time>
      </trkpt>
      <trkpt lat="46.98407" lon="17.18109667">
        <ele>186.4</ele>
        <time>2025-07-13T14:09:18Z</time>
      </trkpt>
      <trkpt lat="46.98417667" lon="17.18113167">
        <ele>187.1</ele>
        <time>2025-07-13T14:09:19Z</time>
      </trkpt>
      <trkpt lat="46.98428167" lon="17.181155">
        <ele>187.1</ele>
        <time>2025-07-13T14:09:20Z</time>
      </trkpt>
      <trkpt lat="46.98439333" lon="17.18118667">
        <ele>186.8</ele>
        <time>2025-07-13T14:09:21Z</time>
      </trkpt>
      <trkpt lat="46.98451" lon="17.18119333">
        <ele>186.1</ele>
        <time>2025-07-13T14:09:22Z</time>
      </trkpt>
      <trkpt lat="46.984625" lon="17.18118333">
        <ele>186.1</ele>
        <time>2025-07-13T14:09:23Z</time>
      </trkpt>
      <trkpt lat="46.98475" lon="17.18116167">
        <ele>184.7</ele>
        <time>2025-07-13T14:09:24Z</time>
      </trkpt>
      <trkpt lat="46.98486333" lon="17.181115">
        <ele>184</ele>
        <time>2025-07-13T14:09:25Z</time>
      </trkpt>
      <trkpt lat="46.98497667" lon="17.18106167">
        <ele>183.1</ele>
        <time>2025-07-13T14:09:26Z</time>
      </trkpt>
      <trkpt lat="46.9851" lon="17.18099667">
        <ele>184.3</ele>
        <time>2025-07-13T14:09:27Z</time>
      </trkpt>
      <trkpt lat="46.98522" lon="17.18093667">
        <ele>185.3</ele>
        <time>2025-07-13T14:09:28Z</time>
      </trkpt>
      <trkpt lat="46.98533667" lon="17.18087333">
        <ele>184.8</ele>
        <time>2025-07-13T14:09:29Z</time>
      </trkpt>
      <trkpt lat="46.985455" lon="17.18081333">
        <ele>183.8</ele>
        <time>2025-07-13T14:09:30Z</time>
      </trkpt>
      <trkpt lat="46.98557167" lon="17.18075167">
        <ele>183.5</ele>
        <time>2025-07-13T14:09:31Z</time>
      </trkpt>
      <trkpt lat="46.985705" lon="17.18069">
        <ele>183.9</ele>
        <time>2025-07-13T14:09:32Z</time>
      </trkpt>
      <trkpt lat="46.98583667" lon="17.18062833">
        <ele>184</ele>
        <time>2025-07-13T14:09:33Z</time>
      </trkpt>
      <trkpt lat="46.98596333" lon="17.18055833">
        <ele>183.5</ele>
        <time>2025-07-13T14:09:34Z</time>
      </trkpt>
      <trkpt lat="46.98609833" lon="17.18047">
        <ele>183.5</ele>
        <time>2025-07-13T14:09:35Z</time>
      </trkpt>
      <trkpt lat="46.986225" lon="17.18039">
        <ele>183.9</ele>
        <time>2025-07-13T14:09:36Z</time>
      </trkpt>
      <trkpt lat="46.98636" lon="17.18030167">
        <ele>183.2</ele>
        <time>2025-07-13T14:09:37Z</time>
      </trkpt>
      <trkpt lat="46.986505" lon="17.1802">
        <ele>183.8</ele>
        <time>2025-07-13T14:09:38Z</time>
      </trkpt>
      <trkpt lat="46.986645" lon="17.18009333">
        <ele>183.9</ele>
        <time>2025-07-13T14:09:39Z</time>
      </trkpt>
      <trkpt lat="46.98677333" lon="17.17997833">
        <ele>185.6</ele>
        <time>2025-07-13T14:09:40Z</time>
      </trkpt>
      <trkpt lat="46.98690333" lon="17.17986">
        <ele>185.3</ele>
        <time>2025-07-13T14:09:41Z</time>
      </trkpt>
      <trkpt lat="46.98704167" lon="17.179735">
        <ele>184.9</ele>
        <time>2025-07-13T14:09:42Z</time>
      </trkpt>
      <trkpt lat="46.98718333" lon="17.17960167">
        <ele>184.3</ele>
        <time>2025-07-13T14:09:43Z</time>
      </trkpt>
      <trkpt lat="46.98733167" lon="17.17946333">
        <ele>183.6</ele>
        <time>2025-07-13T14:09:44Z</time>
      </trkpt>
      <trkpt lat="46.98748667" lon="17.17933167">
        <ele>184.7</ele>
        <time>2025-07-13T14:09:45Z</time>
      </trkpt>
      <trkpt lat="46.98764333" lon="17.17919333">
        <ele>184.8</ele>
        <time>2025-07-13T14:09:46Z</time>
      </trkpt>
      <trkpt lat="46.98779333" lon="17.17904667">
        <ele>184.4</ele>
        <time>2025-07-13T14:09:47Z</time>
      </trkpt>
      <trkpt lat="46.987945" lon="17.1789">
        <ele>183.6</ele>
        <time>2025-07-13T14:09:48Z</time>
      </trkpt>
      <trkpt lat="46.9881" lon="17.17877667">
        <ele>183.1</ele>
        <time>2025-07-13T14:09:49Z</time>
      </trkpt>
      <trkpt lat="46.988245" lon="17.17864167">
        <ele>183.3</ele>
        <time>2025-07-13T14:09:50Z</time>
      </trkpt>
      <trkpt lat="46.98839" lon="17.178505">
        <ele>182.1</ele>
        <time>2025-07-13T14:09:51Z</time>
      </trkpt>
      <trkpt lat="46.98853333" lon="17.17837">
        <ele>181.4</ele>
        <time>2025-07-13T14:09:52Z</time>
      </trkpt>
      <trkpt lat="46.988675" lon="17.17823">
        <ele>181.5</ele>
        <time>2025-07-13T14:09:53Z</time>
      </trkpt>
      <trkpt lat="46.988835" lon="17.178085">
        <ele>183</ele>
        <time>2025-07-13T14:09:54Z</time>
      </trkpt>
      <trkpt lat="46.98899167" lon="17.17793833">
        <ele>182.6</ele>
        <time>2025-07-13T14:09:55Z</time>
      </trkpt>
      <trkpt lat="46.98914167" lon="17.1778">
        <ele>181.6</ele>
        <time>2025-07-13T14:09:56Z</time>
      </trkpt>
      <trkpt lat="46.98926333" lon="17.17766667">
        <ele>182.4</ele>
        <time>2025-07-13T14:09:57Z</time>
      </trkpt>
      <trkpt lat="46.98939833" lon="17.1775">
        <ele>183.9</ele>
        <time>2025-07-13T14:09:58Z</time>
      </trkpt>
      <trkpt lat="46.98953167" lon="17.17733667">
        <ele>183.3</ele>
        <time>2025-07-13T14:09:59Z</time>
      </trkpt>
      <trkpt lat="46.98965333" lon="17.177155">
        <ele>183.7</ele>
        <time>2025-07-13T14:10:00Z</time>
      </trkpt>
      <trkpt lat="46.98977167" lon="17.17696833">
        <ele>184.2</ele>
        <time>2025-07-13T14:10:01Z</time>
      </trkpt>
      <trkpt lat="46.98988667" lon="17.17678167">
        <ele>184.2</ele>
        <time>2025-07-13T14:10:02Z</time>
      </trkpt>
      <trkpt lat="46.98999667" lon="17.17658833">
        <ele>184</ele>
        <time>2025-07-13T14:10:03Z</time>
      </trkpt>
      <trkpt lat="46.99011333" lon="17.17638833">
        <ele>183.9</ele>
        <time>2025-07-13T14:10:04Z</time>
      </trkpt>
      <trkpt lat="46.99021667" lon="17.17617667">
        <ele>183</ele>
        <time>2025-07-13T14:10:05Z</time>
      </trkpt>
      <trkpt lat="46.99031167" lon="17.17596833">
        <ele>182.2</ele>
        <time>2025-07-13T14:10:06Z</time>
      </trkpt>
      <trkpt lat="46.99040333" lon="17.17574833">
        <ele>182.2</ele>
        <time>2025-07-13T14:10:07Z</time>
      </trkpt>
      <trkpt lat="46.99048833" lon="17.175525">
        <ele>182.1</ele>
        <time>2025-07-13T14:10:08Z</time>
      </trkpt>
      <trkpt lat="46.99057167" lon="17.17529333">
        <ele>181.8</ele>
        <time>2025-07-13T14:10:09Z</time>
      </trkpt>
      <trkpt lat="46.99064667" lon="17.17506833">
        <ele>181.1</ele>
        <time>2025-07-13T14:10:10Z</time>
      </trkpt>
      <trkpt lat="46.99070667" lon="17.174835">
        <ele>180.8</ele>
        <time>2025-07-13T14:10:11Z</time>
      </trkpt>
      <trkpt lat="46.99077167" lon="17.17459333">
        <ele>180.7</ele>
        <time>2025-07-13T14:10:12Z</time>
      </trkpt>
      <trkpt lat="46.99083" lon="17.17434167">
        <ele>180.7</ele>
        <time>2025-07-13T14:10:13Z</time>
      </trkpt>
      <trkpt lat="46.99088333" lon="17.17409">
        <ele>180.6</ele>
        <time>2025-07-13T14:10:14Z</time>
      </trkpt>
      <trkpt lat="46.990935" lon="17.17384">
        <ele>180.3</ele>
        <time>2025-07-13T14:10:15Z</time>
      </trkpt>
      <trkpt lat="46.99099333" lon="17.17358333">
        <ele>181.1</ele>
        <time>2025-07-13T14:10:16Z</time>
      </trkpt>
      <trkpt lat="46.99104333" lon="17.17334667">
        <ele>182.3</ele>
        <time>2025-07-13T14:10:17Z</time>
      </trkpt>
      <trkpt lat="46.99109667" lon="17.17310833">
        <ele>183.7</ele>
        <time>2025-07-13T14:10:18Z</time>
      </trkpt>
      <trkpt lat="46.99114833" lon="17.17286167">
        <ele>184.8</ele>
        <time>2025-07-13T14:10:19Z</time>
      </trkpt>
      <trkpt lat="46.9912" lon="17.17262333">
        <ele>185.9</ele>
        <time>2025-07-13T14:10:20Z</time>
      </trkpt>
      <trkpt lat="46.99124333" lon="17.17237667">
        <ele>186.2</ele>
        <time>2025-07-13T14:10:21Z</time>
      </trkpt>
      <trkpt lat="46.99129667" lon="17.17212833">
        <ele>186.1</ele>
        <time>2025-07-13T14:10:22Z</time>
      </trkpt>
      <trkpt lat="46.99135667" lon="17.17187833">
        <ele>185.4</ele>
        <time>2025-07-13T14:10:23Z</time>
      </trkpt>
      <trkpt lat="46.99141" lon="17.17163">
        <ele>186</ele>
        <time>2025-07-13T14:10:24Z</time>
      </trkpt>
      <trkpt lat="46.99147" lon="17.171385">
        <ele>186.9</ele>
        <time>2025-07-13T14:10:25Z</time>
      </trkpt>
      <trkpt lat="46.991525" lon="17.171135">
        <ele>187.1</ele>
        <time>2025-07-13T14:10:26Z</time>
      </trkpt>
      <trkpt lat="46.99158333" lon="17.17089167">
        <ele>187.2</ele>
        <time>2025-07-13T14:10:27Z</time>
      </trkpt>
      <trkpt lat="46.99164" lon="17.17064833">
        <ele>187.6</ele>
        <time>2025-07-13T14:10:28Z</time>
      </trkpt>
      <trkpt lat="46.99169333" lon="17.17040833">
        <ele>187.5</ele>
        <time>2025-07-13T14:10:29Z</time>
      </trkpt>
      <trkpt lat="46.991745" lon="17.17016833">
        <ele>188</ele>
        <time>2025-07-13T14:10:30Z</time>
      </trkpt>
      <trkpt lat="46.99179333" lon="17.16992667">
        <ele>187</ele>
        <time>2025-07-13T14:10:31Z</time>
      </trkpt>
      <trkpt lat="46.991845" lon="17.16968333">
        <ele>186.6</ele>
        <time>2025-07-13T14:10:32Z</time>
      </trkpt>
      <trkpt lat="46.99188333" lon="17.16943167">
        <ele>185.7</ele>
        <time>2025-07-13T14:10:33Z</time>
      </trkpt>
      <trkpt lat="46.99192333" lon="17.16917833">
        <ele>184.2</ele>
        <time>2025-07-13T14:10:34Z</time>
      </trkpt>
      <trkpt lat="46.991975" lon="17.16893333">
        <ele>184.4</ele>
        <time>2025-07-13T14:10:35Z</time>
      </trkpt>
      <trkpt lat="46.99202333" lon="17.16868667">
        <ele>185</ele>
        <time>2025-07-13T14:10:36Z</time>
      </trkpt>
      <trkpt lat="46.99208" lon="17.16844333">
        <ele>186.9</ele>
        <time>2025-07-13T14:10:37Z</time>
      </trkpt>
      <trkpt lat="46.99213667" lon="17.168195">
        <ele>187.8</ele>
        <time>2025-07-13T14:10:38Z</time>
      </trkpt>
      <trkpt lat="46.99219" lon="17.167955">
        <ele>188.3</ele>
        <time>2025-07-13T14:10:39Z</time>
      </trkpt>
      <trkpt lat="46.99224833" lon="17.16771">
        <ele>188.3</ele>
        <time>2025-07-13T14:10:40Z</time>
      </trkpt>
      <trkpt lat="46.99230167" lon="17.16747333">
        <ele>188.5</ele>
        <time>2025-07-13T14:10:41Z</time>
      </trkpt>
      <trkpt lat="46.99234333" lon="17.16723833">
        <ele>188.5</ele>
        <time>2025-07-13T14:10:42Z</time>
      </trkpt>
      <trkpt lat="46.99239167" lon="17.16699">
        <ele>188.3</ele>
        <time>2025-07-13T14:10:43Z</time>
      </trkpt>
      <trkpt lat="46.99244333" lon="17.16674167">
        <ele>187.9</ele>
        <time>2025-07-13T14:10:44Z</time>
      </trkpt>
      <trkpt lat="46.992495" lon="17.16649833">
        <ele>188.2</ele>
        <time>2025-07-13T14:10:45Z</time>
      </trkpt>
      <trkpt lat="46.99255167" lon="17.166265">
        <ele>187.7</ele>
        <time>2025-07-13T14:10:46Z</time>
      </trkpt>
      <trkpt lat="46.99261333" lon="17.166">
        <ele>187.1</ele>
        <time>2025-07-13T14:10:47Z</time>
      </trkpt>
      <trkpt lat="46.992665" lon="17.16575333">
        <ele>186.5</ele>
        <time>2025-07-13T14:10:48Z</time>
      </trkpt>
      <trkpt lat="46.99272167" lon="17.16550833">
        <ele>186.4</ele>
        <time>2025-07-13T14:10:49Z</time>
      </trkpt>
      <trkpt lat="46.99277167" lon="17.16526167">
        <ele>186.1</ele>
        <time>2025-07-13T14:10:50Z</time>
      </trkpt>
      <trkpt lat="46.99282167" lon="17.16501167">
        <ele>186.6</ele>
        <time>2025-07-13T14:10:51Z</time>
      </trkpt>
      <trkpt lat="46.99287333" lon="17.16477">
        <ele>186.5</ele>
        <time>2025-07-13T14:10:52Z</time>
      </trkpt>
      <trkpt lat="46.99292333" lon="17.16453167">
        <ele>186.5</ele>
        <time>2025-07-13T14:10:53Z</time>
      </trkpt>
      <trkpt lat="46.99298" lon="17.16428333">
        <ele>186.2</ele>
        <time>2025-07-13T14:10:54Z</time>
      </trkpt>
      <trkpt lat="46.99303167" lon="17.16404167">
        <ele>186</ele>
        <time>2025-07-13T14:10:55Z</time>
      </trkpt>
      <trkpt lat="46.99308333" lon="17.1638">
        <ele>185.1</ele>
        <time>2025-07-13T14:10:56Z</time>
      </trkpt>
      <trkpt lat="46.99313667" lon="17.16355333">
        <ele>184.4</ele>
        <time>2025-07-13T14:10:57Z</time>
      </trkpt>
      <trkpt lat="46.99318333" lon="17.16331333">
        <ele>184.2</ele>
        <time>2025-07-13T14:10:58Z</time>
      </trkpt>
      <trkpt lat="46.99323667" lon="17.16306333">
        <ele>183.9</ele>
        <time>2025-07-13T14:10:59Z</time>
      </trkpt>
      <trkpt lat="46.99328667" lon="17.16282">
        <ele>183.9</ele>
        <time>2025-07-13T14:11:00Z</time>
      </trkpt>
      <trkpt lat="46.99333833" lon="17.16257">
        <ele>183.8</ele>
        <time>2025-07-13T14:11:01Z</time>
      </trkpt>
      <trkpt lat="46.99339" lon="17.16233333">
        <ele>183.5</ele>
        <time>2025-07-13T14:11:02Z</time>
      </trkpt>
      <trkpt lat="46.99344333" lon="17.162085">
        <ele>183.9</ele>
        <time>2025-07-13T14:11:03Z</time>
      </trkpt>
      <trkpt lat="46.99349333" lon="17.16184">
        <ele>183.6</ele>
        <time>2025-07-13T14:11:04Z</time>
      </trkpt>
      <trkpt lat="46.99354833" lon="17.161595">
        <ele>183.5</ele>
        <time>2025-07-13T14:11:05Z</time>
      </trkpt>
      <trkpt lat="46.9936" lon="17.16135">
        <ele>183.2</ele>
        <time>2025-07-13T14:11:06Z</time>
      </trkpt>
      <trkpt lat="46.99364833" lon="17.16111">
        <ele>183.7</ele>
        <time>2025-07-13T14:11:07Z</time>
      </trkpt>
      <trkpt lat="46.99370333" lon="17.160865">
        <ele>184.4</ele>
        <time>2025-07-13T14:11:08Z</time>
      </trkpt>
      <trkpt lat="46.99376" lon="17.16062">
        <ele>184.3</ele>
        <time>2025-07-13T14:11:09Z</time>
      </trkpt>
      <trkpt lat="46.99381833" lon="17.16037333">
        <ele>184.4</ele>
        <time>2025-07-13T14:11:10Z</time>
      </trkpt>
      <trkpt lat="46.993865" lon="17.16013667">
        <ele>185.1</ele>
        <time>2025-07-13T14:11:11Z</time>
      </trkpt>
      <trkpt lat="46.99392333" lon="17.159885">
        <ele>185.6</ele>
        <time>2025-07-13T14:11:12Z</time>
      </trkpt>
      <trkpt lat="46.99397333" lon="17.15963333">
        <ele>185.5</ele>
        <time>2025-07-13T14:11:13Z</time>
      </trkpt>
      <trkpt lat="46.99403" lon="17.15939">
        <ele>185.7</ele>
        <time>2025-07-13T14:11:14Z</time>
      </trkpt>
      <trkpt lat="46.99408333" lon="17.15915167">
        <ele>186.1</ele>
        <time>2025-07-13T14:11:15Z</time>
      </trkpt>
      <trkpt lat="46.99413333" lon="17.15890667">
        <ele>185.3</ele>
        <time>2025-07-13T14:11:16Z</time>
      </trkpt>
      <trkpt lat="46.99418667" lon="17.158655">
        <ele>186.3</ele>
        <time>2025-07-13T14:11:17Z</time>
      </trkpt>
      <trkpt lat="46.99423833" lon="17.15841167">
        <ele>186.4</ele>
        <time>2025-07-13T14:11:18Z</time>
      </trkpt>
      <trkpt lat="46.99429333" lon="17.15816">
        <ele>186.8</ele>
        <time>2025-07-13T14:11:19Z</time>
      </trkpt>
      <trkpt lat="46.99435" lon="17.15791833">
        <ele>187.9</ele>
        <time>2025-07-13T14:11:20Z</time>
      </trkpt>
      <trkpt lat="46.9944" lon="17.157675">
        <ele>187.7</ele>
        <time>2025-07-13T14:11:21Z</time>
      </trkpt>
      <trkpt lat="46.99445667" lon="17.157425">
        <ele>188.1</ele>
        <time>2025-07-13T14:11:22Z</time>
      </trkpt>
      <trkpt lat="46.99450833" lon="17.15718167">
        <ele>188.3</ele>
        <time>2025-07-13T14:11:23Z</time>
      </trkpt>
      <trkpt lat="46.99456333" lon="17.15693833">
        <ele>188.6</ele>
        <time>2025-07-13T14:11:24Z</time>
      </trkpt>
      <trkpt lat="46.99461" lon="17.15670333">
        <ele>189.3</ele>
        <time>2025-07-13T14:11:25Z</time>
      </trkpt>
      <trkpt lat="46.99466167" lon="17.15647167">
        <ele>189.7</ele>
        <time>2025-07-13T14:11:26Z</time>
      </trkpt>
      <trkpt lat="46.99471" lon="17.15624">
        <ele>189.3</ele>
        <time>2025-07-13T14:11:27Z</time>
      </trkpt>
      <trkpt lat="46.99475667" lon="17.15602333">
        <ele>189</ele>
        <time>2025-07-13T14:11:28Z</time>
      </trkpt>
      <trkpt lat="46.99479" lon="17.15581167">
        <ele>188.5</ele>
        <time>2025-07-13T14:11:29Z</time>
      </trkpt>
      <trkpt lat="46.99484" lon="17.155595">
        <ele>187.7</ele>
        <time>2025-07-13T14:11:30Z</time>
      </trkpt>
      <trkpt lat="46.99488167" lon="17.15536667">
        <ele>187</ele>
        <time>2025-07-13T14:11:31Z</time>
      </trkpt>
      <trkpt lat="46.99494" lon="17.15516333">
        <ele>187.3</ele>
        <time>2025-07-13T14:11:32Z</time>
      </trkpt>
      <trkpt lat="46.99498667" lon="17.15494667">
        <ele>188.4</ele>
        <time>2025-07-13T14:11:33Z</time>
      </trkpt>
      <trkpt lat="46.99503333" lon="17.15474">
        <ele>188.1</ele>
        <time>2025-07-13T14:11:34Z</time>
      </trkpt>
      <trkpt lat="46.99508" lon="17.15454333">
        <ele>188.7</ele>
        <time>2025-07-13T14:11:35Z</time>
      </trkpt>
      <trkpt lat="46.99512167" lon="17.15435833">
        <ele>188.5</ele>
        <time>2025-07-13T14:11:36Z</time>
      </trkpt>
      <trkpt lat="46.99514667" lon="17.15417167">
        <ele>189.2</ele>
        <time>2025-07-13T14:11:37Z</time>
      </trkpt>
      <trkpt lat="46.99518" lon="17.15397667">
        <ele>190.6</ele>
        <time>2025-07-13T14:11:38Z</time>
      </trkpt>
      <trkpt lat="46.99519167" lon="17.153805">
        <ele>190.4</ele>
        <time>2025-07-13T14:11:39Z</time>
      </trkpt>
      <trkpt lat="46.99518833" lon="17.15362">
        <ele>190.4</ele>
        <time>2025-07-13T14:11:40Z</time>
      </trkpt>
      <trkpt lat="46.99516667" lon="17.15344833">
        <ele>191.7</ele>
        <time>2025-07-13T14:11:41Z</time>
      </trkpt>
      <trkpt lat="46.99514333" lon="17.15327833">
        <ele>192.4</ele>
        <time>2025-07-13T14:11:42Z</time>
      </trkpt>
      <trkpt lat="46.99512" lon="17.153105">
        <ele>192.8</ele>
        <time>2025-07-13T14:11:43Z</time>
      </trkpt>
      <trkpt lat="46.99509167" lon="17.152935">
        <ele>193</ele>
        <time>2025-07-13T14:11:44Z</time>
      </trkpt>
      <trkpt lat="46.99504333" lon="17.15276167">
        <ele>192.6</ele>
        <time>2025-07-13T14:11:45Z</time>
      </trkpt>
      <trkpt lat="46.995" lon="17.152585">
        <ele>194.1</ele>
        <time>2025-07-13T14:11:46Z</time>
      </trkpt>
      <trkpt lat="46.99495833" lon="17.15241833">
        <ele>193.9</ele>
        <time>2025-07-13T14:11:47Z</time>
      </trkpt>
      <trkpt lat="46.99491667" lon="17.15224333">
        <ele>195.2</ele>
        <time>2025-07-13T14:11:48Z</time>
      </trkpt>
      <trkpt lat="46.99486167" lon="17.15208">
        <ele>195.5</ele>
        <time>2025-07-13T14:11:49Z</time>
      </trkpt>
      <trkpt lat="46.994815" lon="17.15192333">
        <ele>196.5</ele>
        <time>2025-07-13T14:11:50Z</time>
      </trkpt>
      <trkpt lat="46.994765" lon="17.15176333">
        <ele>196.6</ele>
        <time>2025-07-13T14:11:51Z</time>
      </trkpt>
      <trkpt lat="46.99472167" lon="17.15160333">
        <ele>195.7</ele>
        <time>2025-07-13T14:11:52Z</time>
      </trkpt>
      <trkpt lat="46.99468" lon="17.151445">
        <ele>194.8</ele>
        <time>2025-07-13T14:11:53Z</time>
      </trkpt>
      <trkpt lat="46.99463667" lon="17.15127667">
        <ele>194.7</ele>
        <time>2025-07-13T14:11:54Z</time>
      </trkpt>
      <trkpt lat="46.99459" lon="17.15110167">
        <ele>194.3</ele>
        <time>2025-07-13T14:11:55Z</time>
      </trkpt>
      <trkpt lat="46.994545" lon="17.15094333">
        <ele>193.6</ele>
        <time>2025-07-13T14:11:56Z</time>
      </trkpt>
      <trkpt lat="46.9945" lon="17.15077">
        <ele>194.3</ele>
        <time>2025-07-13T14:11:57Z</time>
      </trkpt>
      <trkpt lat="46.99446167" lon="17.15060833">
        <ele>194.4</ele>
        <time>2025-07-13T14:11:58Z</time>
      </trkpt>
      <trkpt lat="46.99441833" lon="17.15044167">
        <ele>193.5</ele>
        <time>2025-07-13T14:11:59Z</time>
      </trkpt>
      <trkpt lat="46.99437333" lon="17.15027833">
        <ele>193.8</ele>
        <time>2025-07-13T14:12:00Z</time>
      </trkpt>
      <trkpt lat="46.99433667" lon="17.150115">
        <ele>192.9</ele>
        <time>2025-07-13T14:12:01Z</time>
      </trkpt>
      <trkpt lat="46.99431" lon="17.14995">
        <ele>192.8</ele>
        <time>2025-07-13T14:12:02Z</time>
      </trkpt>
      <trkpt lat="46.99428" lon="17.14978">
        <ele>193.2</ele>
        <time>2025-07-13T14:12:03Z</time>
      </trkpt>
      <trkpt lat="46.99425333" lon="17.14962167">
        <ele>193.3</ele>
        <time>2025-07-13T14:12:04Z</time>
      </trkpt>
      <trkpt lat="46.99423667" lon="17.14944333">
        <ele>193.9</ele>
        <time>2025-07-13T14:12:05Z</time>
      </trkpt>
      <trkpt lat="46.99420667" lon="17.14926833">
        <ele>194.3</ele>
        <time>2025-07-13T14:12:06Z</time>
      </trkpt>
      <trkpt lat="46.99418667" lon="17.14908833">
        <ele>194.7</ele>
        <time>2025-07-13T14:12:07Z</time>
      </trkpt>
      <trkpt lat="46.99416167" lon="17.14891333">
        <ele>195.4</ele>
        <time>2025-07-13T14:12:08Z</time>
      </trkpt>
      <trkpt lat="46.99413833" lon="17.14874167">
        <ele>195.2</ele>
        <time>2025-07-13T14:12:09Z</time>
      </trkpt>
      <trkpt lat="46.99409667" lon="17.14856333">
        <ele>195.3</ele>
        <time>2025-07-13T14:12:10Z</time>
      </trkpt>
      <trkpt lat="46.99405833" lon="17.14839833">
        <ele>195.2</ele>
        <time>2025-07-13T14:12:11Z</time>
      </trkpt>
      <trkpt lat="46.99401167" lon="17.14823167">
        <ele>195.2</ele>
        <time>2025-07-13T14:12:12Z</time>
      </trkpt>
      <trkpt lat="46.99396833" lon="17.14806">
        <ele>194.3</ele>
        <time>2025-07-13T14:12:13Z</time>
      </trkpt>
      <trkpt lat="46.99393333" lon="17.14789">
        <ele>193.2</ele>
        <time>2025-07-13T14:12:14Z</time>
      </trkpt>
      <trkpt lat="46.9939" lon="17.14771167">
        <ele>193</ele>
        <time>2025-07-13T14:12:15Z</time>
      </trkpt>
      <trkpt lat="46.993875" lon="17.147545">
        <ele>192.8</ele>
        <time>2025-07-13T14:12:16Z</time>
      </trkpt>
      <trkpt lat="46.993865" lon="17.14737667">
        <ele>192.8</ele>
        <time>2025-07-13T14:12:17Z</time>
      </trkpt>
      <trkpt lat="46.99385167" lon="17.14721333">
        <ele>192.9</ele>
        <time>2025-07-13T14:12:18Z</time>
      </trkpt>
      <trkpt lat="46.99383333" lon="17.14705167">
        <ele>192.4</ele>
        <time>2025-07-13T14:12:19Z</time>
      </trkpt>
      <trkpt lat="46.99380833" lon="17.14690167">
        <ele>192.5</ele>
        <time>2025-07-13T14:12:20Z</time>
      </trkpt>
      <trkpt lat="46.99377" lon="17.14675833">
        <ele>192</ele>
        <time>2025-07-13T14:12:21Z</time>
      </trkpt>
      <trkpt lat="46.99372167" lon="17.14663">
        <ele>192.4</ele>
        <time>2025-07-13T14:12:22Z</time>
      </trkpt>
      <trkpt lat="46.99366333" lon="17.14650833">
        <ele>192.2</ele>
        <time>2025-07-13T14:12:23Z</time>
      </trkpt>
      <trkpt lat="46.99359833" lon="17.14640167">
        <ele>192.6</ele>
        <time>2025-07-13T14:12:24Z</time>
      </trkpt>
      <trkpt lat="46.99352333" lon="17.14630667">
        <ele>192.5</ele>
        <time>2025-07-13T14:12:25Z</time>
      </trkpt>
      <trkpt lat="46.99344167" lon="17.14622333">
        <ele>192.5</ele>
        <time>2025-07-13T14:12:26Z</time>
      </trkpt>
      <trkpt lat="46.99335333" lon="17.14615667">
        <ele>191.9</ele>
        <time>2025-07-13T14:12:27Z</time>
      </trkpt>
      <trkpt lat="46.99326167" lon="17.1461">
        <ele>190.9</ele>
        <time>2025-07-13T14:12:28Z</time>
      </trkpt>
      <trkpt lat="46.99316833" lon="17.14604667">
        <ele>190.4</ele>
        <time>2025-07-13T14:12:29Z</time>
      </trkpt>
      <trkpt lat="46.99306833" lon="17.14599333">
        <ele>190.3</ele>
        <time>2025-07-13T14:12:30Z</time>
      </trkpt>
      <trkpt lat="46.99296833" lon="17.14596">
        <ele>190</ele>
        <time>2025-07-13T14:12:31Z</time>
      </trkpt>
      <trkpt lat="46.99287" lon="17.145925">
        <ele>190.5</ele>
        <time>2025-07-13T14:12:32Z</time>
      </trkpt>
      <trkpt lat="46.99276333" lon="17.145885">
        <ele>193.3</ele>
        <time>2025-07-13T14:12:33Z</time>
      </trkpt>
      <trkpt lat="46.99264" lon="17.14586333">
        <ele>195.9</ele>
        <time>2025-07-13T14:12:34Z</time>
      </trkpt>
      <trkpt lat="46.99252" lon="17.14584333">
        <ele>198.9</ele>
        <time>2025-07-13T14:12:35Z</time>
      </trkpt>
      <trkpt lat="46.9924" lon="17.14582167">
        <ele>201.8</ele>
        <time>2025-07-13T14:12:36Z</time>
      </trkpt>
      <trkpt lat="46.99229167" lon="17.145815">
        <ele>203.3</ele>
        <time>2025-07-13T14:12:37Z</time>
      </trkpt>
      <trkpt lat="46.99219" lon="17.14580167">
        <ele>202.3</ele>
        <time>2025-07-13T14:12:38Z</time>
      </trkpt>
      <trkpt lat="46.99207667" lon="17.14577167">
        <ele>200.6</ele>
        <time>2025-07-13T14:12:39Z</time>
      </trkpt>
      <trkpt lat="46.99197333" lon="17.14574667">
        <ele>199.6</ele>
        <time>2025-07-13T14:12:40Z</time>
      </trkpt>
      <trkpt lat="46.991875" lon="17.145705">
        <ele>198.8</ele>
        <time>2025-07-13T14:12:41Z</time>
      </trkpt>
      <trkpt lat="46.99176667" lon="17.14563">
        <ele>196</ele>
        <time>2025-07-13T14:12:42Z</time>
      </trkpt>
      <trkpt lat="46.99167333" lon="17.145555">
        <ele>194.1</ele>
        <time>2025-07-13T14:12:43Z</time>
      </trkpt>
      <trkpt lat="46.99157833" lon="17.14547333">
        <ele>193.7</ele>
        <time>2025-07-13T14:12:44Z</time>
      </trkpt>
      <trkpt lat="46.991485" lon="17.14538">
        <ele>194.9</ele>
        <time>2025-07-13T14:12:45Z</time>
      </trkpt>
      <trkpt lat="46.99138667" lon="17.14529833">
        <ele>195.4</ele>
        <time>2025-07-13T14:12:46Z</time>
      </trkpt>
      <trkpt lat="46.99129667" lon="17.145225">
        <ele>195.3</ele>
        <time>2025-07-13T14:12:47Z</time>
      </trkpt>
      <trkpt lat="46.99121" lon="17.14515167">
        <ele>196</ele>
        <time>2025-07-13T14:12:48Z</time>
      </trkpt>
      <trkpt lat="46.99112" lon="17.14508667">
        <ele>195.8</ele>
        <time>2025-07-13T14:12:49Z</time>
      </trkpt>
      <trkpt lat="46.991035" lon="17.14501">
        <ele>195.4</ele>
        <time>2025-07-13T14:12:50Z</time>
      </trkpt>
      <trkpt lat="46.990955" lon="17.144925">
        <ele>195.6</ele>
        <time>2025-07-13T14:12:51Z</time>
      </trkpt>
      <trkpt lat="46.99087" lon="17.144835">
        <ele>195.3</ele>
        <time>2025-07-13T14:12:52Z</time>
      </trkpt>
      <trkpt lat="46.99079333" lon="17.14474167">
        <ele>195.8</ele>
        <time>2025-07-13T14:12:53Z</time>
      </trkpt>
      <trkpt lat="46.99072167" lon="17.14463333">
        <ele>196.9</ele>
        <time>2025-07-13T14:12:54Z</time>
      </trkpt>
      <trkpt lat="46.990665" lon="17.14451833">
        <ele>196.7</ele>
        <time>2025-07-13T14:12:55Z</time>
      </trkpt>
      <trkpt lat="46.99062833" lon="17.14439">
        <ele>196.2</ele>
        <time>2025-07-13T14:12:56Z</time>
      </trkpt>
      <trkpt lat="46.99059333" lon="17.14425667">
        <ele>196.5</ele>
        <time>2025-07-13T14:12:57Z</time>
      </trkpt>
      <trkpt lat="46.99056" lon="17.14411">
        <ele>195.8</ele>
        <time>2025-07-13T14:12:58Z</time>
      </trkpt>
      <trkpt lat="46.99052667" lon="17.14395333">
        <ele>196.4</ele>
        <time>2025-07-13T14:12:59Z</time>
      </trkpt>
      <trkpt lat="46.99049167" lon="17.1438">
        <ele>196.5</ele>
        <time>2025-07-13T14:13:00Z</time>
      </trkpt>
      <trkpt lat="46.99045333" lon="17.14365">
        <ele>196.6</ele>
        <time>2025-07-13T14:13:01Z</time>
      </trkpt>
      <trkpt lat="46.99041667" lon="17.14349667">
        <ele>196.7</ele>
        <time>2025-07-13T14:13:02Z</time>
      </trkpt>
      <trkpt lat="46.99039" lon="17.14334833">
        <ele>197.2</ele>
        <time>2025-07-13T14:13:03Z</time>
      </trkpt>
      <trkpt lat="46.99037167" lon="17.14319833">
        <ele>197.8</ele>
        <time>2025-07-13T14:13:04Z</time>
      </trkpt>
      <trkpt lat="46.99035333" lon="17.143055">
        <ele>198.9</ele>
        <time>2025-07-13T14:13:05Z</time>
      </trkpt>
      <trkpt lat="46.99033333" lon="17.14291333">
        <ele>200</ele>
        <time>2025-07-13T14:13:06Z</time>
      </trkpt>
      <trkpt lat="46.9903" lon="17.14268167">
        <ele>200.2</ele>
        <time>2025-07-13T14:13:08Z</time>
      </trkpt>
      <trkpt lat="46.99027667" lon="17.142535">
        <ele>200.9</ele>
        <time>2025-07-13T14:13:10Z</time>
      </trkpt>
      <trkpt lat="46.99025167" lon="17.14236833">
        <ele>200.7</ele>
        <time>2025-07-13T14:13:17Z</time>
      </trkpt>
      <trkpt lat="46.99023" lon="17.14221833">
        <ele>200.3</ele>
        <time>2025-07-13T14:13:20Z</time>
      </trkpt>
      <trkpt lat="46.99017167" lon="17.14210333">
        <ele>200.1</ele>
        <time>2025-07-13T14:13:22Z</time>
      </trkpt>
      <trkpt lat="46.99009667" lon="17.14196833">
        <ele>200.1</ele>
        <time>2025-07-13T14:13:24Z</time>
      </trkpt>
      <trkpt lat="46.98999833" lon="17.14181333">
        <ele>200</ele>
        <time>2025-07-13T14:13:26Z</time>
      </trkpt>
      <trkpt lat="46.98988833" lon="17.14165667">
        <ele>200.3</ele>
        <time>2025-07-13T14:13:28Z</time>
      </trkpt>
      <trkpt lat="46.989765" lon="17.14147833">
        <ele>199.8</ele>
        <time>2025-07-13T14:13:30Z</time>
      </trkpt>
      <trkpt lat="46.989695" lon="17.14137833">
        <ele>200</ele>
        <time>2025-07-13T14:13:31Z</time>
      </trkpt>
      <trkpt lat="46.989625" lon="17.14127333">
        <ele>199.4</ele>
        <time>2025-07-13T14:13:32Z</time>
      </trkpt>
      <trkpt lat="46.98955667" lon="17.14117167">
        <ele>199</ele>
        <time>2025-07-13T14:13:33Z</time>
      </trkpt>
      <trkpt lat="46.98948667" lon="17.14107167">
        <ele>198.4</ele>
        <time>2025-07-13T14:13:34Z</time>
      </trkpt>
      <trkpt lat="46.989415" lon="17.14097167">
        <ele>198.1</ele>
        <time>2025-07-13T14:13:35Z</time>
      </trkpt>
      <trkpt lat="46.98934" lon="17.14086667">
        <ele>198.6</ele>
        <time>2025-07-13T14:13:36Z</time>
      </trkpt>
      <trkpt lat="46.98925667" lon="17.140755">
        <ele>198.6</ele>
        <time>2025-07-13T14:13:37Z</time>
      </trkpt>
      <trkpt lat="46.98918667" lon="17.14063333">
        <ele>197.7</ele>
        <time>2025-07-13T14:13:38Z</time>
      </trkpt>
      <trkpt lat="46.989115" lon="17.14051333">
        <ele>196.9</ele>
        <time>2025-07-13T14:13:39Z</time>
      </trkpt>
      <trkpt lat="46.98903333" lon="17.14039167">
        <ele>197.2</ele>
        <time>2025-07-13T14:13:40Z</time>
      </trkpt>
      <trkpt lat="46.98895" lon="17.14027333">
        <ele>197.4</ele>
        <time>2025-07-13T14:13:41Z</time>
      </trkpt>
      <trkpt lat="46.98886833" lon="17.14014667">
        <ele>197.6</ele>
        <time>2025-07-13T14:13:42Z</time>
      </trkpt>
      <trkpt lat="46.988775" lon="17.14002167">
        <ele>197.5</ele>
        <time>2025-07-13T14:13:43Z</time>
      </trkpt>
      <trkpt lat="46.98869" lon="17.13989333">
        <ele>197.5</ele>
        <time>2025-07-13T14:13:44Z</time>
      </trkpt>
      <trkpt lat="46.988595" lon="17.13975667">
        <ele>198.3</ele>
        <time>2025-07-13T14:13:45Z</time>
      </trkpt>
      <trkpt lat="46.98851" lon="17.13963">
        <ele>198.5</ele>
        <time>2025-07-13T14:13:46Z</time>
      </trkpt>
      <trkpt lat="46.98841833" lon="17.13949167">
        <ele>199.3</ele>
        <time>2025-07-13T14:13:47Z</time>
      </trkpt>
      <trkpt lat="46.988335" lon="17.13936667">
        <ele>198.7</ele>
        <time>2025-07-13T14:13:48Z</time>
      </trkpt>
      <trkpt lat="46.98825167" lon="17.13924333">
        <ele>199</ele>
        <time>2025-07-13T14:13:49Z</time>
      </trkpt>
      <trkpt lat="46.98816167" lon="17.139115">
        <ele>199</ele>
        <time>2025-07-13T14:13:50Z</time>
      </trkpt>
      <trkpt lat="46.988075" lon="17.13898333">
        <ele>198.6</ele>
        <time>2025-07-13T14:13:51Z</time>
      </trkpt>
      <trkpt lat="46.987995" lon="17.13886167">
        <ele>198.7</ele>
        <time>2025-07-13T14:13:52Z</time>
      </trkpt>
      <trkpt lat="46.98791167" lon="17.13872333">
        <ele>198.8</ele>
        <time>2025-07-13T14:13:53Z</time>
      </trkpt>
      <trkpt lat="46.98782167" lon="17.13860333">
        <ele>199</ele>
        <time>2025-07-13T14:13:54Z</time>
      </trkpt>
      <trkpt lat="46.98773667" lon="17.13847833">
        <ele>198.7</ele>
        <time>2025-07-13T14:13:55Z</time>
      </trkpt>
      <trkpt lat="46.98765167" lon="17.13835667">
        <ele>199.3</ele>
        <time>2025-07-13T14:13:56Z</time>
      </trkpt>
      <trkpt lat="46.98756833" lon="17.13823833">
        <ele>200.2</ele>
        <time>2025-07-13T14:13:57Z</time>
      </trkpt>
      <trkpt lat="46.98749" lon="17.13812833">
        <ele>200.3</ele>
        <time>2025-07-13T14:13:58Z</time>
      </trkpt>
      <trkpt lat="46.98742" lon="17.13802167">
        <ele>200.3</ele>
        <time>2025-07-13T14:13:59Z</time>
      </trkpt>
      <trkpt lat="46.98734833" lon="17.13792167">
        <ele>199.9</ele>
        <time>2025-07-13T14:14:00Z</time>
      </trkpt>
      <trkpt lat="46.98728" lon="17.13782167">
        <ele>200.3</ele>
        <time>2025-07-13T14:14:01Z</time>
      </trkpt>
      <trkpt lat="46.98716667" lon="17.13764167">
        <ele>201.4</ele>
        <time>2025-07-13T14:14:03Z</time>
      </trkpt>
      <trkpt lat="46.987095" lon="17.13747">
        <ele>201.5</ele>
        <time>2025-07-13T14:14:05Z</time>
      </trkpt>
      <trkpt lat="46.98707" lon="17.13733">
        <ele>203.4</ele>
        <time>2025-07-13T14:14:07Z</time>
      </trkpt>
      <trkpt lat="46.98701833" lon="17.13721667">
        <ele>204.5</ele>
        <time>2025-07-13T14:14:09Z</time>
      </trkpt>
      <trkpt lat="46.98692667" lon="17.13716">
        <ele>204.5</ele>
        <time>2025-07-13T14:14:11Z</time>
      </trkpt>
      <trkpt lat="46.98682333" lon="17.13711167">
        <ele>204.3</ele>
        <time>2025-07-13T14:14:13Z</time>
      </trkpt>
      <trkpt lat="46.98671833" lon="17.13699333">
        <ele>204.4</ele>
        <time>2025-07-13T14:14:15Z</time>
      </trkpt>
      <trkpt lat="46.98661667" lon="17.13685167">
        <ele>205.2</ele>
        <time>2025-07-13T14:14:17Z</time>
      </trkpt>
      <trkpt lat="46.98650667" lon="17.13668667">
        <ele>205.6</ele>
        <time>2025-07-13T14:14:19Z</time>
      </trkpt>
      <trkpt lat="46.98638333" lon="17.13650167">
        <ele>206</ele>
        <time>2025-07-13T14:14:21Z</time>
      </trkpt>
      <trkpt lat="46.98630833" lon="17.136405">
        <ele>206.4</ele>
        <time>2025-07-13T14:14:22Z</time>
      </trkpt>
      <trkpt lat="46.98623333" lon="17.13630667">
        <ele>205.9</ele>
        <time>2025-07-13T14:14:23Z</time>
      </trkpt>
      <trkpt lat="46.986165" lon="17.136205">
        <ele>206</ele>
        <time>2025-07-13T14:14:24Z</time>
      </trkpt>
      <trkpt lat="46.98609667" lon="17.13610667">
        <ele>206</ele>
        <time>2025-07-13T14:14:25Z</time>
      </trkpt>
      <trkpt lat="46.98602667" lon="17.13600167">
        <ele>206.1</ele>
        <time>2025-07-13T14:14:26Z</time>
      </trkpt>
      <trkpt lat="46.98595667" lon="17.13588833">
        <ele>206.4</ele>
        <time>2025-07-13T14:14:27Z</time>
      </trkpt>
      <trkpt lat="46.98588667" lon="17.13577">
        <ele>206.6</ele>
        <time>2025-07-13T14:14:28Z</time>
      </trkpt>
      <trkpt lat="46.98581167" lon="17.13566">
        <ele>206.6</ele>
        <time>2025-07-13T14:14:29Z</time>
      </trkpt>
      <trkpt lat="46.98573167" lon="17.135545">
        <ele>207.2</ele>
        <time>2025-07-13T14:14:30Z</time>
      </trkpt>
      <trkpt lat="46.98565333" lon="17.135435">
        <ele>207.3</ele>
        <time>2025-07-13T14:14:31Z</time>
      </trkpt>
      <trkpt lat="46.98556833" lon="17.13532">
        <ele>207.2</ele>
        <time>2025-07-13T14:14:32Z</time>
      </trkpt>
      <trkpt lat="46.98548667" lon="17.135205">
        <ele>208</ele>
        <time>2025-07-13T14:14:33Z</time>
      </trkpt>
      <trkpt lat="46.985405" lon="17.13509333">
        <ele>208.4</ele>
        <time>2025-07-13T14:14:34Z</time>
      </trkpt>
      <trkpt lat="46.98533" lon="17.134985">
        <ele>208.5</ele>
        <time>2025-07-13T14:14:35Z</time>
      </trkpt>
      <trkpt lat="46.98525167" lon="17.134875">
        <ele>208.4</ele>
        <time>2025-07-13T14:14:36Z</time>
      </trkpt>
      <trkpt lat="46.98518167" lon="17.13476833">
        <ele>209.2</ele>
        <time>2025-07-13T14:14:37Z</time>
      </trkpt>
      <trkpt lat="46.98511333" lon="17.13466">
        <ele>209.6</ele>
        <time>2025-07-13T14:14:38Z</time>
      </trkpt>
      <trkpt lat="46.985045" lon="17.13455167">
        <ele>210.3</ele>
        <time>2025-07-13T14:14:39Z</time>
      </trkpt>
      <trkpt lat="46.98498" lon="17.13444667">
        <ele>210.1</ele>
        <time>2025-07-13T14:14:40Z</time>
      </trkpt>
      <trkpt lat="46.98491" lon="17.134335">
        <ele>210.3</ele>
        <time>2025-07-13T14:14:41Z</time>
      </trkpt>
      <trkpt lat="46.98485" lon="17.134235">
        <ele>210.3</ele>
        <time>2025-07-13T14:14:42Z</time>
      </trkpt>
      <trkpt lat="46.98478167" lon="17.13413833">
        <ele>209</ele>
        <time>2025-07-13T14:14:43Z</time>
      </trkpt>
      <trkpt lat="46.98466333" lon="17.13396167">
        <ele>208.5</ele>
        <time>2025-07-13T14:14:45Z</time>
      </trkpt>
      <trkpt lat="46.98455" lon="17.1338">
        <ele>208.2</ele>
        <time>2025-07-13T14:14:47Z</time>
      </trkpt>
      <trkpt lat="46.98443667" lon="17.13363">
        <ele>208.8</ele>
        <time>2025-07-13T14:14:49Z</time>
      </trkpt>
      <trkpt lat="46.98432167" lon="17.13346833">
        <ele>209.9</ele>
        <time>2025-07-13T14:14:51Z</time>
      </trkpt>
      <trkpt lat="46.98420833" lon="17.13331">
        <ele>212</ele>
        <time>2025-07-13T14:14:53Z</time>
      </trkpt>
      <trkpt lat="46.98409333" lon="17.13315667">
        <ele>214.1</ele>
        <time>2025-07-13T14:14:55Z</time>
      </trkpt>
      <trkpt lat="46.98398667" lon="17.13301">
        <ele>215.7</ele>
        <time>2025-07-13T14:14:57Z</time>
      </trkpt>
      <trkpt lat="46.98388167" lon="17.13285333">
        <ele>216.8</ele>
        <time>2025-07-13T14:14:59Z</time>
      </trkpt>
      <trkpt lat="46.983775" lon="17.132695">
        <ele>217.5</ele>
        <time>2025-07-13T14:15:01Z</time>
      </trkpt>
      <trkpt lat="46.98367333" lon="17.13253333">
        <ele>218.4</ele>
        <time>2025-07-13T14:15:03Z</time>
      </trkpt>
      <trkpt lat="46.98356833" lon="17.13238833">
        <ele>218.9</ele>
        <time>2025-07-13T14:15:05Z</time>
      </trkpt>
      <trkpt lat="46.983465" lon="17.13224333">
        <ele>218.3</ele>
        <time>2025-07-13T14:15:07Z</time>
      </trkpt>
      <trkpt lat="46.98337333" lon="17.13210333">
        <ele>217.8</ele>
        <time>2025-07-13T14:15:09Z</time>
      </trkpt>
      <trkpt lat="46.98328667" lon="17.13194833">
        <ele>218.3</ele>
        <time>2025-07-13T14:15:11Z</time>
      </trkpt>
      <trkpt lat="46.983185" lon="17.13181333">
        <ele>217.9</ele>
        <time>2025-07-13T14:15:13Z</time>
      </trkpt>
      <trkpt lat="46.98307667" lon="17.13164833">
        <ele>217.5</ele>
        <time>2025-07-13T14:15:15Z</time>
      </trkpt>
      <trkpt lat="46.982975" lon="17.13145667">
        <ele>218</ele>
        <time>2025-07-13T14:15:17Z</time>
      </trkpt>
      <trkpt lat="46.98292667" lon="17.13134333">
        <ele>217.5</ele>
        <time>2025-07-13T14:15:18Z</time>
      </trkpt>
      <trkpt lat="46.98285333" lon="17.13112167">
        <ele>217.5</ele>
        <time>2025-07-13T14:15:20Z</time>
      </trkpt>
      <trkpt lat="46.98282167" lon="17.13086667">
        <ele>216.7</ele>
        <time>2025-07-13T14:15:22Z</time>
      </trkpt>
      <trkpt lat="46.98282833" lon="17.130625">
        <ele>215</ele>
        <time>2025-07-13T14:15:24Z</time>
      </trkpt>
      <trkpt lat="46.98285333" lon="17.13036667">
        <ele>213.1</ele>
        <time>2025-07-13T14:15:26Z</time>
      </trkpt>
      <trkpt lat="46.98286333" lon="17.13021833">
        <ele>213.1</ele>
        <time>2025-07-13T14:15:27Z</time>
      </trkpt>
      <trkpt lat="46.98286833" lon="17.130065">
        <ele>213.2</ele>
        <time>2025-07-13T14:15:28Z</time>
      </trkpt>
      <trkpt lat="46.98287667" lon="17.12991">
        <ele>213.1</ele>
        <time>2025-07-13T14:15:29Z</time>
      </trkpt>
      <trkpt lat="46.98288333" lon="17.12974667">
        <ele>213</ele>
        <time>2025-07-13T14:15:30Z</time>
      </trkpt>
      <trkpt lat="46.98288167" lon="17.12958167">
        <ele>212.4</ele>
        <time>2025-07-13T14:15:31Z</time>
      </trkpt>
      <trkpt lat="46.98287833" lon="17.12941">
        <ele>211.7</ele>
        <time>2025-07-13T14:15:32Z</time>
      </trkpt>
      <trkpt lat="46.98287167" lon="17.12924667">
        <ele>211.8</ele>
        <time>2025-07-13T14:15:33Z</time>
      </trkpt>
      <trkpt lat="46.98286333" lon="17.129075">
        <ele>211.7</ele>
        <time>2025-07-13T14:15:34Z</time>
      </trkpt>
      <trkpt lat="46.98286833" lon="17.12890167">
        <ele>211</ele>
        <time>2025-07-13T14:15:35Z</time>
      </trkpt>
      <trkpt lat="46.98286" lon="17.12873">
        <ele>210.6</ele>
        <time>2025-07-13T14:15:36Z</time>
      </trkpt>
      <trkpt lat="46.98284167" lon="17.12854667">
        <ele>209.8</ele>
        <time>2025-07-13T14:15:37Z</time>
      </trkpt>
      <trkpt lat="46.98282333" lon="17.12836833">
        <ele>208.8</ele>
        <time>2025-07-13T14:15:38Z</time>
      </trkpt>
      <trkpt lat="46.98282" lon="17.12819">
        <ele>208.8</ele>
        <time>2025-07-13T14:15:39Z</time>
      </trkpt>
      <trkpt lat="46.98280833" lon="17.12801167">
        <ele>208.8</ele>
        <time>2025-07-13T14:15:40Z</time>
      </trkpt>
      <trkpt lat="46.98279" lon="17.12783667">
        <ele>209.6</ele>
        <time>2025-07-13T14:15:41Z</time>
      </trkpt>
      <trkpt lat="46.98277167" lon="17.12767833">
        <ele>210</ele>
        <time>2025-07-13T14:15:42Z</time>
      </trkpt>
      <trkpt lat="46.98273833" lon="17.12752333">
        <ele>208.5</ele>
        <time>2025-07-13T14:15:43Z</time>
      </trkpt>
      <trkpt lat="46.98270333" lon="17.12734">
        <ele>205.9</ele>
        <time>2025-07-13T14:15:44Z</time>
      </trkpt>
      <trkpt lat="46.98264833" lon="17.12716667">
        <ele>204.6</ele>
        <time>2025-07-13T14:15:45Z</time>
      </trkpt>
      <trkpt lat="46.98259833" lon="17.12700167">
        <ele>204.6</ele>
        <time>2025-07-13T14:15:46Z</time>
      </trkpt>
      <trkpt lat="46.982555" lon="17.12684">
        <ele>205</ele>
        <time>2025-07-13T14:15:47Z</time>
      </trkpt>
      <trkpt lat="46.98251333" lon="17.126675">
        <ele>205.7</ele>
        <time>2025-07-13T14:15:48Z</time>
      </trkpt>
      <trkpt lat="46.98247" lon="17.12651667">
        <ele>205.4</ele>
        <time>2025-07-13T14:15:49Z</time>
      </trkpt>
      <trkpt lat="46.98241167" lon="17.12635333">
        <ele>205.1</ele>
        <time>2025-07-13T14:15:50Z</time>
      </trkpt>
      <trkpt lat="46.982355" lon="17.12619">
        <ele>204.7</ele>
        <time>2025-07-13T14:15:51Z</time>
      </trkpt>
      <trkpt lat="46.98229667" lon="17.12603833">
        <ele>204.7</ele>
        <time>2025-07-13T14:15:52Z</time>
      </trkpt>
      <trkpt lat="46.982235" lon="17.1259">
        <ele>204.3</ele>
        <time>2025-07-13T14:15:53Z</time>
      </trkpt>
      <trkpt lat="46.98216667" lon="17.12575833">
        <ele>203.9</ele>
        <time>2025-07-13T14:15:54Z</time>
      </trkpt>
      <trkpt lat="46.98210167" lon="17.125595">
        <ele>203.6</ele>
        <time>2025-07-13T14:15:55Z</time>
      </trkpt>
      <trkpt lat="46.98204333" lon="17.12545">
        <ele>203.4</ele>
        <time>2025-07-13T14:15:56Z</time>
      </trkpt>
      <trkpt lat="46.98197833" lon="17.12529833">
        <ele>203.5</ele>
        <time>2025-07-13T14:15:57Z</time>
      </trkpt>
      <trkpt lat="46.98191167" lon="17.12513167">
        <ele>203.8</ele>
        <time>2025-07-13T14:15:58Z</time>
      </trkpt>
      <trkpt lat="46.981845" lon="17.12496">
        <ele>202.4</ele>
        <time>2025-07-13T14:15:59Z</time>
      </trkpt>
      <trkpt lat="46.98177833" lon="17.124785">
        <ele>203.7</ele>
        <time>2025-07-13T14:16:00Z</time>
      </trkpt>
      <trkpt lat="46.98174" lon="17.12461667">
        <ele>203.8</ele>
        <time>2025-07-13T14:16:01Z</time>
      </trkpt>
      <trkpt lat="46.9817" lon="17.12444833">
        <ele>205.3</ele>
        <time>2025-07-13T14:16:02Z</time>
      </trkpt>
      <trkpt lat="46.98166833" lon="17.12428167">
        <ele>206.3</ele>
        <time>2025-07-13T14:16:03Z</time>
      </trkpt>
      <trkpt lat="46.981625" lon="17.12411">
        <ele>206.2</ele>
        <time>2025-07-13T14:16:04Z</time>
      </trkpt>
      <trkpt lat="46.98160333" lon="17.123945">
        <ele>206.4</ele>
        <time>2025-07-13T14:16:05Z</time>
      </trkpt>
      <trkpt lat="46.98157833" lon="17.123775">
        <ele>206.6</ele>
        <time>2025-07-13T14:16:06Z</time>
      </trkpt>
      <trkpt lat="46.98156667" lon="17.12361667">
        <ele>207.8</ele>
        <time>2025-07-13T14:16:07Z</time>
      </trkpt>
      <trkpt lat="46.98155333" lon="17.12345167">
        <ele>208.2</ele>
        <time>2025-07-13T14:16:08Z</time>
      </trkpt>
      <trkpt lat="46.981555" lon="17.12328833">
        <ele>208.2</ele>
        <time>2025-07-13T14:16:09Z</time>
      </trkpt>
      <trkpt lat="46.98155833" lon="17.12313667">
        <ele>208.9</ele>
        <time>2025-07-13T14:16:10Z</time>
      </trkpt>
      <trkpt lat="46.98156667" lon="17.12297833">
        <ele>208.2</ele>
        <time>2025-07-13T14:16:11Z</time>
      </trkpt>
      <trkpt lat="46.981575" lon="17.12282">
        <ele>207.8</ele>
        <time>2025-07-13T14:16:12Z</time>
      </trkpt>
      <trkpt lat="46.98158667" lon="17.12267333">
        <ele>207.2</ele>
        <time>2025-07-13T14:16:13Z</time>
      </trkpt>
      <trkpt lat="46.981595" lon="17.122515">
        <ele>206.4</ele>
        <time>2025-07-13T14:16:14Z</time>
      </trkpt>
      <trkpt lat="46.98160333" lon="17.122355">
        <ele>205.9</ele>
        <time>2025-07-13T14:16:15Z</time>
      </trkpt>
      <trkpt lat="46.98160667" lon="17.1222">
        <ele>205.2</ele>
        <time>2025-07-13T14:16:16Z</time>
      </trkpt>
      <trkpt lat="46.98161167" lon="17.12202833">
        <ele>204.5</ele>
        <time>2025-07-13T14:16:17Z</time>
      </trkpt>
      <trkpt lat="46.98162" lon="17.12187">
        <ele>204.4</ele>
        <time>2025-07-13T14:16:18Z</time>
      </trkpt>
      <trkpt lat="46.98163" lon="17.12170667">
        <ele>204.2</ele>
        <time>2025-07-13T14:16:19Z</time>
      </trkpt>
      <trkpt lat="46.98164" lon="17.121535">
        <ele>203.8</ele>
        <time>2025-07-13T14:16:20Z</time>
      </trkpt>
      <trkpt lat="46.98164667" lon="17.12136667">
        <ele>203.1</ele>
        <time>2025-07-13T14:16:21Z</time>
      </trkpt>
      <trkpt lat="46.98165333" lon="17.121205">
        <ele>203.7</ele>
        <time>2025-07-13T14:16:22Z</time>
      </trkpt>
      <trkpt lat="46.98166333" lon="17.12103667">
        <ele>204.4</ele>
        <time>2025-07-13T14:16:23Z</time>
      </trkpt>
      <trkpt lat="46.98168" lon="17.12087333">
        <ele>204.4</ele>
        <time>2025-07-13T14:16:24Z</time>
      </trkpt>
      <trkpt lat="46.981685" lon="17.12070833">
        <ele>204.6</ele>
        <time>2025-07-13T14:16:25Z</time>
      </trkpt>
      <trkpt lat="46.98168667" lon="17.12054333">
        <ele>204.5</ele>
        <time>2025-07-13T14:16:26Z</time>
      </trkpt>
      <trkpt lat="46.98169333" lon="17.12037">
        <ele>205.2</ele>
        <time>2025-07-13T14:16:27Z</time>
      </trkpt>
      <trkpt lat="46.98170167" lon="17.120185">
        <ele>204</ele>
        <time>2025-07-13T14:16:28Z</time>
      </trkpt>
      <trkpt lat="46.98171167" lon="17.12000667">
        <ele>203.4</ele>
        <time>2025-07-13T14:16:29Z</time>
      </trkpt>
      <trkpt lat="46.98171667" lon="17.11982833">
        <ele>203.1</ele>
        <time>2025-07-13T14:16:30Z</time>
      </trkpt>
      <trkpt lat="46.981725" lon="17.119645">
        <ele>203.1</ele>
        <time>2025-07-13T14:16:31Z</time>
      </trkpt>
      <trkpt lat="46.98173833" lon="17.11946">
        <ele>202.4</ele>
        <time>2025-07-13T14:16:32Z</time>
      </trkpt>
      <trkpt lat="46.98174167" lon="17.11926833">
        <ele>201.7</ele>
        <time>2025-07-13T14:16:33Z</time>
      </trkpt>
      <trkpt lat="46.981755" lon="17.11908">
        <ele>200.9</ele>
        <time>2025-07-13T14:16:34Z</time>
      </trkpt>
      <trkpt lat="46.98176333" lon="17.11888667">
        <ele>200.1</ele>
        <time>2025-07-13T14:16:35Z</time>
      </trkpt>
      <trkpt lat="46.98177333" lon="17.11868667">
        <ele>199.2</ele>
        <time>2025-07-13T14:16:36Z</time>
      </trkpt>
      <trkpt lat="46.98177667" lon="17.11849833">
        <ele>198.1</ele>
        <time>2025-07-13T14:16:37Z</time>
      </trkpt>
      <trkpt lat="46.98178" lon="17.11830667">
        <ele>197.4</ele>
        <time>2025-07-13T14:16:38Z</time>
      </trkpt>
      <trkpt lat="46.981795" lon="17.11813167">
        <ele>195.9</ele>
        <time>2025-07-13T14:16:39Z</time>
      </trkpt>
      <trkpt lat="46.98180167" lon="17.117955">
        <ele>194.2</ele>
        <time>2025-07-13T14:16:40Z</time>
      </trkpt>
      <trkpt lat="46.981825" lon="17.11778333">
        <ele>193.3</ele>
        <time>2025-07-13T14:16:41Z</time>
      </trkpt>
      <trkpt lat="46.98183333" lon="17.11762167">
        <ele>192.4</ele>
        <time>2025-07-13T14:16:42Z</time>
      </trkpt>
      <trkpt lat="46.98183833" lon="17.11746667">
        <ele>192.3</ele>
        <time>2025-07-13T14:16:43Z</time>
      </trkpt>
      <trkpt lat="46.98184667" lon="17.11730333">
        <ele>191.7</ele>
        <time>2025-07-13T14:16:44Z</time>
      </trkpt>
      <trkpt lat="46.98185" lon="17.11714667">
        <ele>190.7</ele>
        <time>2025-07-13T14:16:45Z</time>
      </trkpt>
      <trkpt lat="46.981855" lon="17.116995">
        <ele>191</ele>
        <time>2025-07-13T14:16:46Z</time>
      </trkpt>
      <trkpt lat="46.98186" lon="17.116845">
        <ele>190.7</ele>
        <time>2025-07-13T14:16:47Z</time>
      </trkpt>
      <trkpt lat="46.981865" lon="17.11669">
        <ele>190.3</ele>
        <time>2025-07-13T14:16:48Z</time>
      </trkpt>
      <trkpt lat="46.98187333" lon="17.11654333">
        <ele>191</ele>
        <time>2025-07-13T14:16:49Z</time>
      </trkpt>
      <trkpt lat="46.98188333" lon="17.11639333">
        <ele>191.6</ele>
        <time>2025-07-13T14:16:50Z</time>
      </trkpt>
      <trkpt lat="46.98188833" lon="17.11624167">
        <ele>192.1</ele>
        <time>2025-07-13T14:16:51Z</time>
      </trkpt>
      <trkpt lat="46.98189833" lon="17.11609333">
        <ele>191.7</ele>
        <time>2025-07-13T14:16:52Z</time>
      </trkpt>
      <trkpt lat="46.98191" lon="17.11592667">
        <ele>190.8</ele>
        <time>2025-07-13T14:16:53Z</time>
      </trkpt>
      <trkpt lat="46.98192167" lon="17.11577">
        <ele>190.3</ele>
        <time>2025-07-13T14:16:54Z</time>
      </trkpt>
      <trkpt lat="46.981935" lon="17.11561167">
        <ele>189.6</ele>
        <time>2025-07-13T14:16:55Z</time>
      </trkpt>
      <trkpt lat="46.98194167" lon="17.11544333">
        <ele>189.4</ele>
        <time>2025-07-13T14:16:56Z</time>
      </trkpt>
      <trkpt lat="46.98195" lon="17.11527833">
        <ele>188.9</ele>
        <time>2025-07-13T14:16:57Z</time>
      </trkpt>
      <trkpt lat="46.981955" lon="17.11511333">
        <ele>189.1</ele>
        <time>2025-07-13T14:16:58Z</time>
      </trkpt>
      <trkpt lat="46.98196333" lon="17.11494833">
        <ele>189.2</ele>
        <time>2025-07-13T14:16:59Z</time>
      </trkpt>
      <trkpt lat="46.981975" lon="17.11478667">
        <ele>189.4</ele>
        <time>2025-07-13T14:17:00Z</time>
      </trkpt>
      <trkpt lat="46.98198333" lon="17.11462833">
        <ele>189.1</ele>
        <time>2025-07-13T14:17:01Z</time>
      </trkpt>
      <trkpt lat="46.98199167" lon="17.11446833">
        <ele>189.5</ele>
        <time>2025-07-13T14:17:02Z</time>
      </trkpt>
      <trkpt lat="46.982005" lon="17.114305">
        <ele>190.4</ele>
        <time>2025-07-13T14:17:03Z</time>
      </trkpt>
      <trkpt lat="46.98201833" lon="17.11414333">
        <ele>190.4</ele>
        <time>2025-07-13T14:17:04Z</time>
      </trkpt>
      <trkpt lat="46.982025" lon="17.11398333">
        <ele>190.3</ele>
        <time>2025-07-13T14:17:05Z</time>
      </trkpt>
      <trkpt lat="46.98203" lon="17.11381833">
        <ele>191</ele>
        <time>2025-07-13T14:17:06Z</time>
      </trkpt>
      <trkpt lat="46.98204" lon="17.11366333">
        <ele>191.4</ele>
        <time>2025-07-13T14:17:07Z</time>
      </trkpt>
      <trkpt lat="46.98204833" lon="17.11350333">
        <ele>191.6</ele>
        <time>2025-07-13T14:17:08Z</time>
      </trkpt>
      <trkpt lat="46.98205667" lon="17.11334167">
        <ele>191.1</ele>
        <time>2025-07-13T14:17:09Z</time>
      </trkpt>
      <trkpt lat="46.982065" lon="17.11318167">
        <ele>191.2</ele>
        <time>2025-07-13T14:17:10Z</time>
      </trkpt>
      <trkpt lat="46.98207" lon="17.11301833">
        <ele>190.9</ele>
        <time>2025-07-13T14:17:11Z</time>
      </trkpt>
      <trkpt lat="46.98208333" lon="17.11285667">
        <ele>191</ele>
        <time>2025-07-13T14:17:12Z</time>
      </trkpt>
      <trkpt lat="46.982085" lon="17.112695">
        <ele>190.8</ele>
        <time>2025-07-13T14:17:13Z</time>
      </trkpt>
      <trkpt lat="46.98209333" lon="17.11253833">
        <ele>191.2</ele>
        <time>2025-07-13T14:17:14Z</time>
      </trkpt>
      <trkpt lat="46.982105" lon="17.11238667">
        <ele>191.6</ele>
        <time>2025-07-13T14:17:15Z</time>
      </trkpt>
      <trkpt lat="46.98211333" lon="17.11222333">
        <ele>190.9</ele>
        <time>2025-07-13T14:17:16Z</time>
      </trkpt>
      <trkpt lat="46.982125" lon="17.112065">
        <ele>189.8</ele>
        <time>2025-07-13T14:17:17Z</time>
      </trkpt>
      <trkpt lat="46.982135" lon="17.1119">
        <ele>190</ele>
        <time>2025-07-13T14:17:18Z</time>
      </trkpt>
      <trkpt lat="46.98214333" lon="17.11173">
        <ele>190.1</ele>
        <time>2025-07-13T14:17:19Z</time>
      </trkpt>
      <trkpt lat="46.98214" lon="17.11156333">
        <ele>189.6</ele>
        <time>2025-07-13T14:17:20Z</time>
      </trkpt>
      <trkpt lat="46.982145" lon="17.111405">
        <ele>189.9</ele>
        <time>2025-07-13T14:17:21Z</time>
      </trkpt>
      <trkpt lat="46.98215667" lon="17.11124333">
        <ele>189.9</ele>
        <time>2025-07-13T14:17:22Z</time>
      </trkpt>
      <trkpt lat="46.98216667" lon="17.11108">
        <ele>189.7</ele>
        <time>2025-07-13T14:17:23Z</time>
      </trkpt>
      <trkpt lat="46.98217667" lon="17.11092333">
        <ele>189.8</ele>
        <time>2025-07-13T14:17:24Z</time>
      </trkpt>
      <trkpt lat="46.98218333" lon="17.11076167">
        <ele>189.4</ele>
        <time>2025-07-13T14:17:25Z</time>
      </trkpt>
      <trkpt lat="46.98218667" lon="17.11060333">
        <ele>189.2</ele>
        <time>2025-07-13T14:17:26Z</time>
      </trkpt>
      <trkpt lat="46.98219167" lon="17.11044">
        <ele>188.7</ele>
        <time>2025-07-13T14:17:27Z</time>
      </trkpt>
      <trkpt lat="46.9822" lon="17.110275">
        <ele>189.1</ele>
        <time>2025-07-13T14:17:28Z</time>
      </trkpt>
      <trkpt lat="46.98221" lon="17.110105">
        <ele>189</ele>
        <time>2025-07-13T14:17:29Z</time>
      </trkpt>
      <trkpt lat="46.98221833" lon="17.10993833">
        <ele>188.8</ele>
        <time>2025-07-13T14:17:30Z</time>
      </trkpt>
      <trkpt lat="46.98222333" lon="17.10977833">
        <ele>188.9</ele>
        <time>2025-07-13T14:17:31Z</time>
      </trkpt>
      <trkpt lat="46.98222833" lon="17.10961333">
        <ele>188.5</ele>
        <time>2025-07-13T14:17:32Z</time>
      </trkpt>
      <trkpt lat="46.98222333" lon="17.10945">
        <ele>187.7</ele>
        <time>2025-07-13T14:17:33Z</time>
      </trkpt>
      <trkpt lat="46.982225" lon="17.10928333">
        <ele>187.1</ele>
        <time>2025-07-13T14:17:34Z</time>
      </trkpt>
      <trkpt lat="46.98222333" lon="17.109115">
        <ele>186.6</ele>
        <time>2025-07-13T14:17:35Z</time>
      </trkpt>
      <trkpt lat="46.982215" lon="17.10894167">
        <ele>186.3</ele>
        <time>2025-07-13T14:17:36Z</time>
      </trkpt>
      <trkpt lat="46.98220833" lon="17.10876833">
        <ele>185.9</ele>
        <time>2025-07-13T14:17:37Z</time>
      </trkpt>
      <trkpt lat="46.9822" lon="17.10859667">
        <ele>185.3</ele>
        <time>2025-07-13T14:17:38Z</time>
      </trkpt>
      <trkpt lat="46.98218833" lon="17.10841667">
        <ele>184.7</ele>
        <time>2025-07-13T14:17:39Z</time>
      </trkpt>
      <trkpt lat="46.98217333" lon="17.10823333">
        <ele>185</ele>
        <time>2025-07-13T14:17:40Z</time>
      </trkpt>
      <trkpt lat="46.98216333" lon="17.108055">
        <ele>184.7</ele>
        <time>2025-07-13T14:17:41Z</time>
      </trkpt>
      <trkpt lat="46.98214667" lon="17.10788">
        <ele>185.1</ele>
        <time>2025-07-13T14:17:42Z</time>
      </trkpt>
      <trkpt lat="46.982135" lon="17.10768833">
        <ele>185.1</ele>
        <time>2025-07-13T14:17:43Z</time>
      </trkpt>
      <trkpt lat="46.98212667" lon="17.10750667">
        <ele>184.2</ele>
        <time>2025-07-13T14:17:44Z</time>
      </trkpt>
      <trkpt lat="46.98212" lon="17.10731833">
        <ele>182.9</ele>
        <time>2025-07-13T14:17:45Z</time>
      </trkpt>
      <trkpt lat="46.982115" lon="17.10714333">
        <ele>182.6</ele>
        <time>2025-07-13T14:17:46Z</time>
      </trkpt>
      <trkpt lat="46.98210833" lon="17.10697333">
        <ele>183.3</ele>
        <time>2025-07-13T14:17:47Z</time>
      </trkpt>
      <trkpt lat="46.98210667" lon="17.106805">
        <ele>183.3</ele>
        <time>2025-07-13T14:17:48Z</time>
      </trkpt>
      <trkpt lat="46.982105" lon="17.10664">
        <ele>183.8</ele>
        <time>2025-07-13T14:17:49Z</time>
      </trkpt>
      <trkpt lat="46.98209167" lon="17.10647833">
        <ele>184.9</ele>
        <time>2025-07-13T14:17:50Z</time>
      </trkpt>
      <trkpt lat="46.98208333" lon="17.106325">
        <ele>186.7</ele>
        <time>2025-07-13T14:17:51Z</time>
      </trkpt>
      <trkpt lat="46.98207333" lon="17.10606333">
        <ele>189.7</ele>
        <time>2025-07-13T14:17:53Z</time>
      </trkpt>
      <trkpt lat="46.98210333" lon="17.10584833">
        <ele>189.5</ele>
        <time>2025-07-13T14:17:55Z</time>
      </trkpt>
      <trkpt lat="46.98213833" lon="17.10572333">
        <ele>189.6</ele>
        <time>2025-07-13T14:17:58Z</time>
      </trkpt>
      <trkpt lat="46.98207333" lon="17.10561833">
        <ele>191</ele>
        <time>2025-07-13T14:18:02Z</time>
      </trkpt>
      <trkpt lat="46.98196833" lon="17.10556333">
        <ele>191.2</ele>
        <time>2025-07-13T14:18:06Z</time>
      </trkpt>
      <trkpt lat="46.98187" lon="17.105525">
        <ele>190.7</ele>
        <time>2025-07-13T14:18:09Z</time>
      </trkpt>
      <trkpt lat="46.98173" lon="17.10550333">
        <ele>192.5</ele>
        <time>2025-07-13T14:18:12Z</time>
      </trkpt>
      <trkpt lat="46.98160333" lon="17.10548333">
        <ele>192.6</ele>
        <time>2025-07-13T14:18:14Z</time>
      </trkpt>
      <trkpt lat="46.98145667" lon="17.10545833">
        <ele>192.2</ele>
        <time>2025-07-13T14:18:16Z</time>
      </trkpt>
      <trkpt lat="46.98132333" lon="17.10542667">
        <ele>192.2</ele>
        <time>2025-07-13T14:18:18Z</time>
      </trkpt>
      <trkpt lat="46.98115333" lon="17.10538333">
        <ele>191.8</ele>
        <time>2025-07-13T14:18:20Z</time>
      </trkpt>
      <trkpt lat="46.98096833" lon="17.10533">
        <ele>192</ele>
        <time>2025-07-13T14:18:22Z</time>
      </trkpt>
      <trkpt lat="46.98086833" lon="17.10530833">
        <ele>192.1</ele>
        <time>2025-07-13T14:18:23Z</time>
      </trkpt>
      <trkpt lat="46.98076167" lon="17.10527667">
        <ele>192.6</ele>
        <time>2025-07-13T14:18:24Z</time>
      </trkpt>
      <trkpt lat="46.980655" lon="17.10526333">
        <ele>193.9</ele>
        <time>2025-07-13T14:18:25Z</time>
      </trkpt>
      <trkpt lat="46.98053833" lon="17.10521833">
        <ele>194.6</ele>
        <time>2025-07-13T14:18:26Z</time>
      </trkpt>
      <trkpt lat="46.980415" lon="17.10518333">
        <ele>195.1</ele>
        <time>2025-07-13T14:18:27Z</time>
      </trkpt>
      <trkpt lat="46.98029833" lon="17.10515333">
        <ele>195.4</ele>
        <time>2025-07-13T14:18:28Z</time>
      </trkpt>
      <trkpt lat="46.98018167" lon="17.10512">
        <ele>195.7</ele>
        <time>2025-07-13T14:18:29Z</time>
      </trkpt>
      <trkpt lat="46.98006667" lon="17.105085">
        <ele>195.3</ele>
        <time>2025-07-13T14:18:30Z</time>
      </trkpt>
      <trkpt lat="46.97995833" lon="17.10504667">
        <ele>194.9</ele>
        <time>2025-07-13T14:18:31Z</time>
      </trkpt>
      <trkpt lat="46.97984333" lon="17.10502">
        <ele>194.3</ele>
        <time>2025-07-13T14:18:32Z</time>
      </trkpt>
      <trkpt lat="46.97972167" lon="17.105">
        <ele>194.8</ele>
        <time>2025-07-13T14:18:33Z</time>
      </trkpt>
      <trkpt lat="46.97959333" lon="17.10498">
        <ele>194.9</ele>
        <time>2025-07-13T14:18:34Z</time>
      </trkpt>
      <trkpt lat="46.979465" lon="17.10495667">
        <ele>193.9</ele>
        <time>2025-07-13T14:18:35Z</time>
      </trkpt>
      <trkpt lat="46.97933333" lon="17.10493167">
        <ele>194.1</ele>
        <time>2025-07-13T14:18:36Z</time>
      </trkpt>
      <trkpt lat="46.97920667" lon="17.10489333">
        <ele>194.8</ele>
        <time>2025-07-13T14:18:37Z</time>
      </trkpt>
      <trkpt lat="46.979075" lon="17.10486667">
        <ele>195.2</ele>
        <time>2025-07-13T14:18:38Z</time>
      </trkpt>
      <trkpt lat="46.97894" lon="17.10483333">
        <ele>194.6</ele>
        <time>2025-07-13T14:18:39Z</time>
      </trkpt>
      <trkpt lat="46.97880333" lon="17.1048">
        <ele>194.4</ele>
        <time>2025-07-13T14:18:40Z</time>
      </trkpt>
      <trkpt lat="46.978675" lon="17.10476167">
        <ele>193.9</ele>
        <time>2025-07-13T14:18:41Z</time>
      </trkpt>
      <trkpt lat="46.97853833" lon="17.10473">
        <ele>193.9</ele>
        <time>2025-07-13T14:18:42Z</time>
      </trkpt>
      <trkpt lat="46.97840667" lon="17.104695">
        <ele>193.3</ele>
        <time>2025-07-13T14:18:43Z</time>
      </trkpt>
      <trkpt lat="46.97827333" lon="17.10466333">
        <ele>191.9</ele>
        <time>2025-07-13T14:18:44Z</time>
      </trkpt>
      <trkpt lat="46.97814" lon="17.10462833">
        <ele>192.6</ele>
        <time>2025-07-13T14:18:45Z</time>
      </trkpt>
      <trkpt lat="46.97799667" lon="17.10460167">
        <ele>192</ele>
        <time>2025-07-13T14:18:46Z</time>
      </trkpt>
      <trkpt lat="46.97785833" lon="17.10457333">
        <ele>191.7</ele>
        <time>2025-07-13T14:18:47Z</time>
      </trkpt>
      <trkpt lat="46.97773" lon="17.10454">
        <ele>191.4</ele>
        <time>2025-07-13T14:18:48Z</time>
      </trkpt>
      <trkpt lat="46.97759333" lon="17.10450833">
        <ele>191.5</ele>
        <time>2025-07-13T14:18:49Z</time>
      </trkpt>
      <trkpt lat="46.97746" lon="17.10447333">
        <ele>191.3</ele>
        <time>2025-07-13T14:18:50Z</time>
      </trkpt>
      <trkpt lat="46.977325" lon="17.10443667">
        <ele>191.2</ele>
        <time>2025-07-13T14:18:51Z</time>
      </trkpt>
      <trkpt lat="46.97718333" lon="17.10440333">
        <ele>190.9</ele>
        <time>2025-07-13T14:18:52Z</time>
      </trkpt>
      <trkpt lat="46.97704333" lon="17.10437">
        <ele>190.4</ele>
        <time>2025-07-13T14:18:53Z</time>
      </trkpt>
      <trkpt lat="46.97690167" lon="17.10433167">
        <ele>190.4</ele>
        <time>2025-07-13T14:18:54Z</time>
      </trkpt>
      <trkpt lat="46.976765" lon="17.10429667">
        <ele>190.5</ele>
        <time>2025-07-13T14:18:55Z</time>
      </trkpt>
      <trkpt lat="46.97662333" lon="17.104265">
        <ele>190.2</ele>
        <time>2025-07-13T14:18:56Z</time>
      </trkpt>
      <trkpt lat="46.97647667" lon="17.10423333">
        <ele>191.4</ele>
        <time>2025-07-13T14:18:57Z</time>
      </trkpt>
      <trkpt lat="46.97633" lon="17.10419667">
        <ele>191</ele>
        <time>2025-07-13T14:18:58Z</time>
      </trkpt>
      <trkpt lat="46.97617667" lon="17.10416167">
        <ele>191.5</ele>
        <time>2025-07-13T14:18:59Z</time>
      </trkpt>
      <trkpt lat="46.97603167" lon="17.10412333">
        <ele>191.7</ele>
        <time>2025-07-13T14:19:00Z</time>
      </trkpt>
      <trkpt lat="46.97588333" lon="17.104085">
        <ele>191.1</ele>
        <time>2025-07-13T14:19:01Z</time>
      </trkpt>
      <trkpt lat="46.97573833" lon="17.10404333">
        <ele>191</ele>
        <time>2025-07-13T14:19:02Z</time>
      </trkpt>
      <trkpt lat="46.97559167" lon="17.10401167">
        <ele>190.3</ele>
        <time>2025-07-13T14:19:03Z</time>
      </trkpt>
      <trkpt lat="46.97543667" lon="17.103975">
        <ele>190.3</ele>
        <time>2025-07-13T14:19:04Z</time>
      </trkpt>
      <trkpt lat="46.975285" lon="17.10395">
        <ele>189.9</ele>
        <time>2025-07-13T14:19:05Z</time>
      </trkpt>
      <trkpt lat="46.97513833" lon="17.10390833">
        <ele>190.6</ele>
        <time>2025-07-13T14:19:06Z</time>
      </trkpt>
      <trkpt lat="46.97498833" lon="17.10388333">
        <ele>190.4</ele>
        <time>2025-07-13T14:19:07Z</time>
      </trkpt>
      <trkpt lat="46.97484167" lon="17.10385833">
        <ele>189.5</ele>
        <time>2025-07-13T14:19:08Z</time>
      </trkpt>
      <trkpt lat="46.974695" lon="17.10383667">
        <ele>188.3</ele>
        <time>2025-07-13T14:19:09Z</time>
      </trkpt>
      <trkpt lat="46.97455" lon="17.10378667">
        <ele>189.2</ele>
        <time>2025-07-13T14:19:10Z</time>
      </trkpt>
      <trkpt lat="46.97440667" lon="17.10373833">
        <ele>189.5</ele>
        <time>2025-07-13T14:19:11Z</time>
      </trkpt>
      <trkpt lat="46.974265" lon="17.10369167">
        <ele>189.5</ele>
        <time>2025-07-13T14:19:12Z</time>
      </trkpt>
      <trkpt lat="46.97412667" lon="17.10367">
        <ele>189.5</ele>
        <time>2025-07-13T14:19:13Z</time>
      </trkpt>
      <trkpt lat="46.97399667" lon="17.10365333">
        <ele>188.3</ele>
        <time>2025-07-13T14:19:14Z</time>
      </trkpt>
      <trkpt lat="46.97386" lon="17.10361667">
        <ele>188.1</ele>
        <time>2025-07-13T14:19:15Z</time>
      </trkpt>
      <trkpt lat="46.97373167" lon="17.10358667">
        <ele>188</ele>
        <time>2025-07-13T14:19:16Z</time>
      </trkpt>
      <trkpt lat="46.973605" lon="17.10356833">
        <ele>187.9</ele>
        <time>2025-07-13T14:19:17Z</time>
      </trkpt>
      <trkpt lat="46.97346333" lon="17.103565">
        <ele>187.5</ele>
        <time>2025-07-13T14:19:18Z</time>
      </trkpt>
      <trkpt lat="46.973325" lon="17.103565">
        <ele>188.4</ele>
        <time>2025-07-13T14:19:19Z</time>
      </trkpt>
      <trkpt lat="46.97319667" lon="17.10356667">
        <ele>188.6</ele>
        <time>2025-07-13T14:19:20Z</time>
      </trkpt>
      <trkpt lat="46.97306333" lon="17.10358667">
        <ele>188.3</ele>
        <time>2025-07-13T14:19:21Z</time>
      </trkpt>
      <trkpt lat="46.97294" lon="17.10359">
        <ele>188.7</ele>
        <time>2025-07-13T14:19:22Z</time>
      </trkpt>
      <trkpt lat="46.97281" lon="17.10359333">
        <ele>189.1</ele>
        <time>2025-07-13T14:19:23Z</time>
      </trkpt>
      <trkpt lat="46.97268667" lon="17.10359">
        <ele>189.6</ele>
        <time>2025-07-13T14:19:24Z</time>
      </trkpt>
      <trkpt lat="46.97255333" lon="17.10359833">
        <ele>191</ele>
        <time>2025-07-13T14:19:25Z</time>
      </trkpt>
      <trkpt lat="46.97241667" lon="17.10360833">
        <ele>191.8</ele>
        <time>2025-07-13T14:19:26Z</time>
      </trkpt>
      <trkpt lat="46.97228167" lon="17.10361333">
        <ele>193.5</ele>
        <time>2025-07-13T14:19:27Z</time>
      </trkpt>
      <trkpt lat="46.97213833" lon="17.103625">
        <ele>193.9</ele>
        <time>2025-07-13T14:19:28Z</time>
      </trkpt>
      <trkpt lat="46.971995" lon="17.103625">
        <ele>194.2</ele>
        <time>2025-07-13T14:19:29Z</time>
      </trkpt>
      <trkpt lat="46.97186" lon="17.10362833">
        <ele>194.7</ele>
        <time>2025-07-13T14:19:30Z</time>
      </trkpt>
      <trkpt lat="46.97172" lon="17.10364333">
        <ele>194.5</ele>
        <time>2025-07-13T14:19:31Z</time>
      </trkpt>
      <trkpt lat="46.97158667" lon="17.10365">
        <ele>194.6</ele>
        <time>2025-07-13T14:19:32Z</time>
      </trkpt>
      <trkpt lat="46.97145333" lon="17.103655">
        <ele>195.3</ele>
        <time>2025-07-13T14:19:33Z</time>
      </trkpt>
      <trkpt lat="46.97131333" lon="17.10366">
        <ele>196.9</ele>
        <time>2025-07-13T14:19:34Z</time>
      </trkpt>
      <trkpt lat="46.97117833" lon="17.103675">
        <ele>197.3</ele>
        <time>2025-07-13T14:19:35Z</time>
      </trkpt>
      <trkpt lat="46.97104" lon="17.10368">
        <ele>196.3</ele>
        <time>2025-07-13T14:19:36Z</time>
      </trkpt>
      <trkpt lat="46.97090833" lon="17.10368">
        <ele>195.6</ele>
        <time>2025-07-13T14:19:37Z</time>
      </trkpt>
      <trkpt lat="46.97076667" lon="17.10368667">
        <ele>195.3</ele>
        <time>2025-07-13T14:19:38Z</time>
      </trkpt>
      <trkpt lat="46.970635" lon="17.10369667">
        <ele>195.2</ele>
        <time>2025-07-13T14:19:39Z</time>
      </trkpt>
      <trkpt lat="46.9705" lon="17.10369833">
        <ele>194.6</ele>
        <time>2025-07-13T14:19:40Z</time>
      </trkpt>
      <trkpt lat="46.970365" lon="17.10370167">
        <ele>195.1</ele>
        <time>2025-07-13T14:19:41Z</time>
      </trkpt>
      <trkpt lat="46.97023" lon="17.10370833">
        <ele>194.4</ele>
        <time>2025-07-13T14:19:42Z</time>
      </trkpt>
      <trkpt lat="46.97010667" lon="17.10372667">
        <ele>193.8</ele>
        <time>2025-07-13T14:19:43Z</time>
      </trkpt>
      <trkpt lat="46.96998167" lon="17.10374833">
        <ele>194</ele>
        <time>2025-07-13T14:19:44Z</time>
      </trkpt>
      <trkpt lat="46.96986833" lon="17.10374833">
        <ele>194.2</ele>
        <time>2025-07-13T14:19:45Z</time>
      </trkpt>
      <trkpt lat="46.969765" lon="17.10374667">
        <ele>193.5</ele>
        <time>2025-07-13T14:19:46Z</time>
      </trkpt>
      <trkpt lat="46.96958833" lon="17.10367833">
        <ele>191.8</ele>
        <time>2025-07-13T14:19:48Z</time>
      </trkpt>
      <trkpt lat="46.96951167" lon="17.103595">
        <ele>191.7</ele>
        <time>2025-07-13T14:19:49Z</time>
      </trkpt>
      <trkpt lat="46.96943667" lon="17.10337">
        <ele>191.9</ele>
        <time>2025-07-13T14:19:51Z</time>
      </trkpt>
      <trkpt lat="46.96943167" lon="17.10323333">
        <ele>192.1</ele>
        <time>2025-07-13T14:19:52Z</time>
      </trkpt>
      <trkpt lat="46.96942" lon="17.10307667">
        <ele>191.4</ele>
        <time>2025-07-13T14:19:53Z</time>
      </trkpt>
      <trkpt lat="46.96941333" lon="17.10292">
        <ele>190.1</ele>
        <time>2025-07-13T14:19:54Z</time>
      </trkpt>
      <trkpt lat="46.969405" lon="17.10276333">
        <ele>189.3</ele>
        <time>2025-07-13T14:19:55Z</time>
      </trkpt>
      <trkpt lat="46.96940333" lon="17.10261">
        <ele>188.8</ele>
        <time>2025-07-13T14:19:56Z</time>
      </trkpt>
      <trkpt lat="46.9694" lon="17.10245333">
        <ele>188.3</ele>
        <time>2025-07-13T14:19:57Z</time>
      </trkpt>
      <trkpt lat="46.96939167" lon="17.10229">
        <ele>187.4</ele>
        <time>2025-07-13T14:19:58Z</time>
      </trkpt>
      <trkpt lat="46.96938167" lon="17.10211833">
        <ele>187.1</ele>
        <time>2025-07-13T14:19:59Z</time>
      </trkpt>
      <trkpt lat="46.96937333" lon="17.101945">
        <ele>187.3</ele>
        <time>2025-07-13T14:20:00Z</time>
      </trkpt>
      <trkpt lat="46.96935833" lon="17.10176667">
        <ele>188</ele>
        <time>2025-07-13T14:20:01Z</time>
      </trkpt>
      <trkpt lat="46.96933833" lon="17.10158167">
        <ele>187.8</ele>
        <time>2025-07-13T14:20:02Z</time>
      </trkpt>
      <trkpt lat="46.96932667" lon="17.10140833">
        <ele>188.6</ele>
        <time>2025-07-13T14:20:03Z</time>
      </trkpt>
      <trkpt lat="46.96931833" lon="17.10121667">
        <ele>189.4</ele>
        <time>2025-07-13T14:20:04Z</time>
      </trkpt>
      <trkpt lat="46.969305" lon="17.10103167">
        <ele>189.2</ele>
        <time>2025-07-13T14:20:05Z</time>
      </trkpt>
      <trkpt lat="46.96929" lon="17.10085333">
        <ele>189.2</ele>
        <time>2025-07-13T14:20:06Z</time>
      </trkpt>
      <trkpt lat="46.96928167" lon="17.10066167">
        <ele>189.2</ele>
        <time>2025-07-13T14:20:07Z</time>
      </trkpt>
      <trkpt lat="46.96927" lon="17.10047333">
        <ele>190</ele>
        <time>2025-07-13T14:20:08Z</time>
      </trkpt>
      <trkpt lat="46.96924667" lon="17.10028667">
        <ele>192.8</ele>
        <time>2025-07-13T14:20:09Z</time>
      </trkpt>
      <trkpt lat="46.96922833" lon="17.10008667">
        <ele>193.9</ele>
        <time>2025-07-13T14:20:10Z</time>
      </trkpt>
      <trkpt lat="46.969225" lon="17.09989167">
        <ele>192.5</ele>
        <time>2025-07-13T14:20:11Z</time>
      </trkpt>
      <trkpt lat="46.96921167" lon="17.099675">
        <ele>192.3</ele>
        <time>2025-07-13T14:20:12Z</time>
      </trkpt>
      <trkpt lat="46.96920333" lon="17.09944333">
        <ele>191.7</ele>
        <time>2025-07-13T14:20:13Z</time>
      </trkpt>
      <trkpt lat="46.96917667" lon="17.0992">
        <ele>192.3</ele>
        <time>2025-07-13T14:20:14Z</time>
      </trkpt>
      <trkpt lat="46.96916833" lon="17.09896833">
        <ele>190.8</ele>
        <time>2025-07-13T14:20:15Z</time>
      </trkpt>
      <trkpt lat="46.969145" lon="17.09870667">
        <ele>189.7</ele>
        <time>2025-07-13T14:20:16Z</time>
      </trkpt>
      <trkpt lat="46.96912333" lon="17.09844167">
        <ele>188.5</ele>
        <time>2025-07-13T14:20:17Z</time>
      </trkpt>
      <trkpt lat="46.96910833" lon="17.09817667">
        <ele>187.6</ele>
        <time>2025-07-13T14:20:18Z</time>
      </trkpt>
      <trkpt lat="46.9691" lon="17.09791">
        <ele>184.7</ele>
        <time>2025-07-13T14:20:19Z</time>
      </trkpt>
      <trkpt lat="46.96909333" lon="17.09763667">
        <ele>182.4</ele>
        <time>2025-07-13T14:20:20Z</time>
      </trkpt>
      <trkpt lat="46.96908167" lon="17.097365">
        <ele>180.9</ele>
        <time>2025-07-13T14:20:21Z</time>
      </trkpt>
      <trkpt lat="46.96906333" lon="17.09708833">
        <ele>179.3</ele>
        <time>2025-07-13T14:20:22Z</time>
      </trkpt>
      <trkpt lat="46.96904833" lon="17.09683">
        <ele>178.1</ele>
        <time>2025-07-13T14:20:23Z</time>
      </trkpt>
      <trkpt lat="46.969045" lon="17.09658667">
        <ele>176.8</ele>
        <time>2025-07-13T14:20:24Z</time>
      </trkpt>
      <trkpt lat="46.969045" lon="17.09633833">
        <ele>176</ele>
        <time>2025-07-13T14:20:25Z</time>
      </trkpt>
      <trkpt lat="46.96905667" lon="17.096095">
        <ele>175.1</ele>
        <time>2025-07-13T14:20:26Z</time>
      </trkpt>
      <trkpt lat="46.96905667" lon="17.09583667">
        <ele>173</ele>
        <time>2025-07-13T14:20:27Z</time>
      </trkpt>
      <trkpt lat="46.96905333" lon="17.09558">
        <ele>172.1</ele>
        <time>2025-07-13T14:20:28Z</time>
      </trkpt>
      <trkpt lat="46.96906167" lon="17.095345">
        <ele>172.5</ele>
        <time>2025-07-13T14:20:29Z</time>
      </trkpt>
      <trkpt lat="46.96906" lon="17.09509667">
        <ele>172.9</ele>
        <time>2025-07-13T14:20:30Z</time>
      </trkpt>
      <trkpt lat="46.96906667" lon="17.09485333">
        <ele>173.3</ele>
        <time>2025-07-13T14:20:31Z</time>
      </trkpt>
      <trkpt lat="46.96908167" lon="17.09460333">
        <ele>174.4</ele>
        <time>2025-07-13T14:20:32Z</time>
      </trkpt>
      <trkpt lat="46.96909833" lon="17.09435333">
        <ele>174.5</ele>
        <time>2025-07-13T14:20:33Z</time>
      </trkpt>
      <trkpt lat="46.969115" lon="17.09411">
        <ele>175.2</ele>
        <time>2025-07-13T14:20:34Z</time>
      </trkpt>
      <trkpt lat="46.96912167" lon="17.09386667">
        <ele>176.2</ele>
        <time>2025-07-13T14:20:35Z</time>
      </trkpt>
      <trkpt lat="46.96912833" lon="17.09362167">
        <ele>177.2</ele>
        <time>2025-07-13T14:20:36Z</time>
      </trkpt>
      <trkpt lat="46.96913833" lon="17.09337667">
        <ele>178.9</ele>
        <time>2025-07-13T14:20:37Z</time>
      </trkpt>
      <trkpt lat="46.96914833" lon="17.093135">
        <ele>179.1</ele>
        <time>2025-07-13T14:20:38Z</time>
      </trkpt>
      <trkpt lat="46.96915333" lon="17.092895">
        <ele>179.7</ele>
        <time>2025-07-13T14:20:39Z</time>
      </trkpt>
      <trkpt lat="46.96915833" lon="17.09264833">
        <ele>180.4</ele>
        <time>2025-07-13T14:20:40Z</time>
      </trkpt>
      <trkpt lat="46.96917333" lon="17.09241833">
        <ele>181.3</ele>
        <time>2025-07-13T14:20:41Z</time>
      </trkpt>
      <trkpt lat="46.96918667" lon="17.09219">
        <ele>182.8</ele>
        <time>2025-07-13T14:20:42Z</time>
      </trkpt>
      <trkpt lat="46.96919333" lon="17.09195833">
        <ele>183.9</ele>
        <time>2025-07-13T14:20:43Z</time>
      </trkpt>
      <trkpt lat="46.96921" lon="17.09176333">
        <ele>185.6</ele>
        <time>2025-07-13T14:20:44Z</time>
      </trkpt>
      <trkpt lat="46.96922333" lon="17.09156667">
        <ele>186.6</ele>
        <time>2025-07-13T14:20:45Z</time>
      </trkpt>
      <trkpt lat="46.96923167" lon="17.091375">
        <ele>186.8</ele>
        <time>2025-07-13T14:20:46Z</time>
      </trkpt>
      <trkpt lat="46.96923667" lon="17.091195">
        <ele>186.9</ele>
        <time>2025-07-13T14:20:47Z</time>
      </trkpt>
      <trkpt lat="46.96925167" lon="17.09103333">
        <ele>188.3</ele>
        <time>2025-07-13T14:20:48Z</time>
      </trkpt>
      <trkpt lat="46.96926" lon="17.09089333">
        <ele>189.8</ele>
        <time>2025-07-13T14:20:49Z</time>
      </trkpt>
      <trkpt lat="46.969245" lon="17.09065333">
        <ele>191.1</ele>
        <time>2025-07-13T14:20:51Z</time>
      </trkpt>
      <trkpt lat="46.96914833" lon="17.09047167">
        <ele>192</ele>
        <time>2025-07-13T14:20:53Z</time>
      </trkpt>
      <trkpt lat="46.96898" lon="17.09040167">
        <ele>192.4</ele>
        <time>2025-07-13T14:20:55Z</time>
      </trkpt>
      <trkpt lat="46.96888833" lon="17.09039833">
        <ele>193</ele>
        <time>2025-07-13T14:20:56Z</time>
      </trkpt>
      <trkpt lat="46.96878833" lon="17.09038">
        <ele>193.2</ele>
        <time>2025-07-13T14:20:57Z</time>
      </trkpt>
      <trkpt lat="46.96868667" lon="17.09035333">
        <ele>193.4</ele>
        <time>2025-07-13T14:20:58Z</time>
      </trkpt>
      <trkpt lat="46.96858833" lon="17.09033167">
        <ele>193.4</ele>
        <time>2025-07-13T14:20:59Z</time>
      </trkpt>
      <trkpt lat="46.96848" lon="17.09030667">
        <ele>192.7</ele>
        <time>2025-07-13T14:21:00Z</time>
      </trkpt>
      <trkpt lat="46.96836833" lon="17.09028333">
        <ele>192.4</ele>
        <time>2025-07-13T14:21:01Z</time>
      </trkpt>
      <trkpt lat="46.96826" lon="17.090255">
        <ele>192.7</ele>
        <time>2025-07-13T14:21:02Z</time>
      </trkpt>
      <trkpt lat="46.968135" lon="17.09022667">
        <ele>192.8</ele>
        <time>2025-07-13T14:21:03Z</time>
      </trkpt>
      <trkpt lat="46.96801333" lon="17.09019167">
        <ele>191.6</ele>
        <time>2025-07-13T14:21:04Z</time>
      </trkpt>
      <trkpt lat="46.96788" lon="17.090155">
        <ele>192.3</ele>
        <time>2025-07-13T14:21:05Z</time>
      </trkpt>
      <trkpt lat="46.96775167" lon="17.09011833">
        <ele>192.7</ele>
        <time>2025-07-13T14:21:06Z</time>
      </trkpt>
      <trkpt lat="46.96762" lon="17.09008833">
        <ele>193.2</ele>
        <time>2025-07-13T14:21:07Z</time>
      </trkpt>
      <trkpt lat="46.967485" lon="17.09005667">
        <ele>193.6</ele>
        <time>2025-07-13T14:21:08Z</time>
      </trkpt>
      <trkpt lat="46.967345" lon="17.09003167">
        <ele>193.3</ele>
        <time>2025-07-13T14:21:09Z</time>
      </trkpt>
      <trkpt lat="46.96720667" lon="17.090005">
        <ele>192.7</ele>
        <time>2025-07-13T14:21:10Z</time>
      </trkpt>
      <trkpt lat="46.96706333" lon="17.08997">
        <ele>192.5</ele>
        <time>2025-07-13T14:21:11Z</time>
      </trkpt>
      <trkpt lat="46.96690833" lon="17.08992833">
        <ele>192.7</ele>
        <time>2025-07-13T14:21:12Z</time>
      </trkpt>
      <trkpt lat="46.96675333" lon="17.08988667">
        <ele>192.6</ele>
        <time>2025-07-13T14:21:13Z</time>
      </trkpt>
      <trkpt lat="46.96659" lon="17.08984167">
        <ele>192.7</ele>
        <time>2025-07-13T14:21:14Z</time>
      </trkpt>
      <trkpt lat="46.96642167" lon="17.08980833">
        <ele>193.2</ele>
        <time>2025-07-13T14:21:15Z</time>
      </trkpt>
      <trkpt lat="46.96626" lon="17.08976833">
        <ele>193.5</ele>
        <time>2025-07-13T14:21:16Z</time>
      </trkpt>
      <trkpt lat="46.96609833" lon="17.08974333">
        <ele>192.8</ele>
        <time>2025-07-13T14:21:17Z</time>
      </trkpt>
      <trkpt lat="46.965925" lon="17.08970167">
        <ele>193.3</ele>
        <time>2025-07-13T14:21:18Z</time>
      </trkpt>
      <trkpt lat="46.96575167" lon="17.08966333">
        <ele>193.4</ele>
        <time>2025-07-13T14:21:19Z</time>
      </trkpt>
      <trkpt lat="46.965585" lon="17.08962333">
        <ele>193.3</ele>
        <time>2025-07-13T14:21:20Z</time>
      </trkpt>
      <trkpt lat="46.96541" lon="17.08957833">
        <ele>194.5</ele>
        <time>2025-07-13T14:21:21Z</time>
      </trkpt>
      <trkpt lat="46.96524" lon="17.08953333">
        <ele>194.5</ele>
        <time>2025-07-13T14:21:22Z</time>
      </trkpt>
      <trkpt lat="46.96507" lon="17.08950333">
        <ele>194.2</ele>
        <time>2025-07-13T14:21:23Z</time>
      </trkpt>
      <trkpt lat="46.96489167" lon="17.089455">
        <ele>192.7</ele>
        <time>2025-07-13T14:21:24Z</time>
      </trkpt>
      <trkpt lat="46.964725" lon="17.08941167">
        <ele>192.4</ele>
        <time>2025-07-13T14:21:25Z</time>
      </trkpt>
      <trkpt lat="46.964555" lon="17.08937">
        <ele>192</ele>
        <time>2025-07-13T14:21:26Z</time>
      </trkpt>
      <trkpt lat="46.96437833" lon="17.08932333">
        <ele>193.1</ele>
        <time>2025-07-13T14:21:27Z</time>
      </trkpt>
      <trkpt lat="46.96420167" lon="17.08928833">
        <ele>193.9</ele>
        <time>2025-07-13T14:21:28Z</time>
      </trkpt>
      <trkpt lat="46.96402667" lon="17.08924667">
        <ele>192.7</ele>
        <time>2025-07-13T14:21:29Z</time>
      </trkpt>
      <trkpt lat="46.96386" lon="17.089215">
        <ele>193.1</ele>
        <time>2025-07-13T14:21:30Z</time>
      </trkpt>
      <trkpt lat="46.96367667" lon="17.08916333">
        <ele>193.3</ele>
        <time>2025-07-13T14:21:31Z</time>
      </trkpt>
      <trkpt lat="46.96350667" lon="17.08912833">
        <ele>193.7</ele>
        <time>2025-07-13T14:21:32Z</time>
      </trkpt>
      <trkpt lat="46.96333833" lon="17.08909">
        <ele>193.8</ele>
        <time>2025-07-13T14:21:33Z</time>
      </trkpt>
      <trkpt lat="46.96317" lon="17.089055">
        <ele>193.5</ele>
        <time>2025-07-13T14:21:34Z</time>
      </trkpt>
      <trkpt lat="46.96299333" lon="17.08900167">
        <ele>192.3</ele>
        <time>2025-07-13T14:21:35Z</time>
      </trkpt>
      <trkpt lat="46.96281333" lon="17.08895833">
        <ele>191.1</ele>
        <time>2025-07-13T14:21:36Z</time>
      </trkpt>
      <trkpt lat="46.96264667" lon="17.08892167">
        <ele>191</ele>
        <time>2025-07-13T14:21:37Z</time>
      </trkpt>
      <trkpt lat="46.96248333" lon="17.08887833">
        <ele>191.4</ele>
        <time>2025-07-13T14:21:38Z</time>
      </trkpt>
      <trkpt lat="46.96232" lon="17.08883833">
        <ele>191.6</ele>
        <time>2025-07-13T14:21:39Z</time>
      </trkpt>
      <trkpt lat="46.96214667" lon="17.08879333">
        <ele>192</ele>
        <time>2025-07-13T14:21:40Z</time>
      </trkpt>
      <trkpt lat="46.96197" lon="17.088755">
        <ele>192</ele>
        <time>2025-07-13T14:21:41Z</time>
      </trkpt>
      <trkpt lat="46.96179333" lon="17.08871833">
        <ele>189.4</ele>
        <time>2025-07-13T14:21:42Z</time>
      </trkpt>
      <trkpt lat="46.96161833" lon="17.08867333">
        <ele>188.6</ele>
        <time>2025-07-13T14:21:43Z</time>
      </trkpt>
      <trkpt lat="46.96145333" lon="17.08863">
        <ele>188.2</ele>
        <time>2025-07-13T14:21:44Z</time>
      </trkpt>
      <trkpt lat="46.961275" lon="17.08858667">
        <ele>188.3</ele>
        <time>2025-07-13T14:21:45Z</time>
      </trkpt>
      <trkpt lat="46.96110167" lon="17.08854833">
        <ele>188.8</ele>
        <time>2025-07-13T14:21:46Z</time>
      </trkpt>
      <trkpt lat="46.96093167" lon="17.08851333">
        <ele>188.3</ele>
        <time>2025-07-13T14:21:47Z</time>
      </trkpt>
      <trkpt lat="46.96075833" lon="17.08848">
        <ele>188.5</ele>
        <time>2025-07-13T14:21:48Z</time>
      </trkpt>
      <trkpt lat="46.96058667" lon="17.08844333">
        <ele>188.5</ele>
        <time>2025-07-13T14:21:49Z</time>
      </trkpt>
      <trkpt lat="46.96041333" lon="17.0884">
        <ele>188.5</ele>
        <time>2025-07-13T14:21:50Z</time>
      </trkpt>
      <trkpt lat="46.96025333" lon="17.088365">
        <ele>188.4</ele>
        <time>2025-07-13T14:21:51Z</time>
      </trkpt>
      <trkpt lat="46.96008667" lon="17.08832">
        <ele>188.5</ele>
        <time>2025-07-13T14:21:52Z</time>
      </trkpt>
      <trkpt lat="46.95991667" lon="17.08827667">
        <ele>188.4</ele>
        <time>2025-07-13T14:21:53Z</time>
      </trkpt>
      <trkpt lat="46.95974833" lon="17.08822667">
        <ele>189.5</ele>
        <time>2025-07-13T14:21:54Z</time>
      </trkpt>
      <trkpt lat="46.95956167" lon="17.08819">
        <ele>189.9</ele>
        <time>2025-07-13T14:21:55Z</time>
      </trkpt>
      <trkpt lat="46.95939333" lon="17.08813833">
        <ele>190.1</ele>
        <time>2025-07-13T14:21:56Z</time>
      </trkpt>
      <trkpt lat="46.95922667" lon="17.088105">
        <ele>189.9</ele>
        <time>2025-07-13T14:21:57Z</time>
      </trkpt>
      <trkpt lat="46.95905333" lon="17.08805833">
        <ele>189.8</ele>
        <time>2025-07-13T14:21:58Z</time>
      </trkpt>
      <trkpt lat="46.95888667" lon="17.08801667">
        <ele>189.5</ele>
        <time>2025-07-13T14:21:59Z</time>
      </trkpt>
      <trkpt lat="46.95872" lon="17.08796333">
        <ele>189.8</ele>
        <time>2025-07-13T14:22:00Z</time>
      </trkpt>
      <trkpt lat="46.95855667" lon="17.08792167">
        <ele>190.3</ele>
        <time>2025-07-13T14:22:01Z</time>
      </trkpt>
      <trkpt lat="46.95838333" lon="17.08787167">
        <ele>191.6</ele>
        <time>2025-07-13T14:22:02Z</time>
      </trkpt>
      <trkpt lat="46.95819833" lon="17.08783833">
        <ele>191</ele>
        <time>2025-07-13T14:22:03Z</time>
      </trkpt>
      <trkpt lat="46.95802667" lon="17.08780833">
        <ele>191</ele>
        <time>2025-07-13T14:22:04Z</time>
      </trkpt>
      <trkpt lat="46.95768" lon="17.08772">
        <ele>191.7</ele>
        <time>2025-07-13T14:22:06Z</time>
      </trkpt>
      <trkpt lat="46.957505" lon="17.08768">
        <ele>191.1</ele>
        <time>2025-07-13T14:22:07Z</time>
      </trkpt>
      <trkpt lat="46.95733167" lon="17.08764167">
        <ele>191.5</ele>
        <time>2025-07-13T14:22:08Z</time>
      </trkpt>
      <trkpt lat="46.95715667" lon="17.08760667">
        <ele>190.1</ele>
        <time>2025-07-13T14:22:09Z</time>
      </trkpt>
      <trkpt lat="46.956985" lon="17.08756667">
        <ele>190</ele>
        <time>2025-07-13T14:22:10Z</time>
      </trkpt>
      <trkpt lat="46.95680833" lon="17.08752">
        <ele>189.8</ele>
        <time>2025-07-13T14:22:11Z</time>
      </trkpt>
      <trkpt lat="46.95664667" lon="17.08748">
        <ele>189.8</ele>
        <time>2025-07-13T14:22:12Z</time>
      </trkpt>
      <trkpt lat="46.95647833" lon="17.08743833">
        <ele>190.2</ele>
        <time>2025-07-13T14:22:13Z</time>
      </trkpt>
      <trkpt lat="46.95630167" lon="17.08739833">
        <ele>189.9</ele>
        <time>2025-07-13T14:22:14Z</time>
      </trkpt>
      <trkpt lat="46.95614" lon="17.087365">
        <ele>189</ele>
        <time>2025-07-13T14:22:15Z</time>
      </trkpt>
      <trkpt lat="46.95597" lon="17.08732">
        <ele>188.4</ele>
        <time>2025-07-13T14:22:16Z</time>
      </trkpt>
      <trkpt lat="46.9558" lon="17.08728">
        <ele>188.3</ele>
        <time>2025-07-13T14:22:17Z</time>
      </trkpt>
      <trkpt lat="46.95563667" lon="17.08724">
        <ele>187.7</ele>
        <time>2025-07-13T14:22:18Z</time>
      </trkpt>
      <trkpt lat="46.95546" lon="17.08719333">
        <ele>187.3</ele>
        <time>2025-07-13T14:22:19Z</time>
      </trkpt>
      <trkpt lat="46.95528833" lon="17.087155">
        <ele>187.2</ele>
        <time>2025-07-13T14:22:20Z</time>
      </trkpt>
      <trkpt lat="46.95511167" lon="17.08710667">
        <ele>187</ele>
        <time>2025-07-13T14:22:21Z</time>
      </trkpt>
      <trkpt lat="46.954935" lon="17.087055">
        <ele>187.4</ele>
        <time>2025-07-13T14:22:22Z</time>
      </trkpt>
      <trkpt lat="46.954785" lon="17.08704167">
        <ele>187.2</ele>
        <time>2025-07-13T14:22:23Z</time>
      </trkpt>
      <trkpt lat="46.95448833" lon="17.08696">
        <ele>186.3</ele>
        <time>2025-07-13T14:22:25Z</time>
      </trkpt>
      <trkpt lat="46.95433833" lon="17.086915">
        <ele>186.3</ele>
        <time>2025-07-13T14:22:26Z</time>
      </trkpt>
      <trkpt lat="46.95405333" lon="17.08683333">
        <ele>185.2</ele>
        <time>2025-07-13T14:22:28Z</time>
      </trkpt>
      <trkpt lat="46.95391167" lon="17.08680333">
        <ele>185.7</ele>
        <time>2025-07-13T14:22:29Z</time>
      </trkpt>
      <trkpt lat="46.95377167" lon="17.08677">
        <ele>184.2</ele>
        <time>2025-07-13T14:22:30Z</time>
      </trkpt>
      <trkpt lat="46.95351333" lon="17.08671333">
        <ele>183.3</ele>
        <time>2025-07-13T14:22:32Z</time>
      </trkpt>
      <trkpt lat="46.953385" lon="17.086675">
        <ele>183</ele>
        <time>2025-07-13T14:22:33Z</time>
      </trkpt>
      <trkpt lat="46.95324667" lon="17.08663833">
        <ele>181.6</ele>
        <time>2025-07-13T14:22:34Z</time>
      </trkpt>
      <trkpt lat="46.953115" lon="17.08659667">
        <ele>180.9</ele>
        <time>2025-07-13T14:22:35Z</time>
      </trkpt>
      <trkpt lat="46.952985" lon="17.08654167">
        <ele>180.5</ele>
        <time>2025-07-13T14:22:36Z</time>
      </trkpt>
      <trkpt lat="46.95285833" lon="17.08648167">
        <ele>181</ele>
        <time>2025-07-13T14:22:37Z</time>
      </trkpt>
      <trkpt lat="46.95273833" lon="17.08636833">
        <ele>180.9</ele>
        <time>2025-07-13T14:22:38Z</time>
      </trkpt>
      <trkpt lat="46.95262" lon="17.08623333">
        <ele>179</ele>
        <time>2025-07-13T14:22:39Z</time>
      </trkpt>
      <trkpt lat="46.95251" lon="17.086105">
        <ele>178.5</ele>
        <time>2025-07-13T14:22:40Z</time>
      </trkpt>
      <trkpt lat="46.95240333" lon="17.08598333">
        <ele>177.6</ele>
        <time>2025-07-13T14:22:41Z</time>
      </trkpt>
      <trkpt lat="46.95228667" lon="17.08584333">
        <ele>177.6</ele>
        <time>2025-07-13T14:22:42Z</time>
      </trkpt>
      <trkpt lat="46.95217167" lon="17.08571833">
        <ele>177.6</ele>
        <time>2025-07-13T14:22:43Z</time>
      </trkpt>
      <trkpt lat="46.95205667" lon="17.08558333">
        <ele>178.4</ele>
        <time>2025-07-13T14:22:44Z</time>
      </trkpt>
      <trkpt lat="46.95194" lon="17.08547">
        <ele>177.3</ele>
        <time>2025-07-13T14:22:45Z</time>
      </trkpt>
      <trkpt lat="46.95182833" lon="17.085355">
        <ele>176.5</ele>
        <time>2025-07-13T14:22:46Z</time>
      </trkpt>
      <trkpt lat="46.95170667" lon="17.08525">
        <ele>175.6</ele>
        <time>2025-07-13T14:22:47Z</time>
      </trkpt>
      <trkpt lat="46.95157667" lon="17.08515333">
        <ele>175</ele>
        <time>2025-07-13T14:22:48Z</time>
      </trkpt>
      <trkpt lat="46.95145667" lon="17.08505">
        <ele>173.9</ele>
        <time>2025-07-13T14:22:49Z</time>
      </trkpt>
      <trkpt lat="46.95134" lon="17.08494">
        <ele>174</ele>
        <time>2025-07-13T14:22:50Z</time>
      </trkpt>
      <trkpt lat="46.95123333" lon="17.08484">
        <ele>173.9</ele>
        <time>2025-07-13T14:22:51Z</time>
      </trkpt>
      <trkpt lat="46.95112833" lon="17.08474167">
        <ele>173.2</ele>
        <time>2025-07-13T14:22:52Z</time>
      </trkpt>
      <trkpt lat="46.95101167" lon="17.08464833">
        <ele>173.1</ele>
        <time>2025-07-13T14:22:53Z</time>
      </trkpt>
      <trkpt lat="46.950895" lon="17.08457333">
        <ele>172.6</ele>
        <time>2025-07-13T14:22:54Z</time>
      </trkpt>
      <trkpt lat="46.95078667" lon="17.084485">
        <ele>172</ele>
        <time>2025-07-13T14:22:55Z</time>
      </trkpt>
      <trkpt lat="46.95067833" lon="17.08439333">
        <ele>172.1</ele>
        <time>2025-07-13T14:22:56Z</time>
      </trkpt>
      <trkpt lat="46.95057333" lon="17.08430333">
        <ele>171.5</ele>
        <time>2025-07-13T14:22:57Z</time>
      </trkpt>
      <trkpt lat="46.950475" lon="17.08421">
        <ele>171.4</ele>
        <time>2025-07-13T14:22:58Z</time>
      </trkpt>
      <trkpt lat="46.95037" lon="17.08411">
        <ele>171.3</ele>
        <time>2025-07-13T14:22:59Z</time>
      </trkpt>
      <trkpt lat="46.95026333" lon="17.08401833">
        <ele>171.3</ele>
        <time>2025-07-13T14:23:00Z</time>
      </trkpt>
      <trkpt lat="46.95016167" lon="17.08392833">
        <ele>171.6</ele>
        <time>2025-07-13T14:23:01Z</time>
      </trkpt>
      <trkpt lat="46.950055" lon="17.08383833">
        <ele>171.2</ele>
        <time>2025-07-13T14:23:02Z</time>
      </trkpt>
      <trkpt lat="46.949945" lon="17.08375333">
        <ele>170.6</ele>
        <time>2025-07-13T14:23:03Z</time>
      </trkpt>
      <trkpt lat="46.94984" lon="17.08366333">
        <ele>169.8</ele>
        <time>2025-07-13T14:23:04Z</time>
      </trkpt>
      <trkpt lat="46.94973167" lon="17.08357333">
        <ele>168.6</ele>
        <time>2025-07-13T14:23:05Z</time>
      </trkpt>
      <trkpt lat="46.949635" lon="17.08347667">
        <ele>167.8</ele>
        <time>2025-07-13T14:23:06Z</time>
      </trkpt>
      <trkpt lat="46.94954167" lon="17.083385">
        <ele>167.5</ele>
        <time>2025-07-13T14:23:07Z</time>
      </trkpt>
      <trkpt lat="46.94944167" lon="17.08329">
        <ele>164.4</ele>
        <time>2025-07-13T14:23:08Z</time>
      </trkpt>
      <trkpt lat="46.94933833" lon="17.0832">
        <ele>164.5</ele>
        <time>2025-07-13T14:23:09Z</time>
      </trkpt>
      <trkpt lat="46.94923333" lon="17.083115">
        <ele>164.1</ele>
        <time>2025-07-13T14:23:10Z</time>
      </trkpt>
      <trkpt lat="46.94913667" lon="17.083025">
        <ele>164.1</ele>
        <time>2025-07-13T14:23:11Z</time>
      </trkpt>
      <trkpt lat="46.94903333" lon="17.08295">
        <ele>164.1</ele>
        <time>2025-07-13T14:23:12Z</time>
      </trkpt>
      <trkpt lat="46.948935" lon="17.08287">
        <ele>165.2</ele>
        <time>2025-07-13T14:23:13Z</time>
      </trkpt>
      <trkpt lat="46.94885" lon="17.08279333">
        <ele>165.7</ele>
        <time>2025-07-13T14:23:14Z</time>
      </trkpt>
      <trkpt lat="46.94877" lon="17.082725">
        <ele>165.5</ele>
        <time>2025-07-13T14:23:15Z</time>
      </trkpt>
      <trkpt lat="46.94863833" lon="17.08261667">
        <ele>166.6</ele>
        <time>2025-07-13T14:23:17Z</time>
      </trkpt>
      <trkpt lat="46.94855333" lon="17.08253333">
        <ele>169.3</ele>
        <time>2025-07-13T14:23:19Z</time>
      </trkpt>
      <trkpt lat="46.94847167" lon="17.08247167">
        <ele>169</ele>
        <time>2025-07-13T14:23:23Z</time>
      </trkpt>
      <trkpt lat="46.94841833" lon="17.08233">
        <ele>169.8</ele>
        <time>2025-07-13T14:23:32Z</time>
      </trkpt>
      <trkpt lat="46.94842" lon="17.08213667">
        <ele>167.4</ele>
        <time>2025-07-13T14:23:35Z</time>
      </trkpt>
      <trkpt lat="46.94844" lon="17.08197667">
        <ele>167</ele>
        <time>2025-07-13T14:23:37Z</time>
      </trkpt>
      <trkpt lat="46.94844667" lon="17.08177833">
        <ele>165.7</ele>
        <time>2025-07-13T14:23:39Z</time>
      </trkpt>
      <trkpt lat="46.948435" lon="17.08157167">
        <ele>165.9</ele>
        <time>2025-07-13T14:23:41Z</time>
      </trkpt>
      <trkpt lat="46.94839333" lon="17.08133">
        <ele>166.6</ele>
        <time>2025-07-13T14:23:43Z</time>
      </trkpt>
      <trkpt lat="46.94831333" lon="17.08112167">
        <ele>167.4</ele>
        <time>2025-07-13T14:23:45Z</time>
      </trkpt>
      <trkpt lat="46.94820667" lon="17.080885">
        <ele>167.4</ele>
        <time>2025-07-13T14:23:47Z</time>
      </trkpt>
      <trkpt lat="46.94814667" lon="17.08077">
        <ele>168.2</ele>
        <time>2025-07-13T14:23:48Z</time>
      </trkpt>
      <trkpt lat="46.94808167" lon="17.08065167">
        <ele>168.1</ele>
        <time>2025-07-13T14:23:49Z</time>
      </trkpt>
      <trkpt lat="46.94802" lon="17.08053667">
        <ele>167.7</ele>
        <time>2025-07-13T14:23:50Z</time>
      </trkpt>
      <trkpt lat="46.94795167" lon="17.08042">
        <ele>167.4</ele>
        <time>2025-07-13T14:23:51Z</time>
      </trkpt>
      <trkpt lat="46.94788833" lon="17.08029667">
        <ele>166.8</ele>
        <time>2025-07-13T14:23:52Z</time>
      </trkpt>
      <trkpt lat="46.94782" lon="17.08017333">
        <ele>166.3</ele>
        <time>2025-07-13T14:23:53Z</time>
      </trkpt>
      <trkpt lat="46.94775333" lon="17.08004333">
        <ele>166.4</ele>
        <time>2025-07-13T14:23:54Z</time>
      </trkpt>
      <trkpt lat="46.947675" lon="17.07990833">
        <ele>167.6</ele>
        <time>2025-07-13T14:23:55Z</time>
      </trkpt>
      <trkpt lat="46.94759833" lon="17.07978333">
        <ele>167.7</ele>
        <time>2025-07-13T14:23:56Z</time>
      </trkpt>
      <trkpt lat="46.94752333" lon="17.07965833">
        <ele>168.2</ele>
        <time>2025-07-13T14:23:57Z</time>
      </trkpt>
      <trkpt lat="46.94745" lon="17.07953">
        <ele>168.4</ele>
        <time>2025-07-13T14:23:58Z</time>
      </trkpt>
      <trkpt lat="46.94737667" lon="17.079385">
        <ele>169.5</ele>
        <time>2025-07-13T14:23:59Z</time>
      </trkpt>
      <trkpt lat="46.94730333" lon="17.07923833">
        <ele>169.8</ele>
        <time>2025-07-13T14:24:00Z</time>
      </trkpt>
      <trkpt lat="46.94724" lon="17.07909333">
        <ele>170.7</ele>
        <time>2025-07-13T14:24:01Z</time>
      </trkpt>
      <trkpt lat="46.94718" lon="17.07893167">
        <ele>170.9</ele>
        <time>2025-07-13T14:24:02Z</time>
      </trkpt>
      <trkpt lat="46.94711" lon="17.078765">
        <ele>170.9</ele>
        <time>2025-07-13T14:24:03Z</time>
      </trkpt>
      <trkpt lat="46.947055" lon="17.07859833">
        <ele>170.5</ele>
        <time>2025-07-13T14:24:04Z</time>
      </trkpt>
      <trkpt lat="46.94699667" lon="17.07844">
        <ele>169.8</ele>
        <time>2025-07-13T14:24:05Z</time>
      </trkpt>
      <trkpt lat="46.94694" lon="17.07828667">
        <ele>169.7</ele>
        <time>2025-07-13T14:24:06Z</time>
      </trkpt>
      <trkpt lat="46.94689333" lon="17.07813">
        <ele>169.6</ele>
        <time>2025-07-13T14:24:07Z</time>
      </trkpt>
      <trkpt lat="46.94685333" lon="17.07798">
        <ele>169.4</ele>
        <time>2025-07-13T14:24:08Z</time>
      </trkpt>
      <trkpt lat="46.94681333" lon="17.077825">
        <ele>168.7</ele>
        <time>2025-07-13T14:24:09Z</time>
      </trkpt>
      <trkpt lat="46.946765" lon="17.07766833">
        <ele>168</ele>
        <time>2025-07-13T14:24:10Z</time>
      </trkpt>
      <trkpt lat="46.94671" lon="17.07750667">
        <ele>168.3</ele>
        <time>2025-07-13T14:24:11Z</time>
      </trkpt>
      <trkpt lat="46.94664333" lon="17.07737333">
        <ele>167.5</ele>
        <time>2025-07-13T14:24:12Z</time>
      </trkpt>
      <trkpt lat="46.94657167" lon="17.07721833">
        <ele>167.1</ele>
        <time>2025-07-13T14:24:13Z</time>
      </trkpt>
      <trkpt lat="46.946505" lon="17.07706667">
        <ele>167.1</ele>
        <time>2025-07-13T14:24:14Z</time>
      </trkpt>
      <trkpt lat="46.94643333" lon="17.07692667">
        <ele>166</ele>
        <time>2025-07-13T14:24:15Z</time>
      </trkpt>
      <trkpt lat="46.946355" lon="17.076775">
        <ele>165.7</ele>
        <time>2025-07-13T14:24:16Z</time>
      </trkpt>
      <trkpt lat="46.94627667" lon="17.07662667">
        <ele>165.1</ele>
        <time>2025-07-13T14:24:17Z</time>
      </trkpt>
      <trkpt lat="46.94619667" lon="17.07648833">
        <ele>164.7</ele>
        <time>2025-07-13T14:24:18Z</time>
      </trkpt>
      <trkpt lat="46.94611333" lon="17.07635167">
        <ele>164.1</ele>
        <time>2025-07-13T14:24:19Z</time>
      </trkpt>
      <trkpt lat="46.94604" lon="17.07621">
        <ele>163.9</ele>
        <time>2025-07-13T14:24:20Z</time>
      </trkpt>
      <trkpt lat="46.94596333" lon="17.07606833">
        <ele>164.6</ele>
        <time>2025-07-13T14:24:21Z</time>
      </trkpt>
      <trkpt lat="46.94588667" lon="17.07593333">
        <ele>164.1</ele>
        <time>2025-07-13T14:24:22Z</time>
      </trkpt>
      <trkpt lat="46.94581167" lon="17.075815">
        <ele>163.9</ele>
        <time>2025-07-13T14:24:23Z</time>
      </trkpt>
      <trkpt lat="46.94573167" lon="17.07572167">
        <ele>164.4</ele>
        <time>2025-07-13T14:24:24Z</time>
      </trkpt>
      <trkpt lat="46.945645" lon="17.07564833">
        <ele>164.6</ele>
        <time>2025-07-13T14:24:25Z</time>
      </trkpt>
      <trkpt lat="46.945555" lon="17.07561833">
        <ele>164.5</ele>
        <time>2025-07-13T14:24:26Z</time>
      </trkpt>
      <trkpt lat="46.94537833" lon="17.075665">
        <ele>164</ele>
        <time>2025-07-13T14:24:28Z</time>
      </trkpt>
      <trkpt lat="46.94523667" lon="17.07576667">
        <ele>163.6</ele>
        <time>2025-07-13T14:24:30Z</time>
      </trkpt>
      <trkpt lat="46.94513833" lon="17.07589167">
        <ele>162.5</ele>
        <time>2025-07-13T14:24:32Z</time>
      </trkpt>
      <trkpt lat="46.94510167" lon="17.07606">
        <ele>161</ele>
        <time>2025-07-13T14:24:34Z</time>
      </trkpt>
      <trkpt lat="46.945135" lon="17.07622">
        <ele>160.6</ele>
        <time>2025-07-13T14:24:36Z</time>
      </trkpt>
      <trkpt lat="46.94518167" lon="17.07637">
        <ele>160.7</ele>
        <time>2025-07-13T14:24:38Z</time>
      </trkpt>
      <trkpt lat="46.94522333" lon="17.07654667">
        <ele>161.6</ele>
        <time>2025-07-13T14:24:40Z</time>
      </trkpt>
      <trkpt lat="46.94525" lon="17.07673167">
        <ele>160.7</ele>
        <time>2025-07-13T14:24:42Z</time>
      </trkpt>
      <trkpt lat="46.94526" lon="17.07691667">
        <ele>161</ele>
        <time>2025-07-13T14:24:44Z</time>
      </trkpt>
      <trkpt lat="46.94524333" lon="17.07705667">
        <ele>161</ele>
        <time>2025-07-13T14:24:46Z</time>
      </trkpt>
      <trkpt lat="46.94513" lon="17.07717">
        <ele>161.6</ele>
        <time>2025-07-13T14:24:49Z</time>
      </trkpt>
      <trkpt lat="46.94501333" lon="17.07720333">
        <ele>160.6</ele>
        <time>2025-07-13T14:24:51Z</time>
      </trkpt>
      <trkpt lat="46.94488833" lon="17.07724667">
        <ele>159</ele>
        <time>2025-07-13T14:24:53Z</time>
      </trkpt>
      <trkpt lat="46.94479" lon="17.077285">
        <ele>158.3</ele>
        <time>2025-07-13T14:24:55Z</time>
      </trkpt>
      <trkpt lat="46.94470167" lon="17.07725667">
        <ele>158.1</ele>
        <time>2025-07-13T14:24:57Z</time>
      </trkpt>
      <trkpt lat="46.94462833" lon="17.07711">
        <ele>158.3</ele>
        <time>2025-07-13T14:25:00Z</time>
      </trkpt>
      <trkpt lat="46.94464167" lon="17.07693">
        <ele>159.6</ele>
        <time>2025-07-13T14:25:03Z</time>
      </trkpt>
      <trkpt lat="46.94472333" lon="17.07681333">
        <ele>160.9</ele>
        <time>2025-07-13T14:25:06Z</time>
      </trkpt>
      <trkpt lat="46.944815" lon="17.076775">
        <ele>163.6</ele>
        <time>2025-07-13T14:25:11Z</time>
      </trkpt>
      <trkpt lat="46.94491833" lon="17.07673333">
        <ele>166.6</ele>
        <time>2025-07-13T14:25:19Z</time>
      </trkpt>
      <trkpt lat="46.94506" lon="17.07686167">
        <ele>258.1</ele>
        <time>2025-07-13T14:25:50Z</time>
      </trkpt>
    </trkseg>
  </trk>
</gpx>