<?xml version='1.0' encoding='UTF-8' standalone='yes' ?>
<gpx xmlns="http://www.topografix.com/GPX/1/1" xmlns:geotracker="http://ilyabogdanovich.com/gpx/extensions/geotracker" xmlns:xsi="http://www.w3.org/2001/XMLSchema-instance" xsi:schemaLocation="http://www.topografix.com/GPX/1/1 http://www.topografix.com/GPX/1/1/gpx.xsd" version="1.1" creator="Recorded in Geo Tracker for Android from Ilya Bogdanovich">
  <metadata>
    <name>b_0714_02</name>
    <author>
      <name>Recorded in Geo Tracker for Android from Ilya Bogdanovich</name>
      <link href="https://play.google.com/store/apps/details?id=com.ilyabogdanovich.geotracker" />
    </author>
    <link href="https://play.google.com/store/apps/details?id=com.ilyabogdanovich.geotracker" />
    <time>2025-07-14T11:44:15Z</time>
  </metadata>
  <trk>
    <name>b_0714_02</name>
    <src>Recorded in Geo Tracker for Android from Ilya Bogdanovich</src>
    <link href="https://play.google.com/store/apps/details?id=com.ilyabogdanovich.geotracker" />
    <extensions>
      <geotracker:meta>
        <geotracker:length>36323.88</geotracker:length>
        <geotracker:duration>3379202</geotracker:duration>
        <geotracker:creationtime>2025-07-14T11:44:15Z</geotracker:creationtime>
        <geotracker:activity>0</geotracker:activity>
      </geotracker:meta>
    </extensions>
    <trkseg>
      <trkpt lat="46.845045" lon="16.85027667">
        <ele>260</ele>
        <time>2025-07-14T11:44:22Z</time>
      </trkpt>
      <trkpt lat="46.84508667" lon="16.85015833">
        <ele>258.1</ele>
        <time>2025-07-14T11:44:28Z</time>
      </trkpt>
      <trkpt lat="46.84510167" lon="16.85002667">
        <ele>217.4</ele>
        <time>2025-07-14T11:45:26Z</time>
      </trkpt>
      <trkpt lat="46.84518" lon="16.850265">
        <ele>196</ele>
        <time>2025-07-14T11:45:50Z</time>
      </trkpt>
      <trkpt lat="46.84518167" lon="16.85043167">
        <ele>194.2</ele>
        <time>2025-07-14T11:45:54Z</time>
      </trkpt>
      <trkpt lat="46.84517" lon="16.85058">
        <ele>193.1</ele>
        <time>2025-07-14T11:45:57Z</time>
      </trkpt>
      <trkpt lat="46.84511333" lon="16.85071">
        <ele>192.4</ele>
        <time>2025-07-14T11:46:00Z</time>
      </trkpt>
      <trkpt lat="46.84501167" lon="16.85076833">
        <ele>192.1</ele>
        <time>2025-07-14T11:46:03Z</time>
      </trkpt>
      <trkpt lat="46.84492333" lon="16.85083667">
        <ele>193.2</ele>
        <time>2025-07-14T11:46:06Z</time>
      </trkpt>
      <trkpt lat="46.844885" lon="16.851005">
        <ele>194.2</ele>
        <time>2025-07-14T11:46:10Z</time>
      </trkpt>
      <trkpt lat="46.84488833" lon="16.85113833">
        <ele>196.9</ele>
        <time>2025-07-14T11:46:20Z</time>
      </trkpt>
      <trkpt lat="46.84502833" lon="16.85118333">
        <ele>227.2</ele>
        <time>2025-07-14T11:46:24Z</time>
      </trkpt>
      <trkpt lat="46.84513833" lon="16.851185">
        <ele>235</ele>
        <time>2025-07-14T11:46:26Z</time>
      </trkpt>
      <trkpt lat="46.84525333" lon="16.85119667">
        <ele>238</ele>
        <time>2025-07-14T11:46:28Z</time>
      </trkpt>
      <trkpt lat="46.84537" lon="16.85118833">
        <ele>229.1</ele>
        <time>2025-07-14T11:46:30Z</time>
      </trkpt>
      <trkpt lat="46.84547333" lon="16.85110167">
        <ele>222.3</ele>
        <time>2025-07-14T11:46:32Z</time>
      </trkpt>
      <trkpt lat="46.84551667" lon="16.85094333">
        <ele>214.3</ele>
        <time>2025-07-14T11:46:34Z</time>
      </trkpt>
      <trkpt lat="46.845495" lon="16.85075667">
        <ele>207.5</ele>
        <time>2025-07-14T11:46:36Z</time>
      </trkpt>
      <trkpt lat="46.84547167" lon="16.85054">
        <ele>202.8</ele>
        <time>2025-07-14T11:46:38Z</time>
      </trkpt>
      <trkpt lat="46.84545" lon="16.85032">
        <ele>199.4</ele>
        <time>2025-07-14T11:46:40Z</time>
      </trkpt>
      <trkpt lat="46.845435" lon="16.85009833">
        <ele>198.1</ele>
        <time>2025-07-14T11:46:42Z</time>
      </trkpt>
      <trkpt lat="46.84542667" lon="16.84987">
        <ele>197.2</ele>
        <time>2025-07-14T11:46:44Z</time>
      </trkpt>
      <trkpt lat="46.84541833" lon="16.84963333">
        <ele>196.3</ele>
        <time>2025-07-14T11:46:46Z</time>
      </trkpt>
      <trkpt lat="46.84541167" lon="16.84939167">
        <ele>195.4</ele>
        <time>2025-07-14T11:46:48Z</time>
      </trkpt>
      <trkpt lat="46.84540667" lon="16.84915333">
        <ele>195.7</ele>
        <time>2025-07-14T11:46:50Z</time>
      </trkpt>
      <trkpt lat="46.84541167" lon="16.84892">
        <ele>194.4</ele>
        <time>2025-07-14T11:46:52Z</time>
      </trkpt>
      <trkpt lat="46.84540833" lon="16.84870167">
        <ele>193.7</ele>
        <time>2025-07-14T11:46:54Z</time>
      </trkpt>
      <trkpt lat="46.84540667" lon="16.84850667">
        <ele>193.3</ele>
        <time>2025-07-14T11:46:56Z</time>
      </trkpt>
      <trkpt lat="46.84540833" lon="16.84833333">
        <ele>193.2</ele>
        <time>2025-07-14T11:46:58Z</time>
      </trkpt>
      <trkpt lat="46.84541833" lon="16.84818167">
        <ele>192.9</ele>
        <time>2025-07-14T11:47:00Z</time>
      </trkpt>
      <trkpt lat="46.84542333" lon="16.84804667">
        <ele>192.9</ele>
        <time>2025-07-14T11:47:02Z</time>
      </trkpt>
      <trkpt lat="46.84542333" lon="16.84789667">
        <ele>193.6</ele>
        <time>2025-07-14T11:47:05Z</time>
      </trkpt>
      <trkpt lat="46.84543333" lon="16.84774833">
        <ele>193.7</ele>
        <time>2025-07-14T11:47:43Z</time>
      </trkpt>
      <trkpt lat="46.84542833" lon="16.84760833">
        <ele>193.5</ele>
        <time>2025-07-14T11:47:46Z</time>
      </trkpt>
      <trkpt lat="46.84542333" lon="16.84747667">
        <ele>193.2</ele>
        <time>2025-07-14T11:47:48Z</time>
      </trkpt>
      <trkpt lat="46.845425" lon="16.84734">
        <ele>194.1</ele>
        <time>2025-07-14T11:47:50Z</time>
      </trkpt>
      <trkpt lat="46.84542833" lon="16.84717667">
        <ele>195.4</ele>
        <time>2025-07-14T11:47:52Z</time>
      </trkpt>
      <trkpt lat="46.84543" lon="16.84697">
        <ele>196.3</ele>
        <time>2025-07-14T11:47:54Z</time>
      </trkpt>
      <trkpt lat="46.84541833" lon="16.84672167">
        <ele>197.4</ele>
        <time>2025-07-14T11:47:56Z</time>
      </trkpt>
      <trkpt lat="46.84539833" lon="16.84648">
        <ele>198.2</ele>
        <time>2025-07-14T11:47:58Z</time>
      </trkpt>
      <trkpt lat="46.84538833" lon="16.84622">
        <ele>199.5</ele>
        <time>2025-07-14T11:48:00Z</time>
      </trkpt>
      <trkpt lat="46.845375" lon="16.84608833">
        <ele>200.3</ele>
        <time>2025-07-14T11:48:01Z</time>
      </trkpt>
      <trkpt lat="46.84534" lon="16.84582">
        <ele>202.1</ele>
        <time>2025-07-14T11:48:03Z</time>
      </trkpt>
      <trkpt lat="46.845315" lon="16.84556667">
        <ele>204.1</ele>
        <time>2025-07-14T11:48:05Z</time>
      </trkpt>
      <trkpt lat="46.84530333" lon="16.84531833">
        <ele>203.7</ele>
        <time>2025-07-14T11:48:07Z</time>
      </trkpt>
      <trkpt lat="46.84529833" lon="16.84517667">
        <ele>203.5</ele>
        <time>2025-07-14T11:48:08Z</time>
      </trkpt>
      <trkpt lat="46.84529667" lon="16.84502667">
        <ele>203.5</ele>
        <time>2025-07-14T11:48:09Z</time>
      </trkpt>
      <trkpt lat="46.84529833" lon="16.84486833">
        <ele>203.1</ele>
        <time>2025-07-14T11:48:10Z</time>
      </trkpt>
      <trkpt lat="46.84528833" lon="16.844705">
        <ele>202.8</ele>
        <time>2025-07-14T11:48:11Z</time>
      </trkpt>
      <trkpt lat="46.84528" lon="16.84453833">
        <ele>203.2</ele>
        <time>2025-07-14T11:48:12Z</time>
      </trkpt>
      <trkpt lat="46.84528333" lon="16.84438667">
        <ele>203.6</ele>
        <time>2025-07-14T11:48:13Z</time>
      </trkpt>
      <trkpt lat="46.84528167" lon="16.84423833">
        <ele>203.5</ele>
        <time>2025-07-14T11:48:14Z</time>
      </trkpt>
      <trkpt lat="46.845285" lon="16.84409167">
        <ele>204.1</ele>
        <time>2025-07-14T11:48:15Z</time>
      </trkpt>
      <trkpt lat="46.84528333" lon="16.84395">
        <ele>204.5</ele>
        <time>2025-07-14T11:48:16Z</time>
      </trkpt>
      <trkpt lat="46.84529667" lon="16.843705">
        <ele>204.4</ele>
        <time>2025-07-14T11:48:18Z</time>
      </trkpt>
      <trkpt lat="46.84531167" lon="16.84347667">
        <ele>204.7</ele>
        <time>2025-07-14T11:48:20Z</time>
      </trkpt>
      <trkpt lat="46.84535167" lon="16.84323667">
        <ele>205.8</ele>
        <time>2025-07-14T11:48:22Z</time>
      </trkpt>
      <trkpt lat="46.845405" lon="16.842985">
        <ele>205.6</ele>
        <time>2025-07-14T11:48:24Z</time>
      </trkpt>
      <trkpt lat="46.84544167" lon="16.84284667">
        <ele>204.8</ele>
        <time>2025-07-14T11:48:25Z</time>
      </trkpt>
      <trkpt lat="46.84548" lon="16.84270667">
        <ele>203.3</ele>
        <time>2025-07-14T11:48:26Z</time>
      </trkpt>
      <trkpt lat="46.84551667" lon="16.84256667">
        <ele>202.9</ele>
        <time>2025-07-14T11:48:27Z</time>
      </trkpt>
      <trkpt lat="46.84556" lon="16.84242833">
        <ele>202.8</ele>
        <time>2025-07-14T11:48:28Z</time>
      </trkpt>
      <trkpt lat="46.8456" lon="16.84229333">
        <ele>202.6</ele>
        <time>2025-07-14T11:48:29Z</time>
      </trkpt>
      <trkpt lat="46.84564167" lon="16.84215167">
        <ele>202</ele>
        <time>2025-07-14T11:48:30Z</time>
      </trkpt>
      <trkpt lat="46.845685" lon="16.84200333">
        <ele>201.4</ele>
        <time>2025-07-14T11:48:31Z</time>
      </trkpt>
      <trkpt lat="46.84572333" lon="16.841855">
        <ele>200.9</ele>
        <time>2025-07-14T11:48:32Z</time>
      </trkpt>
      <trkpt lat="46.84576167" lon="16.841705">
        <ele>200.6</ele>
        <time>2025-07-14T11:48:33Z</time>
      </trkpt>
      <trkpt lat="46.84579667" lon="16.84155167">
        <ele>200.4</ele>
        <time>2025-07-14T11:48:34Z</time>
      </trkpt>
      <trkpt lat="46.845825" lon="16.84139167">
        <ele>200</ele>
        <time>2025-07-14T11:48:35Z</time>
      </trkpt>
      <trkpt lat="46.845855" lon="16.84123">
        <ele>199.9</ele>
        <time>2025-07-14T11:48:36Z</time>
      </trkpt>
      <trkpt lat="46.84588" lon="16.84106667">
        <ele>200.1</ele>
        <time>2025-07-14T11:48:37Z</time>
      </trkpt>
      <trkpt lat="46.84590333" lon="16.840905">
        <ele>199.9</ele>
        <time>2025-07-14T11:48:38Z</time>
      </trkpt>
      <trkpt lat="46.84592333" lon="16.84073333">
        <ele>200.8</ele>
        <time>2025-07-14T11:48:39Z</time>
      </trkpt>
      <trkpt lat="46.84594833" lon="16.84057167">
        <ele>200.2</ele>
        <time>2025-07-14T11:48:40Z</time>
      </trkpt>
      <trkpt lat="46.84598333" lon="16.840385">
        <ele>200.8</ele>
        <time>2025-07-14T11:48:41Z</time>
      </trkpt>
      <trkpt lat="46.84600333" lon="16.84021333">
        <ele>200.8</ele>
        <time>2025-07-14T11:48:42Z</time>
      </trkpt>
      <trkpt lat="46.84602333" lon="16.840055">
        <ele>200.3</ele>
        <time>2025-07-14T11:48:43Z</time>
      </trkpt>
      <trkpt lat="46.846035" lon="16.83988">
        <ele>200.3</ele>
        <time>2025-07-14T11:48:44Z</time>
      </trkpt>
      <trkpt lat="46.846055" lon="16.83971">
        <ele>200.2</ele>
        <time>2025-07-14T11:48:45Z</time>
      </trkpt>
      <trkpt lat="46.84607333" lon="16.83954167">
        <ele>200.2</ele>
        <time>2025-07-14T11:48:46Z</time>
      </trkpt>
      <trkpt lat="46.846095" lon="16.83937333">
        <ele>200.1</ele>
        <time>2025-07-14T11:48:47Z</time>
      </trkpt>
      <trkpt lat="46.84611333" lon="16.839205">
        <ele>200.2</ele>
        <time>2025-07-14T11:48:48Z</time>
      </trkpt>
      <trkpt lat="46.84613333" lon="16.83903167">
        <ele>199.9</ele>
        <time>2025-07-14T11:48:49Z</time>
      </trkpt>
      <trkpt lat="46.84615667" lon="16.83886">
        <ele>200.2</ele>
        <time>2025-07-14T11:48:50Z</time>
      </trkpt>
      <trkpt lat="46.84616833" lon="16.83869667">
        <ele>197.8</ele>
        <time>2025-07-14T11:48:51Z</time>
      </trkpt>
      <trkpt lat="46.84619333" lon="16.838535">
        <ele>198.9</ele>
        <time>2025-07-14T11:48:52Z</time>
      </trkpt>
      <trkpt lat="46.84622833" lon="16.83837167">
        <ele>199.3</ele>
        <time>2025-07-14T11:48:53Z</time>
      </trkpt>
      <trkpt lat="46.84625333" lon="16.83821333">
        <ele>198.3</ele>
        <time>2025-07-14T11:48:54Z</time>
      </trkpt>
      <trkpt lat="46.84627667" lon="16.83805667">
        <ele>198.1</ele>
        <time>2025-07-14T11:48:55Z</time>
      </trkpt>
      <trkpt lat="46.84629833" lon="16.83790167">
        <ele>197.4</ele>
        <time>2025-07-14T11:48:56Z</time>
      </trkpt>
      <trkpt lat="46.84632167" lon="16.837745">
        <ele>196.1</ele>
        <time>2025-07-14T11:48:57Z</time>
      </trkpt>
      <trkpt lat="46.84634167" lon="16.83758333">
        <ele>196.2</ele>
        <time>2025-07-14T11:48:58Z</time>
      </trkpt>
      <trkpt lat="46.84636333" lon="16.83741167">
        <ele>196</ele>
        <time>2025-07-14T11:48:59Z</time>
      </trkpt>
      <trkpt lat="46.84638167" lon="16.83724667">
        <ele>195.8</ele>
        <time>2025-07-14T11:49:00Z</time>
      </trkpt>
      <trkpt lat="46.84639667" lon="16.837085">
        <ele>195.7</ele>
        <time>2025-07-14T11:49:01Z</time>
      </trkpt>
      <trkpt lat="46.84642167" lon="16.83691667">
        <ele>196</ele>
        <time>2025-07-14T11:49:02Z</time>
      </trkpt>
      <trkpt lat="46.84643833" lon="16.83675333">
        <ele>195.4</ele>
        <time>2025-07-14T11:49:03Z</time>
      </trkpt>
      <trkpt lat="46.84645833" lon="16.836595">
        <ele>195.3</ele>
        <time>2025-07-14T11:49:04Z</time>
      </trkpt>
      <trkpt lat="46.84647667" lon="16.83644333">
        <ele>196</ele>
        <time>2025-07-14T11:49:05Z</time>
      </trkpt>
      <trkpt lat="46.84650333" lon="16.83627167">
        <ele>195.7</ele>
        <time>2025-07-14T11:49:06Z</time>
      </trkpt>
      <trkpt lat="46.84652833" lon="16.83611">
        <ele>195.8</ele>
        <time>2025-07-14T11:49:07Z</time>
      </trkpt>
      <trkpt lat="46.84654333" lon="16.835945">
        <ele>196.5</ele>
        <time>2025-07-14T11:49:08Z</time>
      </trkpt>
      <trkpt lat="46.84655" lon="16.835785">
        <ele>194.3</ele>
        <time>2025-07-14T11:49:09Z</time>
      </trkpt>
      <trkpt lat="46.846565" lon="16.83563667">
        <ele>194.1</ele>
        <time>2025-07-14T11:49:10Z</time>
      </trkpt>
      <trkpt lat="46.84658167" lon="16.83544">
        <ele>194.8</ele>
        <time>2025-07-14T11:49:12Z</time>
      </trkpt>
      <trkpt lat="46.84662" lon="16.83528167">
        <ele>209.7</ele>
        <time>2025-07-14T11:50:12Z</time>
      </trkpt>
      <trkpt lat="46.84665167" lon="16.83509833">
        <ele>206.5</ele>
        <time>2025-07-14T11:50:15Z</time>
      </trkpt>
      <trkpt lat="46.84667833" lon="16.83495667">
        <ele>204.2</ele>
        <time>2025-07-14T11:50:17Z</time>
      </trkpt>
      <trkpt lat="46.84668667" lon="16.83479">
        <ele>203.7</ele>
        <time>2025-07-14T11:50:19Z</time>
      </trkpt>
      <trkpt lat="46.84670167" lon="16.834655">
        <ele>203.4</ele>
        <time>2025-07-14T11:50:21Z</time>
      </trkpt>
      <trkpt lat="46.846715" lon="16.834505">
        <ele>201.8</ele>
        <time>2025-07-14T11:50:24Z</time>
      </trkpt>
      <trkpt lat="46.84672667" lon="16.83435333">
        <ele>201.1</ele>
        <time>2025-07-14T11:51:16Z</time>
      </trkpt>
      <trkpt lat="46.84672667" lon="16.83419333">
        <ele>202.3</ele>
        <time>2025-07-14T11:51:19Z</time>
      </trkpt>
      <trkpt lat="46.84673167" lon="16.83404667">
        <ele>202.9</ele>
        <time>2025-07-14T11:51:22Z</time>
      </trkpt>
      <trkpt lat="46.84674333" lon="16.8339">
        <ele>202.7</ele>
        <time>2025-07-14T11:51:25Z</time>
      </trkpt>
      <trkpt lat="46.84676" lon="16.83373167">
        <ele>202.8</ele>
        <time>2025-07-14T11:51:28Z</time>
      </trkpt>
      <trkpt lat="46.84677167" lon="16.83359">
        <ele>202.3</ele>
        <time>2025-07-14T11:51:31Z</time>
      </trkpt>
      <trkpt lat="46.846785" lon="16.83346">
        <ele>201.1</ele>
        <time>2025-07-14T11:51:35Z</time>
      </trkpt>
      <trkpt lat="46.84680333" lon="16.83327333">
        <ele>197.8</ele>
        <time>2025-07-14T11:52:03Z</time>
      </trkpt>
      <trkpt lat="46.84681833" lon="16.83308667">
        <ele>198.9</ele>
        <time>2025-07-14T11:52:06Z</time>
      </trkpt>
      <trkpt lat="46.846835" lon="16.83291167">
        <ele>199</ele>
        <time>2025-07-14T11:52:08Z</time>
      </trkpt>
      <trkpt lat="46.84685" lon="16.83271667">
        <ele>199.5</ele>
        <time>2025-07-14T11:52:10Z</time>
      </trkpt>
      <trkpt lat="46.84687333" lon="16.8325">
        <ele>198.9</ele>
        <time>2025-07-14T11:52:12Z</time>
      </trkpt>
      <trkpt lat="46.84689333" lon="16.83226833">
        <ele>199.5</ele>
        <time>2025-07-14T11:52:14Z</time>
      </trkpt>
      <trkpt lat="46.84691333" lon="16.83201">
        <ele>199.6</ele>
        <time>2025-07-14T11:52:16Z</time>
      </trkpt>
      <trkpt lat="46.84693333" lon="16.831745">
        <ele>200</ele>
        <time>2025-07-14T11:52:18Z</time>
      </trkpt>
      <trkpt lat="46.84694833" lon="16.83161">
        <ele>200.1</ele>
        <time>2025-07-14T11:52:19Z</time>
      </trkpt>
      <trkpt lat="46.84696833" lon="16.83147167">
        <ele>200.3</ele>
        <time>2025-07-14T11:52:20Z</time>
      </trkpt>
      <trkpt lat="46.84698" lon="16.83133">
        <ele>201.2</ele>
        <time>2025-07-14T11:52:21Z</time>
      </trkpt>
      <trkpt lat="46.84698833" lon="16.83118">
        <ele>201.8</ele>
        <time>2025-07-14T11:52:22Z</time>
      </trkpt>
      <trkpt lat="46.84700667" lon="16.83103833">
        <ele>201.7</ele>
        <time>2025-07-14T11:52:23Z</time>
      </trkpt>
      <trkpt lat="46.84702333" lon="16.830895">
        <ele>201.7</ele>
        <time>2025-07-14T11:52:24Z</time>
      </trkpt>
      <trkpt lat="46.847035" lon="16.83075">
        <ele>201.4</ele>
        <time>2025-07-14T11:52:25Z</time>
      </trkpt>
      <trkpt lat="46.84705333" lon="16.83060667">
        <ele>201.5</ele>
        <time>2025-07-14T11:52:26Z</time>
      </trkpt>
      <trkpt lat="46.84707667" lon="16.83046">
        <ele>202.2</ele>
        <time>2025-07-14T11:52:27Z</time>
      </trkpt>
      <trkpt lat="46.84710833" lon="16.83031167">
        <ele>202.4</ele>
        <time>2025-07-14T11:52:28Z</time>
      </trkpt>
      <trkpt lat="46.84713667" lon="16.83015667">
        <ele>203.3</ele>
        <time>2025-07-14T11:52:29Z</time>
      </trkpt>
      <trkpt lat="46.847165" lon="16.83">
        <ele>204.1</ele>
        <time>2025-07-14T11:52:30Z</time>
      </trkpt>
      <trkpt lat="46.84718833" lon="16.82983667">
        <ele>204</ele>
        <time>2025-07-14T11:52:31Z</time>
      </trkpt>
      <trkpt lat="46.847215" lon="16.829675">
        <ele>204.3</ele>
        <time>2025-07-14T11:52:32Z</time>
      </trkpt>
      <trkpt lat="46.84724333" lon="16.82951667">
        <ele>205.5</ele>
        <time>2025-07-14T11:52:33Z</time>
      </trkpt>
      <trkpt lat="46.84727" lon="16.82935667">
        <ele>205.8</ele>
        <time>2025-07-14T11:52:34Z</time>
      </trkpt>
      <trkpt lat="46.84729667" lon="16.8292">
        <ele>206.6</ele>
        <time>2025-07-14T11:52:35Z</time>
      </trkpt>
      <trkpt lat="46.84732167" lon="16.82903833">
        <ele>206.5</ele>
        <time>2025-07-14T11:52:36Z</time>
      </trkpt>
      <trkpt lat="46.847355" lon="16.82887333">
        <ele>207.2</ele>
        <time>2025-07-14T11:52:37Z</time>
      </trkpt>
      <trkpt lat="46.84738833" lon="16.82871833">
        <ele>208.1</ele>
        <time>2025-07-14T11:52:38Z</time>
      </trkpt>
      <trkpt lat="46.84741667" lon="16.82854833">
        <ele>207.3</ele>
        <time>2025-07-14T11:52:39Z</time>
      </trkpt>
      <trkpt lat="46.84744833" lon="16.82838667">
        <ele>207.1</ele>
        <time>2025-07-14T11:52:40Z</time>
      </trkpt>
      <trkpt lat="46.84748667" lon="16.82823">
        <ele>206.5</ele>
        <time>2025-07-14T11:52:41Z</time>
      </trkpt>
      <trkpt lat="46.84753167" lon="16.82806667">
        <ele>206</ele>
        <time>2025-07-14T11:52:42Z</time>
      </trkpt>
      <trkpt lat="46.84757167" lon="16.82790667">
        <ele>206</ele>
        <time>2025-07-14T11:52:43Z</time>
      </trkpt>
      <trkpt lat="46.847615" lon="16.82775333">
        <ele>205.7</ele>
        <time>2025-07-14T11:52:44Z</time>
      </trkpt>
      <trkpt lat="46.84764833" lon="16.82759667">
        <ele>206.2</ele>
        <time>2025-07-14T11:52:45Z</time>
      </trkpt>
      <trkpt lat="46.847685" lon="16.82743667">
        <ele>207.5</ele>
        <time>2025-07-14T11:52:46Z</time>
      </trkpt>
      <trkpt lat="46.847725" lon="16.82727167">
        <ele>207.8</ele>
        <time>2025-07-14T11:52:47Z</time>
      </trkpt>
      <trkpt lat="46.84777333" lon="16.82711167">
        <ele>206.7</ele>
        <time>2025-07-14T11:52:48Z</time>
      </trkpt>
      <trkpt lat="46.847815" lon="16.826965">
        <ele>207.7</ele>
        <time>2025-07-14T11:52:49Z</time>
      </trkpt>
      <trkpt lat="46.84786167" lon="16.82680667">
        <ele>207.9</ele>
        <time>2025-07-14T11:52:50Z</time>
      </trkpt>
      <trkpt lat="46.847905" lon="16.82664833">
        <ele>208.3</ele>
        <time>2025-07-14T11:52:51Z</time>
      </trkpt>
      <trkpt lat="46.84794667" lon="16.82648833">
        <ele>207.9</ele>
        <time>2025-07-14T11:52:52Z</time>
      </trkpt>
      <trkpt lat="46.84799167" lon="16.82633333">
        <ele>206.4</ele>
        <time>2025-07-14T11:52:53Z</time>
      </trkpt>
      <trkpt lat="46.84803667" lon="16.826175">
        <ele>206.6</ele>
        <time>2025-07-14T11:52:54Z</time>
      </trkpt>
      <trkpt lat="46.84807167" lon="16.826015">
        <ele>206.2</ele>
        <time>2025-07-14T11:52:55Z</time>
      </trkpt>
      <trkpt lat="46.848125" lon="16.82585833">
        <ele>205.8</ele>
        <time>2025-07-14T11:52:56Z</time>
      </trkpt>
      <trkpt lat="46.84817333" lon="16.82570167">
        <ele>205.8</ele>
        <time>2025-07-14T11:52:57Z</time>
      </trkpt>
      <trkpt lat="46.84822" lon="16.82555167">
        <ele>206.1</ele>
        <time>2025-07-14T11:52:58Z</time>
      </trkpt>
      <trkpt lat="46.84827" lon="16.82539667">
        <ele>206.2</ele>
        <time>2025-07-14T11:52:59Z</time>
      </trkpt>
      <trkpt lat="46.84831833" lon="16.825255">
        <ele>206.1</ele>
        <time>2025-07-14T11:53:00Z</time>
      </trkpt>
      <trkpt lat="46.84836" lon="16.82510667">
        <ele>206.1</ele>
        <time>2025-07-14T11:53:01Z</time>
      </trkpt>
      <trkpt lat="46.84841" lon="16.82496167">
        <ele>206.1</ele>
        <time>2025-07-14T11:53:02Z</time>
      </trkpt>
      <trkpt lat="46.84846333" lon="16.82481833">
        <ele>206.5</ele>
        <time>2025-07-14T11:53:03Z</time>
      </trkpt>
      <trkpt lat="46.84851" lon="16.82467333">
        <ele>206</ele>
        <time>2025-07-14T11:53:04Z</time>
      </trkpt>
      <trkpt lat="46.84855833" lon="16.82453">
        <ele>206.3</ele>
        <time>2025-07-14T11:53:05Z</time>
      </trkpt>
      <trkpt lat="46.848615" lon="16.824385">
        <ele>205.9</ele>
        <time>2025-07-14T11:53:06Z</time>
      </trkpt>
      <trkpt lat="46.84866667" lon="16.824235">
        <ele>206.1</ele>
        <time>2025-07-14T11:53:07Z</time>
      </trkpt>
      <trkpt lat="46.84871333" lon="16.82409333">
        <ele>205.8</ele>
        <time>2025-07-14T11:53:08Z</time>
      </trkpt>
      <trkpt lat="46.848765" lon="16.823955">
        <ele>205.9</ele>
        <time>2025-07-14T11:53:09Z</time>
      </trkpt>
      <trkpt lat="46.84881167" lon="16.82381833">
        <ele>205.1</ele>
        <time>2025-07-14T11:53:10Z</time>
      </trkpt>
      <trkpt lat="46.84885833" lon="16.82367833">
        <ele>205.3</ele>
        <time>2025-07-14T11:53:11Z</time>
      </trkpt>
      <trkpt lat="46.84891167" lon="16.82353667">
        <ele>205.6</ele>
        <time>2025-07-14T11:53:12Z</time>
      </trkpt>
      <trkpt lat="46.84896833" lon="16.82339833">
        <ele>205.8</ele>
        <time>2025-07-14T11:53:13Z</time>
      </trkpt>
      <trkpt lat="46.84902167" lon="16.82326">
        <ele>205.8</ele>
        <time>2025-07-14T11:53:14Z</time>
      </trkpt>
      <trkpt lat="46.84907" lon="16.82311833">
        <ele>205.5</ele>
        <time>2025-07-14T11:53:15Z</time>
      </trkpt>
      <trkpt lat="46.84911833" lon="16.82297333">
        <ele>205.5</ele>
        <time>2025-07-14T11:53:16Z</time>
      </trkpt>
      <trkpt lat="46.849175" lon="16.82283167">
        <ele>205.1</ele>
        <time>2025-07-14T11:53:17Z</time>
      </trkpt>
      <trkpt lat="46.84923" lon="16.82268833">
        <ele>204.5</ele>
        <time>2025-07-14T11:53:18Z</time>
      </trkpt>
      <trkpt lat="46.84927833" lon="16.82254167">
        <ele>204.5</ele>
        <time>2025-07-14T11:53:19Z</time>
      </trkpt>
      <trkpt lat="46.84932833" lon="16.82239333">
        <ele>204.5</ele>
        <time>2025-07-14T11:53:20Z</time>
      </trkpt>
      <trkpt lat="46.84938167" lon="16.82224667">
        <ele>204.4</ele>
        <time>2025-07-14T11:53:21Z</time>
      </trkpt>
      <trkpt lat="46.84943833" lon="16.822095">
        <ele>204.3</ele>
        <time>2025-07-14T11:53:22Z</time>
      </trkpt>
      <trkpt lat="46.84949167" lon="16.82194833">
        <ele>204.2</ele>
        <time>2025-07-14T11:53:23Z</time>
      </trkpt>
      <trkpt lat="46.84954333" lon="16.82180833">
        <ele>204.7</ele>
        <time>2025-07-14T11:53:24Z</time>
      </trkpt>
      <trkpt lat="46.84959667" lon="16.82166833">
        <ele>204.6</ele>
        <time>2025-07-14T11:53:25Z</time>
      </trkpt>
      <trkpt lat="46.84964667" lon="16.82153167">
        <ele>204.7</ele>
        <time>2025-07-14T11:53:26Z</time>
      </trkpt>
      <trkpt lat="46.84969167" lon="16.82139833">
        <ele>204.8</ele>
        <time>2025-07-14T11:53:27Z</time>
      </trkpt>
      <trkpt lat="46.84974333" lon="16.82126667">
        <ele>204.9</ele>
        <time>2025-07-14T11:53:28Z</time>
      </trkpt>
      <trkpt lat="46.849795" lon="16.82113667">
        <ele>205.7</ele>
        <time>2025-07-14T11:53:29Z</time>
      </trkpt>
      <trkpt lat="46.84984333" lon="16.82100667">
        <ele>206.1</ele>
        <time>2025-07-14T11:53:30Z</time>
      </trkpt>
      <trkpt lat="46.849895" lon="16.82087833">
        <ele>206.4</ele>
        <time>2025-07-14T11:53:31Z</time>
      </trkpt>
      <trkpt lat="46.84994" lon="16.82075333">
        <ele>206.1</ele>
        <time>2025-07-14T11:53:32Z</time>
      </trkpt>
      <trkpt lat="46.84998167" lon="16.82063167">
        <ele>205</ele>
        <time>2025-07-14T11:53:33Z</time>
      </trkpt>
      <trkpt lat="46.85003333" lon="16.82051667">
        <ele>204.1</ele>
        <time>2025-07-14T11:53:34Z</time>
      </trkpt>
      <trkpt lat="46.850075" lon="16.820385">
        <ele>203.6</ele>
        <time>2025-07-14T11:53:35Z</time>
      </trkpt>
      <trkpt lat="46.85011833" lon="16.82025667">
        <ele>204.2</ele>
        <time>2025-07-14T11:53:36Z</time>
      </trkpt>
      <trkpt lat="46.850165" lon="16.82012">
        <ele>204.5</ele>
        <time>2025-07-14T11:53:37Z</time>
      </trkpt>
      <trkpt lat="46.85021333" lon="16.81998333">
        <ele>204.7</ele>
        <time>2025-07-14T11:53:38Z</time>
      </trkpt>
      <trkpt lat="46.85026" lon="16.81984667">
        <ele>204.1</ele>
        <time>2025-07-14T11:53:39Z</time>
      </trkpt>
      <trkpt lat="46.85031167" lon="16.81970833">
        <ele>203.7</ele>
        <time>2025-07-14T11:53:40Z</time>
      </trkpt>
      <trkpt lat="46.850365" lon="16.81955833">
        <ele>203.9</ele>
        <time>2025-07-14T11:53:41Z</time>
      </trkpt>
      <trkpt lat="46.85042333" lon="16.81940833">
        <ele>204.4</ele>
        <time>2025-07-14T11:53:42Z</time>
      </trkpt>
      <trkpt lat="46.85052667" lon="16.81911667">
        <ele>204.1</ele>
        <time>2025-07-14T11:53:44Z</time>
      </trkpt>
      <trkpt lat="46.85063667" lon="16.81882667">
        <ele>204</ele>
        <time>2025-07-14T11:53:46Z</time>
      </trkpt>
      <trkpt lat="46.85073833" lon="16.81853833">
        <ele>203.6</ele>
        <time>2025-07-14T11:53:48Z</time>
      </trkpt>
      <trkpt lat="46.85079667" lon="16.81839">
        <ele>203.5</ele>
        <time>2025-07-14T11:53:49Z</time>
      </trkpt>
      <trkpt lat="46.85085333" lon="16.81824667">
        <ele>202.7</ele>
        <time>2025-07-14T11:53:50Z</time>
      </trkpt>
      <trkpt lat="46.85091333" lon="16.818095">
        <ele>203.7</ele>
        <time>2025-07-14T11:53:51Z</time>
      </trkpt>
      <trkpt lat="46.851025" lon="16.817795">
        <ele>205</ele>
        <time>2025-07-14T11:53:53Z</time>
      </trkpt>
      <trkpt lat="46.85107667" lon="16.817645">
        <ele>205.2</ele>
        <time>2025-07-14T11:53:54Z</time>
      </trkpt>
      <trkpt lat="46.85113" lon="16.81749333">
        <ele>205.8</ele>
        <time>2025-07-14T11:53:55Z</time>
      </trkpt>
      <trkpt lat="46.85118167" lon="16.81734">
        <ele>206.4</ele>
        <time>2025-07-14T11:53:56Z</time>
      </trkpt>
      <trkpt lat="46.85124" lon="16.817185">
        <ele>206</ele>
        <time>2025-07-14T11:53:57Z</time>
      </trkpt>
      <trkpt lat="46.85135" lon="16.816895">
        <ele>205.4</ele>
        <time>2025-07-14T11:53:59Z</time>
      </trkpt>
      <trkpt lat="46.85140333" lon="16.81674333">
        <ele>205.2</ele>
        <time>2025-07-14T11:54:00Z</time>
      </trkpt>
      <trkpt lat="46.85145667" lon="16.8166">
        <ele>205.3</ele>
        <time>2025-07-14T11:54:01Z</time>
      </trkpt>
      <trkpt lat="46.85151167" lon="16.81645667">
        <ele>204.5</ele>
        <time>2025-07-14T11:54:02Z</time>
      </trkpt>
      <trkpt lat="46.85156333" lon="16.816315">
        <ele>204.4</ele>
        <time>2025-07-14T11:54:03Z</time>
      </trkpt>
      <trkpt lat="46.85162" lon="16.81616167">
        <ele>204.7</ele>
        <time>2025-07-14T11:54:04Z</time>
      </trkpt>
      <trkpt lat="46.85167667" lon="16.816015">
        <ele>205.2</ele>
        <time>2025-07-14T11:54:05Z</time>
      </trkpt>
      <trkpt lat="46.85173" lon="16.81586667">
        <ele>205.7</ele>
        <time>2025-07-14T11:54:06Z</time>
      </trkpt>
      <trkpt lat="46.851775" lon="16.81572333">
        <ele>206.1</ele>
        <time>2025-07-14T11:54:07Z</time>
      </trkpt>
      <trkpt lat="46.85182833" lon="16.81557833">
        <ele>206.6</ele>
        <time>2025-07-14T11:54:08Z</time>
      </trkpt>
      <trkpt lat="46.85188333" lon="16.815435">
        <ele>206.9</ele>
        <time>2025-07-14T11:54:09Z</time>
      </trkpt>
      <trkpt lat="46.85193333" lon="16.81528667">
        <ele>206.7</ele>
        <time>2025-07-14T11:54:10Z</time>
      </trkpt>
      <trkpt lat="46.85198333" lon="16.81514333">
        <ele>206.7</ele>
        <time>2025-07-14T11:54:11Z</time>
      </trkpt>
      <trkpt lat="46.85203667" lon="16.81500667">
        <ele>206.3</ele>
        <time>2025-07-14T11:54:12Z</time>
      </trkpt>
      <trkpt lat="46.85208833" lon="16.814875">
        <ele>206.5</ele>
        <time>2025-07-14T11:54:13Z</time>
      </trkpt>
      <trkpt lat="46.85214167" lon="16.81473">
        <ele>206.4</ele>
        <time>2025-07-14T11:54:14Z</time>
      </trkpt>
      <trkpt lat="46.852195" lon="16.81459833">
        <ele>205.9</ele>
        <time>2025-07-14T11:54:15Z</time>
      </trkpt>
      <trkpt lat="46.85224167" lon="16.81446667">
        <ele>206</ele>
        <time>2025-07-14T11:54:16Z</time>
      </trkpt>
      <trkpt lat="46.852285" lon="16.81432333">
        <ele>205.3</ele>
        <time>2025-07-14T11:54:17Z</time>
      </trkpt>
      <trkpt lat="46.852335" lon="16.814185">
        <ele>205</ele>
        <time>2025-07-14T11:54:18Z</time>
      </trkpt>
      <trkpt lat="46.85238" lon="16.81405167">
        <ele>205.1</ele>
        <time>2025-07-14T11:54:19Z</time>
      </trkpt>
      <trkpt lat="46.852425" lon="16.81393333">
        <ele>205.4</ele>
        <time>2025-07-14T11:54:20Z</time>
      </trkpt>
      <trkpt lat="46.85247" lon="16.81380667">
        <ele>205.6</ele>
        <time>2025-07-14T11:54:21Z</time>
      </trkpt>
      <trkpt lat="46.85251667" lon="16.81368833">
        <ele>205</ele>
        <time>2025-07-14T11:54:22Z</time>
      </trkpt>
      <trkpt lat="46.85256333" lon="16.81356667">
        <ele>205.1</ele>
        <time>2025-07-14T11:54:23Z</time>
      </trkpt>
      <trkpt lat="46.85265167" lon="16.81335">
        <ele>205.8</ele>
        <time>2025-07-14T11:54:25Z</time>
      </trkpt>
      <trkpt lat="46.85275" lon="16.81317833">
        <ele>204.8</ele>
        <time>2025-07-14T11:54:27Z</time>
      </trkpt>
      <trkpt lat="46.85282333" lon="16.81304333">
        <ele>204.5</ele>
        <time>2025-07-14T11:54:29Z</time>
      </trkpt>
      <trkpt lat="46.85286" lon="16.81292">
        <ele>202.7</ele>
        <time>2025-07-14T11:54:33Z</time>
      </trkpt>
      <trkpt lat="46.85289667" lon="16.81274833">
        <ele>205.1</ele>
        <time>2025-07-14T11:55:03Z</time>
      </trkpt>
      <trkpt lat="46.85294167" lon="16.81258667">
        <ele>205.4</ele>
        <time>2025-07-14T11:55:06Z</time>
      </trkpt>
      <trkpt lat="46.85298833" lon="16.81245333">
        <ele>206.1</ele>
        <time>2025-07-14T11:55:08Z</time>
      </trkpt>
      <trkpt lat="46.85305667" lon="16.81228333">
        <ele>207.7</ele>
        <time>2025-07-14T11:55:10Z</time>
      </trkpt>
      <trkpt lat="46.85313" lon="16.81209667">
        <ele>207.3</ele>
        <time>2025-07-14T11:55:12Z</time>
      </trkpt>
      <trkpt lat="46.85319667" lon="16.81188833">
        <ele>207.9</ele>
        <time>2025-07-14T11:55:14Z</time>
      </trkpt>
      <trkpt lat="46.85326333" lon="16.81166">
        <ele>207.9</ele>
        <time>2025-07-14T11:55:16Z</time>
      </trkpt>
      <trkpt lat="46.85330333" lon="16.811535">
        <ele>208</ele>
        <time>2025-07-14T11:55:17Z</time>
      </trkpt>
      <trkpt lat="46.85334" lon="16.81140333">
        <ele>207.8</ele>
        <time>2025-07-14T11:55:18Z</time>
      </trkpt>
      <trkpt lat="46.85337" lon="16.81126667">
        <ele>207.8</ele>
        <time>2025-07-14T11:55:19Z</time>
      </trkpt>
      <trkpt lat="46.85339833" lon="16.81113167">
        <ele>209.3</ele>
        <time>2025-07-14T11:55:20Z</time>
      </trkpt>
      <trkpt lat="46.85342833" lon="16.81098333">
        <ele>208.5</ele>
        <time>2025-07-14T11:55:21Z</time>
      </trkpt>
      <trkpt lat="46.85345333" lon="16.810835">
        <ele>208.1</ele>
        <time>2025-07-14T11:55:22Z</time>
      </trkpt>
      <trkpt lat="46.85347" lon="16.81067667">
        <ele>207.7</ele>
        <time>2025-07-14T11:55:23Z</time>
      </trkpt>
      <trkpt lat="46.85348667" lon="16.81052333">
        <ele>208.9</ele>
        <time>2025-07-14T11:55:24Z</time>
      </trkpt>
      <trkpt lat="46.85350833" lon="16.81037667">
        <ele>209</ele>
        <time>2025-07-14T11:55:25Z</time>
      </trkpt>
      <trkpt lat="46.85352667" lon="16.81020833">
        <ele>209.9</ele>
        <time>2025-07-14T11:55:26Z</time>
      </trkpt>
      <trkpt lat="46.853545" lon="16.81005667">
        <ele>209.9</ele>
        <time>2025-07-14T11:55:27Z</time>
      </trkpt>
      <trkpt lat="46.85356667" lon="16.80990833">
        <ele>208.9</ele>
        <time>2025-07-14T11:55:28Z</time>
      </trkpt>
      <trkpt lat="46.85358667" lon="16.80975667">
        <ele>207.8</ele>
        <time>2025-07-14T11:55:29Z</time>
      </trkpt>
      <trkpt lat="46.853605" lon="16.80961333">
        <ele>207.4</ele>
        <time>2025-07-14T11:55:30Z</time>
      </trkpt>
      <trkpt lat="46.85364167" lon="16.809465">
        <ele>207</ele>
        <time>2025-07-14T11:55:31Z</time>
      </trkpt>
      <trkpt lat="46.85367667" lon="16.809325">
        <ele>206.7</ele>
        <time>2025-07-14T11:55:32Z</time>
      </trkpt>
      <trkpt lat="46.85372" lon="16.809195">
        <ele>206.7</ele>
        <time>2025-07-14T11:55:33Z</time>
      </trkpt>
      <trkpt lat="46.85376333" lon="16.80907667">
        <ele>207.7</ele>
        <time>2025-07-14T11:55:34Z</time>
      </trkpt>
      <trkpt lat="46.853815" lon="16.80895333">
        <ele>207.4</ele>
        <time>2025-07-14T11:55:35Z</time>
      </trkpt>
      <trkpt lat="46.85387333" lon="16.80884">
        <ele>207.3</ele>
        <time>2025-07-14T11:55:36Z</time>
      </trkpt>
      <trkpt lat="46.85393833" lon="16.80872833">
        <ele>206.9</ele>
        <time>2025-07-14T11:55:37Z</time>
      </trkpt>
      <trkpt lat="46.85400167" lon="16.80862667">
        <ele>207.1</ele>
        <time>2025-07-14T11:55:38Z</time>
      </trkpt>
      <trkpt lat="46.85407333" lon="16.808525">
        <ele>206.9</ele>
        <time>2025-07-14T11:55:39Z</time>
      </trkpt>
      <trkpt lat="46.85413833" lon="16.808425">
        <ele>206.7</ele>
        <time>2025-07-14T11:55:40Z</time>
      </trkpt>
      <trkpt lat="46.854215" lon="16.80833">
        <ele>206.7</ele>
        <time>2025-07-14T11:55:41Z</time>
      </trkpt>
      <trkpt lat="46.85429333" lon="16.80822833">
        <ele>206.7</ele>
        <time>2025-07-14T11:55:42Z</time>
      </trkpt>
      <trkpt lat="46.854365" lon="16.80813333">
        <ele>206.6</ele>
        <time>2025-07-14T11:55:43Z</time>
      </trkpt>
      <trkpt lat="46.85444333" lon="16.808035">
        <ele>205.7</ele>
        <time>2025-07-14T11:55:44Z</time>
      </trkpt>
      <trkpt lat="46.85451667" lon="16.807935">
        <ele>205.4</ele>
        <time>2025-07-14T11:55:45Z</time>
      </trkpt>
      <trkpt lat="46.85458667" lon="16.80781667">
        <ele>205.1</ele>
        <time>2025-07-14T11:55:46Z</time>
      </trkpt>
      <trkpt lat="46.85465833" lon="16.807695">
        <ele>205.4</ele>
        <time>2025-07-14T11:55:47Z</time>
      </trkpt>
      <trkpt lat="46.85472" lon="16.80757">
        <ele>206</ele>
        <time>2025-07-14T11:55:48Z</time>
      </trkpt>
      <trkpt lat="46.854775" lon="16.80742833">
        <ele>206.2</ele>
        <time>2025-07-14T11:55:49Z</time>
      </trkpt>
      <trkpt lat="46.85483" lon="16.80728833">
        <ele>206.6</ele>
        <time>2025-07-14T11:55:50Z</time>
      </trkpt>
      <trkpt lat="46.85488667" lon="16.80715167">
        <ele>207.2</ele>
        <time>2025-07-14T11:55:51Z</time>
      </trkpt>
      <trkpt lat="46.85494333" lon="16.80700333">
        <ele>207.4</ele>
        <time>2025-07-14T11:55:52Z</time>
      </trkpt>
      <trkpt lat="46.85499167" lon="16.80685333">
        <ele>206.8</ele>
        <time>2025-07-14T11:55:53Z</time>
      </trkpt>
      <trkpt lat="46.85504333" lon="16.80670667">
        <ele>207.1</ele>
        <time>2025-07-14T11:55:54Z</time>
      </trkpt>
      <trkpt lat="46.85510833" lon="16.80656167">
        <ele>206.7</ele>
        <time>2025-07-14T11:55:55Z</time>
      </trkpt>
      <trkpt lat="46.85517" lon="16.80640167">
        <ele>205.5</ele>
        <time>2025-07-14T11:55:56Z</time>
      </trkpt>
      <trkpt lat="46.85522667" lon="16.80624667">
        <ele>205</ele>
        <time>2025-07-14T11:55:57Z</time>
      </trkpt>
      <trkpt lat="46.85528333" lon="16.806095">
        <ele>204.6</ele>
        <time>2025-07-14T11:55:58Z</time>
      </trkpt>
      <trkpt lat="46.855345" lon="16.80593833">
        <ele>204.4</ele>
        <time>2025-07-14T11:55:59Z</time>
      </trkpt>
      <trkpt lat="46.85540167" lon="16.80578667">
        <ele>203.6</ele>
        <time>2025-07-14T11:56:00Z</time>
      </trkpt>
      <trkpt lat="46.85546667" lon="16.80563333">
        <ele>203.6</ele>
        <time>2025-07-14T11:56:01Z</time>
      </trkpt>
      <trkpt lat="46.85552667" lon="16.80548">
        <ele>204.1</ele>
        <time>2025-07-14T11:56:02Z</time>
      </trkpt>
      <trkpt lat="46.85558833" lon="16.80532">
        <ele>204.2</ele>
        <time>2025-07-14T11:56:03Z</time>
      </trkpt>
      <trkpt lat="46.85564833" lon="16.80516667">
        <ele>204.3</ele>
        <time>2025-07-14T11:56:04Z</time>
      </trkpt>
      <trkpt lat="46.85570333" lon="16.80499833">
        <ele>204.6</ele>
        <time>2025-07-14T11:56:05Z</time>
      </trkpt>
      <trkpt lat="46.85575167" lon="16.80482833">
        <ele>205</ele>
        <time>2025-07-14T11:56:06Z</time>
      </trkpt>
      <trkpt lat="46.85580333" lon="16.80466667">
        <ele>205.7</ele>
        <time>2025-07-14T11:56:07Z</time>
      </trkpt>
      <trkpt lat="46.85585167" lon="16.8045">
        <ele>205.4</ele>
        <time>2025-07-14T11:56:08Z</time>
      </trkpt>
      <trkpt lat="46.85589667" lon="16.80433">
        <ele>205.3</ele>
        <time>2025-07-14T11:56:09Z</time>
      </trkpt>
      <trkpt lat="46.85595167" lon="16.80416833">
        <ele>205.5</ele>
        <time>2025-07-14T11:56:10Z</time>
      </trkpt>
      <trkpt lat="46.85600167" lon="16.80401667">
        <ele>206.2</ele>
        <time>2025-07-14T11:56:11Z</time>
      </trkpt>
      <trkpt lat="46.856055" lon="16.80385667">
        <ele>207</ele>
        <time>2025-07-14T11:56:12Z</time>
      </trkpt>
      <trkpt lat="46.85610833" lon="16.80370167">
        <ele>207.4</ele>
        <time>2025-07-14T11:56:13Z</time>
      </trkpt>
      <trkpt lat="46.856155" lon="16.80355">
        <ele>205.9</ele>
        <time>2025-07-14T11:56:14Z</time>
      </trkpt>
      <trkpt lat="46.85622167" lon="16.80338167">
        <ele>206</ele>
        <time>2025-07-14T11:56:15Z</time>
      </trkpt>
      <trkpt lat="46.85627833" lon="16.80321667">
        <ele>204.4</ele>
        <time>2025-07-14T11:56:16Z</time>
      </trkpt>
      <trkpt lat="46.85633833" lon="16.80306">
        <ele>203.8</ele>
        <time>2025-07-14T11:56:17Z</time>
      </trkpt>
      <trkpt lat="46.85639833" lon="16.80290333">
        <ele>203.2</ele>
        <time>2025-07-14T11:56:18Z</time>
      </trkpt>
      <trkpt lat="46.85646167" lon="16.80274">
        <ele>204.5</ele>
        <time>2025-07-14T11:56:19Z</time>
      </trkpt>
      <trkpt lat="46.85652333" lon="16.80259167">
        <ele>204</ele>
        <time>2025-07-14T11:56:20Z</time>
      </trkpt>
      <trkpt lat="46.85658833" lon="16.80245333">
        <ele>202.6</ele>
        <time>2025-07-14T11:56:21Z</time>
      </trkpt>
      <trkpt lat="46.856665" lon="16.80231167">
        <ele>201.1</ele>
        <time>2025-07-14T11:56:22Z</time>
      </trkpt>
      <trkpt lat="46.85673667" lon="16.802165">
        <ele>200.6</ele>
        <time>2025-07-14T11:56:23Z</time>
      </trkpt>
      <trkpt lat="46.85682333" lon="16.80203">
        <ele>200.4</ele>
        <time>2025-07-14T11:56:24Z</time>
      </trkpt>
      <trkpt lat="46.85690333" lon="16.80191">
        <ele>201.2</ele>
        <time>2025-07-14T11:56:25Z</time>
      </trkpt>
      <trkpt lat="46.85697667" lon="16.80180333">
        <ele>202.2</ele>
        <time>2025-07-14T11:56:26Z</time>
      </trkpt>
      <trkpt lat="46.857055" lon="16.801705">
        <ele>202.1</ele>
        <time>2025-07-14T11:56:27Z</time>
      </trkpt>
      <trkpt lat="46.85715" lon="16.80160833">
        <ele>202</ele>
        <time>2025-07-14T11:56:28Z</time>
      </trkpt>
      <trkpt lat="46.85723167" lon="16.80154167">
        <ele>202.2</ele>
        <time>2025-07-14T11:56:29Z</time>
      </trkpt>
      <trkpt lat="46.85738333" lon="16.80143333">
        <ele>202.1</ele>
        <time>2025-07-14T11:56:31Z</time>
      </trkpt>
      <trkpt lat="46.85748667" lon="16.801355">
        <ele>201.6</ele>
        <time>2025-07-14T11:56:33Z</time>
      </trkpt>
      <trkpt lat="46.857575" lon="16.80130333">
        <ele>200.6</ele>
        <time>2025-07-14T11:56:37Z</time>
      </trkpt>
      <trkpt lat="46.85766667" lon="16.801245">
        <ele>200.6</ele>
        <time>2025-07-14T11:56:45Z</time>
      </trkpt>
      <trkpt lat="46.85778667" lon="16.80119167">
        <ele>202.1</ele>
        <time>2025-07-14T11:56:48Z</time>
      </trkpt>
      <trkpt lat="46.85788833" lon="16.80116167">
        <ele>203.9</ele>
        <time>2025-07-14T11:56:50Z</time>
      </trkpt>
      <trkpt lat="46.85802333" lon="16.80114167">
        <ele>205.7</ele>
        <time>2025-07-14T11:56:52Z</time>
      </trkpt>
      <trkpt lat="46.85815833" lon="16.80113333">
        <ele>205.7</ele>
        <time>2025-07-14T11:56:54Z</time>
      </trkpt>
      <trkpt lat="46.85827333" lon="16.801125">
        <ele>207.1</ele>
        <time>2025-07-14T11:56:56Z</time>
      </trkpt>
      <trkpt lat="46.858395" lon="16.80112833">
        <ele>208.2</ele>
        <time>2025-07-14T11:56:58Z</time>
      </trkpt>
      <trkpt lat="46.858535" lon="16.80111667">
        <ele>208</ele>
        <time>2025-07-14T11:57:00Z</time>
      </trkpt>
      <trkpt lat="46.85869333" lon="16.80111333">
        <ele>207.6</ele>
        <time>2025-07-14T11:57:02Z</time>
      </trkpt>
      <trkpt lat="46.85887333" lon="16.80111167">
        <ele>205.9</ele>
        <time>2025-07-14T11:57:04Z</time>
      </trkpt>
      <trkpt lat="46.85897" lon="16.80111167">
        <ele>205.4</ele>
        <time>2025-07-14T11:57:05Z</time>
      </trkpt>
      <trkpt lat="46.85907" lon="16.80111">
        <ele>205.7</ele>
        <time>2025-07-14T11:57:06Z</time>
      </trkpt>
      <trkpt lat="46.85917333" lon="16.80110833">
        <ele>205.6</ele>
        <time>2025-07-14T11:57:07Z</time>
      </trkpt>
      <trkpt lat="46.85928" lon="16.80110833">
        <ele>205.4</ele>
        <time>2025-07-14T11:57:08Z</time>
      </trkpt>
      <trkpt lat="46.85938833" lon="16.80110167">
        <ele>205.5</ele>
        <time>2025-07-14T11:57:09Z</time>
      </trkpt>
      <trkpt lat="46.85950333" lon="16.80109667">
        <ele>205.8</ele>
        <time>2025-07-14T11:57:10Z</time>
      </trkpt>
      <trkpt lat="46.85962167" lon="16.80109333">
        <ele>205.5</ele>
        <time>2025-07-14T11:57:11Z</time>
      </trkpt>
      <trkpt lat="46.85974333" lon="16.80108667">
        <ele>205.4</ele>
        <time>2025-07-14T11:57:12Z</time>
      </trkpt>
      <trkpt lat="46.85985667" lon="16.80107667">
        <ele>205</ele>
        <time>2025-07-14T11:57:13Z</time>
      </trkpt>
      <trkpt lat="46.85997833" lon="16.80106">
        <ele>205.3</ele>
        <time>2025-07-14T11:57:14Z</time>
      </trkpt>
      <trkpt lat="46.86009333" lon="16.80104667">
        <ele>205.4</ele>
        <time>2025-07-14T11:57:15Z</time>
      </trkpt>
      <trkpt lat="46.86021" lon="16.80103333">
        <ele>205.3</ele>
        <time>2025-07-14T11:57:16Z</time>
      </trkpt>
      <trkpt lat="46.86032333" lon="16.80101833">
        <ele>205.8</ele>
        <time>2025-07-14T11:57:17Z</time>
      </trkpt>
      <trkpt lat="46.86043833" lon="16.80100167">
        <ele>206.7</ele>
        <time>2025-07-14T11:57:18Z</time>
      </trkpt>
      <trkpt lat="46.860555" lon="16.80099167">
        <ele>207</ele>
        <time>2025-07-14T11:57:19Z</time>
      </trkpt>
      <trkpt lat="46.860675" lon="16.80097167">
        <ele>207.1</ele>
        <time>2025-07-14T11:57:20Z</time>
      </trkpt>
      <trkpt lat="46.86079333" lon="16.80095167">
        <ele>208.1</ele>
        <time>2025-07-14T11:57:21Z</time>
      </trkpt>
      <trkpt lat="46.86090833" lon="16.80093333">
        <ele>208.5</ele>
        <time>2025-07-14T11:57:22Z</time>
      </trkpt>
      <trkpt lat="46.86102833" lon="16.80091333">
        <ele>209.4</ele>
        <time>2025-07-14T11:57:23Z</time>
      </trkpt>
      <trkpt lat="46.86114333" lon="16.80088667">
        <ele>210</ele>
        <time>2025-07-14T11:57:24Z</time>
      </trkpt>
      <trkpt lat="46.86126333" lon="16.800855">
        <ele>209.8</ele>
        <time>2025-07-14T11:57:25Z</time>
      </trkpt>
      <trkpt lat="46.86137667" lon="16.80082833">
        <ele>210.1</ele>
        <time>2025-07-14T11:57:26Z</time>
      </trkpt>
      <trkpt lat="46.86148667" lon="16.800795">
        <ele>210</ele>
        <time>2025-07-14T11:57:27Z</time>
      </trkpt>
      <trkpt lat="46.86161" lon="16.800775">
        <ele>208.7</ele>
        <time>2025-07-14T11:57:28Z</time>
      </trkpt>
      <trkpt lat="46.86171667" lon="16.80074">
        <ele>207.9</ele>
        <time>2025-07-14T11:57:29Z</time>
      </trkpt>
      <trkpt lat="46.86183167" lon="16.800695">
        <ele>207.6</ele>
        <time>2025-07-14T11:57:30Z</time>
      </trkpt>
      <trkpt lat="46.86193167" lon="16.80065833">
        <ele>207.3</ele>
        <time>2025-07-14T11:57:31Z</time>
      </trkpt>
      <trkpt lat="46.862035" lon="16.80063">
        <ele>207</ele>
        <time>2025-07-14T11:57:32Z</time>
      </trkpt>
      <trkpt lat="46.86213667" lon="16.80059">
        <ele>206</ele>
        <time>2025-07-14T11:57:33Z</time>
      </trkpt>
      <trkpt lat="46.86224" lon="16.80055833">
        <ele>206.2</ele>
        <time>2025-07-14T11:57:34Z</time>
      </trkpt>
      <trkpt lat="46.86234667" lon="16.800525">
        <ele>206</ele>
        <time>2025-07-14T11:57:35Z</time>
      </trkpt>
      <trkpt lat="46.86244667" lon="16.80048667">
        <ele>206.4</ele>
        <time>2025-07-14T11:57:36Z</time>
      </trkpt>
      <trkpt lat="46.862545" lon="16.80044167">
        <ele>206.8</ele>
        <time>2025-07-14T11:57:37Z</time>
      </trkpt>
      <trkpt lat="46.86264333" lon="16.800395">
        <ele>207.9</ele>
        <time>2025-07-14T11:57:38Z</time>
      </trkpt>
      <trkpt lat="46.862755" lon="16.80035667">
        <ele>209.1</ele>
        <time>2025-07-14T11:57:39Z</time>
      </trkpt>
      <trkpt lat="46.862865" lon="16.80031833">
        <ele>209.7</ele>
        <time>2025-07-14T11:57:40Z</time>
      </trkpt>
      <trkpt lat="46.86297" lon="16.80027833">
        <ele>209.7</ele>
        <time>2025-07-14T11:57:41Z</time>
      </trkpt>
      <trkpt lat="46.863075" lon="16.80024667">
        <ele>210.1</ele>
        <time>2025-07-14T11:57:42Z</time>
      </trkpt>
      <trkpt lat="46.86318333" lon="16.80021">
        <ele>209.8</ele>
        <time>2025-07-14T11:57:43Z</time>
      </trkpt>
      <trkpt lat="46.86329667" lon="16.80016667">
        <ele>211.2</ele>
        <time>2025-07-14T11:57:44Z</time>
      </trkpt>
      <trkpt lat="46.863405" lon="16.80011333">
        <ele>212.9</ele>
        <time>2025-07-14T11:57:45Z</time>
      </trkpt>
      <trkpt lat="46.86351333" lon="16.80007167">
        <ele>213.6</ele>
        <time>2025-07-14T11:57:46Z</time>
      </trkpt>
      <trkpt lat="46.86361333" lon="16.800025">
        <ele>214.2</ele>
        <time>2025-07-14T11:57:47Z</time>
      </trkpt>
      <trkpt lat="46.86371833" lon="16.79997833">
        <ele>215</ele>
        <time>2025-07-14T11:57:48Z</time>
      </trkpt>
      <trkpt lat="46.863815" lon="16.79993">
        <ele>214.9</ele>
        <time>2025-07-14T11:57:49Z</time>
      </trkpt>
      <trkpt lat="46.86391" lon="16.799885">
        <ele>214.6</ele>
        <time>2025-07-14T11:57:50Z</time>
      </trkpt>
      <trkpt lat="46.86400333" lon="16.79984">
        <ele>214.7</ele>
        <time>2025-07-14T11:57:51Z</time>
      </trkpt>
      <trkpt lat="46.86410167" lon="16.79978667">
        <ele>214.3</ele>
        <time>2025-07-14T11:57:52Z</time>
      </trkpt>
      <trkpt lat="46.86419667" lon="16.79974167">
        <ele>214.3</ele>
        <time>2025-07-14T11:57:53Z</time>
      </trkpt>
      <trkpt lat="46.86428833" lon="16.7997">
        <ele>214.3</ele>
        <time>2025-07-14T11:57:54Z</time>
      </trkpt>
      <trkpt lat="46.86438" lon="16.79965167">
        <ele>214.8</ele>
        <time>2025-07-14T11:57:55Z</time>
      </trkpt>
      <trkpt lat="46.86447333" lon="16.79961167">
        <ele>215.2</ele>
        <time>2025-07-14T11:57:56Z</time>
      </trkpt>
      <trkpt lat="46.86456" lon="16.79956667">
        <ele>215.6</ele>
        <time>2025-07-14T11:57:57Z</time>
      </trkpt>
      <trkpt lat="46.86464833" lon="16.79952167">
        <ele>215.6</ele>
        <time>2025-07-14T11:57:58Z</time>
      </trkpt>
      <trkpt lat="46.864745" lon="16.79947833">
        <ele>216.3</ele>
        <time>2025-07-14T11:57:59Z</time>
      </trkpt>
      <trkpt lat="46.86484667" lon="16.79943333">
        <ele>217.1</ele>
        <time>2025-07-14T11:58:00Z</time>
      </trkpt>
      <trkpt lat="46.864945" lon="16.79938667">
        <ele>217.6</ele>
        <time>2025-07-14T11:58:01Z</time>
      </trkpt>
      <trkpt lat="46.865045" lon="16.799335">
        <ele>218.1</ele>
        <time>2025-07-14T11:58:02Z</time>
      </trkpt>
      <trkpt lat="46.86515667" lon="16.79928333">
        <ele>218.4</ele>
        <time>2025-07-14T11:58:03Z</time>
      </trkpt>
      <trkpt lat="46.86526333" lon="16.79923">
        <ele>218.7</ele>
        <time>2025-07-14T11:58:04Z</time>
      </trkpt>
      <trkpt lat="46.86537" lon="16.79917667">
        <ele>218.4</ele>
        <time>2025-07-14T11:58:05Z</time>
      </trkpt>
      <trkpt lat="46.86548" lon="16.79912">
        <ele>218.9</ele>
        <time>2025-07-14T11:58:06Z</time>
      </trkpt>
      <trkpt lat="46.86558333" lon="16.799055">
        <ele>219.2</ele>
        <time>2025-07-14T11:58:07Z</time>
      </trkpt>
      <trkpt lat="46.86569333" lon="16.79899833">
        <ele>219.6</ele>
        <time>2025-07-14T11:58:08Z</time>
      </trkpt>
      <trkpt lat="46.86581167" lon="16.79894">
        <ele>220.4</ele>
        <time>2025-07-14T11:58:09Z</time>
      </trkpt>
      <trkpt lat="46.865925" lon="16.79888">
        <ele>220.8</ele>
        <time>2025-07-14T11:58:10Z</time>
      </trkpt>
      <trkpt lat="46.86603667" lon="16.79881667">
        <ele>220.9</ele>
        <time>2025-07-14T11:58:11Z</time>
      </trkpt>
      <trkpt lat="46.86614167" lon="16.79874">
        <ele>219.4</ele>
        <time>2025-07-14T11:58:12Z</time>
      </trkpt>
      <trkpt lat="46.86625167" lon="16.79865833">
        <ele>219.7</ele>
        <time>2025-07-14T11:58:13Z</time>
      </trkpt>
      <trkpt lat="46.866365" lon="16.79856333">
        <ele>219.8</ele>
        <time>2025-07-14T11:58:14Z</time>
      </trkpt>
      <trkpt lat="46.86648" lon="16.79846167">
        <ele>221.1</ele>
        <time>2025-07-14T11:58:15Z</time>
      </trkpt>
      <trkpt lat="46.86658833" lon="16.79835333">
        <ele>220.8</ele>
        <time>2025-07-14T11:58:16Z</time>
      </trkpt>
      <trkpt lat="46.866705" lon="16.79824833">
        <ele>221</ele>
        <time>2025-07-14T11:58:17Z</time>
      </trkpt>
      <trkpt lat="46.86682" lon="16.798125">
        <ele>221.1</ele>
        <time>2025-07-14T11:58:18Z</time>
      </trkpt>
      <trkpt lat="46.866935" lon="16.79798833">
        <ele>221</ele>
        <time>2025-07-14T11:58:19Z</time>
      </trkpt>
      <trkpt lat="46.86703333" lon="16.79786167">
        <ele>220.5</ele>
        <time>2025-07-14T11:58:20Z</time>
      </trkpt>
      <trkpt lat="46.86713" lon="16.79773167">
        <ele>220.5</ele>
        <time>2025-07-14T11:58:21Z</time>
      </trkpt>
      <trkpt lat="46.86722667" lon="16.79759833">
        <ele>221.2</ele>
        <time>2025-07-14T11:58:22Z</time>
      </trkpt>
      <trkpt lat="46.867325" lon="16.79745333">
        <ele>221.1</ele>
        <time>2025-07-14T11:58:23Z</time>
      </trkpt>
      <trkpt lat="46.86741" lon="16.797295">
        <ele>220.9</ele>
        <time>2025-07-14T11:58:24Z</time>
      </trkpt>
      <trkpt lat="46.86749833" lon="16.79714833">
        <ele>220.7</ele>
        <time>2025-07-14T11:58:25Z</time>
      </trkpt>
      <trkpt lat="46.867575" lon="16.79698833">
        <ele>220.6</ele>
        <time>2025-07-14T11:58:26Z</time>
      </trkpt>
      <trkpt lat="46.867645" lon="16.79683333">
        <ele>220.5</ele>
        <time>2025-07-14T11:58:27Z</time>
      </trkpt>
      <trkpt lat="46.86771167" lon="16.79669">
        <ele>221.1</ele>
        <time>2025-07-14T11:58:28Z</time>
      </trkpt>
      <trkpt lat="46.86778333" lon="16.79654667">
        <ele>221.2</ele>
        <time>2025-07-14T11:58:29Z</time>
      </trkpt>
      <trkpt lat="46.86785" lon="16.79640333">
        <ele>221.7</ele>
        <time>2025-07-14T11:58:30Z</time>
      </trkpt>
      <trkpt lat="46.86791333" lon="16.79626333">
        <ele>222.1</ele>
        <time>2025-07-14T11:58:31Z</time>
      </trkpt>
      <trkpt lat="46.86797667" lon="16.79612333">
        <ele>222.9</ele>
        <time>2025-07-14T11:58:32Z</time>
      </trkpt>
      <trkpt lat="46.86804167" lon="16.79599167">
        <ele>223.8</ele>
        <time>2025-07-14T11:58:33Z</time>
      </trkpt>
      <trkpt lat="46.868095" lon="16.79586167">
        <ele>224.1</ele>
        <time>2025-07-14T11:58:34Z</time>
      </trkpt>
      <trkpt lat="46.86815667" lon="16.79571833">
        <ele>223</ele>
        <time>2025-07-14T11:58:35Z</time>
      </trkpt>
      <trkpt lat="46.86822" lon="16.79549667">
        <ele>223.5</ele>
        <time>2025-07-14T11:58:37Z</time>
      </trkpt>
      <trkpt lat="46.86826667" lon="16.79531667">
        <ele>221.9</ele>
        <time>2025-07-14T11:58:39Z</time>
      </trkpt>
      <trkpt lat="46.86829" lon="16.795175">
        <ele>221.3</ele>
        <time>2025-07-14T11:58:42Z</time>
      </trkpt>
      <trkpt lat="46.86828833" lon="16.79501333">
        <ele>223.8</ele>
        <time>2025-07-14T11:59:02Z</time>
      </trkpt>
      <trkpt lat="46.868295" lon="16.79483">
        <ele>226.1</ele>
        <time>2025-07-14T11:59:05Z</time>
      </trkpt>
      <trkpt lat="46.86833" lon="16.79469167">
        <ele>227.1</ele>
        <time>2025-07-14T11:59:07Z</time>
      </trkpt>
      <trkpt lat="46.86839833" lon="16.79455167">
        <ele>227.1</ele>
        <time>2025-07-14T11:59:09Z</time>
      </trkpt>
      <trkpt lat="46.868505" lon="16.79448">
        <ele>226</ele>
        <time>2025-07-14T11:59:11Z</time>
      </trkpt>
      <trkpt lat="46.868645" lon="16.794475">
        <ele>225.9</ele>
        <time>2025-07-14T11:59:13Z</time>
      </trkpt>
      <trkpt lat="46.86881833" lon="16.79448833">
        <ele>225.2</ele>
        <time>2025-07-14T11:59:15Z</time>
      </trkpt>
      <trkpt lat="46.86891333" lon="16.79447833">
        <ele>225.4</ele>
        <time>2025-07-14T11:59:16Z</time>
      </trkpt>
      <trkpt lat="46.869015" lon="16.79447">
        <ele>225.6</ele>
        <time>2025-07-14T11:59:17Z</time>
      </trkpt>
      <trkpt lat="46.86911167" lon="16.79446333">
        <ele>225.3</ele>
        <time>2025-07-14T11:59:18Z</time>
      </trkpt>
      <trkpt lat="46.86921167" lon="16.79446">
        <ele>224.9</ele>
        <time>2025-07-14T11:59:19Z</time>
      </trkpt>
      <trkpt lat="46.86930833" lon="16.79445">
        <ele>224.4</ele>
        <time>2025-07-14T11:59:20Z</time>
      </trkpt>
      <trkpt lat="46.869405" lon="16.79444167">
        <ele>224.5</ele>
        <time>2025-07-14T11:59:21Z</time>
      </trkpt>
      <trkpt lat="46.869505" lon="16.794435">
        <ele>224.3</ele>
        <time>2025-07-14T11:59:22Z</time>
      </trkpt>
      <trkpt lat="46.86961167" lon="16.79443167">
        <ele>224.6</ele>
        <time>2025-07-14T11:59:23Z</time>
      </trkpt>
      <trkpt lat="46.86972167" lon="16.79442333">
        <ele>224.9</ele>
        <time>2025-07-14T11:59:24Z</time>
      </trkpt>
      <trkpt lat="46.86983333" lon="16.79441333">
        <ele>224.3</ele>
        <time>2025-07-14T11:59:25Z</time>
      </trkpt>
      <trkpt lat="46.86993833" lon="16.79441">
        <ele>224</ele>
        <time>2025-07-14T11:59:26Z</time>
      </trkpt>
      <trkpt lat="46.87004167" lon="16.794405">
        <ele>223.7</ele>
        <time>2025-07-14T11:59:27Z</time>
      </trkpt>
      <trkpt lat="46.87013333" lon="16.79439833">
        <ele>223.9</ele>
        <time>2025-07-14T11:59:28Z</time>
      </trkpt>
      <trkpt lat="46.870295" lon="16.79439333">
        <ele>224</ele>
        <time>2025-07-14T11:59:30Z</time>
      </trkpt>
      <trkpt lat="46.87041833" lon="16.79444">
        <ele>224.6</ele>
        <time>2025-07-14T11:59:32Z</time>
      </trkpt>
      <trkpt lat="46.87051167" lon="16.79454167">
        <ele>224.8</ele>
        <time>2025-07-14T11:59:34Z</time>
      </trkpt>
      <trkpt lat="46.870615" lon="16.794615">
        <ele>225.1</ele>
        <time>2025-07-14T11:59:36Z</time>
      </trkpt>
      <trkpt lat="46.87072667" lon="16.79462167">
        <ele>225.1</ele>
        <time>2025-07-14T11:59:38Z</time>
      </trkpt>
      <trkpt lat="46.87083333" lon="16.79453667">
        <ele>224.7</ele>
        <time>2025-07-14T11:59:40Z</time>
      </trkpt>
      <trkpt lat="46.870895" lon="16.79437333">
        <ele>223.6</ele>
        <time>2025-07-14T11:59:42Z</time>
      </trkpt>
      <trkpt lat="46.87089" lon="16.79419167">
        <ele>224.7</ele>
        <time>2025-07-14T11:59:44Z</time>
      </trkpt>
      <trkpt lat="46.87080167" lon="16.79401333">
        <ele>225.2</ele>
        <time>2025-07-14T11:59:46Z</time>
      </trkpt>
      <trkpt lat="46.87070667" lon="16.793855">
        <ele>224.5</ele>
        <time>2025-07-14T11:59:48Z</time>
      </trkpt>
      <trkpt lat="46.87065167" lon="16.79364333">
        <ele>225.1</ele>
        <time>2025-07-14T11:59:50Z</time>
      </trkpt>
      <trkpt lat="46.87063667" lon="16.793385">
        <ele>225.3</ele>
        <time>2025-07-14T11:59:52Z</time>
      </trkpt>
      <trkpt lat="46.87062667" lon="16.793235">
        <ele>224.3</ele>
        <time>2025-07-14T11:59:53Z</time>
      </trkpt>
      <trkpt lat="46.870615" lon="16.79308167">
        <ele>224.2</ele>
        <time>2025-07-14T11:59:54Z</time>
      </trkpt>
      <trkpt lat="46.87060833" lon="16.79293167">
        <ele>224.4</ele>
        <time>2025-07-14T11:59:55Z</time>
      </trkpt>
      <trkpt lat="46.870605" lon="16.79277833">
        <ele>224.7</ele>
        <time>2025-07-14T11:59:56Z</time>
      </trkpt>
      <trkpt lat="46.8706" lon="16.79261667">
        <ele>225.2</ele>
        <time>2025-07-14T11:59:57Z</time>
      </trkpt>
      <trkpt lat="46.870595" lon="16.79245667">
        <ele>225.1</ele>
        <time>2025-07-14T11:59:58Z</time>
      </trkpt>
      <trkpt lat="46.87058667" lon="16.79229667">
        <ele>224.8</ele>
        <time>2025-07-14T11:59:59Z</time>
      </trkpt>
      <trkpt lat="46.870575" lon="16.79213167">
        <ele>224.5</ele>
        <time>2025-07-14T12:00:00Z</time>
      </trkpt>
      <trkpt lat="46.87056833" lon="16.79195667">
        <ele>225</ele>
        <time>2025-07-14T12:00:01Z</time>
      </trkpt>
      <trkpt lat="46.87055333" lon="16.79177667">
        <ele>224.4</ele>
        <time>2025-07-14T12:00:02Z</time>
      </trkpt>
      <trkpt lat="46.870545" lon="16.79160333">
        <ele>224.9</ele>
        <time>2025-07-14T12:00:03Z</time>
      </trkpt>
      <trkpt lat="46.87053833" lon="16.791425">
        <ele>225.7</ele>
        <time>2025-07-14T12:00:04Z</time>
      </trkpt>
      <trkpt lat="46.870535" lon="16.79124667">
        <ele>226.5</ele>
        <time>2025-07-14T12:00:05Z</time>
      </trkpt>
      <trkpt lat="46.87053167" lon="16.79106667">
        <ele>227.4</ele>
        <time>2025-07-14T12:00:06Z</time>
      </trkpt>
      <trkpt lat="46.87051833" lon="16.79088167">
        <ele>228</ele>
        <time>2025-07-14T12:00:07Z</time>
      </trkpt>
      <trkpt lat="46.870515" lon="16.79069167">
        <ele>227.9</ele>
        <time>2025-07-14T12:00:08Z</time>
      </trkpt>
      <trkpt lat="46.87051167" lon="16.79048833">
        <ele>227.8</ele>
        <time>2025-07-14T12:00:09Z</time>
      </trkpt>
      <trkpt lat="46.8705" lon="16.79028833">
        <ele>227.7</ele>
        <time>2025-07-14T12:00:10Z</time>
      </trkpt>
      <trkpt lat="46.87048833" lon="16.790085">
        <ele>226.9</ele>
        <time>2025-07-14T12:00:11Z</time>
      </trkpt>
      <trkpt lat="46.87047667" lon="16.78988667">
        <ele>226.6</ele>
        <time>2025-07-14T12:00:12Z</time>
      </trkpt>
      <trkpt lat="46.87046833" lon="16.78968167">
        <ele>226.7</ele>
        <time>2025-07-14T12:00:13Z</time>
      </trkpt>
      <trkpt lat="46.87046" lon="16.78946333">
        <ele>226.6</ele>
        <time>2025-07-14T12:00:14Z</time>
      </trkpt>
      <trkpt lat="46.87045333" lon="16.78924">
        <ele>226.3</ele>
        <time>2025-07-14T12:00:15Z</time>
      </trkpt>
      <trkpt lat="46.87044333" lon="16.78901833">
        <ele>226.2</ele>
        <time>2025-07-14T12:00:16Z</time>
      </trkpt>
      <trkpt lat="46.87043167" lon="16.78879333">
        <ele>226.6</ele>
        <time>2025-07-14T12:00:17Z</time>
      </trkpt>
      <trkpt lat="46.87041667" lon="16.78856333">
        <ele>226.3</ele>
        <time>2025-07-14T12:00:18Z</time>
      </trkpt>
      <trkpt lat="46.87040667" lon="16.78834167">
        <ele>226.2</ele>
        <time>2025-07-14T12:00:19Z</time>
      </trkpt>
      <trkpt lat="46.87039333" lon="16.788115">
        <ele>226.6</ele>
        <time>2025-07-14T12:00:20Z</time>
      </trkpt>
      <trkpt lat="46.870385" lon="16.787885">
        <ele>225.9</ele>
        <time>2025-07-14T12:00:21Z</time>
      </trkpt>
      <trkpt lat="46.87037833" lon="16.78765167">
        <ele>225.1</ele>
        <time>2025-07-14T12:00:22Z</time>
      </trkpt>
      <trkpt lat="46.87037167" lon="16.78741667">
        <ele>225.1</ele>
        <time>2025-07-14T12:00:23Z</time>
      </trkpt>
      <trkpt lat="46.870365" lon="16.78719">
        <ele>225.2</ele>
        <time>2025-07-14T12:00:24Z</time>
      </trkpt>
      <trkpt lat="46.87035333" lon="16.78695833">
        <ele>225.1</ele>
        <time>2025-07-14T12:00:25Z</time>
      </trkpt>
      <trkpt lat="46.870345" lon="16.78673333">
        <ele>225</ele>
        <time>2025-07-14T12:00:26Z</time>
      </trkpt>
      <trkpt lat="46.870335" lon="16.78650667">
        <ele>224.4</ele>
        <time>2025-07-14T12:00:27Z</time>
      </trkpt>
      <trkpt lat="46.87032667" lon="16.78628">
        <ele>224.7</ele>
        <time>2025-07-14T12:00:28Z</time>
      </trkpt>
      <trkpt lat="46.87031667" lon="16.78605167">
        <ele>224.5</ele>
        <time>2025-07-14T12:00:29Z</time>
      </trkpt>
      <trkpt lat="46.87030667" lon="16.78581667">
        <ele>223.9</ele>
        <time>2025-07-14T12:00:30Z</time>
      </trkpt>
      <trkpt lat="46.87029" lon="16.785585">
        <ele>223.3</ele>
        <time>2025-07-14T12:00:31Z</time>
      </trkpt>
      <trkpt lat="46.87027833" lon="16.78535167">
        <ele>223</ele>
        <time>2025-07-14T12:00:32Z</time>
      </trkpt>
      <trkpt lat="46.87026833" lon="16.78512333">
        <ele>222</ele>
        <time>2025-07-14T12:00:33Z</time>
      </trkpt>
      <trkpt lat="46.87026" lon="16.78489333">
        <ele>221.6</ele>
        <time>2025-07-14T12:00:34Z</time>
      </trkpt>
      <trkpt lat="46.87025167" lon="16.78466333">
        <ele>221.3</ele>
        <time>2025-07-14T12:00:35Z</time>
      </trkpt>
      <trkpt lat="46.87024" lon="16.78444167">
        <ele>221.2</ele>
        <time>2025-07-14T12:00:36Z</time>
      </trkpt>
      <trkpt lat="46.87023" lon="16.78421667">
        <ele>221.7</ele>
        <time>2025-07-14T12:00:37Z</time>
      </trkpt>
      <trkpt lat="46.87021833" lon="16.78398">
        <ele>221</ele>
        <time>2025-07-14T12:00:38Z</time>
      </trkpt>
      <trkpt lat="46.87020833" lon="16.78375333">
        <ele>220.3</ele>
        <time>2025-07-14T12:00:39Z</time>
      </trkpt>
      <trkpt lat="46.87019667" lon="16.78352333">
        <ele>219.7</ele>
        <time>2025-07-14T12:00:40Z</time>
      </trkpt>
      <trkpt lat="46.87019" lon="16.78328833">
        <ele>219.1</ele>
        <time>2025-07-14T12:00:41Z</time>
      </trkpt>
      <trkpt lat="46.87018333" lon="16.783055">
        <ele>218.8</ele>
        <time>2025-07-14T12:00:42Z</time>
      </trkpt>
      <trkpt lat="46.870175" lon="16.78282167">
        <ele>219</ele>
        <time>2025-07-14T12:00:43Z</time>
      </trkpt>
      <trkpt lat="46.87016833" lon="16.7826">
        <ele>219.1</ele>
        <time>2025-07-14T12:00:44Z</time>
      </trkpt>
      <trkpt lat="46.87016167" lon="16.782375">
        <ele>219.2</ele>
        <time>2025-07-14T12:00:45Z</time>
      </trkpt>
      <trkpt lat="46.870145" lon="16.782155">
        <ele>219.5</ele>
        <time>2025-07-14T12:00:46Z</time>
      </trkpt>
      <trkpt lat="46.87013167" lon="16.78193">
        <ele>220.3</ele>
        <time>2025-07-14T12:00:47Z</time>
      </trkpt>
      <trkpt lat="46.87011333" lon="16.78171333">
        <ele>220.1</ele>
        <time>2025-07-14T12:00:48Z</time>
      </trkpt>
      <trkpt lat="46.87010333" lon="16.78148667">
        <ele>219.8</ele>
        <time>2025-07-14T12:00:49Z</time>
      </trkpt>
      <trkpt lat="46.87009" lon="16.78126667">
        <ele>220.5</ele>
        <time>2025-07-14T12:00:50Z</time>
      </trkpt>
      <trkpt lat="46.87007833" lon="16.78103667">
        <ele>222.1</ele>
        <time>2025-07-14T12:00:51Z</time>
      </trkpt>
      <trkpt lat="46.87006833" lon="16.78080333">
        <ele>222.7</ele>
        <time>2025-07-14T12:00:52Z</time>
      </trkpt>
      <trkpt lat="46.87005667" lon="16.78057333">
        <ele>223.1</ele>
        <time>2025-07-14T12:00:53Z</time>
      </trkpt>
      <trkpt lat="46.87004667" lon="16.780345">
        <ele>224</ele>
        <time>2025-07-14T12:00:54Z</time>
      </trkpt>
      <trkpt lat="46.87004667" lon="16.78011667">
        <ele>223.7</ele>
        <time>2025-07-14T12:00:55Z</time>
      </trkpt>
      <trkpt lat="46.87005667" lon="16.77989333">
        <ele>223.8</ele>
        <time>2025-07-14T12:00:56Z</time>
      </trkpt>
      <trkpt lat="46.87006" lon="16.77966333">
        <ele>222.7</ele>
        <time>2025-07-14T12:00:57Z</time>
      </trkpt>
      <trkpt lat="46.870075" lon="16.77943833">
        <ele>222.1</ele>
        <time>2025-07-14T12:00:58Z</time>
      </trkpt>
      <trkpt lat="46.87008833" lon="16.7792">
        <ele>221.4</ele>
        <time>2025-07-14T12:00:59Z</time>
      </trkpt>
      <trkpt lat="46.87011167" lon="16.77896833">
        <ele>220.7</ele>
        <time>2025-07-14T12:01:00Z</time>
      </trkpt>
      <trkpt lat="46.87014167" lon="16.77873667">
        <ele>219.9</ele>
        <time>2025-07-14T12:01:01Z</time>
      </trkpt>
      <trkpt lat="46.870175" lon="16.77851833">
        <ele>220</ele>
        <time>2025-07-14T12:01:02Z</time>
      </trkpt>
      <trkpt lat="46.87021833" lon="16.77829167">
        <ele>220</ele>
        <time>2025-07-14T12:01:03Z</time>
      </trkpt>
      <trkpt lat="46.87027333" lon="16.77807167">
        <ele>220</ele>
        <time>2025-07-14T12:01:04Z</time>
      </trkpt>
      <trkpt lat="46.87032667" lon="16.77785167">
        <ele>219</ele>
        <time>2025-07-14T12:01:05Z</time>
      </trkpt>
      <trkpt lat="46.87038667" lon="16.777645">
        <ele>218.8</ele>
        <time>2025-07-14T12:01:06Z</time>
      </trkpt>
      <trkpt lat="46.87044667" lon="16.77744167">
        <ele>217.4</ele>
        <time>2025-07-14T12:01:07Z</time>
      </trkpt>
      <trkpt lat="46.870505" lon="16.77723667">
        <ele>217.2</ele>
        <time>2025-07-14T12:01:08Z</time>
      </trkpt>
      <trkpt lat="46.87055667" lon="16.77702167">
        <ele>216.7</ele>
        <time>2025-07-14T12:01:09Z</time>
      </trkpt>
      <trkpt lat="46.870615" lon="16.7768">
        <ele>216.5</ele>
        <time>2025-07-14T12:01:10Z</time>
      </trkpt>
      <trkpt lat="46.87067" lon="16.77658333">
        <ele>216</ele>
        <time>2025-07-14T12:01:11Z</time>
      </trkpt>
      <trkpt lat="46.87072833" lon="16.77635667">
        <ele>215.9</ele>
        <time>2025-07-14T12:01:12Z</time>
      </trkpt>
      <trkpt lat="46.87078333" lon="16.77614667">
        <ele>215.6</ele>
        <time>2025-07-14T12:01:13Z</time>
      </trkpt>
      <trkpt lat="46.87083333" lon="16.775935">
        <ele>215.2</ele>
        <time>2025-07-14T12:01:14Z</time>
      </trkpt>
      <trkpt lat="46.87089" lon="16.77571833">
        <ele>213.7</ele>
        <time>2025-07-14T12:01:15Z</time>
      </trkpt>
      <trkpt lat="46.870945" lon="16.775515">
        <ele>212.8</ele>
        <time>2025-07-14T12:01:16Z</time>
      </trkpt>
      <trkpt lat="46.87100167" lon="16.77530167">
        <ele>212.5</ele>
        <time>2025-07-14T12:01:17Z</time>
      </trkpt>
      <trkpt lat="46.87105833" lon="16.77508833">
        <ele>212.7</ele>
        <time>2025-07-14T12:01:18Z</time>
      </trkpt>
      <trkpt lat="46.87112167" lon="16.77487667">
        <ele>212.8</ele>
        <time>2025-07-14T12:01:19Z</time>
      </trkpt>
      <trkpt lat="46.87117667" lon="16.77467">
        <ele>212.5</ele>
        <time>2025-07-14T12:01:20Z</time>
      </trkpt>
      <trkpt lat="46.871235" lon="16.77446333">
        <ele>212.6</ele>
        <time>2025-07-14T12:01:21Z</time>
      </trkpt>
      <trkpt lat="46.871305" lon="16.77425167">
        <ele>212.1</ele>
        <time>2025-07-14T12:01:22Z</time>
      </trkpt>
      <trkpt lat="46.87137" lon="16.77404">
        <ele>212</ele>
        <time>2025-07-14T12:01:23Z</time>
      </trkpt>
      <trkpt lat="46.871435" lon="16.77382667">
        <ele>211.9</ele>
        <time>2025-07-14T12:01:24Z</time>
      </trkpt>
      <trkpt lat="46.8715" lon="16.77362667">
        <ele>212.6</ele>
        <time>2025-07-14T12:01:25Z</time>
      </trkpt>
      <trkpt lat="46.87156" lon="16.77342333">
        <ele>211.8</ele>
        <time>2025-07-14T12:01:26Z</time>
      </trkpt>
      <trkpt lat="46.87162667" lon="16.773225">
        <ele>212</ele>
        <time>2025-07-14T12:01:27Z</time>
      </trkpt>
      <trkpt lat="46.8717" lon="16.77302667">
        <ele>213.2</ele>
        <time>2025-07-14T12:01:28Z</time>
      </trkpt>
      <trkpt lat="46.87177" lon="16.77282167">
        <ele>213.8</ele>
        <time>2025-07-14T12:01:29Z</time>
      </trkpt>
      <trkpt lat="46.87184667" lon="16.77261833">
        <ele>213.9</ele>
        <time>2025-07-14T12:01:30Z</time>
      </trkpt>
      <trkpt lat="46.87192333" lon="16.77242">
        <ele>214.6</ele>
        <time>2025-07-14T12:01:31Z</time>
      </trkpt>
      <trkpt lat="46.87199667" lon="16.77220833">
        <ele>215.3</ele>
        <time>2025-07-14T12:01:32Z</time>
      </trkpt>
      <trkpt lat="46.872065" lon="16.77200667">
        <ele>215.5</ele>
        <time>2025-07-14T12:01:33Z</time>
      </trkpt>
      <trkpt lat="46.87213667" lon="16.77181">
        <ele>216.5</ele>
        <time>2025-07-14T12:01:34Z</time>
      </trkpt>
      <trkpt lat="46.87220167" lon="16.77160333">
        <ele>217.1</ele>
        <time>2025-07-14T12:01:35Z</time>
      </trkpt>
      <trkpt lat="46.87227" lon="16.77141">
        <ele>217.6</ele>
        <time>2025-07-14T12:01:36Z</time>
      </trkpt>
      <trkpt lat="46.872335" lon="16.77120833">
        <ele>217.6</ele>
        <time>2025-07-14T12:01:37Z</time>
      </trkpt>
      <trkpt lat="46.87240667" lon="16.771005">
        <ele>217.6</ele>
        <time>2025-07-14T12:01:38Z</time>
      </trkpt>
      <trkpt lat="46.87248333" lon="16.77079833">
        <ele>216.1</ele>
        <time>2025-07-14T12:01:39Z</time>
      </trkpt>
      <trkpt lat="46.872555" lon="16.7706">
        <ele>215.9</ele>
        <time>2025-07-14T12:01:40Z</time>
      </trkpt>
      <trkpt lat="46.872625" lon="16.770395">
        <ele>215.8</ele>
        <time>2025-07-14T12:01:41Z</time>
      </trkpt>
      <trkpt lat="46.87269833" lon="16.77019167">
        <ele>215.7</ele>
        <time>2025-07-14T12:01:42Z</time>
      </trkpt>
      <trkpt lat="46.872775" lon="16.76999333">
        <ele>215.7</ele>
        <time>2025-07-14T12:01:43Z</time>
      </trkpt>
      <trkpt lat="46.872845" lon="16.76979">
        <ele>216</ele>
        <time>2025-07-14T12:01:44Z</time>
      </trkpt>
      <trkpt lat="46.87291333" lon="16.76958667">
        <ele>216.4</ele>
        <time>2025-07-14T12:01:45Z</time>
      </trkpt>
      <trkpt lat="46.87297833" lon="16.76938">
        <ele>217.4</ele>
        <time>2025-07-14T12:01:46Z</time>
      </trkpt>
      <trkpt lat="46.87305" lon="16.76917667">
        <ele>218.2</ele>
        <time>2025-07-14T12:01:47Z</time>
      </trkpt>
      <trkpt lat="46.87312167" lon="16.76898">
        <ele>220.1</ele>
        <time>2025-07-14T12:01:48Z</time>
      </trkpt>
      <trkpt lat="46.87318667" lon="16.76877833">
        <ele>221</ele>
        <time>2025-07-14T12:01:49Z</time>
      </trkpt>
      <trkpt lat="46.87326" lon="16.768575">
        <ele>221.3</ele>
        <time>2025-07-14T12:01:50Z</time>
      </trkpt>
      <trkpt lat="46.87333667" lon="16.76838">
        <ele>222.3</ele>
        <time>2025-07-14T12:01:51Z</time>
      </trkpt>
      <trkpt lat="46.87341167" lon="16.76818333">
        <ele>223.2</ele>
        <time>2025-07-14T12:01:52Z</time>
      </trkpt>
      <trkpt lat="46.87347833" lon="16.76797833">
        <ele>224.4</ele>
        <time>2025-07-14T12:01:53Z</time>
      </trkpt>
      <trkpt lat="46.873545" lon="16.76777833">
        <ele>224.9</ele>
        <time>2025-07-14T12:01:54Z</time>
      </trkpt>
      <trkpt lat="46.87361833" lon="16.767575">
        <ele>225.5</ele>
        <time>2025-07-14T12:01:55Z</time>
      </trkpt>
      <trkpt lat="46.87369333" lon="16.767365">
        <ele>226.2</ele>
        <time>2025-07-14T12:01:56Z</time>
      </trkpt>
      <trkpt lat="46.87376833" lon="16.76716167">
        <ele>226.3</ele>
        <time>2025-07-14T12:01:57Z</time>
      </trkpt>
      <trkpt lat="46.87383667" lon="16.76696167">
        <ele>226.3</ele>
        <time>2025-07-14T12:01:58Z</time>
      </trkpt>
      <trkpt lat="46.87391167" lon="16.76675167">
        <ele>226.7</ele>
        <time>2025-07-14T12:01:59Z</time>
      </trkpt>
      <trkpt lat="46.87398333" lon="16.76655167">
        <ele>227.2</ele>
        <time>2025-07-14T12:02:00Z</time>
      </trkpt>
      <trkpt lat="46.87405333" lon="16.76635667">
        <ele>227.2</ele>
        <time>2025-07-14T12:02:01Z</time>
      </trkpt>
      <trkpt lat="46.87412833" lon="16.76615333">
        <ele>227.4</ele>
        <time>2025-07-14T12:02:02Z</time>
      </trkpt>
      <trkpt lat="46.87419667" lon="16.76594333">
        <ele>227.2</ele>
        <time>2025-07-14T12:02:03Z</time>
      </trkpt>
      <trkpt lat="46.87426667" lon="16.76573333">
        <ele>227.2</ele>
        <time>2025-07-14T12:02:04Z</time>
      </trkpt>
      <trkpt lat="46.87434333" lon="16.76552833">
        <ele>226.2</ele>
        <time>2025-07-14T12:02:05Z</time>
      </trkpt>
      <trkpt lat="46.87441667" lon="16.765325">
        <ele>225.6</ele>
        <time>2025-07-14T12:02:06Z</time>
      </trkpt>
      <trkpt lat="46.87449167" lon="16.765115">
        <ele>225</ele>
        <time>2025-07-14T12:02:07Z</time>
      </trkpt>
      <trkpt lat="46.87456" lon="16.76491">
        <ele>224.5</ele>
        <time>2025-07-14T12:02:08Z</time>
      </trkpt>
      <trkpt lat="46.874635" lon="16.764705">
        <ele>224.4</ele>
        <time>2025-07-14T12:02:09Z</time>
      </trkpt>
      <trkpt lat="46.874705" lon="16.76449167">
        <ele>224.1</ele>
        <time>2025-07-14T12:02:10Z</time>
      </trkpt>
      <trkpt lat="46.87478167" lon="16.764285">
        <ele>223.7</ele>
        <time>2025-07-14T12:02:11Z</time>
      </trkpt>
      <trkpt lat="46.87486" lon="16.76407667">
        <ele>223</ele>
        <time>2025-07-14T12:02:12Z</time>
      </trkpt>
      <trkpt lat="46.87492833" lon="16.763875">
        <ele>221.7</ele>
        <time>2025-07-14T12:02:13Z</time>
      </trkpt>
      <trkpt lat="46.87499833" lon="16.76366">
        <ele>221.2</ele>
        <time>2025-07-14T12:02:14Z</time>
      </trkpt>
      <trkpt lat="46.87507333" lon="16.76345833">
        <ele>221.1</ele>
        <time>2025-07-14T12:02:15Z</time>
      </trkpt>
      <trkpt lat="46.87514333" lon="16.76325">
        <ele>221.3</ele>
        <time>2025-07-14T12:02:16Z</time>
      </trkpt>
      <trkpt lat="46.875215" lon="16.76304167">
        <ele>220.9</ele>
        <time>2025-07-14T12:02:17Z</time>
      </trkpt>
      <trkpt lat="46.87529" lon="16.76284">
        <ele>219.7</ele>
        <time>2025-07-14T12:02:18Z</time>
      </trkpt>
      <trkpt lat="46.87536" lon="16.76264">
        <ele>219</ele>
        <time>2025-07-14T12:02:19Z</time>
      </trkpt>
      <trkpt lat="46.875435" lon="16.762435">
        <ele>219</ele>
        <time>2025-07-14T12:02:20Z</time>
      </trkpt>
      <trkpt lat="46.87550667" lon="16.76222833">
        <ele>218.9</ele>
        <time>2025-07-14T12:02:21Z</time>
      </trkpt>
      <trkpt lat="46.87557667" lon="16.76201333">
        <ele>218.8</ele>
        <time>2025-07-14T12:02:22Z</time>
      </trkpt>
      <trkpt lat="46.87564167" lon="16.76179667">
        <ele>219</ele>
        <time>2025-07-14T12:02:23Z</time>
      </trkpt>
      <trkpt lat="46.87569667" lon="16.761575">
        <ele>219.6</ele>
        <time>2025-07-14T12:02:24Z</time>
      </trkpt>
      <trkpt lat="46.87574167" lon="16.761365">
        <ele>218.1</ele>
        <time>2025-07-14T12:02:25Z</time>
      </trkpt>
      <trkpt lat="46.875785" lon="16.76114833">
        <ele>217.7</ele>
        <time>2025-07-14T12:02:26Z</time>
      </trkpt>
      <trkpt lat="46.87582167" lon="16.76094833">
        <ele>216.9</ele>
        <time>2025-07-14T12:02:27Z</time>
      </trkpt>
      <trkpt lat="46.87584833" lon="16.760755">
        <ele>216.4</ele>
        <time>2025-07-14T12:02:28Z</time>
      </trkpt>
      <trkpt lat="46.87587" lon="16.76056167">
        <ele>215.8</ele>
        <time>2025-07-14T12:02:29Z</time>
      </trkpt>
      <trkpt lat="46.87588167" lon="16.76036833">
        <ele>215.2</ele>
        <time>2025-07-14T12:02:30Z</time>
      </trkpt>
      <trkpt lat="46.87589" lon="16.76019333">
        <ele>215.8</ele>
        <time>2025-07-14T12:02:31Z</time>
      </trkpt>
      <trkpt lat="46.87589833" lon="16.76002333">
        <ele>216.4</ele>
        <time>2025-07-14T12:02:32Z</time>
      </trkpt>
      <trkpt lat="46.87590833" lon="16.75984167">
        <ele>216.5</ele>
        <time>2025-07-14T12:02:33Z</time>
      </trkpt>
      <trkpt lat="46.87592167" lon="16.75965">
        <ele>216.8</ele>
        <time>2025-07-14T12:02:34Z</time>
      </trkpt>
      <trkpt lat="46.875935" lon="16.759465">
        <ele>217.1</ele>
        <time>2025-07-14T12:02:35Z</time>
      </trkpt>
      <trkpt lat="46.87594167" lon="16.75926833">
        <ele>217.8</ele>
        <time>2025-07-14T12:02:36Z</time>
      </trkpt>
      <trkpt lat="46.875945" lon="16.75908">
        <ele>217.5</ele>
        <time>2025-07-14T12:02:37Z</time>
      </trkpt>
      <trkpt lat="46.875955" lon="16.75889167">
        <ele>217.2</ele>
        <time>2025-07-14T12:02:38Z</time>
      </trkpt>
      <trkpt lat="46.87595333" lon="16.75869833">
        <ele>217.2</ele>
        <time>2025-07-14T12:02:39Z</time>
      </trkpt>
      <trkpt lat="46.87595667" lon="16.75851833">
        <ele>217.4</ele>
        <time>2025-07-14T12:02:40Z</time>
      </trkpt>
      <trkpt lat="46.87596167" lon="16.75833333">
        <ele>216.7</ele>
        <time>2025-07-14T12:02:41Z</time>
      </trkpt>
      <trkpt lat="46.87596333" lon="16.75815333">
        <ele>217.4</ele>
        <time>2025-07-14T12:02:42Z</time>
      </trkpt>
      <trkpt lat="46.875965" lon="16.75796833">
        <ele>217.6</ele>
        <time>2025-07-14T12:02:43Z</time>
      </trkpt>
      <trkpt lat="46.87596333" lon="16.75778167">
        <ele>218.1</ele>
        <time>2025-07-14T12:02:44Z</time>
      </trkpt>
      <trkpt lat="46.87596333" lon="16.75759333">
        <ele>217.7</ele>
        <time>2025-07-14T12:02:45Z</time>
      </trkpt>
      <trkpt lat="46.87597167" lon="16.75740667">
        <ele>217.3</ele>
        <time>2025-07-14T12:02:46Z</time>
      </trkpt>
      <trkpt lat="46.87598" lon="16.75722">
        <ele>216.5</ele>
        <time>2025-07-14T12:02:47Z</time>
      </trkpt>
      <trkpt lat="46.87599" lon="16.75704333">
        <ele>215.5</ele>
        <time>2025-07-14T12:02:48Z</time>
      </trkpt>
      <trkpt lat="46.87599333" lon="16.756865">
        <ele>215.7</ele>
        <time>2025-07-14T12:02:49Z</time>
      </trkpt>
      <trkpt lat="46.87599833" lon="16.75668333">
        <ele>215.9</ele>
        <time>2025-07-14T12:02:50Z</time>
      </trkpt>
      <trkpt lat="46.87600333" lon="16.75650667">
        <ele>217.3</ele>
        <time>2025-07-14T12:02:51Z</time>
      </trkpt>
      <trkpt lat="46.87600167" lon="16.756315">
        <ele>217.8</ele>
        <time>2025-07-14T12:02:52Z</time>
      </trkpt>
      <trkpt lat="46.87600333" lon="16.756125">
        <ele>218.9</ele>
        <time>2025-07-14T12:02:53Z</time>
      </trkpt>
      <trkpt lat="46.87600333" lon="16.75593333">
        <ele>219.2</ele>
        <time>2025-07-14T12:02:54Z</time>
      </trkpt>
      <trkpt lat="46.87601167" lon="16.755755">
        <ele>218.7</ele>
        <time>2025-07-14T12:02:55Z</time>
      </trkpt>
      <trkpt lat="46.87602" lon="16.75557667">
        <ele>218.4</ele>
        <time>2025-07-14T12:02:56Z</time>
      </trkpt>
      <trkpt lat="46.87602167" lon="16.75539667">
        <ele>217.3</ele>
        <time>2025-07-14T12:02:57Z</time>
      </trkpt>
      <trkpt lat="46.87602333" lon="16.75521167">
        <ele>216.7</ele>
        <time>2025-07-14T12:02:58Z</time>
      </trkpt>
      <trkpt lat="46.87602833" lon="16.75503">
        <ele>216.5</ele>
        <time>2025-07-14T12:02:59Z</time>
      </trkpt>
      <trkpt lat="46.87604167" lon="16.75485">
        <ele>215.9</ele>
        <time>2025-07-14T12:03:00Z</time>
      </trkpt>
      <trkpt lat="46.87604833" lon="16.75469167">
        <ele>216.4</ele>
        <time>2025-07-14T12:03:01Z</time>
      </trkpt>
      <trkpt lat="46.87605167" lon="16.75455167">
        <ele>216.4</ele>
        <time>2025-07-14T12:03:02Z</time>
      </trkpt>
      <trkpt lat="46.87606167" lon="16.754415">
        <ele>216.6</ele>
        <time>2025-07-14T12:03:03Z</time>
      </trkpt>
      <trkpt lat="46.87608167" lon="16.754185">
        <ele>216.7</ele>
        <time>2025-07-14T12:03:05Z</time>
      </trkpt>
      <trkpt lat="46.87609833" lon="16.75399">
        <ele>215.9</ele>
        <time>2025-07-14T12:03:07Z</time>
      </trkpt>
      <trkpt lat="46.87611833" lon="16.75383333">
        <ele>215.2</ele>
        <time>2025-07-14T12:03:09Z</time>
      </trkpt>
      <trkpt lat="46.87614" lon="16.75369">
        <ele>214.4</ele>
        <time>2025-07-14T12:03:12Z</time>
      </trkpt>
      <trkpt lat="46.875985" lon="16.75376">
        <ele>257.7</ele>
        <time>2025-07-14T12:03:23Z</time>
      </trkpt>
      <trkpt lat="46.87591833" lon="16.753995">
        <ele>319.7</ele>
        <time>2025-07-14T12:03:26Z</time>
      </trkpt>
      <trkpt lat="46.87592667" lon="16.753655">
        <ele>323.4</ele>
        <time>2025-07-14T12:03:28Z</time>
      </trkpt>
      <trkpt lat="46.87590667" lon="16.75345">
        <ele>324.8</ele>
        <time>2025-07-14T12:03:29Z</time>
      </trkpt>
      <trkpt lat="46.87600833" lon="16.75316833">
        <ele>325.2</ele>
        <time>2025-07-14T12:03:31Z</time>
      </trkpt>
      <trkpt lat="46.87604333" lon="16.75291833">
        <ele>325.6</ele>
        <time>2025-07-14T12:03:33Z</time>
      </trkpt>
      <trkpt lat="46.87610333" lon="16.75274833">
        <ele>320.5</ele>
        <time>2025-07-14T12:03:35Z</time>
      </trkpt>
      <trkpt lat="46.87617" lon="16.75254833">
        <ele>315.5</ele>
        <time>2025-07-14T12:03:37Z</time>
      </trkpt>
      <trkpt lat="46.87622833" lon="16.75235167">
        <ele>307.2</ele>
        <time>2025-07-14T12:03:39Z</time>
      </trkpt>
      <trkpt lat="46.87629833" lon="16.75210167">
        <ele>295.5</ele>
        <time>2025-07-14T12:03:41Z</time>
      </trkpt>
      <trkpt lat="46.876335" lon="16.751965">
        <ele>289.2</ele>
        <time>2025-07-14T12:03:42Z</time>
      </trkpt>
      <trkpt lat="46.87639167" lon="16.75181167">
        <ele>283.3</ele>
        <time>2025-07-14T12:03:43Z</time>
      </trkpt>
      <trkpt lat="46.876445" lon="16.75164667">
        <ele>277.4</ele>
        <time>2025-07-14T12:03:44Z</time>
      </trkpt>
      <trkpt lat="46.87648667" lon="16.75146333">
        <ele>271.3</ele>
        <time>2025-07-14T12:03:45Z</time>
      </trkpt>
      <trkpt lat="46.87653" lon="16.75128833">
        <ele>265.4</ele>
        <time>2025-07-14T12:03:46Z</time>
      </trkpt>
      <trkpt lat="46.87656333" lon="16.75112">
        <ele>259.1</ele>
        <time>2025-07-14T12:03:47Z</time>
      </trkpt>
      <trkpt lat="46.87658333" lon="16.750945">
        <ele>252.8</ele>
        <time>2025-07-14T12:03:48Z</time>
      </trkpt>
      <trkpt lat="46.87660167" lon="16.75076333">
        <ele>247.8</ele>
        <time>2025-07-14T12:03:49Z</time>
      </trkpt>
      <trkpt lat="46.876615" lon="16.75057">
        <ele>243.3</ele>
        <time>2025-07-14T12:03:50Z</time>
      </trkpt>
      <trkpt lat="46.876635" lon="16.75037833">
        <ele>239.2</ele>
        <time>2025-07-14T12:03:51Z</time>
      </trkpt>
      <trkpt lat="46.87665667" lon="16.7502">
        <ele>235.3</ele>
        <time>2025-07-14T12:03:52Z</time>
      </trkpt>
      <trkpt lat="46.87666167" lon="16.75003167">
        <ele>232.1</ele>
        <time>2025-07-14T12:03:53Z</time>
      </trkpt>
      <trkpt lat="46.87667167" lon="16.74985167">
        <ele>230.4</ele>
        <time>2025-07-14T12:03:54Z</time>
      </trkpt>
      <trkpt lat="46.87668" lon="16.74966833">
        <ele>229.1</ele>
        <time>2025-07-14T12:03:55Z</time>
      </trkpt>
      <trkpt lat="46.87668833" lon="16.74949167">
        <ele>227.1</ele>
        <time>2025-07-14T12:03:56Z</time>
      </trkpt>
      <trkpt lat="46.87669333" lon="16.74932333">
        <ele>225.9</ele>
        <time>2025-07-14T12:03:57Z</time>
      </trkpt>
      <trkpt lat="46.87669" lon="16.74915">
        <ele>224.3</ele>
        <time>2025-07-14T12:03:58Z</time>
      </trkpt>
      <trkpt lat="46.87669333" lon="16.74898">
        <ele>223.5</ele>
        <time>2025-07-14T12:03:59Z</time>
      </trkpt>
      <trkpt lat="46.87669333" lon="16.74882167">
        <ele>223</ele>
        <time>2025-07-14T12:04:00Z</time>
      </trkpt>
      <trkpt lat="46.87669667" lon="16.748665">
        <ele>222.6</ele>
        <time>2025-07-14T12:04:01Z</time>
      </trkpt>
      <trkpt lat="46.87670167" lon="16.748515">
        <ele>222.1</ele>
        <time>2025-07-14T12:04:02Z</time>
      </trkpt>
      <trkpt lat="46.87669833" lon="16.74836333">
        <ele>222</ele>
        <time>2025-07-14T12:04:03Z</time>
      </trkpt>
      <trkpt lat="46.87669667" lon="16.74822">
        <ele>222</ele>
        <time>2025-07-14T12:04:04Z</time>
      </trkpt>
      <trkpt lat="46.87669667" lon="16.748085">
        <ele>221.9</ele>
        <time>2025-07-14T12:04:05Z</time>
      </trkpt>
      <trkpt lat="46.876695" lon="16.74784667">
        <ele>221</ele>
        <time>2025-07-14T12:04:07Z</time>
      </trkpt>
      <trkpt lat="46.87670833" lon="16.74764833">
        <ele>221.2</ele>
        <time>2025-07-14T12:04:09Z</time>
      </trkpt>
      <trkpt lat="46.87672333" lon="16.74750667">
        <ele>220.7</ele>
        <time>2025-07-14T12:04:11Z</time>
      </trkpt>
      <trkpt lat="46.87667833" lon="16.747305">
        <ele>219.1</ele>
        <time>2025-07-14T12:04:40Z</time>
      </trkpt>
      <trkpt lat="46.87665" lon="16.74715">
        <ele>216.9</ele>
        <time>2025-07-14T12:04:43Z</time>
      </trkpt>
      <trkpt lat="46.87663667" lon="16.74701667">
        <ele>215.6</ele>
        <time>2025-07-14T12:04:45Z</time>
      </trkpt>
      <trkpt lat="46.87664167" lon="16.74684833">
        <ele>215.1</ele>
        <time>2025-07-14T12:04:47Z</time>
      </trkpt>
      <trkpt lat="46.87664333" lon="16.74665333">
        <ele>214.8</ele>
        <time>2025-07-14T12:04:49Z</time>
      </trkpt>
      <trkpt lat="46.87664667" lon="16.74645167">
        <ele>213.9</ele>
        <time>2025-07-14T12:04:51Z</time>
      </trkpt>
      <trkpt lat="46.87665833" lon="16.74623667">
        <ele>214.5</ele>
        <time>2025-07-14T12:04:53Z</time>
      </trkpt>
      <trkpt lat="46.876665" lon="16.74600833">
        <ele>214.1</ele>
        <time>2025-07-14T12:04:55Z</time>
      </trkpt>
      <trkpt lat="46.87664167" lon="16.74574">
        <ele>217.7</ele>
        <time>2025-07-14T12:04:57Z</time>
      </trkpt>
      <trkpt lat="46.87663333" lon="16.7456">
        <ele>217.9</ele>
        <time>2025-07-14T12:04:58Z</time>
      </trkpt>
      <trkpt lat="46.87663667" lon="16.74545833">
        <ele>216.7</ele>
        <time>2025-07-14T12:04:59Z</time>
      </trkpt>
      <trkpt lat="46.876635" lon="16.74531333">
        <ele>217.3</ele>
        <time>2025-07-14T12:05:00Z</time>
      </trkpt>
      <trkpt lat="46.87664" lon="16.74516333">
        <ele>217.2</ele>
        <time>2025-07-14T12:05:01Z</time>
      </trkpt>
      <trkpt lat="46.87664167" lon="16.74502333">
        <ele>218.2</ele>
        <time>2025-07-14T12:05:02Z</time>
      </trkpt>
      <trkpt lat="46.87664333" lon="16.74487333">
        <ele>219.2</ele>
        <time>2025-07-14T12:05:03Z</time>
      </trkpt>
      <trkpt lat="46.87664833" lon="16.744715">
        <ele>220.1</ele>
        <time>2025-07-14T12:05:04Z</time>
      </trkpt>
      <trkpt lat="46.876655" lon="16.74456333">
        <ele>220.8</ele>
        <time>2025-07-14T12:05:05Z</time>
      </trkpt>
      <trkpt lat="46.87665833" lon="16.74441333">
        <ele>221.8</ele>
        <time>2025-07-14T12:05:06Z</time>
      </trkpt>
      <trkpt lat="46.87666667" lon="16.74425333">
        <ele>222.4</ele>
        <time>2025-07-14T12:05:07Z</time>
      </trkpt>
      <trkpt lat="46.87667833" lon="16.744085">
        <ele>223.1</ele>
        <time>2025-07-14T12:05:08Z</time>
      </trkpt>
      <trkpt lat="46.87669" lon="16.74391667">
        <ele>223.5</ele>
        <time>2025-07-14T12:05:09Z</time>
      </trkpt>
      <trkpt lat="46.87670833" lon="16.74375">
        <ele>223.6</ele>
        <time>2025-07-14T12:05:10Z</time>
      </trkpt>
      <trkpt lat="46.87671833" lon="16.74358833">
        <ele>224.3</ele>
        <time>2025-07-14T12:05:11Z</time>
      </trkpt>
      <trkpt lat="46.87673333" lon="16.74342">
        <ele>224.6</ele>
        <time>2025-07-14T12:05:12Z</time>
      </trkpt>
      <trkpt lat="46.87674333" lon="16.74325167">
        <ele>225.3</ele>
        <time>2025-07-14T12:05:13Z</time>
      </trkpt>
      <trkpt lat="46.87676" lon="16.74308167">
        <ele>225.8</ele>
        <time>2025-07-14T12:05:14Z</time>
      </trkpt>
      <trkpt lat="46.87677833" lon="16.742915">
        <ele>225.6</ele>
        <time>2025-07-14T12:05:15Z</time>
      </trkpt>
      <trkpt lat="46.87679167" lon="16.74274333">
        <ele>224.9</ele>
        <time>2025-07-14T12:05:16Z</time>
      </trkpt>
      <trkpt lat="46.87681333" lon="16.74257833">
        <ele>224.2</ele>
        <time>2025-07-14T12:05:17Z</time>
      </trkpt>
      <trkpt lat="46.87683167" lon="16.74240667">
        <ele>223.6</ele>
        <time>2025-07-14T12:05:18Z</time>
      </trkpt>
      <trkpt lat="46.876855" lon="16.74223">
        <ele>223.1</ele>
        <time>2025-07-14T12:05:19Z</time>
      </trkpt>
      <trkpt lat="46.87687667" lon="16.74206">
        <ele>224.2</ele>
        <time>2025-07-14T12:05:20Z</time>
      </trkpt>
      <trkpt lat="46.87689667" lon="16.74189667">
        <ele>223.9</ele>
        <time>2025-07-14T12:05:21Z</time>
      </trkpt>
      <trkpt lat="46.87691333" lon="16.74173667">
        <ele>225.9</ele>
        <time>2025-07-14T12:05:22Z</time>
      </trkpt>
      <trkpt lat="46.87692833" lon="16.74157333">
        <ele>226.9</ele>
        <time>2025-07-14T12:05:23Z</time>
      </trkpt>
      <trkpt lat="46.87695333" lon="16.74138833">
        <ele>224.7</ele>
        <time>2025-07-14T12:05:24Z</time>
      </trkpt>
      <trkpt lat="46.87696833" lon="16.74121833">
        <ele>222.8</ele>
        <time>2025-07-14T12:05:25Z</time>
      </trkpt>
      <trkpt lat="46.876995" lon="16.74104333">
        <ele>223</ele>
        <time>2025-07-14T12:05:26Z</time>
      </trkpt>
      <trkpt lat="46.87701667" lon="16.74087667">
        <ele>223.1</ele>
        <time>2025-07-14T12:05:27Z</time>
      </trkpt>
      <trkpt lat="46.87703667" lon="16.740705">
        <ele>223.4</ele>
        <time>2025-07-14T12:05:28Z</time>
      </trkpt>
      <trkpt lat="46.877055" lon="16.74052833">
        <ele>222.5</ele>
        <time>2025-07-14T12:05:29Z</time>
      </trkpt>
      <trkpt lat="46.87707333" lon="16.74036">
        <ele>222.6</ele>
        <time>2025-07-14T12:05:30Z</time>
      </trkpt>
      <trkpt lat="46.87709" lon="16.74019">
        <ele>222.3</ele>
        <time>2025-07-14T12:05:31Z</time>
      </trkpt>
      <trkpt lat="46.87710833" lon="16.74002167">
        <ele>222</ele>
        <time>2025-07-14T12:05:32Z</time>
      </trkpt>
      <trkpt lat="46.877125" lon="16.73984667">
        <ele>222.2</ele>
        <time>2025-07-14T12:05:33Z</time>
      </trkpt>
      <trkpt lat="46.87713667" lon="16.73967167">
        <ele>223</ele>
        <time>2025-07-14T12:05:34Z</time>
      </trkpt>
      <trkpt lat="46.877145" lon="16.73949333">
        <ele>222.4</ele>
        <time>2025-07-14T12:05:35Z</time>
      </trkpt>
      <trkpt lat="46.877155" lon="16.73932667">
        <ele>222.3</ele>
        <time>2025-07-14T12:05:36Z</time>
      </trkpt>
      <trkpt lat="46.877165" lon="16.739165">
        <ele>221.9</ele>
        <time>2025-07-14T12:05:37Z</time>
      </trkpt>
      <trkpt lat="46.87717167" lon="16.739">
        <ele>222.6</ele>
        <time>2025-07-14T12:05:38Z</time>
      </trkpt>
      <trkpt lat="46.87718" lon="16.73883">
        <ele>222.4</ele>
        <time>2025-07-14T12:05:39Z</time>
      </trkpt>
      <trkpt lat="46.87719167" lon="16.73865">
        <ele>222.4</ele>
        <time>2025-07-14T12:05:40Z</time>
      </trkpt>
      <trkpt lat="46.87719667" lon="16.738475">
        <ele>222.9</ele>
        <time>2025-07-14T12:05:41Z</time>
      </trkpt>
      <trkpt lat="46.8772" lon="16.73831167">
        <ele>222.3</ele>
        <time>2025-07-14T12:05:42Z</time>
      </trkpt>
      <trkpt lat="46.877205" lon="16.73813333">
        <ele>221.5</ele>
        <time>2025-07-14T12:05:43Z</time>
      </trkpt>
      <trkpt lat="46.87722167" lon="16.737965">
        <ele>220.3</ele>
        <time>2025-07-14T12:05:44Z</time>
      </trkpt>
      <trkpt lat="46.87723" lon="16.73779833">
        <ele>219.3</ele>
        <time>2025-07-14T12:05:45Z</time>
      </trkpt>
      <trkpt lat="46.877235" lon="16.737625">
        <ele>218.9</ele>
        <time>2025-07-14T12:05:46Z</time>
      </trkpt>
      <trkpt lat="46.87724333" lon="16.737455">
        <ele>219.3</ele>
        <time>2025-07-14T12:05:47Z</time>
      </trkpt>
      <trkpt lat="46.87725833" lon="16.73729">
        <ele>219.4</ele>
        <time>2025-07-14T12:05:48Z</time>
      </trkpt>
      <trkpt lat="46.87727167" lon="16.73711667">
        <ele>218.8</ele>
        <time>2025-07-14T12:05:49Z</time>
      </trkpt>
      <trkpt lat="46.87728833" lon="16.73693833">
        <ele>218.6</ele>
        <time>2025-07-14T12:05:50Z</time>
      </trkpt>
      <trkpt lat="46.87730833" lon="16.73676667">
        <ele>219.8</ele>
        <time>2025-07-14T12:05:51Z</time>
      </trkpt>
      <trkpt lat="46.87732" lon="16.736605">
        <ele>220.4</ele>
        <time>2025-07-14T12:05:52Z</time>
      </trkpt>
      <trkpt lat="46.877345" lon="16.73643167">
        <ele>220.8</ele>
        <time>2025-07-14T12:05:53Z</time>
      </trkpt>
      <trkpt lat="46.87738" lon="16.73627">
        <ele>221</ele>
        <time>2025-07-14T12:05:54Z</time>
      </trkpt>
      <trkpt lat="46.87742167" lon="16.73611333">
        <ele>220.8</ele>
        <time>2025-07-14T12:05:55Z</time>
      </trkpt>
      <trkpt lat="46.877465" lon="16.73596167">
        <ele>220.1</ele>
        <time>2025-07-14T12:05:56Z</time>
      </trkpt>
      <trkpt lat="46.87750333" lon="16.73580333">
        <ele>219.5</ele>
        <time>2025-07-14T12:05:57Z</time>
      </trkpt>
      <trkpt lat="46.877545" lon="16.735645">
        <ele>218.7</ele>
        <time>2025-07-14T12:05:58Z</time>
      </trkpt>
      <trkpt lat="46.87759167" lon="16.73548667">
        <ele>218.8</ele>
        <time>2025-07-14T12:05:59Z</time>
      </trkpt>
      <trkpt lat="46.87763667" lon="16.73532">
        <ele>218.8</ele>
        <time>2025-07-14T12:06:00Z</time>
      </trkpt>
      <trkpt lat="46.87767833" lon="16.73516833">
        <ele>218.4</ele>
        <time>2025-07-14T12:06:01Z</time>
      </trkpt>
      <trkpt lat="46.87772167" lon="16.73501167">
        <ele>218.2</ele>
        <time>2025-07-14T12:06:02Z</time>
      </trkpt>
      <trkpt lat="46.87776667" lon="16.73485167">
        <ele>217.8</ele>
        <time>2025-07-14T12:06:03Z</time>
      </trkpt>
      <trkpt lat="46.87781" lon="16.73469">
        <ele>217.6</ele>
        <time>2025-07-14T12:06:04Z</time>
      </trkpt>
      <trkpt lat="46.877855" lon="16.73453333">
        <ele>218</ele>
        <time>2025-07-14T12:06:05Z</time>
      </trkpt>
      <trkpt lat="46.87791333" lon="16.73437667">
        <ele>217.6</ele>
        <time>2025-07-14T12:06:06Z</time>
      </trkpt>
      <trkpt lat="46.87797667" lon="16.73424333">
        <ele>217.6</ele>
        <time>2025-07-14T12:06:07Z</time>
      </trkpt>
      <trkpt lat="46.87804333" lon="16.73409833">
        <ele>217.6</ele>
        <time>2025-07-14T12:06:08Z</time>
      </trkpt>
      <trkpt lat="46.878105" lon="16.73395">
        <ele>217.9</ele>
        <time>2025-07-14T12:06:09Z</time>
      </trkpt>
      <trkpt lat="46.878165" lon="16.733805">
        <ele>217.1</ele>
        <time>2025-07-14T12:06:10Z</time>
      </trkpt>
      <trkpt lat="46.87824167" lon="16.733675">
        <ele>215.8</ele>
        <time>2025-07-14T12:06:11Z</time>
      </trkpt>
      <trkpt lat="46.87830833" lon="16.73353667">
        <ele>215.3</ele>
        <time>2025-07-14T12:06:12Z</time>
      </trkpt>
      <trkpt lat="46.87837833" lon="16.733405">
        <ele>215.8</ele>
        <time>2025-07-14T12:06:13Z</time>
      </trkpt>
      <trkpt lat="46.87845333" lon="16.73327667">
        <ele>216</ele>
        <time>2025-07-14T12:06:14Z</time>
      </trkpt>
      <trkpt lat="46.87853833" lon="16.73315667">
        <ele>215.8</ele>
        <time>2025-07-14T12:06:15Z</time>
      </trkpt>
      <trkpt lat="46.878625" lon="16.73303833">
        <ele>216.1</ele>
        <time>2025-07-14T12:06:16Z</time>
      </trkpt>
      <trkpt lat="46.87870833" lon="16.73291667">
        <ele>216.2</ele>
        <time>2025-07-14T12:06:17Z</time>
      </trkpt>
      <trkpt lat="46.87879167" lon="16.73278833">
        <ele>215.9</ele>
        <time>2025-07-14T12:06:18Z</time>
      </trkpt>
      <trkpt lat="46.87886833" lon="16.73266333">
        <ele>215.1</ele>
        <time>2025-07-14T12:06:19Z</time>
      </trkpt>
      <trkpt lat="46.87893667" lon="16.73253833">
        <ele>215.3</ele>
        <time>2025-07-14T12:06:20Z</time>
      </trkpt>
      <trkpt lat="46.87900167" lon="16.732405">
        <ele>216.5</ele>
        <time>2025-07-14T12:06:21Z</time>
      </trkpt>
      <trkpt lat="46.87906667" lon="16.73225">
        <ele>216.1</ele>
        <time>2025-07-14T12:06:22Z</time>
      </trkpt>
      <trkpt lat="46.87911833" lon="16.73210833">
        <ele>216.8</ele>
        <time>2025-07-14T12:06:23Z</time>
      </trkpt>
      <trkpt lat="46.87915667" lon="16.73195167">
        <ele>215.6</ele>
        <time>2025-07-14T12:06:24Z</time>
      </trkpt>
      <trkpt lat="46.87919833" lon="16.73179">
        <ele>216.8</ele>
        <time>2025-07-14T12:06:25Z</time>
      </trkpt>
      <trkpt lat="46.87922833" lon="16.73163333">
        <ele>217.1</ele>
        <time>2025-07-14T12:06:26Z</time>
      </trkpt>
      <trkpt lat="46.879255" lon="16.73147333">
        <ele>217.5</ele>
        <time>2025-07-14T12:06:27Z</time>
      </trkpt>
      <trkpt lat="46.87927667" lon="16.73131333">
        <ele>217.4</ele>
        <time>2025-07-14T12:06:28Z</time>
      </trkpt>
      <trkpt lat="46.87928833" lon="16.73114667">
        <ele>217.7</ele>
        <time>2025-07-14T12:06:29Z</time>
      </trkpt>
      <trkpt lat="46.8793" lon="16.73098333">
        <ele>219</ele>
        <time>2025-07-14T12:06:30Z</time>
      </trkpt>
      <trkpt lat="46.87929333" lon="16.73081333">
        <ele>220.5</ele>
        <time>2025-07-14T12:06:31Z</time>
      </trkpt>
      <trkpt lat="46.87928" lon="16.73065167">
        <ele>221.3</ele>
        <time>2025-07-14T12:06:32Z</time>
      </trkpt>
      <trkpt lat="46.87926" lon="16.73048667">
        <ele>222.1</ele>
        <time>2025-07-14T12:06:33Z</time>
      </trkpt>
      <trkpt lat="46.87924167" lon="16.730325">
        <ele>222.8</ele>
        <time>2025-07-14T12:06:34Z</time>
      </trkpt>
      <trkpt lat="46.87921167" lon="16.73016">
        <ele>223.1</ele>
        <time>2025-07-14T12:06:35Z</time>
      </trkpt>
      <trkpt lat="46.87918333" lon="16.72999833">
        <ele>223</ele>
        <time>2025-07-14T12:06:36Z</time>
      </trkpt>
      <trkpt lat="46.87914333" lon="16.72983667">
        <ele>223.7</ele>
        <time>2025-07-14T12:06:37Z</time>
      </trkpt>
      <trkpt lat="46.87911" lon="16.72967">
        <ele>224.3</ele>
        <time>2025-07-14T12:06:38Z</time>
      </trkpt>
      <trkpt lat="46.87907333" lon="16.72949833">
        <ele>223.3</ele>
        <time>2025-07-14T12:06:39Z</time>
      </trkpt>
      <trkpt lat="46.87903" lon="16.72933333">
        <ele>223.7</ele>
        <time>2025-07-14T12:06:40Z</time>
      </trkpt>
      <trkpt lat="46.87899167" lon="16.72917667">
        <ele>224.6</ele>
        <time>2025-07-14T12:06:41Z</time>
      </trkpt>
      <trkpt lat="46.878955" lon="16.72901333">
        <ele>225.2</ele>
        <time>2025-07-14T12:06:42Z</time>
      </trkpt>
      <trkpt lat="46.878915" lon="16.72885">
        <ele>225.9</ele>
        <time>2025-07-14T12:06:43Z</time>
      </trkpt>
      <trkpt lat="46.87887167" lon="16.72869333">
        <ele>226.7</ele>
        <time>2025-07-14T12:06:44Z</time>
      </trkpt>
      <trkpt lat="46.87882" lon="16.728535">
        <ele>225.7</ele>
        <time>2025-07-14T12:06:45Z</time>
      </trkpt>
      <trkpt lat="46.87875833" lon="16.72837833">
        <ele>225.3</ele>
        <time>2025-07-14T12:06:46Z</time>
      </trkpt>
      <trkpt lat="46.87869" lon="16.72823167">
        <ele>225.7</ele>
        <time>2025-07-14T12:06:47Z</time>
      </trkpt>
      <trkpt lat="46.87862333" lon="16.72809833">
        <ele>225</ele>
        <time>2025-07-14T12:06:48Z</time>
      </trkpt>
      <trkpt lat="46.87855" lon="16.72795333">
        <ele>223.7</ele>
        <time>2025-07-14T12:06:49Z</time>
      </trkpt>
      <trkpt lat="46.87847667" lon="16.727815">
        <ele>222.5</ele>
        <time>2025-07-14T12:06:50Z</time>
      </trkpt>
      <trkpt lat="46.87840333" lon="16.72768">
        <ele>221.3</ele>
        <time>2025-07-14T12:06:51Z</time>
      </trkpt>
      <trkpt lat="46.87833" lon="16.72754667">
        <ele>221</ele>
        <time>2025-07-14T12:06:52Z</time>
      </trkpt>
      <trkpt lat="46.878245" lon="16.72741333">
        <ele>220.2</ele>
        <time>2025-07-14T12:06:53Z</time>
      </trkpt>
      <trkpt lat="46.87816167" lon="16.72728333">
        <ele>220.4</ele>
        <time>2025-07-14T12:06:54Z</time>
      </trkpt>
      <trkpt lat="46.87808" lon="16.727145">
        <ele>220.2</ele>
        <time>2025-07-14T12:06:55Z</time>
      </trkpt>
      <trkpt lat="46.877995" lon="16.72701833">
        <ele>219.9</ele>
        <time>2025-07-14T12:06:56Z</time>
      </trkpt>
      <trkpt lat="46.87791667" lon="16.72688667">
        <ele>218.9</ele>
        <time>2025-07-14T12:06:57Z</time>
      </trkpt>
      <trkpt lat="46.87784" lon="16.72674833">
        <ele>218.4</ele>
        <time>2025-07-14T12:06:58Z</time>
      </trkpt>
      <trkpt lat="46.87776833" lon="16.72660833">
        <ele>217.2</ele>
        <time>2025-07-14T12:06:59Z</time>
      </trkpt>
      <trkpt lat="46.87770167" lon="16.72646333">
        <ele>216</ele>
        <time>2025-07-14T12:07:00Z</time>
      </trkpt>
      <trkpt lat="46.877635" lon="16.72631167">
        <ele>215.4</ele>
        <time>2025-07-14T12:07:01Z</time>
      </trkpt>
      <trkpt lat="46.87757167" lon="16.72615667">
        <ele>215.5</ele>
        <time>2025-07-14T12:07:02Z</time>
      </trkpt>
      <trkpt lat="46.87752" lon="16.72599333">
        <ele>216</ele>
        <time>2025-07-14T12:07:03Z</time>
      </trkpt>
      <trkpt lat="46.87747167" lon="16.72582667">
        <ele>215.7</ele>
        <time>2025-07-14T12:07:04Z</time>
      </trkpt>
      <trkpt lat="46.87743833" lon="16.72566167">
        <ele>215.5</ele>
        <time>2025-07-14T12:07:05Z</time>
      </trkpt>
      <trkpt lat="46.877415" lon="16.72548333">
        <ele>216.2</ele>
        <time>2025-07-14T12:07:06Z</time>
      </trkpt>
      <trkpt lat="46.87739667" lon="16.72530167">
        <ele>215.5</ele>
        <time>2025-07-14T12:07:07Z</time>
      </trkpt>
      <trkpt lat="46.87738667" lon="16.72513167">
        <ele>215.1</ele>
        <time>2025-07-14T12:07:08Z</time>
      </trkpt>
      <trkpt lat="46.87739" lon="16.72495167">
        <ele>216.1</ele>
        <time>2025-07-14T12:07:09Z</time>
      </trkpt>
      <trkpt lat="46.87741" lon="16.72476">
        <ele>216.4</ele>
        <time>2025-07-14T12:07:10Z</time>
      </trkpt>
      <trkpt lat="46.87742833" lon="16.72458333">
        <ele>216.1</ele>
        <time>2025-07-14T12:07:11Z</time>
      </trkpt>
      <trkpt lat="46.87747167" lon="16.72439167">
        <ele>216.4</ele>
        <time>2025-07-14T12:07:12Z</time>
      </trkpt>
      <trkpt lat="46.87751667" lon="16.72421">
        <ele>215.8</ele>
        <time>2025-07-14T12:07:13Z</time>
      </trkpt>
      <trkpt lat="46.877555" lon="16.72403667">
        <ele>215.2</ele>
        <time>2025-07-14T12:07:14Z</time>
      </trkpt>
      <trkpt lat="46.877605" lon="16.72385833">
        <ele>216</ele>
        <time>2025-07-14T12:07:15Z</time>
      </trkpt>
      <trkpt lat="46.87767333" lon="16.72369167">
        <ele>215.6</ele>
        <time>2025-07-14T12:07:16Z</time>
      </trkpt>
      <trkpt lat="46.87775" lon="16.72353833">
        <ele>215.4</ele>
        <time>2025-07-14T12:07:17Z</time>
      </trkpt>
      <trkpt lat="46.87782833" lon="16.72340333">
        <ele>216.1</ele>
        <time>2025-07-14T12:07:18Z</time>
      </trkpt>
      <trkpt lat="46.877915" lon="16.723255">
        <ele>216.5</ele>
        <time>2025-07-14T12:07:19Z</time>
      </trkpt>
      <trkpt lat="46.87799333" lon="16.72311333">
        <ele>217.4</ele>
        <time>2025-07-14T12:07:20Z</time>
      </trkpt>
      <trkpt lat="46.87807833" lon="16.722975">
        <ele>219</ele>
        <time>2025-07-14T12:07:21Z</time>
      </trkpt>
      <trkpt lat="46.87816167" lon="16.722845">
        <ele>220.3</ele>
        <time>2025-07-14T12:07:22Z</time>
      </trkpt>
      <trkpt lat="46.87825167" lon="16.72272167">
        <ele>220.6</ele>
        <time>2025-07-14T12:07:23Z</time>
      </trkpt>
      <trkpt lat="46.87833667" lon="16.72259833">
        <ele>221.9</ele>
        <time>2025-07-14T12:07:24Z</time>
      </trkpt>
      <trkpt lat="46.87841833" lon="16.72248167">
        <ele>222.6</ele>
        <time>2025-07-14T12:07:25Z</time>
      </trkpt>
      <trkpt lat="46.87849667" lon="16.72237">
        <ele>223.3</ele>
        <time>2025-07-14T12:07:26Z</time>
      </trkpt>
      <trkpt lat="46.87857667" lon="16.72226">
        <ele>223.5</ele>
        <time>2025-07-14T12:07:27Z</time>
      </trkpt>
      <trkpt lat="46.87865667" lon="16.72215333">
        <ele>224.5</ele>
        <time>2025-07-14T12:07:28Z</time>
      </trkpt>
      <trkpt lat="46.878735" lon="16.72204167">
        <ele>225.6</ele>
        <time>2025-07-14T12:07:29Z</time>
      </trkpt>
      <trkpt lat="46.878815" lon="16.72192">
        <ele>226.5</ele>
        <time>2025-07-14T12:07:30Z</time>
      </trkpt>
      <trkpt lat="46.87889667" lon="16.721805">
        <ele>227.2</ele>
        <time>2025-07-14T12:07:31Z</time>
      </trkpt>
      <trkpt lat="46.87898" lon="16.72168">
        <ele>228.2</ele>
        <time>2025-07-14T12:07:32Z</time>
      </trkpt>
      <trkpt lat="46.87906333" lon="16.72155333">
        <ele>228.4</ele>
        <time>2025-07-14T12:07:33Z</time>
      </trkpt>
      <trkpt lat="46.87915333" lon="16.72142">
        <ele>229.4</ele>
        <time>2025-07-14T12:07:34Z</time>
      </trkpt>
      <trkpt lat="46.879245" lon="16.721285">
        <ele>229.5</ele>
        <time>2025-07-14T12:07:35Z</time>
      </trkpt>
      <trkpt lat="46.87934167" lon="16.72113667">
        <ele>229.8</ele>
        <time>2025-07-14T12:07:36Z</time>
      </trkpt>
      <trkpt lat="46.87943833" lon="16.72098167">
        <ele>230</ele>
        <time>2025-07-14T12:07:37Z</time>
      </trkpt>
      <trkpt lat="46.87954" lon="16.72083667">
        <ele>229.9</ele>
        <time>2025-07-14T12:07:38Z</time>
      </trkpt>
      <trkpt lat="46.87964167" lon="16.720695">
        <ele>229.6</ele>
        <time>2025-07-14T12:07:39Z</time>
      </trkpt>
      <trkpt lat="46.87974833" lon="16.72055167">
        <ele>230</ele>
        <time>2025-07-14T12:07:40Z</time>
      </trkpt>
      <trkpt lat="46.87985333" lon="16.72041333">
        <ele>231.3</ele>
        <time>2025-07-14T12:07:41Z</time>
      </trkpt>
      <trkpt lat="46.87996" lon="16.72027167">
        <ele>231.7</ele>
        <time>2025-07-14T12:07:42Z</time>
      </trkpt>
      <trkpt lat="46.88007333" lon="16.72013333">
        <ele>232.2</ele>
        <time>2025-07-14T12:07:43Z</time>
      </trkpt>
      <trkpt lat="46.880195" lon="16.71999167">
        <ele>233.2</ele>
        <time>2025-07-14T12:07:44Z</time>
      </trkpt>
      <trkpt lat="46.88031667" lon="16.71985333">
        <ele>233.6</ele>
        <time>2025-07-14T12:07:45Z</time>
      </trkpt>
      <trkpt lat="46.88045167" lon="16.71970833">
        <ele>234.3</ele>
        <time>2025-07-14T12:07:46Z</time>
      </trkpt>
      <trkpt lat="46.88058333" lon="16.71956833">
        <ele>235</ele>
        <time>2025-07-14T12:07:47Z</time>
      </trkpt>
      <trkpt lat="46.88071333" lon="16.71943833">
        <ele>235</ele>
        <time>2025-07-14T12:07:48Z</time>
      </trkpt>
      <trkpt lat="46.880855" lon="16.71929833">
        <ele>234.7</ele>
        <time>2025-07-14T12:07:49Z</time>
      </trkpt>
      <trkpt lat="46.88099" lon="16.71915333">
        <ele>233.4</ele>
        <time>2025-07-14T12:07:50Z</time>
      </trkpt>
      <trkpt lat="46.88112833" lon="16.71901333">
        <ele>232.8</ele>
        <time>2025-07-14T12:07:51Z</time>
      </trkpt>
      <trkpt lat="46.881255" lon="16.71886667">
        <ele>232</ele>
        <time>2025-07-14T12:07:52Z</time>
      </trkpt>
      <trkpt lat="46.88138667" lon="16.71872333">
        <ele>232.9</ele>
        <time>2025-07-14T12:07:53Z</time>
      </trkpt>
      <trkpt lat="46.88152" lon="16.71857833">
        <ele>232.7</ele>
        <time>2025-07-14T12:07:54Z</time>
      </trkpt>
      <trkpt lat="46.88165333" lon="16.71844333">
        <ele>233</ele>
        <time>2025-07-14T12:07:55Z</time>
      </trkpt>
      <trkpt lat="46.88178" lon="16.71829667">
        <ele>233.3</ele>
        <time>2025-07-14T12:07:56Z</time>
      </trkpt>
      <trkpt lat="46.88191667" lon="16.71814333">
        <ele>233.5</ele>
        <time>2025-07-14T12:07:57Z</time>
      </trkpt>
      <trkpt lat="46.88205333" lon="16.718">
        <ele>234</ele>
        <time>2025-07-14T12:07:58Z</time>
      </trkpt>
      <trkpt lat="46.882175" lon="16.717865">
        <ele>232.7</ele>
        <time>2025-07-14T12:07:59Z</time>
      </trkpt>
      <trkpt lat="46.88231833" lon="16.71774667">
        <ele>233.9</ele>
        <time>2025-07-14T12:08:00Z</time>
      </trkpt>
      <trkpt lat="46.88246167" lon="16.71762167">
        <ele>234.6</ele>
        <time>2025-07-14T12:08:01Z</time>
      </trkpt>
      <trkpt lat="46.882605" lon="16.71751">
        <ele>235.7</ele>
        <time>2025-07-14T12:08:02Z</time>
      </trkpt>
      <trkpt lat="46.882745" lon="16.71739667">
        <ele>236</ele>
        <time>2025-07-14T12:08:03Z</time>
      </trkpt>
      <trkpt lat="46.882885" lon="16.71729667">
        <ele>236.1</ele>
        <time>2025-07-14T12:08:04Z</time>
      </trkpt>
      <trkpt lat="46.88303167" lon="16.71718833">
        <ele>235.8</ele>
        <time>2025-07-14T12:08:05Z</time>
      </trkpt>
      <trkpt lat="46.883185" lon="16.717075">
        <ele>235.4</ele>
        <time>2025-07-14T12:08:06Z</time>
      </trkpt>
      <trkpt lat="46.88334" lon="16.71696333">
        <ele>234.8</ele>
        <time>2025-07-14T12:08:07Z</time>
      </trkpt>
      <trkpt lat="46.883485" lon="16.71686333">
        <ele>234.4</ele>
        <time>2025-07-14T12:08:08Z</time>
      </trkpt>
      <trkpt lat="46.88363" lon="16.716765">
        <ele>234.2</ele>
        <time>2025-07-14T12:08:09Z</time>
      </trkpt>
      <trkpt lat="46.88377667" lon="16.71666333">
        <ele>234.4</ele>
        <time>2025-07-14T12:08:10Z</time>
      </trkpt>
      <trkpt lat="46.88392333" lon="16.71656333">
        <ele>234.4</ele>
        <time>2025-07-14T12:08:11Z</time>
      </trkpt>
      <trkpt lat="46.88407" lon="16.71645833">
        <ele>234.7</ele>
        <time>2025-07-14T12:08:12Z</time>
      </trkpt>
      <trkpt lat="46.88422" lon="16.71635">
        <ele>234.6</ele>
        <time>2025-07-14T12:08:13Z</time>
      </trkpt>
      <trkpt lat="46.88437" lon="16.71625333">
        <ele>235.4</ele>
        <time>2025-07-14T12:08:14Z</time>
      </trkpt>
      <trkpt lat="46.88451333" lon="16.71614667">
        <ele>235.6</ele>
        <time>2025-07-14T12:08:15Z</time>
      </trkpt>
      <trkpt lat="46.884665" lon="16.71605167">
        <ele>235.9</ele>
        <time>2025-07-14T12:08:16Z</time>
      </trkpt>
      <trkpt lat="46.88481833" lon="16.71595333">
        <ele>236.2</ele>
        <time>2025-07-14T12:08:17Z</time>
      </trkpt>
      <trkpt lat="46.88496167" lon="16.71585833">
        <ele>237.3</ele>
        <time>2025-07-14T12:08:18Z</time>
      </trkpt>
      <trkpt lat="46.88511167" lon="16.715755">
        <ele>237.7</ele>
        <time>2025-07-14T12:08:19Z</time>
      </trkpt>
      <trkpt lat="46.88526" lon="16.71565">
        <ele>237.6</ele>
        <time>2025-07-14T12:08:20Z</time>
      </trkpt>
      <trkpt lat="46.885415" lon="16.71555833">
        <ele>237.9</ele>
        <time>2025-07-14T12:08:21Z</time>
      </trkpt>
      <trkpt lat="46.885555" lon="16.715465">
        <ele>238.4</ele>
        <time>2025-07-14T12:08:22Z</time>
      </trkpt>
      <trkpt lat="46.88570667" lon="16.715385">
        <ele>239</ele>
        <time>2025-07-14T12:08:23Z</time>
      </trkpt>
      <trkpt lat="46.88585" lon="16.71531">
        <ele>239.5</ele>
        <time>2025-07-14T12:08:24Z</time>
      </trkpt>
      <trkpt lat="46.88600667" lon="16.71524">
        <ele>239.9</ele>
        <time>2025-07-14T12:08:25Z</time>
      </trkpt>
      <trkpt lat="46.88616" lon="16.71518667">
        <ele>239.5</ele>
        <time>2025-07-14T12:08:26Z</time>
      </trkpt>
      <trkpt lat="46.88631833" lon="16.71514833">
        <ele>239.7</ele>
        <time>2025-07-14T12:08:27Z</time>
      </trkpt>
      <trkpt lat="46.88648" lon="16.71510333">
        <ele>239.8</ele>
        <time>2025-07-14T12:08:28Z</time>
      </trkpt>
      <trkpt lat="46.88664" lon="16.71506">
        <ele>240.5</ele>
        <time>2025-07-14T12:08:29Z</time>
      </trkpt>
      <trkpt lat="46.88679667" lon="16.715025">
        <ele>240.7</ele>
        <time>2025-07-14T12:08:30Z</time>
      </trkpt>
      <trkpt lat="46.88695667" lon="16.71497667">
        <ele>241</ele>
        <time>2025-07-14T12:08:31Z</time>
      </trkpt>
      <trkpt lat="46.88711667" lon="16.71492333">
        <ele>239.7</ele>
        <time>2025-07-14T12:08:32Z</time>
      </trkpt>
      <trkpt lat="46.88727833" lon="16.71487333">
        <ele>239.6</ele>
        <time>2025-07-14T12:08:33Z</time>
      </trkpt>
      <trkpt lat="46.88743667" lon="16.71483">
        <ele>241.8</ele>
        <time>2025-07-14T12:08:34Z</time>
      </trkpt>
      <trkpt lat="46.887595" lon="16.71479">
        <ele>243.2</ele>
        <time>2025-07-14T12:08:35Z</time>
      </trkpt>
      <trkpt lat="46.88776" lon="16.71474167">
        <ele>243.9</ele>
        <time>2025-07-14T12:08:36Z</time>
      </trkpt>
      <trkpt lat="46.88792667" lon="16.71470833">
        <ele>244.7</ele>
        <time>2025-07-14T12:08:37Z</time>
      </trkpt>
      <trkpt lat="46.888095" lon="16.71468167">
        <ele>245.7</ele>
        <time>2025-07-14T12:08:38Z</time>
      </trkpt>
      <trkpt lat="46.88826167" lon="16.71464667">
        <ele>245.8</ele>
        <time>2025-07-14T12:08:39Z</time>
      </trkpt>
      <trkpt lat="46.88842667" lon="16.71462">
        <ele>247.2</ele>
        <time>2025-07-14T12:08:40Z</time>
      </trkpt>
      <trkpt lat="46.88859167" lon="16.71459833">
        <ele>247.3</ele>
        <time>2025-07-14T12:08:41Z</time>
      </trkpt>
      <trkpt lat="46.88875167" lon="16.71457167">
        <ele>247.5</ele>
        <time>2025-07-14T12:08:42Z</time>
      </trkpt>
      <trkpt lat="46.888915" lon="16.714555">
        <ele>247</ele>
        <time>2025-07-14T12:08:43Z</time>
      </trkpt>
      <trkpt lat="46.88907667" lon="16.71454333">
        <ele>246.8</ele>
        <time>2025-07-14T12:08:44Z</time>
      </trkpt>
      <trkpt lat="46.88924333" lon="16.71451833">
        <ele>247.1</ele>
        <time>2025-07-14T12:08:45Z</time>
      </trkpt>
      <trkpt lat="46.88941167" lon="16.71448667">
        <ele>247.2</ele>
        <time>2025-07-14T12:08:46Z</time>
      </trkpt>
      <trkpt lat="46.889575" lon="16.71445667">
        <ele>247.6</ele>
        <time>2025-07-14T12:08:47Z</time>
      </trkpt>
      <trkpt lat="46.889735" lon="16.71443167">
        <ele>248.6</ele>
        <time>2025-07-14T12:08:48Z</time>
      </trkpt>
      <trkpt lat="46.88989667" lon="16.71439667">
        <ele>248.2</ele>
        <time>2025-07-14T12:08:49Z</time>
      </trkpt>
      <trkpt lat="46.89006" lon="16.71436667">
        <ele>248.7</ele>
        <time>2025-07-14T12:08:50Z</time>
      </trkpt>
      <trkpt lat="46.89022667" lon="16.71433167">
        <ele>249.1</ele>
        <time>2025-07-14T12:08:51Z</time>
      </trkpt>
      <trkpt lat="46.89038167" lon="16.714305">
        <ele>249.2</ele>
        <time>2025-07-14T12:08:52Z</time>
      </trkpt>
      <trkpt lat="46.89053833" lon="16.71428833">
        <ele>249.1</ele>
        <time>2025-07-14T12:08:53Z</time>
      </trkpt>
      <trkpt lat="46.8907" lon="16.71424833">
        <ele>249.2</ele>
        <time>2025-07-14T12:08:54Z</time>
      </trkpt>
      <trkpt lat="46.89086333" lon="16.71420833">
        <ele>247.5</ele>
        <time>2025-07-14T12:08:55Z</time>
      </trkpt>
      <trkpt lat="46.89103" lon="16.71414833">
        <ele>248</ele>
        <time>2025-07-14T12:08:56Z</time>
      </trkpt>
      <trkpt lat="46.89119833" lon="16.71410833">
        <ele>248.4</ele>
        <time>2025-07-14T12:08:57Z</time>
      </trkpt>
      <trkpt lat="46.89151667" lon="16.71399333">
        <ele>247.1</ele>
        <time>2025-07-14T12:08:59Z</time>
      </trkpt>
      <trkpt lat="46.89167" lon="16.71392">
        <ele>247.4</ele>
        <time>2025-07-14T12:09:00Z</time>
      </trkpt>
      <trkpt lat="46.89197833" lon="16.71375">
        <ele>248.6</ele>
        <time>2025-07-14T12:09:02Z</time>
      </trkpt>
      <trkpt lat="46.89212167" lon="16.713665">
        <ele>249.1</ele>
        <time>2025-07-14T12:09:03Z</time>
      </trkpt>
      <trkpt lat="46.89244167" lon="16.713485">
        <ele>251</ele>
        <time>2025-07-14T12:09:05Z</time>
      </trkpt>
      <trkpt lat="46.89258333" lon="16.71338333">
        <ele>249.8</ele>
        <time>2025-07-14T12:09:06Z</time>
      </trkpt>
      <trkpt lat="46.89273333" lon="16.713275">
        <ele>250.7</ele>
        <time>2025-07-14T12:09:07Z</time>
      </trkpt>
      <trkpt lat="46.89288667" lon="16.71317167">
        <ele>250.8</ele>
        <time>2025-07-14T12:09:08Z</time>
      </trkpt>
      <trkpt lat="46.89303" lon="16.71305167">
        <ele>251.2</ele>
        <time>2025-07-14T12:09:09Z</time>
      </trkpt>
      <trkpt lat="46.89317333" lon="16.712925">
        <ele>251.8</ele>
        <time>2025-07-14T12:09:10Z</time>
      </trkpt>
      <trkpt lat="46.89331" lon="16.71281667">
        <ele>252.6</ele>
        <time>2025-07-14T12:09:11Z</time>
      </trkpt>
      <trkpt lat="46.893445" lon="16.7127">
        <ele>252.8</ele>
        <time>2025-07-14T12:09:12Z</time>
      </trkpt>
      <trkpt lat="46.89359833" lon="16.71258333">
        <ele>253</ele>
        <time>2025-07-14T12:09:13Z</time>
      </trkpt>
      <trkpt lat="46.89374667" lon="16.71246333">
        <ele>253.6</ele>
        <time>2025-07-14T12:09:14Z</time>
      </trkpt>
      <trkpt lat="46.893885" lon="16.71234167">
        <ele>253.8</ele>
        <time>2025-07-14T12:09:15Z</time>
      </trkpt>
      <trkpt lat="46.894025" lon="16.71222833">
        <ele>253.6</ele>
        <time>2025-07-14T12:09:16Z</time>
      </trkpt>
      <trkpt lat="46.89416833" lon="16.71211667">
        <ele>254.1</ele>
        <time>2025-07-14T12:09:17Z</time>
      </trkpt>
      <trkpt lat="46.894315" lon="16.71199833">
        <ele>254.1</ele>
        <time>2025-07-14T12:09:18Z</time>
      </trkpt>
      <trkpt lat="46.89446333" lon="16.71187833">
        <ele>254.3</ele>
        <time>2025-07-14T12:09:19Z</time>
      </trkpt>
      <trkpt lat="46.89460667" lon="16.71176667">
        <ele>254.6</ele>
        <time>2025-07-14T12:09:20Z</time>
      </trkpt>
      <trkpt lat="46.894745" lon="16.71165">
        <ele>254.9</ele>
        <time>2025-07-14T12:09:21Z</time>
      </trkpt>
      <trkpt lat="46.89488333" lon="16.71153667">
        <ele>255.5</ele>
        <time>2025-07-14T12:09:22Z</time>
      </trkpt>
      <trkpt lat="46.89502667" lon="16.71142167">
        <ele>255.9</ele>
        <time>2025-07-14T12:09:23Z</time>
      </trkpt>
      <trkpt lat="46.895175" lon="16.7113">
        <ele>256.5</ele>
        <time>2025-07-14T12:09:24Z</time>
      </trkpt>
      <trkpt lat="46.89531833" lon="16.71118">
        <ele>257.4</ele>
        <time>2025-07-14T12:09:25Z</time>
      </trkpt>
      <trkpt lat="46.895465" lon="16.711065">
        <ele>257.9</ele>
        <time>2025-07-14T12:09:26Z</time>
      </trkpt>
      <trkpt lat="46.89560833" lon="16.71095">
        <ele>258</ele>
        <time>2025-07-14T12:09:27Z</time>
      </trkpt>
      <trkpt lat="46.89574833" lon="16.710835">
        <ele>258</ele>
        <time>2025-07-14T12:09:28Z</time>
      </trkpt>
      <trkpt lat="46.895885" lon="16.71072">
        <ele>258.8</ele>
        <time>2025-07-14T12:09:29Z</time>
      </trkpt>
      <trkpt lat="46.89603167" lon="16.71060833">
        <ele>259.1</ele>
        <time>2025-07-14T12:09:30Z</time>
      </trkpt>
      <trkpt lat="46.896175" lon="16.7105">
        <ele>259.3</ele>
        <time>2025-07-14T12:09:31Z</time>
      </trkpt>
      <trkpt lat="46.89632167" lon="16.71039">
        <ele>258.8</ele>
        <time>2025-07-14T12:09:32Z</time>
      </trkpt>
      <trkpt lat="46.89646667" lon="16.71027167">
        <ele>258.5</ele>
        <time>2025-07-14T12:09:33Z</time>
      </trkpt>
      <trkpt lat="46.89661167" lon="16.71015667">
        <ele>258.8</ele>
        <time>2025-07-14T12:09:34Z</time>
      </trkpt>
      <trkpt lat="46.89675167" lon="16.71004167">
        <ele>258.5</ele>
        <time>2025-07-14T12:09:35Z</time>
      </trkpt>
      <trkpt lat="46.89689167" lon="16.70992667">
        <ele>258.4</ele>
        <time>2025-07-14T12:09:36Z</time>
      </trkpt>
      <trkpt lat="46.89703333" lon="16.70981">
        <ele>258.4</ele>
        <time>2025-07-14T12:09:37Z</time>
      </trkpt>
      <trkpt lat="46.89717667" lon="16.7097">
        <ele>258.6</ele>
        <time>2025-07-14T12:09:38Z</time>
      </trkpt>
      <trkpt lat="46.89732167" lon="16.70958833">
        <ele>258</ele>
        <time>2025-07-14T12:09:39Z</time>
      </trkpt>
      <trkpt lat="46.897465" lon="16.70947333">
        <ele>258.8</ele>
        <time>2025-07-14T12:09:40Z</time>
      </trkpt>
      <trkpt lat="46.897605" lon="16.709355">
        <ele>259.2</ele>
        <time>2025-07-14T12:09:41Z</time>
      </trkpt>
      <trkpt lat="46.897755" lon="16.70924167">
        <ele>259.3</ele>
        <time>2025-07-14T12:09:42Z</time>
      </trkpt>
      <trkpt lat="46.89789167" lon="16.70913">
        <ele>259.2</ele>
        <time>2025-07-14T12:09:43Z</time>
      </trkpt>
      <trkpt lat="46.89803167" lon="16.70901">
        <ele>259.7</ele>
        <time>2025-07-14T12:09:44Z</time>
      </trkpt>
      <trkpt lat="46.89817667" lon="16.70889167">
        <ele>260.5</ele>
        <time>2025-07-14T12:09:45Z</time>
      </trkpt>
      <trkpt lat="46.898325" lon="16.70877833">
        <ele>260.1</ele>
        <time>2025-07-14T12:09:46Z</time>
      </trkpt>
      <trkpt lat="46.89846833" lon="16.70865833">
        <ele>260.3</ele>
        <time>2025-07-14T12:09:47Z</time>
      </trkpt>
      <trkpt lat="46.89861" lon="16.70853833">
        <ele>262.6</ele>
        <time>2025-07-14T12:09:48Z</time>
      </trkpt>
      <trkpt lat="46.898755" lon="16.70841333">
        <ele>264.1</ele>
        <time>2025-07-14T12:09:49Z</time>
      </trkpt>
      <trkpt lat="46.89890333" lon="16.708305">
        <ele>264</ele>
        <time>2025-07-14T12:09:50Z</time>
      </trkpt>
      <trkpt lat="46.89904833" lon="16.70817333">
        <ele>263</ele>
        <time>2025-07-14T12:09:51Z</time>
      </trkpt>
      <trkpt lat="46.89917833" lon="16.70801833">
        <ele>263.8</ele>
        <time>2025-07-14T12:09:52Z</time>
      </trkpt>
      <trkpt lat="46.89930167" lon="16.70785667">
        <ele>262.1</ele>
        <time>2025-07-14T12:09:53Z</time>
      </trkpt>
      <trkpt lat="46.89941833" lon="16.707685">
        <ele>260.7</ele>
        <time>2025-07-14T12:09:54Z</time>
      </trkpt>
      <trkpt lat="46.89951833" lon="16.70750667">
        <ele>259</ele>
        <time>2025-07-14T12:09:55Z</time>
      </trkpt>
      <trkpt lat="46.89962167" lon="16.70731">
        <ele>258.9</ele>
        <time>2025-07-14T12:09:56Z</time>
      </trkpt>
      <trkpt lat="46.89972667" lon="16.70712167">
        <ele>258.9</ele>
        <time>2025-07-14T12:09:57Z</time>
      </trkpt>
      <trkpt lat="46.89983167" lon="16.70692333">
        <ele>258.7</ele>
        <time>2025-07-14T12:09:58Z</time>
      </trkpt>
      <trkpt lat="46.89993333" lon="16.70672667">
        <ele>258.7</ele>
        <time>2025-07-14T12:09:59Z</time>
      </trkpt>
      <trkpt lat="46.90002667" lon="16.70653667">
        <ele>258.8</ele>
        <time>2025-07-14T12:10:00Z</time>
      </trkpt>
      <trkpt lat="46.90012833" lon="16.706345">
        <ele>258.7</ele>
        <time>2025-07-14T12:10:01Z</time>
      </trkpt>
      <trkpt lat="46.90023833" lon="16.70615667">
        <ele>258.3</ele>
        <time>2025-07-14T12:10:02Z</time>
      </trkpt>
      <trkpt lat="46.90034667" lon="16.70596167">
        <ele>257.2</ele>
        <time>2025-07-14T12:10:03Z</time>
      </trkpt>
      <trkpt lat="46.90045667" lon="16.70576333">
        <ele>256.2</ele>
        <time>2025-07-14T12:10:04Z</time>
      </trkpt>
      <trkpt lat="46.90055167" lon="16.70556">
        <ele>254.3</ele>
        <time>2025-07-14T12:10:05Z</time>
      </trkpt>
      <trkpt lat="46.90065167" lon="16.70536167">
        <ele>252.7</ele>
        <time>2025-07-14T12:10:06Z</time>
      </trkpt>
      <trkpt lat="46.90075167" lon="16.70516667">
        <ele>250.7</ele>
        <time>2025-07-14T12:10:07Z</time>
      </trkpt>
      <trkpt lat="46.90086333" lon="16.70496833">
        <ele>250.7</ele>
        <time>2025-07-14T12:10:08Z</time>
      </trkpt>
      <trkpt lat="46.90097833" lon="16.704765">
        <ele>250.9</ele>
        <time>2025-07-14T12:10:09Z</time>
      </trkpt>
      <trkpt lat="46.9011" lon="16.704575">
        <ele>253</ele>
        <time>2025-07-14T12:10:10Z</time>
      </trkpt>
      <trkpt lat="46.90121333" lon="16.70438167">
        <ele>251.7</ele>
        <time>2025-07-14T12:10:11Z</time>
      </trkpt>
      <trkpt lat="46.90131833" lon="16.704185">
        <ele>251.2</ele>
        <time>2025-07-14T12:10:12Z</time>
      </trkpt>
      <trkpt lat="46.901415" lon="16.70399833">
        <ele>250.7</ele>
        <time>2025-07-14T12:10:13Z</time>
      </trkpt>
      <trkpt lat="46.90153" lon="16.70384333">
        <ele>250.7</ele>
        <time>2025-07-14T12:10:14Z</time>
      </trkpt>
      <trkpt lat="46.901645" lon="16.70369833">
        <ele>251.8</ele>
        <time>2025-07-14T12:10:15Z</time>
      </trkpt>
      <trkpt lat="46.90176167" lon="16.70357833">
        <ele>252.1</ele>
        <time>2025-07-14T12:10:16Z</time>
      </trkpt>
      <trkpt lat="46.901895" lon="16.703485">
        <ele>253.7</ele>
        <time>2025-07-14T12:10:17Z</time>
      </trkpt>
      <trkpt lat="46.902015" lon="16.70343333">
        <ele>255.2</ele>
        <time>2025-07-14T12:10:18Z</time>
      </trkpt>
      <trkpt lat="46.90213" lon="16.70339833">
        <ele>256.5</ele>
        <time>2025-07-14T12:10:19Z</time>
      </trkpt>
      <trkpt lat="46.90225167" lon="16.70338167">
        <ele>256.7</ele>
        <time>2025-07-14T12:10:20Z</time>
      </trkpt>
      <trkpt lat="46.90236833" lon="16.70336833">
        <ele>257.8</ele>
        <time>2025-07-14T12:10:21Z</time>
      </trkpt>
      <trkpt lat="46.90248667" lon="16.70336667">
        <ele>259.2</ele>
        <time>2025-07-14T12:10:22Z</time>
      </trkpt>
      <trkpt lat="46.90259667" lon="16.70335">
        <ele>260.3</ele>
        <time>2025-07-14T12:10:23Z</time>
      </trkpt>
      <trkpt lat="46.9027" lon="16.70334333">
        <ele>261.1</ele>
        <time>2025-07-14T12:10:24Z</time>
      </trkpt>
      <trkpt lat="46.90280667" lon="16.70334333">
        <ele>261.7</ele>
        <time>2025-07-14T12:10:25Z</time>
      </trkpt>
      <trkpt lat="46.90291833" lon="16.70334">
        <ele>262</ele>
        <time>2025-07-14T12:10:26Z</time>
      </trkpt>
      <trkpt lat="46.90302833" lon="16.70333">
        <ele>262.5</ele>
        <time>2025-07-14T12:10:27Z</time>
      </trkpt>
      <trkpt lat="46.90313333" lon="16.70331667">
        <ele>262.9</ele>
        <time>2025-07-14T12:10:28Z</time>
      </trkpt>
      <trkpt lat="46.90324167" lon="16.70331167">
        <ele>264</ele>
        <time>2025-07-14T12:10:29Z</time>
      </trkpt>
      <trkpt lat="46.903355" lon="16.703305">
        <ele>264.7</ele>
        <time>2025-07-14T12:10:30Z</time>
      </trkpt>
      <trkpt lat="46.90347333" lon="16.70329167">
        <ele>265.1</ele>
        <time>2025-07-14T12:10:31Z</time>
      </trkpt>
      <trkpt lat="46.90358833" lon="16.70327833">
        <ele>265.6</ele>
        <time>2025-07-14T12:10:32Z</time>
      </trkpt>
      <trkpt lat="46.90370667" lon="16.70327167">
        <ele>264.6</ele>
        <time>2025-07-14T12:10:33Z</time>
      </trkpt>
      <trkpt lat="46.90382833" lon="16.70326167">
        <ele>265.3</ele>
        <time>2025-07-14T12:10:34Z</time>
      </trkpt>
      <trkpt lat="46.90395333" lon="16.70325667">
        <ele>265.7</ele>
        <time>2025-07-14T12:10:35Z</time>
      </trkpt>
      <trkpt lat="46.904075" lon="16.70324833">
        <ele>266.2</ele>
        <time>2025-07-14T12:10:36Z</time>
      </trkpt>
      <trkpt lat="46.90420167" lon="16.703245">
        <ele>267.3</ele>
        <time>2025-07-14T12:10:37Z</time>
      </trkpt>
      <trkpt lat="46.90433167" lon="16.70324667">
        <ele>267.9</ele>
        <time>2025-07-14T12:10:38Z</time>
      </trkpt>
      <trkpt lat="46.90446" lon="16.703255">
        <ele>268.9</ele>
        <time>2025-07-14T12:10:39Z</time>
      </trkpt>
      <trkpt lat="46.90458667" lon="16.70327833">
        <ele>270.5</ele>
        <time>2025-07-14T12:10:40Z</time>
      </trkpt>
      <trkpt lat="46.90470667" lon="16.70330333">
        <ele>271.1</ele>
        <time>2025-07-14T12:10:41Z</time>
      </trkpt>
      <trkpt lat="46.904835" lon="16.70333">
        <ele>271.5</ele>
        <time>2025-07-14T12:10:42Z</time>
      </trkpt>
      <trkpt lat="46.90496833" lon="16.70335333">
        <ele>272.1</ele>
        <time>2025-07-14T12:10:43Z</time>
      </trkpt>
      <trkpt lat="46.90509167" lon="16.70337">
        <ele>272.2</ele>
        <time>2025-07-14T12:10:44Z</time>
      </trkpt>
      <trkpt lat="46.90522" lon="16.70337333">
        <ele>271.8</ele>
        <time>2025-07-14T12:10:45Z</time>
      </trkpt>
      <trkpt lat="46.905345" lon="16.70337833">
        <ele>271.5</ele>
        <time>2025-07-14T12:10:46Z</time>
      </trkpt>
      <trkpt lat="46.90546833" lon="16.70339333">
        <ele>271.9</ele>
        <time>2025-07-14T12:10:47Z</time>
      </trkpt>
      <trkpt lat="46.90559167" lon="16.70340833">
        <ele>272</ele>
        <time>2025-07-14T12:10:48Z</time>
      </trkpt>
      <trkpt lat="46.905715" lon="16.70341667">
        <ele>273.1</ele>
        <time>2025-07-14T12:10:49Z</time>
      </trkpt>
      <trkpt lat="46.905835" lon="16.70341667">
        <ele>273.6</ele>
        <time>2025-07-14T12:10:50Z</time>
      </trkpt>
      <trkpt lat="46.90596667" lon="16.703415">
        <ele>273.5</ele>
        <time>2025-07-14T12:10:51Z</time>
      </trkpt>
      <trkpt lat="46.90609333" lon="16.70341333">
        <ele>274.1</ele>
        <time>2025-07-14T12:10:52Z</time>
      </trkpt>
      <trkpt lat="46.906215" lon="16.70341333">
        <ele>274.2</ele>
        <time>2025-07-14T12:10:53Z</time>
      </trkpt>
      <trkpt lat="46.90633167" lon="16.70341333">
        <ele>274.9</ele>
        <time>2025-07-14T12:10:54Z</time>
      </trkpt>
      <trkpt lat="46.90645" lon="16.70340833">
        <ele>274.7</ele>
        <time>2025-07-14T12:10:55Z</time>
      </trkpt>
      <trkpt lat="46.90656333" lon="16.70340833">
        <ele>274.7</ele>
        <time>2025-07-14T12:10:56Z</time>
      </trkpt>
      <trkpt lat="46.90666833" lon="16.70341667">
        <ele>275.5</ele>
        <time>2025-07-14T12:10:57Z</time>
      </trkpt>
      <trkpt lat="46.90676167" lon="16.70343667">
        <ele>276</ele>
        <time>2025-07-14T12:10:58Z</time>
      </trkpt>
      <trkpt lat="46.90685" lon="16.703465">
        <ele>276.4</ele>
        <time>2025-07-14T12:10:59Z</time>
      </trkpt>
      <trkpt lat="46.90700333" lon="16.70353167">
        <ele>275.7</ele>
        <time>2025-07-14T12:11:01Z</time>
      </trkpt>
      <trkpt lat="46.907095" lon="16.70358667">
        <ele>275.6</ele>
        <time>2025-07-14T12:11:03Z</time>
      </trkpt>
      <trkpt lat="46.90719167" lon="16.70359833">
        <ele>276.1</ele>
        <time>2025-07-14T12:11:24Z</time>
      </trkpt>
      <trkpt lat="46.90729333" lon="16.70362333">
        <ele>276.7</ele>
        <time>2025-07-14T12:11:27Z</time>
      </trkpt>
      <trkpt lat="46.90742833" lon="16.70366333">
        <ele>277</ele>
        <time>2025-07-14T12:11:30Z</time>
      </trkpt>
      <trkpt lat="46.90754833" lon="16.703685">
        <ele>278.2</ele>
        <time>2025-07-14T12:11:32Z</time>
      </trkpt>
      <trkpt lat="46.90769333" lon="16.70372167">
        <ele>278.5</ele>
        <time>2025-07-14T12:11:34Z</time>
      </trkpt>
      <trkpt lat="46.907825" lon="16.70373667">
        <ele>279.1</ele>
        <time>2025-07-14T12:11:36Z</time>
      </trkpt>
      <trkpt lat="46.90797833" lon="16.70375167">
        <ele>278.9</ele>
        <time>2025-07-14T12:11:38Z</time>
      </trkpt>
      <trkpt lat="46.90815167" lon="16.70379167">
        <ele>278.9</ele>
        <time>2025-07-14T12:11:40Z</time>
      </trkpt>
      <trkpt lat="46.90825" lon="16.70382833">
        <ele>278.8</ele>
        <time>2025-07-14T12:11:41Z</time>
      </trkpt>
      <trkpt lat="46.90835333" lon="16.70386667">
        <ele>279.3</ele>
        <time>2025-07-14T12:11:42Z</time>
      </trkpt>
      <trkpt lat="46.908455" lon="16.70391333">
        <ele>279.8</ele>
        <time>2025-07-14T12:11:43Z</time>
      </trkpt>
      <trkpt lat="46.90855167" lon="16.70395667">
        <ele>280.2</ele>
        <time>2025-07-14T12:11:44Z</time>
      </trkpt>
      <trkpt lat="46.90865" lon="16.70400333">
        <ele>280</ele>
        <time>2025-07-14T12:11:45Z</time>
      </trkpt>
      <trkpt lat="46.90875" lon="16.70404333">
        <ele>279.3</ele>
        <time>2025-07-14T12:11:46Z</time>
      </trkpt>
      <trkpt lat="46.90884833" lon="16.70409">
        <ele>279.5</ele>
        <time>2025-07-14T12:11:47Z</time>
      </trkpt>
      <trkpt lat="46.90896167" lon="16.70414667">
        <ele>278.7</ele>
        <time>2025-07-14T12:11:48Z</time>
      </trkpt>
      <trkpt lat="46.909065" lon="16.70417167">
        <ele>279.1</ele>
        <time>2025-07-14T12:11:49Z</time>
      </trkpt>
      <trkpt lat="46.909175" lon="16.70419667">
        <ele>278.9</ele>
        <time>2025-07-14T12:11:50Z</time>
      </trkpt>
      <trkpt lat="46.90929167" lon="16.70422667">
        <ele>278.7</ele>
        <time>2025-07-14T12:11:51Z</time>
      </trkpt>
      <trkpt lat="46.909415" lon="16.70425667">
        <ele>279.4</ele>
        <time>2025-07-14T12:11:52Z</time>
      </trkpt>
      <trkpt lat="46.90953167" lon="16.704285">
        <ele>279.4</ele>
        <time>2025-07-14T12:11:53Z</time>
      </trkpt>
      <trkpt lat="46.90965667" lon="16.704315">
        <ele>277.8</ele>
        <time>2025-07-14T12:11:54Z</time>
      </trkpt>
      <trkpt lat="46.90978167" lon="16.70434667">
        <ele>277.7</ele>
        <time>2025-07-14T12:11:55Z</time>
      </trkpt>
      <trkpt lat="46.90990667" lon="16.70436833">
        <ele>277.5</ele>
        <time>2025-07-14T12:11:56Z</time>
      </trkpt>
      <trkpt lat="46.91002667" lon="16.70439">
        <ele>278.7</ele>
        <time>2025-07-14T12:11:57Z</time>
      </trkpt>
      <trkpt lat="46.91015833" lon="16.70441">
        <ele>279.5</ele>
        <time>2025-07-14T12:11:58Z</time>
      </trkpt>
      <trkpt lat="46.91028667" lon="16.70441333">
        <ele>279.2</ele>
        <time>2025-07-14T12:11:59Z</time>
      </trkpt>
      <trkpt lat="46.91041333" lon="16.70440833">
        <ele>278.4</ele>
        <time>2025-07-14T12:12:00Z</time>
      </trkpt>
      <trkpt lat="46.91053333" lon="16.70439833">
        <ele>279</ele>
        <time>2025-07-14T12:12:01Z</time>
      </trkpt>
      <trkpt lat="46.910655" lon="16.70438333">
        <ele>279.7</ele>
        <time>2025-07-14T12:12:02Z</time>
      </trkpt>
      <trkpt lat="46.91077833" lon="16.70436167">
        <ele>280.7</ele>
        <time>2025-07-14T12:12:03Z</time>
      </trkpt>
      <trkpt lat="46.91090167" lon="16.70434333">
        <ele>280.8</ele>
        <time>2025-07-14T12:12:04Z</time>
      </trkpt>
      <trkpt lat="46.91102167" lon="16.70432833">
        <ele>280.1</ele>
        <time>2025-07-14T12:12:05Z</time>
      </trkpt>
      <trkpt lat="46.91114833" lon="16.70429167">
        <ele>280.8</ele>
        <time>2025-07-14T12:12:06Z</time>
      </trkpt>
      <trkpt lat="46.91127167" lon="16.704265">
        <ele>283.9</ele>
        <time>2025-07-14T12:12:07Z</time>
      </trkpt>
      <trkpt lat="46.91139167" lon="16.70422167">
        <ele>285.4</ele>
        <time>2025-07-14T12:12:08Z</time>
      </trkpt>
      <trkpt lat="46.91151167" lon="16.70418">
        <ele>285.4</ele>
        <time>2025-07-14T12:12:09Z</time>
      </trkpt>
      <trkpt lat="46.91163" lon="16.70412833">
        <ele>285.7</ele>
        <time>2025-07-14T12:12:10Z</time>
      </trkpt>
      <trkpt lat="46.91175" lon="16.704075">
        <ele>286.1</ele>
        <time>2025-07-14T12:12:11Z</time>
      </trkpt>
      <trkpt lat="46.91186833" lon="16.704015">
        <ele>286.3</ele>
        <time>2025-07-14T12:12:12Z</time>
      </trkpt>
      <trkpt lat="46.91198833" lon="16.70396333">
        <ele>286.4</ele>
        <time>2025-07-14T12:12:13Z</time>
      </trkpt>
      <trkpt lat="46.91211167" lon="16.70390667">
        <ele>286.1</ele>
        <time>2025-07-14T12:12:14Z</time>
      </trkpt>
      <trkpt lat="46.91223" lon="16.70385833">
        <ele>286.4</ele>
        <time>2025-07-14T12:12:15Z</time>
      </trkpt>
      <trkpt lat="46.91234833" lon="16.70379833">
        <ele>286.6</ele>
        <time>2025-07-14T12:12:16Z</time>
      </trkpt>
      <trkpt lat="46.91246833" lon="16.70374">
        <ele>286.8</ele>
        <time>2025-07-14T12:12:17Z</time>
      </trkpt>
      <trkpt lat="46.91259667" lon="16.70368333">
        <ele>287.7</ele>
        <time>2025-07-14T12:12:18Z</time>
      </trkpt>
      <trkpt lat="46.91271833" lon="16.70362667">
        <ele>288.8</ele>
        <time>2025-07-14T12:12:19Z</time>
      </trkpt>
      <trkpt lat="46.91283833" lon="16.70358">
        <ele>289</ele>
        <time>2025-07-14T12:12:20Z</time>
      </trkpt>
      <trkpt lat="46.91296167" lon="16.70353333">
        <ele>289.8</ele>
        <time>2025-07-14T12:12:21Z</time>
      </trkpt>
      <trkpt lat="46.91308167" lon="16.70350167">
        <ele>290.2</ele>
        <time>2025-07-14T12:12:22Z</time>
      </trkpt>
      <trkpt lat="46.913205" lon="16.70346667">
        <ele>290.6</ele>
        <time>2025-07-14T12:12:23Z</time>
      </trkpt>
      <trkpt lat="46.91333833" lon="16.70343167">
        <ele>290.7</ele>
        <time>2025-07-14T12:12:24Z</time>
      </trkpt>
      <trkpt lat="46.91346833" lon="16.7034">
        <ele>291.1</ele>
        <time>2025-07-14T12:12:25Z</time>
      </trkpt>
      <trkpt lat="46.91359333" lon="16.70337">
        <ele>291.7</ele>
        <time>2025-07-14T12:12:26Z</time>
      </trkpt>
      <trkpt lat="46.91371833" lon="16.70334667">
        <ele>292.2</ele>
        <time>2025-07-14T12:12:27Z</time>
      </trkpt>
      <trkpt lat="46.91384" lon="16.703325">
        <ele>293</ele>
        <time>2025-07-14T12:12:28Z</time>
      </trkpt>
      <trkpt lat="46.91397" lon="16.70330833">
        <ele>293.2</ele>
        <time>2025-07-14T12:12:29Z</time>
      </trkpt>
      <trkpt lat="46.91410667" lon="16.70328333">
        <ele>293.3</ele>
        <time>2025-07-14T12:12:30Z</time>
      </trkpt>
      <trkpt lat="46.91423833" lon="16.70326">
        <ele>293.6</ele>
        <time>2025-07-14T12:12:31Z</time>
      </trkpt>
      <trkpt lat="46.91437333" lon="16.70323833">
        <ele>293.8</ele>
        <time>2025-07-14T12:12:32Z</time>
      </trkpt>
      <trkpt lat="46.91450833" lon="16.70321">
        <ele>293.8</ele>
        <time>2025-07-14T12:12:33Z</time>
      </trkpt>
      <trkpt lat="46.91464667" lon="16.703185">
        <ele>294.7</ele>
        <time>2025-07-14T12:12:34Z</time>
      </trkpt>
      <trkpt lat="46.91479167" lon="16.70315">
        <ele>295</ele>
        <time>2025-07-14T12:12:35Z</time>
      </trkpt>
      <trkpt lat="46.91493833" lon="16.70312167">
        <ele>295.1</ele>
        <time>2025-07-14T12:12:36Z</time>
      </trkpt>
      <trkpt lat="46.91508833" lon="16.70308667">
        <ele>295.4</ele>
        <time>2025-07-14T12:12:37Z</time>
      </trkpt>
      <trkpt lat="46.91524333" lon="16.70305833">
        <ele>295.5</ele>
        <time>2025-07-14T12:12:38Z</time>
      </trkpt>
      <trkpt lat="46.91539833" lon="16.70303">
        <ele>294.9</ele>
        <time>2025-07-14T12:12:39Z</time>
      </trkpt>
      <trkpt lat="46.91555" lon="16.70299833">
        <ele>295.3</ele>
        <time>2025-07-14T12:12:40Z</time>
      </trkpt>
      <trkpt lat="46.91570667" lon="16.702965">
        <ele>295.7</ele>
        <time>2025-07-14T12:12:41Z</time>
      </trkpt>
      <trkpt lat="46.91586667" lon="16.702925">
        <ele>296.1</ele>
        <time>2025-07-14T12:12:42Z</time>
      </trkpt>
      <trkpt lat="46.91603167" lon="16.70288">
        <ele>296.5</ele>
        <time>2025-07-14T12:12:43Z</time>
      </trkpt>
      <trkpt lat="46.91619333" lon="16.70285333">
        <ele>297.2</ele>
        <time>2025-07-14T12:12:44Z</time>
      </trkpt>
      <trkpt lat="46.91635833" lon="16.70282167">
        <ele>297.3</ele>
        <time>2025-07-14T12:12:45Z</time>
      </trkpt>
      <trkpt lat="46.91652167" lon="16.70279167">
        <ele>297.4</ele>
        <time>2025-07-14T12:12:46Z</time>
      </trkpt>
      <trkpt lat="46.91669167" lon="16.70275833">
        <ele>297.1</ele>
        <time>2025-07-14T12:12:47Z</time>
      </trkpt>
      <trkpt lat="46.916855" lon="16.70272">
        <ele>297.2</ele>
        <time>2025-07-14T12:12:48Z</time>
      </trkpt>
      <trkpt lat="46.91701833" lon="16.70269167">
        <ele>297.7</ele>
        <time>2025-07-14T12:12:49Z</time>
      </trkpt>
      <trkpt lat="46.91718833" lon="16.702655">
        <ele>297.6</ele>
        <time>2025-07-14T12:12:50Z</time>
      </trkpt>
      <trkpt lat="46.91735833" lon="16.702625">
        <ele>297.2</ele>
        <time>2025-07-14T12:12:51Z</time>
      </trkpt>
      <trkpt lat="46.917525" lon="16.70259167">
        <ele>297.5</ele>
        <time>2025-07-14T12:12:52Z</time>
      </trkpt>
      <trkpt lat="46.91769" lon="16.70256">
        <ele>297.6</ele>
        <time>2025-07-14T12:12:53Z</time>
      </trkpt>
      <trkpt lat="46.91785833" lon="16.70251833">
        <ele>297.9</ele>
        <time>2025-07-14T12:12:54Z</time>
      </trkpt>
      <trkpt lat="46.91801667" lon="16.70249">
        <ele>297.6</ele>
        <time>2025-07-14T12:12:55Z</time>
      </trkpt>
      <trkpt lat="46.91818333" lon="16.702455">
        <ele>298</ele>
        <time>2025-07-14T12:12:56Z</time>
      </trkpt>
      <trkpt lat="46.91834667" lon="16.70243">
        <ele>297.8</ele>
        <time>2025-07-14T12:12:57Z</time>
      </trkpt>
      <trkpt lat="46.91851" lon="16.70239333">
        <ele>298.2</ele>
        <time>2025-07-14T12:12:58Z</time>
      </trkpt>
      <trkpt lat="46.91868" lon="16.702355">
        <ele>298.2</ele>
        <time>2025-07-14T12:12:59Z</time>
      </trkpt>
      <trkpt lat="46.91884667" lon="16.702315">
        <ele>297.9</ele>
        <time>2025-07-14T12:13:00Z</time>
      </trkpt>
      <trkpt lat="46.91901" lon="16.70227833">
        <ele>298.3</ele>
        <time>2025-07-14T12:13:01Z</time>
      </trkpt>
      <trkpt lat="46.919175" lon="16.70224167">
        <ele>298</ele>
        <time>2025-07-14T12:13:02Z</time>
      </trkpt>
      <trkpt lat="46.919345" lon="16.70220833">
        <ele>297.4</ele>
        <time>2025-07-14T12:13:03Z</time>
      </trkpt>
      <trkpt lat="46.91951" lon="16.70218">
        <ele>297.6</ele>
        <time>2025-07-14T12:13:04Z</time>
      </trkpt>
      <trkpt lat="46.91967667" lon="16.702145">
        <ele>297.2</ele>
        <time>2025-07-14T12:13:05Z</time>
      </trkpt>
      <trkpt lat="46.91984167" lon="16.70212">
        <ele>297.3</ele>
        <time>2025-07-14T12:13:06Z</time>
      </trkpt>
      <trkpt lat="46.92001" lon="16.70209167">
        <ele>297.5</ele>
        <time>2025-07-14T12:13:07Z</time>
      </trkpt>
      <trkpt lat="46.92017667" lon="16.702065">
        <ele>297.7</ele>
        <time>2025-07-14T12:13:08Z</time>
      </trkpt>
      <trkpt lat="46.92033833" lon="16.702035">
        <ele>298.2</ele>
        <time>2025-07-14T12:13:09Z</time>
      </trkpt>
      <trkpt lat="46.92050833" lon="16.701995">
        <ele>300.4</ele>
        <time>2025-07-14T12:13:10Z</time>
      </trkpt>
      <trkpt lat="46.92066667" lon="16.70196167">
        <ele>300.5</ele>
        <time>2025-07-14T12:13:11Z</time>
      </trkpt>
      <trkpt lat="46.92083167" lon="16.70192">
        <ele>299.7</ele>
        <time>2025-07-14T12:13:12Z</time>
      </trkpt>
      <trkpt lat="46.92100333" lon="16.701895">
        <ele>298.7</ele>
        <time>2025-07-14T12:13:13Z</time>
      </trkpt>
      <trkpt lat="46.92116667" lon="16.70186167">
        <ele>297.6</ele>
        <time>2025-07-14T12:13:14Z</time>
      </trkpt>
      <trkpt lat="46.92133167" lon="16.70183167">
        <ele>297.6</ele>
        <time>2025-07-14T12:13:15Z</time>
      </trkpt>
      <trkpt lat="46.92148667" lon="16.701785">
        <ele>297</ele>
        <time>2025-07-14T12:13:16Z</time>
      </trkpt>
      <trkpt lat="46.92165" lon="16.70173833">
        <ele>296.7</ele>
        <time>2025-07-14T12:13:17Z</time>
      </trkpt>
      <trkpt lat="46.92182" lon="16.70167333">
        <ele>296.3</ele>
        <time>2025-07-14T12:13:18Z</time>
      </trkpt>
      <trkpt lat="46.92197" lon="16.70159167">
        <ele>296.2</ele>
        <time>2025-07-14T12:13:19Z</time>
      </trkpt>
      <trkpt lat="46.92211667" lon="16.70148">
        <ele>295.6</ele>
        <time>2025-07-14T12:13:20Z</time>
      </trkpt>
      <trkpt lat="46.922265" lon="16.70136667">
        <ele>295</ele>
        <time>2025-07-14T12:13:21Z</time>
      </trkpt>
      <trkpt lat="46.92240833" lon="16.70123333">
        <ele>294.5</ele>
        <time>2025-07-14T12:13:22Z</time>
      </trkpt>
      <trkpt lat="46.92254333" lon="16.70108">
        <ele>294.1</ele>
        <time>2025-07-14T12:13:23Z</time>
      </trkpt>
      <trkpt lat="46.92265833" lon="16.70091333">
        <ele>293.6</ele>
        <time>2025-07-14T12:13:24Z</time>
      </trkpt>
      <trkpt lat="46.922775" lon="16.70073">
        <ele>293.6</ele>
        <time>2025-07-14T12:13:25Z</time>
      </trkpt>
      <trkpt lat="46.92289167" lon="16.700545">
        <ele>294.1</ele>
        <time>2025-07-14T12:13:26Z</time>
      </trkpt>
      <trkpt lat="46.92299333" lon="16.70035">
        <ele>294.6</ele>
        <time>2025-07-14T12:13:27Z</time>
      </trkpt>
      <trkpt lat="46.92309333" lon="16.70014833">
        <ele>295.5</ele>
        <time>2025-07-14T12:13:28Z</time>
      </trkpt>
      <trkpt lat="46.923185" lon="16.69995">
        <ele>295.2</ele>
        <time>2025-07-14T12:13:29Z</time>
      </trkpt>
      <trkpt lat="46.92327333" lon="16.69975167">
        <ele>294.7</ele>
        <time>2025-07-14T12:13:30Z</time>
      </trkpt>
      <trkpt lat="46.92336833" lon="16.69955667">
        <ele>294.8</ele>
        <time>2025-07-14T12:13:31Z</time>
      </trkpt>
      <trkpt lat="46.92346" lon="16.69935833">
        <ele>294</ele>
        <time>2025-07-14T12:13:32Z</time>
      </trkpt>
      <trkpt lat="46.92354833" lon="16.69915667">
        <ele>293.7</ele>
        <time>2025-07-14T12:13:33Z</time>
      </trkpt>
      <trkpt lat="46.92364333" lon="16.69896167">
        <ele>294</ele>
        <time>2025-07-14T12:13:34Z</time>
      </trkpt>
      <trkpt lat="46.92373333" lon="16.698755">
        <ele>293.8</ele>
        <time>2025-07-14T12:13:35Z</time>
      </trkpt>
      <trkpt lat="46.923825" lon="16.698555">
        <ele>295.7</ele>
        <time>2025-07-14T12:13:36Z</time>
      </trkpt>
      <trkpt lat="46.92392667" lon="16.69834667">
        <ele>296.1</ele>
        <time>2025-07-14T12:13:37Z</time>
      </trkpt>
      <trkpt lat="46.92402" lon="16.698145">
        <ele>296.6</ele>
        <time>2025-07-14T12:13:38Z</time>
      </trkpt>
      <trkpt lat="46.92411" lon="16.697945">
        <ele>297.4</ele>
        <time>2025-07-14T12:13:39Z</time>
      </trkpt>
      <trkpt lat="46.9242" lon="16.697745">
        <ele>298</ele>
        <time>2025-07-14T12:13:40Z</time>
      </trkpt>
      <trkpt lat="46.92429333" lon="16.69754">
        <ele>298</ele>
        <time>2025-07-14T12:13:41Z</time>
      </trkpt>
      <trkpt lat="46.92439" lon="16.69734333">
        <ele>298.5</ele>
        <time>2025-07-14T12:13:42Z</time>
      </trkpt>
      <trkpt lat="46.92447833" lon="16.69714667">
        <ele>298.7</ele>
        <time>2025-07-14T12:13:43Z</time>
      </trkpt>
      <trkpt lat="46.92457167" lon="16.69693333">
        <ele>298.2</ele>
        <time>2025-07-14T12:13:44Z</time>
      </trkpt>
      <trkpt lat="46.92466667" lon="16.69673167">
        <ele>297.7</ele>
        <time>2025-07-14T12:13:45Z</time>
      </trkpt>
      <trkpt lat="46.92476333" lon="16.69653167">
        <ele>297.9</ele>
        <time>2025-07-14T12:13:46Z</time>
      </trkpt>
      <trkpt lat="46.92485167" lon="16.69632667">
        <ele>297.4</ele>
        <time>2025-07-14T12:13:47Z</time>
      </trkpt>
      <trkpt lat="46.924945" lon="16.69612167">
        <ele>297.6</ele>
        <time>2025-07-14T12:13:48Z</time>
      </trkpt>
      <trkpt lat="46.92503167" lon="16.69592167">
        <ele>297.8</ele>
        <time>2025-07-14T12:13:49Z</time>
      </trkpt>
      <trkpt lat="46.92512667" lon="16.69571833">
        <ele>297.4</ele>
        <time>2025-07-14T12:13:50Z</time>
      </trkpt>
      <trkpt lat="46.92522833" lon="16.695515">
        <ele>296.2</ele>
        <time>2025-07-14T12:13:51Z</time>
      </trkpt>
      <trkpt lat="46.92532667" lon="16.69530667">
        <ele>295.9</ele>
        <time>2025-07-14T12:13:52Z</time>
      </trkpt>
      <trkpt lat="46.92543" lon="16.69510167">
        <ele>295.9</ele>
        <time>2025-07-14T12:13:53Z</time>
      </trkpt>
      <trkpt lat="46.92552333" lon="16.69492167">
        <ele>296.5</ele>
        <time>2025-07-14T12:13:54Z</time>
      </trkpt>
      <trkpt lat="46.925625" lon="16.69475333">
        <ele>296.3</ele>
        <time>2025-07-14T12:13:55Z</time>
      </trkpt>
      <trkpt lat="46.92573667" lon="16.69459667">
        <ele>296.5</ele>
        <time>2025-07-14T12:13:56Z</time>
      </trkpt>
      <trkpt lat="46.92586167" lon="16.69445333">
        <ele>296.5</ele>
        <time>2025-07-14T12:13:57Z</time>
      </trkpt>
      <trkpt lat="46.925985" lon="16.69433833">
        <ele>298.1</ele>
        <time>2025-07-14T12:13:58Z</time>
      </trkpt>
      <trkpt lat="46.92613167" lon="16.69422833">
        <ele>298.2</ele>
        <time>2025-07-14T12:13:59Z</time>
      </trkpt>
      <trkpt lat="46.92629167" lon="16.69414167">
        <ele>297.9</ele>
        <time>2025-07-14T12:14:00Z</time>
      </trkpt>
      <trkpt lat="46.92643833" lon="16.694065">
        <ele>297.4</ele>
        <time>2025-07-14T12:14:01Z</time>
      </trkpt>
      <trkpt lat="46.92658167" lon="16.69399667">
        <ele>296.5</ele>
        <time>2025-07-14T12:14:02Z</time>
      </trkpt>
      <trkpt lat="46.92673" lon="16.69393667">
        <ele>294.6</ele>
        <time>2025-07-14T12:14:03Z</time>
      </trkpt>
      <trkpt lat="46.92687833" lon="16.69386667">
        <ele>293.7</ele>
        <time>2025-07-14T12:14:04Z</time>
      </trkpt>
      <trkpt lat="46.92702333" lon="16.69379333">
        <ele>292.9</ele>
        <time>2025-07-14T12:14:05Z</time>
      </trkpt>
      <trkpt lat="46.92717" lon="16.693725">
        <ele>292.9</ele>
        <time>2025-07-14T12:14:06Z</time>
      </trkpt>
      <trkpt lat="46.927315" lon="16.69365833">
        <ele>291.9</ele>
        <time>2025-07-14T12:14:07Z</time>
      </trkpt>
      <trkpt lat="46.92745333" lon="16.69358333">
        <ele>291.6</ele>
        <time>2025-07-14T12:14:08Z</time>
      </trkpt>
      <trkpt lat="46.927595" lon="16.69351333">
        <ele>290.8</ele>
        <time>2025-07-14T12:14:09Z</time>
      </trkpt>
      <trkpt lat="46.92774167" lon="16.69344333">
        <ele>289.6</ele>
        <time>2025-07-14T12:14:10Z</time>
      </trkpt>
      <trkpt lat="46.92787167" lon="16.69338167">
        <ele>289.8</ele>
        <time>2025-07-14T12:14:11Z</time>
      </trkpt>
      <trkpt lat="46.92800833" lon="16.69332">
        <ele>289.2</ele>
        <time>2025-07-14T12:14:12Z</time>
      </trkpt>
      <trkpt lat="46.928145" lon="16.69326">
        <ele>289</ele>
        <time>2025-07-14T12:14:13Z</time>
      </trkpt>
      <trkpt lat="46.928285" lon="16.69319167">
        <ele>288.9</ele>
        <time>2025-07-14T12:14:14Z</time>
      </trkpt>
      <trkpt lat="46.92842333" lon="16.69312833">
        <ele>289.1</ele>
        <time>2025-07-14T12:14:15Z</time>
      </trkpt>
      <trkpt lat="46.928565" lon="16.693065">
        <ele>288.3</ele>
        <time>2025-07-14T12:14:16Z</time>
      </trkpt>
      <trkpt lat="46.92870333" lon="16.69299167">
        <ele>288</ele>
        <time>2025-07-14T12:14:17Z</time>
      </trkpt>
      <trkpt lat="46.92883667" lon="16.69290167">
        <ele>288.1</ele>
        <time>2025-07-14T12:14:18Z</time>
      </trkpt>
      <trkpt lat="46.92895667" lon="16.69280333">
        <ele>287.9</ele>
        <time>2025-07-14T12:14:19Z</time>
      </trkpt>
      <trkpt lat="46.92907167" lon="16.69269833">
        <ele>287.9</ele>
        <time>2025-07-14T12:14:20Z</time>
      </trkpt>
      <trkpt lat="46.929195" lon="16.69254167">
        <ele>284.9</ele>
        <time>2025-07-14T12:14:21Z</time>
      </trkpt>
      <trkpt lat="46.92929333" lon="16.6924">
        <ele>283.2</ele>
        <time>2025-07-14T12:14:22Z</time>
      </trkpt>
      <trkpt lat="46.92937667" lon="16.69223167">
        <ele>282.1</ele>
        <time>2025-07-14T12:14:23Z</time>
      </trkpt>
      <trkpt lat="46.92944667" lon="16.69205">
        <ele>280.7</ele>
        <time>2025-07-14T12:14:24Z</time>
      </trkpt>
      <trkpt lat="46.92952667" lon="16.69184833">
        <ele>279.9</ele>
        <time>2025-07-14T12:14:25Z</time>
      </trkpt>
      <trkpt lat="46.929585" lon="16.69164333">
        <ele>279.2</ele>
        <time>2025-07-14T12:14:26Z</time>
      </trkpt>
      <trkpt lat="46.92963" lon="16.69143">
        <ele>277.7</ele>
        <time>2025-07-14T12:14:27Z</time>
      </trkpt>
      <trkpt lat="46.92966833" lon="16.69121833">
        <ele>277</ele>
        <time>2025-07-14T12:14:28Z</time>
      </trkpt>
      <trkpt lat="46.92970667" lon="16.69099">
        <ele>278.4</ele>
        <time>2025-07-14T12:14:29Z</time>
      </trkpt>
      <trkpt lat="46.92974" lon="16.69076667">
        <ele>280.4</ele>
        <time>2025-07-14T12:14:30Z</time>
      </trkpt>
      <trkpt lat="46.92977" lon="16.690545">
        <ele>283.1</ele>
        <time>2025-07-14T12:14:31Z</time>
      </trkpt>
      <trkpt lat="46.92979167" lon="16.6903">
        <ele>284.7</ele>
        <time>2025-07-14T12:14:32Z</time>
      </trkpt>
      <trkpt lat="46.92982167" lon="16.69005167">
        <ele>284.8</ele>
        <time>2025-07-14T12:14:33Z</time>
      </trkpt>
      <trkpt lat="46.92985333" lon="16.68981333">
        <ele>284.3</ele>
        <time>2025-07-14T12:14:34Z</time>
      </trkpt>
      <trkpt lat="46.92990333" lon="16.68957167">
        <ele>282.2</ele>
        <time>2025-07-14T12:14:35Z</time>
      </trkpt>
      <trkpt lat="46.92993333" lon="16.68933">
        <ele>277.2</ele>
        <time>2025-07-14T12:14:36Z</time>
      </trkpt>
      <trkpt lat="46.92995" lon="16.68907833">
        <ele>274.4</ele>
        <time>2025-07-14T12:14:37Z</time>
      </trkpt>
      <trkpt lat="46.92997167" lon="16.68882167">
        <ele>273.1</ele>
        <time>2025-07-14T12:14:38Z</time>
      </trkpt>
      <trkpt lat="46.93" lon="16.688585">
        <ele>272.3</ele>
        <time>2025-07-14T12:14:39Z</time>
      </trkpt>
      <trkpt lat="46.93003167" lon="16.68835">
        <ele>271.1</ele>
        <time>2025-07-14T12:14:40Z</time>
      </trkpt>
      <trkpt lat="46.93006167" lon="16.68810833">
        <ele>270.7</ele>
        <time>2025-07-14T12:14:41Z</time>
      </trkpt>
      <trkpt lat="46.930095" lon="16.68786333">
        <ele>270.5</ele>
        <time>2025-07-14T12:14:42Z</time>
      </trkpt>
      <trkpt lat="46.93012833" lon="16.68762167">
        <ele>269.9</ele>
        <time>2025-07-14T12:14:43Z</time>
      </trkpt>
      <trkpt lat="46.930165" lon="16.68738167">
        <ele>271.5</ele>
        <time>2025-07-14T12:14:44Z</time>
      </trkpt>
      <trkpt lat="46.93019" lon="16.687135">
        <ele>271</ele>
        <time>2025-07-14T12:14:45Z</time>
      </trkpt>
      <trkpt lat="46.93022167" lon="16.6869">
        <ele>270.7</ele>
        <time>2025-07-14T12:14:46Z</time>
      </trkpt>
      <trkpt lat="46.93025333" lon="16.68667333">
        <ele>270</ele>
        <time>2025-07-14T12:14:47Z</time>
      </trkpt>
      <trkpt lat="46.93028333" lon="16.68644667">
        <ele>267.5</ele>
        <time>2025-07-14T12:14:48Z</time>
      </trkpt>
      <trkpt lat="46.930315" lon="16.686215">
        <ele>266.5</ele>
        <time>2025-07-14T12:14:49Z</time>
      </trkpt>
      <trkpt lat="46.930345" lon="16.685985">
        <ele>265.2</ele>
        <time>2025-07-14T12:14:50Z</time>
      </trkpt>
      <trkpt lat="46.93037" lon="16.68576">
        <ele>265.5</ele>
        <time>2025-07-14T12:14:51Z</time>
      </trkpt>
      <trkpt lat="46.93039833" lon="16.68554">
        <ele>266.2</ele>
        <time>2025-07-14T12:14:52Z</time>
      </trkpt>
      <trkpt lat="46.93043333" lon="16.685315">
        <ele>265.8</ele>
        <time>2025-07-14T12:14:53Z</time>
      </trkpt>
      <trkpt lat="46.93046333" lon="16.68509667">
        <ele>265.2</ele>
        <time>2025-07-14T12:14:54Z</time>
      </trkpt>
      <trkpt lat="46.93049" lon="16.68488167">
        <ele>264.3</ele>
        <time>2025-07-14T12:14:55Z</time>
      </trkpt>
      <trkpt lat="46.93051167" lon="16.68467167">
        <ele>264.6</ele>
        <time>2025-07-14T12:14:56Z</time>
      </trkpt>
      <trkpt lat="46.93053333" lon="16.68445333">
        <ele>265</ele>
        <time>2025-07-14T12:14:57Z</time>
      </trkpt>
      <trkpt lat="46.93055833" lon="16.684235">
        <ele>264.1</ele>
        <time>2025-07-14T12:14:58Z</time>
      </trkpt>
      <trkpt lat="46.93058167" lon="16.68399167">
        <ele>263</ele>
        <time>2025-07-14T12:14:59Z</time>
      </trkpt>
      <trkpt lat="46.930595" lon="16.68375667">
        <ele>262.3</ele>
        <time>2025-07-14T12:15:00Z</time>
      </trkpt>
      <trkpt lat="46.930615" lon="16.68352">
        <ele>261.4</ele>
        <time>2025-07-14T12:15:01Z</time>
      </trkpt>
      <trkpt lat="46.93063333" lon="16.68328667">
        <ele>259.4</ele>
        <time>2025-07-14T12:15:02Z</time>
      </trkpt>
      <trkpt lat="46.930655" lon="16.68304833">
        <ele>258.9</ele>
        <time>2025-07-14T12:15:03Z</time>
      </trkpt>
      <trkpt lat="46.93067833" lon="16.68281">
        <ele>258.3</ele>
        <time>2025-07-14T12:15:04Z</time>
      </trkpt>
      <trkpt lat="46.93069833" lon="16.68256833">
        <ele>256.8</ele>
        <time>2025-07-14T12:15:05Z</time>
      </trkpt>
      <trkpt lat="46.93071833" lon="16.68231667">
        <ele>255</ele>
        <time>2025-07-14T12:15:06Z</time>
      </trkpt>
      <trkpt lat="46.93075167" lon="16.68207167">
        <ele>253.7</ele>
        <time>2025-07-14T12:15:07Z</time>
      </trkpt>
      <trkpt lat="46.93078167" lon="16.68181">
        <ele>252.9</ele>
        <time>2025-07-14T12:15:08Z</time>
      </trkpt>
      <trkpt lat="46.930805" lon="16.68154167">
        <ele>251.9</ele>
        <time>2025-07-14T12:15:09Z</time>
      </trkpt>
      <trkpt lat="46.93083" lon="16.68127667">
        <ele>251.3</ele>
        <time>2025-07-14T12:15:10Z</time>
      </trkpt>
      <trkpt lat="46.930865" lon="16.681005">
        <ele>249.7</ele>
        <time>2025-07-14T12:15:11Z</time>
      </trkpt>
      <trkpt lat="46.9309" lon="16.68073167">
        <ele>248.6</ele>
        <time>2025-07-14T12:15:12Z</time>
      </trkpt>
      <trkpt lat="46.93092167" lon="16.68046167">
        <ele>248.4</ele>
        <time>2025-07-14T12:15:13Z</time>
      </trkpt>
      <trkpt lat="46.93094333" lon="16.68020167">
        <ele>248.4</ele>
        <time>2025-07-14T12:15:14Z</time>
      </trkpt>
      <trkpt lat="46.93097" lon="16.67993833">
        <ele>247.2</ele>
        <time>2025-07-14T12:15:15Z</time>
      </trkpt>
      <trkpt lat="46.930995" lon="16.67968">
        <ele>245.6</ele>
        <time>2025-07-14T12:15:16Z</time>
      </trkpt>
      <trkpt lat="46.93101667" lon="16.67943167">
        <ele>244.7</ele>
        <time>2025-07-14T12:15:17Z</time>
      </trkpt>
      <trkpt lat="46.93104" lon="16.67919">
        <ele>248</ele>
        <time>2025-07-14T12:15:18Z</time>
      </trkpt>
      <trkpt lat="46.93108" lon="16.678965">
        <ele>247.3</ele>
        <time>2025-07-14T12:15:19Z</time>
      </trkpt>
      <trkpt lat="46.93114167" lon="16.67875667">
        <ele>247.1</ele>
        <time>2025-07-14T12:15:20Z</time>
      </trkpt>
      <trkpt lat="46.931205" lon="16.67854833">
        <ele>246</ele>
        <time>2025-07-14T12:15:21Z</time>
      </trkpt>
      <trkpt lat="46.93129167" lon="16.678345">
        <ele>246</ele>
        <time>2025-07-14T12:15:22Z</time>
      </trkpt>
      <trkpt lat="46.931385" lon="16.67815">
        <ele>247.5</ele>
        <time>2025-07-14T12:15:23Z</time>
      </trkpt>
      <trkpt lat="46.93148833" lon="16.67797167">
        <ele>246.3</ele>
        <time>2025-07-14T12:15:24Z</time>
      </trkpt>
      <trkpt lat="46.931605" lon="16.67779">
        <ele>246.3</ele>
        <time>2025-07-14T12:15:25Z</time>
      </trkpt>
      <trkpt lat="46.931725" lon="16.67761333">
        <ele>246.4</ele>
        <time>2025-07-14T12:15:26Z</time>
      </trkpt>
      <trkpt lat="46.931845" lon="16.67743167">
        <ele>246.8</ele>
        <time>2025-07-14T12:15:27Z</time>
      </trkpt>
      <trkpt lat="46.93196667" lon="16.67723667">
        <ele>246.1</ele>
        <time>2025-07-14T12:15:28Z</time>
      </trkpt>
      <trkpt lat="46.932085" lon="16.67705333">
        <ele>245.9</ele>
        <time>2025-07-14T12:15:29Z</time>
      </trkpt>
      <trkpt lat="46.93220167" lon="16.67687167">
        <ele>246.1</ele>
        <time>2025-07-14T12:15:30Z</time>
      </trkpt>
      <trkpt lat="46.93231833" lon="16.67669667">
        <ele>246.5</ele>
        <time>2025-07-14T12:15:31Z</time>
      </trkpt>
      <trkpt lat="46.93240833" lon="16.67654">
        <ele>250.2</ele>
        <time>2025-07-14T12:15:32Z</time>
      </trkpt>
      <trkpt lat="46.93250833" lon="16.67636667">
        <ele>253.2</ele>
        <time>2025-07-14T12:15:33Z</time>
      </trkpt>
      <trkpt lat="46.93260667" lon="16.67617167">
        <ele>253.5</ele>
        <time>2025-07-14T12:15:34Z</time>
      </trkpt>
      <trkpt lat="46.932695" lon="16.67597667">
        <ele>255</ele>
        <time>2025-07-14T12:15:35Z</time>
      </trkpt>
      <trkpt lat="46.93277833" lon="16.67578833">
        <ele>256.4</ele>
        <time>2025-07-14T12:15:36Z</time>
      </trkpt>
      <trkpt lat="46.93285167" lon="16.67558">
        <ele>256.8</ele>
        <time>2025-07-14T12:15:37Z</time>
      </trkpt>
      <trkpt lat="46.93290667" lon="16.67536167">
        <ele>256</ele>
        <time>2025-07-14T12:15:38Z</time>
      </trkpt>
      <trkpt lat="46.93294" lon="16.67514">
        <ele>256.5</ele>
        <time>2025-07-14T12:15:39Z</time>
      </trkpt>
      <trkpt lat="46.93295833" lon="16.67491667">
        <ele>257.4</ele>
        <time>2025-07-14T12:15:40Z</time>
      </trkpt>
      <trkpt lat="46.93296333" lon="16.674705">
        <ele>259.2</ele>
        <time>2025-07-14T12:15:41Z</time>
      </trkpt>
      <trkpt lat="46.932975" lon="16.67449">
        <ele>262</ele>
        <time>2025-07-14T12:15:42Z</time>
      </trkpt>
      <trkpt lat="46.93297667" lon="16.67427833">
        <ele>263.4</ele>
        <time>2025-07-14T12:15:43Z</time>
      </trkpt>
      <trkpt lat="46.93298" lon="16.67405667">
        <ele>263.8</ele>
        <time>2025-07-14T12:15:44Z</time>
      </trkpt>
      <trkpt lat="46.93298167" lon="16.67383833">
        <ele>264.3</ele>
        <time>2025-07-14T12:15:45Z</time>
      </trkpt>
      <trkpt lat="46.93299167" lon="16.673605">
        <ele>264.5</ele>
        <time>2025-07-14T12:15:46Z</time>
      </trkpt>
      <trkpt lat="46.93299667" lon="16.673385">
        <ele>264.9</ele>
        <time>2025-07-14T12:15:47Z</time>
      </trkpt>
      <trkpt lat="46.93300167" lon="16.67317167">
        <ele>265.6</ele>
        <time>2025-07-14T12:15:48Z</time>
      </trkpt>
      <trkpt lat="46.93301333" lon="16.67296667">
        <ele>265.8</ele>
        <time>2025-07-14T12:15:49Z</time>
      </trkpt>
      <trkpt lat="46.93303833" lon="16.67275667">
        <ele>265.4</ele>
        <time>2025-07-14T12:15:50Z</time>
      </trkpt>
      <trkpt lat="46.93306333" lon="16.67255833">
        <ele>265.1</ele>
        <time>2025-07-14T12:15:51Z</time>
      </trkpt>
      <trkpt lat="46.93309" lon="16.67235167">
        <ele>264.6</ele>
        <time>2025-07-14T12:15:52Z</time>
      </trkpt>
      <trkpt lat="46.93312" lon="16.67215667">
        <ele>264.3</ele>
        <time>2025-07-14T12:15:53Z</time>
      </trkpt>
      <trkpt lat="46.93315167" lon="16.67197167">
        <ele>264.1</ele>
        <time>2025-07-14T12:15:54Z</time>
      </trkpt>
      <trkpt lat="46.93318333" lon="16.67179833">
        <ele>264.5</ele>
        <time>2025-07-14T12:15:55Z</time>
      </trkpt>
      <trkpt lat="46.93322167" lon="16.67162833">
        <ele>264.6</ele>
        <time>2025-07-14T12:15:56Z</time>
      </trkpt>
      <trkpt lat="46.93325333" lon="16.671475">
        <ele>264.1</ele>
        <time>2025-07-14T12:15:57Z</time>
      </trkpt>
      <trkpt lat="46.93328167" lon="16.67133667">
        <ele>263.4</ele>
        <time>2025-07-14T12:15:58Z</time>
      </trkpt>
      <trkpt lat="46.93333" lon="16.67112">
        <ele>264.2</ele>
        <time>2025-07-14T12:16:00Z</time>
      </trkpt>
      <trkpt lat="46.93337" lon="16.67095">
        <ele>265.2</ele>
        <time>2025-07-14T12:16:02Z</time>
      </trkpt>
      <trkpt lat="46.93335333" lon="16.67080333">
        <ele>266</ele>
        <time>2025-07-14T12:16:04Z</time>
      </trkpt>
      <trkpt lat="46.93328" lon="16.67066833">
        <ele>266.2</ele>
        <time>2025-07-14T12:16:06Z</time>
      </trkpt>
      <trkpt lat="46.93318833" lon="16.67056333">
        <ele>266.7</ele>
        <time>2025-07-14T12:16:08Z</time>
      </trkpt>
      <trkpt lat="46.93310333" lon="16.670505">
        <ele>267.6</ele>
        <time>2025-07-14T12:16:11Z</time>
      </trkpt>
      <trkpt lat="46.932995" lon="16.670445">
        <ele>268.4</ele>
        <time>2025-07-14T12:16:28Z</time>
      </trkpt>
      <trkpt lat="46.93290667" lon="16.67040167">
        <ele>269.1</ele>
        <time>2025-07-14T12:16:30Z</time>
      </trkpt>
      <trkpt lat="46.93279" lon="16.670345">
        <ele>269.1</ele>
        <time>2025-07-14T12:16:32Z</time>
      </trkpt>
      <trkpt lat="46.93265" lon="16.67027667">
        <ele>268.5</ele>
        <time>2025-07-14T12:16:34Z</time>
      </trkpt>
      <trkpt lat="46.93250167" lon="16.67020333">
        <ele>268.6</ele>
        <time>2025-07-14T12:16:36Z</time>
      </trkpt>
      <trkpt lat="46.93234667" lon="16.67012333">
        <ele>267.8</ele>
        <time>2025-07-14T12:16:38Z</time>
      </trkpt>
      <trkpt lat="46.93225667" lon="16.67009333">
        <ele>268.4</ele>
        <time>2025-07-14T12:16:39Z</time>
      </trkpt>
      <trkpt lat="46.932165" lon="16.670065">
        <ele>268.6</ele>
        <time>2025-07-14T12:16:40Z</time>
      </trkpt>
      <trkpt lat="46.93206833" lon="16.67002833">
        <ele>269.2</ele>
        <time>2025-07-14T12:16:41Z</time>
      </trkpt>
      <trkpt lat="46.93197" lon="16.67">
        <ele>269.7</ele>
        <time>2025-07-14T12:16:42Z</time>
      </trkpt>
      <trkpt lat="46.93186333" lon="16.66996">
        <ele>269.7</ele>
        <time>2025-07-14T12:16:43Z</time>
      </trkpt>
      <trkpt lat="46.93175833" lon="16.66992">
        <ele>269.8</ele>
        <time>2025-07-14T12:16:44Z</time>
      </trkpt>
      <trkpt lat="46.93165667" lon="16.66988167">
        <ele>269.8</ele>
        <time>2025-07-14T12:16:45Z</time>
      </trkpt>
      <trkpt lat="46.93155333" lon="16.66986667">
        <ele>269.3</ele>
        <time>2025-07-14T12:16:46Z</time>
      </trkpt>
      <trkpt lat="46.93144667" lon="16.66986333">
        <ele>268.8</ele>
        <time>2025-07-14T12:16:47Z</time>
      </trkpt>
      <trkpt lat="46.93133667" lon="16.669875">
        <ele>268.3</ele>
        <time>2025-07-14T12:16:48Z</time>
      </trkpt>
      <trkpt lat="46.93121833" lon="16.66991333">
        <ele>267.7</ele>
        <time>2025-07-14T12:16:49Z</time>
      </trkpt>
      <trkpt lat="46.93109667" lon="16.669955">
        <ele>267.4</ele>
        <time>2025-07-14T12:16:50Z</time>
      </trkpt>
      <trkpt lat="46.93096667" lon="16.67000667">
        <ele>267.7</ele>
        <time>2025-07-14T12:16:51Z</time>
      </trkpt>
      <trkpt lat="46.930835" lon="16.67005833">
        <ele>268.2</ele>
        <time>2025-07-14T12:16:52Z</time>
      </trkpt>
      <trkpt lat="46.9307" lon="16.67011667">
        <ele>268.5</ele>
        <time>2025-07-14T12:16:53Z</time>
      </trkpt>
      <trkpt lat="46.93057167" lon="16.67017">
        <ele>269.2</ele>
        <time>2025-07-14T12:16:54Z</time>
      </trkpt>
      <trkpt lat="46.93044167" lon="16.67022167">
        <ele>269.6</ele>
        <time>2025-07-14T12:16:55Z</time>
      </trkpt>
      <trkpt lat="46.93030833" lon="16.67027333">
        <ele>268.9</ele>
        <time>2025-07-14T12:16:56Z</time>
      </trkpt>
      <trkpt lat="46.93018333" lon="16.67031833">
        <ele>269.5</ele>
        <time>2025-07-14T12:16:57Z</time>
      </trkpt>
      <trkpt lat="46.93006" lon="16.67036167">
        <ele>269.9</ele>
        <time>2025-07-14T12:16:58Z</time>
      </trkpt>
      <trkpt lat="46.929935" lon="16.67041167">
        <ele>269.6</ele>
        <time>2025-07-14T12:16:59Z</time>
      </trkpt>
      <trkpt lat="46.92980833" lon="16.67045333">
        <ele>269.4</ele>
        <time>2025-07-14T12:17:00Z</time>
      </trkpt>
      <trkpt lat="46.92968167" lon="16.67050667">
        <ele>269.2</ele>
        <time>2025-07-14T12:17:01Z</time>
      </trkpt>
      <trkpt lat="46.92955" lon="16.67055667">
        <ele>269.5</ele>
        <time>2025-07-14T12:17:02Z</time>
      </trkpt>
      <trkpt lat="46.929415" lon="16.67061167">
        <ele>269</ele>
        <time>2025-07-14T12:17:03Z</time>
      </trkpt>
      <trkpt lat="46.92928333" lon="16.67066667">
        <ele>268.8</ele>
        <time>2025-07-14T12:17:04Z</time>
      </trkpt>
      <trkpt lat="46.92914667" lon="16.67072333">
        <ele>268.7</ele>
        <time>2025-07-14T12:17:05Z</time>
      </trkpt>
      <trkpt lat="46.92901333" lon="16.67077333">
        <ele>268.1</ele>
        <time>2025-07-14T12:17:06Z</time>
      </trkpt>
      <trkpt lat="46.92887833" lon="16.67083167">
        <ele>268</ele>
        <time>2025-07-14T12:17:07Z</time>
      </trkpt>
      <trkpt lat="46.92874333" lon="16.67088333">
        <ele>267.8</ele>
        <time>2025-07-14T12:17:08Z</time>
      </trkpt>
      <trkpt lat="46.928615" lon="16.67092833">
        <ele>268</ele>
        <time>2025-07-14T12:17:09Z</time>
      </trkpt>
      <trkpt lat="46.928485" lon="16.67097833">
        <ele>268.1</ele>
        <time>2025-07-14T12:17:10Z</time>
      </trkpt>
      <trkpt lat="46.92835667" lon="16.67102833">
        <ele>268.1</ele>
        <time>2025-07-14T12:17:11Z</time>
      </trkpt>
      <trkpt lat="46.92822667" lon="16.67107667">
        <ele>267.5</ele>
        <time>2025-07-14T12:17:12Z</time>
      </trkpt>
      <trkpt lat="46.92810167" lon="16.67112667">
        <ele>264.8</ele>
        <time>2025-07-14T12:17:13Z</time>
      </trkpt>
      <trkpt lat="46.92798333" lon="16.67117833">
        <ele>264.9</ele>
        <time>2025-07-14T12:17:14Z</time>
      </trkpt>
      <trkpt lat="46.92786333" lon="16.67122833">
        <ele>264.8</ele>
        <time>2025-07-14T12:17:15Z</time>
      </trkpt>
      <trkpt lat="46.92774167" lon="16.67127">
        <ele>265.2</ele>
        <time>2025-07-14T12:17:16Z</time>
      </trkpt>
      <trkpt lat="46.92763" lon="16.671335">
        <ele>265.9</ele>
        <time>2025-07-14T12:17:17Z</time>
      </trkpt>
      <trkpt lat="46.92752667" lon="16.67140833">
        <ele>265.9</ele>
        <time>2025-07-14T12:17:18Z</time>
      </trkpt>
      <trkpt lat="46.92741167" lon="16.671485">
        <ele>265.7</ele>
        <time>2025-07-14T12:17:19Z</time>
      </trkpt>
      <trkpt lat="46.92729833" lon="16.67158167">
        <ele>265.7</ele>
        <time>2025-07-14T12:17:20Z</time>
      </trkpt>
      <trkpt lat="46.927195" lon="16.67167167">
        <ele>265.9</ele>
        <time>2025-07-14T12:17:21Z</time>
      </trkpt>
      <trkpt lat="46.927085" lon="16.67175167">
        <ele>266.3</ele>
        <time>2025-07-14T12:17:22Z</time>
      </trkpt>
      <trkpt lat="46.92699" lon="16.67181167">
        <ele>265.7</ele>
        <time>2025-07-14T12:17:23Z</time>
      </trkpt>
      <trkpt lat="46.92688833" lon="16.67186833">
        <ele>265.2</ele>
        <time>2025-07-14T12:17:24Z</time>
      </trkpt>
      <trkpt lat="46.92679" lon="16.67193">
        <ele>265.2</ele>
        <time>2025-07-14T12:17:25Z</time>
      </trkpt>
      <trkpt lat="46.92669" lon="16.67199167">
        <ele>265.4</ele>
        <time>2025-07-14T12:17:26Z</time>
      </trkpt>
      <trkpt lat="46.92659667" lon="16.672045">
        <ele>264.9</ele>
        <time>2025-07-14T12:17:27Z</time>
      </trkpt>
      <trkpt lat="46.92651" lon="16.67209667">
        <ele>264.4</ele>
        <time>2025-07-14T12:17:28Z</time>
      </trkpt>
      <trkpt lat="46.92636167" lon="16.672155">
        <ele>262.9</ele>
        <time>2025-07-14T12:17:30Z</time>
      </trkpt>
      <trkpt lat="46.92621333" lon="16.67214167">
        <ele>261.6</ele>
        <time>2025-07-14T12:17:32Z</time>
      </trkpt>
      <trkpt lat="46.92607667" lon="16.672005">
        <ele>260.8</ele>
        <time>2025-07-14T12:17:34Z</time>
      </trkpt>
      <trkpt lat="46.92601" lon="16.671775">
        <ele>259.1</ele>
        <time>2025-07-14T12:17:36Z</time>
      </trkpt>
      <trkpt lat="46.925965" lon="16.67152667">
        <ele>257.4</ele>
        <time>2025-07-14T12:17:38Z</time>
      </trkpt>
      <trkpt lat="46.92593" lon="16.671405">
        <ele>256.4</ele>
        <time>2025-07-14T12:17:39Z</time>
      </trkpt>
      <trkpt lat="46.92587167" lon="16.67117667">
        <ele>255.1</ele>
        <time>2025-07-14T12:17:41Z</time>
      </trkpt>
      <trkpt lat="46.925815" lon="16.67095167">
        <ele>254.9</ele>
        <time>2025-07-14T12:17:43Z</time>
      </trkpt>
      <trkpt lat="46.92575833" lon="16.67075">
        <ele>255.3</ele>
        <time>2025-07-14T12:17:45Z</time>
      </trkpt>
      <trkpt lat="46.92569833" lon="16.67054333">
        <ele>256.2</ele>
        <time>2025-07-14T12:17:47Z</time>
      </trkpt>
      <trkpt lat="46.92564833" lon="16.67037667">
        <ele>255.9</ele>
        <time>2025-07-14T12:17:49Z</time>
      </trkpt>
      <trkpt lat="46.92557667" lon="16.67025833">
        <ele>255.7</ele>
        <time>2025-07-14T12:17:51Z</time>
      </trkpt>
      <trkpt lat="46.92546333" lon="16.67023333">
        <ele>255.3</ele>
        <time>2025-07-14T12:17:53Z</time>
      </trkpt>
      <trkpt lat="46.92533333" lon="16.67027333">
        <ele>255.4</ele>
        <time>2025-07-14T12:17:55Z</time>
      </trkpt>
      <trkpt lat="46.9252" lon="16.670325">
        <ele>254.8</ele>
        <time>2025-07-14T12:17:57Z</time>
      </trkpt>
      <trkpt lat="46.92505833" lon="16.67034167">
        <ele>255.5</ele>
        <time>2025-07-14T12:17:59Z</time>
      </trkpt>
      <trkpt lat="46.92491167" lon="16.67036833">
        <ele>256.6</ele>
        <time>2025-07-14T12:18:01Z</time>
      </trkpt>
      <trkpt lat="46.92476167" lon="16.670385">
        <ele>258.9</ele>
        <time>2025-07-14T12:18:03Z</time>
      </trkpt>
      <trkpt lat="46.92462167" lon="16.67042">
        <ele>258.8</ele>
        <time>2025-07-14T12:18:05Z</time>
      </trkpt>
      <trkpt lat="46.92449167" lon="16.670445">
        <ele>257.9</ele>
        <time>2025-07-14T12:18:07Z</time>
      </trkpt>
      <trkpt lat="46.924365" lon="16.6705">
        <ele>256.9</ele>
        <time>2025-07-14T12:18:09Z</time>
      </trkpt>
      <trkpt lat="46.92424667" lon="16.670535">
        <ele>255.6</ele>
        <time>2025-07-14T12:18:11Z</time>
      </trkpt>
      <trkpt lat="46.92413167" lon="16.67058667">
        <ele>255.9</ele>
        <time>2025-07-14T12:18:14Z</time>
      </trkpt>
      <trkpt lat="46.92422" lon="16.67062167">
        <ele>256.4</ele>
        <time>2025-07-14T12:18:36Z</time>
      </trkpt>
      <trkpt lat="46.924315" lon="16.67063167">
        <ele>257.7</ele>
        <time>2025-07-14T12:18:39Z</time>
      </trkpt>
      <trkpt lat="46.92441833" lon="16.67055833">
        <ele>257.5</ele>
        <time>2025-07-14T12:18:43Z</time>
      </trkpt>
      <trkpt lat="46.924515" lon="16.6705">
        <ele>258.5</ele>
        <time>2025-07-14T12:19:07Z</time>
      </trkpt>
      <trkpt lat="46.92463167" lon="16.67044667">
        <ele>258.2</ele>
        <time>2025-07-14T12:19:10Z</time>
      </trkpt>
      <trkpt lat="46.92472667" lon="16.67042667">
        <ele>258.1</ele>
        <time>2025-07-14T12:19:12Z</time>
      </trkpt>
      <trkpt lat="46.924845" lon="16.67042167">
        <ele>258.3</ele>
        <time>2025-07-14T12:19:14Z</time>
      </trkpt>
      <trkpt lat="46.924975" lon="16.67041">
        <ele>258.9</ele>
        <time>2025-07-14T12:19:16Z</time>
      </trkpt>
      <trkpt lat="46.92512167" lon="16.670405">
        <ele>258.8</ele>
        <time>2025-07-14T12:19:18Z</time>
      </trkpt>
      <trkpt lat="46.925255" lon="16.670385">
        <ele>258.9</ele>
        <time>2025-07-14T12:19:20Z</time>
      </trkpt>
      <trkpt lat="46.925375" lon="16.67033333">
        <ele>257.7</ele>
        <time>2025-07-14T12:19:22Z</time>
      </trkpt>
      <trkpt lat="46.92548167" lon="16.67028333">
        <ele>257</ele>
        <time>2025-07-14T12:19:24Z</time>
      </trkpt>
      <trkpt lat="46.92558667" lon="16.67029333">
        <ele>257.6</ele>
        <time>2025-07-14T12:19:26Z</time>
      </trkpt>
      <trkpt lat="46.92566" lon="16.670385">
        <ele>258.5</ele>
        <time>2025-07-14T12:19:28Z</time>
      </trkpt>
      <trkpt lat="46.92569167" lon="16.67055">
        <ele>257.7</ele>
        <time>2025-07-14T12:19:30Z</time>
      </trkpt>
      <trkpt lat="46.92572" lon="16.67075667">
        <ele>257.3</ele>
        <time>2025-07-14T12:19:32Z</time>
      </trkpt>
      <trkpt lat="46.92577833" lon="16.67096333">
        <ele>257</ele>
        <time>2025-07-14T12:19:34Z</time>
      </trkpt>
      <trkpt lat="46.92583833" lon="16.671155">
        <ele>257.8</ele>
        <time>2025-07-14T12:19:36Z</time>
      </trkpt>
      <trkpt lat="46.92590667" lon="16.67136833">
        <ele>258.5</ele>
        <time>2025-07-14T12:19:38Z</time>
      </trkpt>
      <trkpt lat="46.92596667" lon="16.671585">
        <ele>259.8</ele>
        <time>2025-07-14T12:19:40Z</time>
      </trkpt>
      <trkpt lat="46.92602167" lon="16.67179">
        <ele>260.5</ele>
        <time>2025-07-14T12:19:42Z</time>
      </trkpt>
      <trkpt lat="46.926075" lon="16.67197833">
        <ele>261.2</ele>
        <time>2025-07-14T12:19:44Z</time>
      </trkpt>
      <trkpt lat="46.92616333" lon="16.67213667">
        <ele>262.2</ele>
        <time>2025-07-14T12:19:46Z</time>
      </trkpt>
      <trkpt lat="46.92631333" lon="16.67219833">
        <ele>262.2</ele>
        <time>2025-07-14T12:19:48Z</time>
      </trkpt>
      <trkpt lat="46.92646833" lon="16.67217167">
        <ele>262.8</ele>
        <time>2025-07-14T12:19:50Z</time>
      </trkpt>
      <trkpt lat="46.92655833" lon="16.67213167">
        <ele>262.6</ele>
        <time>2025-07-14T12:19:51Z</time>
      </trkpt>
      <trkpt lat="46.926645" lon="16.67207">
        <ele>262.6</ele>
        <time>2025-07-14T12:19:52Z</time>
      </trkpt>
      <trkpt lat="46.92673833" lon="16.67202">
        <ele>262.5</ele>
        <time>2025-07-14T12:19:53Z</time>
      </trkpt>
      <trkpt lat="46.926835" lon="16.671965">
        <ele>261.9</ele>
        <time>2025-07-14T12:19:54Z</time>
      </trkpt>
      <trkpt lat="46.92692333" lon="16.67191">
        <ele>261.2</ele>
        <time>2025-07-14T12:19:55Z</time>
      </trkpt>
      <trkpt lat="46.92701" lon="16.67185167">
        <ele>261.8</ele>
        <time>2025-07-14T12:19:56Z</time>
      </trkpt>
      <trkpt lat="46.927105" lon="16.67179167">
        <ele>262.1</ele>
        <time>2025-07-14T12:19:57Z</time>
      </trkpt>
      <trkpt lat="46.927195" lon="16.67172167">
        <ele>262.4</ele>
        <time>2025-07-14T12:19:58Z</time>
      </trkpt>
      <trkpt lat="46.92729167" lon="16.671655">
        <ele>262.6</ele>
        <time>2025-07-14T12:19:59Z</time>
      </trkpt>
      <trkpt lat="46.92738667" lon="16.67157667">
        <ele>263</ele>
        <time>2025-07-14T12:20:00Z</time>
      </trkpt>
      <trkpt lat="46.92748" lon="16.67150333">
        <ele>262.9</ele>
        <time>2025-07-14T12:20:01Z</time>
      </trkpt>
      <trkpt lat="46.92757167" lon="16.67142833">
        <ele>263</ele>
        <time>2025-07-14T12:20:02Z</time>
      </trkpt>
      <trkpt lat="46.927675" lon="16.67136833">
        <ele>263.6</ele>
        <time>2025-07-14T12:20:03Z</time>
      </trkpt>
      <trkpt lat="46.92778667" lon="16.67131167">
        <ele>263.6</ele>
        <time>2025-07-14T12:20:04Z</time>
      </trkpt>
      <trkpt lat="46.92790833" lon="16.67126833">
        <ele>263.8</ele>
        <time>2025-07-14T12:20:05Z</time>
      </trkpt>
      <trkpt lat="46.92802833" lon="16.67122">
        <ele>265.2</ele>
        <time>2025-07-14T12:20:06Z</time>
      </trkpt>
      <trkpt lat="46.92814667" lon="16.67117333">
        <ele>265.5</ele>
        <time>2025-07-14T12:20:07Z</time>
      </trkpt>
      <trkpt lat="46.92826333" lon="16.67112333">
        <ele>265.2</ele>
        <time>2025-07-14T12:20:08Z</time>
      </trkpt>
      <trkpt lat="46.92838167" lon="16.671085">
        <ele>265</ele>
        <time>2025-07-14T12:20:09Z</time>
      </trkpt>
      <trkpt lat="46.9285" lon="16.67104">
        <ele>264.8</ele>
        <time>2025-07-14T12:20:10Z</time>
      </trkpt>
      <trkpt lat="46.92863167" lon="16.67099">
        <ele>265.9</ele>
        <time>2025-07-14T12:20:11Z</time>
      </trkpt>
      <trkpt lat="46.92876333" lon="16.67093333">
        <ele>266.6</ele>
        <time>2025-07-14T12:20:12Z</time>
      </trkpt>
      <trkpt lat="46.928895" lon="16.67087833">
        <ele>266.8</ele>
        <time>2025-07-14T12:20:13Z</time>
      </trkpt>
      <trkpt lat="46.929025" lon="16.67082333">
        <ele>267.6</ele>
        <time>2025-07-14T12:20:14Z</time>
      </trkpt>
      <trkpt lat="46.92915833" lon="16.67077333">
        <ele>268</ele>
        <time>2025-07-14T12:20:15Z</time>
      </trkpt>
      <trkpt lat="46.92929167" lon="16.67072167">
        <ele>268.1</ele>
        <time>2025-07-14T12:20:16Z</time>
      </trkpt>
      <trkpt lat="46.92942333" lon="16.67066833">
        <ele>268.6</ele>
        <time>2025-07-14T12:20:17Z</time>
      </trkpt>
      <trkpt lat="46.929555" lon="16.67062167">
        <ele>269.7</ele>
        <time>2025-07-14T12:20:18Z</time>
      </trkpt>
      <trkpt lat="46.92968667" lon="16.67057167">
        <ele>269.5</ele>
        <time>2025-07-14T12:20:19Z</time>
      </trkpt>
      <trkpt lat="46.92981833" lon="16.67052167">
        <ele>269.7</ele>
        <time>2025-07-14T12:20:20Z</time>
      </trkpt>
      <trkpt lat="46.929945" lon="16.67047167">
        <ele>270</ele>
        <time>2025-07-14T12:20:21Z</time>
      </trkpt>
      <trkpt lat="46.93007333" lon="16.67042">
        <ele>270.3</ele>
        <time>2025-07-14T12:20:22Z</time>
      </trkpt>
      <trkpt lat="46.93020333" lon="16.67037333">
        <ele>270.2</ele>
        <time>2025-07-14T12:20:23Z</time>
      </trkpt>
      <trkpt lat="46.93033333" lon="16.670325">
        <ele>270</ele>
        <time>2025-07-14T12:20:24Z</time>
      </trkpt>
      <trkpt lat="46.930455" lon="16.67027667">
        <ele>269.6</ele>
        <time>2025-07-14T12:20:25Z</time>
      </trkpt>
      <trkpt lat="46.93058667" lon="16.67022">
        <ele>268.7</ele>
        <time>2025-07-14T12:20:26Z</time>
      </trkpt>
      <trkpt lat="46.93072" lon="16.67017">
        <ele>268.4</ele>
        <time>2025-07-14T12:20:27Z</time>
      </trkpt>
      <trkpt lat="46.93085333" lon="16.67012167">
        <ele>268.7</ele>
        <time>2025-07-14T12:20:28Z</time>
      </trkpt>
      <trkpt lat="46.93099" lon="16.67006167">
        <ele>268.7</ele>
        <time>2025-07-14T12:20:29Z</time>
      </trkpt>
      <trkpt lat="46.931115" lon="16.67001667">
        <ele>268.7</ele>
        <time>2025-07-14T12:20:30Z</time>
      </trkpt>
      <trkpt lat="46.93123833" lon="16.66996667">
        <ele>269</ele>
        <time>2025-07-14T12:20:31Z</time>
      </trkpt>
      <trkpt lat="46.931375" lon="16.66991">
        <ele>269.7</ele>
        <time>2025-07-14T12:20:32Z</time>
      </trkpt>
      <trkpt lat="46.93150667" lon="16.669885">
        <ele>271.1</ele>
        <time>2025-07-14T12:20:33Z</time>
      </trkpt>
      <trkpt lat="46.93164" lon="16.66989667">
        <ele>271.5</ele>
        <time>2025-07-14T12:20:34Z</time>
      </trkpt>
      <trkpt lat="46.93177" lon="16.66993167">
        <ele>272.5</ele>
        <time>2025-07-14T12:20:35Z</time>
      </trkpt>
      <trkpt lat="46.93190167" lon="16.66997833">
        <ele>272.2</ele>
        <time>2025-07-14T12:20:36Z</time>
      </trkpt>
      <trkpt lat="46.93202833" lon="16.67003">
        <ele>272</ele>
        <time>2025-07-14T12:20:37Z</time>
      </trkpt>
      <trkpt lat="46.93215333" lon="16.67008167">
        <ele>271.2</ele>
        <time>2025-07-14T12:20:38Z</time>
      </trkpt>
      <trkpt lat="46.93227167" lon="16.67014333">
        <ele>270.6</ele>
        <time>2025-07-14T12:20:39Z</time>
      </trkpt>
      <trkpt lat="46.93238167" lon="16.670195">
        <ele>270.7</ele>
        <time>2025-07-14T12:20:40Z</time>
      </trkpt>
      <trkpt lat="46.93249333" lon="16.67025167">
        <ele>271.3</ele>
        <time>2025-07-14T12:20:41Z</time>
      </trkpt>
      <trkpt lat="46.93260167" lon="16.67030333">
        <ele>270.9</ele>
        <time>2025-07-14T12:20:42Z</time>
      </trkpt>
      <trkpt lat="46.932705" lon="16.67035167">
        <ele>270</ele>
        <time>2025-07-14T12:20:43Z</time>
      </trkpt>
      <trkpt lat="46.932795" lon="16.6704">
        <ele>269.3</ele>
        <time>2025-07-14T12:20:44Z</time>
      </trkpt>
      <trkpt lat="46.93288" lon="16.670445">
        <ele>268.5</ele>
        <time>2025-07-14T12:20:45Z</time>
      </trkpt>
      <trkpt lat="46.93297" lon="16.67049333">
        <ele>268.1</ele>
        <time>2025-07-14T12:20:46Z</time>
      </trkpt>
      <trkpt lat="46.93311833" lon="16.67060667">
        <ele>267.5</ele>
        <time>2025-07-14T12:20:48Z</time>
      </trkpt>
      <trkpt lat="46.933225" lon="16.670725">
        <ele>267.4</ele>
        <time>2025-07-14T12:20:50Z</time>
      </trkpt>
      <trkpt lat="46.9333" lon="16.67080333">
        <ele>267.4</ele>
        <time>2025-07-14T12:20:52Z</time>
      </trkpt>
      <trkpt lat="46.933405" lon="16.67083167">
        <ele>265.9</ele>
        <time>2025-07-14T12:21:03Z</time>
      </trkpt>
      <trkpt lat="46.93349333" lon="16.67068">
        <ele>265.5</ele>
        <time>2025-07-14T12:21:06Z</time>
      </trkpt>
      <trkpt lat="46.93355333" lon="16.67052167">
        <ele>265.5</ele>
        <time>2025-07-14T12:21:08Z</time>
      </trkpt>
      <trkpt lat="46.93364" lon="16.670335">
        <ele>265.4</ele>
        <time>2025-07-14T12:21:10Z</time>
      </trkpt>
      <trkpt lat="46.93374" lon="16.670125">
        <ele>263.6</ele>
        <time>2025-07-14T12:21:12Z</time>
      </trkpt>
      <trkpt lat="46.933795" lon="16.67000833">
        <ele>263</ele>
        <time>2025-07-14T12:21:13Z</time>
      </trkpt>
      <trkpt lat="46.93385167" lon="16.669885">
        <ele>262.4</ele>
        <time>2025-07-14T12:21:14Z</time>
      </trkpt>
      <trkpt lat="46.93391" lon="16.66976833">
        <ele>261.6</ele>
        <time>2025-07-14T12:21:15Z</time>
      </trkpt>
      <trkpt lat="46.93397167" lon="16.669645">
        <ele>261.6</ele>
        <time>2025-07-14T12:21:16Z</time>
      </trkpt>
      <trkpt lat="46.93404833" lon="16.669515">
        <ele>260.8</ele>
        <time>2025-07-14T12:21:17Z</time>
      </trkpt>
      <trkpt lat="46.934115" lon="16.66937833">
        <ele>259.7</ele>
        <time>2025-07-14T12:21:18Z</time>
      </trkpt>
      <trkpt lat="46.934185" lon="16.66924167">
        <ele>259.2</ele>
        <time>2025-07-14T12:21:19Z</time>
      </trkpt>
      <trkpt lat="46.93426333" lon="16.669115">
        <ele>259</ele>
        <time>2025-07-14T12:21:20Z</time>
      </trkpt>
      <trkpt lat="46.934365" lon="16.66896667">
        <ele>259.7</ele>
        <time>2025-07-14T12:21:21Z</time>
      </trkpt>
      <trkpt lat="46.93446833" lon="16.66882833">
        <ele>259</ele>
        <time>2025-07-14T12:21:22Z</time>
      </trkpt>
      <trkpt lat="46.93457333" lon="16.66870833">
        <ele>258.2</ele>
        <time>2025-07-14T12:21:23Z</time>
      </trkpt>
      <trkpt lat="46.93468333" lon="16.66857833">
        <ele>258</ele>
        <time>2025-07-14T12:21:24Z</time>
      </trkpt>
      <trkpt lat="46.93480833" lon="16.66845167">
        <ele>257.6</ele>
        <time>2025-07-14T12:21:25Z</time>
      </trkpt>
      <trkpt lat="46.934935" lon="16.66833333">
        <ele>256.6</ele>
        <time>2025-07-14T12:21:26Z</time>
      </trkpt>
      <trkpt lat="46.935065" lon="16.66821833">
        <ele>256.1</ele>
        <time>2025-07-14T12:21:27Z</time>
      </trkpt>
      <trkpt lat="46.93519833" lon="16.668115">
        <ele>254.9</ele>
        <time>2025-07-14T12:21:28Z</time>
      </trkpt>
      <trkpt lat="46.93533" lon="16.66801">
        <ele>254.9</ele>
        <time>2025-07-14T12:21:29Z</time>
      </trkpt>
      <trkpt lat="46.935475" lon="16.667905">
        <ele>256</ele>
        <time>2025-07-14T12:21:30Z</time>
      </trkpt>
      <trkpt lat="46.93560667" lon="16.667775">
        <ele>258.9</ele>
        <time>2025-07-14T12:21:31Z</time>
      </trkpt>
      <trkpt lat="46.93574" lon="16.66766333">
        <ele>258.6</ele>
        <time>2025-07-14T12:21:32Z</time>
      </trkpt>
      <trkpt lat="46.93588167" lon="16.667565">
        <ele>260.7</ele>
        <time>2025-07-14T12:21:33Z</time>
      </trkpt>
      <trkpt lat="46.93602667" lon="16.66745833">
        <ele>262.5</ele>
        <time>2025-07-14T12:21:34Z</time>
      </trkpt>
      <trkpt lat="46.93616333" lon="16.66735">
        <ele>262.7</ele>
        <time>2025-07-14T12:21:35Z</time>
      </trkpt>
      <trkpt lat="46.93629667" lon="16.667245">
        <ele>262.3</ele>
        <time>2025-07-14T12:21:36Z</time>
      </trkpt>
      <trkpt lat="46.93643667" lon="16.66713">
        <ele>262.7</ele>
        <time>2025-07-14T12:21:37Z</time>
      </trkpt>
      <trkpt lat="46.93657667" lon="16.66703">
        <ele>265.1</ele>
        <time>2025-07-14T12:21:38Z</time>
      </trkpt>
      <trkpt lat="46.93671333" lon="16.66692833">
        <ele>265.1</ele>
        <time>2025-07-14T12:21:39Z</time>
      </trkpt>
      <trkpt lat="46.93685" lon="16.66681333">
        <ele>265.5</ele>
        <time>2025-07-14T12:21:40Z</time>
      </trkpt>
      <trkpt lat="46.93698833" lon="16.66670333">
        <ele>266.9</ele>
        <time>2025-07-14T12:21:41Z</time>
      </trkpt>
      <trkpt lat="46.93713" lon="16.66659">
        <ele>267.4</ele>
        <time>2025-07-14T12:21:42Z</time>
      </trkpt>
      <trkpt lat="46.93726833" lon="16.66647833">
        <ele>268.2</ele>
        <time>2025-07-14T12:21:43Z</time>
      </trkpt>
      <trkpt lat="46.93740833" lon="16.66638">
        <ele>269.3</ele>
        <time>2025-07-14T12:21:44Z</time>
      </trkpt>
      <trkpt lat="46.93755" lon="16.66626333">
        <ele>269.5</ele>
        <time>2025-07-14T12:21:45Z</time>
      </trkpt>
      <trkpt lat="46.93769667" lon="16.66614167">
        <ele>269.6</ele>
        <time>2025-07-14T12:21:46Z</time>
      </trkpt>
      <trkpt lat="46.93783667" lon="16.66602">
        <ele>269.7</ele>
        <time>2025-07-14T12:21:47Z</time>
      </trkpt>
      <trkpt lat="46.93798667" lon="16.66589833">
        <ele>269.5</ele>
        <time>2025-07-14T12:21:48Z</time>
      </trkpt>
      <trkpt lat="46.93813" lon="16.66578333">
        <ele>269.6</ele>
        <time>2025-07-14T12:21:49Z</time>
      </trkpt>
      <trkpt lat="46.93826667" lon="16.66566833">
        <ele>270.3</ele>
        <time>2025-07-14T12:21:50Z</time>
      </trkpt>
      <trkpt lat="46.93840333" lon="16.66555167">
        <ele>270.3</ele>
        <time>2025-07-14T12:21:51Z</time>
      </trkpt>
      <trkpt lat="46.938545" lon="16.66544167">
        <ele>271.1</ele>
        <time>2025-07-14T12:21:52Z</time>
      </trkpt>
      <trkpt lat="46.938695" lon="16.66532667">
        <ele>272</ele>
        <time>2025-07-14T12:21:53Z</time>
      </trkpt>
      <trkpt lat="46.93884333" lon="16.66521833">
        <ele>272.9</ele>
        <time>2025-07-14T12:21:54Z</time>
      </trkpt>
      <trkpt lat="46.93899333" lon="16.665105">
        <ele>273.9</ele>
        <time>2025-07-14T12:21:55Z</time>
      </trkpt>
      <trkpt lat="46.93912833" lon="16.664995">
        <ele>274.1</ele>
        <time>2025-07-14T12:21:56Z</time>
      </trkpt>
      <trkpt lat="46.93927167" lon="16.66488">
        <ele>275.2</ele>
        <time>2025-07-14T12:21:57Z</time>
      </trkpt>
      <trkpt lat="46.939415" lon="16.66476">
        <ele>275.5</ele>
        <time>2025-07-14T12:21:58Z</time>
      </trkpt>
      <trkpt lat="46.939565" lon="16.66464667">
        <ele>276.6</ele>
        <time>2025-07-14T12:21:59Z</time>
      </trkpt>
      <trkpt lat="46.93971167" lon="16.66453">
        <ele>277.3</ele>
        <time>2025-07-14T12:22:00Z</time>
      </trkpt>
      <trkpt lat="46.93985667" lon="16.66442167">
        <ele>279</ele>
        <time>2025-07-14T12:22:01Z</time>
      </trkpt>
      <trkpt lat="46.939995" lon="16.664315">
        <ele>280.6</ele>
        <time>2025-07-14T12:22:02Z</time>
      </trkpt>
      <trkpt lat="46.94013333" lon="16.664205">
        <ele>282.1</ele>
        <time>2025-07-14T12:22:03Z</time>
      </trkpt>
      <trkpt lat="46.940285" lon="16.664105">
        <ele>287.1</ele>
        <time>2025-07-14T12:22:04Z</time>
      </trkpt>
      <trkpt lat="46.94042833" lon="16.66398333">
        <ele>288.2</ele>
        <time>2025-07-14T12:22:05Z</time>
      </trkpt>
      <trkpt lat="46.94057833" lon="16.66386833">
        <ele>293.3</ele>
        <time>2025-07-14T12:22:06Z</time>
      </trkpt>
      <trkpt lat="46.94071833" lon="16.66376667">
        <ele>295.9</ele>
        <time>2025-07-14T12:22:07Z</time>
      </trkpt>
      <trkpt lat="46.94084167" lon="16.66364667">
        <ele>294.8</ele>
        <time>2025-07-14T12:22:08Z</time>
      </trkpt>
      <trkpt lat="46.94098167" lon="16.66352833">
        <ele>296.8</ele>
        <time>2025-07-14T12:22:09Z</time>
      </trkpt>
      <trkpt lat="46.941115" lon="16.66341333">
        <ele>296.4</ele>
        <time>2025-07-14T12:22:10Z</time>
      </trkpt>
      <trkpt lat="46.941235" lon="16.66331167">
        <ele>296.3</ele>
        <time>2025-07-14T12:22:11Z</time>
      </trkpt>
      <trkpt lat="46.94136833" lon="16.66320667">
        <ele>296.1</ele>
        <time>2025-07-14T12:22:12Z</time>
      </trkpt>
      <trkpt lat="46.941505" lon="16.663085">
        <ele>296.1</ele>
        <time>2025-07-14T12:22:13Z</time>
      </trkpt>
      <trkpt lat="46.94166667" lon="16.662945">
        <ele>296.4</ele>
        <time>2025-07-14T12:22:14Z</time>
      </trkpt>
      <trkpt lat="46.94179833" lon="16.66282833">
        <ele>296.6</ele>
        <time>2025-07-14T12:22:15Z</time>
      </trkpt>
      <trkpt lat="46.94192" lon="16.66272167">
        <ele>297.6</ele>
        <time>2025-07-14T12:22:16Z</time>
      </trkpt>
      <trkpt lat="46.94203333" lon="16.66261667">
        <ele>297.6</ele>
        <time>2025-07-14T12:22:17Z</time>
      </trkpt>
      <trkpt lat="46.94213333" lon="16.662525">
        <ele>298</ele>
        <time>2025-07-14T12:22:18Z</time>
      </trkpt>
      <trkpt lat="46.94223833" lon="16.66243333">
        <ele>297.5</ele>
        <time>2025-07-14T12:22:19Z</time>
      </trkpt>
      <trkpt lat="46.94232667" lon="16.66235167">
        <ele>297.8</ele>
        <time>2025-07-14T12:22:20Z</time>
      </trkpt>
      <trkpt lat="46.94241167" lon="16.66227333">
        <ele>297.8</ele>
        <time>2025-07-14T12:22:21Z</time>
      </trkpt>
      <trkpt lat="46.94250667" lon="16.66219833">
        <ele>298.1</ele>
        <time>2025-07-14T12:22:22Z</time>
      </trkpt>
      <trkpt lat="46.94259833" lon="16.662115">
        <ele>298.6</ele>
        <time>2025-07-14T12:22:23Z</time>
      </trkpt>
      <trkpt lat="46.94269167" lon="16.66205">
        <ele>298.9</ele>
        <time>2025-07-14T12:22:24Z</time>
      </trkpt>
      <trkpt lat="46.94278833" lon="16.66199">
        <ele>298.1</ele>
        <time>2025-07-14T12:22:25Z</time>
      </trkpt>
      <trkpt lat="46.942895" lon="16.661925">
        <ele>297.9</ele>
        <time>2025-07-14T12:22:26Z</time>
      </trkpt>
      <trkpt lat="46.94300167" lon="16.66185">
        <ele>298.1</ele>
        <time>2025-07-14T12:22:27Z</time>
      </trkpt>
      <trkpt lat="46.94311333" lon="16.66178167">
        <ele>298.5</ele>
        <time>2025-07-14T12:22:28Z</time>
      </trkpt>
      <trkpt lat="46.943225" lon="16.66172667">
        <ele>298.8</ele>
        <time>2025-07-14T12:22:29Z</time>
      </trkpt>
      <trkpt lat="46.94333833" lon="16.661665">
        <ele>298.4</ele>
        <time>2025-07-14T12:22:30Z</time>
      </trkpt>
      <trkpt lat="46.94344833" lon="16.66161333">
        <ele>298.4</ele>
        <time>2025-07-14T12:22:31Z</time>
      </trkpt>
      <trkpt lat="46.94357" lon="16.66154333">
        <ele>297.9</ele>
        <time>2025-07-14T12:22:32Z</time>
      </trkpt>
      <trkpt lat="46.94368667" lon="16.66148">
        <ele>297.2</ele>
        <time>2025-07-14T12:22:33Z</time>
      </trkpt>
      <trkpt lat="46.94380667" lon="16.66140167">
        <ele>298.4</ele>
        <time>2025-07-14T12:22:34Z</time>
      </trkpt>
      <trkpt lat="46.94393167" lon="16.66132833">
        <ele>297.4</ele>
        <time>2025-07-14T12:22:35Z</time>
      </trkpt>
      <trkpt lat="46.94406333" lon="16.66125167">
        <ele>296.6</ele>
        <time>2025-07-14T12:22:36Z</time>
      </trkpt>
      <trkpt lat="46.944195" lon="16.66117167">
        <ele>296.3</ele>
        <time>2025-07-14T12:22:37Z</time>
      </trkpt>
      <trkpt lat="46.94433167" lon="16.66109167">
        <ele>295.5</ele>
        <time>2025-07-14T12:22:38Z</time>
      </trkpt>
      <trkpt lat="46.94446333" lon="16.66100667">
        <ele>295.5</ele>
        <time>2025-07-14T12:22:39Z</time>
      </trkpt>
      <trkpt lat="46.944605" lon="16.660915">
        <ele>296.4</ele>
        <time>2025-07-14T12:22:40Z</time>
      </trkpt>
      <trkpt lat="46.944735" lon="16.66080833">
        <ele>295.6</ele>
        <time>2025-07-14T12:22:41Z</time>
      </trkpt>
      <trkpt lat="46.94485833" lon="16.66068333">
        <ele>294.6</ele>
        <time>2025-07-14T12:22:42Z</time>
      </trkpt>
      <trkpt lat="46.94497833" lon="16.66054833">
        <ele>293.8</ele>
        <time>2025-07-14T12:22:43Z</time>
      </trkpt>
      <trkpt lat="46.94509667" lon="16.660405">
        <ele>293.4</ele>
        <time>2025-07-14T12:22:44Z</time>
      </trkpt>
      <trkpt lat="46.9452" lon="16.66025">
        <ele>293.2</ele>
        <time>2025-07-14T12:22:45Z</time>
      </trkpt>
      <trkpt lat="46.94529333" lon="16.66009167">
        <ele>293.1</ele>
        <time>2025-07-14T12:22:46Z</time>
      </trkpt>
      <trkpt lat="46.94538167" lon="16.65992833">
        <ele>292.7</ele>
        <time>2025-07-14T12:22:47Z</time>
      </trkpt>
      <trkpt lat="46.94547" lon="16.65976333">
        <ele>291.8</ele>
        <time>2025-07-14T12:22:48Z</time>
      </trkpt>
      <trkpt lat="46.94554333" lon="16.65958">
        <ele>291.6</ele>
        <time>2025-07-14T12:22:49Z</time>
      </trkpt>
      <trkpt lat="46.94561167" lon="16.65939">
        <ele>291.1</ele>
        <time>2025-07-14T12:22:50Z</time>
      </trkpt>
      <trkpt lat="46.94568833" lon="16.65918167">
        <ele>290.2</ele>
        <time>2025-07-14T12:22:51Z</time>
      </trkpt>
      <trkpt lat="46.94575833" lon="16.658995">
        <ele>289.7</ele>
        <time>2025-07-14T12:22:52Z</time>
      </trkpt>
      <trkpt lat="46.945825" lon="16.658795">
        <ele>289.4</ele>
        <time>2025-07-14T12:22:53Z</time>
      </trkpt>
      <trkpt lat="46.94589167" lon="16.65860833">
        <ele>289.8</ele>
        <time>2025-07-14T12:22:54Z</time>
      </trkpt>
      <trkpt lat="46.94596" lon="16.658405">
        <ele>289.8</ele>
        <time>2025-07-14T12:22:55Z</time>
      </trkpt>
      <trkpt lat="46.94603" lon="16.65820833">
        <ele>290.4</ele>
        <time>2025-07-14T12:22:56Z</time>
      </trkpt>
      <trkpt lat="46.94610667" lon="16.65801833">
        <ele>291.5</ele>
        <time>2025-07-14T12:22:57Z</time>
      </trkpt>
      <trkpt lat="46.94619" lon="16.65781833">
        <ele>291.8</ele>
        <time>2025-07-14T12:22:58Z</time>
      </trkpt>
      <trkpt lat="46.94626167" lon="16.65762167">
        <ele>293.4</ele>
        <time>2025-07-14T12:22:59Z</time>
      </trkpt>
      <trkpt lat="46.94633" lon="16.65742833">
        <ele>293.6</ele>
        <time>2025-07-14T12:23:00Z</time>
      </trkpt>
      <trkpt lat="46.946395" lon="16.65723333">
        <ele>294.6</ele>
        <time>2025-07-14T12:23:01Z</time>
      </trkpt>
      <trkpt lat="46.94647" lon="16.65704833">
        <ele>297.3</ele>
        <time>2025-07-14T12:23:02Z</time>
      </trkpt>
      <trkpt lat="46.94654333" lon="16.65685833">
        <ele>298.4</ele>
        <time>2025-07-14T12:23:03Z</time>
      </trkpt>
      <trkpt lat="46.94661667" lon="16.65667">
        <ele>299.7</ele>
        <time>2025-07-14T12:23:04Z</time>
      </trkpt>
      <trkpt lat="46.94668167" lon="16.65648167">
        <ele>299.2</ele>
        <time>2025-07-14T12:23:05Z</time>
      </trkpt>
      <trkpt lat="46.94675" lon="16.65628833">
        <ele>299.5</ele>
        <time>2025-07-14T12:23:06Z</time>
      </trkpt>
      <trkpt lat="46.94682" lon="16.65609167">
        <ele>299.7</ele>
        <time>2025-07-14T12:23:07Z</time>
      </trkpt>
      <trkpt lat="46.94688833" lon="16.65590167">
        <ele>299.8</ele>
        <time>2025-07-14T12:23:08Z</time>
      </trkpt>
      <trkpt lat="46.94695333" lon="16.655705">
        <ele>299.2</ele>
        <time>2025-07-14T12:23:09Z</time>
      </trkpt>
      <trkpt lat="46.947025" lon="16.65552">
        <ele>299.1</ele>
        <time>2025-07-14T12:23:10Z</time>
      </trkpt>
      <trkpt lat="46.94709667" lon="16.65534">
        <ele>299.3</ele>
        <time>2025-07-14T12:23:11Z</time>
      </trkpt>
      <trkpt lat="46.94717833" lon="16.65515167">
        <ele>300.2</ele>
        <time>2025-07-14T12:23:12Z</time>
      </trkpt>
      <trkpt lat="46.94724833" lon="16.65496">
        <ele>300</ele>
        <time>2025-07-14T12:23:13Z</time>
      </trkpt>
      <trkpt lat="46.94732667" lon="16.65478333">
        <ele>300</ele>
        <time>2025-07-14T12:23:14Z</time>
      </trkpt>
      <trkpt lat="46.94740833" lon="16.65461333">
        <ele>300</ele>
        <time>2025-07-14T12:23:15Z</time>
      </trkpt>
      <trkpt lat="46.9475" lon="16.65444">
        <ele>300</ele>
        <time>2025-07-14T12:23:16Z</time>
      </trkpt>
      <trkpt lat="46.94759" lon="16.65427">
        <ele>299.3</ele>
        <time>2025-07-14T12:23:17Z</time>
      </trkpt>
      <trkpt lat="46.94768" lon="16.65411167">
        <ele>299.9</ele>
        <time>2025-07-14T12:23:18Z</time>
      </trkpt>
      <trkpt lat="46.94777333" lon="16.65395667">
        <ele>299.1</ele>
        <time>2025-07-14T12:23:19Z</time>
      </trkpt>
      <trkpt lat="46.94788" lon="16.65379833">
        <ele>298.1</ele>
        <time>2025-07-14T12:23:20Z</time>
      </trkpt>
      <trkpt lat="46.94798167" lon="16.65365">
        <ele>298</ele>
        <time>2025-07-14T12:23:21Z</time>
      </trkpt>
      <trkpt lat="46.94808333" lon="16.65349833">
        <ele>297.5</ele>
        <time>2025-07-14T12:23:22Z</time>
      </trkpt>
      <trkpt lat="46.94819333" lon="16.65335333">
        <ele>297.3</ele>
        <time>2025-07-14T12:23:23Z</time>
      </trkpt>
      <trkpt lat="46.948315" lon="16.65322167">
        <ele>296.9</ele>
        <time>2025-07-14T12:23:24Z</time>
      </trkpt>
      <trkpt lat="46.94843667" lon="16.65309667">
        <ele>297</ele>
        <time>2025-07-14T12:23:25Z</time>
      </trkpt>
      <trkpt lat="46.94856833" lon="16.65296">
        <ele>299.5</ele>
        <time>2025-07-14T12:23:26Z</time>
      </trkpt>
      <trkpt lat="46.94867833" lon="16.65282167">
        <ele>299.3</ele>
        <time>2025-07-14T12:23:27Z</time>
      </trkpt>
      <trkpt lat="46.94879833" lon="16.65268333">
        <ele>300.7</ele>
        <time>2025-07-14T12:23:28Z</time>
      </trkpt>
      <trkpt lat="46.94891333" lon="16.65254833">
        <ele>301.5</ele>
        <time>2025-07-14T12:23:29Z</time>
      </trkpt>
      <trkpt lat="46.94902833" lon="16.65241333">
        <ele>302.4</ele>
        <time>2025-07-14T12:23:30Z</time>
      </trkpt>
      <trkpt lat="46.94915167" lon="16.65227833">
        <ele>302.5</ele>
        <time>2025-07-14T12:23:31Z</time>
      </trkpt>
      <trkpt lat="46.94927167" lon="16.65214">
        <ele>302.9</ele>
        <time>2025-07-14T12:23:32Z</time>
      </trkpt>
      <trkpt lat="46.94939167" lon="16.652005">
        <ele>304.3</ele>
        <time>2025-07-14T12:23:33Z</time>
      </trkpt>
      <trkpt lat="46.94951" lon="16.65187667">
        <ele>305.4</ele>
        <time>2025-07-14T12:23:34Z</time>
      </trkpt>
      <trkpt lat="46.949625" lon="16.65173667">
        <ele>304.7</ele>
        <time>2025-07-14T12:23:35Z</time>
      </trkpt>
      <trkpt lat="46.94974" lon="16.651595">
        <ele>303.4</ele>
        <time>2025-07-14T12:23:36Z</time>
      </trkpt>
      <trkpt lat="46.94985333" lon="16.65146167">
        <ele>302.1</ele>
        <time>2025-07-14T12:23:37Z</time>
      </trkpt>
      <trkpt lat="46.94996333" lon="16.651325">
        <ele>300.8</ele>
        <time>2025-07-14T12:23:38Z</time>
      </trkpt>
      <trkpt lat="46.95008167" lon="16.65118333">
        <ele>300.9</ele>
        <time>2025-07-14T12:23:39Z</time>
      </trkpt>
      <trkpt lat="46.950195" lon="16.65104833">
        <ele>300.2</ele>
        <time>2025-07-14T12:23:40Z</time>
      </trkpt>
      <trkpt lat="46.95031167" lon="16.65091667">
        <ele>300.1</ele>
        <time>2025-07-14T12:23:41Z</time>
      </trkpt>
      <trkpt lat="46.95043333" lon="16.65078333">
        <ele>299.8</ele>
        <time>2025-07-14T12:23:42Z</time>
      </trkpt>
      <trkpt lat="46.95054833" lon="16.650655">
        <ele>299.7</ele>
        <time>2025-07-14T12:23:43Z</time>
      </trkpt>
      <trkpt lat="46.95066833" lon="16.65052167">
        <ele>299.5</ele>
        <time>2025-07-14T12:23:44Z</time>
      </trkpt>
      <trkpt lat="46.95079333" lon="16.65038167">
        <ele>299.6</ele>
        <time>2025-07-14T12:23:45Z</time>
      </trkpt>
      <trkpt lat="46.95091333" lon="16.65024833">
        <ele>300.4</ele>
        <time>2025-07-14T12:23:46Z</time>
      </trkpt>
      <trkpt lat="46.95103" lon="16.65011167">
        <ele>301</ele>
        <time>2025-07-14T12:23:47Z</time>
      </trkpt>
      <trkpt lat="46.95115333" lon="16.649975">
        <ele>300.6</ele>
        <time>2025-07-14T12:23:48Z</time>
      </trkpt>
      <trkpt lat="46.951265" lon="16.64984">
        <ele>300.5</ele>
        <time>2025-07-14T12:23:49Z</time>
      </trkpt>
      <trkpt lat="46.95138167" lon="16.649705">
        <ele>300.9</ele>
        <time>2025-07-14T12:23:50Z</time>
      </trkpt>
      <trkpt lat="46.95149667" lon="16.64956667">
        <ele>301.3</ele>
        <time>2025-07-14T12:23:51Z</time>
      </trkpt>
      <trkpt lat="46.95161" lon="16.64942667">
        <ele>301</ele>
        <time>2025-07-14T12:23:52Z</time>
      </trkpt>
      <trkpt lat="46.95172667" lon="16.64929167">
        <ele>301.4</ele>
        <time>2025-07-14T12:23:53Z</time>
      </trkpt>
      <trkpt lat="46.95184333" lon="16.649155">
        <ele>301.8</ele>
        <time>2025-07-14T12:23:54Z</time>
      </trkpt>
      <trkpt lat="46.95195667" lon="16.64901667">
        <ele>302.5</ele>
        <time>2025-07-14T12:23:55Z</time>
      </trkpt>
      <trkpt lat="46.95208167" lon="16.64888333">
        <ele>304.7</ele>
        <time>2025-07-14T12:23:56Z</time>
      </trkpt>
      <trkpt lat="46.95219833" lon="16.64874833">
        <ele>304.7</ele>
        <time>2025-07-14T12:23:57Z</time>
      </trkpt>
      <trkpt lat="46.95232167" lon="16.64861833">
        <ele>306.2</ele>
        <time>2025-07-14T12:23:58Z</time>
      </trkpt>
      <trkpt lat="46.95243333" lon="16.64848333">
        <ele>306</ele>
        <time>2025-07-14T12:23:59Z</time>
      </trkpt>
      <trkpt lat="46.95254833" lon="16.64835333">
        <ele>306</ele>
        <time>2025-07-14T12:24:00Z</time>
      </trkpt>
      <trkpt lat="46.95266167" lon="16.64822333">
        <ele>305.2</ele>
        <time>2025-07-14T12:24:01Z</time>
      </trkpt>
      <trkpt lat="46.95277667" lon="16.64808833">
        <ele>304.5</ele>
        <time>2025-07-14T12:24:02Z</time>
      </trkpt>
      <trkpt lat="46.95289" lon="16.64795">
        <ele>304</ele>
        <time>2025-07-14T12:24:03Z</time>
      </trkpt>
      <trkpt lat="46.95300667" lon="16.64781333">
        <ele>303.8</ele>
        <time>2025-07-14T12:24:04Z</time>
      </trkpt>
      <trkpt lat="46.953125" lon="16.64767333">
        <ele>303.6</ele>
        <time>2025-07-14T12:24:05Z</time>
      </trkpt>
      <trkpt lat="46.95325167" lon="16.647525">
        <ele>302.9</ele>
        <time>2025-07-14T12:24:06Z</time>
      </trkpt>
      <trkpt lat="46.95337667" lon="16.64737833">
        <ele>301.9</ele>
        <time>2025-07-14T12:24:07Z</time>
      </trkpt>
      <trkpt lat="46.95348667" lon="16.64722667">
        <ele>302.7</ele>
        <time>2025-07-14T12:24:08Z</time>
      </trkpt>
      <trkpt lat="46.953585" lon="16.647075">
        <ele>303.2</ele>
        <time>2025-07-14T12:24:09Z</time>
      </trkpt>
      <trkpt lat="46.95366833" lon="16.64693">
        <ele>302.6</ele>
        <time>2025-07-14T12:24:10Z</time>
      </trkpt>
      <trkpt lat="46.95375167" lon="16.64679667">
        <ele>302.7</ele>
        <time>2025-07-14T12:24:11Z</time>
      </trkpt>
      <trkpt lat="46.95383167" lon="16.64666667">
        <ele>303.5</ele>
        <time>2025-07-14T12:24:12Z</time>
      </trkpt>
      <trkpt lat="46.95390333" lon="16.646545">
        <ele>303.4</ele>
        <time>2025-07-14T12:24:13Z</time>
      </trkpt>
      <trkpt lat="46.95396667" lon="16.64642667">
        <ele>302.8</ele>
        <time>2025-07-14T12:24:14Z</time>
      </trkpt>
      <trkpt lat="46.95402833" lon="16.64631">
        <ele>304.2</ele>
        <time>2025-07-14T12:24:15Z</time>
      </trkpt>
      <trkpt lat="46.95409667" lon="16.64610333">
        <ele>302.6</ele>
        <time>2025-07-14T12:24:17Z</time>
      </trkpt>
      <trkpt lat="46.954145" lon="16.64595833">
        <ele>300.5</ele>
        <time>2025-07-14T12:24:19Z</time>
      </trkpt>
      <trkpt lat="46.95423667" lon="16.64588833">
        <ele>299</ele>
        <time>2025-07-14T12:24:22Z</time>
      </trkpt>
      <trkpt lat="46.95437667" lon="16.645925">
        <ele>298.6</ele>
        <time>2025-07-14T12:24:25Z</time>
      </trkpt>
      <trkpt lat="46.95451167" lon="16.64593333">
        <ele>298.2</ele>
        <time>2025-07-14T12:24:27Z</time>
      </trkpt>
      <trkpt lat="46.954735" lon="16.64581167">
        <ele>297.1</ele>
        <time>2025-07-14T12:24:30Z</time>
      </trkpt>
      <trkpt lat="46.95489667" lon="16.64564333">
        <ele>300.5</ele>
        <time>2025-07-14T12:24:32Z</time>
      </trkpt>
      <trkpt lat="46.95498833" lon="16.64555167">
        <ele>304.5</ele>
        <time>2025-07-14T12:24:33Z</time>
      </trkpt>
      <trkpt lat="46.955085" lon="16.64545667">
        <ele>308.9</ele>
        <time>2025-07-14T12:24:34Z</time>
      </trkpt>
      <trkpt lat="46.95518833" lon="16.64536167">
        <ele>312.8</ele>
        <time>2025-07-14T12:24:35Z</time>
      </trkpt>
      <trkpt lat="46.95528833" lon="16.64525833">
        <ele>316.8</ele>
        <time>2025-07-14T12:24:36Z</time>
      </trkpt>
      <trkpt lat="46.95546667" lon="16.64504333">
        <ele>309.2</ele>
        <time>2025-07-14T12:24:38Z</time>
      </trkpt>
      <trkpt lat="46.95556" lon="16.64493667">
        <ele>305.5</ele>
        <time>2025-07-14T12:24:39Z</time>
      </trkpt>
      <trkpt lat="46.95566333" lon="16.64483167">
        <ele>303.6</ele>
        <time>2025-07-14T12:24:40Z</time>
      </trkpt>
      <trkpt lat="46.95576333" lon="16.64471667">
        <ele>301.2</ele>
        <time>2025-07-14T12:24:41Z</time>
      </trkpt>
      <trkpt lat="46.95599" lon="16.64451333">
        <ele>298.4</ele>
        <time>2025-07-14T12:24:43Z</time>
      </trkpt>
      <trkpt lat="46.95608667" lon="16.64441833">
        <ele>297</ele>
        <time>2025-07-14T12:24:44Z</time>
      </trkpt>
      <trkpt lat="46.95619" lon="16.64433">
        <ele>296.6</ele>
        <time>2025-07-14T12:24:45Z</time>
      </trkpt>
      <trkpt lat="46.95629667" lon="16.644245">
        <ele>294.9</ele>
        <time>2025-07-14T12:24:46Z</time>
      </trkpt>
      <trkpt lat="46.95640333" lon="16.64416333">
        <ele>295</ele>
        <time>2025-07-14T12:24:47Z</time>
      </trkpt>
      <trkpt lat="46.95651333" lon="16.644085">
        <ele>295.4</ele>
        <time>2025-07-14T12:24:48Z</time>
      </trkpt>
      <trkpt lat="46.95662833" lon="16.64400833">
        <ele>296.2</ele>
        <time>2025-07-14T12:24:49Z</time>
      </trkpt>
      <trkpt lat="46.95674333" lon="16.64393167">
        <ele>296</ele>
        <time>2025-07-14T12:24:50Z</time>
      </trkpt>
      <trkpt lat="46.95686" lon="16.64386167">
        <ele>295.3</ele>
        <time>2025-07-14T12:24:51Z</time>
      </trkpt>
      <trkpt lat="46.956975" lon="16.64379833">
        <ele>294.8</ele>
        <time>2025-07-14T12:24:52Z</time>
      </trkpt>
      <trkpt lat="46.95708333" lon="16.64374">
        <ele>294.5</ele>
        <time>2025-07-14T12:24:53Z</time>
      </trkpt>
      <trkpt lat="46.95719" lon="16.64367">
        <ele>294.2</ele>
        <time>2025-07-14T12:24:54Z</time>
      </trkpt>
      <trkpt lat="46.95730333" lon="16.64361667">
        <ele>293.7</ele>
        <time>2025-07-14T12:24:55Z</time>
      </trkpt>
      <trkpt lat="46.95741" lon="16.64355167">
        <ele>294.1</ele>
        <time>2025-07-14T12:24:56Z</time>
      </trkpt>
      <trkpt lat="46.95751833" lon="16.64350667">
        <ele>293.9</ele>
        <time>2025-07-14T12:24:57Z</time>
      </trkpt>
      <trkpt lat="46.95763667" lon="16.64345667">
        <ele>293.2</ele>
        <time>2025-07-14T12:24:58Z</time>
      </trkpt>
      <trkpt lat="46.95773833" lon="16.64339667">
        <ele>293</ele>
        <time>2025-07-14T12:24:59Z</time>
      </trkpt>
      <trkpt lat="46.95784333" lon="16.643325">
        <ele>293.2</ele>
        <time>2025-07-14T12:25:00Z</time>
      </trkpt>
      <trkpt lat="46.95794167" lon="16.64324833">
        <ele>291.3</ele>
        <time>2025-07-14T12:25:01Z</time>
      </trkpt>
      <trkpt lat="46.95803667" lon="16.64317833">
        <ele>290.2</ele>
        <time>2025-07-14T12:25:02Z</time>
      </trkpt>
      <trkpt lat="46.95813333" lon="16.64309667">
        <ele>289.1</ele>
        <time>2025-07-14T12:25:03Z</time>
      </trkpt>
      <trkpt lat="46.95822667" lon="16.643005">
        <ele>288.5</ele>
        <time>2025-07-14T12:25:04Z</time>
      </trkpt>
      <trkpt lat="46.95831833" lon="16.64290167">
        <ele>288.2</ele>
        <time>2025-07-14T12:25:05Z</time>
      </trkpt>
      <trkpt lat="46.95840333" lon="16.64279167">
        <ele>287.9</ele>
        <time>2025-07-14T12:25:06Z</time>
      </trkpt>
      <trkpt lat="46.95848167" lon="16.64267833">
        <ele>288.1</ele>
        <time>2025-07-14T12:25:07Z</time>
      </trkpt>
      <trkpt lat="46.95856" lon="16.64257167">
        <ele>288.4</ele>
        <time>2025-07-14T12:25:08Z</time>
      </trkpt>
      <trkpt lat="46.95863333" lon="16.64245667">
        <ele>288.3</ele>
        <time>2025-07-14T12:25:09Z</time>
      </trkpt>
      <trkpt lat="46.958715" lon="16.64234">
        <ele>288.7</ele>
        <time>2025-07-14T12:25:10Z</time>
      </trkpt>
      <trkpt lat="46.958885" lon="16.64212333">
        <ele>288.5</ele>
        <time>2025-07-14T12:25:12Z</time>
      </trkpt>
      <trkpt lat="46.95897333" lon="16.64203">
        <ele>288.5</ele>
        <time>2025-07-14T12:25:13Z</time>
      </trkpt>
      <trkpt lat="46.95907667" lon="16.641945">
        <ele>288.8</ele>
        <time>2025-07-14T12:25:14Z</time>
      </trkpt>
      <trkpt lat="46.95916833" lon="16.64186667">
        <ele>288.8</ele>
        <time>2025-07-14T12:25:15Z</time>
      </trkpt>
      <trkpt lat="46.95935833" lon="16.64173167">
        <ele>288.2</ele>
        <time>2025-07-14T12:25:17Z</time>
      </trkpt>
      <trkpt lat="46.95946" lon="16.64167167">
        <ele>287.6</ele>
        <time>2025-07-14T12:25:18Z</time>
      </trkpt>
      <trkpt lat="46.95956333" lon="16.64161167">
        <ele>287.5</ele>
        <time>2025-07-14T12:25:19Z</time>
      </trkpt>
      <trkpt lat="46.95967" lon="16.64155167">
        <ele>287.3</ele>
        <time>2025-07-14T12:25:20Z</time>
      </trkpt>
      <trkpt lat="46.95976833" lon="16.64149833">
        <ele>287.8</ele>
        <time>2025-07-14T12:25:21Z</time>
      </trkpt>
      <trkpt lat="46.95986333" lon="16.64145667">
        <ele>287.7</ele>
        <time>2025-07-14T12:25:22Z</time>
      </trkpt>
      <trkpt lat="46.95996167" lon="16.64142">
        <ele>288</ele>
        <time>2025-07-14T12:25:23Z</time>
      </trkpt>
      <trkpt lat="46.960065" lon="16.64138667">
        <ele>287.8</ele>
        <time>2025-07-14T12:25:24Z</time>
      </trkpt>
      <trkpt lat="46.96017167" lon="16.64134167">
        <ele>286.9</ele>
        <time>2025-07-14T12:25:25Z</time>
      </trkpt>
      <trkpt lat="46.96037" lon="16.64127">
        <ele>288.4</ele>
        <time>2025-07-14T12:25:27Z</time>
      </trkpt>
      <trkpt lat="46.96057167" lon="16.64120667">
        <ele>288.9</ele>
        <time>2025-07-14T12:25:29Z</time>
      </trkpt>
      <trkpt lat="46.96067333" lon="16.641185">
        <ele>289.4</ele>
        <time>2025-07-14T12:25:30Z</time>
      </trkpt>
      <trkpt lat="46.96077167" lon="16.64116">
        <ele>289.3</ele>
        <time>2025-07-14T12:25:31Z</time>
      </trkpt>
      <trkpt lat="46.96097" lon="16.641115">
        <ele>288.4</ele>
        <time>2025-07-14T12:25:33Z</time>
      </trkpt>
      <trkpt lat="46.961075" lon="16.64109333">
        <ele>286.9</ele>
        <time>2025-07-14T12:25:34Z</time>
      </trkpt>
      <trkpt lat="46.96127833" lon="16.64103833">
        <ele>284.3</ele>
        <time>2025-07-14T12:25:36Z</time>
      </trkpt>
      <trkpt lat="46.961385" lon="16.64101333">
        <ele>283.9</ele>
        <time>2025-07-14T12:25:37Z</time>
      </trkpt>
      <trkpt lat="46.96159833" lon="16.64096">
        <ele>282.9</ele>
        <time>2025-07-14T12:25:39Z</time>
      </trkpt>
      <trkpt lat="46.961705" lon="16.640925">
        <ele>282.3</ele>
        <time>2025-07-14T12:25:40Z</time>
      </trkpt>
      <trkpt lat="46.96179833" lon="16.64088333">
        <ele>282.6</ele>
        <time>2025-07-14T12:25:41Z</time>
      </trkpt>
      <trkpt lat="46.96189167" lon="16.64083333">
        <ele>282.6</ele>
        <time>2025-07-14T12:25:42Z</time>
      </trkpt>
      <trkpt lat="46.961985" lon="16.640775">
        <ele>283.4</ele>
        <time>2025-07-14T12:25:43Z</time>
      </trkpt>
      <trkpt lat="46.96208" lon="16.64070333">
        <ele>283.3</ele>
        <time>2025-07-14T12:25:44Z</time>
      </trkpt>
      <trkpt lat="46.96216333" lon="16.64062833">
        <ele>283.6</ele>
        <time>2025-07-14T12:25:45Z</time>
      </trkpt>
      <trkpt lat="46.96224667" lon="16.640545">
        <ele>283.6</ele>
        <time>2025-07-14T12:25:46Z</time>
      </trkpt>
      <trkpt lat="46.96238333" lon="16.64039">
        <ele>283.6</ele>
        <time>2025-07-14T12:25:48Z</time>
      </trkpt>
      <trkpt lat="46.962475" lon="16.64026">
        <ele>283.9</ele>
        <time>2025-07-14T12:25:50Z</time>
      </trkpt>
      <trkpt lat="46.962525" lon="16.64011167">
        <ele>282.5</ele>
        <time>2025-07-14T12:25:53Z</time>
      </trkpt>
      <trkpt lat="46.962495" lon="16.63997333">
        <ele>282</ele>
        <time>2025-07-14T12:25:55Z</time>
      </trkpt>
      <trkpt lat="46.962445" lon="16.63976167">
        <ele>282.7</ele>
        <time>2025-07-14T12:25:57Z</time>
      </trkpt>
      <trkpt lat="46.96241333" lon="16.63954333">
        <ele>283.3</ele>
        <time>2025-07-14T12:25:59Z</time>
      </trkpt>
      <trkpt lat="46.962415" lon="16.639325">
        <ele>282.4</ele>
        <time>2025-07-14T12:26:01Z</time>
      </trkpt>
      <trkpt lat="46.96243" lon="16.639095">
        <ele>282.7</ele>
        <time>2025-07-14T12:26:03Z</time>
      </trkpt>
      <trkpt lat="46.96246" lon="16.63887167">
        <ele>283.9</ele>
        <time>2025-07-14T12:26:05Z</time>
      </trkpt>
      <trkpt lat="46.962485" lon="16.63863333">
        <ele>286</ele>
        <time>2025-07-14T12:26:07Z</time>
      </trkpt>
      <trkpt lat="46.96251" lon="16.63838">
        <ele>288.1</ele>
        <time>2025-07-14T12:26:09Z</time>
      </trkpt>
      <trkpt lat="46.96253833" lon="16.63811167">
        <ele>288.9</ele>
        <time>2025-07-14T12:26:11Z</time>
      </trkpt>
      <trkpt lat="46.96255333" lon="16.637965">
        <ele>289.5</ele>
        <time>2025-07-14T12:26:12Z</time>
      </trkpt>
      <trkpt lat="46.96257667" lon="16.63780667">
        <ele>290.1</ele>
        <time>2025-07-14T12:26:13Z</time>
      </trkpt>
      <trkpt lat="46.96259167" lon="16.63764333">
        <ele>290.9</ele>
        <time>2025-07-14T12:26:14Z</time>
      </trkpt>
      <trkpt lat="46.96260667" lon="16.637475">
        <ele>292.3</ele>
        <time>2025-07-14T12:26:15Z</time>
      </trkpt>
      <trkpt lat="46.96262167" lon="16.63731333">
        <ele>292.5</ele>
        <time>2025-07-14T12:26:16Z</time>
      </trkpt>
      <trkpt lat="46.96264333" lon="16.63715167">
        <ele>292.9</ele>
        <time>2025-07-14T12:26:17Z</time>
      </trkpt>
      <trkpt lat="46.96266667" lon="16.63697833">
        <ele>293</ele>
        <time>2025-07-14T12:26:18Z</time>
      </trkpt>
      <trkpt lat="46.96268833" lon="16.63681167">
        <ele>292.6</ele>
        <time>2025-07-14T12:26:19Z</time>
      </trkpt>
      <trkpt lat="46.96270667" lon="16.63663667">
        <ele>292.9</ele>
        <time>2025-07-14T12:26:20Z</time>
      </trkpt>
      <trkpt lat="46.96273" lon="16.63646333">
        <ele>292.6</ele>
        <time>2025-07-14T12:26:21Z</time>
      </trkpt>
      <trkpt lat="46.96274833" lon="16.63629167">
        <ele>292.9</ele>
        <time>2025-07-14T12:26:22Z</time>
      </trkpt>
      <trkpt lat="46.96277167" lon="16.63611333">
        <ele>292.4</ele>
        <time>2025-07-14T12:26:23Z</time>
      </trkpt>
      <trkpt lat="46.96278667" lon="16.63593167">
        <ele>291.7</ele>
        <time>2025-07-14T12:26:24Z</time>
      </trkpt>
      <trkpt lat="46.96280667" lon="16.63574167">
        <ele>291.5</ele>
        <time>2025-07-14T12:26:25Z</time>
      </trkpt>
      <trkpt lat="46.96282667" lon="16.63555833">
        <ele>292.1</ele>
        <time>2025-07-14T12:26:26Z</time>
      </trkpt>
      <trkpt lat="46.96284833" lon="16.63537833">
        <ele>293.8</ele>
        <time>2025-07-14T12:26:27Z</time>
      </trkpt>
      <trkpt lat="46.96286167" lon="16.63519667">
        <ele>294.1</ele>
        <time>2025-07-14T12:26:28Z</time>
      </trkpt>
      <trkpt lat="46.96288667" lon="16.63501333">
        <ele>293.9</ele>
        <time>2025-07-14T12:26:29Z</time>
      </trkpt>
      <trkpt lat="46.962905" lon="16.63484667">
        <ele>293.5</ele>
        <time>2025-07-14T12:26:30Z</time>
      </trkpt>
      <trkpt lat="46.96292333" lon="16.63467333">
        <ele>293.9</ele>
        <time>2025-07-14T12:26:31Z</time>
      </trkpt>
      <trkpt lat="46.962935" lon="16.63451167">
        <ele>293.8</ele>
        <time>2025-07-14T12:26:32Z</time>
      </trkpt>
      <trkpt lat="46.96294833" lon="16.63434833">
        <ele>294.3</ele>
        <time>2025-07-14T12:26:33Z</time>
      </trkpt>
      <trkpt lat="46.96296667" lon="16.63419167">
        <ele>294.6</ele>
        <time>2025-07-14T12:26:34Z</time>
      </trkpt>
      <trkpt lat="46.962985" lon="16.63404">
        <ele>294.8</ele>
        <time>2025-07-14T12:26:35Z</time>
      </trkpt>
      <trkpt lat="46.96300167" lon="16.63388833">
        <ele>294.7</ele>
        <time>2025-07-14T12:26:36Z</time>
      </trkpt>
      <trkpt lat="46.963015" lon="16.63374167">
        <ele>294.8</ele>
        <time>2025-07-14T12:26:37Z</time>
      </trkpt>
      <trkpt lat="46.96303167" lon="16.63359333">
        <ele>294.7</ele>
        <time>2025-07-14T12:26:38Z</time>
      </trkpt>
      <trkpt lat="46.96305667" lon="16.63345833">
        <ele>294.6</ele>
        <time>2025-07-14T12:26:39Z</time>
      </trkpt>
      <trkpt lat="46.96307667" lon="16.63331667">
        <ele>296.8</ele>
        <time>2025-07-14T12:26:40Z</time>
      </trkpt>
      <trkpt lat="46.963095" lon="16.63317">
        <ele>299.9</ele>
        <time>2025-07-14T12:26:41Z</time>
      </trkpt>
      <trkpt lat="46.96311" lon="16.63301833">
        <ele>303.3</ele>
        <time>2025-07-14T12:26:42Z</time>
      </trkpt>
      <trkpt lat="46.96313333" lon="16.63288">
        <ele>303.6</ele>
        <time>2025-07-14T12:26:43Z</time>
      </trkpt>
      <trkpt lat="46.96316667" lon="16.63273">
        <ele>302</ele>
        <time>2025-07-14T12:26:44Z</time>
      </trkpt>
      <trkpt lat="46.963205" lon="16.63259167">
        <ele>300.1</ele>
        <time>2025-07-14T12:26:45Z</time>
      </trkpt>
      <trkpt lat="46.96323833" lon="16.632455">
        <ele>298.3</ele>
        <time>2025-07-14T12:26:46Z</time>
      </trkpt>
      <trkpt lat="46.96327167" lon="16.63230667">
        <ele>296.6</ele>
        <time>2025-07-14T12:26:47Z</time>
      </trkpt>
      <trkpt lat="46.96330167" lon="16.63215667">
        <ele>295.3</ele>
        <time>2025-07-14T12:26:48Z</time>
      </trkpt>
      <trkpt lat="46.96332667" lon="16.63199833">
        <ele>293.1</ele>
        <time>2025-07-14T12:26:49Z</time>
      </trkpt>
      <trkpt lat="46.96335" lon="16.63183667">
        <ele>291.1</ele>
        <time>2025-07-14T12:26:50Z</time>
      </trkpt>
      <trkpt lat="46.96336167" lon="16.63166667">
        <ele>289.6</ele>
        <time>2025-07-14T12:26:51Z</time>
      </trkpt>
      <trkpt lat="46.96338" lon="16.63149167">
        <ele>288.2</ele>
        <time>2025-07-14T12:26:52Z</time>
      </trkpt>
      <trkpt lat="46.96339833" lon="16.63132">
        <ele>287.6</ele>
        <time>2025-07-14T12:26:53Z</time>
      </trkpt>
      <trkpt lat="46.96341667" lon="16.63114333">
        <ele>287</ele>
        <time>2025-07-14T12:26:54Z</time>
      </trkpt>
      <trkpt lat="46.963435" lon="16.63097">
        <ele>286</ele>
        <time>2025-07-14T12:26:55Z</time>
      </trkpt>
      <trkpt lat="46.96345167" lon="16.63080667">
        <ele>285.9</ele>
        <time>2025-07-14T12:26:56Z</time>
      </trkpt>
      <trkpt lat="46.96347167" lon="16.63063667">
        <ele>285.5</ele>
        <time>2025-07-14T12:26:57Z</time>
      </trkpt>
      <trkpt lat="46.96349833" lon="16.63046333">
        <ele>284.4</ele>
        <time>2025-07-14T12:26:58Z</time>
      </trkpt>
      <trkpt lat="46.96352333" lon="16.63029167">
        <ele>283.8</ele>
        <time>2025-07-14T12:26:59Z</time>
      </trkpt>
      <trkpt lat="46.963555" lon="16.63012167">
        <ele>283.5</ele>
        <time>2025-07-14T12:27:00Z</time>
      </trkpt>
      <trkpt lat="46.96358333" lon="16.629965">
        <ele>283</ele>
        <time>2025-07-14T12:27:01Z</time>
      </trkpt>
      <trkpt lat="46.96360333" lon="16.62981">
        <ele>281.5</ele>
        <time>2025-07-14T12:27:02Z</time>
      </trkpt>
      <trkpt lat="46.96361667" lon="16.62962">
        <ele>281.1</ele>
        <time>2025-07-14T12:27:03Z</time>
      </trkpt>
      <trkpt lat="46.96362333" lon="16.629425">
        <ele>280.1</ele>
        <time>2025-07-14T12:27:04Z</time>
      </trkpt>
      <trkpt lat="46.96363167" lon="16.629245">
        <ele>279.7</ele>
        <time>2025-07-14T12:27:05Z</time>
      </trkpt>
      <trkpt lat="46.96364" lon="16.62905667">
        <ele>279.6</ele>
        <time>2025-07-14T12:27:06Z</time>
      </trkpt>
      <trkpt lat="46.96365667" lon="16.62887167">
        <ele>279.3</ele>
        <time>2025-07-14T12:27:07Z</time>
      </trkpt>
      <trkpt lat="46.96368" lon="16.62866833">
        <ele>279.5</ele>
        <time>2025-07-14T12:27:08Z</time>
      </trkpt>
      <trkpt lat="46.96370333" lon="16.628465">
        <ele>279.8</ele>
        <time>2025-07-14T12:27:09Z</time>
      </trkpt>
      <trkpt lat="46.96372833" lon="16.62826833">
        <ele>280.1</ele>
        <time>2025-07-14T12:27:10Z</time>
      </trkpt>
      <trkpt lat="46.963755" lon="16.628075">
        <ele>280.4</ele>
        <time>2025-07-14T12:27:11Z</time>
      </trkpt>
      <trkpt lat="46.96377667" lon="16.627865">
        <ele>280.6</ele>
        <time>2025-07-14T12:27:12Z</time>
      </trkpt>
      <trkpt lat="46.96379833" lon="16.62767167">
        <ele>281.3</ele>
        <time>2025-07-14T12:27:13Z</time>
      </trkpt>
      <trkpt lat="46.96382167" lon="16.627485">
        <ele>281.8</ele>
        <time>2025-07-14T12:27:14Z</time>
      </trkpt>
      <trkpt lat="46.96384333" lon="16.62731">
        <ele>282.7</ele>
        <time>2025-07-14T12:27:15Z</time>
      </trkpt>
      <trkpt lat="46.96387" lon="16.62712167">
        <ele>283.6</ele>
        <time>2025-07-14T12:27:16Z</time>
      </trkpt>
      <trkpt lat="46.96388667" lon="16.62694833">
        <ele>286.3</ele>
        <time>2025-07-14T12:27:17Z</time>
      </trkpt>
      <trkpt lat="46.96389833" lon="16.62679167">
        <ele>288.3</ele>
        <time>2025-07-14T12:27:18Z</time>
      </trkpt>
      <trkpt lat="46.96390667" lon="16.62663667">
        <ele>289.8</ele>
        <time>2025-07-14T12:27:19Z</time>
      </trkpt>
      <trkpt lat="46.96391" lon="16.62648167">
        <ele>291</ele>
        <time>2025-07-14T12:27:20Z</time>
      </trkpt>
      <trkpt lat="46.963905" lon="16.62632333">
        <ele>292.2</ele>
        <time>2025-07-14T12:27:21Z</time>
      </trkpt>
      <trkpt lat="46.96389333" lon="16.62616333">
        <ele>292.8</ele>
        <time>2025-07-14T12:27:22Z</time>
      </trkpt>
      <trkpt lat="46.96387333" lon="16.62600833">
        <ele>292.6</ele>
        <time>2025-07-14T12:27:23Z</time>
      </trkpt>
      <trkpt lat="46.96385" lon="16.62584667">
        <ele>293.6</ele>
        <time>2025-07-14T12:27:24Z</time>
      </trkpt>
      <trkpt lat="46.96382" lon="16.62568833">
        <ele>293.8</ele>
        <time>2025-07-14T12:27:25Z</time>
      </trkpt>
      <trkpt lat="46.96378" lon="16.62553667">
        <ele>293</ele>
        <time>2025-07-14T12:27:26Z</time>
      </trkpt>
      <trkpt lat="46.96373" lon="16.62538333">
        <ele>293.3</ele>
        <time>2025-07-14T12:27:27Z</time>
      </trkpt>
      <trkpt lat="46.96367333" lon="16.625245">
        <ele>293.1</ele>
        <time>2025-07-14T12:27:28Z</time>
      </trkpt>
      <trkpt lat="46.96361667" lon="16.62511333">
        <ele>292.6</ele>
        <time>2025-07-14T12:27:29Z</time>
      </trkpt>
      <trkpt lat="46.963555" lon="16.624995">
        <ele>292.1</ele>
        <time>2025-07-14T12:27:30Z</time>
      </trkpt>
      <trkpt lat="46.96345167" lon="16.62481167">
        <ele>292.5</ele>
        <time>2025-07-14T12:27:32Z</time>
      </trkpt>
      <trkpt lat="46.96337333" lon="16.62465667">
        <ele>293.2</ele>
        <time>2025-07-14T12:27:34Z</time>
      </trkpt>
      <trkpt lat="46.96331167" lon="16.62451333">
        <ele>292.8</ele>
        <time>2025-07-14T12:27:36Z</time>
      </trkpt>
      <trkpt lat="46.96328167" lon="16.624365">
        <ele>293.7</ele>
        <time>2025-07-14T12:27:38Z</time>
      </trkpt>
      <trkpt lat="46.96323833" lon="16.62421">
        <ele>293.7</ele>
        <time>2025-07-14T12:27:40Z</time>
      </trkpt>
      <trkpt lat="46.96316667" lon="16.62408333">
        <ele>294</ele>
        <time>2025-07-14T12:27:42Z</time>
      </trkpt>
      <trkpt lat="46.96308667" lon="16.62395">
        <ele>294</ele>
        <time>2025-07-14T12:27:44Z</time>
      </trkpt>
      <trkpt lat="46.963035" lon="16.62377333">
        <ele>293.7</ele>
        <time>2025-07-14T12:27:46Z</time>
      </trkpt>
      <trkpt lat="46.963035" lon="16.62354667">
        <ele>293.7</ele>
        <time>2025-07-14T12:27:48Z</time>
      </trkpt>
      <trkpt lat="46.963085" lon="16.623295">
        <ele>292.5</ele>
        <time>2025-07-14T12:27:50Z</time>
      </trkpt>
      <trkpt lat="46.96312833" lon="16.62317667">
        <ele>292.2</ele>
        <time>2025-07-14T12:27:51Z</time>
      </trkpt>
      <trkpt lat="46.96317333" lon="16.62306167">
        <ele>291.1</ele>
        <time>2025-07-14T12:27:52Z</time>
      </trkpt>
      <trkpt lat="46.963245" lon="16.62295667">
        <ele>291</ele>
        <time>2025-07-14T12:27:53Z</time>
      </trkpt>
      <trkpt lat="46.96331667" lon="16.62284833">
        <ele>291.3</ele>
        <time>2025-07-14T12:27:54Z</time>
      </trkpt>
      <trkpt lat="46.96339" lon="16.62273167">
        <ele>291.6</ele>
        <time>2025-07-14T12:27:55Z</time>
      </trkpt>
      <trkpt lat="46.96346167" lon="16.62261333">
        <ele>291.8</ele>
        <time>2025-07-14T12:27:56Z</time>
      </trkpt>
      <trkpt lat="46.96353" lon="16.62248833">
        <ele>291</ele>
        <time>2025-07-14T12:27:57Z</time>
      </trkpt>
      <trkpt lat="46.963595" lon="16.622355">
        <ele>291.6</ele>
        <time>2025-07-14T12:27:58Z</time>
      </trkpt>
      <trkpt lat="46.96365333" lon="16.62221167">
        <ele>291.4</ele>
        <time>2025-07-14T12:27:59Z</time>
      </trkpt>
      <trkpt lat="46.96369" lon="16.62205333">
        <ele>291</ele>
        <time>2025-07-14T12:28:00Z</time>
      </trkpt>
      <trkpt lat="46.96373167" lon="16.62187833">
        <ele>290.6</ele>
        <time>2025-07-14T12:28:01Z</time>
      </trkpt>
      <trkpt lat="46.963765" lon="16.621695">
        <ele>290.8</ele>
        <time>2025-07-14T12:28:02Z</time>
      </trkpt>
      <trkpt lat="46.96377667" lon="16.62152167">
        <ele>290.5</ele>
        <time>2025-07-14T12:28:03Z</time>
      </trkpt>
      <trkpt lat="46.96378" lon="16.62135667">
        <ele>290.9</ele>
        <time>2025-07-14T12:28:04Z</time>
      </trkpt>
      <trkpt lat="46.96378333" lon="16.62119">
        <ele>290.6</ele>
        <time>2025-07-14T12:28:05Z</time>
      </trkpt>
      <trkpt lat="46.96378333" lon="16.62102333">
        <ele>290.6</ele>
        <time>2025-07-14T12:28:06Z</time>
      </trkpt>
      <trkpt lat="46.96377667" lon="16.62087333">
        <ele>290.5</ele>
        <time>2025-07-14T12:28:07Z</time>
      </trkpt>
      <trkpt lat="46.96376167" lon="16.62061667">
        <ele>291.4</ele>
        <time>2025-07-14T12:28:09Z</time>
      </trkpt>
      <trkpt lat="46.96375167" lon="16.620395">
        <ele>292.6</ele>
        <time>2025-07-14T12:28:11Z</time>
      </trkpt>
      <trkpt lat="46.96375833" lon="16.62023333">
        <ele>292.4</ele>
        <time>2025-07-14T12:28:13Z</time>
      </trkpt>
      <trkpt lat="46.96376167" lon="16.62007667">
        <ele>289.8</ele>
        <time>2025-07-14T12:28:32Z</time>
      </trkpt>
      <trkpt lat="46.96375" lon="16.61992">
        <ele>290.1</ele>
        <time>2025-07-14T12:28:35Z</time>
      </trkpt>
      <trkpt lat="46.96374" lon="16.619785">
        <ele>290.7</ele>
        <time>2025-07-14T12:28:37Z</time>
      </trkpt>
      <trkpt lat="46.96374" lon="16.619615">
        <ele>291.3</ele>
        <time>2025-07-14T12:28:39Z</time>
      </trkpt>
      <trkpt lat="46.96375167" lon="16.61944">
        <ele>292.1</ele>
        <time>2025-07-14T12:28:41Z</time>
      </trkpt>
      <trkpt lat="46.963785" lon="16.619225">
        <ele>291.6</ele>
        <time>2025-07-14T12:28:43Z</time>
      </trkpt>
      <trkpt lat="46.96382167" lon="16.61897333">
        <ele>290.5</ele>
        <time>2025-07-14T12:28:45Z</time>
      </trkpt>
      <trkpt lat="46.96384333" lon="16.61883667">
        <ele>290.3</ele>
        <time>2025-07-14T12:28:46Z</time>
      </trkpt>
      <trkpt lat="46.96387333" lon="16.61869333">
        <ele>289.6</ele>
        <time>2025-07-14T12:28:47Z</time>
      </trkpt>
      <trkpt lat="46.96390833" lon="16.61855">
        <ele>288.7</ele>
        <time>2025-07-14T12:28:48Z</time>
      </trkpt>
      <trkpt lat="46.96394" lon="16.6184">
        <ele>287.8</ele>
        <time>2025-07-14T12:28:49Z</time>
      </trkpt>
      <trkpt lat="46.96397333" lon="16.61824333">
        <ele>287.4</ele>
        <time>2025-07-14T12:28:50Z</time>
      </trkpt>
      <trkpt lat="46.96400333" lon="16.61808333">
        <ele>287.4</ele>
        <time>2025-07-14T12:28:51Z</time>
      </trkpt>
      <trkpt lat="46.96403167" lon="16.61789">
        <ele>287</ele>
        <time>2025-07-14T12:28:52Z</time>
      </trkpt>
      <trkpt lat="46.964065" lon="16.61770667">
        <ele>286.4</ele>
        <time>2025-07-14T12:28:53Z</time>
      </trkpt>
      <trkpt lat="46.96410167" lon="16.61752833">
        <ele>285.6</ele>
        <time>2025-07-14T12:28:54Z</time>
      </trkpt>
      <trkpt lat="46.96414167" lon="16.61735167">
        <ele>285.5</ele>
        <time>2025-07-14T12:28:55Z</time>
      </trkpt>
      <trkpt lat="46.96417333" lon="16.61717">
        <ele>284.6</ele>
        <time>2025-07-14T12:28:56Z</time>
      </trkpt>
      <trkpt lat="46.964205" lon="16.61699833">
        <ele>284.4</ele>
        <time>2025-07-14T12:28:57Z</time>
      </trkpt>
      <trkpt lat="46.96423667" lon="16.61681833">
        <ele>283.4</ele>
        <time>2025-07-14T12:28:58Z</time>
      </trkpt>
      <trkpt lat="46.96427" lon="16.61663667">
        <ele>283.4</ele>
        <time>2025-07-14T12:28:59Z</time>
      </trkpt>
      <trkpt lat="46.96429667" lon="16.616465">
        <ele>283.7</ele>
        <time>2025-07-14T12:29:00Z</time>
      </trkpt>
      <trkpt lat="46.964335" lon="16.61628833">
        <ele>283.9</ele>
        <time>2025-07-14T12:29:01Z</time>
      </trkpt>
      <trkpt lat="46.96436833" lon="16.61612333">
        <ele>283.9</ele>
        <time>2025-07-14T12:29:02Z</time>
      </trkpt>
      <trkpt lat="46.96438" lon="16.61596167">
        <ele>284.1</ele>
        <time>2025-07-14T12:29:03Z</time>
      </trkpt>
      <trkpt lat="46.96441333" lon="16.615795">
        <ele>283.6</ele>
        <time>2025-07-14T12:29:04Z</time>
      </trkpt>
      <trkpt lat="46.964435" lon="16.61563667">
        <ele>284.4</ele>
        <time>2025-07-14T12:29:05Z</time>
      </trkpt>
      <trkpt lat="46.96445167" lon="16.615485">
        <ele>285.6</ele>
        <time>2025-07-14T12:29:06Z</time>
      </trkpt>
      <trkpt lat="46.964465" lon="16.61533333">
        <ele>286</ele>
        <time>2025-07-14T12:29:07Z</time>
      </trkpt>
      <trkpt lat="46.96448167" lon="16.61518333">
        <ele>286.8</ele>
        <time>2025-07-14T12:29:08Z</time>
      </trkpt>
      <trkpt lat="46.96449333" lon="16.615035">
        <ele>287.9</ele>
        <time>2025-07-14T12:29:09Z</time>
      </trkpt>
      <trkpt lat="46.96449333" lon="16.614895">
        <ele>289.3</ele>
        <time>2025-07-14T12:29:10Z</time>
      </trkpt>
      <trkpt lat="46.96449" lon="16.61476167">
        <ele>289.9</ele>
        <time>2025-07-14T12:29:11Z</time>
      </trkpt>
      <trkpt lat="46.96449333" lon="16.61462667">
        <ele>290.6</ele>
        <time>2025-07-14T12:29:12Z</time>
      </trkpt>
      <trkpt lat="46.96449167" lon="16.61448667">
        <ele>290.7</ele>
        <time>2025-07-14T12:29:13Z</time>
      </trkpt>
      <trkpt lat="46.96449333" lon="16.61434333">
        <ele>290.4</ele>
        <time>2025-07-14T12:29:14Z</time>
      </trkpt>
      <trkpt lat="46.96449667" lon="16.61420333">
        <ele>290.8</ele>
        <time>2025-07-14T12:29:15Z</time>
      </trkpt>
      <trkpt lat="46.96450667" lon="16.61394667">
        <ele>290.8</ele>
        <time>2025-07-14T12:29:17Z</time>
      </trkpt>
      <trkpt lat="46.964545" lon="16.61369167">
        <ele>290.9</ele>
        <time>2025-07-14T12:29:19Z</time>
      </trkpt>
      <trkpt lat="46.964635" lon="16.61348">
        <ele>290.8</ele>
        <time>2025-07-14T12:29:21Z</time>
      </trkpt>
      <trkpt lat="46.96470167" lon="16.61339">
        <ele>291.2</ele>
        <time>2025-07-14T12:29:22Z</time>
      </trkpt>
      <trkpt lat="46.964835" lon="16.613245">
        <ele>291.4</ele>
        <time>2025-07-14T12:29:24Z</time>
      </trkpt>
      <trkpt lat="46.96497833" lon="16.61310333">
        <ele>291.4</ele>
        <time>2025-07-14T12:29:26Z</time>
      </trkpt>
      <trkpt lat="46.96510333" lon="16.61294167">
        <ele>290.3</ele>
        <time>2025-07-14T12:29:28Z</time>
      </trkpt>
      <trkpt lat="46.96517833" lon="16.61286833">
        <ele>289.7</ele>
        <time>2025-07-14T12:29:29Z</time>
      </trkpt>
      <trkpt lat="46.96531167" lon="16.612725">
        <ele>288.3</ele>
        <time>2025-07-14T12:29:31Z</time>
      </trkpt>
      <trkpt lat="46.96544167" lon="16.612595">
        <ele>287.2</ele>
        <time>2025-07-14T12:29:33Z</time>
      </trkpt>
      <trkpt lat="46.96555333" lon="16.61246667">
        <ele>285.2</ele>
        <time>2025-07-14T12:29:35Z</time>
      </trkpt>
      <trkpt lat="46.96566167" lon="16.612335">
        <ele>282.9</ele>
        <time>2025-07-14T12:29:37Z</time>
      </trkpt>
      <trkpt lat="46.96576667" lon="16.61220833">
        <ele>280.7</ele>
        <time>2025-07-14T12:29:39Z</time>
      </trkpt>
      <trkpt lat="46.965865" lon="16.61209833">
        <ele>280.8</ele>
        <time>2025-07-14T12:29:41Z</time>
      </trkpt>
      <trkpt lat="46.96595167" lon="16.61202667">
        <ele>281.5</ele>
        <time>2025-07-14T12:29:43Z</time>
      </trkpt>
      <trkpt lat="46.96603833" lon="16.61198167">
        <ele>281.2</ele>
        <time>2025-07-14T12:29:46Z</time>
      </trkpt>
      <trkpt lat="46.96613667" lon="16.61196167">
        <ele>279.4</ele>
        <time>2025-07-14T12:29:55Z</time>
      </trkpt>
      <trkpt lat="46.96623" lon="16.61192833">
        <ele>279.4</ele>
        <time>2025-07-14T12:29:58Z</time>
      </trkpt>
      <trkpt lat="46.96633" lon="16.611865">
        <ele>281.1</ele>
        <time>2025-07-14T12:30:06Z</time>
      </trkpt>
      <trkpt lat="46.966365" lon="16.61174167">
        <ele>280.5</ele>
        <time>2025-07-14T12:30:08Z</time>
      </trkpt>
      <trkpt lat="46.96635667" lon="16.611595">
        <ele>280.3</ele>
        <time>2025-07-14T12:30:10Z</time>
      </trkpt>
      <trkpt lat="46.96633167" lon="16.61141333">
        <ele>279.8</ele>
        <time>2025-07-14T12:30:12Z</time>
      </trkpt>
      <trkpt lat="46.96631167" lon="16.61121333">
        <ele>279.1</ele>
        <time>2025-07-14T12:30:14Z</time>
      </trkpt>
      <trkpt lat="46.96628167" lon="16.61099333">
        <ele>278</ele>
        <time>2025-07-14T12:30:16Z</time>
      </trkpt>
      <trkpt lat="46.96625333" lon="16.61075">
        <ele>276.6</ele>
        <time>2025-07-14T12:30:18Z</time>
      </trkpt>
      <trkpt lat="46.96623833" lon="16.61062">
        <ele>275.7</ele>
        <time>2025-07-14T12:30:19Z</time>
      </trkpt>
      <trkpt lat="46.96622333" lon="16.61048">
        <ele>274.8</ele>
        <time>2025-07-14T12:30:20Z</time>
      </trkpt>
      <trkpt lat="46.96621333" lon="16.61033667">
        <ele>273.8</ele>
        <time>2025-07-14T12:30:21Z</time>
      </trkpt>
      <trkpt lat="46.96619833" lon="16.6102">
        <ele>272.8</ele>
        <time>2025-07-14T12:30:22Z</time>
      </trkpt>
      <trkpt lat="46.966185" lon="16.61006">
        <ele>272.6</ele>
        <time>2025-07-14T12:30:23Z</time>
      </trkpt>
      <trkpt lat="46.966175" lon="16.60992">
        <ele>272.4</ele>
        <time>2025-07-14T12:30:24Z</time>
      </trkpt>
      <trkpt lat="46.96615833" lon="16.609785">
        <ele>271.8</ele>
        <time>2025-07-14T12:30:25Z</time>
      </trkpt>
      <trkpt lat="46.96614667" lon="16.609645">
        <ele>271.2</ele>
        <time>2025-07-14T12:30:26Z</time>
      </trkpt>
      <trkpt lat="46.96611667" lon="16.60938">
        <ele>270.9</ele>
        <time>2025-07-14T12:30:28Z</time>
      </trkpt>
      <trkpt lat="46.96610333" lon="16.60924667">
        <ele>270.7</ele>
        <time>2025-07-14T12:30:29Z</time>
      </trkpt>
      <trkpt lat="46.96608167" lon="16.609005">
        <ele>271.2</ele>
        <time>2025-07-14T12:30:31Z</time>
      </trkpt>
      <trkpt lat="46.96606333" lon="16.608865">
        <ele>272.3</ele>
        <time>2025-07-14T12:30:33Z</time>
      </trkpt>
      <trkpt lat="46.96603667" lon="16.60870667">
        <ele>272.2</ele>
        <time>2025-07-14T12:30:37Z</time>
      </trkpt>
      <trkpt lat="46.96603333" lon="16.60849833">
        <ele>273.4</ele>
        <time>2025-07-14T12:30:40Z</time>
      </trkpt>
      <trkpt lat="46.96601667" lon="16.60829333">
        <ele>272.8</ele>
        <time>2025-07-14T12:30:42Z</time>
      </trkpt>
      <trkpt lat="46.96598667" lon="16.608065">
        <ele>272.8</ele>
        <time>2025-07-14T12:30:44Z</time>
      </trkpt>
      <trkpt lat="46.96596667" lon="16.607935">
        <ele>272.5</ele>
        <time>2025-07-14T12:30:45Z</time>
      </trkpt>
      <trkpt lat="46.96595167" lon="16.6078">
        <ele>272.6</ele>
        <time>2025-07-14T12:30:46Z</time>
      </trkpt>
      <trkpt lat="46.96594" lon="16.60765667">
        <ele>271.7</ele>
        <time>2025-07-14T12:30:47Z</time>
      </trkpt>
      <trkpt lat="46.96592333" lon="16.60751">
        <ele>270.8</ele>
        <time>2025-07-14T12:30:48Z</time>
      </trkpt>
      <trkpt lat="46.965905" lon="16.60736">
        <ele>269.9</ele>
        <time>2025-07-14T12:30:49Z</time>
      </trkpt>
      <trkpt lat="46.96588167" lon="16.60720667">
        <ele>270.9</ele>
        <time>2025-07-14T12:30:50Z</time>
      </trkpt>
      <trkpt lat="46.96587667" lon="16.60704833">
        <ele>270.9</ele>
        <time>2025-07-14T12:30:51Z</time>
      </trkpt>
      <trkpt lat="46.96585833" lon="16.60690167">
        <ele>271.4</ele>
        <time>2025-07-14T12:30:52Z</time>
      </trkpt>
      <trkpt lat="46.96584333" lon="16.60675667">
        <ele>271.1</ele>
        <time>2025-07-14T12:30:53Z</time>
      </trkpt>
      <trkpt lat="46.96582667" lon="16.60661833">
        <ele>272.1</ele>
        <time>2025-07-14T12:30:54Z</time>
      </trkpt>
      <trkpt lat="46.96581667" lon="16.60648">
        <ele>272.2</ele>
        <time>2025-07-14T12:30:55Z</time>
      </trkpt>
      <trkpt lat="46.96580833" lon="16.60634667">
        <ele>272.4</ele>
        <time>2025-07-14T12:30:56Z</time>
      </trkpt>
      <trkpt lat="46.96578333" lon="16.606105">
        <ele>272.5</ele>
        <time>2025-07-14T12:30:58Z</time>
      </trkpt>
      <trkpt lat="46.96576167" lon="16.60586667">
        <ele>272.2</ele>
        <time>2025-07-14T12:31:00Z</time>
      </trkpt>
      <trkpt lat="46.96573167" lon="16.60564833">
        <ele>272.5</ele>
        <time>2025-07-14T12:31:02Z</time>
      </trkpt>
      <trkpt lat="46.96571167" lon="16.605455">
        <ele>272.3</ele>
        <time>2025-07-14T12:31:04Z</time>
      </trkpt>
      <trkpt lat="46.96569" lon="16.60529333">
        <ele>272.2</ele>
        <time>2025-07-14T12:31:06Z</time>
      </trkpt>
      <trkpt lat="46.96568333" lon="16.60513333">
        <ele>270.8</ele>
        <time>2025-07-14T12:31:08Z</time>
      </trkpt>
      <trkpt lat="46.96567167" lon="16.60500167">
        <ele>271.5</ele>
        <time>2025-07-14T12:31:10Z</time>
      </trkpt>
      <trkpt lat="46.96565167" lon="16.60486667">
        <ele>273</ele>
        <time>2025-07-14T12:31:14Z</time>
      </trkpt>
      <trkpt lat="46.96563833" lon="16.604705">
        <ele>273.7</ele>
        <time>2025-07-14T12:31:29Z</time>
      </trkpt>
      <trkpt lat="46.96570833" lon="16.6046">
        <ele>272.4</ele>
        <time>2025-07-14T12:31:39Z</time>
      </trkpt>
      <trkpt lat="46.96582" lon="16.60460667">
        <ele>271.8</ele>
        <time>2025-07-14T12:31:42Z</time>
      </trkpt>
      <trkpt lat="46.96592833" lon="16.60462833">
        <ele>271.9</ele>
        <time>2025-07-14T12:31:44Z</time>
      </trkpt>
      <trkpt lat="46.96605333" lon="16.604665">
        <ele>271.3</ele>
        <time>2025-07-14T12:31:46Z</time>
      </trkpt>
      <trkpt lat="46.9662" lon="16.60469">
        <ele>270.3</ele>
        <time>2025-07-14T12:31:48Z</time>
      </trkpt>
      <trkpt lat="46.96637167" lon="16.60471">
        <ele>269.7</ele>
        <time>2025-07-14T12:31:50Z</time>
      </trkpt>
      <trkpt lat="46.96647333" lon="16.60472167">
        <ele>269.2</ele>
        <time>2025-07-14T12:31:51Z</time>
      </trkpt>
      <trkpt lat="46.96657667" lon="16.60472667">
        <ele>269.2</ele>
        <time>2025-07-14T12:31:52Z</time>
      </trkpt>
      <trkpt lat="46.96667833" lon="16.60474">
        <ele>270.2</ele>
        <time>2025-07-14T12:31:53Z</time>
      </trkpt>
      <trkpt lat="46.966785" lon="16.60476333">
        <ele>269.9</ele>
        <time>2025-07-14T12:31:54Z</time>
      </trkpt>
      <trkpt lat="46.96689167" lon="16.604785">
        <ele>269.7</ele>
        <time>2025-07-14T12:31:55Z</time>
      </trkpt>
      <trkpt lat="46.96700667" lon="16.6048">
        <ele>270</ele>
        <time>2025-07-14T12:31:56Z</time>
      </trkpt>
      <trkpt lat="46.96712333" lon="16.604815">
        <ele>270.2</ele>
        <time>2025-07-14T12:31:57Z</time>
      </trkpt>
      <trkpt lat="46.96724" lon="16.604825">
        <ele>270.2</ele>
        <time>2025-07-14T12:31:58Z</time>
      </trkpt>
      <trkpt lat="46.96735833" lon="16.60484167">
        <ele>270.1</ele>
        <time>2025-07-14T12:31:59Z</time>
      </trkpt>
      <trkpt lat="46.96748333" lon="16.60485333">
        <ele>269.8</ele>
        <time>2025-07-14T12:32:00Z</time>
      </trkpt>
      <trkpt lat="46.967605" lon="16.60486833">
        <ele>269.7</ele>
        <time>2025-07-14T12:32:01Z</time>
      </trkpt>
      <trkpt lat="46.96772333" lon="16.60488833">
        <ele>269</ele>
        <time>2025-07-14T12:32:02Z</time>
      </trkpt>
      <trkpt lat="46.967845" lon="16.60491167">
        <ele>268</ele>
        <time>2025-07-14T12:32:03Z</time>
      </trkpt>
      <trkpt lat="46.96796833" lon="16.60492667">
        <ele>267.6</ele>
        <time>2025-07-14T12:32:04Z</time>
      </trkpt>
      <trkpt lat="46.96809667" lon="16.60493167">
        <ele>267.8</ele>
        <time>2025-07-14T12:32:05Z</time>
      </trkpt>
      <trkpt lat="46.96822833" lon="16.604945">
        <ele>268</ele>
        <time>2025-07-14T12:32:06Z</time>
      </trkpt>
      <trkpt lat="46.96835667" lon="16.60496667">
        <ele>267.7</ele>
        <time>2025-07-14T12:32:07Z</time>
      </trkpt>
      <trkpt lat="46.96848833" lon="16.60498667">
        <ele>267.4</ele>
        <time>2025-07-14T12:32:08Z</time>
      </trkpt>
      <trkpt lat="46.96861167" lon="16.60501167">
        <ele>267.8</ele>
        <time>2025-07-14T12:32:09Z</time>
      </trkpt>
      <trkpt lat="46.96874167" lon="16.60503">
        <ele>267.8</ele>
        <time>2025-07-14T12:32:10Z</time>
      </trkpt>
      <trkpt lat="46.96887333" lon="16.605045">
        <ele>267.9</ele>
        <time>2025-07-14T12:32:11Z</time>
      </trkpt>
      <trkpt lat="46.969" lon="16.605065">
        <ele>267.7</ele>
        <time>2025-07-14T12:32:12Z</time>
      </trkpt>
      <trkpt lat="46.96913" lon="16.60507667">
        <ele>267.7</ele>
        <time>2025-07-14T12:32:13Z</time>
      </trkpt>
      <trkpt lat="46.96926833" lon="16.60510167">
        <ele>267.2</ele>
        <time>2025-07-14T12:32:14Z</time>
      </trkpt>
      <trkpt lat="46.96940333" lon="16.60511667">
        <ele>267.4</ele>
        <time>2025-07-14T12:32:15Z</time>
      </trkpt>
      <trkpt lat="46.96954167" lon="16.60513167">
        <ele>267.3</ele>
        <time>2025-07-14T12:32:16Z</time>
      </trkpt>
      <trkpt lat="46.96967" lon="16.60515167">
        <ele>267.1</ele>
        <time>2025-07-14T12:32:17Z</time>
      </trkpt>
      <trkpt lat="46.96980667" lon="16.60517">
        <ele>267.4</ele>
        <time>2025-07-14T12:32:18Z</time>
      </trkpt>
      <trkpt lat="46.96994333" lon="16.60518333">
        <ele>267.5</ele>
        <time>2025-07-14T12:32:19Z</time>
      </trkpt>
      <trkpt lat="46.97007667" lon="16.60518833">
        <ele>267.8</ele>
        <time>2025-07-14T12:32:20Z</time>
      </trkpt>
      <trkpt lat="46.97020667" lon="16.60519333">
        <ele>267.6</ele>
        <time>2025-07-14T12:32:21Z</time>
      </trkpt>
      <trkpt lat="46.97034" lon="16.60520833">
        <ele>268.2</ele>
        <time>2025-07-14T12:32:22Z</time>
      </trkpt>
      <trkpt lat="46.970475" lon="16.60522167">
        <ele>268.5</ele>
        <time>2025-07-14T12:32:23Z</time>
      </trkpt>
      <trkpt lat="46.97060833" lon="16.60523333">
        <ele>268.7</ele>
        <time>2025-07-14T12:32:24Z</time>
      </trkpt>
      <trkpt lat="46.97074167" lon="16.605255">
        <ele>268.3</ele>
        <time>2025-07-14T12:32:25Z</time>
      </trkpt>
      <trkpt lat="46.970875" lon="16.60527667">
        <ele>268.4</ele>
        <time>2025-07-14T12:32:26Z</time>
      </trkpt>
      <trkpt lat="46.97100167" lon="16.60529167">
        <ele>268.5</ele>
        <time>2025-07-14T12:32:27Z</time>
      </trkpt>
      <trkpt lat="46.97113667" lon="16.60531667">
        <ele>268.6</ele>
        <time>2025-07-14T12:32:28Z</time>
      </trkpt>
      <trkpt lat="46.97127" lon="16.60532833">
        <ele>268.5</ele>
        <time>2025-07-14T12:32:29Z</time>
      </trkpt>
      <trkpt lat="46.97141" lon="16.60533833">
        <ele>268.6</ele>
        <time>2025-07-14T12:32:30Z</time>
      </trkpt>
      <trkpt lat="46.97154667" lon="16.60535167">
        <ele>268</ele>
        <time>2025-07-14T12:32:31Z</time>
      </trkpt>
      <trkpt lat="46.97168333" lon="16.60537667">
        <ele>266.1</ele>
        <time>2025-07-14T12:32:32Z</time>
      </trkpt>
      <trkpt lat="46.97182333" lon="16.60539167">
        <ele>266.2</ele>
        <time>2025-07-14T12:32:33Z</time>
      </trkpt>
      <trkpt lat="46.97196833" lon="16.60540667">
        <ele>266.4</ele>
        <time>2025-07-14T12:32:34Z</time>
      </trkpt>
      <trkpt lat="46.97210333" lon="16.60542833">
        <ele>266.1</ele>
        <time>2025-07-14T12:32:35Z</time>
      </trkpt>
      <trkpt lat="46.97223833" lon="16.60544833">
        <ele>265.8</ele>
        <time>2025-07-14T12:32:36Z</time>
      </trkpt>
      <trkpt lat="46.97236667" lon="16.60547667">
        <ele>264.5</ele>
        <time>2025-07-14T12:32:37Z</time>
      </trkpt>
      <trkpt lat="46.97250333" lon="16.60550167">
        <ele>266.6</ele>
        <time>2025-07-14T12:32:38Z</time>
      </trkpt>
      <trkpt lat="46.97264167" lon="16.60553">
        <ele>267.1</ele>
        <time>2025-07-14T12:32:39Z</time>
      </trkpt>
      <trkpt lat="46.97277833" lon="16.60556167">
        <ele>267</ele>
        <time>2025-07-14T12:32:40Z</time>
      </trkpt>
      <trkpt lat="46.97291167" lon="16.6056">
        <ele>267.4</ele>
        <time>2025-07-14T12:32:41Z</time>
      </trkpt>
      <trkpt lat="46.973045" lon="16.605635">
        <ele>268.2</ele>
        <time>2025-07-14T12:32:42Z</time>
      </trkpt>
      <trkpt lat="46.97317667" lon="16.60568">
        <ele>267.9</ele>
        <time>2025-07-14T12:32:43Z</time>
      </trkpt>
      <trkpt lat="46.97330833" lon="16.60572667">
        <ele>267.5</ele>
        <time>2025-07-14T12:32:44Z</time>
      </trkpt>
      <trkpt lat="46.97344667" lon="16.60576833">
        <ele>267.4</ele>
        <time>2025-07-14T12:32:45Z</time>
      </trkpt>
      <trkpt lat="46.97357667" lon="16.60581833">
        <ele>267.1</ele>
        <time>2025-07-14T12:32:46Z</time>
      </trkpt>
      <trkpt lat="46.97370167" lon="16.60586667">
        <ele>266.6</ele>
        <time>2025-07-14T12:32:47Z</time>
      </trkpt>
      <trkpt lat="46.97382667" lon="16.60591833">
        <ele>265.9</ele>
        <time>2025-07-14T12:32:48Z</time>
      </trkpt>
      <trkpt lat="46.97395667" lon="16.60596833">
        <ele>265.3</ele>
        <time>2025-07-14T12:32:49Z</time>
      </trkpt>
      <trkpt lat="46.97408" lon="16.60600667">
        <ele>265.1</ele>
        <time>2025-07-14T12:32:50Z</time>
      </trkpt>
      <trkpt lat="46.97420333" lon="16.60606">
        <ele>265.2</ele>
        <time>2025-07-14T12:32:51Z</time>
      </trkpt>
      <trkpt lat="46.97432167" lon="16.60610167">
        <ele>265.4</ele>
        <time>2025-07-14T12:32:52Z</time>
      </trkpt>
      <trkpt lat="46.97443167" lon="16.60613833">
        <ele>265.6</ele>
        <time>2025-07-14T12:32:53Z</time>
      </trkpt>
      <trkpt lat="46.97452833" lon="16.60618333">
        <ele>265.5</ele>
        <time>2025-07-14T12:32:54Z</time>
      </trkpt>
      <trkpt lat="46.97466667" lon="16.60626">
        <ele>266.1</ele>
        <time>2025-07-14T12:32:56Z</time>
      </trkpt>
      <trkpt lat="46.97476833" lon="16.60633333">
        <ele>265.2</ele>
        <time>2025-07-14T12:32:58Z</time>
      </trkpt>
      <trkpt lat="46.97489" lon="16.60638167">
        <ele>264.2</ele>
        <time>2025-07-14T12:33:30Z</time>
      </trkpt>
      <trkpt lat="46.97499167" lon="16.60638667">
        <ele>263.8</ele>
        <time>2025-07-14T12:33:33Z</time>
      </trkpt>
      <trkpt lat="46.97508667" lon="16.60640667">
        <ele>263.2</ele>
        <time>2025-07-14T12:33:35Z</time>
      </trkpt>
      <trkpt lat="46.97521" lon="16.60646167">
        <ele>263.3</ele>
        <time>2025-07-14T12:33:37Z</time>
      </trkpt>
      <trkpt lat="46.975355" lon="16.60651333">
        <ele>263.4</ele>
        <time>2025-07-14T12:33:39Z</time>
      </trkpt>
      <trkpt lat="46.97551333" lon="16.60656333">
        <ele>263.6</ele>
        <time>2025-07-14T12:33:41Z</time>
      </trkpt>
      <trkpt lat="46.97569833" lon="16.60662833">
        <ele>263.6</ele>
        <time>2025-07-14T12:33:43Z</time>
      </trkpt>
      <trkpt lat="46.97579667" lon="16.606675">
        <ele>263.2</ele>
        <time>2025-07-14T12:33:44Z</time>
      </trkpt>
      <trkpt lat="46.97589833" lon="16.60672">
        <ele>263.4</ele>
        <time>2025-07-14T12:33:45Z</time>
      </trkpt>
      <trkpt lat="46.976005" lon="16.606755">
        <ele>263.8</ele>
        <time>2025-07-14T12:33:46Z</time>
      </trkpt>
      <trkpt lat="46.97611333" lon="16.606795">
        <ele>264.3</ele>
        <time>2025-07-14T12:33:47Z</time>
      </trkpt>
      <trkpt lat="46.97622" lon="16.60683667">
        <ele>264.4</ele>
        <time>2025-07-14T12:33:48Z</time>
      </trkpt>
      <trkpt lat="46.97632667" lon="16.60688667">
        <ele>264.2</ele>
        <time>2025-07-14T12:33:49Z</time>
      </trkpt>
      <trkpt lat="46.97644667" lon="16.60694667">
        <ele>265.5</ele>
        <time>2025-07-14T12:33:50Z</time>
      </trkpt>
      <trkpt lat="46.97655833" lon="16.60701167">
        <ele>266.3</ele>
        <time>2025-07-14T12:33:51Z</time>
      </trkpt>
      <trkpt lat="46.97668167" lon="16.60707667">
        <ele>267</ele>
        <time>2025-07-14T12:33:52Z</time>
      </trkpt>
      <trkpt lat="46.97680167" lon="16.60715333">
        <ele>266.7</ele>
        <time>2025-07-14T12:33:53Z</time>
      </trkpt>
      <trkpt lat="46.97692167" lon="16.60723333">
        <ele>267</ele>
        <time>2025-07-14T12:33:54Z</time>
      </trkpt>
      <trkpt lat="46.97704833" lon="16.60731667">
        <ele>266.8</ele>
        <time>2025-07-14T12:33:55Z</time>
      </trkpt>
      <trkpt lat="46.977175" lon="16.60739833">
        <ele>267.2</ele>
        <time>2025-07-14T12:33:56Z</time>
      </trkpt>
      <trkpt lat="46.9773" lon="16.607485">
        <ele>267.4</ele>
        <time>2025-07-14T12:33:57Z</time>
      </trkpt>
      <trkpt lat="46.977425" lon="16.60757">
        <ele>267.6</ele>
        <time>2025-07-14T12:33:58Z</time>
      </trkpt>
      <trkpt lat="46.977555" lon="16.607655">
        <ele>267.2</ele>
        <time>2025-07-14T12:33:59Z</time>
      </trkpt>
      <trkpt lat="46.97768667" lon="16.60774">
        <ele>267.1</ele>
        <time>2025-07-14T12:34:00Z</time>
      </trkpt>
      <trkpt lat="46.97782167" lon="16.60781833">
        <ele>267.8</ele>
        <time>2025-07-14T12:34:01Z</time>
      </trkpt>
      <trkpt lat="46.97796167" lon="16.607905">
        <ele>267.3</ele>
        <time>2025-07-14T12:34:02Z</time>
      </trkpt>
      <trkpt lat="46.97810667" lon="16.60797167">
        <ele>267.3</ele>
        <time>2025-07-14T12:34:03Z</time>
      </trkpt>
      <trkpt lat="46.97824667" lon="16.60804667">
        <ele>266.5</ele>
        <time>2025-07-14T12:34:04Z</time>
      </trkpt>
      <trkpt lat="46.97839" lon="16.60812">
        <ele>265.8</ele>
        <time>2025-07-14T12:34:05Z</time>
      </trkpt>
      <trkpt lat="46.97853" lon="16.60819333">
        <ele>265.2</ele>
        <time>2025-07-14T12:34:06Z</time>
      </trkpt>
      <trkpt lat="46.978685" lon="16.60827167">
        <ele>265.7</ele>
        <time>2025-07-14T12:34:07Z</time>
      </trkpt>
      <trkpt lat="46.97883" lon="16.60834">
        <ele>266.1</ele>
        <time>2025-07-14T12:34:08Z</time>
      </trkpt>
      <trkpt lat="46.97897667" lon="16.60841333">
        <ele>266.3</ele>
        <time>2025-07-14T12:34:09Z</time>
      </trkpt>
      <trkpt lat="46.97912167" lon="16.60848833">
        <ele>266.4</ele>
        <time>2025-07-14T12:34:10Z</time>
      </trkpt>
      <trkpt lat="46.97926333" lon="16.60856167">
        <ele>266</ele>
        <time>2025-07-14T12:34:11Z</time>
      </trkpt>
      <trkpt lat="46.97940667" lon="16.60864333">
        <ele>265.4</ele>
        <time>2025-07-14T12:34:12Z</time>
      </trkpt>
      <trkpt lat="46.97955333" lon="16.60873">
        <ele>264.6</ele>
        <time>2025-07-14T12:34:13Z</time>
      </trkpt>
      <trkpt lat="46.97969333" lon="16.60882667">
        <ele>264</ele>
        <time>2025-07-14T12:34:14Z</time>
      </trkpt>
      <trkpt lat="46.979835" lon="16.608935">
        <ele>263.8</ele>
        <time>2025-07-14T12:34:15Z</time>
      </trkpt>
      <trkpt lat="46.97997667" lon="16.60905833">
        <ele>264.4</ele>
        <time>2025-07-14T12:34:16Z</time>
      </trkpt>
      <trkpt lat="46.98011667" lon="16.60918333">
        <ele>265.3</ele>
        <time>2025-07-14T12:34:17Z</time>
      </trkpt>
      <trkpt lat="46.98024667" lon="16.60932333">
        <ele>266.6</ele>
        <time>2025-07-14T12:34:18Z</time>
      </trkpt>
      <trkpt lat="46.98037" lon="16.60946167">
        <ele>267.1</ele>
        <time>2025-07-14T12:34:19Z</time>
      </trkpt>
      <trkpt lat="46.980495" lon="16.6096">
        <ele>267.3</ele>
        <time>2025-07-14T12:34:20Z</time>
      </trkpt>
      <trkpt lat="46.980615" lon="16.609735">
        <ele>267.6</ele>
        <time>2025-07-14T12:34:21Z</time>
      </trkpt>
      <trkpt lat="46.98073833" lon="16.60987167">
        <ele>268</ele>
        <time>2025-07-14T12:34:22Z</time>
      </trkpt>
      <trkpt lat="46.98086667" lon="16.61001">
        <ele>268.7</ele>
        <time>2025-07-14T12:34:23Z</time>
      </trkpt>
      <trkpt lat="46.98098667" lon="16.61015333">
        <ele>267.8</ele>
        <time>2025-07-14T12:34:24Z</time>
      </trkpt>
      <trkpt lat="46.981115" lon="16.61028833">
        <ele>267.3</ele>
        <time>2025-07-14T12:34:25Z</time>
      </trkpt>
      <trkpt lat="46.98123" lon="16.61043333">
        <ele>266.4</ele>
        <time>2025-07-14T12:34:26Z</time>
      </trkpt>
      <trkpt lat="46.98135833" lon="16.610585">
        <ele>266.4</ele>
        <time>2025-07-14T12:34:27Z</time>
      </trkpt>
      <trkpt lat="46.98148" lon="16.61073">
        <ele>266.4</ele>
        <time>2025-07-14T12:34:28Z</time>
      </trkpt>
      <trkpt lat="46.9816" lon="16.61087167">
        <ele>266.3</ele>
        <time>2025-07-14T12:34:29Z</time>
      </trkpt>
      <trkpt lat="46.98171167" lon="16.61102167">
        <ele>266.1</ele>
        <time>2025-07-14T12:34:30Z</time>
      </trkpt>
      <trkpt lat="46.98182667" lon="16.611175">
        <ele>266.3</ele>
        <time>2025-07-14T12:34:31Z</time>
      </trkpt>
      <trkpt lat="46.98194167" lon="16.61132833">
        <ele>266.1</ele>
        <time>2025-07-14T12:34:32Z</time>
      </trkpt>
      <trkpt lat="46.98205833" lon="16.61148333">
        <ele>266</ele>
        <time>2025-07-14T12:34:33Z</time>
      </trkpt>
      <trkpt lat="46.98217333" lon="16.61163833">
        <ele>266.2</ele>
        <time>2025-07-14T12:34:34Z</time>
      </trkpt>
      <trkpt lat="46.98228333" lon="16.61178667">
        <ele>265.6</ele>
        <time>2025-07-14T12:34:35Z</time>
      </trkpt>
      <trkpt lat="46.98239167" lon="16.61193333">
        <ele>265</ele>
        <time>2025-07-14T12:34:36Z</time>
      </trkpt>
      <trkpt lat="46.98250333" lon="16.61208167">
        <ele>265.2</ele>
        <time>2025-07-14T12:34:37Z</time>
      </trkpt>
      <trkpt lat="46.98261167" lon="16.61222833">
        <ele>265</ele>
        <time>2025-07-14T12:34:38Z</time>
      </trkpt>
      <trkpt lat="46.98271833" lon="16.61237">
        <ele>264.3</ele>
        <time>2025-07-14T12:34:39Z</time>
      </trkpt>
      <trkpt lat="46.98281667" lon="16.61251833">
        <ele>263.7</ele>
        <time>2025-07-14T12:34:40Z</time>
      </trkpt>
      <trkpt lat="46.982915" lon="16.61266833">
        <ele>263.5</ele>
        <time>2025-07-14T12:34:41Z</time>
      </trkpt>
      <trkpt lat="46.98301333" lon="16.61281667">
        <ele>263.3</ele>
        <time>2025-07-14T12:34:42Z</time>
      </trkpt>
      <trkpt lat="46.98310667" lon="16.61295667">
        <ele>263.2</ele>
        <time>2025-07-14T12:34:43Z</time>
      </trkpt>
      <trkpt lat="46.98320167" lon="16.613095">
        <ele>263.5</ele>
        <time>2025-07-14T12:34:44Z</time>
      </trkpt>
      <trkpt lat="46.98330167" lon="16.61323167">
        <ele>263.1</ele>
        <time>2025-07-14T12:34:45Z</time>
      </trkpt>
      <trkpt lat="46.983395" lon="16.61337667">
        <ele>263</ele>
        <time>2025-07-14T12:34:46Z</time>
      </trkpt>
      <trkpt lat="46.98348833" lon="16.61352167">
        <ele>262.5</ele>
        <time>2025-07-14T12:34:47Z</time>
      </trkpt>
      <trkpt lat="46.98358" lon="16.613665">
        <ele>262.3</ele>
        <time>2025-07-14T12:34:48Z</time>
      </trkpt>
      <trkpt lat="46.98366833" lon="16.61381333">
        <ele>262</ele>
        <time>2025-07-14T12:34:49Z</time>
      </trkpt>
      <trkpt lat="46.98375333" lon="16.61396333">
        <ele>262.2</ele>
        <time>2025-07-14T12:34:50Z</time>
      </trkpt>
      <trkpt lat="46.983835" lon="16.61412167">
        <ele>261.3</ele>
        <time>2025-07-14T12:34:51Z</time>
      </trkpt>
      <trkpt lat="46.98392333" lon="16.614285">
        <ele>262.1</ele>
        <time>2025-07-14T12:34:52Z</time>
      </trkpt>
      <trkpt lat="46.98402" lon="16.61445">
        <ele>261.5</ele>
        <time>2025-07-14T12:34:53Z</time>
      </trkpt>
      <trkpt lat="46.98410167" lon="16.61461667">
        <ele>260.3</ele>
        <time>2025-07-14T12:34:54Z</time>
      </trkpt>
      <trkpt lat="46.98418167" lon="16.61478167">
        <ele>258.9</ele>
        <time>2025-07-14T12:34:55Z</time>
      </trkpt>
      <trkpt lat="46.98426833" lon="16.614955">
        <ele>257.6</ele>
        <time>2025-07-14T12:34:56Z</time>
      </trkpt>
      <trkpt lat="46.98436167" lon="16.61513667">
        <ele>257.8</ele>
        <time>2025-07-14T12:34:57Z</time>
      </trkpt>
      <trkpt lat="46.984445" lon="16.615315">
        <ele>257.1</ele>
        <time>2025-07-14T12:34:58Z</time>
      </trkpt>
      <trkpt lat="46.98453333" lon="16.61548333">
        <ele>257.5</ele>
        <time>2025-07-14T12:34:59Z</time>
      </trkpt>
      <trkpt lat="46.98461833" lon="16.61566833">
        <ele>256.3</ele>
        <time>2025-07-14T12:35:00Z</time>
      </trkpt>
      <trkpt lat="46.9847" lon="16.61586">
        <ele>255.1</ele>
        <time>2025-07-14T12:35:01Z</time>
      </trkpt>
      <trkpt lat="46.98479333" lon="16.616045">
        <ele>253.8</ele>
        <time>2025-07-14T12:35:02Z</time>
      </trkpt>
      <trkpt lat="46.98489" lon="16.616235">
        <ele>253.3</ele>
        <time>2025-07-14T12:35:03Z</time>
      </trkpt>
      <trkpt lat="46.98497667" lon="16.616425">
        <ele>252.1</ele>
        <time>2025-07-14T12:35:04Z</time>
      </trkpt>
      <trkpt lat="46.98506333" lon="16.61660167">
        <ele>250.2</ele>
        <time>2025-07-14T12:35:05Z</time>
      </trkpt>
      <trkpt lat="46.98514667" lon="16.61679167">
        <ele>247.8</ele>
        <time>2025-07-14T12:35:06Z</time>
      </trkpt>
      <trkpt lat="46.98523" lon="16.61698167">
        <ele>246.2</ele>
        <time>2025-07-14T12:35:07Z</time>
      </trkpt>
      <trkpt lat="46.98531167" lon="16.617165">
        <ele>246.7</ele>
        <time>2025-07-14T12:35:08Z</time>
      </trkpt>
      <trkpt lat="46.98539333" lon="16.61733167">
        <ele>246.7</ele>
        <time>2025-07-14T12:35:09Z</time>
      </trkpt>
      <trkpt lat="46.985475" lon="16.61748333">
        <ele>246.7</ele>
        <time>2025-07-14T12:35:10Z</time>
      </trkpt>
      <trkpt lat="46.98556667" lon="16.61762167">
        <ele>244.9</ele>
        <time>2025-07-14T12:35:11Z</time>
      </trkpt>
      <trkpt lat="46.98567333" lon="16.61774833">
        <ele>245.1</ele>
        <time>2025-07-14T12:35:12Z</time>
      </trkpt>
      <trkpt lat="46.985785" lon="16.61786333">
        <ele>245</ele>
        <time>2025-07-14T12:35:13Z</time>
      </trkpt>
      <trkpt lat="46.985905" lon="16.617955">
        <ele>242.8</ele>
        <time>2025-07-14T12:35:14Z</time>
      </trkpt>
      <trkpt lat="46.98603333" lon="16.61804667">
        <ele>242.4</ele>
        <time>2025-07-14T12:35:15Z</time>
      </trkpt>
      <trkpt lat="46.98616" lon="16.61811167">
        <ele>240.9</ele>
        <time>2025-07-14T12:35:16Z</time>
      </trkpt>
      <trkpt lat="46.98627167" lon="16.61819167">
        <ele>239.8</ele>
        <time>2025-07-14T12:35:17Z</time>
      </trkpt>
      <trkpt lat="46.98638667" lon="16.61826">
        <ele>239.5</ele>
        <time>2025-07-14T12:35:18Z</time>
      </trkpt>
      <trkpt lat="46.9865" lon="16.61831667">
        <ele>239</ele>
        <time>2025-07-14T12:35:19Z</time>
      </trkpt>
      <trkpt lat="46.98661" lon="16.61836333">
        <ele>238.7</ele>
        <time>2025-07-14T12:35:20Z</time>
      </trkpt>
      <trkpt lat="46.98671" lon="16.61839">
        <ele>239</ele>
        <time>2025-07-14T12:35:21Z</time>
      </trkpt>
      <trkpt lat="46.98687" lon="16.61844667">
        <ele>239</ele>
        <time>2025-07-14T12:35:23Z</time>
      </trkpt>
      <trkpt lat="46.98699167" lon="16.61852167">
        <ele>239.1</ele>
        <time>2025-07-14T12:35:25Z</time>
      </trkpt>
      <trkpt lat="46.98707833" lon="16.618605">
        <ele>240.1</ele>
        <time>2025-07-14T12:35:28Z</time>
      </trkpt>
      <trkpt lat="46.98716167" lon="16.618685">
        <ele>239.4</ele>
        <time>2025-07-14T12:35:54Z</time>
      </trkpt>
      <trkpt lat="46.987305" lon="16.61864333">
        <ele>240.1</ele>
        <time>2025-07-14T12:35:57Z</time>
      </trkpt>
      <trkpt lat="46.98742333" lon="16.618525">
        <ele>240.9</ele>
        <time>2025-07-14T12:35:59Z</time>
      </trkpt>
      <trkpt lat="46.98755667" lon="16.61839">
        <ele>241.7</ele>
        <time>2025-07-14T12:36:01Z</time>
      </trkpt>
      <trkpt lat="46.98769333" lon="16.61825167">
        <ele>241.2</ele>
        <time>2025-07-14T12:36:03Z</time>
      </trkpt>
      <trkpt lat="46.98777333" lon="16.61817667">
        <ele>240.4</ele>
        <time>2025-07-14T12:36:04Z</time>
      </trkpt>
      <trkpt lat="46.98786" lon="16.61810833">
        <ele>239.8</ele>
        <time>2025-07-14T12:36:05Z</time>
      </trkpt>
      <trkpt lat="46.98795" lon="16.61804667">
        <ele>239.8</ele>
        <time>2025-07-14T12:36:06Z</time>
      </trkpt>
      <trkpt lat="46.98804833" lon="16.61798167">
        <ele>239.8</ele>
        <time>2025-07-14T12:36:07Z</time>
      </trkpt>
      <trkpt lat="46.98816" lon="16.617905">
        <ele>240.7</ele>
        <time>2025-07-14T12:36:08Z</time>
      </trkpt>
      <trkpt lat="46.988275" lon="16.61784833">
        <ele>241</ele>
        <time>2025-07-14T12:36:09Z</time>
      </trkpt>
      <trkpt lat="46.98840167" lon="16.61779">
        <ele>241.8</ele>
        <time>2025-07-14T12:36:10Z</time>
      </trkpt>
      <trkpt lat="46.988525" lon="16.617725">
        <ele>241.5</ele>
        <time>2025-07-14T12:36:11Z</time>
      </trkpt>
      <trkpt lat="46.988655" lon="16.61765167">
        <ele>241.2</ele>
        <time>2025-07-14T12:36:12Z</time>
      </trkpt>
      <trkpt lat="46.98879" lon="16.61758167">
        <ele>240.6</ele>
        <time>2025-07-14T12:36:13Z</time>
      </trkpt>
      <trkpt lat="46.98892167" lon="16.61750333">
        <ele>240.4</ele>
        <time>2025-07-14T12:36:14Z</time>
      </trkpt>
      <trkpt lat="46.98906167" lon="16.61743167">
        <ele>240</ele>
        <time>2025-07-14T12:36:15Z</time>
      </trkpt>
      <trkpt lat="46.989195" lon="16.61735667">
        <ele>239.4</ele>
        <time>2025-07-14T12:36:16Z</time>
      </trkpt>
      <trkpt lat="46.98933833" lon="16.61728667">
        <ele>238.8</ele>
        <time>2025-07-14T12:36:17Z</time>
      </trkpt>
      <trkpt lat="46.989485" lon="16.61721667">
        <ele>238.3</ele>
        <time>2025-07-14T12:36:18Z</time>
      </trkpt>
      <trkpt lat="46.98963167" lon="16.61714">
        <ele>238.4</ele>
        <time>2025-07-14T12:36:19Z</time>
      </trkpt>
      <trkpt lat="46.989785" lon="16.61707167">
        <ele>238.6</ele>
        <time>2025-07-14T12:36:20Z</time>
      </trkpt>
      <trkpt lat="46.98994833" lon="16.61698333">
        <ele>239.3</ele>
        <time>2025-07-14T12:36:21Z</time>
      </trkpt>
      <trkpt lat="46.99011167" lon="16.6169">
        <ele>239.2</ele>
        <time>2025-07-14T12:36:22Z</time>
      </trkpt>
      <trkpt lat="46.99027" lon="16.61682167">
        <ele>238.3</ele>
        <time>2025-07-14T12:36:23Z</time>
      </trkpt>
      <trkpt lat="46.99043" lon="16.61674667">
        <ele>238.1</ele>
        <time>2025-07-14T12:36:24Z</time>
      </trkpt>
      <trkpt lat="46.990585" lon="16.61666833">
        <ele>237.8</ele>
        <time>2025-07-14T12:36:25Z</time>
      </trkpt>
      <trkpt lat="46.99074667" lon="16.61659667">
        <ele>237.5</ele>
        <time>2025-07-14T12:36:26Z</time>
      </trkpt>
      <trkpt lat="46.99091333" lon="16.61652">
        <ele>238.1</ele>
        <time>2025-07-14T12:36:27Z</time>
      </trkpt>
      <trkpt lat="46.99108" lon="16.61644333">
        <ele>238.9</ele>
        <time>2025-07-14T12:36:28Z</time>
      </trkpt>
      <trkpt lat="46.99124333" lon="16.61637667">
        <ele>239.3</ele>
        <time>2025-07-14T12:36:29Z</time>
      </trkpt>
      <trkpt lat="46.99141" lon="16.61631167">
        <ele>239.4</ele>
        <time>2025-07-14T12:36:30Z</time>
      </trkpt>
      <trkpt lat="46.99157167" lon="16.61625">
        <ele>240.4</ele>
        <time>2025-07-14T12:36:31Z</time>
      </trkpt>
      <trkpt lat="46.991735" lon="16.616195">
        <ele>240.3</ele>
        <time>2025-07-14T12:36:32Z</time>
      </trkpt>
      <trkpt lat="46.99189833" lon="16.61613667">
        <ele>240.2</ele>
        <time>2025-07-14T12:36:33Z</time>
      </trkpt>
      <trkpt lat="46.99205167" lon="16.61608167">
        <ele>240.1</ele>
        <time>2025-07-14T12:36:34Z</time>
      </trkpt>
      <trkpt lat="46.99221167" lon="16.61602833">
        <ele>239.9</ele>
        <time>2025-07-14T12:36:35Z</time>
      </trkpt>
      <trkpt lat="46.99237333" lon="16.61598">
        <ele>239.6</ele>
        <time>2025-07-14T12:36:36Z</time>
      </trkpt>
      <trkpt lat="46.99253333" lon="16.61593333">
        <ele>239.4</ele>
        <time>2025-07-14T12:36:37Z</time>
      </trkpt>
      <trkpt lat="46.9927" lon="16.61587833">
        <ele>239.6</ele>
        <time>2025-07-14T12:36:38Z</time>
      </trkpt>
      <trkpt lat="46.99286833" lon="16.61582833">
        <ele>240.1</ele>
        <time>2025-07-14T12:36:39Z</time>
      </trkpt>
      <trkpt lat="46.99303" lon="16.615785">
        <ele>239.9</ele>
        <time>2025-07-14T12:36:40Z</time>
      </trkpt>
      <trkpt lat="46.99319667" lon="16.61574833">
        <ele>241</ele>
        <time>2025-07-14T12:36:41Z</time>
      </trkpt>
      <trkpt lat="46.99336667" lon="16.61571167">
        <ele>241.3</ele>
        <time>2025-07-14T12:36:42Z</time>
      </trkpt>
      <trkpt lat="46.99352333" lon="16.61568167">
        <ele>240.6</ele>
        <time>2025-07-14T12:36:43Z</time>
      </trkpt>
      <trkpt lat="46.99367333" lon="16.61565167">
        <ele>242</ele>
        <time>2025-07-14T12:36:44Z</time>
      </trkpt>
      <trkpt lat="46.99384" lon="16.61562833">
        <ele>243.7</ele>
        <time>2025-07-14T12:36:45Z</time>
      </trkpt>
      <trkpt lat="46.99401167" lon="16.61560667">
        <ele>244.3</ele>
        <time>2025-07-14T12:36:46Z</time>
      </trkpt>
      <trkpt lat="46.99417667" lon="16.615575">
        <ele>244.8</ele>
        <time>2025-07-14T12:36:47Z</time>
      </trkpt>
      <trkpt lat="46.994345" lon="16.61555">
        <ele>244.1</ele>
        <time>2025-07-14T12:36:48Z</time>
      </trkpt>
      <trkpt lat="46.99451167" lon="16.61553333">
        <ele>243.4</ele>
        <time>2025-07-14T12:36:49Z</time>
      </trkpt>
      <trkpt lat="46.99467167" lon="16.61552">
        <ele>242.3</ele>
        <time>2025-07-14T12:36:50Z</time>
      </trkpt>
      <trkpt lat="46.99483833" lon="16.615515">
        <ele>241.6</ele>
        <time>2025-07-14T12:36:51Z</time>
      </trkpt>
      <trkpt lat="46.99501333" lon="16.6155">
        <ele>241.4</ele>
        <time>2025-07-14T12:36:52Z</time>
      </trkpt>
      <trkpt lat="46.99519" lon="16.61548333">
        <ele>241.3</ele>
        <time>2025-07-14T12:36:53Z</time>
      </trkpt>
      <trkpt lat="46.99536333" lon="16.61547">
        <ele>241.2</ele>
        <time>2025-07-14T12:36:54Z</time>
      </trkpt>
      <trkpt lat="46.99553333" lon="16.61546333">
        <ele>241.4</ele>
        <time>2025-07-14T12:36:55Z</time>
      </trkpt>
      <trkpt lat="46.99570167" lon="16.61546">
        <ele>241.5</ele>
        <time>2025-07-14T12:36:56Z</time>
      </trkpt>
      <trkpt lat="46.99587333" lon="16.61545667">
        <ele>241.3</ele>
        <time>2025-07-14T12:36:57Z</time>
      </trkpt>
      <trkpt lat="46.99604833" lon="16.61545333">
        <ele>241.6</ele>
        <time>2025-07-14T12:36:58Z</time>
      </trkpt>
      <trkpt lat="46.99621167" lon="16.61545">
        <ele>241.9</ele>
        <time>2025-07-14T12:36:59Z</time>
      </trkpt>
      <trkpt lat="46.99638167" lon="16.61544333">
        <ele>242.2</ele>
        <time>2025-07-14T12:37:00Z</time>
      </trkpt>
      <trkpt lat="46.99654667" lon="16.61544833">
        <ele>242</ele>
        <time>2025-07-14T12:37:01Z</time>
      </trkpt>
      <trkpt lat="46.99671167" lon="16.61544667">
        <ele>242.3</ele>
        <time>2025-07-14T12:37:02Z</time>
      </trkpt>
      <trkpt lat="46.99688" lon="16.61545667">
        <ele>241.9</ele>
        <time>2025-07-14T12:37:03Z</time>
      </trkpt>
      <trkpt lat="46.99704667" lon="16.61546167">
        <ele>241.4</ele>
        <time>2025-07-14T12:37:04Z</time>
      </trkpt>
      <trkpt lat="46.99722" lon="16.615465">
        <ele>240.2</ele>
        <time>2025-07-14T12:37:05Z</time>
      </trkpt>
      <trkpt lat="46.99738833" lon="16.61547667">
        <ele>239.9</ele>
        <time>2025-07-14T12:37:06Z</time>
      </trkpt>
      <trkpt lat="46.99755333" lon="16.61549">
        <ele>239.6</ele>
        <time>2025-07-14T12:37:07Z</time>
      </trkpt>
      <trkpt lat="46.99772" lon="16.6155">
        <ele>239.2</ele>
        <time>2025-07-14T12:37:08Z</time>
      </trkpt>
      <trkpt lat="46.99788333" lon="16.61550833">
        <ele>239.3</ele>
        <time>2025-07-14T12:37:09Z</time>
      </trkpt>
      <trkpt lat="46.99805" lon="16.61552">
        <ele>239.9</ele>
        <time>2025-07-14T12:37:10Z</time>
      </trkpt>
      <trkpt lat="46.998225" lon="16.61552333">
        <ele>240.9</ele>
        <time>2025-07-14T12:37:11Z</time>
      </trkpt>
      <trkpt lat="46.99839167" lon="16.61552833">
        <ele>240.7</ele>
        <time>2025-07-14T12:37:12Z</time>
      </trkpt>
      <trkpt lat="46.998555" lon="16.61553833">
        <ele>240.7</ele>
        <time>2025-07-14T12:37:13Z</time>
      </trkpt>
      <trkpt lat="46.99872333" lon="16.61555167">
        <ele>240.5</ele>
        <time>2025-07-14T12:37:14Z</time>
      </trkpt>
      <trkpt lat="46.99888833" lon="16.615565">
        <ele>240.5</ele>
        <time>2025-07-14T12:37:15Z</time>
      </trkpt>
      <trkpt lat="46.99905667" lon="16.61557333">
        <ele>240.5</ele>
        <time>2025-07-14T12:37:16Z</time>
      </trkpt>
      <trkpt lat="46.99922" lon="16.61558833">
        <ele>240.6</ele>
        <time>2025-07-14T12:37:17Z</time>
      </trkpt>
      <trkpt lat="46.99938333" lon="16.615605">
        <ele>240.3</ele>
        <time>2025-07-14T12:37:18Z</time>
      </trkpt>
      <trkpt lat="46.99954833" lon="16.61561333">
        <ele>240.7</ele>
        <time>2025-07-14T12:37:19Z</time>
      </trkpt>
      <trkpt lat="46.99971833" lon="16.61562">
        <ele>239.9</ele>
        <time>2025-07-14T12:37:20Z</time>
      </trkpt>
      <trkpt lat="46.99988667" lon="16.61562167">
        <ele>239.8</ele>
        <time>2025-07-14T12:37:21Z</time>
      </trkpt>
      <trkpt lat="47.00005833" lon="16.61562833">
        <ele>239.5</ele>
        <time>2025-07-14T12:37:22Z</time>
      </trkpt>
      <trkpt lat="47.000225" lon="16.61564167">
        <ele>239.1</ele>
        <time>2025-07-14T12:37:23Z</time>
      </trkpt>
      <trkpt lat="47.00039167" lon="16.61564167">
        <ele>239.1</ele>
        <time>2025-07-14T12:37:24Z</time>
      </trkpt>
      <trkpt lat="47.00055333" lon="16.61565667">
        <ele>239.5</ele>
        <time>2025-07-14T12:37:25Z</time>
      </trkpt>
      <trkpt lat="47.000715" lon="16.61566667">
        <ele>239.3</ele>
        <time>2025-07-14T12:37:26Z</time>
      </trkpt>
      <trkpt lat="47.00088" lon="16.61567667">
        <ele>239.1</ele>
        <time>2025-07-14T12:37:27Z</time>
      </trkpt>
      <trkpt lat="47.00105167" lon="16.61568833">
        <ele>239.5</ele>
        <time>2025-07-14T12:37:28Z</time>
      </trkpt>
      <trkpt lat="47.00121833" lon="16.6157">
        <ele>239.5</ele>
        <time>2025-07-14T12:37:29Z</time>
      </trkpt>
      <trkpt lat="47.001385" lon="16.61571333">
        <ele>239.1</ele>
        <time>2025-07-14T12:37:30Z</time>
      </trkpt>
      <trkpt lat="47.001555" lon="16.61573167">
        <ele>238.7</ele>
        <time>2025-07-14T12:37:31Z</time>
      </trkpt>
      <trkpt lat="47.00172" lon="16.61574333">
        <ele>238.5</ele>
        <time>2025-07-14T12:37:32Z</time>
      </trkpt>
      <trkpt lat="47.00188167" lon="16.61576">
        <ele>238</ele>
        <time>2025-07-14T12:37:33Z</time>
      </trkpt>
      <trkpt lat="47.00204833" lon="16.61577333">
        <ele>238.1</ele>
        <time>2025-07-14T12:37:34Z</time>
      </trkpt>
      <trkpt lat="47.00221833" lon="16.615785">
        <ele>238.5</ele>
        <time>2025-07-14T12:37:35Z</time>
      </trkpt>
      <trkpt lat="47.00239167" lon="16.61580167">
        <ele>238.2</ele>
        <time>2025-07-14T12:37:36Z</time>
      </trkpt>
      <trkpt lat="47.00256667" lon="16.61582333">
        <ele>237.4</ele>
        <time>2025-07-14T12:37:37Z</time>
      </trkpt>
      <trkpt lat="47.00273" lon="16.61584667">
        <ele>237.7</ele>
        <time>2025-07-14T12:37:38Z</time>
      </trkpt>
      <trkpt lat="47.00289333" lon="16.61586833">
        <ele>237.7</ele>
        <time>2025-07-14T12:37:39Z</time>
      </trkpt>
      <trkpt lat="47.00306667" lon="16.61588333">
        <ele>238.2</ele>
        <time>2025-07-14T12:37:40Z</time>
      </trkpt>
      <trkpt lat="47.00322167" lon="16.61591667">
        <ele>238.4</ele>
        <time>2025-07-14T12:37:41Z</time>
      </trkpt>
      <trkpt lat="47.00338667" lon="16.61593833">
        <ele>237.3</ele>
        <time>2025-07-14T12:37:42Z</time>
      </trkpt>
      <trkpt lat="47.00355" lon="16.61596667">
        <ele>236.5</ele>
        <time>2025-07-14T12:37:43Z</time>
      </trkpt>
      <trkpt lat="47.00371833" lon="16.61599167">
        <ele>235.9</ele>
        <time>2025-07-14T12:37:44Z</time>
      </trkpt>
      <trkpt lat="47.00388833" lon="16.61601667">
        <ele>236.1</ele>
        <time>2025-07-14T12:37:45Z</time>
      </trkpt>
      <trkpt lat="47.00405833" lon="16.61604167">
        <ele>235.4</ele>
        <time>2025-07-14T12:37:46Z</time>
      </trkpt>
      <trkpt lat="47.00422667" lon="16.61607">
        <ele>236.4</ele>
        <time>2025-07-14T12:37:47Z</time>
      </trkpt>
      <trkpt lat="47.004395" lon="16.61610333">
        <ele>236.9</ele>
        <time>2025-07-14T12:37:48Z</time>
      </trkpt>
      <trkpt lat="47.00456333" lon="16.61614">
        <ele>237.5</ele>
        <time>2025-07-14T12:37:49Z</time>
      </trkpt>
      <trkpt lat="47.00472833" lon="16.616175">
        <ele>236.7</ele>
        <time>2025-07-14T12:37:50Z</time>
      </trkpt>
      <trkpt lat="47.0049" lon="16.61620167">
        <ele>237.1</ele>
        <time>2025-07-14T12:37:51Z</time>
      </trkpt>
      <trkpt lat="47.00506833" lon="16.61623">
        <ele>237.4</ele>
        <time>2025-07-14T12:37:52Z</time>
      </trkpt>
      <trkpt lat="47.00523333" lon="16.616265">
        <ele>236.9</ele>
        <time>2025-07-14T12:37:53Z</time>
      </trkpt>
      <trkpt lat="47.00540333" lon="16.61629667">
        <ele>237.4</ele>
        <time>2025-07-14T12:37:54Z</time>
      </trkpt>
      <trkpt lat="47.00556833" lon="16.61632833">
        <ele>237.5</ele>
        <time>2025-07-14T12:37:55Z</time>
      </trkpt>
      <trkpt lat="47.005735" lon="16.61635333">
        <ele>237.7</ele>
        <time>2025-07-14T12:37:56Z</time>
      </trkpt>
      <trkpt lat="47.00589833" lon="16.61638833">
        <ele>238.2</ele>
        <time>2025-07-14T12:37:57Z</time>
      </trkpt>
      <trkpt lat="47.006065" lon="16.61642167">
        <ele>238.9</ele>
        <time>2025-07-14T12:37:58Z</time>
      </trkpt>
      <trkpt lat="47.006235" lon="16.61644833">
        <ele>239.1</ele>
        <time>2025-07-14T12:37:59Z</time>
      </trkpt>
      <trkpt lat="47.00640667" lon="16.61647667">
        <ele>238.8</ele>
        <time>2025-07-14T12:38:00Z</time>
      </trkpt>
      <trkpt lat="47.00658" lon="16.61650667">
        <ele>238.7</ele>
        <time>2025-07-14T12:38:01Z</time>
      </trkpt>
      <trkpt lat="47.00674833" lon="16.61654333">
        <ele>239.4</ele>
        <time>2025-07-14T12:38:02Z</time>
      </trkpt>
      <trkpt lat="47.00690833" lon="16.61658">
        <ele>239.3</ele>
        <time>2025-07-14T12:38:03Z</time>
      </trkpt>
      <trkpt lat="47.00707" lon="16.616615">
        <ele>239.7</ele>
        <time>2025-07-14T12:38:04Z</time>
      </trkpt>
      <trkpt lat="47.00723333" lon="16.61664167">
        <ele>240.2</ele>
        <time>2025-07-14T12:38:05Z</time>
      </trkpt>
      <trkpt lat="47.007395" lon="16.61667333">
        <ele>239.8</ele>
        <time>2025-07-14T12:38:06Z</time>
      </trkpt>
      <trkpt lat="47.00755167" lon="16.61669667">
        <ele>237.8</ele>
        <time>2025-07-14T12:38:07Z</time>
      </trkpt>
      <trkpt lat="47.00771667" lon="16.61671833">
        <ele>237.7</ele>
        <time>2025-07-14T12:38:08Z</time>
      </trkpt>
      <trkpt lat="47.007885" lon="16.61675667">
        <ele>238.2</ele>
        <time>2025-07-14T12:38:09Z</time>
      </trkpt>
      <trkpt lat="47.00805" lon="16.61680167">
        <ele>238.4</ele>
        <time>2025-07-14T12:38:10Z</time>
      </trkpt>
      <trkpt lat="47.00821667" lon="16.61683167">
        <ele>238.7</ele>
        <time>2025-07-14T12:38:11Z</time>
      </trkpt>
      <trkpt lat="47.00838833" lon="16.616865">
        <ele>238.2</ele>
        <time>2025-07-14T12:38:12Z</time>
      </trkpt>
      <trkpt lat="47.00855" lon="16.61689">
        <ele>237.9</ele>
        <time>2025-07-14T12:38:13Z</time>
      </trkpt>
      <trkpt lat="47.008715" lon="16.61692333">
        <ele>238.4</ele>
        <time>2025-07-14T12:38:14Z</time>
      </trkpt>
      <trkpt lat="47.00888333" lon="16.61696167">
        <ele>238</ele>
        <time>2025-07-14T12:38:15Z</time>
      </trkpt>
      <trkpt lat="47.009055" lon="16.61698833">
        <ele>239.1</ele>
        <time>2025-07-14T12:38:16Z</time>
      </trkpt>
      <trkpt lat="47.00922333" lon="16.61702333">
        <ele>239.2</ele>
        <time>2025-07-14T12:38:17Z</time>
      </trkpt>
      <trkpt lat="47.00938833" lon="16.61705167">
        <ele>239.5</ele>
        <time>2025-07-14T12:38:18Z</time>
      </trkpt>
      <trkpt lat="47.00954833" lon="16.61708167">
        <ele>239</ele>
        <time>2025-07-14T12:38:19Z</time>
      </trkpt>
      <trkpt lat="47.00971" lon="16.61711833">
        <ele>238.3</ele>
        <time>2025-07-14T12:38:20Z</time>
      </trkpt>
      <trkpt lat="47.00987333" lon="16.61715333">
        <ele>238.2</ele>
        <time>2025-07-14T12:38:21Z</time>
      </trkpt>
      <trkpt lat="47.01003833" lon="16.61717667">
        <ele>238.8</ele>
        <time>2025-07-14T12:38:22Z</time>
      </trkpt>
      <trkpt lat="47.010205" lon="16.6172">
        <ele>238.9</ele>
        <time>2025-07-14T12:38:23Z</time>
      </trkpt>
      <trkpt lat="47.01036667" lon="16.61724667">
        <ele>242.8</ele>
        <time>2025-07-14T12:38:24Z</time>
      </trkpt>
      <trkpt lat="47.010535" lon="16.61727167">
        <ele>243.1</ele>
        <time>2025-07-14T12:38:25Z</time>
      </trkpt>
      <trkpt lat="47.01070167" lon="16.6173">
        <ele>242.6</ele>
        <time>2025-07-14T12:38:26Z</time>
      </trkpt>
      <trkpt lat="47.01086167" lon="16.61732167">
        <ele>242.7</ele>
        <time>2025-07-14T12:38:27Z</time>
      </trkpt>
      <trkpt lat="47.01101333" lon="16.61735167">
        <ele>242.2</ele>
        <time>2025-07-14T12:38:28Z</time>
      </trkpt>
      <trkpt lat="47.01116" lon="16.617375">
        <ele>242.2</ele>
        <time>2025-07-14T12:38:29Z</time>
      </trkpt>
      <trkpt lat="47.01133333" lon="16.61742">
        <ele>239.3</ele>
        <time>2025-07-14T12:38:30Z</time>
      </trkpt>
      <trkpt lat="47.0115" lon="16.61745333">
        <ele>239.7</ele>
        <time>2025-07-14T12:38:31Z</time>
      </trkpt>
      <trkpt lat="47.01167333" lon="16.61748">
        <ele>241.3</ele>
        <time>2025-07-14T12:38:32Z</time>
      </trkpt>
      <trkpt lat="47.01184" lon="16.61751167">
        <ele>241.3</ele>
        <time>2025-07-14T12:38:33Z</time>
      </trkpt>
      <trkpt lat="47.012005" lon="16.61754667">
        <ele>241.1</ele>
        <time>2025-07-14T12:38:34Z</time>
      </trkpt>
      <trkpt lat="47.012185" lon="16.617575">
        <ele>242.8</ele>
        <time>2025-07-14T12:38:35Z</time>
      </trkpt>
      <trkpt lat="47.01236167" lon="16.61761">
        <ele>241.2</ele>
        <time>2025-07-14T12:38:36Z</time>
      </trkpt>
      <trkpt lat="47.01253833" lon="16.617645">
        <ele>241.1</ele>
        <time>2025-07-14T12:38:37Z</time>
      </trkpt>
      <trkpt lat="47.01270833" lon="16.61767">
        <ele>241.3</ele>
        <time>2025-07-14T12:38:38Z</time>
      </trkpt>
      <trkpt lat="47.01288833" lon="16.61770667">
        <ele>241.7</ele>
        <time>2025-07-14T12:38:39Z</time>
      </trkpt>
      <trkpt lat="47.013045" lon="16.61773167">
        <ele>241.4</ele>
        <time>2025-07-14T12:38:40Z</time>
      </trkpt>
      <trkpt lat="47.01321333" lon="16.61776667">
        <ele>240.8</ele>
        <time>2025-07-14T12:38:41Z</time>
      </trkpt>
      <trkpt lat="47.01337667" lon="16.6178">
        <ele>239</ele>
        <time>2025-07-14T12:38:42Z</time>
      </trkpt>
      <trkpt lat="47.01354167" lon="16.61783333">
        <ele>238.2</ele>
        <time>2025-07-14T12:38:43Z</time>
      </trkpt>
      <trkpt lat="47.01369833" lon="16.617855">
        <ele>238.6</ele>
        <time>2025-07-14T12:38:44Z</time>
      </trkpt>
      <trkpt lat="47.01385833" lon="16.61788333">
        <ele>239</ele>
        <time>2025-07-14T12:38:45Z</time>
      </trkpt>
      <trkpt lat="47.01403167" lon="16.61793">
        <ele>238.8</ele>
        <time>2025-07-14T12:38:46Z</time>
      </trkpt>
      <trkpt lat="47.0142" lon="16.61796833">
        <ele>237.8</ele>
        <time>2025-07-14T12:38:47Z</time>
      </trkpt>
      <trkpt lat="47.01436333" lon="16.61800833">
        <ele>237.2</ele>
        <time>2025-07-14T12:38:48Z</time>
      </trkpt>
      <trkpt lat="47.01452167" lon="16.61803333">
        <ele>237.5</ele>
        <time>2025-07-14T12:38:49Z</time>
      </trkpt>
      <trkpt lat="47.01468667" lon="16.618055">
        <ele>237.2</ele>
        <time>2025-07-14T12:38:50Z</time>
      </trkpt>
      <trkpt lat="47.01485667" lon="16.61807">
        <ele>236.6</ele>
        <time>2025-07-14T12:38:51Z</time>
      </trkpt>
      <trkpt lat="47.01502833" lon="16.618085">
        <ele>237.6</ele>
        <time>2025-07-14T12:38:52Z</time>
      </trkpt>
      <trkpt lat="47.01520333" lon="16.6181">
        <ele>238.3</ele>
        <time>2025-07-14T12:38:53Z</time>
      </trkpt>
      <trkpt lat="47.015375" lon="16.61810833">
        <ele>238.2</ele>
        <time>2025-07-14T12:38:54Z</time>
      </trkpt>
      <trkpt lat="47.01555" lon="16.61811">
        <ele>239.2</ele>
        <time>2025-07-14T12:38:55Z</time>
      </trkpt>
      <trkpt lat="47.01571167" lon="16.61810333">
        <ele>238.5</ele>
        <time>2025-07-14T12:38:56Z</time>
      </trkpt>
      <trkpt lat="47.01587333" lon="16.6181">
        <ele>239</ele>
        <time>2025-07-14T12:38:57Z</time>
      </trkpt>
      <trkpt lat="47.01605" lon="16.61808667">
        <ele>239.1</ele>
        <time>2025-07-14T12:38:58Z</time>
      </trkpt>
      <trkpt lat="47.01621667" lon="16.61807">
        <ele>238.2</ele>
        <time>2025-07-14T12:38:59Z</time>
      </trkpt>
      <trkpt lat="47.01639" lon="16.61806167">
        <ele>238.6</ele>
        <time>2025-07-14T12:39:00Z</time>
      </trkpt>
      <trkpt lat="47.016565" lon="16.61805">
        <ele>240.9</ele>
        <time>2025-07-14T12:39:01Z</time>
      </trkpt>
      <trkpt lat="47.01673167" lon="16.61802167">
        <ele>240.9</ele>
        <time>2025-07-14T12:39:02Z</time>
      </trkpt>
      <trkpt lat="47.016895" lon="16.61799">
        <ele>241.1</ele>
        <time>2025-07-14T12:39:03Z</time>
      </trkpt>
      <trkpt lat="47.017065" lon="16.61794833">
        <ele>242.7</ele>
        <time>2025-07-14T12:39:04Z</time>
      </trkpt>
      <trkpt lat="47.01721667" lon="16.6179">
        <ele>241.3</ele>
        <time>2025-07-14T12:39:05Z</time>
      </trkpt>
      <trkpt lat="47.017375" lon="16.61785333">
        <ele>239.2</ele>
        <time>2025-07-14T12:39:06Z</time>
      </trkpt>
      <trkpt lat="47.017535" lon="16.61779333">
        <ele>238.6</ele>
        <time>2025-07-14T12:39:07Z</time>
      </trkpt>
      <trkpt lat="47.01769667" lon="16.61773667">
        <ele>238.9</ele>
        <time>2025-07-14T12:39:08Z</time>
      </trkpt>
      <trkpt lat="47.01786" lon="16.61768">
        <ele>239.2</ele>
        <time>2025-07-14T12:39:09Z</time>
      </trkpt>
      <trkpt lat="47.01802167" lon="16.61759167">
        <ele>239.3</ele>
        <time>2025-07-14T12:39:10Z</time>
      </trkpt>
      <trkpt lat="47.01817833" lon="16.61751667">
        <ele>240</ele>
        <time>2025-07-14T12:39:11Z</time>
      </trkpt>
      <trkpt lat="47.01833" lon="16.617445">
        <ele>240.3</ele>
        <time>2025-07-14T12:39:12Z</time>
      </trkpt>
      <trkpt lat="47.01848" lon="16.61737167">
        <ele>239.7</ele>
        <time>2025-07-14T12:39:13Z</time>
      </trkpt>
      <trkpt lat="47.01861167" lon="16.61730333">
        <ele>239.3</ele>
        <time>2025-07-14T12:39:14Z</time>
      </trkpt>
      <trkpt lat="47.01873833" lon="16.61721667">
        <ele>238.7</ele>
        <time>2025-07-14T12:39:15Z</time>
      </trkpt>
      <trkpt lat="47.01886333" lon="16.61714">
        <ele>238.2</ele>
        <time>2025-07-14T12:39:16Z</time>
      </trkpt>
      <trkpt lat="47.018985" lon="16.617075">
        <ele>237.7</ele>
        <time>2025-07-14T12:39:17Z</time>
      </trkpt>
      <trkpt lat="47.01910333" lon="16.61701">
        <ele>238.1</ele>
        <time>2025-07-14T12:39:18Z</time>
      </trkpt>
      <trkpt lat="47.01921333" lon="16.616955">
        <ele>238.7</ele>
        <time>2025-07-14T12:39:19Z</time>
      </trkpt>
      <trkpt lat="47.01931" lon="16.616915">
        <ele>238.3</ele>
        <time>2025-07-14T12:39:20Z</time>
      </trkpt>
      <trkpt lat="47.01939833" lon="16.61688167">
        <ele>237.8</ele>
        <time>2025-07-14T12:39:21Z</time>
      </trkpt>
      <trkpt lat="47.019495" lon="16.61685167">
        <ele>236.9</ele>
        <time>2025-07-14T12:39:22Z</time>
      </trkpt>
      <trkpt lat="47.01966167" lon="16.61683667">
        <ele>236.8</ele>
        <time>2025-07-14T12:39:24Z</time>
      </trkpt>
      <trkpt lat="47.01980333" lon="16.616855">
        <ele>236.5</ele>
        <time>2025-07-14T12:39:26Z</time>
      </trkpt>
      <trkpt lat="47.01991" lon="16.61686333">
        <ele>237.2</ele>
        <time>2025-07-14T12:39:28Z</time>
      </trkpt>
      <trkpt lat="47.020005" lon="16.61679167">
        <ele>237.9</ele>
        <time>2025-07-14T12:39:30Z</time>
      </trkpt>
      <trkpt lat="47.02006" lon="16.61662833">
        <ele>238.8</ele>
        <time>2025-07-14T12:39:32Z</time>
      </trkpt>
      <trkpt lat="47.02003833" lon="16.61643333">
        <ele>237.1</ele>
        <time>2025-07-14T12:39:34Z</time>
      </trkpt>
      <trkpt lat="47.01995333" lon="16.616285">
        <ele>235.8</ele>
        <time>2025-07-14T12:39:36Z</time>
      </trkpt>
      <trkpt lat="47.01982167" lon="16.61619167">
        <ele>235.2</ele>
        <time>2025-07-14T12:39:38Z</time>
      </trkpt>
      <trkpt lat="47.01969333" lon="16.61607333">
        <ele>235.1</ele>
        <time>2025-07-14T12:39:40Z</time>
      </trkpt>
      <trkpt lat="47.01958667" lon="16.615895">
        <ele>235.4</ele>
        <time>2025-07-14T12:39:42Z</time>
      </trkpt>
      <trkpt lat="47.01948333" lon="16.61569667">
        <ele>236</ele>
        <time>2025-07-14T12:39:44Z</time>
      </trkpt>
      <trkpt lat="47.01936" lon="16.61549167">
        <ele>235.8</ele>
        <time>2025-07-14T12:39:46Z</time>
      </trkpt>
      <trkpt lat="47.01929333" lon="16.61538833">
        <ele>235.3</ele>
        <time>2025-07-14T12:39:47Z</time>
      </trkpt>
      <trkpt lat="47.01922667" lon="16.61527667">
        <ele>234.8</ele>
        <time>2025-07-14T12:39:48Z</time>
      </trkpt>
      <trkpt lat="47.01915333" lon="16.61517167">
        <ele>235.5</ele>
        <time>2025-07-14T12:39:49Z</time>
      </trkpt>
      <trkpt lat="47.01907833" lon="16.61507">
        <ele>235.6</ele>
        <time>2025-07-14T12:39:50Z</time>
      </trkpt>
      <trkpt lat="47.01900833" lon="16.61496667">
        <ele>235.8</ele>
        <time>2025-07-14T12:39:51Z</time>
      </trkpt>
      <trkpt lat="47.01893833" lon="16.61486833">
        <ele>235.8</ele>
        <time>2025-07-14T12:39:52Z</time>
      </trkpt>
      <trkpt lat="47.01887" lon="16.61477333">
        <ele>236.1</ele>
        <time>2025-07-14T12:39:53Z</time>
      </trkpt>
      <trkpt lat="47.01880833" lon="16.61467">
        <ele>235.9</ele>
        <time>2025-07-14T12:39:54Z</time>
      </trkpt>
      <trkpt lat="47.01874833" lon="16.61457">
        <ele>236.2</ele>
        <time>2025-07-14T12:39:55Z</time>
      </trkpt>
      <trkpt lat="47.01867833" lon="16.614485">
        <ele>236.3</ele>
        <time>2025-07-14T12:39:56Z</time>
      </trkpt>
      <trkpt lat="47.018545" lon="16.61430833">
        <ele>236.1</ele>
        <time>2025-07-14T12:39:58Z</time>
      </trkpt>
      <trkpt lat="47.01842333" lon="16.614125">
        <ele>236.7</ele>
        <time>2025-07-14T12:40:00Z</time>
      </trkpt>
      <trkpt lat="47.01830167" lon="16.61396833">
        <ele>236.3</ele>
        <time>2025-07-14T12:40:02Z</time>
      </trkpt>
      <trkpt lat="47.01819333" lon="16.613825">
        <ele>236.3</ele>
        <time>2025-07-14T12:40:04Z</time>
      </trkpt>
      <trkpt lat="47.01811667" lon="16.61368">
        <ele>236.6</ele>
        <time>2025-07-14T12:40:06Z</time>
      </trkpt>
      <trkpt lat="47.01803167" lon="16.61355833">
        <ele>237.9</ele>
        <time>2025-07-14T12:40:09Z</time>
      </trkpt>
      <trkpt lat="47.01818" lon="16.61359833">
        <ele>281.7</ele>
        <time>2025-07-14T12:40:28Z</time>
      </trkpt>
      <trkpt lat="47.018475" lon="16.6136">
        <ele>304.1</ele>
        <time>2025-07-14T12:40:30Z</time>
      </trkpt>
      <trkpt lat="47.01854333" lon="16.61345667">
        <ele>344.5</ele>
        <time>2025-07-14T12:40:33Z</time>
      </trkpt>
    </trkseg>
  </trk>
</gpx>