<?xml version='1.0' encoding='UTF-8' standalone='yes' ?>
<gpx xmlns="http://www.topografix.com/GPX/1/1" xmlns:geotracker="http://ilyabogdanovich.com/gpx/extensions/geotracker" xmlns:xsi="http://www.w3.org/2001/XMLSchema-instance" xsi:schemaLocation="http://www.topografix.com/GPX/1/1 http://www.topografix.com/GPX/1/1/gpx.xsd" version="1.1" creator="Recorded in Geo Tracker for Android from Ilya Bogdanovich">
  <metadata>
    <name>b_0723_05</name>
    <author>
      <name>Recorded in Geo Tracker for Android from Ilya Bogdanovich</name>
      <link href="https://play.google.com/store/apps/details?id=com.ilyabogdanovich.geotracker" />
    </author>
    <link href="https://play.google.com/store/apps/details?id=com.ilyabogdanovich.geotracker" />
    <time>2025-07-23T15:33:00Z</time>
  </metadata>
  <wpt lat="46.04424" lon="17.80256833">
    <ele>160.7</ele>
    <time>2025-07-23T15:35:12Z</time>
    <name>Stop for ~2 min</name>
    <desc>Elevation: 161 m
Time from start: 00:02:11
Distance from start: 15 m</desc>
    <extensions>
      <geotracker:meta visited="1" />
    </extensions>
  </wpt>
  <trk>
    <name>b_0723_05</name>
    <src>Recorded in Geo Tracker for Android from Ilya Bogdanovich</src>
    <link href="https://play.google.com/store/apps/details?id=com.ilyabogdanovich.geotracker" />
    <extensions>
      <geotracker:meta>
        <geotracker:length>40145.99</geotracker:length>
        <geotracker:duration>3456790</geotracker:duration>
        <geotracker:creationtime>2025-07-23T15:33:00Z</geotracker:creationtime>
        <geotracker:activity>0</geotracker:activity>
      </geotracker:meta>
    </extensions>
    <trkseg>
      <trkpt lat="46.04410167" lon="17.80255">
        <ele>163.6</ele>
        <time>2025-07-23T15:33:06Z</time>
      </trkpt>
      <trkpt lat="46.04424" lon="17.80256833">
        <ele>160.7</ele>
        <time>2025-07-23T15:35:12Z</time>
      </trkpt>
      <trkpt lat="46.04408167" lon="17.80266333">
        <ele>161.1</ele>
        <time>2025-07-23T15:35:20Z</time>
      </trkpt>
      <trkpt lat="46.04398333" lon="17.80270833">
        <ele>160.6</ele>
        <time>2025-07-23T15:35:22Z</time>
      </trkpt>
      <trkpt lat="46.04389167" lon="17.802775">
        <ele>160.5</ele>
        <time>2025-07-23T15:35:24Z</time>
      </trkpt>
      <trkpt lat="46.04382" lon="17.80288333">
        <ele>160.6</ele>
        <time>2025-07-23T15:35:26Z</time>
      </trkpt>
      <trkpt lat="46.04381333" lon="17.80305667">
        <ele>160</ele>
        <time>2025-07-23T15:35:28Z</time>
      </trkpt>
      <trkpt lat="46.04384833" lon="17.80321667">
        <ele>159.8</ele>
        <time>2025-07-23T15:35:30Z</time>
      </trkpt>
      <trkpt lat="46.04394833" lon="17.80330333">
        <ele>160.4</ele>
        <time>2025-07-23T15:35:32Z</time>
      </trkpt>
      <trkpt lat="46.04408667" lon="17.80326833">
        <ele>161.6</ele>
        <time>2025-07-23T15:35:34Z</time>
      </trkpt>
      <trkpt lat="46.04422" lon="17.80319667">
        <ele>161.9</ele>
        <time>2025-07-23T15:35:36Z</time>
      </trkpt>
      <trkpt lat="46.04435333" lon="17.80312667">
        <ele>162.4</ele>
        <time>2025-07-23T15:35:38Z</time>
      </trkpt>
      <trkpt lat="46.04448333" lon="17.803065">
        <ele>162.3</ele>
        <time>2025-07-23T15:35:40Z</time>
      </trkpt>
      <trkpt lat="46.04459" lon="17.80300833">
        <ele>162.8</ele>
        <time>2025-07-23T15:35:42Z</time>
      </trkpt>
      <trkpt lat="46.04469833" lon="17.80298833">
        <ele>163.4</ele>
        <time>2025-07-23T15:35:44Z</time>
      </trkpt>
      <trkpt lat="46.0448" lon="17.80303667">
        <ele>163.7</ele>
        <time>2025-07-23T15:35:46Z</time>
      </trkpt>
      <trkpt lat="46.04487333" lon="17.80313333">
        <ele>162.1</ele>
        <time>2025-07-23T15:35:48Z</time>
      </trkpt>
      <trkpt lat="46.04492833" lon="17.80324">
        <ele>162.1</ele>
        <time>2025-07-23T15:35:51Z</time>
      </trkpt>
      <trkpt lat="46.04505167" lon="17.80327167">
        <ele>158</ele>
        <time>2025-07-23T15:36:00Z</time>
      </trkpt>
      <trkpt lat="46.04513833" lon="17.80319833">
        <ele>158.1</ele>
        <time>2025-07-23T15:36:02Z</time>
      </trkpt>
      <trkpt lat="46.04523667" lon="17.80309833">
        <ele>158.3</ele>
        <time>2025-07-23T15:36:04Z</time>
      </trkpt>
      <trkpt lat="46.04536833" lon="17.803015">
        <ele>158.6</ele>
        <time>2025-07-23T15:36:06Z</time>
      </trkpt>
      <trkpt lat="46.04552667" lon="17.80296667">
        <ele>159.5</ele>
        <time>2025-07-23T15:36:08Z</time>
      </trkpt>
      <trkpt lat="46.04568333" lon="17.80298333">
        <ele>158.9</ele>
        <time>2025-07-23T15:36:10Z</time>
      </trkpt>
      <trkpt lat="46.04581333" lon="17.80306667">
        <ele>158.4</ele>
        <time>2025-07-23T15:36:12Z</time>
      </trkpt>
      <trkpt lat="46.04589333" lon="17.80320167">
        <ele>158.1</ele>
        <time>2025-07-23T15:36:14Z</time>
      </trkpt>
      <trkpt lat="46.045955" lon="17.803385">
        <ele>157.7</ele>
        <time>2025-07-23T15:36:16Z</time>
      </trkpt>
      <trkpt lat="46.04600167" lon="17.80361333">
        <ele>156.6</ele>
        <time>2025-07-23T15:36:18Z</time>
      </trkpt>
      <trkpt lat="46.04601833" lon="17.80375667">
        <ele>155.9</ele>
        <time>2025-07-23T15:36:19Z</time>
      </trkpt>
      <trkpt lat="46.04604333" lon="17.80389">
        <ele>155.4</ele>
        <time>2025-07-23T15:36:20Z</time>
      </trkpt>
      <trkpt lat="46.04606167" lon="17.80402333">
        <ele>155.7</ele>
        <time>2025-07-23T15:36:21Z</time>
      </trkpt>
      <trkpt lat="46.04610167" lon="17.80414">
        <ele>154</ele>
        <time>2025-07-23T15:36:22Z</time>
      </trkpt>
      <trkpt lat="46.04612833" lon="17.80426667">
        <ele>154</ele>
        <time>2025-07-23T15:36:23Z</time>
      </trkpt>
      <trkpt lat="46.04616833" lon="17.804405">
        <ele>154.9</ele>
        <time>2025-07-23T15:36:24Z</time>
      </trkpt>
      <trkpt lat="46.04619833" lon="17.80453">
        <ele>155.2</ele>
        <time>2025-07-23T15:36:25Z</time>
      </trkpt>
      <trkpt lat="46.046225" lon="17.80466167">
        <ele>155.2</ele>
        <time>2025-07-23T15:36:26Z</time>
      </trkpt>
      <trkpt lat="46.04624833" lon="17.80479333">
        <ele>155.4</ele>
        <time>2025-07-23T15:36:27Z</time>
      </trkpt>
      <trkpt lat="46.04631333" lon="17.80503833">
        <ele>154.6</ele>
        <time>2025-07-23T15:36:29Z</time>
      </trkpt>
      <trkpt lat="46.04633833" lon="17.80516667">
        <ele>154.5</ele>
        <time>2025-07-23T15:36:30Z</time>
      </trkpt>
      <trkpt lat="46.04638833" lon="17.80540167">
        <ele>153.9</ele>
        <time>2025-07-23T15:36:32Z</time>
      </trkpt>
      <trkpt lat="46.04641833" lon="17.80559667">
        <ele>153</ele>
        <time>2025-07-23T15:36:34Z</time>
      </trkpt>
      <trkpt lat="46.04644333" lon="17.80577">
        <ele>153.7</ele>
        <time>2025-07-23T15:36:36Z</time>
      </trkpt>
      <trkpt lat="46.046475" lon="17.80589167">
        <ele>154.6</ele>
        <time>2025-07-23T15:36:38Z</time>
      </trkpt>
      <trkpt lat="46.04655333" lon="17.80598">
        <ele>156</ele>
        <time>2025-07-23T15:36:41Z</time>
      </trkpt>
      <trkpt lat="46.04665167" lon="17.80593333">
        <ele>156.4</ele>
        <time>2025-07-23T15:36:43Z</time>
      </trkpt>
      <trkpt lat="46.046795" lon="17.80586667">
        <ele>156.4</ele>
        <time>2025-07-23T15:36:45Z</time>
      </trkpt>
      <trkpt lat="46.04694167" lon="17.80580333">
        <ele>156.7</ele>
        <time>2025-07-23T15:36:47Z</time>
      </trkpt>
      <trkpt lat="46.04708333" lon="17.80574333">
        <ele>156.2</ele>
        <time>2025-07-23T15:36:49Z</time>
      </trkpt>
      <trkpt lat="46.04720833" lon="17.80569333">
        <ele>158</ele>
        <time>2025-07-23T15:36:51Z</time>
      </trkpt>
      <trkpt lat="46.04730833" lon="17.80564667">
        <ele>159</ele>
        <time>2025-07-23T15:36:53Z</time>
      </trkpt>
      <trkpt lat="46.047405" lon="17.80561667">
        <ele>157.7</ele>
        <time>2025-07-23T15:36:56Z</time>
      </trkpt>
      <trkpt lat="46.047505" lon="17.80561">
        <ele>158.3</ele>
        <time>2025-07-23T15:37:03Z</time>
      </trkpt>
      <trkpt lat="46.04759" lon="17.80566667">
        <ele>158.9</ele>
        <time>2025-07-23T15:37:06Z</time>
      </trkpt>
      <trkpt lat="46.047635" lon="17.80585167">
        <ele>158.7</ele>
        <time>2025-07-23T15:37:09Z</time>
      </trkpt>
      <trkpt lat="46.04764" lon="17.806025">
        <ele>158.3</ele>
        <time>2025-07-23T15:37:11Z</time>
      </trkpt>
      <trkpt lat="46.04764167" lon="17.80622333">
        <ele>158</ele>
        <time>2025-07-23T15:37:13Z</time>
      </trkpt>
      <trkpt lat="46.04766" lon="17.80643333">
        <ele>158.1</ele>
        <time>2025-07-23T15:37:15Z</time>
      </trkpt>
      <trkpt lat="46.04769" lon="17.80666333">
        <ele>157.5</ele>
        <time>2025-07-23T15:37:17Z</time>
      </trkpt>
      <trkpt lat="46.04770833" lon="17.806925">
        <ele>157.8</ele>
        <time>2025-07-23T15:37:19Z</time>
      </trkpt>
      <trkpt lat="46.047725" lon="17.80707333">
        <ele>157.7</ele>
        <time>2025-07-23T15:37:20Z</time>
      </trkpt>
      <trkpt lat="46.04774" lon="17.80722167">
        <ele>157.6</ele>
        <time>2025-07-23T15:37:21Z</time>
      </trkpt>
      <trkpt lat="46.04775667" lon="17.80736833">
        <ele>157.5</ele>
        <time>2025-07-23T15:37:22Z</time>
      </trkpt>
      <trkpt lat="46.04776833" lon="17.80750833">
        <ele>157.2</ele>
        <time>2025-07-23T15:37:23Z</time>
      </trkpt>
      <trkpt lat="46.04778333" lon="17.807655">
        <ele>156.7</ele>
        <time>2025-07-23T15:37:24Z</time>
      </trkpt>
      <trkpt lat="46.047805" lon="17.80781167">
        <ele>156.8</ele>
        <time>2025-07-23T15:37:25Z</time>
      </trkpt>
      <trkpt lat="46.04782333" lon="17.80797333">
        <ele>157.8</ele>
        <time>2025-07-23T15:37:26Z</time>
      </trkpt>
      <trkpt lat="46.047835" lon="17.80813833">
        <ele>158.2</ele>
        <time>2025-07-23T15:37:27Z</time>
      </trkpt>
      <trkpt lat="46.04784" lon="17.80829167">
        <ele>158.7</ele>
        <time>2025-07-23T15:37:28Z</time>
      </trkpt>
      <trkpt lat="46.04784333" lon="17.80844333">
        <ele>159</ele>
        <time>2025-07-23T15:37:29Z</time>
      </trkpt>
      <trkpt lat="46.04785333" lon="17.80860167">
        <ele>159.1</ele>
        <time>2025-07-23T15:37:30Z</time>
      </trkpt>
      <trkpt lat="46.04787333" lon="17.80874833">
        <ele>159.6</ele>
        <time>2025-07-23T15:37:31Z</time>
      </trkpt>
      <trkpt lat="46.04789167" lon="17.808895">
        <ele>159.9</ele>
        <time>2025-07-23T15:37:32Z</time>
      </trkpt>
      <trkpt lat="46.047905" lon="17.80904">
        <ele>160</ele>
        <time>2025-07-23T15:37:33Z</time>
      </trkpt>
      <trkpt lat="46.04791833" lon="17.80917167">
        <ele>160.3</ele>
        <time>2025-07-23T15:37:34Z</time>
      </trkpt>
      <trkpt lat="46.04793167" lon="17.80930167">
        <ele>160.7</ele>
        <time>2025-07-23T15:37:35Z</time>
      </trkpt>
      <trkpt lat="46.04795667" lon="17.80953">
        <ele>161.1</ele>
        <time>2025-07-23T15:37:37Z</time>
      </trkpt>
      <trkpt lat="46.047985" lon="17.80969667">
        <ele>160.9</ele>
        <time>2025-07-23T15:37:39Z</time>
      </trkpt>
      <trkpt lat="46.04799" lon="17.80987167">
        <ele>160.1</ele>
        <time>2025-07-23T15:37:42Z</time>
      </trkpt>
      <trkpt lat="46.04801" lon="17.81003167">
        <ele>158.9</ele>
        <time>2025-07-23T15:38:10Z</time>
      </trkpt>
      <trkpt lat="46.04804167" lon="17.8102">
        <ele>158.9</ele>
        <time>2025-07-23T15:38:13Z</time>
      </trkpt>
      <trkpt lat="46.04805833" lon="17.81033833">
        <ele>158</ele>
        <time>2025-07-23T15:38:15Z</time>
      </trkpt>
      <trkpt lat="46.04808167" lon="17.81049833">
        <ele>157.8</ele>
        <time>2025-07-23T15:38:17Z</time>
      </trkpt>
      <trkpt lat="46.0481" lon="17.81070333">
        <ele>157.9</ele>
        <time>2025-07-23T15:38:19Z</time>
      </trkpt>
      <trkpt lat="46.048115" lon="17.81091833">
        <ele>157.8</ele>
        <time>2025-07-23T15:38:21Z</time>
      </trkpt>
      <trkpt lat="46.04813167" lon="17.81116">
        <ele>157.4</ele>
        <time>2025-07-23T15:38:23Z</time>
      </trkpt>
      <trkpt lat="46.04816667" lon="17.81141167">
        <ele>156.5</ele>
        <time>2025-07-23T15:38:25Z</time>
      </trkpt>
      <trkpt lat="46.04817833" lon="17.81154833">
        <ele>155.8</ele>
        <time>2025-07-23T15:38:26Z</time>
      </trkpt>
      <trkpt lat="46.04818667" lon="17.81169167">
        <ele>155.9</ele>
        <time>2025-07-23T15:38:27Z</time>
      </trkpt>
      <trkpt lat="46.048195" lon="17.811825">
        <ele>155.9</ele>
        <time>2025-07-23T15:38:28Z</time>
      </trkpt>
      <trkpt lat="46.04820333" lon="17.81196833">
        <ele>156.7</ele>
        <time>2025-07-23T15:38:29Z</time>
      </trkpt>
      <trkpt lat="46.04821" lon="17.81211167">
        <ele>157.3</ele>
        <time>2025-07-23T15:38:30Z</time>
      </trkpt>
      <trkpt lat="46.04822333" lon="17.81234833">
        <ele>157</ele>
        <time>2025-07-23T15:38:32Z</time>
      </trkpt>
      <trkpt lat="46.048235" lon="17.812505">
        <ele>157.2</ele>
        <time>2025-07-23T15:38:34Z</time>
      </trkpt>
      <trkpt lat="46.04820333" lon="17.812655">
        <ele>157.8</ele>
        <time>2025-07-23T15:38:37Z</time>
      </trkpt>
      <trkpt lat="46.04815833" lon="17.812815">
        <ele>158.8</ele>
        <time>2025-07-23T15:38:40Z</time>
      </trkpt>
      <trkpt lat="46.048195" lon="17.81293333">
        <ele>159.6</ele>
        <time>2025-07-23T15:38:42Z</time>
      </trkpt>
      <trkpt lat="46.048285" lon="17.81297">
        <ele>159.5</ele>
        <time>2025-07-23T15:38:44Z</time>
      </trkpt>
      <trkpt lat="46.04838833" lon="17.81287833">
        <ele>159.4</ele>
        <time>2025-07-23T15:38:46Z</time>
      </trkpt>
      <trkpt lat="46.04847667" lon="17.81271833">
        <ele>160.3</ele>
        <time>2025-07-23T15:38:48Z</time>
      </trkpt>
      <trkpt lat="46.04857" lon="17.81251">
        <ele>160.6</ele>
        <time>2025-07-23T15:38:50Z</time>
      </trkpt>
      <trkpt lat="46.04862667" lon="17.81239167">
        <ele>160.4</ele>
        <time>2025-07-23T15:38:51Z</time>
      </trkpt>
      <trkpt lat="46.04867667" lon="17.81226">
        <ele>160.4</ele>
        <time>2025-07-23T15:38:52Z</time>
      </trkpt>
      <trkpt lat="46.04873833" lon="17.81212333">
        <ele>160</ele>
        <time>2025-07-23T15:38:53Z</time>
      </trkpt>
      <trkpt lat="46.048805" lon="17.81199667">
        <ele>160.4</ele>
        <time>2025-07-23T15:38:54Z</time>
      </trkpt>
      <trkpt lat="46.04887833" lon="17.81187333">
        <ele>160.6</ele>
        <time>2025-07-23T15:38:55Z</time>
      </trkpt>
      <trkpt lat="46.048955" lon="17.81177167">
        <ele>161.4</ele>
        <time>2025-07-23T15:38:56Z</time>
      </trkpt>
      <trkpt lat="46.049045" lon="17.81167833">
        <ele>161.6</ele>
        <time>2025-07-23T15:38:57Z</time>
      </trkpt>
      <trkpt lat="46.049135" lon="17.81158667">
        <ele>162</ele>
        <time>2025-07-23T15:38:58Z</time>
      </trkpt>
      <trkpt lat="46.04923333" lon="17.81150167">
        <ele>162.4</ele>
        <time>2025-07-23T15:38:59Z</time>
      </trkpt>
      <trkpt lat="46.049335" lon="17.811415">
        <ele>162.3</ele>
        <time>2025-07-23T15:39:00Z</time>
      </trkpt>
      <trkpt lat="46.04945" lon="17.81132667">
        <ele>161.8</ele>
        <time>2025-07-23T15:39:01Z</time>
      </trkpt>
      <trkpt lat="46.04956167" lon="17.81124167">
        <ele>161.2</ele>
        <time>2025-07-23T15:39:02Z</time>
      </trkpt>
      <trkpt lat="46.04967" lon="17.811165">
        <ele>162.3</ele>
        <time>2025-07-23T15:39:03Z</time>
      </trkpt>
      <trkpt lat="46.04978333" lon="17.81109">
        <ele>161.9</ele>
        <time>2025-07-23T15:39:04Z</time>
      </trkpt>
      <trkpt lat="46.04991333" lon="17.81102167">
        <ele>160</ele>
        <time>2025-07-23T15:39:05Z</time>
      </trkpt>
      <trkpt lat="46.05002833" lon="17.81094833">
        <ele>160</ele>
        <time>2025-07-23T15:39:06Z</time>
      </trkpt>
      <trkpt lat="46.05014333" lon="17.81088333">
        <ele>161.8</ele>
        <time>2025-07-23T15:39:07Z</time>
      </trkpt>
      <trkpt lat="46.05026333" lon="17.810825">
        <ele>162.5</ele>
        <time>2025-07-23T15:39:08Z</time>
      </trkpt>
      <trkpt lat="46.05040333" lon="17.81076333">
        <ele>160.8</ele>
        <time>2025-07-23T15:39:09Z</time>
      </trkpt>
      <trkpt lat="46.05055333" lon="17.81070667">
        <ele>159</ele>
        <time>2025-07-23T15:39:10Z</time>
      </trkpt>
      <trkpt lat="46.05069" lon="17.81069333">
        <ele>159.2</ele>
        <time>2025-07-23T15:39:11Z</time>
      </trkpt>
      <trkpt lat="46.05084667" lon="17.81071">
        <ele>160.1</ele>
        <time>2025-07-23T15:39:12Z</time>
      </trkpt>
      <trkpt lat="46.051" lon="17.81072167">
        <ele>159.7</ele>
        <time>2025-07-23T15:39:13Z</time>
      </trkpt>
      <trkpt lat="46.05116" lon="17.81072833">
        <ele>160.9</ele>
        <time>2025-07-23T15:39:14Z</time>
      </trkpt>
      <trkpt lat="46.05131" lon="17.810745">
        <ele>160.5</ele>
        <time>2025-07-23T15:39:15Z</time>
      </trkpt>
      <trkpt lat="46.05146333" lon="17.81075667">
        <ele>159.5</ele>
        <time>2025-07-23T15:39:16Z</time>
      </trkpt>
      <trkpt lat="46.05161333" lon="17.81076667">
        <ele>159.8</ele>
        <time>2025-07-23T15:39:17Z</time>
      </trkpt>
      <trkpt lat="46.051775" lon="17.81078667">
        <ele>160.6</ele>
        <time>2025-07-23T15:39:18Z</time>
      </trkpt>
      <trkpt lat="46.05193333" lon="17.81079833">
        <ele>160.6</ele>
        <time>2025-07-23T15:39:19Z</time>
      </trkpt>
      <trkpt lat="46.052095" lon="17.81081167">
        <ele>161.4</ele>
        <time>2025-07-23T15:39:20Z</time>
      </trkpt>
      <trkpt lat="46.05225833" lon="17.81082">
        <ele>161.2</ele>
        <time>2025-07-23T15:39:21Z</time>
      </trkpt>
      <trkpt lat="46.052425" lon="17.81083333">
        <ele>160.7</ele>
        <time>2025-07-23T15:39:22Z</time>
      </trkpt>
      <trkpt lat="46.05258333" lon="17.81084833">
        <ele>161.4</ele>
        <time>2025-07-23T15:39:23Z</time>
      </trkpt>
      <trkpt lat="46.05274167" lon="17.81086167">
        <ele>161.5</ele>
        <time>2025-07-23T15:39:24Z</time>
      </trkpt>
      <trkpt lat="46.05289667" lon="17.81087667">
        <ele>161.6</ele>
        <time>2025-07-23T15:39:25Z</time>
      </trkpt>
      <trkpt lat="46.05306" lon="17.81088833">
        <ele>162</ele>
        <time>2025-07-23T15:39:26Z</time>
      </trkpt>
      <trkpt lat="46.053215" lon="17.8109">
        <ele>162.7</ele>
        <time>2025-07-23T15:39:27Z</time>
      </trkpt>
      <trkpt lat="46.05338333" lon="17.81091667">
        <ele>163</ele>
        <time>2025-07-23T15:39:28Z</time>
      </trkpt>
      <trkpt lat="46.05355833" lon="17.81092333">
        <ele>162.4</ele>
        <time>2025-07-23T15:39:29Z</time>
      </trkpt>
      <trkpt lat="46.05372667" lon="17.81094">
        <ele>161.8</ele>
        <time>2025-07-23T15:39:30Z</time>
      </trkpt>
      <trkpt lat="46.05389167" lon="17.81096">
        <ele>162.1</ele>
        <time>2025-07-23T15:39:31Z</time>
      </trkpt>
      <trkpt lat="46.05406167" lon="17.810975">
        <ele>161.6</ele>
        <time>2025-07-23T15:39:32Z</time>
      </trkpt>
      <trkpt lat="46.05422833" lon="17.810995">
        <ele>161.9</ele>
        <time>2025-07-23T15:39:33Z</time>
      </trkpt>
      <trkpt lat="46.05439333" lon="17.81101167">
        <ele>161.6</ele>
        <time>2025-07-23T15:39:34Z</time>
      </trkpt>
      <trkpt lat="46.05456333" lon="17.811025">
        <ele>161.2</ele>
        <time>2025-07-23T15:39:35Z</time>
      </trkpt>
      <trkpt lat="46.05472833" lon="17.81104167">
        <ele>161.2</ele>
        <time>2025-07-23T15:39:36Z</time>
      </trkpt>
      <trkpt lat="46.05489167" lon="17.81105333">
        <ele>161.5</ele>
        <time>2025-07-23T15:39:37Z</time>
      </trkpt>
      <trkpt lat="46.05507167" lon="17.81106667">
        <ele>160.6</ele>
        <time>2025-07-23T15:39:38Z</time>
      </trkpt>
      <trkpt lat="46.055245" lon="17.81108">
        <ele>160.8</ele>
        <time>2025-07-23T15:39:39Z</time>
      </trkpt>
      <trkpt lat="46.05541" lon="17.81109667">
        <ele>159.6</ele>
        <time>2025-07-23T15:39:40Z</time>
      </trkpt>
      <trkpt lat="46.055575" lon="17.81110667">
        <ele>158.8</ele>
        <time>2025-07-23T15:39:41Z</time>
      </trkpt>
      <trkpt lat="46.05573333" lon="17.81111833">
        <ele>158.8</ele>
        <time>2025-07-23T15:39:42Z</time>
      </trkpt>
      <trkpt lat="46.055885" lon="17.811135">
        <ele>159.6</ele>
        <time>2025-07-23T15:39:43Z</time>
      </trkpt>
      <trkpt lat="46.05604667" lon="17.811145">
        <ele>160.3</ele>
        <time>2025-07-23T15:39:44Z</time>
      </trkpt>
      <trkpt lat="46.05620667" lon="17.81116333">
        <ele>160.5</ele>
        <time>2025-07-23T15:39:45Z</time>
      </trkpt>
      <trkpt lat="46.05636333" lon="17.81118">
        <ele>161.1</ele>
        <time>2025-07-23T15:39:46Z</time>
      </trkpt>
      <trkpt lat="46.05652167" lon="17.811185">
        <ele>161.4</ele>
        <time>2025-07-23T15:39:47Z</time>
      </trkpt>
      <trkpt lat="46.05667667" lon="17.81119333">
        <ele>161.4</ele>
        <time>2025-07-23T15:39:48Z</time>
      </trkpt>
      <trkpt lat="46.05683833" lon="17.81120333">
        <ele>161.7</ele>
        <time>2025-07-23T15:39:49Z</time>
      </trkpt>
      <trkpt lat="46.05699833" lon="17.81121833">
        <ele>162</ele>
        <time>2025-07-23T15:39:50Z</time>
      </trkpt>
      <trkpt lat="46.05715667" lon="17.81123667">
        <ele>162</ele>
        <time>2025-07-23T15:39:51Z</time>
      </trkpt>
      <trkpt lat="46.05731667" lon="17.81126667">
        <ele>161.5</ele>
        <time>2025-07-23T15:39:52Z</time>
      </trkpt>
      <trkpt lat="46.05747833" lon="17.811305">
        <ele>160.9</ele>
        <time>2025-07-23T15:39:53Z</time>
      </trkpt>
      <trkpt lat="46.05765333" lon="17.81133833">
        <ele>160</ele>
        <time>2025-07-23T15:39:54Z</time>
      </trkpt>
      <trkpt lat="46.05781833" lon="17.81138">
        <ele>160.2</ele>
        <time>2025-07-23T15:39:55Z</time>
      </trkpt>
      <trkpt lat="46.05797833" lon="17.81142667">
        <ele>160.7</ele>
        <time>2025-07-23T15:39:56Z</time>
      </trkpt>
      <trkpt lat="46.05815" lon="17.81146">
        <ele>160.9</ele>
        <time>2025-07-23T15:39:57Z</time>
      </trkpt>
      <trkpt lat="46.05832167" lon="17.81149">
        <ele>160.4</ele>
        <time>2025-07-23T15:39:58Z</time>
      </trkpt>
      <trkpt lat="46.05849667" lon="17.811535">
        <ele>160.4</ele>
        <time>2025-07-23T15:39:59Z</time>
      </trkpt>
      <trkpt lat="46.05865833" lon="17.81158167">
        <ele>159.9</ele>
        <time>2025-07-23T15:40:00Z</time>
      </trkpt>
      <trkpt lat="46.05882333" lon="17.81162333">
        <ele>160.4</ele>
        <time>2025-07-23T15:40:01Z</time>
      </trkpt>
      <trkpt lat="46.05899833" lon="17.811655">
        <ele>159.4</ele>
        <time>2025-07-23T15:40:02Z</time>
      </trkpt>
      <trkpt lat="46.05916333" lon="17.81168667">
        <ele>159.1</ele>
        <time>2025-07-23T15:40:03Z</time>
      </trkpt>
      <trkpt lat="46.05933667" lon="17.81173167">
        <ele>160.6</ele>
        <time>2025-07-23T15:40:04Z</time>
      </trkpt>
      <trkpt lat="46.05951333" lon="17.81178167">
        <ele>161</ele>
        <time>2025-07-23T15:40:05Z</time>
      </trkpt>
      <trkpt lat="46.05968667" lon="17.81181833">
        <ele>161.1</ele>
        <time>2025-07-23T15:40:06Z</time>
      </trkpt>
      <trkpt lat="46.059865" lon="17.811855">
        <ele>161.5</ele>
        <time>2025-07-23T15:40:07Z</time>
      </trkpt>
      <trkpt lat="46.060045" lon="17.811895">
        <ele>161.7</ele>
        <time>2025-07-23T15:40:08Z</time>
      </trkpt>
      <trkpt lat="46.06022333" lon="17.811935">
        <ele>161.7</ele>
        <time>2025-07-23T15:40:09Z</time>
      </trkpt>
      <trkpt lat="46.06040167" lon="17.81196667">
        <ele>161.7</ele>
        <time>2025-07-23T15:40:10Z</time>
      </trkpt>
      <trkpt lat="46.060585" lon="17.81200667">
        <ele>161</ele>
        <time>2025-07-23T15:40:11Z</time>
      </trkpt>
      <trkpt lat="46.060765" lon="17.81205">
        <ele>161.2</ele>
        <time>2025-07-23T15:40:12Z</time>
      </trkpt>
      <trkpt lat="46.06095" lon="17.81207667">
        <ele>161.5</ele>
        <time>2025-07-23T15:40:13Z</time>
      </trkpt>
      <trkpt lat="46.06113167" lon="17.81212167">
        <ele>160.4</ele>
        <time>2025-07-23T15:40:14Z</time>
      </trkpt>
      <trkpt lat="46.061315" lon="17.81216167">
        <ele>160.4</ele>
        <time>2025-07-23T15:40:15Z</time>
      </trkpt>
      <trkpt lat="46.06149833" lon="17.812195">
        <ele>160.2</ele>
        <time>2025-07-23T15:40:16Z</time>
      </trkpt>
      <trkpt lat="46.06167167" lon="17.812245">
        <ele>159.9</ele>
        <time>2025-07-23T15:40:17Z</time>
      </trkpt>
      <trkpt lat="46.06185" lon="17.81228667">
        <ele>160.5</ele>
        <time>2025-07-23T15:40:18Z</time>
      </trkpt>
      <trkpt lat="46.062035" lon="17.81232833">
        <ele>161.1</ele>
        <time>2025-07-23T15:40:19Z</time>
      </trkpt>
      <trkpt lat="46.06223" lon="17.81237">
        <ele>162.5</ele>
        <time>2025-07-23T15:40:20Z</time>
      </trkpt>
      <trkpt lat="46.06242333" lon="17.81240333">
        <ele>163.5</ele>
        <time>2025-07-23T15:40:21Z</time>
      </trkpt>
      <trkpt lat="46.06260833" lon="17.81244">
        <ele>164</ele>
        <time>2025-07-23T15:40:22Z</time>
      </trkpt>
      <trkpt lat="46.06278833" lon="17.81248333">
        <ele>164.1</ele>
        <time>2025-07-23T15:40:23Z</time>
      </trkpt>
      <trkpt lat="46.062975" lon="17.81252">
        <ele>163.4</ele>
        <time>2025-07-23T15:40:24Z</time>
      </trkpt>
      <trkpt lat="46.06316167" lon="17.812565">
        <ele>162.7</ele>
        <time>2025-07-23T15:40:25Z</time>
      </trkpt>
      <trkpt lat="46.06334167" lon="17.812605">
        <ele>162.9</ele>
        <time>2025-07-23T15:40:26Z</time>
      </trkpt>
      <trkpt lat="46.06352" lon="17.81264">
        <ele>162.1</ele>
        <time>2025-07-23T15:40:27Z</time>
      </trkpt>
      <trkpt lat="46.06369" lon="17.81268167">
        <ele>160.8</ele>
        <time>2025-07-23T15:40:28Z</time>
      </trkpt>
      <trkpt lat="46.06386167" lon="17.81272">
        <ele>160.6</ele>
        <time>2025-07-23T15:40:29Z</time>
      </trkpt>
      <trkpt lat="46.06404333" lon="17.81276167">
        <ele>160.9</ele>
        <time>2025-07-23T15:40:30Z</time>
      </trkpt>
      <trkpt lat="46.06422833" lon="17.81279667">
        <ele>161.4</ele>
        <time>2025-07-23T15:40:31Z</time>
      </trkpt>
      <trkpt lat="46.06442333" lon="17.81282833">
        <ele>161.1</ele>
        <time>2025-07-23T15:40:32Z</time>
      </trkpt>
      <trkpt lat="46.06461" lon="17.81287">
        <ele>161.3</ele>
        <time>2025-07-23T15:40:33Z</time>
      </trkpt>
      <trkpt lat="46.06479333" lon="17.81291333">
        <ele>160.9</ele>
        <time>2025-07-23T15:40:34Z</time>
      </trkpt>
      <trkpt lat="46.06498333" lon="17.81295333">
        <ele>161.1</ele>
        <time>2025-07-23T15:40:35Z</time>
      </trkpt>
      <trkpt lat="46.06517333" lon="17.81300167">
        <ele>161.1</ele>
        <time>2025-07-23T15:40:36Z</time>
      </trkpt>
      <trkpt lat="46.06535333" lon="17.81303667">
        <ele>161.4</ele>
        <time>2025-07-23T15:40:37Z</time>
      </trkpt>
      <trkpt lat="46.06553333" lon="17.81307333">
        <ele>161.5</ele>
        <time>2025-07-23T15:40:38Z</time>
      </trkpt>
      <trkpt lat="46.06571833" lon="17.81311333">
        <ele>161.7</ele>
        <time>2025-07-23T15:40:39Z</time>
      </trkpt>
      <trkpt lat="46.06590833" lon="17.813155">
        <ele>161.7</ele>
        <time>2025-07-23T15:40:40Z</time>
      </trkpt>
      <trkpt lat="46.0661" lon="17.81318667">
        <ele>161.5</ele>
        <time>2025-07-23T15:40:41Z</time>
      </trkpt>
      <trkpt lat="46.06628167" lon="17.81322667">
        <ele>160.9</ele>
        <time>2025-07-23T15:40:42Z</time>
      </trkpt>
      <trkpt lat="46.06646667" lon="17.81327333">
        <ele>160.8</ele>
        <time>2025-07-23T15:40:43Z</time>
      </trkpt>
      <trkpt lat="46.06665167" lon="17.81331333">
        <ele>160.9</ele>
        <time>2025-07-23T15:40:44Z</time>
      </trkpt>
      <trkpt lat="46.06683333" lon="17.81335">
        <ele>160.6</ele>
        <time>2025-07-23T15:40:45Z</time>
      </trkpt>
      <trkpt lat="46.06702" lon="17.81339167">
        <ele>160.8</ele>
        <time>2025-07-23T15:40:46Z</time>
      </trkpt>
      <trkpt lat="46.067205" lon="17.813425">
        <ele>160.7</ele>
        <time>2025-07-23T15:40:47Z</time>
      </trkpt>
      <trkpt lat="46.06738667" lon="17.81347333">
        <ele>161.1</ele>
        <time>2025-07-23T15:40:48Z</time>
      </trkpt>
      <trkpt lat="46.06756667" lon="17.81351">
        <ele>161.5</ele>
        <time>2025-07-23T15:40:49Z</time>
      </trkpt>
      <trkpt lat="46.06775333" lon="17.81354333">
        <ele>161.1</ele>
        <time>2025-07-23T15:40:50Z</time>
      </trkpt>
      <trkpt lat="46.06793667" lon="17.813575">
        <ele>161</ele>
        <time>2025-07-23T15:40:51Z</time>
      </trkpt>
      <trkpt lat="46.06811667" lon="17.81361333">
        <ele>161</ele>
        <time>2025-07-23T15:40:52Z</time>
      </trkpt>
      <trkpt lat="46.06830667" lon="17.81366">
        <ele>160.7</ele>
        <time>2025-07-23T15:40:53Z</time>
      </trkpt>
      <trkpt lat="46.06849" lon="17.81369833">
        <ele>160</ele>
        <time>2025-07-23T15:40:54Z</time>
      </trkpt>
      <trkpt lat="46.06866667" lon="17.81373333">
        <ele>160.3</ele>
        <time>2025-07-23T15:40:55Z</time>
      </trkpt>
      <trkpt lat="46.06884833" lon="17.81378333">
        <ele>160.2</ele>
        <time>2025-07-23T15:40:56Z</time>
      </trkpt>
      <trkpt lat="46.06903833" lon="17.81382167">
        <ele>161.1</ele>
        <time>2025-07-23T15:40:57Z</time>
      </trkpt>
      <trkpt lat="46.06922333" lon="17.81386167">
        <ele>160.7</ele>
        <time>2025-07-23T15:40:58Z</time>
      </trkpt>
      <trkpt lat="46.06940667" lon="17.81390167">
        <ele>160.9</ele>
        <time>2025-07-23T15:40:59Z</time>
      </trkpt>
      <trkpt lat="46.06959167" lon="17.81393333">
        <ele>160.6</ele>
        <time>2025-07-23T15:41:00Z</time>
      </trkpt>
      <trkpt lat="46.06976667" lon="17.813975">
        <ele>160.5</ele>
        <time>2025-07-23T15:41:01Z</time>
      </trkpt>
      <trkpt lat="46.069945" lon="17.81400667">
        <ele>160</ele>
        <time>2025-07-23T15:41:02Z</time>
      </trkpt>
      <trkpt lat="46.07011833" lon="17.81404167">
        <ele>160.4</ele>
        <time>2025-07-23T15:41:03Z</time>
      </trkpt>
      <trkpt lat="46.07028833" lon="17.814085">
        <ele>161</ele>
        <time>2025-07-23T15:41:04Z</time>
      </trkpt>
      <trkpt lat="46.07046" lon="17.81412667">
        <ele>162.1</ele>
        <time>2025-07-23T15:41:05Z</time>
      </trkpt>
      <trkpt lat="46.07064" lon="17.81415833">
        <ele>161.9</ele>
        <time>2025-07-23T15:41:06Z</time>
      </trkpt>
      <trkpt lat="46.07082" lon="17.81420167">
        <ele>162</ele>
        <time>2025-07-23T15:41:07Z</time>
      </trkpt>
      <trkpt lat="46.07100333" lon="17.81424333">
        <ele>162.9</ele>
        <time>2025-07-23T15:41:08Z</time>
      </trkpt>
      <trkpt lat="46.07117333" lon="17.814285">
        <ele>163.6</ele>
        <time>2025-07-23T15:41:09Z</time>
      </trkpt>
      <trkpt lat="46.07134833" lon="17.81431833">
        <ele>163.8</ele>
        <time>2025-07-23T15:41:10Z</time>
      </trkpt>
      <trkpt lat="46.07152" lon="17.81435333">
        <ele>163.6</ele>
        <time>2025-07-23T15:41:11Z</time>
      </trkpt>
      <trkpt lat="46.07169167" lon="17.81439">
        <ele>163.3</ele>
        <time>2025-07-23T15:41:12Z</time>
      </trkpt>
      <trkpt lat="46.07185833" lon="17.814425">
        <ele>163.6</ele>
        <time>2025-07-23T15:41:13Z</time>
      </trkpt>
      <trkpt lat="46.07203" lon="17.81446167">
        <ele>163.8</ele>
        <time>2025-07-23T15:41:14Z</time>
      </trkpt>
      <trkpt lat="46.072205" lon="17.814505">
        <ele>163.9</ele>
        <time>2025-07-23T15:41:15Z</time>
      </trkpt>
      <trkpt lat="46.07238333" lon="17.81454">
        <ele>164.2</ele>
        <time>2025-07-23T15:41:16Z</time>
      </trkpt>
      <trkpt lat="46.07255333" lon="17.814585">
        <ele>164.1</ele>
        <time>2025-07-23T15:41:17Z</time>
      </trkpt>
      <trkpt lat="46.07272833" lon="17.81462667">
        <ele>164.1</ele>
        <time>2025-07-23T15:41:18Z</time>
      </trkpt>
      <trkpt lat="46.07290167" lon="17.81465333">
        <ele>164.3</ele>
        <time>2025-07-23T15:41:19Z</time>
      </trkpt>
      <trkpt lat="46.07307" lon="17.814695">
        <ele>164.2</ele>
        <time>2025-07-23T15:41:20Z</time>
      </trkpt>
      <trkpt lat="46.07324167" lon="17.81472667">
        <ele>164.4</ele>
        <time>2025-07-23T15:41:21Z</time>
      </trkpt>
      <trkpt lat="46.07342667" lon="17.81475667">
        <ele>164.5</ele>
        <time>2025-07-23T15:41:22Z</time>
      </trkpt>
      <trkpt lat="46.07360167" lon="17.81479833">
        <ele>164.7</ele>
        <time>2025-07-23T15:41:23Z</time>
      </trkpt>
      <trkpt lat="46.07377333" lon="17.814845">
        <ele>165.2</ele>
        <time>2025-07-23T15:41:24Z</time>
      </trkpt>
      <trkpt lat="46.07395" lon="17.81488">
        <ele>165.5</ele>
        <time>2025-07-23T15:41:25Z</time>
      </trkpt>
      <trkpt lat="46.074125" lon="17.81492333">
        <ele>165.9</ele>
        <time>2025-07-23T15:41:26Z</time>
      </trkpt>
      <trkpt lat="46.0743" lon="17.81496333">
        <ele>166.7</ele>
        <time>2025-07-23T15:41:27Z</time>
      </trkpt>
      <trkpt lat="46.07447833" lon="17.81499667">
        <ele>166.6</ele>
        <time>2025-07-23T15:41:28Z</time>
      </trkpt>
      <trkpt lat="46.07466333" lon="17.81503667">
        <ele>166.9</ele>
        <time>2025-07-23T15:41:29Z</time>
      </trkpt>
      <trkpt lat="46.07484" lon="17.81507167">
        <ele>166.9</ele>
        <time>2025-07-23T15:41:30Z</time>
      </trkpt>
      <trkpt lat="46.075025" lon="17.81512167">
        <ele>168.7</ele>
        <time>2025-07-23T15:41:31Z</time>
      </trkpt>
      <trkpt lat="46.07520167" lon="17.81515833">
        <ele>168.3</ele>
        <time>2025-07-23T15:41:32Z</time>
      </trkpt>
      <trkpt lat="46.07538" lon="17.81519">
        <ele>168.4</ele>
        <time>2025-07-23T15:41:33Z</time>
      </trkpt>
      <trkpt lat="46.07556167" lon="17.81523">
        <ele>168.6</ele>
        <time>2025-07-23T15:41:34Z</time>
      </trkpt>
      <trkpt lat="46.07574" lon="17.81527333">
        <ele>169.4</ele>
        <time>2025-07-23T15:41:35Z</time>
      </trkpt>
      <trkpt lat="46.07593167" lon="17.81531167">
        <ele>170</ele>
        <time>2025-07-23T15:41:36Z</time>
      </trkpt>
      <trkpt lat="46.07611" lon="17.815355">
        <ele>170.6</ele>
        <time>2025-07-23T15:41:37Z</time>
      </trkpt>
      <trkpt lat="46.07628667" lon="17.815405">
        <ele>171.3</ele>
        <time>2025-07-23T15:41:38Z</time>
      </trkpt>
      <trkpt lat="46.07647667" lon="17.81543667">
        <ele>171.3</ele>
        <time>2025-07-23T15:41:39Z</time>
      </trkpt>
      <trkpt lat="46.07665833" lon="17.81546833">
        <ele>171.9</ele>
        <time>2025-07-23T15:41:40Z</time>
      </trkpt>
      <trkpt lat="46.076845" lon="17.81551333">
        <ele>172</ele>
        <time>2025-07-23T15:41:41Z</time>
      </trkpt>
      <trkpt lat="46.07702667" lon="17.815555">
        <ele>172</ele>
        <time>2025-07-23T15:41:42Z</time>
      </trkpt>
      <trkpt lat="46.07720833" lon="17.8156">
        <ele>171.8</ele>
        <time>2025-07-23T15:41:43Z</time>
      </trkpt>
      <trkpt lat="46.077395" lon="17.81564167">
        <ele>171.6</ele>
        <time>2025-07-23T15:41:44Z</time>
      </trkpt>
      <trkpt lat="46.07758" lon="17.81568167">
        <ele>171.7</ele>
        <time>2025-07-23T15:41:45Z</time>
      </trkpt>
      <trkpt lat="46.07776667" lon="17.81573167">
        <ele>172</ele>
        <time>2025-07-23T15:41:46Z</time>
      </trkpt>
      <trkpt lat="46.07795167" lon="17.815775">
        <ele>172.3</ele>
        <time>2025-07-23T15:41:47Z</time>
      </trkpt>
      <trkpt lat="46.078135" lon="17.81581333">
        <ele>172.7</ele>
        <time>2025-07-23T15:41:48Z</time>
      </trkpt>
      <trkpt lat="46.07832333" lon="17.81585667">
        <ele>172.9</ele>
        <time>2025-07-23T15:41:49Z</time>
      </trkpt>
      <trkpt lat="46.07851333" lon="17.815905">
        <ele>169.6</ele>
        <time>2025-07-23T15:41:50Z</time>
      </trkpt>
      <trkpt lat="46.07869333" lon="17.81595333">
        <ele>169.3</ele>
        <time>2025-07-23T15:41:51Z</time>
      </trkpt>
      <trkpt lat="46.07887167" lon="17.81599">
        <ele>169.5</ele>
        <time>2025-07-23T15:41:52Z</time>
      </trkpt>
      <trkpt lat="46.07905667" lon="17.816025">
        <ele>169.8</ele>
        <time>2025-07-23T15:41:53Z</time>
      </trkpt>
      <trkpt lat="46.07923167" lon="17.81606667">
        <ele>169.5</ele>
        <time>2025-07-23T15:41:54Z</time>
      </trkpt>
      <trkpt lat="46.07941167" lon="17.81611167">
        <ele>169.2</ele>
        <time>2025-07-23T15:41:55Z</time>
      </trkpt>
      <trkpt lat="46.079595" lon="17.81616">
        <ele>168.9</ele>
        <time>2025-07-23T15:41:56Z</time>
      </trkpt>
      <trkpt lat="46.07978" lon="17.81620167">
        <ele>168.7</ele>
        <time>2025-07-23T15:41:57Z</time>
      </trkpt>
      <trkpt lat="46.07995833" lon="17.81623">
        <ele>172.8</ele>
        <time>2025-07-23T15:41:58Z</time>
      </trkpt>
      <trkpt lat="46.08013167" lon="17.81626833">
        <ele>172.7</ele>
        <time>2025-07-23T15:41:59Z</time>
      </trkpt>
      <trkpt lat="46.08030667" lon="17.81629333">
        <ele>173.4</ele>
        <time>2025-07-23T15:42:00Z</time>
      </trkpt>
      <trkpt lat="46.08048167" lon="17.81633333">
        <ele>174.1</ele>
        <time>2025-07-23T15:42:01Z</time>
      </trkpt>
      <trkpt lat="46.08064833" lon="17.81637333">
        <ele>174.7</ele>
        <time>2025-07-23T15:42:02Z</time>
      </trkpt>
      <trkpt lat="46.08081667" lon="17.81641833">
        <ele>174.8</ele>
        <time>2025-07-23T15:42:03Z</time>
      </trkpt>
      <trkpt lat="46.08098" lon="17.81645667">
        <ele>174.5</ele>
        <time>2025-07-23T15:42:04Z</time>
      </trkpt>
      <trkpt lat="46.08113" lon="17.81647667">
        <ele>174.7</ele>
        <time>2025-07-23T15:42:05Z</time>
      </trkpt>
      <trkpt lat="46.081275" lon="17.81651">
        <ele>174.8</ele>
        <time>2025-07-23T15:42:06Z</time>
      </trkpt>
      <trkpt lat="46.08141167" lon="17.81654167">
        <ele>175.1</ele>
        <time>2025-07-23T15:42:07Z</time>
      </trkpt>
      <trkpt lat="46.08154667" lon="17.81656667">
        <ele>175.4</ele>
        <time>2025-07-23T15:42:08Z</time>
      </trkpt>
      <trkpt lat="46.08167" lon="17.81657667">
        <ele>176</ele>
        <time>2025-07-23T15:42:09Z</time>
      </trkpt>
      <trkpt lat="46.081785" lon="17.81660167">
        <ele>175.6</ele>
        <time>2025-07-23T15:42:10Z</time>
      </trkpt>
      <trkpt lat="46.08188" lon="17.81662167">
        <ele>175.8</ele>
        <time>2025-07-23T15:42:11Z</time>
      </trkpt>
      <trkpt lat="46.08200333" lon="17.816635">
        <ele>177.9</ele>
        <time>2025-07-23T15:42:13Z</time>
      </trkpt>
      <trkpt lat="46.08212167" lon="17.81665667">
        <ele>180.6</ele>
        <time>2025-07-23T15:42:17Z</time>
      </trkpt>
      <trkpt lat="46.08222167" lon="17.81653667">
        <ele>181.2</ele>
        <time>2025-07-23T15:42:20Z</time>
      </trkpt>
      <trkpt lat="46.08225667" lon="17.81635667">
        <ele>180.3</ele>
        <time>2025-07-23T15:42:22Z</time>
      </trkpt>
      <trkpt lat="46.082255" lon="17.81612833">
        <ele>180.2</ele>
        <time>2025-07-23T15:42:24Z</time>
      </trkpt>
      <trkpt lat="46.082245" lon="17.81599333">
        <ele>180</ele>
        <time>2025-07-23T15:42:25Z</time>
      </trkpt>
      <trkpt lat="46.082235" lon="17.81584167">
        <ele>180.3</ele>
        <time>2025-07-23T15:42:26Z</time>
      </trkpt>
      <trkpt lat="46.08223167" lon="17.81569167">
        <ele>180.7</ele>
        <time>2025-07-23T15:42:27Z</time>
      </trkpt>
      <trkpt lat="46.08222667" lon="17.81554667">
        <ele>180.5</ele>
        <time>2025-07-23T15:42:28Z</time>
      </trkpt>
      <trkpt lat="46.08222167" lon="17.81539167">
        <ele>179.6</ele>
        <time>2025-07-23T15:42:29Z</time>
      </trkpt>
      <trkpt lat="46.08222833" lon="17.81522833">
        <ele>178.4</ele>
        <time>2025-07-23T15:42:30Z</time>
      </trkpt>
      <trkpt lat="46.08222667" lon="17.81506">
        <ele>177.5</ele>
        <time>2025-07-23T15:42:31Z</time>
      </trkpt>
      <trkpt lat="46.08223167" lon="17.81486833">
        <ele>176.5</ele>
        <time>2025-07-23T15:42:32Z</time>
      </trkpt>
      <trkpt lat="46.08223667" lon="17.814675">
        <ele>175.2</ele>
        <time>2025-07-23T15:42:33Z</time>
      </trkpt>
      <trkpt lat="46.082245" lon="17.814475">
        <ele>174.2</ele>
        <time>2025-07-23T15:42:34Z</time>
      </trkpt>
      <trkpt lat="46.08224667" lon="17.81427">
        <ele>173.6</ele>
        <time>2025-07-23T15:42:35Z</time>
      </trkpt>
      <trkpt lat="46.08225" lon="17.81407833">
        <ele>173.1</ele>
        <time>2025-07-23T15:42:36Z</time>
      </trkpt>
      <trkpt lat="46.08224667" lon="17.81386833">
        <ele>172.2</ele>
        <time>2025-07-23T15:42:37Z</time>
      </trkpt>
      <trkpt lat="46.08224667" lon="17.81366167">
        <ele>171.5</ele>
        <time>2025-07-23T15:42:38Z</time>
      </trkpt>
      <trkpt lat="46.08225667" lon="17.813455">
        <ele>170.1</ele>
        <time>2025-07-23T15:42:39Z</time>
      </trkpt>
      <trkpt lat="46.082265" lon="17.813265">
        <ele>169.4</ele>
        <time>2025-07-23T15:42:40Z</time>
      </trkpt>
      <trkpt lat="46.08227" lon="17.81306167">
        <ele>169</ele>
        <time>2025-07-23T15:42:41Z</time>
      </trkpt>
      <trkpt lat="46.08226667" lon="17.81287">
        <ele>169</ele>
        <time>2025-07-23T15:42:42Z</time>
      </trkpt>
      <trkpt lat="46.082255" lon="17.81267833">
        <ele>169.2</ele>
        <time>2025-07-23T15:42:43Z</time>
      </trkpt>
      <trkpt lat="46.08225167" lon="17.81248667">
        <ele>168.5</ele>
        <time>2025-07-23T15:42:44Z</time>
      </trkpt>
      <trkpt lat="46.082255" lon="17.81229">
        <ele>167.5</ele>
        <time>2025-07-23T15:42:45Z</time>
      </trkpt>
      <trkpt lat="46.08226167" lon="17.8121">
        <ele>166.6</ele>
        <time>2025-07-23T15:42:46Z</time>
      </trkpt>
      <trkpt lat="46.08226167" lon="17.81189333">
        <ele>166.3</ele>
        <time>2025-07-23T15:42:47Z</time>
      </trkpt>
      <trkpt lat="46.08227" lon="17.81168">
        <ele>165.7</ele>
        <time>2025-07-23T15:42:48Z</time>
      </trkpt>
      <trkpt lat="46.08226833" lon="17.81145333">
        <ele>165.3</ele>
        <time>2025-07-23T15:42:49Z</time>
      </trkpt>
      <trkpt lat="46.08226333" lon="17.81122333">
        <ele>165.1</ele>
        <time>2025-07-23T15:42:50Z</time>
      </trkpt>
      <trkpt lat="46.08227" lon="17.81099667">
        <ele>164.8</ele>
        <time>2025-07-23T15:42:51Z</time>
      </trkpt>
      <trkpt lat="46.08227833" lon="17.81078167">
        <ele>163.8</ele>
        <time>2025-07-23T15:42:52Z</time>
      </trkpt>
      <trkpt lat="46.08227333" lon="17.81054167">
        <ele>163.4</ele>
        <time>2025-07-23T15:42:53Z</time>
      </trkpt>
      <trkpt lat="46.08228" lon="17.81031167">
        <ele>163.1</ele>
        <time>2025-07-23T15:42:54Z</time>
      </trkpt>
      <trkpt lat="46.08227833" lon="17.81008167">
        <ele>163.7</ele>
        <time>2025-07-23T15:42:55Z</time>
      </trkpt>
      <trkpt lat="46.08228" lon="17.80984167">
        <ele>163.5</ele>
        <time>2025-07-23T15:42:56Z</time>
      </trkpt>
      <trkpt lat="46.08228667" lon="17.80961833">
        <ele>163.2</ele>
        <time>2025-07-23T15:42:57Z</time>
      </trkpt>
      <trkpt lat="46.08229167" lon="17.80939667">
        <ele>162.8</ele>
        <time>2025-07-23T15:42:58Z</time>
      </trkpt>
      <trkpt lat="46.08229333" lon="17.80915667">
        <ele>162.7</ele>
        <time>2025-07-23T15:42:59Z</time>
      </trkpt>
      <trkpt lat="46.08229667" lon="17.80892667">
        <ele>162.7</ele>
        <time>2025-07-23T15:43:00Z</time>
      </trkpt>
      <trkpt lat="46.08229333" lon="17.80869833">
        <ele>162.7</ele>
        <time>2025-07-23T15:43:01Z</time>
      </trkpt>
      <trkpt lat="46.082295" lon="17.80847333">
        <ele>162.9</ele>
        <time>2025-07-23T15:43:02Z</time>
      </trkpt>
      <trkpt lat="46.08230167" lon="17.80824833">
        <ele>162.9</ele>
        <time>2025-07-23T15:43:03Z</time>
      </trkpt>
      <trkpt lat="46.08231167" lon="17.80802">
        <ele>162.8</ele>
        <time>2025-07-23T15:43:04Z</time>
      </trkpt>
      <trkpt lat="46.082315" lon="17.80780333">
        <ele>162.7</ele>
        <time>2025-07-23T15:43:05Z</time>
      </trkpt>
      <trkpt lat="46.08232167" lon="17.80759167">
        <ele>163.2</ele>
        <time>2025-07-23T15:43:06Z</time>
      </trkpt>
      <trkpt lat="46.082315" lon="17.807385">
        <ele>163.6</ele>
        <time>2025-07-23T15:43:07Z</time>
      </trkpt>
      <trkpt lat="46.08231" lon="17.80718833">
        <ele>163.2</ele>
        <time>2025-07-23T15:43:08Z</time>
      </trkpt>
      <trkpt lat="46.08230833" lon="17.80700833">
        <ele>162.2</ele>
        <time>2025-07-23T15:43:09Z</time>
      </trkpt>
      <trkpt lat="46.08232" lon="17.80682667">
        <ele>162.2</ele>
        <time>2025-07-23T15:43:10Z</time>
      </trkpt>
      <trkpt lat="46.08233167" lon="17.806645">
        <ele>161.8</ele>
        <time>2025-07-23T15:43:11Z</time>
      </trkpt>
      <trkpt lat="46.08235667" lon="17.806465">
        <ele>161.7</ele>
        <time>2025-07-23T15:43:12Z</time>
      </trkpt>
      <trkpt lat="46.08239" lon="17.806295">
        <ele>161.7</ele>
        <time>2025-07-23T15:43:13Z</time>
      </trkpt>
      <trkpt lat="46.08244667" lon="17.806135">
        <ele>162</ele>
        <time>2025-07-23T15:43:14Z</time>
      </trkpt>
      <trkpt lat="46.08252333" lon="17.80598833">
        <ele>162.7</ele>
        <time>2025-07-23T15:43:15Z</time>
      </trkpt>
      <trkpt lat="46.08260167" lon="17.805835">
        <ele>163.4</ele>
        <time>2025-07-23T15:43:16Z</time>
      </trkpt>
      <trkpt lat="46.082685" lon="17.80568667">
        <ele>163.9</ele>
        <time>2025-07-23T15:43:17Z</time>
      </trkpt>
      <trkpt lat="46.08275833" lon="17.80553">
        <ele>164</ele>
        <time>2025-07-23T15:43:18Z</time>
      </trkpt>
      <trkpt lat="46.08284667" lon="17.80537833">
        <ele>163.9</ele>
        <time>2025-07-23T15:43:19Z</time>
      </trkpt>
      <trkpt lat="46.08292667" lon="17.80521333">
        <ele>163.6</ele>
        <time>2025-07-23T15:43:20Z</time>
      </trkpt>
      <trkpt lat="46.08301" lon="17.80504833">
        <ele>163</ele>
        <time>2025-07-23T15:43:21Z</time>
      </trkpt>
      <trkpt lat="46.08309167" lon="17.80488">
        <ele>162.9</ele>
        <time>2025-07-23T15:43:22Z</time>
      </trkpt>
      <trkpt lat="46.083175" lon="17.80471">
        <ele>162.8</ele>
        <time>2025-07-23T15:43:23Z</time>
      </trkpt>
      <trkpt lat="46.08325667" lon="17.80454833">
        <ele>162.7</ele>
        <time>2025-07-23T15:43:24Z</time>
      </trkpt>
      <trkpt lat="46.08333833" lon="17.80437833">
        <ele>162.7</ele>
        <time>2025-07-23T15:43:25Z</time>
      </trkpt>
      <trkpt lat="46.08341833" lon="17.80421167">
        <ele>162.8</ele>
        <time>2025-07-23T15:43:26Z</time>
      </trkpt>
      <trkpt lat="46.083505" lon="17.80405333">
        <ele>163.1</ele>
        <time>2025-07-23T15:43:27Z</time>
      </trkpt>
      <trkpt lat="46.08358833" lon="17.80388667">
        <ele>163.4</ele>
        <time>2025-07-23T15:43:28Z</time>
      </trkpt>
      <trkpt lat="46.08366667" lon="17.80371667">
        <ele>162.9</ele>
        <time>2025-07-23T15:43:29Z</time>
      </trkpt>
      <trkpt lat="46.08375167" lon="17.80354667">
        <ele>162.4</ele>
        <time>2025-07-23T15:43:30Z</time>
      </trkpt>
      <trkpt lat="46.08383667" lon="17.803385">
        <ele>162</ele>
        <time>2025-07-23T15:43:31Z</time>
      </trkpt>
      <trkpt lat="46.08392" lon="17.80321333">
        <ele>162.1</ele>
        <time>2025-07-23T15:43:32Z</time>
      </trkpt>
      <trkpt lat="46.08399333" lon="17.80304167">
        <ele>162.3</ele>
        <time>2025-07-23T15:43:33Z</time>
      </trkpt>
      <trkpt lat="46.08406" lon="17.80286333">
        <ele>161.1</ele>
        <time>2025-07-23T15:43:34Z</time>
      </trkpt>
      <trkpt lat="46.08413167" lon="17.80268333">
        <ele>160.4</ele>
        <time>2025-07-23T15:43:35Z</time>
      </trkpt>
      <trkpt lat="46.08421333" lon="17.80250833">
        <ele>159.8</ele>
        <time>2025-07-23T15:43:36Z</time>
      </trkpt>
      <trkpt lat="46.08430167" lon="17.80234333">
        <ele>161.4</ele>
        <time>2025-07-23T15:43:37Z</time>
      </trkpt>
      <trkpt lat="46.0844" lon="17.80218167">
        <ele>162.2</ele>
        <time>2025-07-23T15:43:38Z</time>
      </trkpt>
      <trkpt lat="46.08450833" lon="17.802045">
        <ele>162.5</ele>
        <time>2025-07-23T15:43:39Z</time>
      </trkpt>
      <trkpt lat="46.08460833" lon="17.80191667">
        <ele>162.1</ele>
        <time>2025-07-23T15:43:40Z</time>
      </trkpt>
      <trkpt lat="46.084735" lon="17.80181">
        <ele>164.4</ele>
        <time>2025-07-23T15:43:41Z</time>
      </trkpt>
      <trkpt lat="46.08485667" lon="17.801685">
        <ele>163.8</ele>
        <time>2025-07-23T15:43:42Z</time>
      </trkpt>
      <trkpt lat="46.08498333" lon="17.80158333">
        <ele>164.7</ele>
        <time>2025-07-23T15:43:43Z</time>
      </trkpt>
      <trkpt lat="46.08510167" lon="17.80148333">
        <ele>165.4</ele>
        <time>2025-07-23T15:43:44Z</time>
      </trkpt>
      <trkpt lat="46.08521833" lon="17.80138167">
        <ele>166.5</ele>
        <time>2025-07-23T15:43:45Z</time>
      </trkpt>
      <trkpt lat="46.085325" lon="17.801285">
        <ele>167.9</ele>
        <time>2025-07-23T15:43:46Z</time>
      </trkpt>
      <trkpt lat="46.08543167" lon="17.80118167">
        <ele>169.6</ele>
        <time>2025-07-23T15:43:47Z</time>
      </trkpt>
      <trkpt lat="46.08554167" lon="17.80107667">
        <ele>171</ele>
        <time>2025-07-23T15:43:48Z</time>
      </trkpt>
      <trkpt lat="46.085655" lon="17.80097333">
        <ele>172.3</ele>
        <time>2025-07-23T15:43:49Z</time>
      </trkpt>
      <trkpt lat="46.08576333" lon="17.80087167">
        <ele>173.9</ele>
        <time>2025-07-23T15:43:50Z</time>
      </trkpt>
      <trkpt lat="46.08588" lon="17.80076833">
        <ele>175</ele>
        <time>2025-07-23T15:43:51Z</time>
      </trkpt>
      <trkpt lat="46.08598833" lon="17.80066833">
        <ele>176.2</ele>
        <time>2025-07-23T15:43:52Z</time>
      </trkpt>
      <trkpt lat="46.086095" lon="17.80055833">
        <ele>177.2</ele>
        <time>2025-07-23T15:43:53Z</time>
      </trkpt>
      <trkpt lat="46.08620167" lon="17.80046167">
        <ele>178.4</ele>
        <time>2025-07-23T15:43:54Z</time>
      </trkpt>
      <trkpt lat="46.08630667" lon="17.800365">
        <ele>179.5</ele>
        <time>2025-07-23T15:43:55Z</time>
      </trkpt>
      <trkpt lat="46.08641" lon="17.80027667">
        <ele>179.7</ele>
        <time>2025-07-23T15:43:56Z</time>
      </trkpt>
      <trkpt lat="46.086515" lon="17.80017833">
        <ele>180.5</ele>
        <time>2025-07-23T15:43:57Z</time>
      </trkpt>
      <trkpt lat="46.08662167" lon="17.80008167">
        <ele>180.9</ele>
        <time>2025-07-23T15:43:58Z</time>
      </trkpt>
      <trkpt lat="46.08672333" lon="17.79998333">
        <ele>182</ele>
        <time>2025-07-23T15:43:59Z</time>
      </trkpt>
      <trkpt lat="46.086815" lon="17.79989">
        <ele>183.3</ele>
        <time>2025-07-23T15:44:00Z</time>
      </trkpt>
      <trkpt lat="46.08691" lon="17.79977833">
        <ele>184</ele>
        <time>2025-07-23T15:44:01Z</time>
      </trkpt>
      <trkpt lat="46.08698667" lon="17.799655">
        <ele>184.5</ele>
        <time>2025-07-23T15:44:02Z</time>
      </trkpt>
      <trkpt lat="46.08705667" lon="17.79952">
        <ele>184.8</ele>
        <time>2025-07-23T15:44:03Z</time>
      </trkpt>
      <trkpt lat="46.08711" lon="17.799385">
        <ele>184.8</ele>
        <time>2025-07-23T15:44:04Z</time>
      </trkpt>
      <trkpt lat="46.08715" lon="17.79922667">
        <ele>185.4</ele>
        <time>2025-07-23T15:44:05Z</time>
      </trkpt>
      <trkpt lat="46.08718167" lon="17.79906667">
        <ele>185.6</ele>
        <time>2025-07-23T15:44:06Z</time>
      </trkpt>
      <trkpt lat="46.0872" lon="17.79887667">
        <ele>185.3</ele>
        <time>2025-07-23T15:44:07Z</time>
      </trkpt>
      <trkpt lat="46.08719667" lon="17.7987">
        <ele>185.1</ele>
        <time>2025-07-23T15:44:08Z</time>
      </trkpt>
      <trkpt lat="46.08719333" lon="17.79852333">
        <ele>185</ele>
        <time>2025-07-23T15:44:09Z</time>
      </trkpt>
      <trkpt lat="46.087195" lon="17.79835333">
        <ele>185.7</ele>
        <time>2025-07-23T15:44:10Z</time>
      </trkpt>
      <trkpt lat="46.08721" lon="17.79820833">
        <ele>186.1</ele>
        <time>2025-07-23T15:44:11Z</time>
      </trkpt>
      <trkpt lat="46.08724333" lon="17.798075">
        <ele>185.8</ele>
        <time>2025-07-23T15:44:12Z</time>
      </trkpt>
      <trkpt lat="46.087305" lon="17.79796667">
        <ele>184.2</ele>
        <time>2025-07-23T15:44:13Z</time>
      </trkpt>
      <trkpt lat="46.087375" lon="17.79785833">
        <ele>184.2</ele>
        <time>2025-07-23T15:44:14Z</time>
      </trkpt>
      <trkpt lat="46.08748" lon="17.79778333">
        <ele>183.2</ele>
        <time>2025-07-23T15:44:15Z</time>
      </trkpt>
      <trkpt lat="46.08757333" lon="17.797745">
        <ele>182.9</ele>
        <time>2025-07-23T15:44:16Z</time>
      </trkpt>
      <trkpt lat="46.08768333" lon="17.79772333">
        <ele>182.8</ele>
        <time>2025-07-23T15:44:17Z</time>
      </trkpt>
      <trkpt lat="46.08779" lon="17.79773667">
        <ele>182.9</ele>
        <time>2025-07-23T15:44:18Z</time>
      </trkpt>
      <trkpt lat="46.08789833" lon="17.79776">
        <ele>183</ele>
        <time>2025-07-23T15:44:19Z</time>
      </trkpt>
      <trkpt lat="46.088015" lon="17.79779333">
        <ele>183.1</ele>
        <time>2025-07-23T15:44:20Z</time>
      </trkpt>
      <trkpt lat="46.08813667" lon="17.79783">
        <ele>183.9</ele>
        <time>2025-07-23T15:44:21Z</time>
      </trkpt>
      <trkpt lat="46.08826833" lon="17.79786">
        <ele>184.8</ele>
        <time>2025-07-23T15:44:22Z</time>
      </trkpt>
      <trkpt lat="46.08839833" lon="17.79788667">
        <ele>186</ele>
        <time>2025-07-23T15:44:23Z</time>
      </trkpt>
      <trkpt lat="46.08852667" lon="17.797915">
        <ele>187.1</ele>
        <time>2025-07-23T15:44:24Z</time>
      </trkpt>
      <trkpt lat="46.08865667" lon="17.79794667">
        <ele>188.2</ele>
        <time>2025-07-23T15:44:25Z</time>
      </trkpt>
      <trkpt lat="46.08878667" lon="17.797975">
        <ele>188.7</ele>
        <time>2025-07-23T15:44:26Z</time>
      </trkpt>
      <trkpt lat="46.08891667" lon="17.79799667">
        <ele>188.6</ele>
        <time>2025-07-23T15:44:27Z</time>
      </trkpt>
      <trkpt lat="46.08904833" lon="17.79803">
        <ele>189</ele>
        <time>2025-07-23T15:44:28Z</time>
      </trkpt>
      <trkpt lat="46.08918" lon="17.79806">
        <ele>189.4</ele>
        <time>2025-07-23T15:44:29Z</time>
      </trkpt>
      <trkpt lat="46.08931167" lon="17.79808667">
        <ele>190.2</ele>
        <time>2025-07-23T15:44:30Z</time>
      </trkpt>
      <trkpt lat="46.08943667" lon="17.79811">
        <ele>191.1</ele>
        <time>2025-07-23T15:44:31Z</time>
      </trkpt>
      <trkpt lat="46.08956667" lon="17.79812667">
        <ele>192.6</ele>
        <time>2025-07-23T15:44:32Z</time>
      </trkpt>
      <trkpt lat="46.08968833" lon="17.79816">
        <ele>193.5</ele>
        <time>2025-07-23T15:44:33Z</time>
      </trkpt>
      <trkpt lat="46.08981" lon="17.798205">
        <ele>194.3</ele>
        <time>2025-07-23T15:44:34Z</time>
      </trkpt>
      <trkpt lat="46.08991167" lon="17.798265">
        <ele>195</ele>
        <time>2025-07-23T15:44:35Z</time>
      </trkpt>
      <trkpt lat="46.09000333" lon="17.798355">
        <ele>195.6</ele>
        <time>2025-07-23T15:44:36Z</time>
      </trkpt>
      <trkpt lat="46.09007667" lon="17.79847">
        <ele>196.5</ele>
        <time>2025-07-23T15:44:37Z</time>
      </trkpt>
      <trkpt lat="46.09013167" lon="17.79861">
        <ele>196.8</ele>
        <time>2025-07-23T15:44:38Z</time>
      </trkpt>
      <trkpt lat="46.09017167" lon="17.79875333">
        <ele>197.5</ele>
        <time>2025-07-23T15:44:39Z</time>
      </trkpt>
      <trkpt lat="46.09021333" lon="17.79892333">
        <ele>198.4</ele>
        <time>2025-07-23T15:44:40Z</time>
      </trkpt>
      <trkpt lat="46.09024333" lon="17.79907833">
        <ele>198.6</ele>
        <time>2025-07-23T15:44:41Z</time>
      </trkpt>
      <trkpt lat="46.090285" lon="17.799245">
        <ele>199.5</ele>
        <time>2025-07-23T15:44:42Z</time>
      </trkpt>
      <trkpt lat="46.09032" lon="17.799415">
        <ele>199.2</ele>
        <time>2025-07-23T15:44:43Z</time>
      </trkpt>
      <trkpt lat="46.09035333" lon="17.799615">
        <ele>196.6</ele>
        <time>2025-07-23T15:44:44Z</time>
      </trkpt>
      <trkpt lat="46.09036833" lon="17.79976333">
        <ele>196.1</ele>
        <time>2025-07-23T15:44:45Z</time>
      </trkpt>
      <trkpt lat="46.09039833" lon="17.79990667">
        <ele>196.5</ele>
        <time>2025-07-23T15:44:46Z</time>
      </trkpt>
      <trkpt lat="46.09042833" lon="17.80005833">
        <ele>196.3</ele>
        <time>2025-07-23T15:44:47Z</time>
      </trkpt>
      <trkpt lat="46.09045" lon="17.80020667">
        <ele>198.6</ele>
        <time>2025-07-23T15:44:48Z</time>
      </trkpt>
      <trkpt lat="46.09046833" lon="17.80036667">
        <ele>201.2</ele>
        <time>2025-07-23T15:44:49Z</time>
      </trkpt>
      <trkpt lat="46.09047333" lon="17.80052333">
        <ele>204</ele>
        <time>2025-07-23T15:44:50Z</time>
      </trkpt>
      <trkpt lat="46.090465" lon="17.800675">
        <ele>206.9</ele>
        <time>2025-07-23T15:44:51Z</time>
      </trkpt>
      <trkpt lat="46.09042167" lon="17.80083333">
        <ele>206.6</ele>
        <time>2025-07-23T15:44:52Z</time>
      </trkpt>
      <trkpt lat="46.09038167" lon="17.80099333">
        <ele>204.1</ele>
        <time>2025-07-23T15:44:53Z</time>
      </trkpt>
      <trkpt lat="46.09035167" lon="17.801155">
        <ele>200.8</ele>
        <time>2025-07-23T15:44:54Z</time>
      </trkpt>
      <trkpt lat="46.09031833" lon="17.80131167">
        <ele>198.2</ele>
        <time>2025-07-23T15:44:55Z</time>
      </trkpt>
      <trkpt lat="46.09028667" lon="17.80146333">
        <ele>195.8</ele>
        <time>2025-07-23T15:44:56Z</time>
      </trkpt>
      <trkpt lat="46.09023667" lon="17.80162167">
        <ele>193.5</ele>
        <time>2025-07-23T15:44:57Z</time>
      </trkpt>
      <trkpt lat="46.09020667" lon="17.801775">
        <ele>192.2</ele>
        <time>2025-07-23T15:44:58Z</time>
      </trkpt>
      <trkpt lat="46.09016333" lon="17.80191833">
        <ele>190.7</ele>
        <time>2025-07-23T15:44:59Z</time>
      </trkpt>
      <trkpt lat="46.09012667" lon="17.80206333">
        <ele>189.6</ele>
        <time>2025-07-23T15:45:00Z</time>
      </trkpt>
      <trkpt lat="46.090095" lon="17.80218667">
        <ele>188.3</ele>
        <time>2025-07-23T15:45:01Z</time>
      </trkpt>
      <trkpt lat="46.09003667" lon="17.80243333">
        <ele>186.3</ele>
        <time>2025-07-23T15:45:03Z</time>
      </trkpt>
      <trkpt lat="46.08999667" lon="17.80257667">
        <ele>185.8</ele>
        <time>2025-07-23T15:45:04Z</time>
      </trkpt>
      <trkpt lat="46.08996167" lon="17.80272667">
        <ele>186.1</ele>
        <time>2025-07-23T15:45:05Z</time>
      </trkpt>
      <trkpt lat="46.08994" lon="17.80287333">
        <ele>185.8</ele>
        <time>2025-07-23T15:45:06Z</time>
      </trkpt>
      <trkpt lat="46.08992167" lon="17.803025">
        <ele>185.4</ele>
        <time>2025-07-23T15:45:07Z</time>
      </trkpt>
      <trkpt lat="46.08992" lon="17.80317333">
        <ele>184.4</ele>
        <time>2025-07-23T15:45:08Z</time>
      </trkpt>
      <trkpt lat="46.08991833" lon="17.80332833">
        <ele>184.2</ele>
        <time>2025-07-23T15:45:09Z</time>
      </trkpt>
      <trkpt lat="46.08991833" lon="17.80347667">
        <ele>183.7</ele>
        <time>2025-07-23T15:45:10Z</time>
      </trkpt>
      <trkpt lat="46.08993667" lon="17.80360667">
        <ele>183.4</ele>
        <time>2025-07-23T15:45:11Z</time>
      </trkpt>
      <trkpt lat="46.08995333" lon="17.80374167">
        <ele>183.4</ele>
        <time>2025-07-23T15:45:12Z</time>
      </trkpt>
      <trkpt lat="46.09002667" lon="17.80397">
        <ele>182.1</ele>
        <time>2025-07-23T15:45:14Z</time>
      </trkpt>
      <trkpt lat="46.09007667" lon="17.80408833">
        <ele>182.1</ele>
        <time>2025-07-23T15:45:15Z</time>
      </trkpt>
      <trkpt lat="46.09014333" lon="17.804185">
        <ele>181.5</ele>
        <time>2025-07-23T15:45:16Z</time>
      </trkpt>
      <trkpt lat="46.09022333" lon="17.80427833">
        <ele>181</ele>
        <time>2025-07-23T15:45:17Z</time>
      </trkpt>
      <trkpt lat="46.09031667" lon="17.80435167">
        <ele>180.2</ele>
        <time>2025-07-23T15:45:18Z</time>
      </trkpt>
      <trkpt lat="46.09039833" lon="17.804415">
        <ele>179.5</ele>
        <time>2025-07-23T15:45:19Z</time>
      </trkpt>
      <trkpt lat="46.0905" lon="17.80447667">
        <ele>179.2</ele>
        <time>2025-07-23T15:45:20Z</time>
      </trkpt>
      <trkpt lat="46.09061333" lon="17.80453167">
        <ele>178.6</ele>
        <time>2025-07-23T15:45:21Z</time>
      </trkpt>
      <trkpt lat="46.09072833" lon="17.80458">
        <ele>178.6</ele>
        <time>2025-07-23T15:45:22Z</time>
      </trkpt>
      <trkpt lat="46.09086" lon="17.804625">
        <ele>178.8</ele>
        <time>2025-07-23T15:45:23Z</time>
      </trkpt>
      <trkpt lat="46.09098833" lon="17.80467833">
        <ele>178.8</ele>
        <time>2025-07-23T15:45:24Z</time>
      </trkpt>
      <trkpt lat="46.09110833" lon="17.80472167">
        <ele>177.8</ele>
        <time>2025-07-23T15:45:25Z</time>
      </trkpt>
      <trkpt lat="46.09122333" lon="17.80476667">
        <ele>176.6</ele>
        <time>2025-07-23T15:45:26Z</time>
      </trkpt>
      <trkpt lat="46.09135" lon="17.80481833">
        <ele>176</ele>
        <time>2025-07-23T15:45:27Z</time>
      </trkpt>
      <trkpt lat="46.09147333" lon="17.80486">
        <ele>176.2</ele>
        <time>2025-07-23T15:45:28Z</time>
      </trkpt>
      <trkpt lat="46.09159167" lon="17.804905">
        <ele>176.2</ele>
        <time>2025-07-23T15:45:29Z</time>
      </trkpt>
      <trkpt lat="46.09171" lon="17.80495167">
        <ele>175.6</ele>
        <time>2025-07-23T15:45:30Z</time>
      </trkpt>
      <trkpt lat="46.09183167" lon="17.80499833">
        <ele>175.2</ele>
        <time>2025-07-23T15:45:31Z</time>
      </trkpt>
      <trkpt lat="46.09194333" lon="17.80504">
        <ele>175.1</ele>
        <time>2025-07-23T15:45:32Z</time>
      </trkpt>
      <trkpt lat="46.09206333" lon="17.80507833">
        <ele>174.3</ele>
        <time>2025-07-23T15:45:33Z</time>
      </trkpt>
      <trkpt lat="46.09218833" lon="17.805115">
        <ele>173.8</ele>
        <time>2025-07-23T15:45:34Z</time>
      </trkpt>
      <trkpt lat="46.09230833" lon="17.80514333">
        <ele>173.3</ele>
        <time>2025-07-23T15:45:35Z</time>
      </trkpt>
      <trkpt lat="46.092425" lon="17.80517833">
        <ele>172.8</ele>
        <time>2025-07-23T15:45:36Z</time>
      </trkpt>
      <trkpt lat="46.09253833" lon="17.805215">
        <ele>172.6</ele>
        <time>2025-07-23T15:45:37Z</time>
      </trkpt>
      <trkpt lat="46.09263833" lon="17.80525333">
        <ele>173.1</ele>
        <time>2025-07-23T15:45:38Z</time>
      </trkpt>
      <trkpt lat="46.09273" lon="17.805305">
        <ele>173.4</ele>
        <time>2025-07-23T15:45:39Z</time>
      </trkpt>
      <trkpt lat="46.09288" lon="17.805385">
        <ele>174.9</ele>
        <time>2025-07-23T15:45:41Z</time>
      </trkpt>
      <trkpt lat="46.09297667" lon="17.80542833">
        <ele>175.8</ele>
        <time>2025-07-23T15:45:43Z</time>
      </trkpt>
      <trkpt lat="46.093065" lon="17.80546333">
        <ele>175.6</ele>
        <time>2025-07-23T15:46:00Z</time>
      </trkpt>
      <trkpt lat="46.09317333" lon="17.805515">
        <ele>175.4</ele>
        <time>2025-07-23T15:46:02Z</time>
      </trkpt>
      <trkpt lat="46.09332833" lon="17.80557667">
        <ele>176</ele>
        <time>2025-07-23T15:46:04Z</time>
      </trkpt>
      <trkpt lat="46.09349" lon="17.80563833">
        <ele>176</ele>
        <time>2025-07-23T15:46:06Z</time>
      </trkpt>
      <trkpt lat="46.09357667" lon="17.80568">
        <ele>175.8</ele>
        <time>2025-07-23T15:46:07Z</time>
      </trkpt>
      <trkpt lat="46.09366667" lon="17.80571">
        <ele>174.8</ele>
        <time>2025-07-23T15:46:08Z</time>
      </trkpt>
      <trkpt lat="46.09376833" lon="17.805745">
        <ele>174.6</ele>
        <time>2025-07-23T15:46:09Z</time>
      </trkpt>
      <trkpt lat="46.093955" lon="17.80588167">
        <ele>174</ele>
        <time>2025-07-23T15:46:11Z</time>
      </trkpt>
      <trkpt lat="46.09405167" lon="17.80594167">
        <ele>174.4</ele>
        <time>2025-07-23T15:46:12Z</time>
      </trkpt>
      <trkpt lat="46.09414" lon="17.80600667">
        <ele>175.1</ele>
        <time>2025-07-23T15:46:13Z</time>
      </trkpt>
      <trkpt lat="46.09422667" lon="17.80607333">
        <ele>175.8</ele>
        <time>2025-07-23T15:46:14Z</time>
      </trkpt>
      <trkpt lat="46.09431333" lon="17.806135">
        <ele>175.3</ele>
        <time>2025-07-23T15:46:15Z</time>
      </trkpt>
      <trkpt lat="46.09441333" lon="17.80616667">
        <ele>173.7</ele>
        <time>2025-07-23T15:46:16Z</time>
      </trkpt>
      <trkpt lat="46.094505" lon="17.80619">
        <ele>172.7</ele>
        <time>2025-07-23T15:46:17Z</time>
      </trkpt>
      <trkpt lat="46.09460333" lon="17.80620833">
        <ele>172.6</ele>
        <time>2025-07-23T15:46:18Z</time>
      </trkpt>
      <trkpt lat="46.09470333" lon="17.80621667">
        <ele>172.9</ele>
        <time>2025-07-23T15:46:19Z</time>
      </trkpt>
      <trkpt lat="46.09480667" lon="17.80623667">
        <ele>173.2</ele>
        <time>2025-07-23T15:46:20Z</time>
      </trkpt>
      <trkpt lat="46.09491333" lon="17.80624667">
        <ele>173</ele>
        <time>2025-07-23T15:46:21Z</time>
      </trkpt>
      <trkpt lat="46.095005" lon="17.80626">
        <ele>172.6</ele>
        <time>2025-07-23T15:46:22Z</time>
      </trkpt>
      <trkpt lat="46.09510667" lon="17.80626667">
        <ele>171.7</ele>
        <time>2025-07-23T15:46:23Z</time>
      </trkpt>
      <trkpt lat="46.09521333" lon="17.80628">
        <ele>171.3</ele>
        <time>2025-07-23T15:46:24Z</time>
      </trkpt>
      <trkpt lat="46.095335" lon="17.80629167">
        <ele>171.8</ele>
        <time>2025-07-23T15:46:25Z</time>
      </trkpt>
      <trkpt lat="46.09545333" lon="17.8063">
        <ele>172.5</ele>
        <time>2025-07-23T15:46:26Z</time>
      </trkpt>
      <trkpt lat="46.09557167" lon="17.806315">
        <ele>173.4</ele>
        <time>2025-07-23T15:46:27Z</time>
      </trkpt>
      <trkpt lat="46.09568667" lon="17.80633">
        <ele>174.1</ele>
        <time>2025-07-23T15:46:28Z</time>
      </trkpt>
      <trkpt lat="46.0958" lon="17.80634167">
        <ele>174.1</ele>
        <time>2025-07-23T15:46:29Z</time>
      </trkpt>
      <trkpt lat="46.095915" lon="17.80635333">
        <ele>174.5</ele>
        <time>2025-07-23T15:46:30Z</time>
      </trkpt>
      <trkpt lat="46.09603167" lon="17.806375">
        <ele>175.1</ele>
        <time>2025-07-23T15:46:31Z</time>
      </trkpt>
      <trkpt lat="46.09615167" lon="17.80640167">
        <ele>175.6</ele>
        <time>2025-07-23T15:46:32Z</time>
      </trkpt>
      <trkpt lat="46.096265" lon="17.80643833">
        <ele>175.2</ele>
        <time>2025-07-23T15:46:33Z</time>
      </trkpt>
      <trkpt lat="46.09638" lon="17.80647667">
        <ele>175.1</ele>
        <time>2025-07-23T15:46:34Z</time>
      </trkpt>
      <trkpt lat="46.09659833" lon="17.80656667">
        <ele>174.8</ele>
        <time>2025-07-23T15:46:36Z</time>
      </trkpt>
      <trkpt lat="46.09681" lon="17.80665">
        <ele>174.1</ele>
        <time>2025-07-23T15:46:38Z</time>
      </trkpt>
      <trkpt lat="46.09691667" lon="17.80669833">
        <ele>174.4</ele>
        <time>2025-07-23T15:46:39Z</time>
      </trkpt>
      <trkpt lat="46.09710833" lon="17.80678167">
        <ele>175.2</ele>
        <time>2025-07-23T15:46:41Z</time>
      </trkpt>
      <trkpt lat="46.09726167" lon="17.80682">
        <ele>175.2</ele>
        <time>2025-07-23T15:46:43Z</time>
      </trkpt>
      <trkpt lat="46.09749667" lon="17.80676167">
        <ele>176.8</ele>
        <time>2025-07-23T15:46:46Z</time>
      </trkpt>
      <trkpt lat="46.097655" lon="17.80671167">
        <ele>176.3</ele>
        <time>2025-07-23T15:46:48Z</time>
      </trkpt>
      <trkpt lat="46.09785333" lon="17.80674833">
        <ele>176.9</ele>
        <time>2025-07-23T15:46:51Z</time>
      </trkpt>
      <trkpt lat="46.09794667" lon="17.80678333">
        <ele>177.8</ele>
        <time>2025-07-23T15:46:54Z</time>
      </trkpt>
      <trkpt lat="46.09804833" lon="17.806735">
        <ele>181.1</ele>
        <time>2025-07-23T15:47:14Z</time>
      </trkpt>
      <trkpt lat="46.09804" lon="17.8066">
        <ele>180.8</ele>
        <time>2025-07-23T15:47:17Z</time>
      </trkpt>
      <trkpt lat="46.09792" lon="17.80656667">
        <ele>179.6</ele>
        <time>2025-07-23T15:47:20Z</time>
      </trkpt>
      <trkpt lat="46.097795" lon="17.80662167">
        <ele>179.6</ele>
        <time>2025-07-23T15:47:22Z</time>
      </trkpt>
      <trkpt lat="46.09764833" lon="17.80667833">
        <ele>178.3</ele>
        <time>2025-07-23T15:47:24Z</time>
      </trkpt>
      <trkpt lat="46.09748333" lon="17.80671">
        <ele>176.1</ele>
        <time>2025-07-23T15:47:26Z</time>
      </trkpt>
      <trkpt lat="46.09732333" lon="17.80675667">
        <ele>175</ele>
        <time>2025-07-23T15:47:28Z</time>
      </trkpt>
      <trkpt lat="46.09716167" lon="17.80676833">
        <ele>174</ele>
        <time>2025-07-23T15:47:30Z</time>
      </trkpt>
      <trkpt lat="46.09699167" lon="17.806705">
        <ele>174</ele>
        <time>2025-07-23T15:47:32Z</time>
      </trkpt>
      <trkpt lat="46.096905" lon="17.80666167">
        <ele>173.8</ele>
        <time>2025-07-23T15:47:33Z</time>
      </trkpt>
      <trkpt lat="46.09681" lon="17.80663">
        <ele>174</ele>
        <time>2025-07-23T15:47:34Z</time>
      </trkpt>
      <trkpt lat="46.09671667" lon="17.80659667">
        <ele>174.1</ele>
        <time>2025-07-23T15:47:35Z</time>
      </trkpt>
      <trkpt lat="46.09661833" lon="17.80655833">
        <ele>174.8</ele>
        <time>2025-07-23T15:47:36Z</time>
      </trkpt>
      <trkpt lat="46.09651833" lon="17.80652">
        <ele>175.4</ele>
        <time>2025-07-23T15:47:37Z</time>
      </trkpt>
      <trkpt lat="46.09642333" lon="17.806475">
        <ele>174.9</ele>
        <time>2025-07-23T15:47:38Z</time>
      </trkpt>
      <trkpt lat="46.09632" lon="17.80644333">
        <ele>174.2</ele>
        <time>2025-07-23T15:47:39Z</time>
      </trkpt>
      <trkpt lat="46.09621833" lon="17.806405">
        <ele>173.7</ele>
        <time>2025-07-23T15:47:40Z</time>
      </trkpt>
      <trkpt lat="46.09611167" lon="17.80637">
        <ele>173.5</ele>
        <time>2025-07-23T15:47:41Z</time>
      </trkpt>
      <trkpt lat="46.09599333" lon="17.80632833">
        <ele>173.3</ele>
        <time>2025-07-23T15:47:42Z</time>
      </trkpt>
      <trkpt lat="46.09587833" lon="17.80629833">
        <ele>173.1</ele>
        <time>2025-07-23T15:47:43Z</time>
      </trkpt>
      <trkpt lat="46.09576833" lon="17.80627333">
        <ele>173.5</ele>
        <time>2025-07-23T15:47:44Z</time>
      </trkpt>
      <trkpt lat="46.09565667" lon="17.806255">
        <ele>173.5</ele>
        <time>2025-07-23T15:47:45Z</time>
      </trkpt>
      <trkpt lat="46.09554833" lon="17.806235">
        <ele>173.3</ele>
        <time>2025-07-23T15:47:46Z</time>
      </trkpt>
      <trkpt lat="46.09543333" lon="17.80622333">
        <ele>172.4</ele>
        <time>2025-07-23T15:47:47Z</time>
      </trkpt>
      <trkpt lat="46.09532167" lon="17.80621333">
        <ele>172.4</ele>
        <time>2025-07-23T15:47:48Z</time>
      </trkpt>
      <trkpt lat="46.09521" lon="17.80621667">
        <ele>172.4</ele>
        <time>2025-07-23T15:47:49Z</time>
      </trkpt>
      <trkpt lat="46.09511" lon="17.80620167">
        <ele>172.6</ele>
        <time>2025-07-23T15:47:50Z</time>
      </trkpt>
      <trkpt lat="46.09501333" lon="17.80618833">
        <ele>172.9</ele>
        <time>2025-07-23T15:47:51Z</time>
      </trkpt>
      <trkpt lat="46.09491333" lon="17.80617833">
        <ele>173.5</ele>
        <time>2025-07-23T15:47:52Z</time>
      </trkpt>
      <trkpt lat="46.09482" lon="17.80617333">
        <ele>173.5</ele>
        <time>2025-07-23T15:47:53Z</time>
      </trkpt>
      <trkpt lat="46.09464833" lon="17.806165">
        <ele>174.5</ele>
        <time>2025-07-23T15:47:55Z</time>
      </trkpt>
      <trkpt lat="46.09455833" lon="17.80615">
        <ele>174.9</ele>
        <time>2025-07-23T15:47:56Z</time>
      </trkpt>
      <trkpt lat="46.09445" lon="17.80611667">
        <ele>173.2</ele>
        <time>2025-07-23T15:47:57Z</time>
      </trkpt>
      <trkpt lat="46.09436167" lon="17.80608">
        <ele>173.2</ele>
        <time>2025-07-23T15:47:58Z</time>
      </trkpt>
      <trkpt lat="46.09426833" lon="17.806055">
        <ele>172.6</ele>
        <time>2025-07-23T15:47:59Z</time>
      </trkpt>
      <trkpt lat="46.09417333" lon="17.80600167">
        <ele>172.3</ele>
        <time>2025-07-23T15:48:00Z</time>
      </trkpt>
      <trkpt lat="46.09408667" lon="17.80595833">
        <ele>171.6</ele>
        <time>2025-07-23T15:48:01Z</time>
      </trkpt>
      <trkpt lat="46.09399667" lon="17.80591">
        <ele>171.7</ele>
        <time>2025-07-23T15:48:02Z</time>
      </trkpt>
      <trkpt lat="46.09389333" lon="17.80585667">
        <ele>171.1</ele>
        <time>2025-07-23T15:48:03Z</time>
      </trkpt>
      <trkpt lat="46.09379333" lon="17.805795">
        <ele>171.4</ele>
        <time>2025-07-23T15:48:04Z</time>
      </trkpt>
      <trkpt lat="46.09369333" lon="17.805745">
        <ele>170.3</ele>
        <time>2025-07-23T15:48:05Z</time>
      </trkpt>
      <trkpt lat="46.093595" lon="17.80569">
        <ele>169.9</ele>
        <time>2025-07-23T15:48:06Z</time>
      </trkpt>
      <trkpt lat="46.09350333" lon="17.805625">
        <ele>169.7</ele>
        <time>2025-07-23T15:48:07Z</time>
      </trkpt>
      <trkpt lat="46.093405" lon="17.80558">
        <ele>169.7</ele>
        <time>2025-07-23T15:48:08Z</time>
      </trkpt>
      <trkpt lat="46.09330833" lon="17.80553833">
        <ele>170</ele>
        <time>2025-07-23T15:48:09Z</time>
      </trkpt>
      <trkpt lat="46.09321833" lon="17.80549667">
        <ele>170.3</ele>
        <time>2025-07-23T15:48:10Z</time>
      </trkpt>
      <trkpt lat="46.09312833" lon="17.80545833">
        <ele>170.5</ele>
        <time>2025-07-23T15:48:11Z</time>
      </trkpt>
      <trkpt lat="46.09303667" lon="17.805415">
        <ele>169.8</ele>
        <time>2025-07-23T15:48:12Z</time>
      </trkpt>
      <trkpt lat="46.09294167" lon="17.805375">
        <ele>169.9</ele>
        <time>2025-07-23T15:48:13Z</time>
      </trkpt>
      <trkpt lat="46.09284833" lon="17.80534333">
        <ele>169.3</ele>
        <time>2025-07-23T15:48:14Z</time>
      </trkpt>
      <trkpt lat="46.09275333" lon="17.80530833">
        <ele>169.3</ele>
        <time>2025-07-23T15:48:15Z</time>
      </trkpt>
      <trkpt lat="46.09265833" lon="17.80527167">
        <ele>170</ele>
        <time>2025-07-23T15:48:16Z</time>
      </trkpt>
      <trkpt lat="46.09255833" lon="17.80523833">
        <ele>169.6</ele>
        <time>2025-07-23T15:48:17Z</time>
      </trkpt>
      <trkpt lat="46.09245667" lon="17.80520833">
        <ele>169.7</ele>
        <time>2025-07-23T15:48:18Z</time>
      </trkpt>
      <trkpt lat="46.09236833" lon="17.805165">
        <ele>169</ele>
        <time>2025-07-23T15:48:19Z</time>
      </trkpt>
      <trkpt lat="46.092275" lon="17.805125">
        <ele>168.4</ele>
        <time>2025-07-23T15:48:20Z</time>
      </trkpt>
      <trkpt lat="46.09217333" lon="17.80508">
        <ele>168.6</ele>
        <time>2025-07-23T15:48:21Z</time>
      </trkpt>
      <trkpt lat="46.09206667" lon="17.80504">
        <ele>169.1</ele>
        <time>2025-07-23T15:48:22Z</time>
      </trkpt>
      <trkpt lat="46.09195833" lon="17.80499667">
        <ele>169.3</ele>
        <time>2025-07-23T15:48:23Z</time>
      </trkpt>
      <trkpt lat="46.09185" lon="17.804945">
        <ele>169.4</ele>
        <time>2025-07-23T15:48:24Z</time>
      </trkpt>
      <trkpt lat="46.09173833" lon="17.80490167">
        <ele>169.1</ele>
        <time>2025-07-23T15:48:25Z</time>
      </trkpt>
      <trkpt lat="46.09162833" lon="17.80485833">
        <ele>169.3</ele>
        <time>2025-07-23T15:48:26Z</time>
      </trkpt>
      <trkpt lat="46.09151667" lon="17.80481667">
        <ele>169.9</ele>
        <time>2025-07-23T15:48:27Z</time>
      </trkpt>
      <trkpt lat="46.09140333" lon="17.804775">
        <ele>169.3</ele>
        <time>2025-07-23T15:48:28Z</time>
      </trkpt>
      <trkpt lat="46.09128667" lon="17.80472833">
        <ele>170.2</ele>
        <time>2025-07-23T15:48:29Z</time>
      </trkpt>
      <trkpt lat="46.09117667" lon="17.80468667">
        <ele>171.4</ele>
        <time>2025-07-23T15:48:30Z</time>
      </trkpt>
      <trkpt lat="46.09106333" lon="17.80462167">
        <ele>171.4</ele>
        <time>2025-07-23T15:48:31Z</time>
      </trkpt>
      <trkpt lat="46.09096" lon="17.80457833">
        <ele>174.2</ele>
        <time>2025-07-23T15:48:32Z</time>
      </trkpt>
      <trkpt lat="46.09086167" lon="17.80453333">
        <ele>181.3</ele>
        <time>2025-07-23T15:48:33Z</time>
      </trkpt>
      <trkpt lat="46.09075333" lon="17.8045">
        <ele>181.1</ele>
        <time>2025-07-23T15:48:34Z</time>
      </trkpt>
      <trkpt lat="46.09064667" lon="17.80446833">
        <ele>180.9</ele>
        <time>2025-07-23T15:48:35Z</time>
      </trkpt>
      <trkpt lat="46.09053833" lon="17.80443833">
        <ele>181.5</ele>
        <time>2025-07-23T15:48:36Z</time>
      </trkpt>
      <trkpt lat="46.09043167" lon="17.80439">
        <ele>180.4</ele>
        <time>2025-07-23T15:48:37Z</time>
      </trkpt>
      <trkpt lat="46.09031833" lon="17.80430833">
        <ele>177.6</ele>
        <time>2025-07-23T15:48:38Z</time>
      </trkpt>
      <trkpt lat="46.090225" lon="17.80420667">
        <ele>175.3</ele>
        <time>2025-07-23T15:48:39Z</time>
      </trkpt>
      <trkpt lat="46.09014167" lon="17.80409833">
        <ele>175.4</ele>
        <time>2025-07-23T15:48:40Z</time>
      </trkpt>
      <trkpt lat="46.09007167" lon="17.80396667">
        <ele>175.7</ele>
        <time>2025-07-23T15:48:41Z</time>
      </trkpt>
      <trkpt lat="46.090015" lon="17.80383">
        <ele>175.9</ele>
        <time>2025-07-23T15:48:42Z</time>
      </trkpt>
      <trkpt lat="46.08998" lon="17.80368667">
        <ele>176.5</ele>
        <time>2025-07-23T15:48:43Z</time>
      </trkpt>
      <trkpt lat="46.08996167" lon="17.80355">
        <ele>177.3</ele>
        <time>2025-07-23T15:48:44Z</time>
      </trkpt>
      <trkpt lat="46.08995" lon="17.80340333">
        <ele>177.3</ele>
        <time>2025-07-23T15:48:45Z</time>
      </trkpt>
      <trkpt lat="46.08995" lon="17.80325">
        <ele>177.4</ele>
        <time>2025-07-23T15:48:46Z</time>
      </trkpt>
      <trkpt lat="46.08994833" lon="17.803105">
        <ele>178.2</ele>
        <time>2025-07-23T15:48:47Z</time>
      </trkpt>
      <trkpt lat="46.08995" lon="17.80295833">
        <ele>179.1</ele>
        <time>2025-07-23T15:48:48Z</time>
      </trkpt>
      <trkpt lat="46.08996" lon="17.80281333">
        <ele>179.6</ele>
        <time>2025-07-23T15:48:49Z</time>
      </trkpt>
      <trkpt lat="46.08997333" lon="17.80267667">
        <ele>179.9</ele>
        <time>2025-07-23T15:48:50Z</time>
      </trkpt>
      <trkpt lat="46.08999833" lon="17.80253667">
        <ele>180.3</ele>
        <time>2025-07-23T15:48:51Z</time>
      </trkpt>
      <trkpt lat="46.09002833" lon="17.802395">
        <ele>180.2</ele>
        <time>2025-07-23T15:48:52Z</time>
      </trkpt>
      <trkpt lat="46.09005333" lon="17.80224667">
        <ele>179.2</ele>
        <time>2025-07-23T15:48:53Z</time>
      </trkpt>
      <trkpt lat="46.09008667" lon="17.80209833">
        <ele>178.6</ele>
        <time>2025-07-23T15:48:54Z</time>
      </trkpt>
      <trkpt lat="46.090125" lon="17.80192667">
        <ele>177.5</ele>
        <time>2025-07-23T15:48:55Z</time>
      </trkpt>
      <trkpt lat="46.09016333" lon="17.80177">
        <ele>177.3</ele>
        <time>2025-07-23T15:48:56Z</time>
      </trkpt>
      <trkpt lat="46.0902" lon="17.80161333">
        <ele>177.8</ele>
        <time>2025-07-23T15:48:57Z</time>
      </trkpt>
      <trkpt lat="46.090235" lon="17.80147">
        <ele>177.6</ele>
        <time>2025-07-23T15:48:58Z</time>
      </trkpt>
      <trkpt lat="46.09027833" lon="17.80132333">
        <ele>177.5</ele>
        <time>2025-07-23T15:48:59Z</time>
      </trkpt>
      <trkpt lat="46.09032167" lon="17.801175">
        <ele>177.2</ele>
        <time>2025-07-23T15:49:00Z</time>
      </trkpt>
      <trkpt lat="46.09036" lon="17.80103167">
        <ele>177.3</ele>
        <time>2025-07-23T15:49:01Z</time>
      </trkpt>
      <trkpt lat="46.0904" lon="17.80088667">
        <ele>177.3</ele>
        <time>2025-07-23T15:49:02Z</time>
      </trkpt>
      <trkpt lat="46.09042833" lon="17.800745">
        <ele>177.5</ele>
        <time>2025-07-23T15:49:03Z</time>
      </trkpt>
      <trkpt lat="46.09045167" lon="17.80060667">
        <ele>176</ele>
        <time>2025-07-23T15:49:04Z</time>
      </trkpt>
      <trkpt lat="46.09047167" lon="17.80046167">
        <ele>175.5</ele>
        <time>2025-07-23T15:49:05Z</time>
      </trkpt>
      <trkpt lat="46.09048167" lon="17.80031">
        <ele>175.8</ele>
        <time>2025-07-23T15:49:06Z</time>
      </trkpt>
      <trkpt lat="46.090475" lon="17.80015667">
        <ele>176.4</ele>
        <time>2025-07-23T15:49:07Z</time>
      </trkpt>
      <trkpt lat="46.09045667" lon="17.79999667">
        <ele>176.5</ele>
        <time>2025-07-23T15:49:08Z</time>
      </trkpt>
      <trkpt lat="46.09041667" lon="17.79982">
        <ele>176.6</ele>
        <time>2025-07-23T15:49:09Z</time>
      </trkpt>
      <trkpt lat="46.09037667" lon="17.79966">
        <ele>176.8</ele>
        <time>2025-07-23T15:49:10Z</time>
      </trkpt>
      <trkpt lat="46.09033667" lon="17.79950667">
        <ele>176.4</ele>
        <time>2025-07-23T15:49:11Z</time>
      </trkpt>
      <trkpt lat="46.09029333" lon="17.79934333">
        <ele>176.2</ele>
        <time>2025-07-23T15:49:12Z</time>
      </trkpt>
      <trkpt lat="46.09025333" lon="17.79918333">
        <ele>176.3</ele>
        <time>2025-07-23T15:49:13Z</time>
      </trkpt>
      <trkpt lat="46.09021" lon="17.799005">
        <ele>174.5</ele>
        <time>2025-07-23T15:49:14Z</time>
      </trkpt>
      <trkpt lat="46.09017167" lon="17.79884167">
        <ele>174.4</ele>
        <time>2025-07-23T15:49:15Z</time>
      </trkpt>
      <trkpt lat="46.09013167" lon="17.79869">
        <ele>173.3</ele>
        <time>2025-07-23T15:49:16Z</time>
      </trkpt>
      <trkpt lat="46.09008667" lon="17.798535">
        <ele>172.2</ele>
        <time>2025-07-23T15:49:17Z</time>
      </trkpt>
      <trkpt lat="46.09003333" lon="17.79841">
        <ele>171.8</ele>
        <time>2025-07-23T15:49:18Z</time>
      </trkpt>
      <trkpt lat="46.08990333" lon="17.79824">
        <ele>170.8</ele>
        <time>2025-07-23T15:49:20Z</time>
      </trkpt>
      <trkpt lat="46.08973667" lon="17.79812833">
        <ele>170.2</ele>
        <time>2025-07-23T15:49:22Z</time>
      </trkpt>
      <trkpt lat="46.08962167" lon="17.79810833">
        <ele>169.6</ele>
        <time>2025-07-23T15:49:23Z</time>
      </trkpt>
      <trkpt lat="46.089505" lon="17.79810667">
        <ele>169.8</ele>
        <time>2025-07-23T15:49:24Z</time>
      </trkpt>
      <trkpt lat="46.08937667" lon="17.79809">
        <ele>170.3</ele>
        <time>2025-07-23T15:49:25Z</time>
      </trkpt>
      <trkpt lat="46.08924" lon="17.79807167">
        <ele>170.6</ele>
        <time>2025-07-23T15:49:26Z</time>
      </trkpt>
      <trkpt lat="46.08911" lon="17.798045">
        <ele>170.9</ele>
        <time>2025-07-23T15:49:27Z</time>
      </trkpt>
      <trkpt lat="46.08898" lon="17.79802167">
        <ele>171.4</ele>
        <time>2025-07-23T15:49:28Z</time>
      </trkpt>
      <trkpt lat="46.08885167" lon="17.79799333">
        <ele>172</ele>
        <time>2025-07-23T15:49:29Z</time>
      </trkpt>
      <trkpt lat="46.08872" lon="17.797965">
        <ele>172.3</ele>
        <time>2025-07-23T15:49:30Z</time>
      </trkpt>
      <trkpt lat="46.088585" lon="17.79793333">
        <ele>172.6</ele>
        <time>2025-07-23T15:49:31Z</time>
      </trkpt>
      <trkpt lat="46.08845667" lon="17.79790833">
        <ele>172.9</ele>
        <time>2025-07-23T15:49:32Z</time>
      </trkpt>
      <trkpt lat="46.08833167" lon="17.797875">
        <ele>173.1</ele>
        <time>2025-07-23T15:49:33Z</time>
      </trkpt>
      <trkpt lat="46.088215" lon="17.79785333">
        <ele>172.4</ele>
        <time>2025-07-23T15:49:34Z</time>
      </trkpt>
      <trkpt lat="46.08810333" lon="17.79783167">
        <ele>171.6</ele>
        <time>2025-07-23T15:49:35Z</time>
      </trkpt>
      <trkpt lat="46.08799167" lon="17.79781167">
        <ele>171.1</ele>
        <time>2025-07-23T15:49:36Z</time>
      </trkpt>
      <trkpt lat="46.08788333" lon="17.79777667">
        <ele>170.4</ele>
        <time>2025-07-23T15:49:37Z</time>
      </trkpt>
      <trkpt lat="46.08777833" lon="17.797745">
        <ele>170.1</ele>
        <time>2025-07-23T15:49:38Z</time>
      </trkpt>
      <trkpt lat="46.08767667" lon="17.79772667">
        <ele>169.8</ele>
        <time>2025-07-23T15:49:39Z</time>
      </trkpt>
      <trkpt lat="46.08758333" lon="17.797725">
        <ele>169.6</ele>
        <time>2025-07-23T15:49:40Z</time>
      </trkpt>
      <trkpt lat="46.08748833" lon="17.79773833">
        <ele>169.5</ele>
        <time>2025-07-23T15:49:41Z</time>
      </trkpt>
      <trkpt lat="46.08739667" lon="17.79777">
        <ele>168.8</ele>
        <time>2025-07-23T15:49:42Z</time>
      </trkpt>
      <trkpt lat="46.08731167" lon="17.79783">
        <ele>168.2</ele>
        <time>2025-07-23T15:49:43Z</time>
      </trkpt>
      <trkpt lat="46.08724333" lon="17.79791833">
        <ele>167.7</ele>
        <time>2025-07-23T15:49:44Z</time>
      </trkpt>
      <trkpt lat="46.08719" lon="17.79803667">
        <ele>167.3</ele>
        <time>2025-07-23T15:49:45Z</time>
      </trkpt>
      <trkpt lat="46.08716167" lon="17.79818333">
        <ele>166.9</ele>
        <time>2025-07-23T15:49:46Z</time>
      </trkpt>
      <trkpt lat="46.08714" lon="17.79834">
        <ele>166.7</ele>
        <time>2025-07-23T15:49:47Z</time>
      </trkpt>
      <trkpt lat="46.08714" lon="17.79850833">
        <ele>166.5</ele>
        <time>2025-07-23T15:49:48Z</time>
      </trkpt>
      <trkpt lat="46.08714667" lon="17.798685">
        <ele>166.2</ele>
        <time>2025-07-23T15:49:49Z</time>
      </trkpt>
      <trkpt lat="46.08714667" lon="17.79885167">
        <ele>165.8</ele>
        <time>2025-07-23T15:49:50Z</time>
      </trkpt>
      <trkpt lat="46.08714" lon="17.79901833">
        <ele>164.9</ele>
        <time>2025-07-23T15:49:51Z</time>
      </trkpt>
      <trkpt lat="46.08712167" lon="17.79918833">
        <ele>165</ele>
        <time>2025-07-23T15:49:52Z</time>
      </trkpt>
      <trkpt lat="46.08708" lon="17.79933667">
        <ele>165.9</ele>
        <time>2025-07-23T15:49:53Z</time>
      </trkpt>
      <trkpt lat="46.08704333" lon="17.79948167">
        <ele>166.2</ele>
        <time>2025-07-23T15:49:54Z</time>
      </trkpt>
      <trkpt lat="46.08699167" lon="17.79961833">
        <ele>166.7</ele>
        <time>2025-07-23T15:49:55Z</time>
      </trkpt>
      <trkpt lat="46.086925" lon="17.799735">
        <ele>166.3</ele>
        <time>2025-07-23T15:49:56Z</time>
      </trkpt>
      <trkpt lat="46.08685167" lon="17.79985">
        <ele>166.7</ele>
        <time>2025-07-23T15:49:57Z</time>
      </trkpt>
      <trkpt lat="46.08677333" lon="17.79995833">
        <ele>166.8</ele>
        <time>2025-07-23T15:49:58Z</time>
      </trkpt>
      <trkpt lat="46.08667833" lon="17.80005167">
        <ele>167.1</ele>
        <time>2025-07-23T15:49:59Z</time>
      </trkpt>
      <trkpt lat="46.086575" lon="17.80015333">
        <ele>166.6</ele>
        <time>2025-07-23T15:50:00Z</time>
      </trkpt>
      <trkpt lat="46.08646333" lon="17.800255">
        <ele>166.1</ele>
        <time>2025-07-23T15:50:01Z</time>
      </trkpt>
      <trkpt lat="46.08635" lon="17.80036333">
        <ele>165.4</ele>
        <time>2025-07-23T15:50:02Z</time>
      </trkpt>
      <trkpt lat="46.08623" lon="17.80045333">
        <ele>164.7</ele>
        <time>2025-07-23T15:50:03Z</time>
      </trkpt>
      <trkpt lat="46.08611833" lon="17.80054167">
        <ele>164.6</ele>
        <time>2025-07-23T15:50:04Z</time>
      </trkpt>
      <trkpt lat="46.086005" lon="17.800635">
        <ele>164.6</ele>
        <time>2025-07-23T15:50:05Z</time>
      </trkpt>
      <trkpt lat="46.08589333" lon="17.80074167">
        <ele>164.3</ele>
        <time>2025-07-23T15:50:06Z</time>
      </trkpt>
      <trkpt lat="46.08578667" lon="17.80085833">
        <ele>164.1</ele>
        <time>2025-07-23T15:50:07Z</time>
      </trkpt>
      <trkpt lat="46.08567167" lon="17.80096833">
        <ele>163.9</ele>
        <time>2025-07-23T15:50:08Z</time>
      </trkpt>
      <trkpt lat="46.08553667" lon="17.80106">
        <ele>166.4</ele>
        <time>2025-07-23T15:50:09Z</time>
      </trkpt>
      <trkpt lat="46.08542167" lon="17.80115167">
        <ele>165.7</ele>
        <time>2025-07-23T15:50:10Z</time>
      </trkpt>
      <trkpt lat="46.08530667" lon="17.80124167">
        <ele>161.7</ele>
        <time>2025-07-23T15:50:11Z</time>
      </trkpt>
      <trkpt lat="46.08519167" lon="17.80134833">
        <ele>158.6</ele>
        <time>2025-07-23T15:50:12Z</time>
      </trkpt>
      <trkpt lat="46.08507667" lon="17.80145">
        <ele>156.5</ele>
        <time>2025-07-23T15:50:13Z</time>
      </trkpt>
      <trkpt lat="46.08496167" lon="17.80154667">
        <ele>155.9</ele>
        <time>2025-07-23T15:50:14Z</time>
      </trkpt>
      <trkpt lat="46.08484833" lon="17.801645">
        <ele>155.3</ele>
        <time>2025-07-23T15:50:15Z</time>
      </trkpt>
      <trkpt lat="46.08474333" lon="17.80174667">
        <ele>154.7</ele>
        <time>2025-07-23T15:50:16Z</time>
      </trkpt>
      <trkpt lat="46.08464" lon="17.801845">
        <ele>154.5</ele>
        <time>2025-07-23T15:50:17Z</time>
      </trkpt>
      <trkpt lat="46.08453833" lon="17.80195">
        <ele>154.4</ele>
        <time>2025-07-23T15:50:18Z</time>
      </trkpt>
      <trkpt lat="46.08444" lon="17.80206167">
        <ele>154.2</ele>
        <time>2025-07-23T15:50:19Z</time>
      </trkpt>
      <trkpt lat="46.08435667" lon="17.80219333">
        <ele>153.3</ele>
        <time>2025-07-23T15:50:20Z</time>
      </trkpt>
      <trkpt lat="46.08427" lon="17.80234167">
        <ele>153.7</ele>
        <time>2025-07-23T15:50:21Z</time>
      </trkpt>
      <trkpt lat="46.08419333" lon="17.80247">
        <ele>155.2</ele>
        <time>2025-07-23T15:50:22Z</time>
      </trkpt>
      <trkpt lat="46.08411667" lon="17.80262667">
        <ele>154.3</ele>
        <time>2025-07-23T15:50:23Z</time>
      </trkpt>
      <trkpt lat="46.08404333" lon="17.802785">
        <ele>154.2</ele>
        <time>2025-07-23T15:50:24Z</time>
      </trkpt>
      <trkpt lat="46.08397" lon="17.80295167">
        <ele>154.8</ele>
        <time>2025-07-23T15:50:25Z</time>
      </trkpt>
      <trkpt lat="46.08389667" lon="17.80311">
        <ele>156</ele>
        <time>2025-07-23T15:50:26Z</time>
      </trkpt>
      <trkpt lat="46.08381" lon="17.80326167">
        <ele>156.3</ele>
        <time>2025-07-23T15:50:27Z</time>
      </trkpt>
      <trkpt lat="46.08373" lon="17.80340833">
        <ele>156</ele>
        <time>2025-07-23T15:50:28Z</time>
      </trkpt>
      <trkpt lat="46.08365333" lon="17.80356333">
        <ele>155.5</ele>
        <time>2025-07-23T15:50:29Z</time>
      </trkpt>
      <trkpt lat="46.08357167" lon="17.80372833">
        <ele>153.8</ele>
        <time>2025-07-23T15:50:30Z</time>
      </trkpt>
      <trkpt lat="46.08349333" lon="17.80388833">
        <ele>152.5</ele>
        <time>2025-07-23T15:50:31Z</time>
      </trkpt>
      <trkpt lat="46.08342" lon="17.80404333">
        <ele>152</ele>
        <time>2025-07-23T15:50:32Z</time>
      </trkpt>
      <trkpt lat="46.08334167" lon="17.80419167">
        <ele>152.1</ele>
        <time>2025-07-23T15:50:33Z</time>
      </trkpt>
      <trkpt lat="46.08325833" lon="17.80435667">
        <ele>154.4</ele>
        <time>2025-07-23T15:50:34Z</time>
      </trkpt>
      <trkpt lat="46.08318167" lon="17.80450833">
        <ele>155.3</ele>
        <time>2025-07-23T15:50:35Z</time>
      </trkpt>
      <trkpt lat="46.08311" lon="17.80466667">
        <ele>155.4</ele>
        <time>2025-07-23T15:50:36Z</time>
      </trkpt>
      <trkpt lat="46.08303833" lon="17.80482167">
        <ele>155.9</ele>
        <time>2025-07-23T15:50:37Z</time>
      </trkpt>
      <trkpt lat="46.08298167" lon="17.80498">
        <ele>158.7</ele>
        <time>2025-07-23T15:50:38Z</time>
      </trkpt>
      <trkpt lat="46.08291333" lon="17.805135">
        <ele>160</ele>
        <time>2025-07-23T15:50:39Z</time>
      </trkpt>
      <trkpt lat="46.08283" lon="17.805285">
        <ele>160</ele>
        <time>2025-07-23T15:50:40Z</time>
      </trkpt>
      <trkpt lat="46.08275167" lon="17.80544">
        <ele>159.7</ele>
        <time>2025-07-23T15:50:41Z</time>
      </trkpt>
      <trkpt lat="46.082685" lon="17.805595">
        <ele>160.4</ele>
        <time>2025-07-23T15:50:42Z</time>
      </trkpt>
      <trkpt lat="46.082615" lon="17.80573833">
        <ele>160.8</ele>
        <time>2025-07-23T15:50:43Z</time>
      </trkpt>
      <trkpt lat="46.082545" lon="17.80587667">
        <ele>160.7</ele>
        <time>2025-07-23T15:50:44Z</time>
      </trkpt>
      <trkpt lat="46.082475" lon="17.806015">
        <ele>161</ele>
        <time>2025-07-23T15:50:45Z</time>
      </trkpt>
      <trkpt lat="46.08241333" lon="17.80615333">
        <ele>161</ele>
        <time>2025-07-23T15:50:46Z</time>
      </trkpt>
      <trkpt lat="46.08236833" lon="17.80629667">
        <ele>160.9</ele>
        <time>2025-07-23T15:50:47Z</time>
      </trkpt>
      <trkpt lat="46.08232833" lon="17.80645833">
        <ele>159.9</ele>
        <time>2025-07-23T15:50:48Z</time>
      </trkpt>
      <trkpt lat="46.0823" lon="17.80663">
        <ele>159.7</ele>
        <time>2025-07-23T15:50:49Z</time>
      </trkpt>
      <trkpt lat="46.08227833" lon="17.80680333">
        <ele>159.3</ele>
        <time>2025-07-23T15:50:50Z</time>
      </trkpt>
      <trkpt lat="46.08226833" lon="17.80699333">
        <ele>158.7</ele>
        <time>2025-07-23T15:50:51Z</time>
      </trkpt>
      <trkpt lat="46.08227833" lon="17.80718167">
        <ele>158.7</ele>
        <time>2025-07-23T15:50:52Z</time>
      </trkpt>
      <trkpt lat="46.08230333" lon="17.80737167">
        <ele>160.4</ele>
        <time>2025-07-23T15:50:53Z</time>
      </trkpt>
      <trkpt lat="46.08232167" lon="17.80754333">
        <ele>162.3</ele>
        <time>2025-07-23T15:50:54Z</time>
      </trkpt>
      <trkpt lat="46.08232333" lon="17.80773833">
        <ele>162.4</ele>
        <time>2025-07-23T15:50:55Z</time>
      </trkpt>
      <trkpt lat="46.08233" lon="17.807945">
        <ele>163.1</ele>
        <time>2025-07-23T15:50:56Z</time>
      </trkpt>
      <trkpt lat="46.08233333" lon="17.80814833">
        <ele>163.1</ele>
        <time>2025-07-23T15:50:57Z</time>
      </trkpt>
      <trkpt lat="46.082335" lon="17.80835333">
        <ele>163.2</ele>
        <time>2025-07-23T15:50:58Z</time>
      </trkpt>
      <trkpt lat="46.08233167" lon="17.80855833">
        <ele>163.5</ele>
        <time>2025-07-23T15:50:59Z</time>
      </trkpt>
      <trkpt lat="46.08232167" lon="17.80876167">
        <ele>163.7</ele>
        <time>2025-07-23T15:51:00Z</time>
      </trkpt>
      <trkpt lat="46.08231667" lon="17.80898">
        <ele>163.9</ele>
        <time>2025-07-23T15:51:01Z</time>
      </trkpt>
      <trkpt lat="46.08231667" lon="17.809195">
        <ele>164.3</ele>
        <time>2025-07-23T15:51:02Z</time>
      </trkpt>
      <trkpt lat="46.08231667" lon="17.80941333">
        <ele>164.8</ele>
        <time>2025-07-23T15:51:03Z</time>
      </trkpt>
      <trkpt lat="46.082315" lon="17.80963833">
        <ele>164.7</ele>
        <time>2025-07-23T15:51:04Z</time>
      </trkpt>
      <trkpt lat="46.08231667" lon="17.80985667">
        <ele>165</ele>
        <time>2025-07-23T15:51:05Z</time>
      </trkpt>
      <trkpt lat="46.08231833" lon="17.81008">
        <ele>164.6</ele>
        <time>2025-07-23T15:51:06Z</time>
      </trkpt>
      <trkpt lat="46.08231167" lon="17.81030833">
        <ele>164.4</ele>
        <time>2025-07-23T15:51:07Z</time>
      </trkpt>
      <trkpt lat="46.082295" lon="17.81053">
        <ele>164</ele>
        <time>2025-07-23T15:51:08Z</time>
      </trkpt>
      <trkpt lat="46.08228667" lon="17.81073833">
        <ele>163.2</ele>
        <time>2025-07-23T15:51:09Z</time>
      </trkpt>
      <trkpt lat="46.08227" lon="17.81094333">
        <ele>162.4</ele>
        <time>2025-07-23T15:51:10Z</time>
      </trkpt>
      <trkpt lat="46.082265" lon="17.81114">
        <ele>161.8</ele>
        <time>2025-07-23T15:51:11Z</time>
      </trkpt>
      <trkpt lat="46.08226667" lon="17.81136">
        <ele>163.9</ele>
        <time>2025-07-23T15:51:12Z</time>
      </trkpt>
      <trkpt lat="46.08227333" lon="17.811565">
        <ele>164.5</ele>
        <time>2025-07-23T15:51:13Z</time>
      </trkpt>
      <trkpt lat="46.08226167" lon="17.811765">
        <ele>166.4</ele>
        <time>2025-07-23T15:51:14Z</time>
      </trkpt>
      <trkpt lat="46.08226" lon="17.81196667">
        <ele>166.5</ele>
        <time>2025-07-23T15:51:15Z</time>
      </trkpt>
      <trkpt lat="46.08225667" lon="17.81216667">
        <ele>166.8</ele>
        <time>2025-07-23T15:51:16Z</time>
      </trkpt>
      <trkpt lat="46.08226167" lon="17.81236667">
        <ele>167</ele>
        <time>2025-07-23T15:51:17Z</time>
      </trkpt>
      <trkpt lat="46.08225833" lon="17.81256833">
        <ele>167.2</ele>
        <time>2025-07-23T15:51:18Z</time>
      </trkpt>
      <trkpt lat="46.08225167" lon="17.81276833">
        <ele>168.2</ele>
        <time>2025-07-23T15:51:19Z</time>
      </trkpt>
      <trkpt lat="46.08225167" lon="17.812975">
        <ele>169.4</ele>
        <time>2025-07-23T15:51:20Z</time>
      </trkpt>
      <trkpt lat="46.082255" lon="17.81317833">
        <ele>169.3</ele>
        <time>2025-07-23T15:51:21Z</time>
      </trkpt>
      <trkpt lat="46.08226" lon="17.81338">
        <ele>170.3</ele>
        <time>2025-07-23T15:51:22Z</time>
      </trkpt>
      <trkpt lat="46.08226667" lon="17.81358333">
        <ele>170.8</ele>
        <time>2025-07-23T15:51:23Z</time>
      </trkpt>
      <trkpt lat="46.08227" lon="17.81379167">
        <ele>170.8</ele>
        <time>2025-07-23T15:51:24Z</time>
      </trkpt>
      <trkpt lat="46.08227" lon="17.81399667">
        <ele>171.1</ele>
        <time>2025-07-23T15:51:25Z</time>
      </trkpt>
      <trkpt lat="46.08225667" lon="17.81420833">
        <ele>173</ele>
        <time>2025-07-23T15:51:26Z</time>
      </trkpt>
      <trkpt lat="46.08225833" lon="17.81442">
        <ele>173.2</ele>
        <time>2025-07-23T15:51:27Z</time>
      </trkpt>
      <trkpt lat="46.08225667" lon="17.81462167">
        <ele>173.4</ele>
        <time>2025-07-23T15:51:28Z</time>
      </trkpt>
      <trkpt lat="46.08225167" lon="17.81482667">
        <ele>173.6</ele>
        <time>2025-07-23T15:51:29Z</time>
      </trkpt>
      <trkpt lat="46.08224333" lon="17.81504">
        <ele>173.1</ele>
        <time>2025-07-23T15:51:30Z</time>
      </trkpt>
      <trkpt lat="46.08223833" lon="17.815255">
        <ele>172.2</ele>
        <time>2025-07-23T15:51:31Z</time>
      </trkpt>
      <trkpt lat="46.08223333" lon="17.81545">
        <ele>172.2</ele>
        <time>2025-07-23T15:51:32Z</time>
      </trkpt>
      <trkpt lat="46.08222833" lon="17.81563">
        <ele>172.1</ele>
        <time>2025-07-23T15:51:33Z</time>
      </trkpt>
      <trkpt lat="46.08223" lon="17.815795">
        <ele>172.1</ele>
        <time>2025-07-23T15:51:34Z</time>
      </trkpt>
      <trkpt lat="46.08224" lon="17.81594667">
        <ele>174.8</ele>
        <time>2025-07-23T15:51:35Z</time>
      </trkpt>
      <trkpt lat="46.082235" lon="17.81609">
        <ele>175.7</ele>
        <time>2025-07-23T15:51:36Z</time>
      </trkpt>
      <trkpt lat="46.08222833" lon="17.81623167">
        <ele>176.1</ele>
        <time>2025-07-23T15:51:37Z</time>
      </trkpt>
      <trkpt lat="46.08220167" lon="17.816445">
        <ele>177.1</ele>
        <time>2025-07-23T15:51:39Z</time>
      </trkpt>
      <trkpt lat="46.08217667" lon="17.81660333">
        <ele>177.5</ele>
        <time>2025-07-23T15:51:41Z</time>
      </trkpt>
      <trkpt lat="46.08223" lon="17.81674167">
        <ele>180.3</ele>
        <time>2025-07-23T15:52:11Z</time>
      </trkpt>
      <trkpt lat="46.082355" lon="17.81684">
        <ele>179.5</ele>
        <time>2025-07-23T15:52:14Z</time>
      </trkpt>
      <trkpt lat="46.08250833" lon="17.81688">
        <ele>179.3</ele>
        <time>2025-07-23T15:52:16Z</time>
      </trkpt>
      <trkpt lat="46.08260167" lon="17.81688667">
        <ele>179.3</ele>
        <time>2025-07-23T15:52:17Z</time>
      </trkpt>
      <trkpt lat="46.08269167" lon="17.81690833">
        <ele>179.8</ele>
        <time>2025-07-23T15:52:18Z</time>
      </trkpt>
      <trkpt lat="46.08279167" lon="17.81692167">
        <ele>180.8</ele>
        <time>2025-07-23T15:52:19Z</time>
      </trkpt>
      <trkpt lat="46.08290167" lon="17.81693833">
        <ele>180.9</ele>
        <time>2025-07-23T15:52:20Z</time>
      </trkpt>
      <trkpt lat="46.083015" lon="17.81697333">
        <ele>180.8</ele>
        <time>2025-07-23T15:52:21Z</time>
      </trkpt>
      <trkpt lat="46.08313167" lon="17.81701">
        <ele>180.4</ele>
        <time>2025-07-23T15:52:22Z</time>
      </trkpt>
      <trkpt lat="46.08324833" lon="17.81706">
        <ele>179.7</ele>
        <time>2025-07-23T15:52:23Z</time>
      </trkpt>
      <trkpt lat="46.08336667" lon="17.817105">
        <ele>179.7</ele>
        <time>2025-07-23T15:52:24Z</time>
      </trkpt>
      <trkpt lat="46.08348" lon="17.817145">
        <ele>179.6</ele>
        <time>2025-07-23T15:52:25Z</time>
      </trkpt>
      <trkpt lat="46.0836" lon="17.81718833">
        <ele>179.3</ele>
        <time>2025-07-23T15:52:26Z</time>
      </trkpt>
      <trkpt lat="46.08372" lon="17.81723333">
        <ele>179</ele>
        <time>2025-07-23T15:52:27Z</time>
      </trkpt>
      <trkpt lat="46.08384833" lon="17.81728167">
        <ele>178.7</ele>
        <time>2025-07-23T15:52:28Z</time>
      </trkpt>
      <trkpt lat="46.08397167" lon="17.81732333">
        <ele>178.3</ele>
        <time>2025-07-23T15:52:29Z</time>
      </trkpt>
      <trkpt lat="46.08409833" lon="17.81736833">
        <ele>177.7</ele>
        <time>2025-07-23T15:52:30Z</time>
      </trkpt>
      <trkpt lat="46.084225" lon="17.81740667">
        <ele>177.5</ele>
        <time>2025-07-23T15:52:31Z</time>
      </trkpt>
      <trkpt lat="46.084345" lon="17.81745167">
        <ele>177.3</ele>
        <time>2025-07-23T15:52:32Z</time>
      </trkpt>
      <trkpt lat="46.08447667" lon="17.81749333">
        <ele>177.2</ele>
        <time>2025-07-23T15:52:33Z</time>
      </trkpt>
      <trkpt lat="46.08461333" lon="17.81754">
        <ele>176.5</ele>
        <time>2025-07-23T15:52:34Z</time>
      </trkpt>
      <trkpt lat="46.08475167" lon="17.81758667">
        <ele>176</ele>
        <time>2025-07-23T15:52:35Z</time>
      </trkpt>
      <trkpt lat="46.08489" lon="17.81763667">
        <ele>175.2</ele>
        <time>2025-07-23T15:52:36Z</time>
      </trkpt>
      <trkpt lat="46.08502667" lon="17.81768167">
        <ele>175.5</ele>
        <time>2025-07-23T15:52:37Z</time>
      </trkpt>
      <trkpt lat="46.08516" lon="17.81772833">
        <ele>175.3</ele>
        <time>2025-07-23T15:52:38Z</time>
      </trkpt>
      <trkpt lat="46.08530667" lon="17.81778">
        <ele>175.3</ele>
        <time>2025-07-23T15:52:39Z</time>
      </trkpt>
      <trkpt lat="46.085445" lon="17.81782667">
        <ele>174.6</ele>
        <time>2025-07-23T15:52:40Z</time>
      </trkpt>
      <trkpt lat="46.08559" lon="17.817885">
        <ele>175.2</ele>
        <time>2025-07-23T15:52:41Z</time>
      </trkpt>
      <trkpt lat="46.08573333" lon="17.81794">
        <ele>175</ele>
        <time>2025-07-23T15:52:42Z</time>
      </trkpt>
      <trkpt lat="46.085875" lon="17.81798833">
        <ele>175.4</ele>
        <time>2025-07-23T15:52:43Z</time>
      </trkpt>
      <trkpt lat="46.08601833" lon="17.81803167">
        <ele>175.5</ele>
        <time>2025-07-23T15:52:44Z</time>
      </trkpt>
      <trkpt lat="46.08616333" lon="17.81808333">
        <ele>175.3</ele>
        <time>2025-07-23T15:52:45Z</time>
      </trkpt>
      <trkpt lat="46.086305" lon="17.81814">
        <ele>175.5</ele>
        <time>2025-07-23T15:52:46Z</time>
      </trkpt>
      <trkpt lat="46.08645" lon="17.818185">
        <ele>175.8</ele>
        <time>2025-07-23T15:52:47Z</time>
      </trkpt>
      <trkpt lat="46.08660167" lon="17.81824">
        <ele>176</ele>
        <time>2025-07-23T15:52:48Z</time>
      </trkpt>
      <trkpt lat="46.08674833" lon="17.818295">
        <ele>175.8</ele>
        <time>2025-07-23T15:52:49Z</time>
      </trkpt>
      <trkpt lat="46.08689667" lon="17.818345">
        <ele>175.5</ele>
        <time>2025-07-23T15:52:50Z</time>
      </trkpt>
      <trkpt lat="46.087045" lon="17.81840167">
        <ele>175.3</ele>
        <time>2025-07-23T15:52:51Z</time>
      </trkpt>
      <trkpt lat="46.08719833" lon="17.81845333">
        <ele>175.3</ele>
        <time>2025-07-23T15:52:52Z</time>
      </trkpt>
      <trkpt lat="46.08735833" lon="17.8185">
        <ele>175.2</ele>
        <time>2025-07-23T15:52:53Z</time>
      </trkpt>
      <trkpt lat="46.08752167" lon="17.818555">
        <ele>176.1</ele>
        <time>2025-07-23T15:52:54Z</time>
      </trkpt>
      <trkpt lat="46.08768" lon="17.81860667">
        <ele>175.9</ele>
        <time>2025-07-23T15:52:55Z</time>
      </trkpt>
      <trkpt lat="46.08783333" lon="17.81867167">
        <ele>175.5</ele>
        <time>2025-07-23T15:52:56Z</time>
      </trkpt>
      <trkpt lat="46.088" lon="17.81872833">
        <ele>175.4</ele>
        <time>2025-07-23T15:52:57Z</time>
      </trkpt>
      <trkpt lat="46.088165" lon="17.818785">
        <ele>175.5</ele>
        <time>2025-07-23T15:52:58Z</time>
      </trkpt>
      <trkpt lat="46.088335" lon="17.818845">
        <ele>175.6</ele>
        <time>2025-07-23T15:52:59Z</time>
      </trkpt>
      <trkpt lat="46.08850167" lon="17.81890833">
        <ele>176.2</ele>
        <time>2025-07-23T15:53:00Z</time>
      </trkpt>
      <trkpt lat="46.08867" lon="17.81896833">
        <ele>175.9</ele>
        <time>2025-07-23T15:53:01Z</time>
      </trkpt>
      <trkpt lat="46.08883833" lon="17.81902833">
        <ele>175.9</ele>
        <time>2025-07-23T15:53:02Z</time>
      </trkpt>
      <trkpt lat="46.089005" lon="17.81908833">
        <ele>175.6</ele>
        <time>2025-07-23T15:53:03Z</time>
      </trkpt>
      <trkpt lat="46.089175" lon="17.81914333">
        <ele>175.1</ele>
        <time>2025-07-23T15:53:04Z</time>
      </trkpt>
      <trkpt lat="46.089345" lon="17.81921">
        <ele>174.6</ele>
        <time>2025-07-23T15:53:05Z</time>
      </trkpt>
      <trkpt lat="46.08951667" lon="17.81926667">
        <ele>174.6</ele>
        <time>2025-07-23T15:53:06Z</time>
      </trkpt>
      <trkpt lat="46.08969167" lon="17.819325">
        <ele>174.5</ele>
        <time>2025-07-23T15:53:07Z</time>
      </trkpt>
      <trkpt lat="46.08986" lon="17.81938667">
        <ele>174.8</ele>
        <time>2025-07-23T15:53:08Z</time>
      </trkpt>
      <trkpt lat="46.09003167" lon="17.819455">
        <ele>174</ele>
        <time>2025-07-23T15:53:09Z</time>
      </trkpt>
      <trkpt lat="46.090205" lon="17.81951">
        <ele>174.7</ele>
        <time>2025-07-23T15:53:10Z</time>
      </trkpt>
      <trkpt lat="46.09038167" lon="17.81957167">
        <ele>175.3</ele>
        <time>2025-07-23T15:53:11Z</time>
      </trkpt>
      <trkpt lat="46.09055833" lon="17.81963333">
        <ele>175.1</ele>
        <time>2025-07-23T15:53:12Z</time>
      </trkpt>
      <trkpt lat="46.09073667" lon="17.81970333">
        <ele>175</ele>
        <time>2025-07-23T15:53:13Z</time>
      </trkpt>
      <trkpt lat="46.09091167" lon="17.81976667">
        <ele>174.8</ele>
        <time>2025-07-23T15:53:14Z</time>
      </trkpt>
      <trkpt lat="46.09109833" lon="17.819825">
        <ele>174.2</ele>
        <time>2025-07-23T15:53:15Z</time>
      </trkpt>
      <trkpt lat="46.09127833" lon="17.819885">
        <ele>174.1</ele>
        <time>2025-07-23T15:53:16Z</time>
      </trkpt>
      <trkpt lat="46.09146167" lon="17.81995167">
        <ele>174.3</ele>
        <time>2025-07-23T15:53:17Z</time>
      </trkpt>
      <trkpt lat="46.09164333" lon="17.82001333">
        <ele>174.5</ele>
        <time>2025-07-23T15:53:18Z</time>
      </trkpt>
      <trkpt lat="46.09182667" lon="17.82008">
        <ele>174</ele>
        <time>2025-07-23T15:53:19Z</time>
      </trkpt>
      <trkpt lat="46.09201" lon="17.82015167">
        <ele>173.9</ele>
        <time>2025-07-23T15:53:20Z</time>
      </trkpt>
      <trkpt lat="46.09218667" lon="17.82021167">
        <ele>173.5</ele>
        <time>2025-07-23T15:53:21Z</time>
      </trkpt>
      <trkpt lat="46.09237" lon="17.82028333">
        <ele>172.9</ele>
        <time>2025-07-23T15:53:22Z</time>
      </trkpt>
      <trkpt lat="46.09254667" lon="17.82033833">
        <ele>172.4</ele>
        <time>2025-07-23T15:53:23Z</time>
      </trkpt>
      <trkpt lat="46.09272333" lon="17.82040167">
        <ele>172.7</ele>
        <time>2025-07-23T15:53:24Z</time>
      </trkpt>
      <trkpt lat="46.092915" lon="17.82046">
        <ele>172.4</ele>
        <time>2025-07-23T15:53:25Z</time>
      </trkpt>
      <trkpt lat="46.0931" lon="17.820525">
        <ele>172.5</ele>
        <time>2025-07-23T15:53:26Z</time>
      </trkpt>
      <trkpt lat="46.09327833" lon="17.82059">
        <ele>171.7</ele>
        <time>2025-07-23T15:53:27Z</time>
      </trkpt>
      <trkpt lat="46.09345667" lon="17.820655">
        <ele>171.1</ele>
        <time>2025-07-23T15:53:28Z</time>
      </trkpt>
      <trkpt lat="46.093645" lon="17.820715">
        <ele>171.4</ele>
        <time>2025-07-23T15:53:29Z</time>
      </trkpt>
      <trkpt lat="46.093825" lon="17.82077833">
        <ele>170.4</ele>
        <time>2025-07-23T15:53:30Z</time>
      </trkpt>
      <trkpt lat="46.09400167" lon="17.82084">
        <ele>169.3</ele>
        <time>2025-07-23T15:53:31Z</time>
      </trkpt>
      <trkpt lat="46.094175" lon="17.82089833">
        <ele>169</ele>
        <time>2025-07-23T15:53:32Z</time>
      </trkpt>
      <trkpt lat="46.09434667" lon="17.82096">
        <ele>168.6</ele>
        <time>2025-07-23T15:53:33Z</time>
      </trkpt>
      <trkpt lat="46.09452333" lon="17.82102">
        <ele>168.5</ele>
        <time>2025-07-23T15:53:34Z</time>
      </trkpt>
      <trkpt lat="46.09469" lon="17.82109">
        <ele>169.3</ele>
        <time>2025-07-23T15:53:35Z</time>
      </trkpt>
      <trkpt lat="46.09486167" lon="17.82117167">
        <ele>169.4</ele>
        <time>2025-07-23T15:53:36Z</time>
      </trkpt>
      <trkpt lat="46.095035" lon="17.82127833">
        <ele>169.8</ele>
        <time>2025-07-23T15:53:37Z</time>
      </trkpt>
      <trkpt lat="46.09520167" lon="17.821395">
        <ele>170.4</ele>
        <time>2025-07-23T15:53:38Z</time>
      </trkpt>
      <trkpt lat="46.095365" lon="17.82152167">
        <ele>170</ele>
        <time>2025-07-23T15:53:39Z</time>
      </trkpt>
      <trkpt lat="46.09552667" lon="17.821645">
        <ele>169.5</ele>
        <time>2025-07-23T15:53:40Z</time>
      </trkpt>
      <trkpt lat="46.09568833" lon="17.821765">
        <ele>168.4</ele>
        <time>2025-07-23T15:53:41Z</time>
      </trkpt>
      <trkpt lat="46.095845" lon="17.821885">
        <ele>168.5</ele>
        <time>2025-07-23T15:53:42Z</time>
      </trkpt>
      <trkpt lat="46.09600667" lon="17.822">
        <ele>168.5</ele>
        <time>2025-07-23T15:53:43Z</time>
      </trkpt>
      <trkpt lat="46.09616833" lon="17.82211833">
        <ele>168.2</ele>
        <time>2025-07-23T15:53:44Z</time>
      </trkpt>
      <trkpt lat="46.09633" lon="17.82224">
        <ele>166.9</ele>
        <time>2025-07-23T15:53:45Z</time>
      </trkpt>
      <trkpt lat="46.09649833" lon="17.82236833">
        <ele>166.1</ele>
        <time>2025-07-23T15:53:46Z</time>
      </trkpt>
      <trkpt lat="46.09667" lon="17.822495">
        <ele>165.4</ele>
        <time>2025-07-23T15:53:47Z</time>
      </trkpt>
      <trkpt lat="46.09684" lon="17.82262333">
        <ele>165.7</ele>
        <time>2025-07-23T15:53:48Z</time>
      </trkpt>
      <trkpt lat="46.09700833" lon="17.82274">
        <ele>166.5</ele>
        <time>2025-07-23T15:53:49Z</time>
      </trkpt>
      <trkpt lat="46.09717333" lon="17.82286167">
        <ele>166.9</ele>
        <time>2025-07-23T15:53:50Z</time>
      </trkpt>
      <trkpt lat="46.09734833" lon="17.822995">
        <ele>166.9</ele>
        <time>2025-07-23T15:53:51Z</time>
      </trkpt>
      <trkpt lat="46.09752167" lon="17.82312167">
        <ele>166.9</ele>
        <time>2025-07-23T15:53:52Z</time>
      </trkpt>
      <trkpt lat="46.097695" lon="17.82324333">
        <ele>166.3</ele>
        <time>2025-07-23T15:53:53Z</time>
      </trkpt>
      <trkpt lat="46.09787167" lon="17.823375">
        <ele>165.7</ele>
        <time>2025-07-23T15:53:54Z</time>
      </trkpt>
      <trkpt lat="46.09803333" lon="17.8235">
        <ele>165.7</ele>
        <time>2025-07-23T15:53:55Z</time>
      </trkpt>
      <trkpt lat="46.09819667" lon="17.82362333">
        <ele>165.8</ele>
        <time>2025-07-23T15:53:56Z</time>
      </trkpt>
      <trkpt lat="46.09837" lon="17.82374167">
        <ele>167</ele>
        <time>2025-07-23T15:53:57Z</time>
      </trkpt>
      <trkpt lat="46.09854333" lon="17.82386667">
        <ele>166.8</ele>
        <time>2025-07-23T15:53:58Z</time>
      </trkpt>
      <trkpt lat="46.09870833" lon="17.82399333">
        <ele>167.1</ele>
        <time>2025-07-23T15:53:59Z</time>
      </trkpt>
      <trkpt lat="46.09888" lon="17.82412333">
        <ele>167.8</ele>
        <time>2025-07-23T15:54:00Z</time>
      </trkpt>
      <trkpt lat="46.09905167" lon="17.82424667">
        <ele>168.1</ele>
        <time>2025-07-23T15:54:01Z</time>
      </trkpt>
      <trkpt lat="46.09922667" lon="17.82436833">
        <ele>168.4</ele>
        <time>2025-07-23T15:54:02Z</time>
      </trkpt>
      <trkpt lat="46.0994" lon="17.82449">
        <ele>170.1</ele>
        <time>2025-07-23T15:54:03Z</time>
      </trkpt>
      <trkpt lat="46.09956333" lon="17.82461">
        <ele>170.9</ele>
        <time>2025-07-23T15:54:04Z</time>
      </trkpt>
      <trkpt lat="46.09973167" lon="17.82473">
        <ele>170.8</ele>
        <time>2025-07-23T15:54:05Z</time>
      </trkpt>
      <trkpt lat="46.09989833" lon="17.82485167">
        <ele>171.4</ele>
        <time>2025-07-23T15:54:06Z</time>
      </trkpt>
      <trkpt lat="46.10007" lon="17.82497333">
        <ele>171.5</ele>
        <time>2025-07-23T15:54:07Z</time>
      </trkpt>
      <trkpt lat="46.10023" lon="17.82509333">
        <ele>171.8</ele>
        <time>2025-07-23T15:54:08Z</time>
      </trkpt>
      <trkpt lat="46.10038833" lon="17.82522">
        <ele>171.9</ele>
        <time>2025-07-23T15:54:09Z</time>
      </trkpt>
      <trkpt lat="46.100555" lon="17.82534333">
        <ele>172.6</ele>
        <time>2025-07-23T15:54:10Z</time>
      </trkpt>
      <trkpt lat="46.10072333" lon="17.82546833">
        <ele>173.4</ele>
        <time>2025-07-23T15:54:11Z</time>
      </trkpt>
      <trkpt lat="46.10089333" lon="17.82559">
        <ele>173.7</ele>
        <time>2025-07-23T15:54:12Z</time>
      </trkpt>
      <trkpt lat="46.10105333" lon="17.825705">
        <ele>173.9</ele>
        <time>2025-07-23T15:54:13Z</time>
      </trkpt>
      <trkpt lat="46.10121667" lon="17.82581333">
        <ele>174.7</ele>
        <time>2025-07-23T15:54:14Z</time>
      </trkpt>
      <trkpt lat="46.10137833" lon="17.82592333">
        <ele>175.3</ele>
        <time>2025-07-23T15:54:15Z</time>
      </trkpt>
      <trkpt lat="46.10153833" lon="17.82602833">
        <ele>175.3</ele>
        <time>2025-07-23T15:54:16Z</time>
      </trkpt>
      <trkpt lat="46.101695" lon="17.82611167">
        <ele>174.4</ele>
        <time>2025-07-23T15:54:17Z</time>
      </trkpt>
      <trkpt lat="46.101865" lon="17.82618833">
        <ele>173.9</ele>
        <time>2025-07-23T15:54:18Z</time>
      </trkpt>
      <trkpt lat="46.102035" lon="17.82624">
        <ele>174</ele>
        <time>2025-07-23T15:54:19Z</time>
      </trkpt>
      <trkpt lat="46.10221167" lon="17.82627">
        <ele>175.2</ele>
        <time>2025-07-23T15:54:20Z</time>
      </trkpt>
      <trkpt lat="46.10239333" lon="17.826275">
        <ele>175.7</ele>
        <time>2025-07-23T15:54:21Z</time>
      </trkpt>
      <trkpt lat="46.10256667" lon="17.826265">
        <ele>175.1</ele>
        <time>2025-07-23T15:54:22Z</time>
      </trkpt>
      <trkpt lat="46.10273333" lon="17.82624667">
        <ele>174.1</ele>
        <time>2025-07-23T15:54:23Z</time>
      </trkpt>
      <trkpt lat="46.10290833" lon="17.826225">
        <ele>173.3</ele>
        <time>2025-07-23T15:54:24Z</time>
      </trkpt>
      <trkpt lat="46.10307667" lon="17.82620333">
        <ele>172.7</ele>
        <time>2025-07-23T15:54:25Z</time>
      </trkpt>
      <trkpt lat="46.10324667" lon="17.82618">
        <ele>172.7</ele>
        <time>2025-07-23T15:54:26Z</time>
      </trkpt>
      <trkpt lat="46.10341833" lon="17.82617167">
        <ele>172.2</ele>
        <time>2025-07-23T15:54:27Z</time>
      </trkpt>
      <trkpt lat="46.10357833" lon="17.826165">
        <ele>171.8</ele>
        <time>2025-07-23T15:54:28Z</time>
      </trkpt>
      <trkpt lat="46.10374" lon="17.82618167">
        <ele>171.1</ele>
        <time>2025-07-23T15:54:29Z</time>
      </trkpt>
      <trkpt lat="46.10390833" lon="17.82620833">
        <ele>170.3</ele>
        <time>2025-07-23T15:54:30Z</time>
      </trkpt>
      <trkpt lat="46.10407833" lon="17.826255">
        <ele>169.1</ele>
        <time>2025-07-23T15:54:31Z</time>
      </trkpt>
      <trkpt lat="46.104245" lon="17.82631333">
        <ele>168.5</ele>
        <time>2025-07-23T15:54:32Z</time>
      </trkpt>
      <trkpt lat="46.104405" lon="17.82638667">
        <ele>167.7</ele>
        <time>2025-07-23T15:54:33Z</time>
      </trkpt>
      <trkpt lat="46.10456833" lon="17.82647333">
        <ele>166.9</ele>
        <time>2025-07-23T15:54:34Z</time>
      </trkpt>
      <trkpt lat="46.10472167" lon="17.82656333">
        <ele>167.1</ele>
        <time>2025-07-23T15:54:35Z</time>
      </trkpt>
      <trkpt lat="46.104875" lon="17.82666667">
        <ele>167.2</ele>
        <time>2025-07-23T15:54:36Z</time>
      </trkpt>
      <trkpt lat="46.10502167" lon="17.82677">
        <ele>167.6</ele>
        <time>2025-07-23T15:54:37Z</time>
      </trkpt>
      <trkpt lat="46.10517833" lon="17.826875">
        <ele>167.5</ele>
        <time>2025-07-23T15:54:38Z</time>
      </trkpt>
      <trkpt lat="46.10532667" lon="17.82699667">
        <ele>166.6</ele>
        <time>2025-07-23T15:54:39Z</time>
      </trkpt>
      <trkpt lat="46.105475" lon="17.82712167">
        <ele>166.4</ele>
        <time>2025-07-23T15:54:40Z</time>
      </trkpt>
      <trkpt lat="46.105625" lon="17.82722667">
        <ele>166</ele>
        <time>2025-07-23T15:54:41Z</time>
      </trkpt>
      <trkpt lat="46.10577167" lon="17.82732833">
        <ele>165.5</ele>
        <time>2025-07-23T15:54:42Z</time>
      </trkpt>
      <trkpt lat="46.10592" lon="17.82742333">
        <ele>165.2</ele>
        <time>2025-07-23T15:54:43Z</time>
      </trkpt>
      <trkpt lat="46.10607167" lon="17.827525">
        <ele>163.5</ele>
        <time>2025-07-23T15:54:44Z</time>
      </trkpt>
      <trkpt lat="46.10622333" lon="17.82763667">
        <ele>162.7</ele>
        <time>2025-07-23T15:54:45Z</time>
      </trkpt>
      <trkpt lat="46.10638333" lon="17.82775667">
        <ele>164.6</ele>
        <time>2025-07-23T15:54:46Z</time>
      </trkpt>
      <trkpt lat="46.10655333" lon="17.82786833">
        <ele>164.5</ele>
        <time>2025-07-23T15:54:47Z</time>
      </trkpt>
      <trkpt lat="46.10671" lon="17.82796833">
        <ele>163.4</ele>
        <time>2025-07-23T15:54:48Z</time>
      </trkpt>
      <trkpt lat="46.10686667" lon="17.82808167">
        <ele>163.1</ele>
        <time>2025-07-23T15:54:49Z</time>
      </trkpt>
      <trkpt lat="46.10702333" lon="17.82817">
        <ele>162</ele>
        <time>2025-07-23T15:54:50Z</time>
      </trkpt>
      <trkpt lat="46.1072" lon="17.82826833">
        <ele>161.7</ele>
        <time>2025-07-23T15:54:51Z</time>
      </trkpt>
      <trkpt lat="46.107365" lon="17.82833833">
        <ele>161</ele>
        <time>2025-07-23T15:54:52Z</time>
      </trkpt>
      <trkpt lat="46.10752" lon="17.82840333">
        <ele>160.5</ele>
        <time>2025-07-23T15:54:53Z</time>
      </trkpt>
      <trkpt lat="46.10767833" lon="17.82845333">
        <ele>160.6</ele>
        <time>2025-07-23T15:54:54Z</time>
      </trkpt>
      <trkpt lat="46.10784167" lon="17.82851">
        <ele>160.3</ele>
        <time>2025-07-23T15:54:55Z</time>
      </trkpt>
      <trkpt lat="46.10800833" lon="17.82854667">
        <ele>160.1</ele>
        <time>2025-07-23T15:54:56Z</time>
      </trkpt>
      <trkpt lat="46.10816833" lon="17.82859833">
        <ele>160.5</ele>
        <time>2025-07-23T15:54:57Z</time>
      </trkpt>
      <trkpt lat="46.10835" lon="17.82863167">
        <ele>161.5</ele>
        <time>2025-07-23T15:54:58Z</time>
      </trkpt>
      <trkpt lat="46.108535" lon="17.82864167">
        <ele>162.2</ele>
        <time>2025-07-23T15:54:59Z</time>
      </trkpt>
      <trkpt lat="46.108705" lon="17.82866333">
        <ele>163.4</ele>
        <time>2025-07-23T15:55:00Z</time>
      </trkpt>
      <trkpt lat="46.10887667" lon="17.82866333">
        <ele>165.1</ele>
        <time>2025-07-23T15:55:01Z</time>
      </trkpt>
      <trkpt lat="46.10904" lon="17.82865833">
        <ele>165.4</ele>
        <time>2025-07-23T15:55:02Z</time>
      </trkpt>
      <trkpt lat="46.10921167" lon="17.82865">
        <ele>165.9</ele>
        <time>2025-07-23T15:55:03Z</time>
      </trkpt>
      <trkpt lat="46.1094" lon="17.82862667">
        <ele>168.3</ele>
        <time>2025-07-23T15:55:04Z</time>
      </trkpt>
      <trkpt lat="46.10957667" lon="17.82859833">
        <ele>167.5</ele>
        <time>2025-07-23T15:55:05Z</time>
      </trkpt>
      <trkpt lat="46.10974833" lon="17.82856333">
        <ele>166.5</ele>
        <time>2025-07-23T15:55:06Z</time>
      </trkpt>
      <trkpt lat="46.10991167" lon="17.82852667">
        <ele>165.8</ele>
        <time>2025-07-23T15:55:07Z</time>
      </trkpt>
      <trkpt lat="46.11007" lon="17.82848833">
        <ele>165.3</ele>
        <time>2025-07-23T15:55:08Z</time>
      </trkpt>
      <trkpt lat="46.11024167" lon="17.82844667">
        <ele>164.5</ele>
        <time>2025-07-23T15:55:09Z</time>
      </trkpt>
      <trkpt lat="46.11041167" lon="17.82840833">
        <ele>163.8</ele>
        <time>2025-07-23T15:55:10Z</time>
      </trkpt>
      <trkpt lat="46.11057333" lon="17.82834667">
        <ele>163.5</ele>
        <time>2025-07-23T15:55:11Z</time>
      </trkpt>
      <trkpt lat="46.110735" lon="17.82829">
        <ele>164.5</ele>
        <time>2025-07-23T15:55:12Z</time>
      </trkpt>
      <trkpt lat="46.110905" lon="17.82824">
        <ele>165.2</ele>
        <time>2025-07-23T15:55:13Z</time>
      </trkpt>
      <trkpt lat="46.11107167" lon="17.8282">
        <ele>165.7</ele>
        <time>2025-07-23T15:55:14Z</time>
      </trkpt>
      <trkpt lat="46.11125167" lon="17.82814">
        <ele>167.1</ele>
        <time>2025-07-23T15:55:15Z</time>
      </trkpt>
      <trkpt lat="46.11142333" lon="17.82808667">
        <ele>167.5</ele>
        <time>2025-07-23T15:55:16Z</time>
      </trkpt>
      <trkpt lat="46.11159167" lon="17.82804333">
        <ele>167.3</ele>
        <time>2025-07-23T15:55:17Z</time>
      </trkpt>
      <trkpt lat="46.11176167" lon="17.82799167">
        <ele>168.3</ele>
        <time>2025-07-23T15:55:18Z</time>
      </trkpt>
      <trkpt lat="46.11192667" lon="17.82794333">
        <ele>169</ele>
        <time>2025-07-23T15:55:19Z</time>
      </trkpt>
      <trkpt lat="46.11210167" lon="17.82788667">
        <ele>168.4</ele>
        <time>2025-07-23T15:55:20Z</time>
      </trkpt>
      <trkpt lat="46.11228" lon="17.82783">
        <ele>169</ele>
        <time>2025-07-23T15:55:21Z</time>
      </trkpt>
      <trkpt lat="46.112445" lon="17.82775833">
        <ele>167.9</ele>
        <time>2025-07-23T15:55:22Z</time>
      </trkpt>
      <trkpt lat="46.11262333" lon="17.827715">
        <ele>167.2</ele>
        <time>2025-07-23T15:55:23Z</time>
      </trkpt>
      <trkpt lat="46.112785" lon="17.827665">
        <ele>168.1</ele>
        <time>2025-07-23T15:55:24Z</time>
      </trkpt>
      <trkpt lat="46.11296" lon="17.82762167">
        <ele>168.3</ele>
        <time>2025-07-23T15:55:25Z</time>
      </trkpt>
      <trkpt lat="46.11313167" lon="17.82757167">
        <ele>168.3</ele>
        <time>2025-07-23T15:55:26Z</time>
      </trkpt>
      <trkpt lat="46.11331833" lon="17.82751667">
        <ele>168.3</ele>
        <time>2025-07-23T15:55:27Z</time>
      </trkpt>
      <trkpt lat="46.11349667" lon="17.82745667">
        <ele>167.3</ele>
        <time>2025-07-23T15:55:28Z</time>
      </trkpt>
      <trkpt lat="46.11366" lon="17.82742">
        <ele>166.9</ele>
        <time>2025-07-23T15:55:29Z</time>
      </trkpt>
      <trkpt lat="46.11381167" lon="17.82736167">
        <ele>166.9</ele>
        <time>2025-07-23T15:55:30Z</time>
      </trkpt>
      <trkpt lat="46.11397833" lon="17.82730167">
        <ele>166.8</ele>
        <time>2025-07-23T15:55:31Z</time>
      </trkpt>
      <trkpt lat="46.11414333" lon="17.82725">
        <ele>167.4</ele>
        <time>2025-07-23T15:55:32Z</time>
      </trkpt>
      <trkpt lat="46.11431333" lon="17.8272">
        <ele>168.9</ele>
        <time>2025-07-23T15:55:33Z</time>
      </trkpt>
      <trkpt lat="46.11448333" lon="17.82714">
        <ele>169.9</ele>
        <time>2025-07-23T15:55:34Z</time>
      </trkpt>
      <trkpt lat="46.11464833" lon="17.827085">
        <ele>169.5</ele>
        <time>2025-07-23T15:55:35Z</time>
      </trkpt>
      <trkpt lat="46.11481167" lon="17.82703333">
        <ele>169.7</ele>
        <time>2025-07-23T15:55:36Z</time>
      </trkpt>
      <trkpt lat="46.11497667" lon="17.82697667">
        <ele>169.6</ele>
        <time>2025-07-23T15:55:37Z</time>
      </trkpt>
      <trkpt lat="46.11513833" lon="17.82691333">
        <ele>169.3</ele>
        <time>2025-07-23T15:55:38Z</time>
      </trkpt>
      <trkpt lat="46.11529167" lon="17.82685167">
        <ele>168.8</ele>
        <time>2025-07-23T15:55:39Z</time>
      </trkpt>
      <trkpt lat="46.11545833" lon="17.82679167">
        <ele>168.9</ele>
        <time>2025-07-23T15:55:40Z</time>
      </trkpt>
      <trkpt lat="46.115615" lon="17.82672667">
        <ele>168.7</ele>
        <time>2025-07-23T15:55:41Z</time>
      </trkpt>
      <trkpt lat="46.11578333" lon="17.82666167">
        <ele>169.4</ele>
        <time>2025-07-23T15:55:42Z</time>
      </trkpt>
      <trkpt lat="46.11594667" lon="17.8266">
        <ele>169.5</ele>
        <time>2025-07-23T15:55:43Z</time>
      </trkpt>
      <trkpt lat="46.11611167" lon="17.826545">
        <ele>169</ele>
        <time>2025-07-23T15:55:44Z</time>
      </trkpt>
      <trkpt lat="46.11628" lon="17.826475">
        <ele>169.7</ele>
        <time>2025-07-23T15:55:45Z</time>
      </trkpt>
      <trkpt lat="46.116445" lon="17.826405">
        <ele>170.2</ele>
        <time>2025-07-23T15:55:46Z</time>
      </trkpt>
      <trkpt lat="46.11660167" lon="17.82632833">
        <ele>170.8</ele>
        <time>2025-07-23T15:55:47Z</time>
      </trkpt>
      <trkpt lat="46.11677333" lon="17.82625333">
        <ele>170.6</ele>
        <time>2025-07-23T15:55:48Z</time>
      </trkpt>
      <trkpt lat="46.11694" lon="17.82619">
        <ele>171.2</ele>
        <time>2025-07-23T15:55:49Z</time>
      </trkpt>
      <trkpt lat="46.117095" lon="17.82611333">
        <ele>171</ele>
        <time>2025-07-23T15:55:50Z</time>
      </trkpt>
      <trkpt lat="46.11724833" lon="17.82605167">
        <ele>171</ele>
        <time>2025-07-23T15:55:51Z</time>
      </trkpt>
      <trkpt lat="46.11739333" lon="17.825995">
        <ele>170.3</ele>
        <time>2025-07-23T15:55:52Z</time>
      </trkpt>
      <trkpt lat="46.117535" lon="17.825945">
        <ele>170.4</ele>
        <time>2025-07-23T15:55:53Z</time>
      </trkpt>
      <trkpt lat="46.11767167" lon="17.82589">
        <ele>170.7</ele>
        <time>2025-07-23T15:55:54Z</time>
      </trkpt>
      <trkpt lat="46.11780333" lon="17.82585333">
        <ele>172.1</ele>
        <time>2025-07-23T15:55:55Z</time>
      </trkpt>
      <trkpt lat="46.11792167" lon="17.8258">
        <ele>172.6</ele>
        <time>2025-07-23T15:55:56Z</time>
      </trkpt>
      <trkpt lat="46.11802333" lon="17.82571833">
        <ele>171.7</ele>
        <time>2025-07-23T15:55:57Z</time>
      </trkpt>
      <trkpt lat="46.11813" lon="17.825625">
        <ele>171.1</ele>
        <time>2025-07-23T15:55:58Z</time>
      </trkpt>
      <trkpt lat="46.11822" lon="17.8255">
        <ele>170.6</ele>
        <time>2025-07-23T15:55:59Z</time>
      </trkpt>
      <trkpt lat="46.11829" lon="17.82535667">
        <ele>170.7</ele>
        <time>2025-07-23T15:56:00Z</time>
      </trkpt>
      <trkpt lat="46.11835333" lon="17.82519167">
        <ele>169.5</ele>
        <time>2025-07-23T15:56:01Z</time>
      </trkpt>
      <trkpt lat="46.11838333" lon="17.82501833">
        <ele>169.2</ele>
        <time>2025-07-23T15:56:02Z</time>
      </trkpt>
      <trkpt lat="46.11841667" lon="17.82482167">
        <ele>170.9</ele>
        <time>2025-07-23T15:56:03Z</time>
      </trkpt>
      <trkpt lat="46.11842833" lon="17.824635">
        <ele>171.1</ele>
        <time>2025-07-23T15:56:04Z</time>
      </trkpt>
      <trkpt lat="46.11845167" lon="17.82444167">
        <ele>170.8</ele>
        <time>2025-07-23T15:56:05Z</time>
      </trkpt>
      <trkpt lat="46.11847333" lon="17.824245">
        <ele>171.3</ele>
        <time>2025-07-23T15:56:06Z</time>
      </trkpt>
      <trkpt lat="46.118505" lon="17.82406">
        <ele>171.5</ele>
        <time>2025-07-23T15:56:07Z</time>
      </trkpt>
      <trkpt lat="46.11853167" lon="17.82386167">
        <ele>171.9</ele>
        <time>2025-07-23T15:56:08Z</time>
      </trkpt>
      <trkpt lat="46.11856167" lon="17.823665">
        <ele>172</ele>
        <time>2025-07-23T15:56:09Z</time>
      </trkpt>
      <trkpt lat="46.11859667" lon="17.82346167">
        <ele>172.8</ele>
        <time>2025-07-23T15:56:10Z</time>
      </trkpt>
      <trkpt lat="46.11862667" lon="17.82328333">
        <ele>173.3</ele>
        <time>2025-07-23T15:56:11Z</time>
      </trkpt>
      <trkpt lat="46.11865333" lon="17.82309833">
        <ele>173.6</ele>
        <time>2025-07-23T15:56:12Z</time>
      </trkpt>
      <trkpt lat="46.11868" lon="17.82291833">
        <ele>173.5</ele>
        <time>2025-07-23T15:56:13Z</time>
      </trkpt>
      <trkpt lat="46.118715" lon="17.82273333">
        <ele>172.8</ele>
        <time>2025-07-23T15:56:14Z</time>
      </trkpt>
      <trkpt lat="46.11873167" lon="17.82255">
        <ele>172.1</ele>
        <time>2025-07-23T15:56:15Z</time>
      </trkpt>
      <trkpt lat="46.11875833" lon="17.82235667">
        <ele>171.5</ele>
        <time>2025-07-23T15:56:16Z</time>
      </trkpt>
      <trkpt lat="46.1188" lon="17.82217167">
        <ele>170.5</ele>
        <time>2025-07-23T15:56:17Z</time>
      </trkpt>
      <trkpt lat="46.11884" lon="17.82198">
        <ele>169.5</ele>
        <time>2025-07-23T15:56:18Z</time>
      </trkpt>
      <trkpt lat="46.1189" lon="17.82179833">
        <ele>169.3</ele>
        <time>2025-07-23T15:56:19Z</time>
      </trkpt>
      <trkpt lat="46.11896833" lon="17.82162833">
        <ele>168.7</ele>
        <time>2025-07-23T15:56:20Z</time>
      </trkpt>
      <trkpt lat="46.11906" lon="17.82147">
        <ele>167.7</ele>
        <time>2025-07-23T15:56:21Z</time>
      </trkpt>
      <trkpt lat="46.11916667" lon="17.82132167">
        <ele>168.1</ele>
        <time>2025-07-23T15:56:22Z</time>
      </trkpt>
      <trkpt lat="46.11927333" lon="17.82118833">
        <ele>168.1</ele>
        <time>2025-07-23T15:56:23Z</time>
      </trkpt>
      <trkpt lat="46.1194" lon="17.82107">
        <ele>168.6</ele>
        <time>2025-07-23T15:56:24Z</time>
      </trkpt>
      <trkpt lat="46.11953" lon="17.82097333">
        <ele>168.1</ele>
        <time>2025-07-23T15:56:25Z</time>
      </trkpt>
      <trkpt lat="46.11967833" lon="17.82090167">
        <ele>168.1</ele>
        <time>2025-07-23T15:56:26Z</time>
      </trkpt>
      <trkpt lat="46.11982667" lon="17.82084167">
        <ele>167.2</ele>
        <time>2025-07-23T15:56:27Z</time>
      </trkpt>
      <trkpt lat="46.11997167" lon="17.82078833">
        <ele>166.3</ele>
        <time>2025-07-23T15:56:28Z</time>
      </trkpt>
      <trkpt lat="46.12011" lon="17.82073833">
        <ele>166.1</ele>
        <time>2025-07-23T15:56:29Z</time>
      </trkpt>
      <trkpt lat="46.12024167" lon="17.82068167">
        <ele>165.8</ele>
        <time>2025-07-23T15:56:30Z</time>
      </trkpt>
      <trkpt lat="46.12037667" lon="17.82063333">
        <ele>165.8</ele>
        <time>2025-07-23T15:56:31Z</time>
      </trkpt>
      <trkpt lat="46.12051667" lon="17.82058167">
        <ele>166.5</ele>
        <time>2025-07-23T15:56:32Z</time>
      </trkpt>
      <trkpt lat="46.12065833" lon="17.82053">
        <ele>166.7</ele>
        <time>2025-07-23T15:56:33Z</time>
      </trkpt>
      <trkpt lat="46.12079833" lon="17.82047667">
        <ele>167.4</ele>
        <time>2025-07-23T15:56:34Z</time>
      </trkpt>
      <trkpt lat="46.12095333" lon="17.82042667">
        <ele>167</ele>
        <time>2025-07-23T15:56:35Z</time>
      </trkpt>
      <trkpt lat="46.121095" lon="17.82036667">
        <ele>167.1</ele>
        <time>2025-07-23T15:56:36Z</time>
      </trkpt>
      <trkpt lat="46.12123333" lon="17.82031167">
        <ele>167.2</ele>
        <time>2025-07-23T15:56:37Z</time>
      </trkpt>
      <trkpt lat="46.12137333" lon="17.820245">
        <ele>167.1</ele>
        <time>2025-07-23T15:56:38Z</time>
      </trkpt>
      <trkpt lat="46.12152333" lon="17.82018833">
        <ele>166.6</ele>
        <time>2025-07-23T15:56:39Z</time>
      </trkpt>
      <trkpt lat="46.12167" lon="17.82013333">
        <ele>166.7</ele>
        <time>2025-07-23T15:56:40Z</time>
      </trkpt>
      <trkpt lat="46.12182333" lon="17.82007833">
        <ele>166.6</ele>
        <time>2025-07-23T15:56:41Z</time>
      </trkpt>
      <trkpt lat="46.12196833" lon="17.82002667">
        <ele>166.5</ele>
        <time>2025-07-23T15:56:42Z</time>
      </trkpt>
      <trkpt lat="46.12211833" lon="17.81998">
        <ele>166.7</ele>
        <time>2025-07-23T15:56:43Z</time>
      </trkpt>
      <trkpt lat="46.122255" lon="17.81992">
        <ele>166.3</ele>
        <time>2025-07-23T15:56:44Z</time>
      </trkpt>
      <trkpt lat="46.12239333" lon="17.81986">
        <ele>166.6</ele>
        <time>2025-07-23T15:56:45Z</time>
      </trkpt>
      <trkpt lat="46.12254" lon="17.81981">
        <ele>166.5</ele>
        <time>2025-07-23T15:56:46Z</time>
      </trkpt>
      <trkpt lat="46.12267833" lon="17.819765">
        <ele>167.3</ele>
        <time>2025-07-23T15:56:47Z</time>
      </trkpt>
      <trkpt lat="46.12281167" lon="17.81969833">
        <ele>168.6</ele>
        <time>2025-07-23T15:56:48Z</time>
      </trkpt>
      <trkpt lat="46.12295" lon="17.81965333">
        <ele>168.6</ele>
        <time>2025-07-23T15:56:49Z</time>
      </trkpt>
      <trkpt lat="46.12307833" lon="17.819605">
        <ele>168.8</ele>
        <time>2025-07-23T15:56:50Z</time>
      </trkpt>
      <trkpt lat="46.12322167" lon="17.81955667">
        <ele>168.2</ele>
        <time>2025-07-23T15:56:51Z</time>
      </trkpt>
      <trkpt lat="46.12335833" lon="17.819505">
        <ele>167.6</ele>
        <time>2025-07-23T15:56:52Z</time>
      </trkpt>
      <trkpt lat="46.12349167" lon="17.81945833">
        <ele>167.6</ele>
        <time>2025-07-23T15:56:53Z</time>
      </trkpt>
      <trkpt lat="46.12360833" lon="17.81942667">
        <ele>167.1</ele>
        <time>2025-07-23T15:56:54Z</time>
      </trkpt>
      <trkpt lat="46.12370833" lon="17.81939667">
        <ele>166.8</ele>
        <time>2025-07-23T15:56:55Z</time>
      </trkpt>
      <trkpt lat="46.12386167" lon="17.81933333">
        <ele>167.1</ele>
        <time>2025-07-23T15:56:57Z</time>
      </trkpt>
      <trkpt lat="46.123955" lon="17.81930833">
        <ele>168.3</ele>
        <time>2025-07-23T15:57:00Z</time>
      </trkpt>
      <trkpt lat="46.12403333" lon="17.81924333">
        <ele>170.1</ele>
        <time>2025-07-23T15:57:11Z</time>
      </trkpt>
      <trkpt lat="46.12406833" lon="17.81910333">
        <ele>170.2</ele>
        <time>2025-07-23T15:57:13Z</time>
      </trkpt>
      <trkpt lat="46.12405" lon="17.81891833">
        <ele>170</ele>
        <time>2025-07-23T15:57:15Z</time>
      </trkpt>
      <trkpt lat="46.124015" lon="17.81872333">
        <ele>170.7</ele>
        <time>2025-07-23T15:57:17Z</time>
      </trkpt>
      <trkpt lat="46.12397667" lon="17.81851333">
        <ele>170.4</ele>
        <time>2025-07-23T15:57:19Z</time>
      </trkpt>
      <trkpt lat="46.12393667" lon="17.81829833">
        <ele>169.7</ele>
        <time>2025-07-23T15:57:21Z</time>
      </trkpt>
      <trkpt lat="46.12390167" lon="17.81805167">
        <ele>169.5</ele>
        <time>2025-07-23T15:57:23Z</time>
      </trkpt>
      <trkpt lat="46.12388" lon="17.81792">
        <ele>169.7</ele>
        <time>2025-07-23T15:57:24Z</time>
      </trkpt>
      <trkpt lat="46.12386" lon="17.81778">
        <ele>170.3</ele>
        <time>2025-07-23T15:57:25Z</time>
      </trkpt>
      <trkpt lat="46.12384833" lon="17.81763667">
        <ele>169.9</ele>
        <time>2025-07-23T15:57:26Z</time>
      </trkpt>
      <trkpt lat="46.12384667" lon="17.817505">
        <ele>168.8</ele>
        <time>2025-07-23T15:57:27Z</time>
      </trkpt>
      <trkpt lat="46.12384" lon="17.81735">
        <ele>168.8</ele>
        <time>2025-07-23T15:57:28Z</time>
      </trkpt>
      <trkpt lat="46.12383833" lon="17.81719333">
        <ele>169.7</ele>
        <time>2025-07-23T15:57:29Z</time>
      </trkpt>
      <trkpt lat="46.12385167" lon="17.81705167">
        <ele>169.6</ele>
        <time>2025-07-23T15:57:30Z</time>
      </trkpt>
      <trkpt lat="46.12386833" lon="17.81689167">
        <ele>170.1</ele>
        <time>2025-07-23T15:57:31Z</time>
      </trkpt>
      <trkpt lat="46.12387833" lon="17.81673333">
        <ele>170.5</ele>
        <time>2025-07-23T15:57:32Z</time>
      </trkpt>
      <trkpt lat="46.12389333" lon="17.81657167">
        <ele>170.7</ele>
        <time>2025-07-23T15:57:33Z</time>
      </trkpt>
      <trkpt lat="46.1239" lon="17.81641333">
        <ele>170.8</ele>
        <time>2025-07-23T15:57:34Z</time>
      </trkpt>
      <trkpt lat="46.12391333" lon="17.816245">
        <ele>171.4</ele>
        <time>2025-07-23T15:57:35Z</time>
      </trkpt>
      <trkpt lat="46.12393" lon="17.816085">
        <ele>171.8</ele>
        <time>2025-07-23T15:57:36Z</time>
      </trkpt>
      <trkpt lat="46.123945" lon="17.81591833">
        <ele>172.7</ele>
        <time>2025-07-23T15:57:37Z</time>
      </trkpt>
      <trkpt lat="46.123965" lon="17.81575333">
        <ele>173.5</ele>
        <time>2025-07-23T15:57:38Z</time>
      </trkpt>
      <trkpt lat="46.12396833" lon="17.815595">
        <ele>173.7</ele>
        <time>2025-07-23T15:57:39Z</time>
      </trkpt>
      <trkpt lat="46.12398333" lon="17.81543667">
        <ele>173.3</ele>
        <time>2025-07-23T15:57:40Z</time>
      </trkpt>
      <trkpt lat="46.12399667" lon="17.81527333">
        <ele>172.9</ele>
        <time>2025-07-23T15:57:41Z</time>
      </trkpt>
      <trkpt lat="46.124015" lon="17.81511833">
        <ele>172.8</ele>
        <time>2025-07-23T15:57:42Z</time>
      </trkpt>
      <trkpt lat="46.12403833" lon="17.81495667">
        <ele>173.2</ele>
        <time>2025-07-23T15:57:43Z</time>
      </trkpt>
      <trkpt lat="46.12405333" lon="17.81479667">
        <ele>173.4</ele>
        <time>2025-07-23T15:57:44Z</time>
      </trkpt>
      <trkpt lat="46.12405833" lon="17.81462833">
        <ele>173.4</ele>
        <time>2025-07-23T15:57:45Z</time>
      </trkpt>
      <trkpt lat="46.124075" lon="17.81445167">
        <ele>172.7</ele>
        <time>2025-07-23T15:57:46Z</time>
      </trkpt>
      <trkpt lat="46.12409333" lon="17.814285">
        <ele>172.2</ele>
        <time>2025-07-23T15:57:47Z</time>
      </trkpt>
      <trkpt lat="46.12410667" lon="17.81411333">
        <ele>171.2</ele>
        <time>2025-07-23T15:57:48Z</time>
      </trkpt>
      <trkpt lat="46.12410833" lon="17.81393833">
        <ele>170.8</ele>
        <time>2025-07-23T15:57:49Z</time>
      </trkpt>
      <trkpt lat="46.12412" lon="17.81375667">
        <ele>170.2</ele>
        <time>2025-07-23T15:57:50Z</time>
      </trkpt>
      <trkpt lat="46.124125" lon="17.81358">
        <ele>169.4</ele>
        <time>2025-07-23T15:57:51Z</time>
      </trkpt>
      <trkpt lat="46.12413333" lon="17.81341333">
        <ele>169.1</ele>
        <time>2025-07-23T15:57:52Z</time>
      </trkpt>
      <trkpt lat="46.12414" lon="17.81323667">
        <ele>168.9</ele>
        <time>2025-07-23T15:57:53Z</time>
      </trkpt>
      <trkpt lat="46.124135" lon="17.813055">
        <ele>169.2</ele>
        <time>2025-07-23T15:57:54Z</time>
      </trkpt>
      <trkpt lat="46.124135" lon="17.812865">
        <ele>169.8</ele>
        <time>2025-07-23T15:57:55Z</time>
      </trkpt>
      <trkpt lat="46.12414167" lon="17.81268667">
        <ele>170.6</ele>
        <time>2025-07-23T15:57:56Z</time>
      </trkpt>
      <trkpt lat="46.12415333" lon="17.81250333">
        <ele>171</ele>
        <time>2025-07-23T15:57:57Z</time>
      </trkpt>
      <trkpt lat="46.12416167" lon="17.81232667">
        <ele>171.1</ele>
        <time>2025-07-23T15:57:58Z</time>
      </trkpt>
      <trkpt lat="46.12416333" lon="17.81215833">
        <ele>171.5</ele>
        <time>2025-07-23T15:57:59Z</time>
      </trkpt>
      <trkpt lat="46.12416167" lon="17.811965">
        <ele>172.6</ele>
        <time>2025-07-23T15:58:00Z</time>
      </trkpt>
      <trkpt lat="46.12417333" lon="17.81178667">
        <ele>173.4</ele>
        <time>2025-07-23T15:58:01Z</time>
      </trkpt>
      <trkpt lat="46.12418333" lon="17.81161">
        <ele>174</ele>
        <time>2025-07-23T15:58:02Z</time>
      </trkpt>
      <trkpt lat="46.12418167" lon="17.81142167">
        <ele>174.3</ele>
        <time>2025-07-23T15:58:03Z</time>
      </trkpt>
      <trkpt lat="46.12419833" lon="17.81123333">
        <ele>174.7</ele>
        <time>2025-07-23T15:58:04Z</time>
      </trkpt>
      <trkpt lat="46.12421833" lon="17.81104">
        <ele>174.9</ele>
        <time>2025-07-23T15:58:05Z</time>
      </trkpt>
      <trkpt lat="46.12424" lon="17.81085667">
        <ele>175.3</ele>
        <time>2025-07-23T15:58:06Z</time>
      </trkpt>
      <trkpt lat="46.12426" lon="17.81066667">
        <ele>176.4</ele>
        <time>2025-07-23T15:58:07Z</time>
      </trkpt>
      <trkpt lat="46.12428833" lon="17.81048667">
        <ele>177.6</ele>
        <time>2025-07-23T15:58:08Z</time>
      </trkpt>
      <trkpt lat="46.124305" lon="17.81031167">
        <ele>178.7</ele>
        <time>2025-07-23T15:58:09Z</time>
      </trkpt>
      <trkpt lat="46.12433167" lon="17.81014">
        <ele>178.4</ele>
        <time>2025-07-23T15:58:10Z</time>
      </trkpt>
      <trkpt lat="46.12435833" lon="17.80997167">
        <ele>178.2</ele>
        <time>2025-07-23T15:58:11Z</time>
      </trkpt>
      <trkpt lat="46.124385" lon="17.8098">
        <ele>177.6</ele>
        <time>2025-07-23T15:58:12Z</time>
      </trkpt>
      <trkpt lat="46.12440667" lon="17.80963">
        <ele>177.3</ele>
        <time>2025-07-23T15:58:13Z</time>
      </trkpt>
      <trkpt lat="46.12442333" lon="17.80947833">
        <ele>176.2</ele>
        <time>2025-07-23T15:58:14Z</time>
      </trkpt>
      <trkpt lat="46.12444" lon="17.80930667">
        <ele>175.3</ele>
        <time>2025-07-23T15:58:15Z</time>
      </trkpt>
      <trkpt lat="46.12446167" lon="17.80913167">
        <ele>175.6</ele>
        <time>2025-07-23T15:58:16Z</time>
      </trkpt>
      <trkpt lat="46.12449167" lon="17.80896667">
        <ele>174.7</ele>
        <time>2025-07-23T15:58:17Z</time>
      </trkpt>
      <trkpt lat="46.12452167" lon="17.80879667">
        <ele>174.6</ele>
        <time>2025-07-23T15:58:18Z</time>
      </trkpt>
      <trkpt lat="46.12453833" lon="17.80864167">
        <ele>174.5</ele>
        <time>2025-07-23T15:58:19Z</time>
      </trkpt>
      <trkpt lat="46.12454833" lon="17.80848167">
        <ele>174.5</ele>
        <time>2025-07-23T15:58:20Z</time>
      </trkpt>
      <trkpt lat="46.124565" lon="17.80832167">
        <ele>174.7</ele>
        <time>2025-07-23T15:58:21Z</time>
      </trkpt>
      <trkpt lat="46.12458" lon="17.80815833">
        <ele>175.4</ele>
        <time>2025-07-23T15:58:22Z</time>
      </trkpt>
      <trkpt lat="46.12460333" lon="17.80799333">
        <ele>175.8</ele>
        <time>2025-07-23T15:58:23Z</time>
      </trkpt>
      <trkpt lat="46.124635" lon="17.80783667">
        <ele>175.3</ele>
        <time>2025-07-23T15:58:24Z</time>
      </trkpt>
      <trkpt lat="46.12465333" lon="17.80768667">
        <ele>176.3</ele>
        <time>2025-07-23T15:58:25Z</time>
      </trkpt>
      <trkpt lat="46.12467333" lon="17.80754167">
        <ele>176</ele>
        <time>2025-07-23T15:58:26Z</time>
      </trkpt>
      <trkpt lat="46.12469833" lon="17.80739333">
        <ele>175.8</ele>
        <time>2025-07-23T15:58:27Z</time>
      </trkpt>
      <trkpt lat="46.12471833" lon="17.807245">
        <ele>175.3</ele>
        <time>2025-07-23T15:58:28Z</time>
      </trkpt>
      <trkpt lat="46.124745" lon="17.80709667">
        <ele>175</ele>
        <time>2025-07-23T15:58:29Z</time>
      </trkpt>
      <trkpt lat="46.12477667" lon="17.80695333">
        <ele>175.1</ele>
        <time>2025-07-23T15:58:30Z</time>
      </trkpt>
      <trkpt lat="46.12481333" lon="17.80682167">
        <ele>175.1</ele>
        <time>2025-07-23T15:58:31Z</time>
      </trkpt>
      <trkpt lat="46.12486" lon="17.80668">
        <ele>175.6</ele>
        <time>2025-07-23T15:58:32Z</time>
      </trkpt>
      <trkpt lat="46.12490833" lon="17.80656">
        <ele>175.5</ele>
        <time>2025-07-23T15:58:33Z</time>
      </trkpt>
      <trkpt lat="46.124965" lon="17.80644667">
        <ele>175.5</ele>
        <time>2025-07-23T15:58:34Z</time>
      </trkpt>
      <trkpt lat="46.125025" lon="17.80635">
        <ele>175.2</ele>
        <time>2025-07-23T15:58:35Z</time>
      </trkpt>
      <trkpt lat="46.1251" lon="17.80616167">
        <ele>175.6</ele>
        <time>2025-07-23T15:58:37Z</time>
      </trkpt>
      <trkpt lat="46.12514833" lon="17.80599167">
        <ele>174.8</ele>
        <time>2025-07-23T15:58:39Z</time>
      </trkpt>
      <trkpt lat="46.125145" lon="17.805805">
        <ele>176.3</ele>
        <time>2025-07-23T15:58:41Z</time>
      </trkpt>
      <trkpt lat="46.12511167" lon="17.805645">
        <ele>177.9</ele>
        <time>2025-07-23T15:58:43Z</time>
      </trkpt>
      <trkpt lat="46.12512667" lon="17.80547167">
        <ele>178.7</ele>
        <time>2025-07-23T15:58:45Z</time>
      </trkpt>
      <trkpt lat="46.12517833" lon="17.80535">
        <ele>179.9</ele>
        <time>2025-07-23T15:58:47Z</time>
      </trkpt>
      <trkpt lat="46.12527167" lon="17.80530667">
        <ele>179.6</ele>
        <time>2025-07-23T15:58:50Z</time>
      </trkpt>
      <trkpt lat="46.12534667" lon="17.80540167">
        <ele>179.8</ele>
        <time>2025-07-23T15:58:53Z</time>
      </trkpt>
      <trkpt lat="46.125325" lon="17.805575">
        <ele>179.3</ele>
        <time>2025-07-23T15:58:56Z</time>
      </trkpt>
      <trkpt lat="46.12527" lon="17.80569833">
        <ele>179.1</ele>
        <time>2025-07-23T15:58:58Z</time>
      </trkpt>
      <trkpt lat="46.125185" lon="17.80586833">
        <ele>178.4</ele>
        <time>2025-07-23T15:59:00Z</time>
      </trkpt>
      <trkpt lat="46.12511" lon="17.806055">
        <ele>177.8</ele>
        <time>2025-07-23T15:59:02Z</time>
      </trkpt>
      <trkpt lat="46.12502167" lon="17.80626333">
        <ele>177.3</ele>
        <time>2025-07-23T15:59:04Z</time>
      </trkpt>
      <trkpt lat="46.12498167" lon="17.80638833">
        <ele>177.9</ele>
        <time>2025-07-23T15:59:05Z</time>
      </trkpt>
      <trkpt lat="46.12493333" lon="17.80649833">
        <ele>177.9</ele>
        <time>2025-07-23T15:59:06Z</time>
      </trkpt>
      <trkpt lat="46.12488833" lon="17.80662">
        <ele>176.7</ele>
        <time>2025-07-23T15:59:07Z</time>
      </trkpt>
      <trkpt lat="46.12484" lon="17.806745">
        <ele>175.1</ele>
        <time>2025-07-23T15:59:08Z</time>
      </trkpt>
      <trkpt lat="46.1248" lon="17.80689833">
        <ele>175.1</ele>
        <time>2025-07-23T15:59:09Z</time>
      </trkpt>
      <trkpt lat="46.124765" lon="17.80704333">
        <ele>174</ele>
        <time>2025-07-23T15:59:10Z</time>
      </trkpt>
      <trkpt lat="46.12473" lon="17.807185">
        <ele>172.4</ele>
        <time>2025-07-23T15:59:11Z</time>
      </trkpt>
      <trkpt lat="46.12470667" lon="17.80734333">
        <ele>172.1</ele>
        <time>2025-07-23T15:59:12Z</time>
      </trkpt>
      <trkpt lat="46.124685" lon="17.8075">
        <ele>171.5</ele>
        <time>2025-07-23T15:59:13Z</time>
      </trkpt>
      <trkpt lat="46.12466333" lon="17.80766">
        <ele>171.4</ele>
        <time>2025-07-23T15:59:14Z</time>
      </trkpt>
      <trkpt lat="46.124645" lon="17.80783167">
        <ele>170.9</ele>
        <time>2025-07-23T15:59:15Z</time>
      </trkpt>
      <trkpt lat="46.12462333" lon="17.80799167">
        <ele>171.1</ele>
        <time>2025-07-23T15:59:16Z</time>
      </trkpt>
      <trkpt lat="46.124595" lon="17.80814833">
        <ele>171.4</ele>
        <time>2025-07-23T15:59:17Z</time>
      </trkpt>
      <trkpt lat="46.12456833" lon="17.80830333">
        <ele>171.4</ele>
        <time>2025-07-23T15:59:18Z</time>
      </trkpt>
      <trkpt lat="46.12454167" lon="17.80846333">
        <ele>171.2</ele>
        <time>2025-07-23T15:59:19Z</time>
      </trkpt>
      <trkpt lat="46.12452" lon="17.80863">
        <ele>171.6</ele>
        <time>2025-07-23T15:59:20Z</time>
      </trkpt>
      <trkpt lat="46.12449667" lon="17.80879167">
        <ele>171.6</ele>
        <time>2025-07-23T15:59:21Z</time>
      </trkpt>
      <trkpt lat="46.12447333" lon="17.80896">
        <ele>172.9</ele>
        <time>2025-07-23T15:59:22Z</time>
      </trkpt>
      <trkpt lat="46.12445167" lon="17.80913">
        <ele>173.4</ele>
        <time>2025-07-23T15:59:23Z</time>
      </trkpt>
      <trkpt lat="46.12443833" lon="17.80929833">
        <ele>173.1</ele>
        <time>2025-07-23T15:59:24Z</time>
      </trkpt>
      <trkpt lat="46.124415" lon="17.80947333">
        <ele>173.3</ele>
        <time>2025-07-23T15:59:25Z</time>
      </trkpt>
      <trkpt lat="46.12439167" lon="17.80964">
        <ele>173.5</ele>
        <time>2025-07-23T15:59:26Z</time>
      </trkpt>
      <trkpt lat="46.12437333" lon="17.80980667">
        <ele>173.7</ele>
        <time>2025-07-23T15:59:27Z</time>
      </trkpt>
      <trkpt lat="46.12434833" lon="17.80997333">
        <ele>173.8</ele>
        <time>2025-07-23T15:59:28Z</time>
      </trkpt>
      <trkpt lat="46.12432167" lon="17.81014833">
        <ele>173.9</ele>
        <time>2025-07-23T15:59:29Z</time>
      </trkpt>
      <trkpt lat="46.1243" lon="17.81031667">
        <ele>174</ele>
        <time>2025-07-23T15:59:30Z</time>
      </trkpt>
      <trkpt lat="46.124275" lon="17.81047833">
        <ele>174.3</ele>
        <time>2025-07-23T15:59:31Z</time>
      </trkpt>
      <trkpt lat="46.124245" lon="17.81065167">
        <ele>173.6</ele>
        <time>2025-07-23T15:59:32Z</time>
      </trkpt>
      <trkpt lat="46.12421333" lon="17.81083167">
        <ele>172.8</ele>
        <time>2025-07-23T15:59:33Z</time>
      </trkpt>
      <trkpt lat="46.12419667" lon="17.81102167">
        <ele>172</ele>
        <time>2025-07-23T15:59:34Z</time>
      </trkpt>
      <trkpt lat="46.12419" lon="17.81121">
        <ele>171.7</ele>
        <time>2025-07-23T15:59:35Z</time>
      </trkpt>
      <trkpt lat="46.12417333" lon="17.81140167">
        <ele>170.9</ele>
        <time>2025-07-23T15:59:36Z</time>
      </trkpt>
      <trkpt lat="46.124165" lon="17.81159">
        <ele>169.7</ele>
        <time>2025-07-23T15:59:37Z</time>
      </trkpt>
      <trkpt lat="46.124155" lon="17.81177833">
        <ele>168.4</ele>
        <time>2025-07-23T15:59:38Z</time>
      </trkpt>
      <trkpt lat="46.12415167" lon="17.81197333">
        <ele>168.1</ele>
        <time>2025-07-23T15:59:39Z</time>
      </trkpt>
      <trkpt lat="46.12413667" lon="17.812165">
        <ele>166.8</ele>
        <time>2025-07-23T15:59:40Z</time>
      </trkpt>
      <trkpt lat="46.12412667" lon="17.812355">
        <ele>165.1</ele>
        <time>2025-07-23T15:59:41Z</time>
      </trkpt>
      <trkpt lat="46.12412167" lon="17.81256167">
        <ele>166.4</ele>
        <time>2025-07-23T15:59:42Z</time>
      </trkpt>
      <trkpt lat="46.12413" lon="17.81275167">
        <ele>167.2</ele>
        <time>2025-07-23T15:59:43Z</time>
      </trkpt>
      <trkpt lat="46.12412833" lon="17.812945">
        <ele>166.4</ele>
        <time>2025-07-23T15:59:44Z</time>
      </trkpt>
      <trkpt lat="46.124125" lon="17.81315">
        <ele>167.3</ele>
        <time>2025-07-23T15:59:45Z</time>
      </trkpt>
      <trkpt lat="46.124125" lon="17.813355">
        <ele>170.1</ele>
        <time>2025-07-23T15:59:46Z</time>
      </trkpt>
      <trkpt lat="46.12412333" lon="17.81355167">
        <ele>169.8</ele>
        <time>2025-07-23T15:59:47Z</time>
      </trkpt>
      <trkpt lat="46.12412167" lon="17.81374167">
        <ele>170.8</ele>
        <time>2025-07-23T15:59:48Z</time>
      </trkpt>
      <trkpt lat="46.124105" lon="17.81394">
        <ele>170.8</ele>
        <time>2025-07-23T15:59:49Z</time>
      </trkpt>
      <trkpt lat="46.12408833" lon="17.81413333">
        <ele>170.1</ele>
        <time>2025-07-23T15:59:50Z</time>
      </trkpt>
      <trkpt lat="46.12408667" lon="17.81432667">
        <ele>170.2</ele>
        <time>2025-07-23T15:59:51Z</time>
      </trkpt>
      <trkpt lat="46.12407333" lon="17.814535">
        <ele>171.2</ele>
        <time>2025-07-23T15:59:52Z</time>
      </trkpt>
      <trkpt lat="46.12406167" lon="17.81472333">
        <ele>171.4</ele>
        <time>2025-07-23T15:59:53Z</time>
      </trkpt>
      <trkpt lat="46.12404167" lon="17.81491167">
        <ele>171</ele>
        <time>2025-07-23T15:59:54Z</time>
      </trkpt>
      <trkpt lat="46.124015" lon="17.81509333">
        <ele>170.4</ele>
        <time>2025-07-23T15:59:55Z</time>
      </trkpt>
      <trkpt lat="46.12398833" lon="17.81527833">
        <ele>169.7</ele>
        <time>2025-07-23T15:59:56Z</time>
      </trkpt>
      <trkpt lat="46.12396167" lon="17.81546667">
        <ele>168.8</ele>
        <time>2025-07-23T15:59:57Z</time>
      </trkpt>
      <trkpt lat="46.12393833" lon="17.81566167">
        <ele>169.2</ele>
        <time>2025-07-23T15:59:58Z</time>
      </trkpt>
      <trkpt lat="46.12392667" lon="17.81586167">
        <ele>169.4</ele>
        <time>2025-07-23T15:59:59Z</time>
      </trkpt>
      <trkpt lat="46.12391333" lon="17.81606667">
        <ele>169.2</ele>
        <time>2025-07-23T16:00:00Z</time>
      </trkpt>
      <trkpt lat="46.12390333" lon="17.81627167">
        <ele>168.9</ele>
        <time>2025-07-23T16:00:01Z</time>
      </trkpt>
      <trkpt lat="46.12388833" lon="17.81648">
        <ele>168.6</ele>
        <time>2025-07-23T16:00:02Z</time>
      </trkpt>
      <trkpt lat="46.123875" lon="17.81667667">
        <ele>168.9</ele>
        <time>2025-07-23T16:00:03Z</time>
      </trkpt>
      <trkpt lat="46.123865" lon="17.81686667">
        <ele>168.7</ele>
        <time>2025-07-23T16:00:04Z</time>
      </trkpt>
      <trkpt lat="46.12385167" lon="17.81705833">
        <ele>168</ele>
        <time>2025-07-23T16:00:05Z</time>
      </trkpt>
      <trkpt lat="46.12383333" lon="17.81725">
        <ele>167.9</ele>
        <time>2025-07-23T16:00:06Z</time>
      </trkpt>
      <trkpt lat="46.12382667" lon="17.81745">
        <ele>168.5</ele>
        <time>2025-07-23T16:00:07Z</time>
      </trkpt>
      <trkpt lat="46.12383333" lon="17.81764">
        <ele>168</ele>
        <time>2025-07-23T16:00:08Z</time>
      </trkpt>
      <trkpt lat="46.12384333" lon="17.81781167">
        <ele>168.3</ele>
        <time>2025-07-23T16:00:09Z</time>
      </trkpt>
      <trkpt lat="46.12385333" lon="17.817965">
        <ele>168.3</ele>
        <time>2025-07-23T16:00:10Z</time>
      </trkpt>
      <trkpt lat="46.12387" lon="17.81812">
        <ele>168</ele>
        <time>2025-07-23T16:00:11Z</time>
      </trkpt>
      <trkpt lat="46.12390333" lon="17.818265">
        <ele>167.1</ele>
        <time>2025-07-23T16:00:12Z</time>
      </trkpt>
      <trkpt lat="46.12392667" lon="17.81839667">
        <ele>167.1</ele>
        <time>2025-07-23T16:00:13Z</time>
      </trkpt>
      <trkpt lat="46.12397" lon="17.818605">
        <ele>166.4</ele>
        <time>2025-07-23T16:00:15Z</time>
      </trkpt>
      <trkpt lat="46.12399167" lon="17.81879833">
        <ele>165.5</ele>
        <time>2025-07-23T16:00:17Z</time>
      </trkpt>
      <trkpt lat="46.12401833" lon="17.81898">
        <ele>163.4</ele>
        <time>2025-07-23T16:00:19Z</time>
      </trkpt>
      <trkpt lat="46.12403" lon="17.81912">
        <ele>164.9</ele>
        <time>2025-07-23T16:00:22Z</time>
      </trkpt>
      <trkpt lat="46.12407" lon="17.81925333">
        <ele>166</ele>
        <time>2025-07-23T16:00:27Z</time>
      </trkpt>
      <trkpt lat="46.12419333" lon="17.81929667">
        <ele>166.6</ele>
        <time>2025-07-23T16:00:30Z</time>
      </trkpt>
      <trkpt lat="46.12430167" lon="17.81926667">
        <ele>167.2</ele>
        <time>2025-07-23T16:00:32Z</time>
      </trkpt>
      <trkpt lat="46.12444667" lon="17.81922">
        <ele>166.8</ele>
        <time>2025-07-23T16:00:34Z</time>
      </trkpt>
      <trkpt lat="46.12458833" lon="17.81918333">
        <ele>165.9</ele>
        <time>2025-07-23T16:00:36Z</time>
      </trkpt>
      <trkpt lat="46.12474333" lon="17.81916167">
        <ele>165.2</ele>
        <time>2025-07-23T16:00:38Z</time>
      </trkpt>
      <trkpt lat="46.124835" lon="17.81914833">
        <ele>165.1</ele>
        <time>2025-07-23T16:00:39Z</time>
      </trkpt>
      <trkpt lat="46.12493667" lon="17.81913833">
        <ele>165.1</ele>
        <time>2025-07-23T16:00:40Z</time>
      </trkpt>
      <trkpt lat="46.12503833" lon="17.81913">
        <ele>166</ele>
        <time>2025-07-23T16:00:41Z</time>
      </trkpt>
      <trkpt lat="46.125145" lon="17.81912667">
        <ele>166.3</ele>
        <time>2025-07-23T16:00:42Z</time>
      </trkpt>
      <trkpt lat="46.12525833" lon="17.81912">
        <ele>166.6</ele>
        <time>2025-07-23T16:00:43Z</time>
      </trkpt>
      <trkpt lat="46.12537" lon="17.819115">
        <ele>166.7</ele>
        <time>2025-07-23T16:00:44Z</time>
      </trkpt>
      <trkpt lat="46.12549333" lon="17.819115">
        <ele>167.2</ele>
        <time>2025-07-23T16:00:45Z</time>
      </trkpt>
      <trkpt lat="46.12561667" lon="17.81910833">
        <ele>167.9</ele>
        <time>2025-07-23T16:00:46Z</time>
      </trkpt>
      <trkpt lat="46.12573667" lon="17.81910167">
        <ele>168.6</ele>
        <time>2025-07-23T16:00:47Z</time>
      </trkpt>
      <trkpt lat="46.12586167" lon="17.81910167">
        <ele>168.8</ele>
        <time>2025-07-23T16:00:48Z</time>
      </trkpt>
      <trkpt lat="46.125985" lon="17.81910167">
        <ele>168.9</ele>
        <time>2025-07-23T16:00:49Z</time>
      </trkpt>
      <trkpt lat="46.12610333" lon="17.819095">
        <ele>168.1</ele>
        <time>2025-07-23T16:00:50Z</time>
      </trkpt>
      <trkpt lat="46.126235" lon="17.819095">
        <ele>167.7</ele>
        <time>2025-07-23T16:00:51Z</time>
      </trkpt>
      <trkpt lat="46.12636667" lon="17.81908167">
        <ele>167.4</ele>
        <time>2025-07-23T16:00:52Z</time>
      </trkpt>
      <trkpt lat="46.12649667" lon="17.81907">
        <ele>167.6</ele>
        <time>2025-07-23T16:00:53Z</time>
      </trkpt>
      <trkpt lat="46.12664167" lon="17.81906333">
        <ele>167.9</ele>
        <time>2025-07-23T16:00:54Z</time>
      </trkpt>
      <trkpt lat="46.12677333" lon="17.81906167">
        <ele>167.1</ele>
        <time>2025-07-23T16:00:55Z</time>
      </trkpt>
      <trkpt lat="46.12693333" lon="17.81905333">
        <ele>167.1</ele>
        <time>2025-07-23T16:00:56Z</time>
      </trkpt>
      <trkpt lat="46.12707667" lon="17.81904">
        <ele>167.1</ele>
        <time>2025-07-23T16:00:57Z</time>
      </trkpt>
      <trkpt lat="46.12723167" lon="17.81903167">
        <ele>167.1</ele>
        <time>2025-07-23T16:00:58Z</time>
      </trkpt>
      <trkpt lat="46.12739667" lon="17.81903167">
        <ele>167.1</ele>
        <time>2025-07-23T16:00:59Z</time>
      </trkpt>
      <trkpt lat="46.12755833" lon="17.81902167">
        <ele>166.9</ele>
        <time>2025-07-23T16:01:00Z</time>
      </trkpt>
      <trkpt lat="46.12771333" lon="17.81901667">
        <ele>166.4</ele>
        <time>2025-07-23T16:01:01Z</time>
      </trkpt>
      <trkpt lat="46.12787333" lon="17.819">
        <ele>166.1</ele>
        <time>2025-07-23T16:01:02Z</time>
      </trkpt>
      <trkpt lat="46.128035" lon="17.81899">
        <ele>165</ele>
        <time>2025-07-23T16:01:03Z</time>
      </trkpt>
      <trkpt lat="46.12820167" lon="17.818955">
        <ele>165.8</ele>
        <time>2025-07-23T16:01:04Z</time>
      </trkpt>
      <trkpt lat="46.12836167" lon="17.81892167">
        <ele>164.7</ele>
        <time>2025-07-23T16:01:05Z</time>
      </trkpt>
      <trkpt lat="46.12851833" lon="17.81888167">
        <ele>163.8</ele>
        <time>2025-07-23T16:01:06Z</time>
      </trkpt>
      <trkpt lat="46.12868333" lon="17.81884833">
        <ele>164.1</ele>
        <time>2025-07-23T16:01:07Z</time>
      </trkpt>
      <trkpt lat="46.12884833" lon="17.81880333">
        <ele>165.3</ele>
        <time>2025-07-23T16:01:08Z</time>
      </trkpt>
      <trkpt lat="46.12901667" lon="17.81876667">
        <ele>166.7</ele>
        <time>2025-07-23T16:01:09Z</time>
      </trkpt>
      <trkpt lat="46.12918" lon="17.818735">
        <ele>166.4</ele>
        <time>2025-07-23T16:01:10Z</time>
      </trkpt>
      <trkpt lat="46.12933833" lon="17.81869833">
        <ele>165.8</ele>
        <time>2025-07-23T16:01:11Z</time>
      </trkpt>
      <trkpt lat="46.129495" lon="17.81867">
        <ele>165.8</ele>
        <time>2025-07-23T16:01:12Z</time>
      </trkpt>
      <trkpt lat="46.12965833" lon="17.81864">
        <ele>165.2</ele>
        <time>2025-07-23T16:01:13Z</time>
      </trkpt>
      <trkpt lat="46.12983167" lon="17.81861">
        <ele>165.3</ele>
        <time>2025-07-23T16:01:14Z</time>
      </trkpt>
      <trkpt lat="46.12999167" lon="17.81858167">
        <ele>164.5</ele>
        <time>2025-07-23T16:01:15Z</time>
      </trkpt>
      <trkpt lat="46.13015833" lon="17.81855667">
        <ele>164.3</ele>
        <time>2025-07-23T16:01:16Z</time>
      </trkpt>
      <trkpt lat="46.130315" lon="17.81851833">
        <ele>165.1</ele>
        <time>2025-07-23T16:01:17Z</time>
      </trkpt>
      <trkpt lat="46.13047833" lon="17.81848667">
        <ele>165.3</ele>
        <time>2025-07-23T16:01:18Z</time>
      </trkpt>
      <trkpt lat="46.13064167" lon="17.81845667">
        <ele>165.6</ele>
        <time>2025-07-23T16:01:19Z</time>
      </trkpt>
      <trkpt lat="46.13079" lon="17.81843167">
        <ele>165.4</ele>
        <time>2025-07-23T16:01:20Z</time>
      </trkpt>
      <trkpt lat="46.13094833" lon="17.81839167">
        <ele>165.1</ele>
        <time>2025-07-23T16:01:21Z</time>
      </trkpt>
      <trkpt lat="46.13111167" lon="17.81836167">
        <ele>164.9</ele>
        <time>2025-07-23T16:01:22Z</time>
      </trkpt>
      <trkpt lat="46.131275" lon="17.818335">
        <ele>164.3</ele>
        <time>2025-07-23T16:01:23Z</time>
      </trkpt>
      <trkpt lat="46.13142833" lon="17.818305">
        <ele>163.6</ele>
        <time>2025-07-23T16:01:24Z</time>
      </trkpt>
      <trkpt lat="46.13158333" lon="17.818275">
        <ele>164</ele>
        <time>2025-07-23T16:01:25Z</time>
      </trkpt>
      <trkpt lat="46.13175" lon="17.81825833">
        <ele>164.9</ele>
        <time>2025-07-23T16:01:26Z</time>
      </trkpt>
      <trkpt lat="46.13191333" lon="17.81825333">
        <ele>166</ele>
        <time>2025-07-23T16:01:27Z</time>
      </trkpt>
      <trkpt lat="46.13207667" lon="17.818245">
        <ele>166.8</ele>
        <time>2025-07-23T16:01:28Z</time>
      </trkpt>
      <trkpt lat="46.13224167" lon="17.81827">
        <ele>167</ele>
        <time>2025-07-23T16:01:29Z</time>
      </trkpt>
      <trkpt lat="46.13240833" lon="17.81829333">
        <ele>167.8</ele>
        <time>2025-07-23T16:01:30Z</time>
      </trkpt>
      <trkpt lat="46.13257" lon="17.81831333">
        <ele>167.8</ele>
        <time>2025-07-23T16:01:31Z</time>
      </trkpt>
      <trkpt lat="46.13273667" lon="17.818345">
        <ele>168</ele>
        <time>2025-07-23T16:01:32Z</time>
      </trkpt>
      <trkpt lat="46.13290333" lon="17.81837">
        <ele>168.1</ele>
        <time>2025-07-23T16:01:33Z</time>
      </trkpt>
      <trkpt lat="46.13307333" lon="17.8184">
        <ele>168.1</ele>
        <time>2025-07-23T16:01:34Z</time>
      </trkpt>
      <trkpt lat="46.13324333" lon="17.81845">
        <ele>168.4</ele>
        <time>2025-07-23T16:01:35Z</time>
      </trkpt>
      <trkpt lat="46.13341667" lon="17.81849167">
        <ele>169.4</ele>
        <time>2025-07-23T16:01:36Z</time>
      </trkpt>
      <trkpt lat="46.13358167" lon="17.818525">
        <ele>169.5</ele>
        <time>2025-07-23T16:01:37Z</time>
      </trkpt>
      <trkpt lat="46.13374167" lon="17.81855667">
        <ele>168.8</ele>
        <time>2025-07-23T16:01:38Z</time>
      </trkpt>
      <trkpt lat="46.13390333" lon="17.81860167">
        <ele>168</ele>
        <time>2025-07-23T16:01:39Z</time>
      </trkpt>
      <trkpt lat="46.134055" lon="17.81864667">
        <ele>167.6</ele>
        <time>2025-07-23T16:01:40Z</time>
      </trkpt>
      <trkpt lat="46.13420167" lon="17.81869667">
        <ele>167.3</ele>
        <time>2025-07-23T16:01:41Z</time>
      </trkpt>
      <trkpt lat="46.13436" lon="17.81875333">
        <ele>167.4</ele>
        <time>2025-07-23T16:01:42Z</time>
      </trkpt>
      <trkpt lat="46.13452167" lon="17.818825">
        <ele>166.7</ele>
        <time>2025-07-23T16:01:43Z</time>
      </trkpt>
      <trkpt lat="46.13466333" lon="17.818925">
        <ele>166.3</ele>
        <time>2025-07-23T16:01:44Z</time>
      </trkpt>
      <trkpt lat="46.13481333" lon="17.81903167">
        <ele>165</ele>
        <time>2025-07-23T16:01:45Z</time>
      </trkpt>
      <trkpt lat="46.135055" lon="17.81928833">
        <ele>166.6</ele>
        <time>2025-07-23T16:01:47Z</time>
      </trkpt>
      <trkpt lat="46.13516667" lon="17.819445">
        <ele>167.9</ele>
        <time>2025-07-23T16:01:48Z</time>
      </trkpt>
      <trkpt lat="46.13527667" lon="17.81960833">
        <ele>168.2</ele>
        <time>2025-07-23T16:01:49Z</time>
      </trkpt>
      <trkpt lat="46.13540167" lon="17.819765">
        <ele>168.6</ele>
        <time>2025-07-23T16:01:50Z</time>
      </trkpt>
      <trkpt lat="46.13552667" lon="17.819925">
        <ele>169.2</ele>
        <time>2025-07-23T16:01:51Z</time>
      </trkpt>
      <trkpt lat="46.135655" lon="17.82009333">
        <ele>168.9</ele>
        <time>2025-07-23T16:01:52Z</time>
      </trkpt>
      <trkpt lat="46.135775" lon="17.82027833">
        <ele>168</ele>
        <time>2025-07-23T16:01:53Z</time>
      </trkpt>
      <trkpt lat="46.13588833" lon="17.82045167">
        <ele>167.8</ele>
        <time>2025-07-23T16:01:54Z</time>
      </trkpt>
      <trkpt lat="46.13601333" lon="17.82061667">
        <ele>168.2</ele>
        <time>2025-07-23T16:01:55Z</time>
      </trkpt>
      <trkpt lat="46.13613667" lon="17.82079167">
        <ele>168.5</ele>
        <time>2025-07-23T16:01:56Z</time>
      </trkpt>
      <trkpt lat="46.13625333" lon="17.82096">
        <ele>168.8</ele>
        <time>2025-07-23T16:01:57Z</time>
      </trkpt>
      <trkpt lat="46.13638667" lon="17.82113333">
        <ele>169.7</ele>
        <time>2025-07-23T16:01:58Z</time>
      </trkpt>
      <trkpt lat="46.13649833" lon="17.821305">
        <ele>170.4</ele>
        <time>2025-07-23T16:01:59Z</time>
      </trkpt>
      <trkpt lat="46.13661833" lon="17.82146667">
        <ele>170.3</ele>
        <time>2025-07-23T16:02:00Z</time>
      </trkpt>
      <trkpt lat="46.13673667" lon="17.82163167">
        <ele>170.3</ele>
        <time>2025-07-23T16:02:01Z</time>
      </trkpt>
      <trkpt lat="46.13684833" lon="17.82178167">
        <ele>168.3</ele>
        <time>2025-07-23T16:02:02Z</time>
      </trkpt>
      <trkpt lat="46.13696667" lon="17.821945">
        <ele>168.7</ele>
        <time>2025-07-23T16:02:03Z</time>
      </trkpt>
      <trkpt lat="46.13708333" lon="17.82209833">
        <ele>168.1</ele>
        <time>2025-07-23T16:02:04Z</time>
      </trkpt>
      <trkpt lat="46.1372" lon="17.82225667">
        <ele>166.9</ele>
        <time>2025-07-23T16:02:05Z</time>
      </trkpt>
      <trkpt lat="46.13732833" lon="17.82240667">
        <ele>167.1</ele>
        <time>2025-07-23T16:02:06Z</time>
      </trkpt>
      <trkpt lat="46.13745667" lon="17.82254167">
        <ele>167.8</ele>
        <time>2025-07-23T16:02:07Z</time>
      </trkpt>
      <trkpt lat="46.13759167" lon="17.82266167">
        <ele>169.3</ele>
        <time>2025-07-23T16:02:08Z</time>
      </trkpt>
      <trkpt lat="46.137865" lon="17.82289333">
        <ele>169.2</ele>
        <time>2025-07-23T16:02:10Z</time>
      </trkpt>
      <trkpt lat="46.13799667" lon="17.82300667">
        <ele>168.8</ele>
        <time>2025-07-23T16:02:11Z</time>
      </trkpt>
      <trkpt lat="46.13826167" lon="17.823215">
        <ele>167.8</ele>
        <time>2025-07-23T16:02:13Z</time>
      </trkpt>
      <trkpt lat="46.1384" lon="17.82331833">
        <ele>167.9</ele>
        <time>2025-07-23T16:02:14Z</time>
      </trkpt>
      <trkpt lat="46.13853667" lon="17.82342667">
        <ele>167.8</ele>
        <time>2025-07-23T16:02:15Z</time>
      </trkpt>
      <trkpt lat="46.13867667" lon="17.823525">
        <ele>168.4</ele>
        <time>2025-07-23T16:02:16Z</time>
      </trkpt>
      <trkpt lat="46.138825" lon="17.82362833">
        <ele>169.2</ele>
        <time>2025-07-23T16:02:17Z</time>
      </trkpt>
      <trkpt lat="46.13897333" lon="17.82372833">
        <ele>169.2</ele>
        <time>2025-07-23T16:02:18Z</time>
      </trkpt>
      <trkpt lat="46.13910833" lon="17.82384167">
        <ele>168.8</ele>
        <time>2025-07-23T16:02:19Z</time>
      </trkpt>
      <trkpt lat="46.139245" lon="17.82394333">
        <ele>169.3</ele>
        <time>2025-07-23T16:02:20Z</time>
      </trkpt>
      <trkpt lat="46.13938667" lon="17.82405833">
        <ele>170.8</ele>
        <time>2025-07-23T16:02:21Z</time>
      </trkpt>
      <trkpt lat="46.1395" lon="17.82417333">
        <ele>170.3</ele>
        <time>2025-07-23T16:02:22Z</time>
      </trkpt>
      <trkpt lat="46.13962667" lon="17.82429833">
        <ele>169.5</ele>
        <time>2025-07-23T16:02:23Z</time>
      </trkpt>
      <trkpt lat="46.13975" lon="17.82443833">
        <ele>169.2</ele>
        <time>2025-07-23T16:02:24Z</time>
      </trkpt>
      <trkpt lat="46.13986833" lon="17.82459333">
        <ele>168.4</ele>
        <time>2025-07-23T16:02:25Z</time>
      </trkpt>
      <trkpt lat="46.13998833" lon="17.82474667">
        <ele>168.7</ele>
        <time>2025-07-23T16:02:26Z</time>
      </trkpt>
      <trkpt lat="46.14009667" lon="17.8249">
        <ele>170</ele>
        <time>2025-07-23T16:02:27Z</time>
      </trkpt>
      <trkpt lat="46.140205" lon="17.82507167">
        <ele>170</ele>
        <time>2025-07-23T16:02:28Z</time>
      </trkpt>
      <trkpt lat="46.14029333" lon="17.82523667">
        <ele>168.8</ele>
        <time>2025-07-23T16:02:29Z</time>
      </trkpt>
      <trkpt lat="46.14038833" lon="17.82541667">
        <ele>169.3</ele>
        <time>2025-07-23T16:02:30Z</time>
      </trkpt>
      <trkpt lat="46.14047167" lon="17.82559">
        <ele>169.5</ele>
        <time>2025-07-23T16:02:31Z</time>
      </trkpt>
      <trkpt lat="46.140565" lon="17.825775">
        <ele>170.3</ele>
        <time>2025-07-23T16:02:32Z</time>
      </trkpt>
      <trkpt lat="46.14063667" lon="17.82597667">
        <ele>169.7</ele>
        <time>2025-07-23T16:02:33Z</time>
      </trkpt>
      <trkpt lat="46.14069333" lon="17.82617333">
        <ele>169.4</ele>
        <time>2025-07-23T16:02:34Z</time>
      </trkpt>
      <trkpt lat="46.14075333" lon="17.82636667">
        <ele>168.9</ele>
        <time>2025-07-23T16:02:35Z</time>
      </trkpt>
      <trkpt lat="46.14081833" lon="17.826535">
        <ele>168.6</ele>
        <time>2025-07-23T16:02:36Z</time>
      </trkpt>
      <trkpt lat="46.140885" lon="17.82669833">
        <ele>167.6</ele>
        <time>2025-07-23T16:02:37Z</time>
      </trkpt>
      <trkpt lat="46.14094833" lon="17.82685833">
        <ele>167.3</ele>
        <time>2025-07-23T16:02:38Z</time>
      </trkpt>
      <trkpt lat="46.14101333" lon="17.82701333">
        <ele>167.2</ele>
        <time>2025-07-23T16:02:39Z</time>
      </trkpt>
      <trkpt lat="46.141085" lon="17.82715667">
        <ele>167.6</ele>
        <time>2025-07-23T16:02:40Z</time>
      </trkpt>
      <trkpt lat="46.14115667" lon="17.827295">
        <ele>166.7</ele>
        <time>2025-07-23T16:02:41Z</time>
      </trkpt>
      <trkpt lat="46.14122833" lon="17.82744">
        <ele>167.1</ele>
        <time>2025-07-23T16:02:42Z</time>
      </trkpt>
      <trkpt lat="46.141315" lon="17.827575">
        <ele>167.8</ele>
        <time>2025-07-23T16:02:43Z</time>
      </trkpt>
      <trkpt lat="46.1414" lon="17.82769667">
        <ele>167.9</ele>
        <time>2025-07-23T16:02:44Z</time>
      </trkpt>
      <trkpt lat="46.141495" lon="17.82781167">
        <ele>168.3</ele>
        <time>2025-07-23T16:02:45Z</time>
      </trkpt>
      <trkpt lat="46.14158833" lon="17.82793667">
        <ele>169.4</ele>
        <time>2025-07-23T16:02:46Z</time>
      </trkpt>
      <trkpt lat="46.14169" lon="17.828045">
        <ele>170.3</ele>
        <time>2025-07-23T16:02:47Z</time>
      </trkpt>
      <trkpt lat="46.14178667" lon="17.82815333">
        <ele>170.7</ele>
        <time>2025-07-23T16:02:48Z</time>
      </trkpt>
      <trkpt lat="46.14188" lon="17.82825167">
        <ele>171</ele>
        <time>2025-07-23T16:02:49Z</time>
      </trkpt>
      <trkpt lat="46.141965" lon="17.82834">
        <ele>171</ele>
        <time>2025-07-23T16:02:50Z</time>
      </trkpt>
      <trkpt lat="46.14205167" lon="17.828415">
        <ele>170.7</ele>
        <time>2025-07-23T16:02:51Z</time>
      </trkpt>
      <trkpt lat="46.142135" lon="17.82847833">
        <ele>170.6</ele>
        <time>2025-07-23T16:02:52Z</time>
      </trkpt>
      <trkpt lat="46.142225" lon="17.82853833">
        <ele>170.8</ele>
        <time>2025-07-23T16:02:53Z</time>
      </trkpt>
      <trkpt lat="46.142305" lon="17.82860667">
        <ele>171.4</ele>
        <time>2025-07-23T16:02:54Z</time>
      </trkpt>
      <trkpt lat="46.14239" lon="17.82868167">
        <ele>170.8</ele>
        <time>2025-07-23T16:02:55Z</time>
      </trkpt>
      <trkpt lat="46.14248333" lon="17.82874">
        <ele>171.1</ele>
        <time>2025-07-23T16:02:56Z</time>
      </trkpt>
      <trkpt lat="46.14258" lon="17.82881">
        <ele>171.2</ele>
        <time>2025-07-23T16:02:57Z</time>
      </trkpt>
      <trkpt lat="46.14269333" lon="17.82887167">
        <ele>172.1</ele>
        <time>2025-07-23T16:02:58Z</time>
      </trkpt>
      <trkpt lat="46.14280667" lon="17.82895">
        <ele>172.5</ele>
        <time>2025-07-23T16:02:59Z</time>
      </trkpt>
      <trkpt lat="46.14291833" lon="17.82902167">
        <ele>173.1</ele>
        <time>2025-07-23T16:03:00Z</time>
      </trkpt>
      <trkpt lat="46.14304333" lon="17.82908">
        <ele>173.9</ele>
        <time>2025-07-23T16:03:01Z</time>
      </trkpt>
      <trkpt lat="46.14316167" lon="17.829145">
        <ele>174.4</ele>
        <time>2025-07-23T16:03:02Z</time>
      </trkpt>
      <trkpt lat="46.14327167" lon="17.82922333">
        <ele>176</ele>
        <time>2025-07-23T16:03:03Z</time>
      </trkpt>
      <trkpt lat="46.14339167" lon="17.82929833">
        <ele>176.7</ele>
        <time>2025-07-23T16:03:04Z</time>
      </trkpt>
      <trkpt lat="46.14351833" lon="17.829365">
        <ele>177.4</ele>
        <time>2025-07-23T16:03:05Z</time>
      </trkpt>
      <trkpt lat="46.143645" lon="17.82943667">
        <ele>177.7</ele>
        <time>2025-07-23T16:03:06Z</time>
      </trkpt>
      <trkpt lat="46.14377" lon="17.82951">
        <ele>178.1</ele>
        <time>2025-07-23T16:03:07Z</time>
      </trkpt>
      <trkpt lat="46.14389167" lon="17.82958">
        <ele>179</ele>
        <time>2025-07-23T16:03:08Z</time>
      </trkpt>
      <trkpt lat="46.14401333" lon="17.829645">
        <ele>179.5</ele>
        <time>2025-07-23T16:03:09Z</time>
      </trkpt>
      <trkpt lat="46.14412667" lon="17.82971">
        <ele>180.3</ele>
        <time>2025-07-23T16:03:10Z</time>
      </trkpt>
      <trkpt lat="46.144235" lon="17.82977167">
        <ele>181.4</ele>
        <time>2025-07-23T16:03:11Z</time>
      </trkpt>
      <trkpt lat="46.144335" lon="17.829825">
        <ele>181.9</ele>
        <time>2025-07-23T16:03:12Z</time>
      </trkpt>
      <trkpt lat="46.14442833" lon="17.82987667">
        <ele>182.6</ele>
        <time>2025-07-23T16:03:13Z</time>
      </trkpt>
      <trkpt lat="46.144565" lon="17.82996167">
        <ele>183.3</ele>
        <time>2025-07-23T16:03:15Z</time>
      </trkpt>
      <trkpt lat="46.14465333" lon="17.83005333">
        <ele>183.3</ele>
        <time>2025-07-23T16:03:18Z</time>
      </trkpt>
      <trkpt lat="46.14465" lon="17.83021">
        <ele>180.9</ele>
        <time>2025-07-23T16:03:21Z</time>
      </trkpt>
      <trkpt lat="46.144615" lon="17.830345">
        <ele>180.1</ele>
        <time>2025-07-23T16:03:23Z</time>
      </trkpt>
      <trkpt lat="46.14459833" lon="17.83056">
        <ele>179.2</ele>
        <time>2025-07-23T16:03:25Z</time>
      </trkpt>
      <trkpt lat="46.14462167" lon="17.830805">
        <ele>178.3</ele>
        <time>2025-07-23T16:03:27Z</time>
      </trkpt>
      <trkpt lat="46.14463833" lon="17.830935">
        <ele>177.5</ele>
        <time>2025-07-23T16:03:28Z</time>
      </trkpt>
      <trkpt lat="46.14466667" lon="17.83107333">
        <ele>176.2</ele>
        <time>2025-07-23T16:03:29Z</time>
      </trkpt>
      <trkpt lat="46.14470833" lon="17.83121833">
        <ele>175.9</ele>
        <time>2025-07-23T16:03:30Z</time>
      </trkpt>
      <trkpt lat="46.14475" lon="17.83136667">
        <ele>175.3</ele>
        <time>2025-07-23T16:03:31Z</time>
      </trkpt>
      <trkpt lat="46.14480333" lon="17.83150667">
        <ele>174.7</ele>
        <time>2025-07-23T16:03:32Z</time>
      </trkpt>
      <trkpt lat="46.14487" lon="17.83164333">
        <ele>174.7</ele>
        <time>2025-07-23T16:03:33Z</time>
      </trkpt>
      <trkpt lat="46.14494167" lon="17.83178333">
        <ele>174.3</ele>
        <time>2025-07-23T16:03:34Z</time>
      </trkpt>
      <trkpt lat="46.14501667" lon="17.83192333">
        <ele>173.6</ele>
        <time>2025-07-23T16:03:35Z</time>
      </trkpt>
      <trkpt lat="46.14509333" lon="17.83207">
        <ele>173</ele>
        <time>2025-07-23T16:03:36Z</time>
      </trkpt>
      <trkpt lat="46.14516833" lon="17.83222">
        <ele>172.7</ele>
        <time>2025-07-23T16:03:37Z</time>
      </trkpt>
      <trkpt lat="46.14524833" lon="17.83236333">
        <ele>172.4</ele>
        <time>2025-07-23T16:03:38Z</time>
      </trkpt>
      <trkpt lat="46.14532167" lon="17.83250167">
        <ele>171.6</ele>
        <time>2025-07-23T16:03:39Z</time>
      </trkpt>
      <trkpt lat="46.14539333" lon="17.83264">
        <ele>171.4</ele>
        <time>2025-07-23T16:03:40Z</time>
      </trkpt>
      <trkpt lat="46.14545667" lon="17.83278333">
        <ele>171.3</ele>
        <time>2025-07-23T16:03:41Z</time>
      </trkpt>
      <trkpt lat="46.14552333" lon="17.83292667">
        <ele>170.9</ele>
        <time>2025-07-23T16:03:42Z</time>
      </trkpt>
      <trkpt lat="46.14558333" lon="17.83306167">
        <ele>170.9</ele>
        <time>2025-07-23T16:03:43Z</time>
      </trkpt>
      <trkpt lat="46.14563167" lon="17.833185">
        <ele>170.4</ele>
        <time>2025-07-23T16:03:44Z</time>
      </trkpt>
      <trkpt lat="46.14571167" lon="17.83342333">
        <ele>169.9</ele>
        <time>2025-07-23T16:03:46Z</time>
      </trkpt>
      <trkpt lat="46.14574333" lon="17.83355167">
        <ele>169.2</ele>
        <time>2025-07-23T16:03:47Z</time>
      </trkpt>
      <trkpt lat="46.14577833" lon="17.83368">
        <ele>168.5</ele>
        <time>2025-07-23T16:03:48Z</time>
      </trkpt>
      <trkpt lat="46.14582" lon="17.833815">
        <ele>168.3</ele>
        <time>2025-07-23T16:03:49Z</time>
      </trkpt>
      <trkpt lat="46.14584" lon="17.83395">
        <ele>168.6</ele>
        <time>2025-07-23T16:03:50Z</time>
      </trkpt>
      <trkpt lat="46.14588833" lon="17.83417333">
        <ele>169.1</ele>
        <time>2025-07-23T16:03:52Z</time>
      </trkpt>
      <trkpt lat="46.14592333" lon="17.83436167">
        <ele>169.6</ele>
        <time>2025-07-23T16:03:54Z</time>
      </trkpt>
      <trkpt lat="46.145955" lon="17.83458333">
        <ele>170.2</ele>
        <time>2025-07-23T16:03:56Z</time>
      </trkpt>
      <trkpt lat="46.14597" lon="17.83471167">
        <ele>170.4</ele>
        <time>2025-07-23T16:03:57Z</time>
      </trkpt>
      <trkpt lat="46.14598" lon="17.83485167">
        <ele>170.7</ele>
        <time>2025-07-23T16:03:58Z</time>
      </trkpt>
      <trkpt lat="46.14598167" lon="17.83499167">
        <ele>171.2</ele>
        <time>2025-07-23T16:03:59Z</time>
      </trkpt>
      <trkpt lat="46.14598667" lon="17.83513333">
        <ele>171.3</ele>
        <time>2025-07-23T16:04:00Z</time>
      </trkpt>
      <trkpt lat="46.14599" lon="17.83528167">
        <ele>172</ele>
        <time>2025-07-23T16:04:01Z</time>
      </trkpt>
      <trkpt lat="46.14598667" lon="17.83541833">
        <ele>172.6</ele>
        <time>2025-07-23T16:04:02Z</time>
      </trkpt>
      <trkpt lat="46.14598167" lon="17.83556167">
        <ele>172.2</ele>
        <time>2025-07-23T16:04:03Z</time>
      </trkpt>
      <trkpt lat="46.145975" lon="17.83569833">
        <ele>172.2</ele>
        <time>2025-07-23T16:04:04Z</time>
      </trkpt>
      <trkpt lat="46.14596167" lon="17.83584833">
        <ele>171.9</ele>
        <time>2025-07-23T16:04:05Z</time>
      </trkpt>
      <trkpt lat="46.14594667" lon="17.83599667">
        <ele>171.1</ele>
        <time>2025-07-23T16:04:06Z</time>
      </trkpt>
      <trkpt lat="46.14592667" lon="17.83613833">
        <ele>171.1</ele>
        <time>2025-07-23T16:04:07Z</time>
      </trkpt>
      <trkpt lat="46.14589833" lon="17.83628833">
        <ele>171.2</ele>
        <time>2025-07-23T16:04:08Z</time>
      </trkpt>
      <trkpt lat="46.14587" lon="17.83645167">
        <ele>171.2</ele>
        <time>2025-07-23T16:04:09Z</time>
      </trkpt>
      <trkpt lat="46.14583333" lon="17.83661">
        <ele>170.9</ele>
        <time>2025-07-23T16:04:10Z</time>
      </trkpt>
      <trkpt lat="46.14579167" lon="17.83677167">
        <ele>170.9</ele>
        <time>2025-07-23T16:04:11Z</time>
      </trkpt>
      <trkpt lat="46.14574667" lon="17.83692333">
        <ele>170.6</ele>
        <time>2025-07-23T16:04:12Z</time>
      </trkpt>
      <trkpt lat="46.145695" lon="17.83707833">
        <ele>170.5</ele>
        <time>2025-07-23T16:04:13Z</time>
      </trkpt>
      <trkpt lat="46.14564667" lon="17.83724333">
        <ele>170.5</ele>
        <time>2025-07-23T16:04:14Z</time>
      </trkpt>
      <trkpt lat="46.14560333" lon="17.8374">
        <ele>169.9</ele>
        <time>2025-07-23T16:04:15Z</time>
      </trkpt>
      <trkpt lat="46.14555" lon="17.83757">
        <ele>170.2</ele>
        <time>2025-07-23T16:04:16Z</time>
      </trkpt>
      <trkpt lat="46.145495" lon="17.837725">
        <ele>169.9</ele>
        <time>2025-07-23T16:04:17Z</time>
      </trkpt>
      <trkpt lat="46.145445" lon="17.83787833">
        <ele>169.9</ele>
        <time>2025-07-23T16:04:18Z</time>
      </trkpt>
      <trkpt lat="46.14538167" lon="17.83803667">
        <ele>170.1</ele>
        <time>2025-07-23T16:04:19Z</time>
      </trkpt>
      <trkpt lat="46.14532667" lon="17.83819667">
        <ele>170.6</ele>
        <time>2025-07-23T16:04:20Z</time>
      </trkpt>
      <trkpt lat="46.14527167" lon="17.83835833">
        <ele>170.6</ele>
        <time>2025-07-23T16:04:21Z</time>
      </trkpt>
      <trkpt lat="46.14523333" lon="17.83852333">
        <ele>171.6</ele>
        <time>2025-07-23T16:04:22Z</time>
      </trkpt>
      <trkpt lat="46.145195" lon="17.83868833">
        <ele>171.4</ele>
        <time>2025-07-23T16:04:23Z</time>
      </trkpt>
      <trkpt lat="46.14515833" lon="17.838855">
        <ele>171.9</ele>
        <time>2025-07-23T16:04:24Z</time>
      </trkpt>
      <trkpt lat="46.14512667" lon="17.83902833">
        <ele>172.1</ele>
        <time>2025-07-23T16:04:25Z</time>
      </trkpt>
      <trkpt lat="46.145095" lon="17.8392">
        <ele>172.4</ele>
        <time>2025-07-23T16:04:26Z</time>
      </trkpt>
      <trkpt lat="46.14507" lon="17.83937333">
        <ele>173.6</ele>
        <time>2025-07-23T16:04:27Z</time>
      </trkpt>
      <trkpt lat="46.14505333" lon="17.83954333">
        <ele>173.9</ele>
        <time>2025-07-23T16:04:28Z</time>
      </trkpt>
      <trkpt lat="46.14503333" lon="17.83971167">
        <ele>174.1</ele>
        <time>2025-07-23T16:04:29Z</time>
      </trkpt>
      <trkpt lat="46.14502667" lon="17.839885">
        <ele>174.6</ele>
        <time>2025-07-23T16:04:30Z</time>
      </trkpt>
      <trkpt lat="46.14502333" lon="17.84005">
        <ele>175</ele>
        <time>2025-07-23T16:04:31Z</time>
      </trkpt>
      <trkpt lat="46.14501833" lon="17.840215">
        <ele>175.9</ele>
        <time>2025-07-23T16:04:32Z</time>
      </trkpt>
      <trkpt lat="46.14501833" lon="17.84038667">
        <ele>176</ele>
        <time>2025-07-23T16:04:33Z</time>
      </trkpt>
      <trkpt lat="46.14503167" lon="17.840555">
        <ele>176.7</ele>
        <time>2025-07-23T16:04:34Z</time>
      </trkpt>
      <trkpt lat="46.14504333" lon="17.84072333">
        <ele>176.6</ele>
        <time>2025-07-23T16:04:35Z</time>
      </trkpt>
      <trkpt lat="46.14505833" lon="17.84088833">
        <ele>177.7</ele>
        <time>2025-07-23T16:04:36Z</time>
      </trkpt>
      <trkpt lat="46.14508" lon="17.84106333">
        <ele>178.4</ele>
        <time>2025-07-23T16:04:37Z</time>
      </trkpt>
      <trkpt lat="46.14510333" lon="17.841225">
        <ele>179.1</ele>
        <time>2025-07-23T16:04:38Z</time>
      </trkpt>
      <trkpt lat="46.14512833" lon="17.8414">
        <ele>179.8</ele>
        <time>2025-07-23T16:04:39Z</time>
      </trkpt>
      <trkpt lat="46.14515" lon="17.841565">
        <ele>181.2</ele>
        <time>2025-07-23T16:04:40Z</time>
      </trkpt>
      <trkpt lat="46.14517167" lon="17.84173">
        <ele>182.2</ele>
        <time>2025-07-23T16:04:41Z</time>
      </trkpt>
      <trkpt lat="46.14519667" lon="17.84189333">
        <ele>182.4</ele>
        <time>2025-07-23T16:04:42Z</time>
      </trkpt>
      <trkpt lat="46.14523" lon="17.84205667">
        <ele>182.2</ele>
        <time>2025-07-23T16:04:43Z</time>
      </trkpt>
      <trkpt lat="46.14526333" lon="17.842215">
        <ele>182.6</ele>
        <time>2025-07-23T16:04:44Z</time>
      </trkpt>
      <trkpt lat="46.14529" lon="17.84236833">
        <ele>182.5</ele>
        <time>2025-07-23T16:04:45Z</time>
      </trkpt>
      <trkpt lat="46.14531" lon="17.84252667">
        <ele>182.9</ele>
        <time>2025-07-23T16:04:46Z</time>
      </trkpt>
      <trkpt lat="46.14533667" lon="17.84269167">
        <ele>183.1</ele>
        <time>2025-07-23T16:04:47Z</time>
      </trkpt>
      <trkpt lat="46.14535667" lon="17.84284833">
        <ele>183.5</ele>
        <time>2025-07-23T16:04:48Z</time>
      </trkpt>
      <trkpt lat="46.14537333" lon="17.843">
        <ele>184.4</ele>
        <time>2025-07-23T16:04:49Z</time>
      </trkpt>
      <trkpt lat="46.1454" lon="17.84316">
        <ele>185.3</ele>
        <time>2025-07-23T16:04:50Z</time>
      </trkpt>
      <trkpt lat="46.145425" lon="17.84332333">
        <ele>185.4</ele>
        <time>2025-07-23T16:04:51Z</time>
      </trkpt>
      <trkpt lat="46.14545167" lon="17.84348167">
        <ele>186</ele>
        <time>2025-07-23T16:04:52Z</time>
      </trkpt>
      <trkpt lat="46.14547333" lon="17.84363667">
        <ele>186.3</ele>
        <time>2025-07-23T16:04:53Z</time>
      </trkpt>
      <trkpt lat="46.145485" lon="17.84378667">
        <ele>186</ele>
        <time>2025-07-23T16:04:54Z</time>
      </trkpt>
      <trkpt lat="46.14551167" lon="17.84394167">
        <ele>185.2</ele>
        <time>2025-07-23T16:04:55Z</time>
      </trkpt>
      <trkpt lat="46.14553333" lon="17.84409333">
        <ele>184.4</ele>
        <time>2025-07-23T16:04:56Z</time>
      </trkpt>
      <trkpt lat="46.14555833" lon="17.84425">
        <ele>183.2</ele>
        <time>2025-07-23T16:04:57Z</time>
      </trkpt>
      <trkpt lat="46.145585" lon="17.844405">
        <ele>182.1</ele>
        <time>2025-07-23T16:04:58Z</time>
      </trkpt>
      <trkpt lat="46.14561" lon="17.84455167">
        <ele>181.2</ele>
        <time>2025-07-23T16:04:59Z</time>
      </trkpt>
      <trkpt lat="46.14563333" lon="17.8447">
        <ele>180.1</ele>
        <time>2025-07-23T16:05:00Z</time>
      </trkpt>
      <trkpt lat="46.14565833" lon="17.84485167">
        <ele>179.6</ele>
        <time>2025-07-23T16:05:01Z</time>
      </trkpt>
      <trkpt lat="46.14568333" lon="17.84501333">
        <ele>179.4</ele>
        <time>2025-07-23T16:05:02Z</time>
      </trkpt>
      <trkpt lat="46.14571333" lon="17.84517167">
        <ele>179</ele>
        <time>2025-07-23T16:05:03Z</time>
      </trkpt>
      <trkpt lat="46.145745" lon="17.845335">
        <ele>178.7</ele>
        <time>2025-07-23T16:05:04Z</time>
      </trkpt>
      <trkpt lat="46.14577833" lon="17.84550667">
        <ele>178.4</ele>
        <time>2025-07-23T16:05:05Z</time>
      </trkpt>
      <trkpt lat="46.145805" lon="17.84568167">
        <ele>177.6</ele>
        <time>2025-07-23T16:05:06Z</time>
      </trkpt>
      <trkpt lat="46.14582833" lon="17.84586167">
        <ele>177.2</ele>
        <time>2025-07-23T16:05:07Z</time>
      </trkpt>
      <trkpt lat="46.14584833" lon="17.84603167">
        <ele>176.9</ele>
        <time>2025-07-23T16:05:08Z</time>
      </trkpt>
      <trkpt lat="46.14588167" lon="17.84621">
        <ele>177.5</ele>
        <time>2025-07-23T16:05:09Z</time>
      </trkpt>
      <trkpt lat="46.14590833" lon="17.84638">
        <ele>177.9</ele>
        <time>2025-07-23T16:05:10Z</time>
      </trkpt>
      <trkpt lat="46.14593333" lon="17.84655667">
        <ele>178.4</ele>
        <time>2025-07-23T16:05:11Z</time>
      </trkpt>
      <trkpt lat="46.145965" lon="17.846735">
        <ele>178.7</ele>
        <time>2025-07-23T16:05:12Z</time>
      </trkpt>
      <trkpt lat="46.14599667" lon="17.84691333">
        <ele>179</ele>
        <time>2025-07-23T16:05:13Z</time>
      </trkpt>
      <trkpt lat="46.14602833" lon="17.84708667">
        <ele>179.9</ele>
        <time>2025-07-23T16:05:14Z</time>
      </trkpt>
      <trkpt lat="46.14605167" lon="17.84725">
        <ele>179.6</ele>
        <time>2025-07-23T16:05:15Z</time>
      </trkpt>
      <trkpt lat="46.14608167" lon="17.84741167">
        <ele>179.5</ele>
        <time>2025-07-23T16:05:16Z</time>
      </trkpt>
      <trkpt lat="46.14610833" lon="17.84758667">
        <ele>179.8</ele>
        <time>2025-07-23T16:05:17Z</time>
      </trkpt>
      <trkpt lat="46.14613" lon="17.847765">
        <ele>179.3</ele>
        <time>2025-07-23T16:05:18Z</time>
      </trkpt>
      <trkpt lat="46.14616" lon="17.84793667">
        <ele>179.7</ele>
        <time>2025-07-23T16:05:19Z</time>
      </trkpt>
      <trkpt lat="46.14619" lon="17.84810667">
        <ele>179.8</ele>
        <time>2025-07-23T16:05:20Z</time>
      </trkpt>
      <trkpt lat="46.14621833" lon="17.84829">
        <ele>179.7</ele>
        <time>2025-07-23T16:05:21Z</time>
      </trkpt>
      <trkpt lat="46.14624333" lon="17.84846333">
        <ele>180.1</ele>
        <time>2025-07-23T16:05:22Z</time>
      </trkpt>
      <trkpt lat="46.14627167" lon="17.848645">
        <ele>180.5</ele>
        <time>2025-07-23T16:05:23Z</time>
      </trkpt>
      <trkpt lat="46.1463" lon="17.848825">
        <ele>181.4</ele>
        <time>2025-07-23T16:05:24Z</time>
      </trkpt>
      <trkpt lat="46.14632833" lon="17.84899833">
        <ele>182.6</ele>
        <time>2025-07-23T16:05:25Z</time>
      </trkpt>
      <trkpt lat="46.14635667" lon="17.84918167">
        <ele>182.4</ele>
        <time>2025-07-23T16:05:26Z</time>
      </trkpt>
      <trkpt lat="46.146385" lon="17.84936167">
        <ele>182.5</ele>
        <time>2025-07-23T16:05:27Z</time>
      </trkpt>
      <trkpt lat="46.14641" lon="17.84954167">
        <ele>181.8</ele>
        <time>2025-07-23T16:05:28Z</time>
      </trkpt>
      <trkpt lat="46.146435" lon="17.84972333">
        <ele>181.5</ele>
        <time>2025-07-23T16:05:29Z</time>
      </trkpt>
      <trkpt lat="46.14645667" lon="17.84989667">
        <ele>181.9</ele>
        <time>2025-07-23T16:05:30Z</time>
      </trkpt>
      <trkpt lat="46.14648167" lon="17.85007167">
        <ele>182.3</ele>
        <time>2025-07-23T16:05:31Z</time>
      </trkpt>
      <trkpt lat="46.14650333" lon="17.85025667">
        <ele>183.1</ele>
        <time>2025-07-23T16:05:32Z</time>
      </trkpt>
      <trkpt lat="46.146525" lon="17.850435">
        <ele>183.3</ele>
        <time>2025-07-23T16:05:33Z</time>
      </trkpt>
      <trkpt lat="46.14655" lon="17.85060833">
        <ele>183.4</ele>
        <time>2025-07-23T16:05:34Z</time>
      </trkpt>
      <trkpt lat="46.146575" lon="17.85077333">
        <ele>183.4</ele>
        <time>2025-07-23T16:05:35Z</time>
      </trkpt>
      <trkpt lat="46.146595" lon="17.85094667">
        <ele>183.1</ele>
        <time>2025-07-23T16:05:36Z</time>
      </trkpt>
      <trkpt lat="46.14661667" lon="17.851115">
        <ele>182.8</ele>
        <time>2025-07-23T16:05:37Z</time>
      </trkpt>
      <trkpt lat="46.146635" lon="17.851285">
        <ele>182.5</ele>
        <time>2025-07-23T16:05:38Z</time>
      </trkpt>
      <trkpt lat="46.14665167" lon="17.851455">
        <ele>183.2</ele>
        <time>2025-07-23T16:05:39Z</time>
      </trkpt>
      <trkpt lat="46.14667833" lon="17.85162333">
        <ele>183.4</ele>
        <time>2025-07-23T16:05:40Z</time>
      </trkpt>
      <trkpt lat="46.14669667" lon="17.85179667">
        <ele>183.2</ele>
        <time>2025-07-23T16:05:41Z</time>
      </trkpt>
      <trkpt lat="46.146715" lon="17.85196833">
        <ele>182.8</ele>
        <time>2025-07-23T16:05:42Z</time>
      </trkpt>
      <trkpt lat="46.14673667" lon="17.85213833">
        <ele>183.4</ele>
        <time>2025-07-23T16:05:43Z</time>
      </trkpt>
      <trkpt lat="46.14675" lon="17.85232">
        <ele>182.8</ele>
        <time>2025-07-23T16:05:44Z</time>
      </trkpt>
      <trkpt lat="46.14676833" lon="17.8525">
        <ele>182.6</ele>
        <time>2025-07-23T16:05:45Z</time>
      </trkpt>
      <trkpt lat="46.14678667" lon="17.85267667">
        <ele>183.1</ele>
        <time>2025-07-23T16:05:46Z</time>
      </trkpt>
      <trkpt lat="46.14680167" lon="17.85285333">
        <ele>182.8</ele>
        <time>2025-07-23T16:05:47Z</time>
      </trkpt>
      <trkpt lat="46.14680833" lon="17.85304">
        <ele>182.7</ele>
        <time>2025-07-23T16:05:48Z</time>
      </trkpt>
      <trkpt lat="46.14681667" lon="17.85322">
        <ele>181.3</ele>
        <time>2025-07-23T16:05:49Z</time>
      </trkpt>
      <trkpt lat="46.14682667" lon="17.85339333">
        <ele>180</ele>
        <time>2025-07-23T16:05:50Z</time>
      </trkpt>
      <trkpt lat="46.14683333" lon="17.85356">
        <ele>178.9</ele>
        <time>2025-07-23T16:05:51Z</time>
      </trkpt>
      <trkpt lat="46.14684833" lon="17.85373">
        <ele>177.6</ele>
        <time>2025-07-23T16:05:52Z</time>
      </trkpt>
      <trkpt lat="46.14685667" lon="17.85389333">
        <ele>176.6</ele>
        <time>2025-07-23T16:05:53Z</time>
      </trkpt>
      <trkpt lat="46.146865" lon="17.85405167">
        <ele>177.2</ele>
        <time>2025-07-23T16:05:54Z</time>
      </trkpt>
      <trkpt lat="46.14687833" lon="17.8542">
        <ele>177.1</ele>
        <time>2025-07-23T16:05:55Z</time>
      </trkpt>
      <trkpt lat="46.14688833" lon="17.85434">
        <ele>177.3</ele>
        <time>2025-07-23T16:05:56Z</time>
      </trkpt>
      <trkpt lat="46.14689833" lon="17.85448">
        <ele>177.1</ele>
        <time>2025-07-23T16:05:57Z</time>
      </trkpt>
      <trkpt lat="46.14690833" lon="17.85462">
        <ele>176.8</ele>
        <time>2025-07-23T16:05:58Z</time>
      </trkpt>
      <trkpt lat="46.14691" lon="17.85475833">
        <ele>176.4</ele>
        <time>2025-07-23T16:05:59Z</time>
      </trkpt>
      <trkpt lat="46.146915" lon="17.85489167">
        <ele>176.6</ele>
        <time>2025-07-23T16:06:00Z</time>
      </trkpt>
      <trkpt lat="46.14693833" lon="17.855155">
        <ele>176.1</ele>
        <time>2025-07-23T16:06:02Z</time>
      </trkpt>
      <trkpt lat="46.146965" lon="17.855395">
        <ele>175.9</ele>
        <time>2025-07-23T16:06:04Z</time>
      </trkpt>
      <trkpt lat="46.14697333" lon="17.85560833">
        <ele>175.2</ele>
        <time>2025-07-23T16:06:06Z</time>
      </trkpt>
      <trkpt lat="46.14697667" lon="17.85584667">
        <ele>175</ele>
        <time>2025-07-23T16:06:08Z</time>
      </trkpt>
      <trkpt lat="46.14698" lon="17.85611667">
        <ele>175.6</ele>
        <time>2025-07-23T16:06:10Z</time>
      </trkpt>
      <trkpt lat="46.146985" lon="17.856265">
        <ele>175.6</ele>
        <time>2025-07-23T16:06:11Z</time>
      </trkpt>
      <trkpt lat="46.14699167" lon="17.85640667">
        <ele>176</ele>
        <time>2025-07-23T16:06:12Z</time>
      </trkpt>
      <trkpt lat="46.147" lon="17.85655167">
        <ele>176.2</ele>
        <time>2025-07-23T16:06:13Z</time>
      </trkpt>
      <trkpt lat="46.14701167" lon="17.85669167">
        <ele>176.7</ele>
        <time>2025-07-23T16:06:14Z</time>
      </trkpt>
      <trkpt lat="46.14702333" lon="17.85683333">
        <ele>177.1</ele>
        <time>2025-07-23T16:06:15Z</time>
      </trkpt>
      <trkpt lat="46.147035" lon="17.85698333">
        <ele>177.1</ele>
        <time>2025-07-23T16:06:16Z</time>
      </trkpt>
      <trkpt lat="46.14704" lon="17.85713667">
        <ele>177.1</ele>
        <time>2025-07-23T16:06:17Z</time>
      </trkpt>
      <trkpt lat="46.14704333" lon="17.85729833">
        <ele>177.4</ele>
        <time>2025-07-23T16:06:18Z</time>
      </trkpt>
      <trkpt lat="46.14705" lon="17.85745667">
        <ele>177.6</ele>
        <time>2025-07-23T16:06:19Z</time>
      </trkpt>
      <trkpt lat="46.14705333" lon="17.85761667">
        <ele>177</ele>
        <time>2025-07-23T16:06:20Z</time>
      </trkpt>
      <trkpt lat="46.14705833" lon="17.85778667">
        <ele>175.8</ele>
        <time>2025-07-23T16:06:21Z</time>
      </trkpt>
      <trkpt lat="46.14707167" lon="17.85795667">
        <ele>175.3</ele>
        <time>2025-07-23T16:06:22Z</time>
      </trkpt>
      <trkpt lat="46.147075" lon="17.85811667">
        <ele>175.6</ele>
        <time>2025-07-23T16:06:23Z</time>
      </trkpt>
      <trkpt lat="46.14708333" lon="17.85828167">
        <ele>175.4</ele>
        <time>2025-07-23T16:06:24Z</time>
      </trkpt>
      <trkpt lat="46.14707333" lon="17.85844167">
        <ele>173.4</ele>
        <time>2025-07-23T16:06:25Z</time>
      </trkpt>
      <trkpt lat="46.14709" lon="17.858595">
        <ele>173.1</ele>
        <time>2025-07-23T16:06:26Z</time>
      </trkpt>
      <trkpt lat="46.1471" lon="17.85875">
        <ele>172.8</ele>
        <time>2025-07-23T16:06:27Z</time>
      </trkpt>
      <trkpt lat="46.147115" lon="17.85891">
        <ele>172.4</ele>
        <time>2025-07-23T16:06:28Z</time>
      </trkpt>
      <trkpt lat="46.14713167" lon="17.85908333">
        <ele>172.7</ele>
        <time>2025-07-23T16:06:29Z</time>
      </trkpt>
      <trkpt lat="46.147155" lon="17.85925">
        <ele>173.2</ele>
        <time>2025-07-23T16:06:30Z</time>
      </trkpt>
      <trkpt lat="46.14719" lon="17.85941833">
        <ele>174.8</ele>
        <time>2025-07-23T16:06:31Z</time>
      </trkpt>
      <trkpt lat="46.14722667" lon="17.85958167">
        <ele>175.7</ele>
        <time>2025-07-23T16:06:32Z</time>
      </trkpt>
      <trkpt lat="46.147265" lon="17.85974333">
        <ele>176.7</ele>
        <time>2025-07-23T16:06:33Z</time>
      </trkpt>
      <trkpt lat="46.14729667" lon="17.85989833">
        <ele>176.6</ele>
        <time>2025-07-23T16:06:34Z</time>
      </trkpt>
      <trkpt lat="46.147335" lon="17.86006167">
        <ele>176.8</ele>
        <time>2025-07-23T16:06:35Z</time>
      </trkpt>
      <trkpt lat="46.14737667" lon="17.86022833">
        <ele>176.2</ele>
        <time>2025-07-23T16:06:36Z</time>
      </trkpt>
      <trkpt lat="46.14741833" lon="17.86039167">
        <ele>175.6</ele>
        <time>2025-07-23T16:06:37Z</time>
      </trkpt>
      <trkpt lat="46.14744167" lon="17.860535">
        <ele>175.8</ele>
        <time>2025-07-23T16:06:38Z</time>
      </trkpt>
      <trkpt lat="46.14749333" lon="17.86069167">
        <ele>175.7</ele>
        <time>2025-07-23T16:06:39Z</time>
      </trkpt>
      <trkpt lat="46.14754833" lon="17.86085167">
        <ele>174.2</ele>
        <time>2025-07-23T16:06:40Z</time>
      </trkpt>
      <trkpt lat="46.14761167" lon="17.86101">
        <ele>173</ele>
        <time>2025-07-23T16:06:41Z</time>
      </trkpt>
      <trkpt lat="46.14766833" lon="17.86116167">
        <ele>172.1</ele>
        <time>2025-07-23T16:06:42Z</time>
      </trkpt>
      <trkpt lat="46.14772" lon="17.861305">
        <ele>170.5</ele>
        <time>2025-07-23T16:06:43Z</time>
      </trkpt>
      <trkpt lat="46.14777667" lon="17.86145667">
        <ele>171.1</ele>
        <time>2025-07-23T16:06:44Z</time>
      </trkpt>
      <trkpt lat="46.147835" lon="17.86160333">
        <ele>170.9</ele>
        <time>2025-07-23T16:06:45Z</time>
      </trkpt>
      <trkpt lat="46.14790167" lon="17.86172667">
        <ele>171.6</ele>
        <time>2025-07-23T16:06:46Z</time>
      </trkpt>
      <trkpt lat="46.147965" lon="17.86184667">
        <ele>172.2</ele>
        <time>2025-07-23T16:06:47Z</time>
      </trkpt>
      <trkpt lat="46.14802667" lon="17.86196">
        <ele>171.7</ele>
        <time>2025-07-23T16:06:48Z</time>
      </trkpt>
      <trkpt lat="46.14808667" lon="17.86207833">
        <ele>171.9</ele>
        <time>2025-07-23T16:06:49Z</time>
      </trkpt>
      <trkpt lat="46.14815167" lon="17.86219333">
        <ele>172.8</ele>
        <time>2025-07-23T16:06:50Z</time>
      </trkpt>
      <trkpt lat="46.14823167" lon="17.862315">
        <ele>173.8</ele>
        <time>2025-07-23T16:06:51Z</time>
      </trkpt>
      <trkpt lat="46.148305" lon="17.86243">
        <ele>173.9</ele>
        <time>2025-07-23T16:06:52Z</time>
      </trkpt>
      <trkpt lat="46.14838" lon="17.86254667">
        <ele>174.1</ele>
        <time>2025-07-23T16:06:53Z</time>
      </trkpt>
      <trkpt lat="46.14846" lon="17.86267">
        <ele>174.4</ele>
        <time>2025-07-23T16:06:54Z</time>
      </trkpt>
      <trkpt lat="46.14854333" lon="17.862795">
        <ele>175.4</ele>
        <time>2025-07-23T16:06:55Z</time>
      </trkpt>
      <trkpt lat="46.14861" lon="17.862915">
        <ele>175.4</ele>
        <time>2025-07-23T16:06:56Z</time>
      </trkpt>
      <trkpt lat="46.14868833" lon="17.86302833">
        <ele>175.5</ele>
        <time>2025-07-23T16:06:57Z</time>
      </trkpt>
      <trkpt lat="46.14876333" lon="17.86314167">
        <ele>175</ele>
        <time>2025-07-23T16:06:58Z</time>
      </trkpt>
      <trkpt lat="46.14885167" lon="17.86325833">
        <ele>174.3</ele>
        <time>2025-07-23T16:06:59Z</time>
      </trkpt>
      <trkpt lat="46.148945" lon="17.86336167">
        <ele>172.7</ele>
        <time>2025-07-23T16:07:00Z</time>
      </trkpt>
      <trkpt lat="46.14903667" lon="17.86348167">
        <ele>172.7</ele>
        <time>2025-07-23T16:07:01Z</time>
      </trkpt>
      <trkpt lat="46.149135" lon="17.86359">
        <ele>172.9</ele>
        <time>2025-07-23T16:07:02Z</time>
      </trkpt>
      <trkpt lat="46.14923167" lon="17.86369333">
        <ele>173.1</ele>
        <time>2025-07-23T16:07:03Z</time>
      </trkpt>
      <trkpt lat="46.14932167" lon="17.86378333">
        <ele>172.6</ele>
        <time>2025-07-23T16:07:04Z</time>
      </trkpt>
      <trkpt lat="46.14943" lon="17.863895">
        <ele>173.5</ele>
        <time>2025-07-23T16:07:05Z</time>
      </trkpt>
      <trkpt lat="46.149535" lon="17.86400333">
        <ele>173.3</ele>
        <time>2025-07-23T16:07:06Z</time>
      </trkpt>
      <trkpt lat="46.14964833" lon="17.86410167">
        <ele>172.9</ele>
        <time>2025-07-23T16:07:07Z</time>
      </trkpt>
      <trkpt lat="46.14975167" lon="17.864195">
        <ele>173.1</ele>
        <time>2025-07-23T16:07:08Z</time>
      </trkpt>
      <trkpt lat="46.14986" lon="17.864285">
        <ele>173.5</ele>
        <time>2025-07-23T16:07:09Z</time>
      </trkpt>
      <trkpt lat="46.14996333" lon="17.86438">
        <ele>174.5</ele>
        <time>2025-07-23T16:07:10Z</time>
      </trkpt>
      <trkpt lat="46.15007167" lon="17.86446833">
        <ele>175</ele>
        <time>2025-07-23T16:07:11Z</time>
      </trkpt>
      <trkpt lat="46.150175" lon="17.864555">
        <ele>175.5</ele>
        <time>2025-07-23T16:07:12Z</time>
      </trkpt>
      <trkpt lat="46.15028167" lon="17.864645">
        <ele>176.3</ele>
        <time>2025-07-23T16:07:13Z</time>
      </trkpt>
      <trkpt lat="46.15038167" lon="17.86472667">
        <ele>175.9</ele>
        <time>2025-07-23T16:07:14Z</time>
      </trkpt>
      <trkpt lat="46.15048167" lon="17.86481">
        <ele>175.9</ele>
        <time>2025-07-23T16:07:15Z</time>
      </trkpt>
      <trkpt lat="46.15058167" lon="17.8649">
        <ele>175.7</ele>
        <time>2025-07-23T16:07:16Z</time>
      </trkpt>
      <trkpt lat="46.15067833" lon="17.86498167">
        <ele>175.5</ele>
        <time>2025-07-23T16:07:17Z</time>
      </trkpt>
      <trkpt lat="46.15078333" lon="17.86506167">
        <ele>175.7</ele>
        <time>2025-07-23T16:07:18Z</time>
      </trkpt>
      <trkpt lat="46.15087" lon="17.86512333">
        <ele>176</ele>
        <time>2025-07-23T16:07:19Z</time>
      </trkpt>
      <trkpt lat="46.15097" lon="17.86521">
        <ele>175.4</ele>
        <time>2025-07-23T16:07:20Z</time>
      </trkpt>
      <trkpt lat="46.15105667" lon="17.86529667">
        <ele>175.7</ele>
        <time>2025-07-23T16:07:21Z</time>
      </trkpt>
      <trkpt lat="46.15115667" lon="17.86538167">
        <ele>175.3</ele>
        <time>2025-07-23T16:07:22Z</time>
      </trkpt>
      <trkpt lat="46.151255" lon="17.86547">
        <ele>175.4</ele>
        <time>2025-07-23T16:07:23Z</time>
      </trkpt>
      <trkpt lat="46.15134833" lon="17.86555667">
        <ele>175</ele>
        <time>2025-07-23T16:07:24Z</time>
      </trkpt>
      <trkpt lat="46.15144667" lon="17.86564167">
        <ele>175.2</ele>
        <time>2025-07-23T16:07:25Z</time>
      </trkpt>
      <trkpt lat="46.15154833" lon="17.865725">
        <ele>175.5</ele>
        <time>2025-07-23T16:07:26Z</time>
      </trkpt>
      <trkpt lat="46.15164667" lon="17.86581167">
        <ele>175.2</ele>
        <time>2025-07-23T16:07:27Z</time>
      </trkpt>
      <trkpt lat="46.15174333" lon="17.86589833">
        <ele>174.4</ele>
        <time>2025-07-23T16:07:28Z</time>
      </trkpt>
      <trkpt lat="46.15183333" lon="17.86597333">
        <ele>174</ele>
        <time>2025-07-23T16:07:29Z</time>
      </trkpt>
      <trkpt lat="46.15192667" lon="17.86605667">
        <ele>173.6</ele>
        <time>2025-07-23T16:07:30Z</time>
      </trkpt>
      <trkpt lat="46.15202" lon="17.86613667">
        <ele>173.7</ele>
        <time>2025-07-23T16:07:31Z</time>
      </trkpt>
      <trkpt lat="46.15211833" lon="17.866215">
        <ele>173.1</ele>
        <time>2025-07-23T16:07:32Z</time>
      </trkpt>
      <trkpt lat="46.15221333" lon="17.8663">
        <ele>173.7</ele>
        <time>2025-07-23T16:07:33Z</time>
      </trkpt>
      <trkpt lat="46.15230833" lon="17.86638333">
        <ele>174.4</ele>
        <time>2025-07-23T16:07:34Z</time>
      </trkpt>
      <trkpt lat="46.15239167" lon="17.86647667">
        <ele>174</ele>
        <time>2025-07-23T16:07:35Z</time>
      </trkpt>
      <trkpt lat="46.15247667" lon="17.86656833">
        <ele>173.3</ele>
        <time>2025-07-23T16:07:36Z</time>
      </trkpt>
      <trkpt lat="46.15255667" lon="17.86667833">
        <ele>173.8</ele>
        <time>2025-07-23T16:07:37Z</time>
      </trkpt>
      <trkpt lat="46.15263167" lon="17.86678333">
        <ele>174.4</ele>
        <time>2025-07-23T16:07:38Z</time>
      </trkpt>
      <trkpt lat="46.15269833" lon="17.86691167">
        <ele>174.6</ele>
        <time>2025-07-23T16:07:39Z</time>
      </trkpt>
      <trkpt lat="46.15276" lon="17.86703333">
        <ele>175.1</ele>
        <time>2025-07-23T16:07:40Z</time>
      </trkpt>
      <trkpt lat="46.15281333" lon="17.86715667">
        <ele>175.4</ele>
        <time>2025-07-23T16:07:41Z</time>
      </trkpt>
      <trkpt lat="46.15286833" lon="17.86728667">
        <ele>174.7</ele>
        <time>2025-07-23T16:07:42Z</time>
      </trkpt>
      <trkpt lat="46.15292" lon="17.86741833">
        <ele>174.2</ele>
        <time>2025-07-23T16:07:43Z</time>
      </trkpt>
      <trkpt lat="46.15297167" lon="17.86754833">
        <ele>174.1</ele>
        <time>2025-07-23T16:07:44Z</time>
      </trkpt>
      <trkpt lat="46.15302333" lon="17.86767833">
        <ele>173.8</ele>
        <time>2025-07-23T16:07:45Z</time>
      </trkpt>
      <trkpt lat="46.15307" lon="17.86780833">
        <ele>173.6</ele>
        <time>2025-07-23T16:07:46Z</time>
      </trkpt>
      <trkpt lat="46.15312333" lon="17.86793667">
        <ele>174.3</ele>
        <time>2025-07-23T16:07:47Z</time>
      </trkpt>
      <trkpt lat="46.15317167" lon="17.86807">
        <ele>174.6</ele>
        <time>2025-07-23T16:07:48Z</time>
      </trkpt>
      <trkpt lat="46.15322167" lon="17.8682">
        <ele>174.3</ele>
        <time>2025-07-23T16:07:49Z</time>
      </trkpt>
      <trkpt lat="46.153275" lon="17.868325">
        <ele>173.9</ele>
        <time>2025-07-23T16:07:50Z</time>
      </trkpt>
      <trkpt lat="46.153325" lon="17.86846">
        <ele>173</ele>
        <time>2025-07-23T16:07:51Z</time>
      </trkpt>
      <trkpt lat="46.15337833" lon="17.8686">
        <ele>173</ele>
        <time>2025-07-23T16:07:52Z</time>
      </trkpt>
      <trkpt lat="46.15343667" lon="17.86873">
        <ele>173.2</ele>
        <time>2025-07-23T16:07:53Z</time>
      </trkpt>
      <trkpt lat="46.15349167" lon="17.86885667">
        <ele>173.4</ele>
        <time>2025-07-23T16:07:54Z</time>
      </trkpt>
      <trkpt lat="46.15355667" lon="17.86899667">
        <ele>175</ele>
        <time>2025-07-23T16:07:55Z</time>
      </trkpt>
      <trkpt lat="46.153615" lon="17.86913167">
        <ele>176.2</ele>
        <time>2025-07-23T16:07:56Z</time>
      </trkpt>
      <trkpt lat="46.15367833" lon="17.86926167">
        <ele>176.6</ele>
        <time>2025-07-23T16:07:57Z</time>
      </trkpt>
      <trkpt lat="46.15374667" lon="17.86938167">
        <ele>176.3</ele>
        <time>2025-07-23T16:07:58Z</time>
      </trkpt>
      <trkpt lat="46.15381333" lon="17.86950833">
        <ele>176.4</ele>
        <time>2025-07-23T16:07:59Z</time>
      </trkpt>
      <trkpt lat="46.153875" lon="17.86962667">
        <ele>176.6</ele>
        <time>2025-07-23T16:08:00Z</time>
      </trkpt>
      <trkpt lat="46.153935" lon="17.86975167">
        <ele>176.3</ele>
        <time>2025-07-23T16:08:01Z</time>
      </trkpt>
      <trkpt lat="46.15399833" lon="17.86986833">
        <ele>176</ele>
        <time>2025-07-23T16:08:02Z</time>
      </trkpt>
      <trkpt lat="46.15406333" lon="17.86999333">
        <ele>176.3</ele>
        <time>2025-07-23T16:08:03Z</time>
      </trkpt>
      <trkpt lat="46.15413333" lon="17.87012">
        <ele>176.7</ele>
        <time>2025-07-23T16:08:04Z</time>
      </trkpt>
      <trkpt lat="46.15419833" lon="17.87023833">
        <ele>176.1</ele>
        <time>2025-07-23T16:08:05Z</time>
      </trkpt>
      <trkpt lat="46.15426333" lon="17.87035667">
        <ele>175.4</ele>
        <time>2025-07-23T16:08:06Z</time>
      </trkpt>
      <trkpt lat="46.15432667" lon="17.87048">
        <ele>174.7</ele>
        <time>2025-07-23T16:08:07Z</time>
      </trkpt>
      <trkpt lat="46.15439333" lon="17.87060333">
        <ele>174.8</ele>
        <time>2025-07-23T16:08:08Z</time>
      </trkpt>
      <trkpt lat="46.15446" lon="17.87073667">
        <ele>175.1</ele>
        <time>2025-07-23T16:08:09Z</time>
      </trkpt>
      <trkpt lat="46.15453167" lon="17.870865">
        <ele>175.6</ele>
        <time>2025-07-23T16:08:10Z</time>
      </trkpt>
      <trkpt lat="46.15461" lon="17.87099167">
        <ele>176.2</ele>
        <time>2025-07-23T16:08:11Z</time>
      </trkpt>
      <trkpt lat="46.15467333" lon="17.87112">
        <ele>176.2</ele>
        <time>2025-07-23T16:08:12Z</time>
      </trkpt>
      <trkpt lat="46.15474167" lon="17.87125333">
        <ele>175.8</ele>
        <time>2025-07-23T16:08:13Z</time>
      </trkpt>
      <trkpt lat="46.15480667" lon="17.87138167">
        <ele>175.5</ele>
        <time>2025-07-23T16:08:14Z</time>
      </trkpt>
      <trkpt lat="46.15487333" lon="17.87152333">
        <ele>176.2</ele>
        <time>2025-07-23T16:08:15Z</time>
      </trkpt>
      <trkpt lat="46.15494" lon="17.87165167">
        <ele>176</ele>
        <time>2025-07-23T16:08:16Z</time>
      </trkpt>
      <trkpt lat="46.15501667" lon="17.87177833">
        <ele>177</ele>
        <time>2025-07-23T16:08:17Z</time>
      </trkpt>
      <trkpt lat="46.155085" lon="17.87191167">
        <ele>177.7</ele>
        <time>2025-07-23T16:08:18Z</time>
      </trkpt>
      <trkpt lat="46.15515667" lon="17.87204333">
        <ele>178.1</ele>
        <time>2025-07-23T16:08:19Z</time>
      </trkpt>
      <trkpt lat="46.15522167" lon="17.87217333">
        <ele>178.4</ele>
        <time>2025-07-23T16:08:20Z</time>
      </trkpt>
      <trkpt lat="46.155295" lon="17.87229">
        <ele>179</ele>
        <time>2025-07-23T16:08:21Z</time>
      </trkpt>
      <trkpt lat="46.15537" lon="17.87241333">
        <ele>179.5</ele>
        <time>2025-07-23T16:08:22Z</time>
      </trkpt>
      <trkpt lat="46.15544833" lon="17.872525">
        <ele>179.2</ele>
        <time>2025-07-23T16:08:23Z</time>
      </trkpt>
      <trkpt lat="46.15552167" lon="17.87264167">
        <ele>179.2</ele>
        <time>2025-07-23T16:08:24Z</time>
      </trkpt>
      <trkpt lat="46.15559667" lon="17.87275833">
        <ele>179.1</ele>
        <time>2025-07-23T16:08:25Z</time>
      </trkpt>
      <trkpt lat="46.15567333" lon="17.87287333">
        <ele>179.3</ele>
        <time>2025-07-23T16:08:26Z</time>
      </trkpt>
      <trkpt lat="46.15574833" lon="17.87298">
        <ele>179.2</ele>
        <time>2025-07-23T16:08:27Z</time>
      </trkpt>
      <trkpt lat="46.15583333" lon="17.87309667">
        <ele>179.4</ele>
        <time>2025-07-23T16:08:28Z</time>
      </trkpt>
      <trkpt lat="46.15592167" lon="17.87319">
        <ele>177.7</ele>
        <time>2025-07-23T16:08:29Z</time>
      </trkpt>
      <trkpt lat="46.15599333" lon="17.87330833">
        <ele>177.9</ele>
        <time>2025-07-23T16:08:30Z</time>
      </trkpt>
      <trkpt lat="46.156065" lon="17.87341667">
        <ele>178.1</ele>
        <time>2025-07-23T16:08:31Z</time>
      </trkpt>
      <trkpt lat="46.15613333" lon="17.87353">
        <ele>178.7</ele>
        <time>2025-07-23T16:08:32Z</time>
      </trkpt>
      <trkpt lat="46.15620833" lon="17.87363167">
        <ele>179.2</ele>
        <time>2025-07-23T16:08:33Z</time>
      </trkpt>
      <trkpt lat="46.15628333" lon="17.87373833">
        <ele>179.5</ele>
        <time>2025-07-23T16:08:34Z</time>
      </trkpt>
      <trkpt lat="46.15634667" lon="17.87384667">
        <ele>179.5</ele>
        <time>2025-07-23T16:08:35Z</time>
      </trkpt>
      <trkpt lat="46.15641833" lon="17.87394167">
        <ele>179.7</ele>
        <time>2025-07-23T16:08:36Z</time>
      </trkpt>
      <trkpt lat="46.15648667" lon="17.87404">
        <ele>180.3</ele>
        <time>2025-07-23T16:08:37Z</time>
      </trkpt>
      <trkpt lat="46.15654833" lon="17.874135">
        <ele>180.5</ele>
        <time>2025-07-23T16:08:38Z</time>
      </trkpt>
      <trkpt lat="46.15667333" lon="17.874295">
        <ele>180.4</ele>
        <time>2025-07-23T16:08:40Z</time>
      </trkpt>
      <trkpt lat="46.156825" lon="17.8744">
        <ele>180.4</ele>
        <time>2025-07-23T16:08:42Z</time>
      </trkpt>
      <trkpt lat="46.15697" lon="17.87444">
        <ele>179.7</ele>
        <time>2025-07-23T16:08:44Z</time>
      </trkpt>
      <trkpt lat="46.15712667" lon="17.87446167">
        <ele>179.7</ele>
        <time>2025-07-23T16:08:46Z</time>
      </trkpt>
      <trkpt lat="46.15728" lon="17.87449667">
        <ele>178</ele>
        <time>2025-07-23T16:08:48Z</time>
      </trkpt>
      <trkpt lat="46.15739" lon="17.874545">
        <ele>177.8</ele>
        <time>2025-07-23T16:08:50Z</time>
      </trkpt>
      <trkpt lat="46.15750667" lon="17.874605">
        <ele>178.5</ele>
        <time>2025-07-23T16:08:53Z</time>
      </trkpt>
      <trkpt lat="46.15760167" lon="17.874615">
        <ele>177.4</ele>
        <time>2025-07-23T16:09:08Z</time>
      </trkpt>
      <trkpt lat="46.15772833" lon="17.87463333">
        <ele>176.4</ele>
        <time>2025-07-23T16:09:11Z</time>
      </trkpt>
      <trkpt lat="46.15782167" lon="17.87467167">
        <ele>177.8</ele>
        <time>2025-07-23T16:09:13Z</time>
      </trkpt>
      <trkpt lat="46.15794333" lon="17.87475167">
        <ele>178.3</ele>
        <time>2025-07-23T16:09:15Z</time>
      </trkpt>
      <trkpt lat="46.158075" lon="17.87485167">
        <ele>178.3</ele>
        <time>2025-07-23T16:09:17Z</time>
      </trkpt>
      <trkpt lat="46.15821" lon="17.87495">
        <ele>177.3</ele>
        <time>2025-07-23T16:09:19Z</time>
      </trkpt>
      <trkpt lat="46.15836333" lon="17.87506833">
        <ele>177.1</ele>
        <time>2025-07-23T16:09:21Z</time>
      </trkpt>
      <trkpt lat="46.158445" lon="17.87512667">
        <ele>178</ele>
        <time>2025-07-23T16:09:22Z</time>
      </trkpt>
      <trkpt lat="46.15853" lon="17.87519">
        <ele>178</ele>
        <time>2025-07-23T16:09:23Z</time>
      </trkpt>
      <trkpt lat="46.15861167" lon="17.87526167">
        <ele>177.6</ele>
        <time>2025-07-23T16:09:24Z</time>
      </trkpt>
      <trkpt lat="46.1587" lon="17.87532">
        <ele>177.7</ele>
        <time>2025-07-23T16:09:25Z</time>
      </trkpt>
      <trkpt lat="46.15878333" lon="17.87537667">
        <ele>178.1</ele>
        <time>2025-07-23T16:09:26Z</time>
      </trkpt>
      <trkpt lat="46.15886833" lon="17.87544">
        <ele>178.2</ele>
        <time>2025-07-23T16:09:27Z</time>
      </trkpt>
      <trkpt lat="46.15895667" lon="17.875505">
        <ele>178.6</ele>
        <time>2025-07-23T16:09:28Z</time>
      </trkpt>
      <trkpt lat="46.15904" lon="17.87557333">
        <ele>178.9</ele>
        <time>2025-07-23T16:09:29Z</time>
      </trkpt>
      <trkpt lat="46.159125" lon="17.87563833">
        <ele>178.6</ele>
        <time>2025-07-23T16:09:30Z</time>
      </trkpt>
      <trkpt lat="46.15920667" lon="17.875705">
        <ele>179</ele>
        <time>2025-07-23T16:09:31Z</time>
      </trkpt>
      <trkpt lat="46.15928833" lon="17.87576667">
        <ele>179.2</ele>
        <time>2025-07-23T16:09:32Z</time>
      </trkpt>
      <trkpt lat="46.15938" lon="17.87583">
        <ele>179.2</ele>
        <time>2025-07-23T16:09:33Z</time>
      </trkpt>
      <trkpt lat="46.15947" lon="17.87589">
        <ele>179.6</ele>
        <time>2025-07-23T16:09:34Z</time>
      </trkpt>
      <trkpt lat="46.15955167" lon="17.87595833">
        <ele>179</ele>
        <time>2025-07-23T16:09:35Z</time>
      </trkpt>
      <trkpt lat="46.15963" lon="17.87603667">
        <ele>179.4</ele>
        <time>2025-07-23T16:09:36Z</time>
      </trkpt>
      <trkpt lat="46.15970333" lon="17.87611833">
        <ele>178.9</ele>
        <time>2025-07-23T16:09:37Z</time>
      </trkpt>
      <trkpt lat="46.15977667" lon="17.876205">
        <ele>178.5</ele>
        <time>2025-07-23T16:09:38Z</time>
      </trkpt>
      <trkpt lat="46.15984833" lon="17.876295">
        <ele>178.1</ele>
        <time>2025-07-23T16:09:39Z</time>
      </trkpt>
      <trkpt lat="46.15991667" lon="17.87639667">
        <ele>177.5</ele>
        <time>2025-07-23T16:09:40Z</time>
      </trkpt>
      <trkpt lat="46.15998333" lon="17.876505">
        <ele>177.4</ele>
        <time>2025-07-23T16:09:41Z</time>
      </trkpt>
      <trkpt lat="46.160055" lon="17.876605">
        <ele>177.4</ele>
        <time>2025-07-23T16:09:42Z</time>
      </trkpt>
      <trkpt lat="46.16011833" lon="17.87672">
        <ele>177.7</ele>
        <time>2025-07-23T16:09:43Z</time>
      </trkpt>
      <trkpt lat="46.16018" lon="17.87682667">
        <ele>177.8</ele>
        <time>2025-07-23T16:09:44Z</time>
      </trkpt>
      <trkpt lat="46.16024833" lon="17.876925">
        <ele>178.1</ele>
        <time>2025-07-23T16:09:45Z</time>
      </trkpt>
      <trkpt lat="46.160315" lon="17.87702667">
        <ele>177.8</ele>
        <time>2025-07-23T16:09:46Z</time>
      </trkpt>
      <trkpt lat="46.16038333" lon="17.87713667">
        <ele>177.5</ele>
        <time>2025-07-23T16:09:47Z</time>
      </trkpt>
      <trkpt lat="46.16044333" lon="17.87725">
        <ele>177.9</ele>
        <time>2025-07-23T16:09:48Z</time>
      </trkpt>
      <trkpt lat="46.16051167" lon="17.877365">
        <ele>178.2</ele>
        <time>2025-07-23T16:09:49Z</time>
      </trkpt>
      <trkpt lat="46.16057167" lon="17.87748167">
        <ele>178.5</ele>
        <time>2025-07-23T16:09:50Z</time>
      </trkpt>
      <trkpt lat="46.16063167" lon="17.87760333">
        <ele>178.8</ele>
        <time>2025-07-23T16:09:51Z</time>
      </trkpt>
      <trkpt lat="46.16069667" lon="17.87772167">
        <ele>178.8</ele>
        <time>2025-07-23T16:09:52Z</time>
      </trkpt>
      <trkpt lat="46.160755" lon="17.87784">
        <ele>178.2</ele>
        <time>2025-07-23T16:09:53Z</time>
      </trkpt>
      <trkpt lat="46.16082667" lon="17.877965">
        <ele>177.7</ele>
        <time>2025-07-23T16:09:54Z</time>
      </trkpt>
      <trkpt lat="46.16089667" lon="17.87808167">
        <ele>176.9</ele>
        <time>2025-07-23T16:09:55Z</time>
      </trkpt>
      <trkpt lat="46.16096" lon="17.87818833">
        <ele>176</ele>
        <time>2025-07-23T16:09:56Z</time>
      </trkpt>
      <trkpt lat="46.16102333" lon="17.87830333">
        <ele>175.4</ele>
        <time>2025-07-23T16:09:57Z</time>
      </trkpt>
      <trkpt lat="46.16108833" lon="17.87841667">
        <ele>175.5</ele>
        <time>2025-07-23T16:09:58Z</time>
      </trkpt>
      <trkpt lat="46.16115667" lon="17.87852833">
        <ele>175</ele>
        <time>2025-07-23T16:09:59Z</time>
      </trkpt>
      <trkpt lat="46.161225" lon="17.87863667">
        <ele>174.9</ele>
        <time>2025-07-23T16:10:00Z</time>
      </trkpt>
      <trkpt lat="46.16129333" lon="17.878745">
        <ele>174.8</ele>
        <time>2025-07-23T16:10:01Z</time>
      </trkpt>
      <trkpt lat="46.16136" lon="17.87884833">
        <ele>174.5</ele>
        <time>2025-07-23T16:10:02Z</time>
      </trkpt>
      <trkpt lat="46.161435" lon="17.87895667">
        <ele>175.6</ele>
        <time>2025-07-23T16:10:03Z</time>
      </trkpt>
      <trkpt lat="46.16149667" lon="17.87906333">
        <ele>176</ele>
        <time>2025-07-23T16:10:04Z</time>
      </trkpt>
      <trkpt lat="46.16156167" lon="17.87917167">
        <ele>176</ele>
        <time>2025-07-23T16:10:05Z</time>
      </trkpt>
      <trkpt lat="46.16162667" lon="17.87928167">
        <ele>176.2</ele>
        <time>2025-07-23T16:10:06Z</time>
      </trkpt>
      <trkpt lat="46.161685" lon="17.87939167">
        <ele>175.9</ele>
        <time>2025-07-23T16:10:07Z</time>
      </trkpt>
      <trkpt lat="46.16173667" lon="17.87950167">
        <ele>175.9</ele>
        <time>2025-07-23T16:10:08Z</time>
      </trkpt>
      <trkpt lat="46.16179167" lon="17.87962333">
        <ele>176.5</ele>
        <time>2025-07-23T16:10:09Z</time>
      </trkpt>
      <trkpt lat="46.16184833" lon="17.87975167">
        <ele>177</ele>
        <time>2025-07-23T16:10:10Z</time>
      </trkpt>
      <trkpt lat="46.16190167" lon="17.87988">
        <ele>177.2</ele>
        <time>2025-07-23T16:10:11Z</time>
      </trkpt>
      <trkpt lat="46.16196167" lon="17.880015">
        <ele>177.6</ele>
        <time>2025-07-23T16:10:12Z</time>
      </trkpt>
      <trkpt lat="46.16202167" lon="17.88014667">
        <ele>178.7</ele>
        <time>2025-07-23T16:10:13Z</time>
      </trkpt>
      <trkpt lat="46.162075" lon="17.88027">
        <ele>180.5</ele>
        <time>2025-07-23T16:10:14Z</time>
      </trkpt>
      <trkpt lat="46.16213" lon="17.88039833">
        <ele>181</ele>
        <time>2025-07-23T16:10:15Z</time>
      </trkpt>
      <trkpt lat="46.16218333" lon="17.880535">
        <ele>181.2</ele>
        <time>2025-07-23T16:10:16Z</time>
      </trkpt>
      <trkpt lat="46.16224" lon="17.88067167">
        <ele>181.1</ele>
        <time>2025-07-23T16:10:17Z</time>
      </trkpt>
      <trkpt lat="46.16229333" lon="17.88080333">
        <ele>180.9</ele>
        <time>2025-07-23T16:10:18Z</time>
      </trkpt>
      <trkpt lat="46.16234667" lon="17.880935">
        <ele>181.3</ele>
        <time>2025-07-23T16:10:19Z</time>
      </trkpt>
      <trkpt lat="46.16239833" lon="17.88107">
        <ele>181.1</ele>
        <time>2025-07-23T16:10:20Z</time>
      </trkpt>
      <trkpt lat="46.16245167" lon="17.88120167">
        <ele>180.6</ele>
        <time>2025-07-23T16:10:21Z</time>
      </trkpt>
      <trkpt lat="46.16249167" lon="17.88132">
        <ele>180.1</ele>
        <time>2025-07-23T16:10:22Z</time>
      </trkpt>
      <trkpt lat="46.16253833" lon="17.88144667">
        <ele>180</ele>
        <time>2025-07-23T16:10:23Z</time>
      </trkpt>
      <trkpt lat="46.16259" lon="17.88156333">
        <ele>178.9</ele>
        <time>2025-07-23T16:10:24Z</time>
      </trkpt>
      <trkpt lat="46.16265167" lon="17.8817">
        <ele>179.1</ele>
        <time>2025-07-23T16:10:25Z</time>
      </trkpt>
      <trkpt lat="46.16271333" lon="17.88183333">
        <ele>179.2</ele>
        <time>2025-07-23T16:10:26Z</time>
      </trkpt>
      <trkpt lat="46.162765" lon="17.881965">
        <ele>178.3</ele>
        <time>2025-07-23T16:10:27Z</time>
      </trkpt>
      <trkpt lat="46.16282667" lon="17.88210167">
        <ele>177.9</ele>
        <time>2025-07-23T16:10:28Z</time>
      </trkpt>
      <trkpt lat="46.16289167" lon="17.882235">
        <ele>178.5</ele>
        <time>2025-07-23T16:10:29Z</time>
      </trkpt>
      <trkpt lat="46.16295667" lon="17.88236833">
        <ele>178.9</ele>
        <time>2025-07-23T16:10:30Z</time>
      </trkpt>
      <trkpt lat="46.16301833" lon="17.882505">
        <ele>179.6</ele>
        <time>2025-07-23T16:10:31Z</time>
      </trkpt>
      <trkpt lat="46.16308" lon="17.88263667">
        <ele>180.9</ele>
        <time>2025-07-23T16:10:32Z</time>
      </trkpt>
      <trkpt lat="46.16314333" lon="17.88276667">
        <ele>181.6</ele>
        <time>2025-07-23T16:10:33Z</time>
      </trkpt>
      <trkpt lat="46.1632" lon="17.882905">
        <ele>181.2</ele>
        <time>2025-07-23T16:10:34Z</time>
      </trkpt>
      <trkpt lat="46.16326333" lon="17.88304333">
        <ele>181.4</ele>
        <time>2025-07-23T16:10:35Z</time>
      </trkpt>
      <trkpt lat="46.16332333" lon="17.88318833">
        <ele>181.5</ele>
        <time>2025-07-23T16:10:36Z</time>
      </trkpt>
      <trkpt lat="46.16338" lon="17.88334">
        <ele>181</ele>
        <time>2025-07-23T16:10:37Z</time>
      </trkpt>
      <trkpt lat="46.16343667" lon="17.88349167">
        <ele>181</ele>
        <time>2025-07-23T16:10:38Z</time>
      </trkpt>
      <trkpt lat="46.1635" lon="17.883645">
        <ele>180.7</ele>
        <time>2025-07-23T16:10:39Z</time>
      </trkpt>
      <trkpt lat="46.16356667" lon="17.8838">
        <ele>180.7</ele>
        <time>2025-07-23T16:10:40Z</time>
      </trkpt>
      <trkpt lat="46.16362167" lon="17.88394667">
        <ele>179.9</ele>
        <time>2025-07-23T16:10:41Z</time>
      </trkpt>
      <trkpt lat="46.16368333" lon="17.88408667">
        <ele>179.5</ele>
        <time>2025-07-23T16:10:42Z</time>
      </trkpt>
      <trkpt lat="46.16375167" lon="17.88423667">
        <ele>179.3</ele>
        <time>2025-07-23T16:10:43Z</time>
      </trkpt>
      <trkpt lat="46.163815" lon="17.88438667">
        <ele>179</ele>
        <time>2025-07-23T16:10:44Z</time>
      </trkpt>
      <trkpt lat="46.16387" lon="17.88453167">
        <ele>178.9</ele>
        <time>2025-07-23T16:10:45Z</time>
      </trkpt>
      <trkpt lat="46.16393333" lon="17.88467833">
        <ele>179.6</ele>
        <time>2025-07-23T16:10:46Z</time>
      </trkpt>
      <trkpt lat="46.16400167" lon="17.88482167">
        <ele>180</ele>
        <time>2025-07-23T16:10:47Z</time>
      </trkpt>
      <trkpt lat="46.164065" lon="17.88496833">
        <ele>180.9</ele>
        <time>2025-07-23T16:10:48Z</time>
      </trkpt>
      <trkpt lat="46.16413" lon="17.88511333">
        <ele>182</ele>
        <time>2025-07-23T16:10:49Z</time>
      </trkpt>
      <trkpt lat="46.16418667" lon="17.88525167">
        <ele>182.1</ele>
        <time>2025-07-23T16:10:50Z</time>
      </trkpt>
      <trkpt lat="46.16423833" lon="17.88539">
        <ele>182.1</ele>
        <time>2025-07-23T16:10:51Z</time>
      </trkpt>
      <trkpt lat="46.16429833" lon="17.885525">
        <ele>182.3</ele>
        <time>2025-07-23T16:10:52Z</time>
      </trkpt>
      <trkpt lat="46.164355" lon="17.88565833">
        <ele>182.4</ele>
        <time>2025-07-23T16:10:53Z</time>
      </trkpt>
      <trkpt lat="46.16441" lon="17.88578667">
        <ele>182.3</ele>
        <time>2025-07-23T16:10:54Z</time>
      </trkpt>
      <trkpt lat="46.16447333" lon="17.88589333">
        <ele>180.8</ele>
        <time>2025-07-23T16:10:55Z</time>
      </trkpt>
      <trkpt lat="46.164535" lon="17.88601333">
        <ele>181</ele>
        <time>2025-07-23T16:10:56Z</time>
      </trkpt>
      <trkpt lat="46.16461333" lon="17.88614">
        <ele>181.3</ele>
        <time>2025-07-23T16:10:57Z</time>
      </trkpt>
      <trkpt lat="46.164705" lon="17.88625">
        <ele>182.7</ele>
        <time>2025-07-23T16:10:58Z</time>
      </trkpt>
      <trkpt lat="46.1648" lon="17.886355">
        <ele>184</ele>
        <time>2025-07-23T16:10:59Z</time>
      </trkpt>
      <trkpt lat="46.16490833" lon="17.88643833">
        <ele>184.9</ele>
        <time>2025-07-23T16:11:00Z</time>
      </trkpt>
      <trkpt lat="46.165015" lon="17.88651833">
        <ele>184.5</ele>
        <time>2025-07-23T16:11:01Z</time>
      </trkpt>
      <trkpt lat="46.16511833" lon="17.88660333">
        <ele>184</ele>
        <time>2025-07-23T16:11:02Z</time>
      </trkpt>
      <trkpt lat="46.16522" lon="17.88668667">
        <ele>183.6</ele>
        <time>2025-07-23T16:11:03Z</time>
      </trkpt>
      <trkpt lat="46.16532" lon="17.88677667">
        <ele>182.2</ele>
        <time>2025-07-23T16:11:04Z</time>
      </trkpt>
      <trkpt lat="46.16542833" lon="17.88686167">
        <ele>182.1</ele>
        <time>2025-07-23T16:11:05Z</time>
      </trkpt>
      <trkpt lat="46.16553" lon="17.88694167">
        <ele>181.8</ele>
        <time>2025-07-23T16:11:06Z</time>
      </trkpt>
      <trkpt lat="46.16563333" lon="17.88703167">
        <ele>181.9</ele>
        <time>2025-07-23T16:11:07Z</time>
      </trkpt>
      <trkpt lat="46.165735" lon="17.88712333">
        <ele>181.8</ele>
        <time>2025-07-23T16:11:08Z</time>
      </trkpt>
      <trkpt lat="46.16584167" lon="17.88720833">
        <ele>181.8</ele>
        <time>2025-07-23T16:11:09Z</time>
      </trkpt>
      <trkpt lat="46.165955" lon="17.887285">
        <ele>182.5</ele>
        <time>2025-07-23T16:11:10Z</time>
      </trkpt>
      <trkpt lat="46.16605833" lon="17.88736667">
        <ele>181.7</ele>
        <time>2025-07-23T16:11:11Z</time>
      </trkpt>
      <trkpt lat="46.166175" lon="17.887445">
        <ele>182</ele>
        <time>2025-07-23T16:11:12Z</time>
      </trkpt>
      <trkpt lat="46.16629" lon="17.88751333">
        <ele>182.2</ele>
        <time>2025-07-23T16:11:13Z</time>
      </trkpt>
      <trkpt lat="46.16640333" lon="17.88758333">
        <ele>182.5</ele>
        <time>2025-07-23T16:11:14Z</time>
      </trkpt>
      <trkpt lat="46.16652333" lon="17.88763167">
        <ele>183.1</ele>
        <time>2025-07-23T16:11:15Z</time>
      </trkpt>
      <trkpt lat="46.166635" lon="17.88769">
        <ele>182.8</ele>
        <time>2025-07-23T16:11:16Z</time>
      </trkpt>
      <trkpt lat="46.16675167" lon="17.88772667">
        <ele>182.8</ele>
        <time>2025-07-23T16:11:17Z</time>
      </trkpt>
      <trkpt lat="46.16686" lon="17.88777">
        <ele>182.9</ele>
        <time>2025-07-23T16:11:18Z</time>
      </trkpt>
      <trkpt lat="46.16697167" lon="17.88782167">
        <ele>182.4</ele>
        <time>2025-07-23T16:11:19Z</time>
      </trkpt>
      <trkpt lat="46.167085" lon="17.88786167">
        <ele>182.1</ele>
        <time>2025-07-23T16:11:20Z</time>
      </trkpt>
      <trkpt lat="46.1672" lon="17.88789833">
        <ele>182.4</ele>
        <time>2025-07-23T16:11:21Z</time>
      </trkpt>
      <trkpt lat="46.16731833" lon="17.88794167">
        <ele>182.1</ele>
        <time>2025-07-23T16:11:22Z</time>
      </trkpt>
      <trkpt lat="46.16743333" lon="17.88798333">
        <ele>181.7</ele>
        <time>2025-07-23T16:11:23Z</time>
      </trkpt>
      <trkpt lat="46.16755" lon="17.88803167">
        <ele>181.9</ele>
        <time>2025-07-23T16:11:24Z</time>
      </trkpt>
      <trkpt lat="46.16766167" lon="17.88807667">
        <ele>181.9</ele>
        <time>2025-07-23T16:11:25Z</time>
      </trkpt>
      <trkpt lat="46.16776833" lon="17.888125">
        <ele>182</ele>
        <time>2025-07-23T16:11:26Z</time>
      </trkpt>
      <trkpt lat="46.16788167" lon="17.88815833">
        <ele>182</ele>
        <time>2025-07-23T16:11:27Z</time>
      </trkpt>
      <trkpt lat="46.16798167" lon="17.88819833">
        <ele>181.8</ele>
        <time>2025-07-23T16:11:28Z</time>
      </trkpt>
      <trkpt lat="46.16808333" lon="17.88824">
        <ele>182.1</ele>
        <time>2025-07-23T16:11:29Z</time>
      </trkpt>
      <trkpt lat="46.16817833" lon="17.888275">
        <ele>182.6</ele>
        <time>2025-07-23T16:11:30Z</time>
      </trkpt>
      <trkpt lat="46.16833667" lon="17.88833833">
        <ele>181.9</ele>
        <time>2025-07-23T16:11:32Z</time>
      </trkpt>
      <trkpt lat="46.16846167" lon="17.888375">
        <ele>179.8</ele>
        <time>2025-07-23T16:11:34Z</time>
      </trkpt>
      <trkpt lat="46.16857167" lon="17.8884">
        <ele>178.6</ele>
        <time>2025-07-23T16:11:36Z</time>
      </trkpt>
      <trkpt lat="46.16868333" lon="17.88842333">
        <ele>178.5</ele>
        <time>2025-07-23T16:11:38Z</time>
      </trkpt>
      <trkpt lat="46.16880667" lon="17.88844333">
        <ele>178.5</ele>
        <time>2025-07-23T16:11:40Z</time>
      </trkpt>
      <trkpt lat="46.16897167" lon="17.888485">
        <ele>178.8</ele>
        <time>2025-07-23T16:11:42Z</time>
      </trkpt>
      <trkpt lat="46.16906167" lon="17.88849167">
        <ele>178.4</ele>
        <time>2025-07-23T16:11:43Z</time>
      </trkpt>
      <trkpt lat="46.16915333" lon="17.88851833">
        <ele>178.6</ele>
        <time>2025-07-23T16:11:44Z</time>
      </trkpt>
      <trkpt lat="46.16924333" lon="17.88854333">
        <ele>178.9</ele>
        <time>2025-07-23T16:11:45Z</time>
      </trkpt>
      <trkpt lat="46.16934333" lon="17.88857667">
        <ele>178.2</ele>
        <time>2025-07-23T16:11:46Z</time>
      </trkpt>
      <trkpt lat="46.16943667" lon="17.88860667">
        <ele>178.2</ele>
        <time>2025-07-23T16:11:47Z</time>
      </trkpt>
      <trkpt lat="46.16953333" lon="17.88863167">
        <ele>177.6</ele>
        <time>2025-07-23T16:11:48Z</time>
      </trkpt>
      <trkpt lat="46.169625" lon="17.88865833">
        <ele>178</ele>
        <time>2025-07-23T16:11:49Z</time>
      </trkpt>
      <trkpt lat="46.16971833" lon="17.888685">
        <ele>177.7</ele>
        <time>2025-07-23T16:11:50Z</time>
      </trkpt>
      <trkpt lat="46.16980833" lon="17.88871167">
        <ele>177.6</ele>
        <time>2025-07-23T16:11:51Z</time>
      </trkpt>
      <trkpt lat="46.16997167" lon="17.88879">
        <ele>177.2</ele>
        <time>2025-07-23T16:11:53Z</time>
      </trkpt>
      <trkpt lat="46.17010833" lon="17.88887833">
        <ele>177.4</ele>
        <time>2025-07-23T16:11:55Z</time>
      </trkpt>
      <trkpt lat="46.17021667" lon="17.88904167">
        <ele>177.7</ele>
        <time>2025-07-23T16:11:57Z</time>
      </trkpt>
      <trkpt lat="46.17026333" lon="17.88926">
        <ele>178.1</ele>
        <time>2025-07-23T16:11:59Z</time>
      </trkpt>
      <trkpt lat="46.17026333" lon="17.88939">
        <ele>178.8</ele>
        <time>2025-07-23T16:12:00Z</time>
      </trkpt>
      <trkpt lat="46.17026167" lon="17.88953">
        <ele>178.9</ele>
        <time>2025-07-23T16:12:01Z</time>
      </trkpt>
      <trkpt lat="46.17026167" lon="17.88967167">
        <ele>178.7</ele>
        <time>2025-07-23T16:12:02Z</time>
      </trkpt>
      <trkpt lat="46.170255" lon="17.88980833">
        <ele>179</ele>
        <time>2025-07-23T16:12:03Z</time>
      </trkpt>
      <trkpt lat="46.17024667" lon="17.88994833">
        <ele>179.8</ele>
        <time>2025-07-23T16:12:04Z</time>
      </trkpt>
      <trkpt lat="46.17024333" lon="17.89008667">
        <ele>179.2</ele>
        <time>2025-07-23T16:12:05Z</time>
      </trkpt>
      <trkpt lat="46.17023333" lon="17.89023">
        <ele>178.4</ele>
        <time>2025-07-23T16:12:06Z</time>
      </trkpt>
      <trkpt lat="46.17023333" lon="17.89036333">
        <ele>178.1</ele>
        <time>2025-07-23T16:12:07Z</time>
      </trkpt>
      <trkpt lat="46.17024333" lon="17.8905">
        <ele>177.1</ele>
        <time>2025-07-23T16:12:08Z</time>
      </trkpt>
      <trkpt lat="46.17024167" lon="17.89065333">
        <ele>177.1</ele>
        <time>2025-07-23T16:12:09Z</time>
      </trkpt>
      <trkpt lat="46.17023" lon="17.89080167">
        <ele>176.1</ele>
        <time>2025-07-23T16:12:10Z</time>
      </trkpt>
      <trkpt lat="46.17022333" lon="17.89094833">
        <ele>175.3</ele>
        <time>2025-07-23T16:12:11Z</time>
      </trkpt>
      <trkpt lat="46.17022333" lon="17.89111">
        <ele>175.7</ele>
        <time>2025-07-23T16:12:12Z</time>
      </trkpt>
      <trkpt lat="46.17023167" lon="17.89128167">
        <ele>176.7</ele>
        <time>2025-07-23T16:12:13Z</time>
      </trkpt>
      <trkpt lat="46.17023333" lon="17.89145333">
        <ele>177.9</ele>
        <time>2025-07-23T16:12:14Z</time>
      </trkpt>
      <trkpt lat="46.170235" lon="17.89163">
        <ele>177.9</ele>
        <time>2025-07-23T16:12:15Z</time>
      </trkpt>
      <trkpt lat="46.17023333" lon="17.89180167">
        <ele>177.7</ele>
        <time>2025-07-23T16:12:16Z</time>
      </trkpt>
      <trkpt lat="46.17022333" lon="17.89196">
        <ele>177.7</ele>
        <time>2025-07-23T16:12:17Z</time>
      </trkpt>
      <trkpt lat="46.17021667" lon="17.89211333">
        <ele>176.5</ele>
        <time>2025-07-23T16:12:18Z</time>
      </trkpt>
      <trkpt lat="46.170205" lon="17.89225167">
        <ele>176.9</ele>
        <time>2025-07-23T16:12:19Z</time>
      </trkpt>
      <trkpt lat="46.17020167" lon="17.89239833">
        <ele>176.5</ele>
        <time>2025-07-23T16:12:20Z</time>
      </trkpt>
      <trkpt lat="46.17020333" lon="17.892535">
        <ele>176.3</ele>
        <time>2025-07-23T16:12:21Z</time>
      </trkpt>
      <trkpt lat="46.170195" lon="17.89267833">
        <ele>176.1</ele>
        <time>2025-07-23T16:12:22Z</time>
      </trkpt>
      <trkpt lat="46.17018333" lon="17.89284833">
        <ele>176.9</ele>
        <time>2025-07-23T16:12:23Z</time>
      </trkpt>
      <trkpt lat="46.17017667" lon="17.89300667">
        <ele>178</ele>
        <time>2025-07-23T16:12:24Z</time>
      </trkpt>
      <trkpt lat="46.17016333" lon="17.89316333">
        <ele>178.9</ele>
        <time>2025-07-23T16:12:25Z</time>
      </trkpt>
      <trkpt lat="46.17015833" lon="17.89332">
        <ele>180.6</ele>
        <time>2025-07-23T16:12:26Z</time>
      </trkpt>
      <trkpt lat="46.17012667" lon="17.89346">
        <ele>180.7</ele>
        <time>2025-07-23T16:12:27Z</time>
      </trkpt>
      <trkpt lat="46.17011167" lon="17.893615">
        <ele>181.6</ele>
        <time>2025-07-23T16:12:28Z</time>
      </trkpt>
      <trkpt lat="46.17007333" lon="17.89377167">
        <ele>182.6</ele>
        <time>2025-07-23T16:12:29Z</time>
      </trkpt>
      <trkpt lat="46.17005333" lon="17.89392">
        <ele>184.2</ele>
        <time>2025-07-23T16:12:30Z</time>
      </trkpt>
      <trkpt lat="46.17003667" lon="17.89406833">
        <ele>184.5</ele>
        <time>2025-07-23T16:12:31Z</time>
      </trkpt>
      <trkpt lat="46.17000333" lon="17.89421833">
        <ele>185.7</ele>
        <time>2025-07-23T16:12:32Z</time>
      </trkpt>
      <trkpt lat="46.16996" lon="17.89437">
        <ele>185.6</ele>
        <time>2025-07-23T16:12:33Z</time>
      </trkpt>
      <trkpt lat="46.16991667" lon="17.89452667">
        <ele>186.9</ele>
        <time>2025-07-23T16:12:34Z</time>
      </trkpt>
      <trkpt lat="46.169875" lon="17.89468167">
        <ele>186.8</ele>
        <time>2025-07-23T16:12:35Z</time>
      </trkpt>
      <trkpt lat="46.16982333" lon="17.89482167">
        <ele>186.4</ele>
        <time>2025-07-23T16:12:36Z</time>
      </trkpt>
      <trkpt lat="46.16978" lon="17.89497167">
        <ele>186.2</ele>
        <time>2025-07-23T16:12:37Z</time>
      </trkpt>
      <trkpt lat="46.16973167" lon="17.89512167">
        <ele>185.5</ele>
        <time>2025-07-23T16:12:38Z</time>
      </trkpt>
      <trkpt lat="46.16968167" lon="17.89525833">
        <ele>184.2</ele>
        <time>2025-07-23T16:12:39Z</time>
      </trkpt>
      <trkpt lat="46.16964" lon="17.895415">
        <ele>184.3</ele>
        <time>2025-07-23T16:12:40Z</time>
      </trkpt>
      <trkpt lat="46.16959167" lon="17.89555333">
        <ele>184.5</ele>
        <time>2025-07-23T16:12:41Z</time>
      </trkpt>
      <trkpt lat="46.16954167" lon="17.895695">
        <ele>184.3</ele>
        <time>2025-07-23T16:12:42Z</time>
      </trkpt>
      <trkpt lat="46.16949167" lon="17.895825">
        <ele>183.4</ele>
        <time>2025-07-23T16:12:43Z</time>
      </trkpt>
      <trkpt lat="46.16943667" lon="17.89595333">
        <ele>183.2</ele>
        <time>2025-07-23T16:12:44Z</time>
      </trkpt>
      <trkpt lat="46.16939" lon="17.89607333">
        <ele>183.2</ele>
        <time>2025-07-23T16:12:45Z</time>
      </trkpt>
      <trkpt lat="46.16933333" lon="17.89618833">
        <ele>182.2</ele>
        <time>2025-07-23T16:12:46Z</time>
      </trkpt>
      <trkpt lat="46.169245" lon="17.89639167">
        <ele>180.6</ele>
        <time>2025-07-23T16:12:48Z</time>
      </trkpt>
      <trkpt lat="46.16917833" lon="17.89659333">
        <ele>178.3</ele>
        <time>2025-07-23T16:12:50Z</time>
      </trkpt>
      <trkpt lat="46.169105" lon="17.89677833">
        <ele>178.1</ele>
        <time>2025-07-23T16:12:52Z</time>
      </trkpt>
      <trkpt lat="46.16902167" lon="17.89697167">
        <ele>178.7</ele>
        <time>2025-07-23T16:12:54Z</time>
      </trkpt>
      <trkpt lat="46.16894667" lon="17.89718667">
        <ele>178.7</ele>
        <time>2025-07-23T16:12:56Z</time>
      </trkpt>
      <trkpt lat="46.1689" lon="17.8973">
        <ele>178.7</ele>
        <time>2025-07-23T16:12:57Z</time>
      </trkpt>
      <trkpt lat="46.16885333" lon="17.89741333">
        <ele>178.7</ele>
        <time>2025-07-23T16:12:58Z</time>
      </trkpt>
      <trkpt lat="46.16880167" lon="17.89752667">
        <ele>178.8</ele>
        <time>2025-07-23T16:12:59Z</time>
      </trkpt>
      <trkpt lat="46.16875" lon="17.89764833">
        <ele>178.9</ele>
        <time>2025-07-23T16:13:00Z</time>
      </trkpt>
      <trkpt lat="46.16870333" lon="17.897765">
        <ele>178.8</ele>
        <time>2025-07-23T16:13:01Z</time>
      </trkpt>
      <trkpt lat="46.16865667" lon="17.89788167">
        <ele>178.8</ele>
        <time>2025-07-23T16:13:02Z</time>
      </trkpt>
      <trkpt lat="46.16861167" lon="17.89799667">
        <ele>178.5</ele>
        <time>2025-07-23T16:13:03Z</time>
      </trkpt>
      <trkpt lat="46.168525" lon="17.89821333">
        <ele>178.6</ele>
        <time>2025-07-23T16:13:05Z</time>
      </trkpt>
      <trkpt lat="46.16846" lon="17.89841">
        <ele>179.4</ele>
        <time>2025-07-23T16:13:07Z</time>
      </trkpt>
      <trkpt lat="46.1684" lon="17.89857667">
        <ele>180.2</ele>
        <time>2025-07-23T16:13:09Z</time>
      </trkpt>
      <trkpt lat="46.16837667" lon="17.89877167">
        <ele>179.2</ele>
        <time>2025-07-23T16:13:11Z</time>
      </trkpt>
      <trkpt lat="46.16839333" lon="17.898995">
        <ele>178.8</ele>
        <time>2025-07-23T16:13:13Z</time>
      </trkpt>
      <trkpt lat="46.16845667" lon="17.899215">
        <ele>179.2</ele>
        <time>2025-07-23T16:13:15Z</time>
      </trkpt>
      <trkpt lat="46.16857167" lon="17.89941667">
        <ele>177.4</ele>
        <time>2025-07-23T16:13:17Z</time>
      </trkpt>
      <trkpt lat="46.16863667" lon="17.89951833">
        <ele>177.7</ele>
        <time>2025-07-23T16:13:18Z</time>
      </trkpt>
      <trkpt lat="46.16870833" lon="17.89961">
        <ele>177.7</ele>
        <time>2025-07-23T16:13:19Z</time>
      </trkpt>
      <trkpt lat="46.16878833" lon="17.8997">
        <ele>177.7</ele>
        <time>2025-07-23T16:13:20Z</time>
      </trkpt>
      <trkpt lat="46.16886667" lon="17.89979667">
        <ele>177.9</ele>
        <time>2025-07-23T16:13:21Z</time>
      </trkpt>
      <trkpt lat="46.168955" lon="17.89989167">
        <ele>177.7</ele>
        <time>2025-07-23T16:13:22Z</time>
      </trkpt>
      <trkpt lat="46.16903667" lon="17.89999667">
        <ele>178</ele>
        <time>2025-07-23T16:13:23Z</time>
      </trkpt>
      <trkpt lat="46.16912167" lon="17.90010667">
        <ele>178</ele>
        <time>2025-07-23T16:13:24Z</time>
      </trkpt>
      <trkpt lat="46.16921167" lon="17.90021833">
        <ele>178.4</ele>
        <time>2025-07-23T16:13:25Z</time>
      </trkpt>
      <trkpt lat="46.16930333" lon="17.90032833">
        <ele>178.6</ele>
        <time>2025-07-23T16:13:26Z</time>
      </trkpt>
      <trkpt lat="46.16940167" lon="17.90044">
        <ele>178.5</ele>
        <time>2025-07-23T16:13:27Z</time>
      </trkpt>
      <trkpt lat="46.16949" lon="17.90056333">
        <ele>178.5</ele>
        <time>2025-07-23T16:13:28Z</time>
      </trkpt>
      <trkpt lat="46.16958" lon="17.90067667">
        <ele>179</ele>
        <time>2025-07-23T16:13:29Z</time>
      </trkpt>
      <trkpt lat="46.16967" lon="17.90079333">
        <ele>179.4</ele>
        <time>2025-07-23T16:13:30Z</time>
      </trkpt>
      <trkpt lat="46.169765" lon="17.90090667">
        <ele>179.1</ele>
        <time>2025-07-23T16:13:31Z</time>
      </trkpt>
      <trkpt lat="46.16985667" lon="17.90102167">
        <ele>179.2</ele>
        <time>2025-07-23T16:13:32Z</time>
      </trkpt>
      <trkpt lat="46.169945" lon="17.90114">
        <ele>179.2</ele>
        <time>2025-07-23T16:13:33Z</time>
      </trkpt>
      <trkpt lat="46.17003667" lon="17.90125333">
        <ele>178.8</ele>
        <time>2025-07-23T16:13:34Z</time>
      </trkpt>
      <trkpt lat="46.170125" lon="17.90137">
        <ele>179</ele>
        <time>2025-07-23T16:13:35Z</time>
      </trkpt>
      <trkpt lat="46.17022167" lon="17.90148">
        <ele>179.3</ele>
        <time>2025-07-23T16:13:36Z</time>
      </trkpt>
      <trkpt lat="46.17031667" lon="17.90158833">
        <ele>179.4</ele>
        <time>2025-07-23T16:13:37Z</time>
      </trkpt>
      <trkpt lat="46.17040333" lon="17.901695">
        <ele>179.8</ele>
        <time>2025-07-23T16:13:38Z</time>
      </trkpt>
      <trkpt lat="46.170485" lon="17.90180167">
        <ele>180.1</ele>
        <time>2025-07-23T16:13:39Z</time>
      </trkpt>
      <trkpt lat="46.17057167" lon="17.90191833">
        <ele>179.9</ele>
        <time>2025-07-23T16:13:40Z</time>
      </trkpt>
      <trkpt lat="46.17064833" lon="17.90202667">
        <ele>178.8</ele>
        <time>2025-07-23T16:13:41Z</time>
      </trkpt>
      <trkpt lat="46.170735" lon="17.90214">
        <ele>178.8</ele>
        <time>2025-07-23T16:13:42Z</time>
      </trkpt>
      <trkpt lat="46.17082833" lon="17.902245">
        <ele>178.9</ele>
        <time>2025-07-23T16:13:43Z</time>
      </trkpt>
      <trkpt lat="46.17092167" lon="17.90235167">
        <ele>179.3</ele>
        <time>2025-07-23T16:13:44Z</time>
      </trkpt>
      <trkpt lat="46.17101167" lon="17.902465">
        <ele>179.4</ele>
        <time>2025-07-23T16:13:45Z</time>
      </trkpt>
      <trkpt lat="46.17109833" lon="17.90257333">
        <ele>179.4</ele>
        <time>2025-07-23T16:13:46Z</time>
      </trkpt>
      <trkpt lat="46.17118667" lon="17.90268667">
        <ele>179.7</ele>
        <time>2025-07-23T16:13:47Z</time>
      </trkpt>
      <trkpt lat="46.17127833" lon="17.90279667">
        <ele>180.1</ele>
        <time>2025-07-23T16:13:48Z</time>
      </trkpt>
      <trkpt lat="46.17136" lon="17.902905">
        <ele>179.9</ele>
        <time>2025-07-23T16:13:49Z</time>
      </trkpt>
      <trkpt lat="46.17144667" lon="17.90301333">
        <ele>180.2</ele>
        <time>2025-07-23T16:13:50Z</time>
      </trkpt>
      <trkpt lat="46.17153333" lon="17.90311333">
        <ele>180</ele>
        <time>2025-07-23T16:13:51Z</time>
      </trkpt>
      <trkpt lat="46.17162" lon="17.90322833">
        <ele>179.3</ele>
        <time>2025-07-23T16:13:52Z</time>
      </trkpt>
      <trkpt lat="46.17170667" lon="17.90333833">
        <ele>178.8</ele>
        <time>2025-07-23T16:13:53Z</time>
      </trkpt>
      <trkpt lat="46.171785" lon="17.90345">
        <ele>178.3</ele>
        <time>2025-07-23T16:13:54Z</time>
      </trkpt>
      <trkpt lat="46.17186167" lon="17.90356667">
        <ele>178.7</ele>
        <time>2025-07-23T16:13:55Z</time>
      </trkpt>
      <trkpt lat="46.17193667" lon="17.90369">
        <ele>178</ele>
        <time>2025-07-23T16:13:56Z</time>
      </trkpt>
      <trkpt lat="46.17200833" lon="17.90380667">
        <ele>178.3</ele>
        <time>2025-07-23T16:13:57Z</time>
      </trkpt>
      <trkpt lat="46.17207" lon="17.90392333">
        <ele>178.1</ele>
        <time>2025-07-23T16:13:58Z</time>
      </trkpt>
      <trkpt lat="46.17212167" lon="17.90403333">
        <ele>177.9</ele>
        <time>2025-07-23T16:13:59Z</time>
      </trkpt>
      <trkpt lat="46.17221" lon="17.90423167">
        <ele>178.7</ele>
        <time>2025-07-23T16:14:01Z</time>
      </trkpt>
      <trkpt lat="46.17229" lon="17.90442167">
        <ele>180.3</ele>
        <time>2025-07-23T16:14:03Z</time>
      </trkpt>
      <trkpt lat="46.17236833" lon="17.90461833">
        <ele>181.8</ele>
        <time>2025-07-23T16:14:05Z</time>
      </trkpt>
      <trkpt lat="46.17243333" lon="17.90482">
        <ele>181.5</ele>
        <time>2025-07-23T16:14:07Z</time>
      </trkpt>
      <trkpt lat="46.17249" lon="17.90502">
        <ele>181.3</ele>
        <time>2025-07-23T16:14:09Z</time>
      </trkpt>
      <trkpt lat="46.17255833" lon="17.90523833">
        <ele>181</ele>
        <time>2025-07-23T16:14:11Z</time>
      </trkpt>
      <trkpt lat="46.17262" lon="17.90546167">
        <ele>181.9</ele>
        <time>2025-07-23T16:14:13Z</time>
      </trkpt>
      <trkpt lat="46.17267833" lon="17.90569667">
        <ele>182.9</ele>
        <time>2025-07-23T16:14:15Z</time>
      </trkpt>
      <trkpt lat="46.17272167" lon="17.90593167">
        <ele>182.6</ele>
        <time>2025-07-23T16:14:17Z</time>
      </trkpt>
      <trkpt lat="46.172765" lon="17.90617333">
        <ele>181.8</ele>
        <time>2025-07-23T16:14:19Z</time>
      </trkpt>
      <trkpt lat="46.17278833" lon="17.9063">
        <ele>181.8</ele>
        <time>2025-07-23T16:14:20Z</time>
      </trkpt>
      <trkpt lat="46.17281167" lon="17.90654167">
        <ele>181.5</ele>
        <time>2025-07-23T16:14:22Z</time>
      </trkpt>
      <trkpt lat="46.17281833" lon="17.90667333">
        <ele>181.1</ele>
        <time>2025-07-23T16:14:23Z</time>
      </trkpt>
      <trkpt lat="46.17281667" lon="17.90692167">
        <ele>180.6</ele>
        <time>2025-07-23T16:14:25Z</time>
      </trkpt>
      <trkpt lat="46.17282" lon="17.90717833">
        <ele>180.9</ele>
        <time>2025-07-23T16:14:27Z</time>
      </trkpt>
      <trkpt lat="46.172815" lon="17.90743">
        <ele>183.3</ele>
        <time>2025-07-23T16:14:29Z</time>
      </trkpt>
      <trkpt lat="46.17279833" lon="17.907675">
        <ele>184.2</ele>
        <time>2025-07-23T16:14:31Z</time>
      </trkpt>
      <trkpt lat="46.17278333" lon="17.90791833">
        <ele>183.9</ele>
        <time>2025-07-23T16:14:33Z</time>
      </trkpt>
      <trkpt lat="46.17276167" lon="17.90816">
        <ele>183.4</ele>
        <time>2025-07-23T16:14:35Z</time>
      </trkpt>
      <trkpt lat="46.172745" lon="17.90841">
        <ele>184.2</ele>
        <time>2025-07-23T16:14:37Z</time>
      </trkpt>
      <trkpt lat="46.17272667" lon="17.90865167">
        <ele>184.6</ele>
        <time>2025-07-23T16:14:39Z</time>
      </trkpt>
      <trkpt lat="46.17270667" lon="17.90889">
        <ele>183.6</ele>
        <time>2025-07-23T16:14:41Z</time>
      </trkpt>
      <trkpt lat="46.17269667" lon="17.90913167">
        <ele>184</ele>
        <time>2025-07-23T16:14:43Z</time>
      </trkpt>
      <trkpt lat="46.17270833" lon="17.90938833">
        <ele>184.6</ele>
        <time>2025-07-23T16:14:45Z</time>
      </trkpt>
      <trkpt lat="46.17272833" lon="17.90961667">
        <ele>185.4</ele>
        <time>2025-07-23T16:14:47Z</time>
      </trkpt>
      <trkpt lat="46.17275667" lon="17.90982833">
        <ele>185.4</ele>
        <time>2025-07-23T16:14:49Z</time>
      </trkpt>
      <trkpt lat="46.17278" lon="17.91005833">
        <ele>184.9</ele>
        <time>2025-07-23T16:14:51Z</time>
      </trkpt>
      <trkpt lat="46.17283167" lon="17.91029167">
        <ele>185.6</ele>
        <time>2025-07-23T16:14:53Z</time>
      </trkpt>
      <trkpt lat="46.17288667" lon="17.91052833">
        <ele>184.6</ele>
        <time>2025-07-23T16:14:55Z</time>
      </trkpt>
      <trkpt lat="46.17295333" lon="17.91078333">
        <ele>183.7</ele>
        <time>2025-07-23T16:14:57Z</time>
      </trkpt>
      <trkpt lat="46.17299167" lon="17.91090333">
        <ele>183.9</ele>
        <time>2025-07-23T16:14:58Z</time>
      </trkpt>
      <trkpt lat="46.17308167" lon="17.911125">
        <ele>183.1</ele>
        <time>2025-07-23T16:15:00Z</time>
      </trkpt>
      <trkpt lat="46.17318" lon="17.91134167">
        <ele>184.5</ele>
        <time>2025-07-23T16:15:02Z</time>
      </trkpt>
      <trkpt lat="46.17323833" lon="17.911445">
        <ele>185.2</ele>
        <time>2025-07-23T16:15:03Z</time>
      </trkpt>
      <trkpt lat="46.17329833" lon="17.91155">
        <ele>185.5</ele>
        <time>2025-07-23T16:15:04Z</time>
      </trkpt>
      <trkpt lat="46.17335833" lon="17.91166">
        <ele>184.6</ele>
        <time>2025-07-23T16:15:05Z</time>
      </trkpt>
      <trkpt lat="46.17341667" lon="17.91177167">
        <ele>184.3</ele>
        <time>2025-07-23T16:15:06Z</time>
      </trkpt>
      <trkpt lat="46.17348167" lon="17.91187833">
        <ele>184</ele>
        <time>2025-07-23T16:15:07Z</time>
      </trkpt>
      <trkpt lat="46.17354333" lon="17.91198333">
        <ele>184.1</ele>
        <time>2025-07-23T16:15:08Z</time>
      </trkpt>
      <trkpt lat="46.17362" lon="17.912075">
        <ele>184.7</ele>
        <time>2025-07-23T16:15:09Z</time>
      </trkpt>
      <trkpt lat="46.17375667" lon="17.912245">
        <ele>184.3</ele>
        <time>2025-07-23T16:15:11Z</time>
      </trkpt>
      <trkpt lat="46.17383" lon="17.91233333">
        <ele>184.4</ele>
        <time>2025-07-23T16:15:12Z</time>
      </trkpt>
      <trkpt lat="46.173905" lon="17.91242167">
        <ele>184.9</ele>
        <time>2025-07-23T16:15:13Z</time>
      </trkpt>
      <trkpt lat="46.17397833" lon="17.91251167">
        <ele>184.9</ele>
        <time>2025-07-23T16:15:14Z</time>
      </trkpt>
      <trkpt lat="46.174055" lon="17.912605">
        <ele>185.7</ele>
        <time>2025-07-23T16:15:15Z</time>
      </trkpt>
      <trkpt lat="46.17413167" lon="17.912695">
        <ele>186.3</ele>
        <time>2025-07-23T16:15:16Z</time>
      </trkpt>
      <trkpt lat="46.174205" lon="17.91279167">
        <ele>186.4</ele>
        <time>2025-07-23T16:15:17Z</time>
      </trkpt>
      <trkpt lat="46.17427667" lon="17.91288833">
        <ele>186.3</ele>
        <time>2025-07-23T16:15:18Z</time>
      </trkpt>
      <trkpt lat="46.17435" lon="17.91298333">
        <ele>186.2</ele>
        <time>2025-07-23T16:15:19Z</time>
      </trkpt>
      <trkpt lat="46.17442167" lon="17.91307833">
        <ele>185.8</ele>
        <time>2025-07-23T16:15:20Z</time>
      </trkpt>
      <trkpt lat="46.17450167" lon="17.91317">
        <ele>185.6</ele>
        <time>2025-07-23T16:15:21Z</time>
      </trkpt>
      <trkpt lat="46.174575" lon="17.91327333">
        <ele>185.5</ele>
        <time>2025-07-23T16:15:22Z</time>
      </trkpt>
      <trkpt lat="46.174645" lon="17.91336833">
        <ele>185.2</ele>
        <time>2025-07-23T16:15:23Z</time>
      </trkpt>
      <trkpt lat="46.17471667" lon="17.91346833">
        <ele>185.2</ele>
        <time>2025-07-23T16:15:24Z</time>
      </trkpt>
      <trkpt lat="46.17479" lon="17.91356667">
        <ele>185.6</ele>
        <time>2025-07-23T16:15:25Z</time>
      </trkpt>
      <trkpt lat="46.17487" lon="17.91366">
        <ele>185.9</ele>
        <time>2025-07-23T16:15:26Z</time>
      </trkpt>
      <trkpt lat="46.17494667" lon="17.91375333">
        <ele>186</ele>
        <time>2025-07-23T16:15:27Z</time>
      </trkpt>
      <trkpt lat="46.175015" lon="17.91385">
        <ele>186.1</ele>
        <time>2025-07-23T16:15:28Z</time>
      </trkpt>
      <trkpt lat="46.17508167" lon="17.913955">
        <ele>185.7</ele>
        <time>2025-07-23T16:15:29Z</time>
      </trkpt>
      <trkpt lat="46.17514667" lon="17.914055">
        <ele>185.6</ele>
        <time>2025-07-23T16:15:30Z</time>
      </trkpt>
      <trkpt lat="46.17521333" lon="17.91416333">
        <ele>185.8</ele>
        <time>2025-07-23T16:15:31Z</time>
      </trkpt>
      <trkpt lat="46.175275" lon="17.91426833">
        <ele>185.7</ele>
        <time>2025-07-23T16:15:32Z</time>
      </trkpt>
      <trkpt lat="46.17533" lon="17.91438167">
        <ele>185.6</ele>
        <time>2025-07-23T16:15:33Z</time>
      </trkpt>
      <trkpt lat="46.17538167" lon="17.91448833">
        <ele>185.5</ele>
        <time>2025-07-23T16:15:34Z</time>
      </trkpt>
      <trkpt lat="46.17546333" lon="17.91468333">
        <ele>186.1</ele>
        <time>2025-07-23T16:15:36Z</time>
      </trkpt>
      <trkpt lat="46.17552833" lon="17.914865">
        <ele>186.9</ele>
        <time>2025-07-23T16:15:38Z</time>
      </trkpt>
      <trkpt lat="46.17559" lon="17.91501667">
        <ele>186.7</ele>
        <time>2025-07-23T16:15:40Z</time>
      </trkpt>
      <trkpt lat="46.17568" lon="17.91511167">
        <ele>186.4</ele>
        <time>2025-07-23T16:15:42Z</time>
      </trkpt>
      <trkpt lat="46.17582" lon="17.91510333">
        <ele>185.9</ele>
        <time>2025-07-23T16:15:44Z</time>
      </trkpt>
      <trkpt lat="46.17597167" lon="17.91501667">
        <ele>185.3</ele>
        <time>2025-07-23T16:15:46Z</time>
      </trkpt>
      <trkpt lat="46.176135" lon="17.91491667">
        <ele>184.9</ele>
        <time>2025-07-23T16:15:48Z</time>
      </trkpt>
      <trkpt lat="46.17622" lon="17.91486167">
        <ele>185.6</ele>
        <time>2025-07-23T16:15:49Z</time>
      </trkpt>
      <trkpt lat="46.17630833" lon="17.91481667">
        <ele>184.9</ele>
        <time>2025-07-23T16:15:50Z</time>
      </trkpt>
      <trkpt lat="46.17645333" lon="17.91471667">
        <ele>184.7</ele>
        <time>2025-07-23T16:15:52Z</time>
      </trkpt>
      <trkpt lat="46.17662" lon="17.914615">
        <ele>184.5</ele>
        <time>2025-07-23T16:15:54Z</time>
      </trkpt>
      <trkpt lat="46.17670833" lon="17.91457333">
        <ele>184.1</ele>
        <time>2025-07-23T16:15:55Z</time>
      </trkpt>
      <trkpt lat="46.17680167" lon="17.91454333">
        <ele>184.2</ele>
        <time>2025-07-23T16:15:56Z</time>
      </trkpt>
      <trkpt lat="46.17690333" lon="17.91451667">
        <ele>184.5</ele>
        <time>2025-07-23T16:15:57Z</time>
      </trkpt>
      <trkpt lat="46.177005" lon="17.91449333">
        <ele>184.5</ele>
        <time>2025-07-23T16:15:58Z</time>
      </trkpt>
      <trkpt lat="46.17710833" lon="17.91447">
        <ele>184.3</ele>
        <time>2025-07-23T16:15:59Z</time>
      </trkpt>
      <trkpt lat="46.17721" lon="17.91446333">
        <ele>184.1</ele>
        <time>2025-07-23T16:16:00Z</time>
      </trkpt>
      <trkpt lat="46.17731333" lon="17.91446667">
        <ele>183.9</ele>
        <time>2025-07-23T16:16:01Z</time>
      </trkpt>
      <trkpt lat="46.17741833" lon="17.91447833">
        <ele>184.5</ele>
        <time>2025-07-23T16:16:02Z</time>
      </trkpt>
      <trkpt lat="46.17752333" lon="17.91449333">
        <ele>185</ele>
        <time>2025-07-23T16:16:03Z</time>
      </trkpt>
      <trkpt lat="46.17763167" lon="17.914525">
        <ele>184.2</ele>
        <time>2025-07-23T16:16:04Z</time>
      </trkpt>
      <trkpt lat="46.17774167" lon="17.91456667">
        <ele>184.4</ele>
        <time>2025-07-23T16:16:05Z</time>
      </trkpt>
      <trkpt lat="46.17785333" lon="17.91462">
        <ele>185.3</ele>
        <time>2025-07-23T16:16:06Z</time>
      </trkpt>
      <trkpt lat="46.17796333" lon="17.91469">
        <ele>185.4</ele>
        <time>2025-07-23T16:16:07Z</time>
      </trkpt>
      <trkpt lat="46.17816333" lon="17.91486">
        <ele>187.9</ele>
        <time>2025-07-23T16:16:09Z</time>
      </trkpt>
      <trkpt lat="46.17826333" lon="17.91494333">
        <ele>188.2</ele>
        <time>2025-07-23T16:16:10Z</time>
      </trkpt>
      <trkpt lat="46.17845667" lon="17.91513333">
        <ele>189</ele>
        <time>2025-07-23T16:16:12Z</time>
      </trkpt>
      <trkpt lat="46.17855" lon="17.91523">
        <ele>188.9</ele>
        <time>2025-07-23T16:16:13Z</time>
      </trkpt>
      <trkpt lat="46.17864167" lon="17.91533167">
        <ele>189.3</ele>
        <time>2025-07-23T16:16:14Z</time>
      </trkpt>
      <trkpt lat="46.17874167" lon="17.91542833">
        <ele>189.6</ele>
        <time>2025-07-23T16:16:15Z</time>
      </trkpt>
      <trkpt lat="46.17883667" lon="17.91552667">
        <ele>189.2</ele>
        <time>2025-07-23T16:16:16Z</time>
      </trkpt>
      <trkpt lat="46.17904167" lon="17.91574">
        <ele>190.1</ele>
        <time>2025-07-23T16:16:18Z</time>
      </trkpt>
      <trkpt lat="46.17914667" lon="17.91584">
        <ele>190.1</ele>
        <time>2025-07-23T16:16:19Z</time>
      </trkpt>
      <trkpt lat="46.17924333" lon="17.91593333">
        <ele>189.3</ele>
        <time>2025-07-23T16:16:20Z</time>
      </trkpt>
      <trkpt lat="46.17934167" lon="17.91603">
        <ele>188.8</ele>
        <time>2025-07-23T16:16:21Z</time>
      </trkpt>
      <trkpt lat="46.17953833" lon="17.916235">
        <ele>190</ele>
        <time>2025-07-23T16:16:23Z</time>
      </trkpt>
      <trkpt lat="46.17963" lon="17.91633333">
        <ele>190.1</ele>
        <time>2025-07-23T16:16:24Z</time>
      </trkpt>
      <trkpt lat="46.17972167" lon="17.91643667">
        <ele>190.3</ele>
        <time>2025-07-23T16:16:25Z</time>
      </trkpt>
      <trkpt lat="46.17981667" lon="17.916535">
        <ele>190.2</ele>
        <time>2025-07-23T16:16:26Z</time>
      </trkpt>
      <trkpt lat="46.17991833" lon="17.91663333">
        <ele>190.4</ele>
        <time>2025-07-23T16:16:27Z</time>
      </trkpt>
      <trkpt lat="46.18001833" lon="17.916735">
        <ele>190.8</ele>
        <time>2025-07-23T16:16:28Z</time>
      </trkpt>
      <trkpt lat="46.18011167" lon="17.91683333">
        <ele>190.1</ele>
        <time>2025-07-23T16:16:29Z</time>
      </trkpt>
      <trkpt lat="46.18021" lon="17.91693333">
        <ele>189.8</ele>
        <time>2025-07-23T16:16:30Z</time>
      </trkpt>
      <trkpt lat="46.18031" lon="17.91703333">
        <ele>190.3</ele>
        <time>2025-07-23T16:16:31Z</time>
      </trkpt>
      <trkpt lat="46.18040833" lon="17.91714">
        <ele>190.6</ele>
        <time>2025-07-23T16:16:32Z</time>
      </trkpt>
      <trkpt lat="46.1805" lon="17.917245">
        <ele>190.3</ele>
        <time>2025-07-23T16:16:33Z</time>
      </trkpt>
      <trkpt lat="46.18059833" lon="17.91734333">
        <ele>190</ele>
        <time>2025-07-23T16:16:34Z</time>
      </trkpt>
      <trkpt lat="46.180705" lon="17.91744333">
        <ele>189.9</ele>
        <time>2025-07-23T16:16:35Z</time>
      </trkpt>
      <trkpt lat="46.18080667" lon="17.91754333">
        <ele>190</ele>
        <time>2025-07-23T16:16:36Z</time>
      </trkpt>
      <trkpt lat="46.18090333" lon="17.91764333">
        <ele>190</ele>
        <time>2025-07-23T16:16:37Z</time>
      </trkpt>
      <trkpt lat="46.18100333" lon="17.91774333">
        <ele>189.9</ele>
        <time>2025-07-23T16:16:38Z</time>
      </trkpt>
      <trkpt lat="46.18109833" lon="17.91785167">
        <ele>190.1</ele>
        <time>2025-07-23T16:16:39Z</time>
      </trkpt>
      <trkpt lat="46.181205" lon="17.91795833">
        <ele>190.1</ele>
        <time>2025-07-23T16:16:40Z</time>
      </trkpt>
      <trkpt lat="46.18131" lon="17.91806833">
        <ele>189.9</ele>
        <time>2025-07-23T16:16:41Z</time>
      </trkpt>
      <trkpt lat="46.18141833" lon="17.91818667">
        <ele>189.8</ele>
        <time>2025-07-23T16:16:42Z</time>
      </trkpt>
      <trkpt lat="46.181525" lon="17.91829333">
        <ele>189.8</ele>
        <time>2025-07-23T16:16:43Z</time>
      </trkpt>
      <trkpt lat="46.18163" lon="17.91840667">
        <ele>189.4</ele>
        <time>2025-07-23T16:16:44Z</time>
      </trkpt>
      <trkpt lat="46.18173833" lon="17.918515">
        <ele>189.3</ele>
        <time>2025-07-23T16:16:45Z</time>
      </trkpt>
      <trkpt lat="46.18184833" lon="17.91862">
        <ele>189.7</ele>
        <time>2025-07-23T16:16:46Z</time>
      </trkpt>
      <trkpt lat="46.18195333" lon="17.91872667">
        <ele>189.9</ele>
        <time>2025-07-23T16:16:47Z</time>
      </trkpt>
      <trkpt lat="46.18205333" lon="17.91884">
        <ele>188.8</ele>
        <time>2025-07-23T16:16:48Z</time>
      </trkpt>
      <trkpt lat="46.18215667" lon="17.91894">
        <ele>188.8</ele>
        <time>2025-07-23T16:16:49Z</time>
      </trkpt>
      <trkpt lat="46.18226333" lon="17.91904333">
        <ele>188.4</ele>
        <time>2025-07-23T16:16:50Z</time>
      </trkpt>
      <trkpt lat="46.18236833" lon="17.919155">
        <ele>188</ele>
        <time>2025-07-23T16:16:51Z</time>
      </trkpt>
      <trkpt lat="46.18247167" lon="17.91927167">
        <ele>187.3</ele>
        <time>2025-07-23T16:16:52Z</time>
      </trkpt>
      <trkpt lat="46.18257167" lon="17.919375">
        <ele>187.1</ele>
        <time>2025-07-23T16:16:53Z</time>
      </trkpt>
      <trkpt lat="46.18267167" lon="17.91948333">
        <ele>187.4</ele>
        <time>2025-07-23T16:16:54Z</time>
      </trkpt>
      <trkpt lat="46.18276833" lon="17.91959">
        <ele>187.5</ele>
        <time>2025-07-23T16:16:55Z</time>
      </trkpt>
      <trkpt lat="46.18286833" lon="17.91968833">
        <ele>188.3</ele>
        <time>2025-07-23T16:16:56Z</time>
      </trkpt>
      <trkpt lat="46.18296667" lon="17.91979167">
        <ele>189</ele>
        <time>2025-07-23T16:16:57Z</time>
      </trkpt>
      <trkpt lat="46.18307333" lon="17.91989">
        <ele>188.5</ele>
        <time>2025-07-23T16:16:58Z</time>
      </trkpt>
      <trkpt lat="46.18317833" lon="17.91998667">
        <ele>187.6</ele>
        <time>2025-07-23T16:16:59Z</time>
      </trkpt>
      <trkpt lat="46.18327333" lon="17.92008667">
        <ele>187.2</ele>
        <time>2025-07-23T16:17:00Z</time>
      </trkpt>
      <trkpt lat="46.18336333" lon="17.92018333">
        <ele>186.7</ele>
        <time>2025-07-23T16:17:01Z</time>
      </trkpt>
      <trkpt lat="46.18345167" lon="17.92029667">
        <ele>186.1</ele>
        <time>2025-07-23T16:17:02Z</time>
      </trkpt>
      <trkpt lat="46.183535" lon="17.92042833">
        <ele>185.5</ele>
        <time>2025-07-23T16:17:03Z</time>
      </trkpt>
      <trkpt lat="46.18361333" lon="17.920555">
        <ele>184.4</ele>
        <time>2025-07-23T16:17:04Z</time>
      </trkpt>
      <trkpt lat="46.18369667" lon="17.92066333">
        <ele>184.3</ele>
        <time>2025-07-23T16:17:05Z</time>
      </trkpt>
      <trkpt lat="46.18377667" lon="17.920795">
        <ele>184.7</ele>
        <time>2025-07-23T16:17:06Z</time>
      </trkpt>
      <trkpt lat="46.183865" lon="17.920935">
        <ele>186</ele>
        <time>2025-07-23T16:17:07Z</time>
      </trkpt>
      <trkpt lat="46.18394667" lon="17.92106">
        <ele>187.5</ele>
        <time>2025-07-23T16:17:08Z</time>
      </trkpt>
      <trkpt lat="46.18402667" lon="17.92117333">
        <ele>187.7</ele>
        <time>2025-07-23T16:17:09Z</time>
      </trkpt>
      <trkpt lat="46.184125" lon="17.92128333">
        <ele>186</ele>
        <time>2025-07-23T16:17:10Z</time>
      </trkpt>
      <trkpt lat="46.184215" lon="17.92138333">
        <ele>186.7</ele>
        <time>2025-07-23T16:17:11Z</time>
      </trkpt>
      <trkpt lat="46.18431" lon="17.92148167">
        <ele>188.7</ele>
        <time>2025-07-23T16:17:12Z</time>
      </trkpt>
      <trkpt lat="46.184405" lon="17.92157333">
        <ele>190.2</ele>
        <time>2025-07-23T16:17:13Z</time>
      </trkpt>
      <trkpt lat="46.18449833" lon="17.92167333">
        <ele>191.6</ele>
        <time>2025-07-23T16:17:14Z</time>
      </trkpt>
      <trkpt lat="46.18459167" lon="17.92176167">
        <ele>192.2</ele>
        <time>2025-07-23T16:17:15Z</time>
      </trkpt>
      <trkpt lat="46.18468333" lon="17.92185167">
        <ele>192.4</ele>
        <time>2025-07-23T16:17:16Z</time>
      </trkpt>
      <trkpt lat="46.18477167" lon="17.92194167">
        <ele>192.3</ele>
        <time>2025-07-23T16:17:17Z</time>
      </trkpt>
      <trkpt lat="46.18486167" lon="17.92202">
        <ele>192.2</ele>
        <time>2025-07-23T16:17:18Z</time>
      </trkpt>
      <trkpt lat="46.18494833" lon="17.92210167">
        <ele>191.8</ele>
        <time>2025-07-23T16:17:19Z</time>
      </trkpt>
      <trkpt lat="46.18504167" lon="17.92219">
        <ele>192.1</ele>
        <time>2025-07-23T16:17:20Z</time>
      </trkpt>
      <trkpt lat="46.18513167" lon="17.922275">
        <ele>192.9</ele>
        <time>2025-07-23T16:17:21Z</time>
      </trkpt>
      <trkpt lat="46.18521167" lon="17.92236">
        <ele>192.7</ele>
        <time>2025-07-23T16:17:22Z</time>
      </trkpt>
      <trkpt lat="46.18529" lon="17.92244">
        <ele>191.8</ele>
        <time>2025-07-23T16:17:23Z</time>
      </trkpt>
      <trkpt lat="46.18537333" lon="17.92253333">
        <ele>191.3</ele>
        <time>2025-07-23T16:17:24Z</time>
      </trkpt>
      <trkpt lat="46.18546" lon="17.92262667">
        <ele>190.9</ele>
        <time>2025-07-23T16:17:25Z</time>
      </trkpt>
      <trkpt lat="46.18554667" lon="17.92271333">
        <ele>191</ele>
        <time>2025-07-23T16:17:26Z</time>
      </trkpt>
      <trkpt lat="46.18564" lon="17.9228">
        <ele>191.4</ele>
        <time>2025-07-23T16:17:27Z</time>
      </trkpt>
      <trkpt lat="46.18573167" lon="17.922885">
        <ele>191.9</ele>
        <time>2025-07-23T16:17:28Z</time>
      </trkpt>
      <trkpt lat="46.18582833" lon="17.922965">
        <ele>192.4</ele>
        <time>2025-07-23T16:17:29Z</time>
      </trkpt>
      <trkpt lat="46.18592" lon="17.92304667">
        <ele>192.2</ele>
        <time>2025-07-23T16:17:30Z</time>
      </trkpt>
      <trkpt lat="46.18601" lon="17.92312667">
        <ele>192.7</ele>
        <time>2025-07-23T16:17:31Z</time>
      </trkpt>
      <trkpt lat="46.18611" lon="17.92321167">
        <ele>193.1</ele>
        <time>2025-07-23T16:17:32Z</time>
      </trkpt>
      <trkpt lat="46.18621" lon="17.92329667">
        <ele>193.6</ele>
        <time>2025-07-23T16:17:33Z</time>
      </trkpt>
      <trkpt lat="46.18629833" lon="17.92338167">
        <ele>194.2</ele>
        <time>2025-07-23T16:17:34Z</time>
      </trkpt>
      <trkpt lat="46.18638667" lon="17.923455">
        <ele>194.4</ele>
        <time>2025-07-23T16:17:35Z</time>
      </trkpt>
      <trkpt lat="46.18647833" lon="17.92354">
        <ele>194.5</ele>
        <time>2025-07-23T16:17:36Z</time>
      </trkpt>
      <trkpt lat="46.18656667" lon="17.92361167">
        <ele>195.6</ele>
        <time>2025-07-23T16:17:37Z</time>
      </trkpt>
      <trkpt lat="46.18665167" lon="17.92369">
        <ele>196</ele>
        <time>2025-07-23T16:17:38Z</time>
      </trkpt>
      <trkpt lat="46.18674167" lon="17.92376667">
        <ele>196.1</ele>
        <time>2025-07-23T16:17:39Z</time>
      </trkpt>
      <trkpt lat="46.186835" lon="17.92384333">
        <ele>196.1</ele>
        <time>2025-07-23T16:17:40Z</time>
      </trkpt>
      <trkpt lat="46.18693" lon="17.92391833">
        <ele>196.4</ele>
        <time>2025-07-23T16:17:41Z</time>
      </trkpt>
      <trkpt lat="46.18702" lon="17.92398667">
        <ele>196.6</ele>
        <time>2025-07-23T16:17:42Z</time>
      </trkpt>
      <trkpt lat="46.18710833" lon="17.924055">
        <ele>196.8</ele>
        <time>2025-07-23T16:17:43Z</time>
      </trkpt>
      <trkpt lat="46.18719833" lon="17.924125">
        <ele>197.3</ele>
        <time>2025-07-23T16:17:44Z</time>
      </trkpt>
      <trkpt lat="46.18729167" lon="17.92419333">
        <ele>197.2</ele>
        <time>2025-07-23T16:17:45Z</time>
      </trkpt>
      <trkpt lat="46.187385" lon="17.92426667">
        <ele>197.3</ele>
        <time>2025-07-23T16:17:46Z</time>
      </trkpt>
      <trkpt lat="46.187485" lon="17.92433667">
        <ele>197.1</ele>
        <time>2025-07-23T16:17:47Z</time>
      </trkpt>
      <trkpt lat="46.18758667" lon="17.92440333">
        <ele>197.6</ele>
        <time>2025-07-23T16:17:48Z</time>
      </trkpt>
      <trkpt lat="46.187685" lon="17.92445333">
        <ele>198.4</ele>
        <time>2025-07-23T16:17:49Z</time>
      </trkpt>
      <trkpt lat="46.18777833" lon="17.92451167">
        <ele>199.1</ele>
        <time>2025-07-23T16:17:50Z</time>
      </trkpt>
      <trkpt lat="46.187865" lon="17.92457333">
        <ele>198.4</ele>
        <time>2025-07-23T16:17:51Z</time>
      </trkpt>
      <trkpt lat="46.18795833" lon="17.92463667">
        <ele>198.4</ele>
        <time>2025-07-23T16:17:52Z</time>
      </trkpt>
      <trkpt lat="46.18805667" lon="17.92469">
        <ele>197.8</ele>
        <time>2025-07-23T16:17:53Z</time>
      </trkpt>
      <trkpt lat="46.18815" lon="17.92475167">
        <ele>198</ele>
        <time>2025-07-23T16:17:54Z</time>
      </trkpt>
      <trkpt lat="46.188245" lon="17.92480167">
        <ele>198.4</ele>
        <time>2025-07-23T16:17:55Z</time>
      </trkpt>
      <trkpt lat="46.188345" lon="17.92485833">
        <ele>198.8</ele>
        <time>2025-07-23T16:17:56Z</time>
      </trkpt>
      <trkpt lat="46.18843333" lon="17.92490167">
        <ele>198.3</ele>
        <time>2025-07-23T16:17:57Z</time>
      </trkpt>
      <trkpt lat="46.18852" lon="17.92495667">
        <ele>198.2</ele>
        <time>2025-07-23T16:17:58Z</time>
      </trkpt>
      <trkpt lat="46.188605" lon="17.92501167">
        <ele>197.9</ele>
        <time>2025-07-23T16:17:59Z</time>
      </trkpt>
      <trkpt lat="46.18874667" lon="17.92515333">
        <ele>197.8</ele>
        <time>2025-07-23T16:18:01Z</time>
      </trkpt>
      <trkpt lat="46.18883833" lon="17.925345">
        <ele>197</ele>
        <time>2025-07-23T16:18:03Z</time>
      </trkpt>
      <trkpt lat="46.18889667" lon="17.92559333">
        <ele>197.3</ele>
        <time>2025-07-23T16:18:05Z</time>
      </trkpt>
      <trkpt lat="46.18890167" lon="17.92572333">
        <ele>196.8</ele>
        <time>2025-07-23T16:18:06Z</time>
      </trkpt>
      <trkpt lat="46.18890333" lon="17.92586167">
        <ele>196.5</ele>
        <time>2025-07-23T16:18:07Z</time>
      </trkpt>
      <trkpt lat="46.18889" lon="17.92600167">
        <ele>196.2</ele>
        <time>2025-07-23T16:18:08Z</time>
      </trkpt>
      <trkpt lat="46.18888167" lon="17.92614667">
        <ele>195.6</ele>
        <time>2025-07-23T16:18:09Z</time>
      </trkpt>
      <trkpt lat="46.18887333" lon="17.9263">
        <ele>195</ele>
        <time>2025-07-23T16:18:10Z</time>
      </trkpt>
      <trkpt lat="46.188865" lon="17.92646333">
        <ele>194.4</ele>
        <time>2025-07-23T16:18:11Z</time>
      </trkpt>
      <trkpt lat="46.188865" lon="17.92662667">
        <ele>195.2</ele>
        <time>2025-07-23T16:18:12Z</time>
      </trkpt>
      <trkpt lat="46.18885667" lon="17.92678167">
        <ele>195.7</ele>
        <time>2025-07-23T16:18:13Z</time>
      </trkpt>
      <trkpt lat="46.18885333" lon="17.92694333">
        <ele>196.2</ele>
        <time>2025-07-23T16:18:14Z</time>
      </trkpt>
      <trkpt lat="46.18884667" lon="17.927085">
        <ele>197.3</ele>
        <time>2025-07-23T16:18:15Z</time>
      </trkpt>
      <trkpt lat="46.18885667" lon="17.927235">
        <ele>197.7</ele>
        <time>2025-07-23T16:18:16Z</time>
      </trkpt>
      <trkpt lat="46.18887" lon="17.92739167">
        <ele>197.3</ele>
        <time>2025-07-23T16:18:17Z</time>
      </trkpt>
      <trkpt lat="46.18889667" lon="17.92754">
        <ele>197.3</ele>
        <time>2025-07-23T16:18:18Z</time>
      </trkpt>
      <trkpt lat="46.18893667" lon="17.92768167">
        <ele>197.7</ele>
        <time>2025-07-23T16:18:19Z</time>
      </trkpt>
      <trkpt lat="46.18898167" lon="17.92782167">
        <ele>197.1</ele>
        <time>2025-07-23T16:18:20Z</time>
      </trkpt>
      <trkpt lat="46.18903333" lon="17.927965">
        <ele>196.6</ele>
        <time>2025-07-23T16:18:21Z</time>
      </trkpt>
      <trkpt lat="46.18909" lon="17.92809833">
        <ele>196.8</ele>
        <time>2025-07-23T16:18:22Z</time>
      </trkpt>
      <trkpt lat="46.18914333" lon="17.92823833">
        <ele>197</ele>
        <time>2025-07-23T16:18:23Z</time>
      </trkpt>
      <trkpt lat="46.18919833" lon="17.92838">
        <ele>197.9</ele>
        <time>2025-07-23T16:18:24Z</time>
      </trkpt>
      <trkpt lat="46.18925167" lon="17.92852">
        <ele>199</ele>
        <time>2025-07-23T16:18:25Z</time>
      </trkpt>
      <trkpt lat="46.18928667" lon="17.92866">
        <ele>199.3</ele>
        <time>2025-07-23T16:18:26Z</time>
      </trkpt>
      <trkpt lat="46.18932333" lon="17.92880167">
        <ele>200.1</ele>
        <time>2025-07-23T16:18:27Z</time>
      </trkpt>
      <trkpt lat="46.18935833" lon="17.92894333">
        <ele>199.9</ele>
        <time>2025-07-23T16:18:28Z</time>
      </trkpt>
      <trkpt lat="46.18939" lon="17.92907833">
        <ele>199.9</ele>
        <time>2025-07-23T16:18:29Z</time>
      </trkpt>
      <trkpt lat="46.18941167" lon="17.92921">
        <ele>199.8</ele>
        <time>2025-07-23T16:18:30Z</time>
      </trkpt>
      <trkpt lat="46.18946" lon="17.92944167">
        <ele>200.5</ele>
        <time>2025-07-23T16:18:32Z</time>
      </trkpt>
      <trkpt lat="46.18948333" lon="17.92969">
        <ele>199.5</ele>
        <time>2025-07-23T16:18:34Z</time>
      </trkpt>
      <trkpt lat="46.18949" lon="17.92990167">
        <ele>199.3</ele>
        <time>2025-07-23T16:18:36Z</time>
      </trkpt>
      <trkpt lat="46.18950167" lon="17.93009167">
        <ele>204.3</ele>
        <time>2025-07-23T16:18:38Z</time>
      </trkpt>
      <trkpt lat="46.18948333" lon="17.93027">
        <ele>209.9</ele>
        <time>2025-07-23T16:18:40Z</time>
      </trkpt>
      <trkpt lat="46.18942667" lon="17.93041333">
        <ele>208.2</ele>
        <time>2025-07-23T16:18:42Z</time>
      </trkpt>
      <trkpt lat="46.18934833" lon="17.93052833">
        <ele>206</ele>
        <time>2025-07-23T16:18:44Z</time>
      </trkpt>
      <trkpt lat="46.18929333" lon="17.930635">
        <ele>205.1</ele>
        <time>2025-07-23T16:18:46Z</time>
      </trkpt>
      <trkpt lat="46.18930833" lon="17.93081167">
        <ele>205.2</ele>
        <time>2025-07-23T16:18:49Z</time>
      </trkpt>
      <trkpt lat="46.18942" lon="17.930865">
        <ele>203.9</ele>
        <time>2025-07-23T16:18:52Z</time>
      </trkpt>
      <trkpt lat="46.18952" lon="17.93076333">
        <ele>202.7</ele>
        <time>2025-07-23T16:18:55Z</time>
      </trkpt>
      <trkpt lat="46.189545" lon="17.93062667">
        <ele>202.3</ele>
        <time>2025-07-23T16:18:57Z</time>
      </trkpt>
      <trkpt lat="46.189535" lon="17.93045667">
        <ele>202.3</ele>
        <time>2025-07-23T16:18:59Z</time>
      </trkpt>
      <trkpt lat="46.18951833" lon="17.93024667">
        <ele>202.7</ele>
        <time>2025-07-23T16:19:01Z</time>
      </trkpt>
      <trkpt lat="46.18951833" lon="17.93001">
        <ele>203.2</ele>
        <time>2025-07-23T16:19:03Z</time>
      </trkpt>
      <trkpt lat="46.18951833" lon="17.92987833">
        <ele>203.2</ele>
        <time>2025-07-23T16:19:04Z</time>
      </trkpt>
      <trkpt lat="46.18950667" lon="17.92974">
        <ele>203</ele>
        <time>2025-07-23T16:19:05Z</time>
      </trkpt>
      <trkpt lat="46.189485" lon="17.929605">
        <ele>202.8</ele>
        <time>2025-07-23T16:19:06Z</time>
      </trkpt>
      <trkpt lat="46.18945667" lon="17.929455">
        <ele>203.1</ele>
        <time>2025-07-23T16:19:07Z</time>
      </trkpt>
      <trkpt lat="46.18943833" lon="17.929305">
        <ele>202.6</ele>
        <time>2025-07-23T16:19:08Z</time>
      </trkpt>
      <trkpt lat="46.18941333" lon="17.92915">
        <ele>202.7</ele>
        <time>2025-07-23T16:19:09Z</time>
      </trkpt>
      <trkpt lat="46.18938833" lon="17.92898833">
        <ele>202.1</ele>
        <time>2025-07-23T16:19:10Z</time>
      </trkpt>
      <trkpt lat="46.18935833" lon="17.92882833">
        <ele>201.6</ele>
        <time>2025-07-23T16:19:11Z</time>
      </trkpt>
      <trkpt lat="46.18932167" lon="17.92866833">
        <ele>201.5</ele>
        <time>2025-07-23T16:19:12Z</time>
      </trkpt>
      <trkpt lat="46.18928" lon="17.92851333">
        <ele>201</ele>
        <time>2025-07-23T16:19:13Z</time>
      </trkpt>
      <trkpt lat="46.18922833" lon="17.928355">
        <ele>200.2</ele>
        <time>2025-07-23T16:19:14Z</time>
      </trkpt>
      <trkpt lat="46.189175" lon="17.92820833">
        <ele>200</ele>
        <time>2025-07-23T16:19:15Z</time>
      </trkpt>
      <trkpt lat="46.18912" lon="17.92807">
        <ele>199.1</ele>
        <time>2025-07-23T16:19:16Z</time>
      </trkpt>
      <trkpt lat="46.18905667" lon="17.92792833">
        <ele>198.6</ele>
        <time>2025-07-23T16:19:17Z</time>
      </trkpt>
      <trkpt lat="46.18899667" lon="17.92777833">
        <ele>199.4</ele>
        <time>2025-07-23T16:19:18Z</time>
      </trkpt>
      <trkpt lat="46.18894333" lon="17.92762833">
        <ele>198.9</ele>
        <time>2025-07-23T16:19:19Z</time>
      </trkpt>
      <trkpt lat="46.18890333" lon="17.92747167">
        <ele>197.6</ele>
        <time>2025-07-23T16:19:20Z</time>
      </trkpt>
      <trkpt lat="46.18887833" lon="17.927305">
        <ele>197.7</ele>
        <time>2025-07-23T16:19:21Z</time>
      </trkpt>
      <trkpt lat="46.188855" lon="17.927135">
        <ele>197.6</ele>
        <time>2025-07-23T16:19:22Z</time>
      </trkpt>
      <trkpt lat="46.188855" lon="17.92696167">
        <ele>198.3</ele>
        <time>2025-07-23T16:19:23Z</time>
      </trkpt>
      <trkpt lat="46.18886167" lon="17.92680333">
        <ele>197.8</ele>
        <time>2025-07-23T16:19:24Z</time>
      </trkpt>
      <trkpt lat="46.18886833" lon="17.92663833">
        <ele>198.3</ele>
        <time>2025-07-23T16:19:25Z</time>
      </trkpt>
      <trkpt lat="46.18888333" lon="17.92647">
        <ele>197.6</ele>
        <time>2025-07-23T16:19:26Z</time>
      </trkpt>
      <trkpt lat="46.18889" lon="17.9263">
        <ele>197.2</ele>
        <time>2025-07-23T16:19:27Z</time>
      </trkpt>
      <trkpt lat="46.18889833" lon="17.92613667">
        <ele>196.6</ele>
        <time>2025-07-23T16:19:28Z</time>
      </trkpt>
      <trkpt lat="46.18890333" lon="17.92597333">
        <ele>196.9</ele>
        <time>2025-07-23T16:19:29Z</time>
      </trkpt>
      <trkpt lat="46.18891333" lon="17.925815">
        <ele>197.1</ele>
        <time>2025-07-23T16:19:30Z</time>
      </trkpt>
      <trkpt lat="46.18892" lon="17.92567167">
        <ele>196.2</ele>
        <time>2025-07-23T16:19:31Z</time>
      </trkpt>
      <trkpt lat="46.18891667" lon="17.92551667">
        <ele>196.3</ele>
        <time>2025-07-23T16:19:32Z</time>
      </trkpt>
      <trkpt lat="46.18889667" lon="17.92537333">
        <ele>196.7</ele>
        <time>2025-07-23T16:19:33Z</time>
      </trkpt>
      <trkpt lat="46.188865" lon="17.92523167">
        <ele>197.5</ele>
        <time>2025-07-23T16:19:34Z</time>
      </trkpt>
      <trkpt lat="46.18880833" lon="17.92512167">
        <ele>197.7</ele>
        <time>2025-07-23T16:19:35Z</time>
      </trkpt>
      <trkpt lat="46.18873667" lon="17.925025">
        <ele>198.1</ele>
        <time>2025-07-23T16:19:36Z</time>
      </trkpt>
      <trkpt lat="46.18864833" lon="17.92494833">
        <ele>197.8</ele>
        <time>2025-07-23T16:19:37Z</time>
      </trkpt>
      <trkpt lat="46.18854333" lon="17.92488167">
        <ele>196.8</ele>
        <time>2025-07-23T16:19:38Z</time>
      </trkpt>
      <trkpt lat="46.188445" lon="17.92483">
        <ele>196.4</ele>
        <time>2025-07-23T16:19:39Z</time>
      </trkpt>
      <trkpt lat="46.18834333" lon="17.92477">
        <ele>196</ele>
        <time>2025-07-23T16:19:40Z</time>
      </trkpt>
      <trkpt lat="46.18824333" lon="17.92472">
        <ele>195.3</ele>
        <time>2025-07-23T16:19:41Z</time>
      </trkpt>
      <trkpt lat="46.18813667" lon="17.92467">
        <ele>195.3</ele>
        <time>2025-07-23T16:19:42Z</time>
      </trkpt>
      <trkpt lat="46.18801" lon="17.92459667">
        <ele>194.7</ele>
        <time>2025-07-23T16:19:43Z</time>
      </trkpt>
      <trkpt lat="46.1879" lon="17.924525">
        <ele>194.1</ele>
        <time>2025-07-23T16:19:44Z</time>
      </trkpt>
      <trkpt lat="46.18778333" lon="17.92444667">
        <ele>193.4</ele>
        <time>2025-07-23T16:19:45Z</time>
      </trkpt>
      <trkpt lat="46.18765833" lon="17.92437333">
        <ele>194.2</ele>
        <time>2025-07-23T16:19:46Z</time>
      </trkpt>
      <trkpt lat="46.18754167" lon="17.92429833">
        <ele>195.4</ele>
        <time>2025-07-23T16:19:47Z</time>
      </trkpt>
      <trkpt lat="46.18743167" lon="17.924235">
        <ele>195.7</ele>
        <time>2025-07-23T16:19:48Z</time>
      </trkpt>
      <trkpt lat="46.18732667" lon="17.92416167">
        <ele>197.1</ele>
        <time>2025-07-23T16:19:49Z</time>
      </trkpt>
      <trkpt lat="46.18722333" lon="17.924075">
        <ele>196.9</ele>
        <time>2025-07-23T16:19:50Z</time>
      </trkpt>
      <trkpt lat="46.18711167" lon="17.92398167">
        <ele>196.4</ele>
        <time>2025-07-23T16:19:51Z</time>
      </trkpt>
      <trkpt lat="46.18699333" lon="17.92389167">
        <ele>196.9</ele>
        <time>2025-07-23T16:19:52Z</time>
      </trkpt>
      <trkpt lat="46.18688333" lon="17.923795">
        <ele>196.6</ele>
        <time>2025-07-23T16:19:53Z</time>
      </trkpt>
      <trkpt lat="46.18677333" lon="17.9237">
        <ele>195.7</ele>
        <time>2025-07-23T16:19:54Z</time>
      </trkpt>
      <trkpt lat="46.18666167" lon="17.923605">
        <ele>194.1</ele>
        <time>2025-07-23T16:19:55Z</time>
      </trkpt>
      <trkpt lat="46.18655167" lon="17.92351667">
        <ele>193.3</ele>
        <time>2025-07-23T16:19:56Z</time>
      </trkpt>
      <trkpt lat="46.18644167" lon="17.92342333">
        <ele>192.6</ele>
        <time>2025-07-23T16:19:57Z</time>
      </trkpt>
      <trkpt lat="46.18632333" lon="17.92333333">
        <ele>193.1</ele>
        <time>2025-07-23T16:19:58Z</time>
      </trkpt>
      <trkpt lat="46.186205" lon="17.92323167">
        <ele>193.8</ele>
        <time>2025-07-23T16:19:59Z</time>
      </trkpt>
      <trkpt lat="46.18609833" lon="17.923135">
        <ele>193.5</ele>
        <time>2025-07-23T16:20:00Z</time>
      </trkpt>
      <trkpt lat="46.18598333" lon="17.92303333">
        <ele>193.3</ele>
        <time>2025-07-23T16:20:01Z</time>
      </trkpt>
      <trkpt lat="46.18586833" lon="17.92293333">
        <ele>193.2</ele>
        <time>2025-07-23T16:20:02Z</time>
      </trkpt>
      <trkpt lat="46.18575167" lon="17.92282833">
        <ele>192.9</ele>
        <time>2025-07-23T16:20:03Z</time>
      </trkpt>
      <trkpt lat="46.18563833" lon="17.92272333">
        <ele>191.9</ele>
        <time>2025-07-23T16:20:04Z</time>
      </trkpt>
      <trkpt lat="46.18552167" lon="17.92261167">
        <ele>192</ele>
        <time>2025-07-23T16:20:05Z</time>
      </trkpt>
      <trkpt lat="46.18541333" lon="17.922495">
        <ele>191.9</ele>
        <time>2025-07-23T16:20:06Z</time>
      </trkpt>
      <trkpt lat="46.1853" lon="17.92238333">
        <ele>191.2</ele>
        <time>2025-07-23T16:20:07Z</time>
      </trkpt>
      <trkpt lat="46.18518833" lon="17.92227">
        <ele>191.1</ele>
        <time>2025-07-23T16:20:08Z</time>
      </trkpt>
      <trkpt lat="46.18507833" lon="17.92215667">
        <ele>191.1</ele>
        <time>2025-07-23T16:20:09Z</time>
      </trkpt>
      <trkpt lat="46.18496833" lon="17.92204667">
        <ele>191</ele>
        <time>2025-07-23T16:20:10Z</time>
      </trkpt>
      <trkpt lat="46.18485" lon="17.92193833">
        <ele>191.1</ele>
        <time>2025-07-23T16:20:11Z</time>
      </trkpt>
      <trkpt lat="46.184735" lon="17.92183167">
        <ele>190.8</ele>
        <time>2025-07-23T16:20:12Z</time>
      </trkpt>
      <trkpt lat="46.18462" lon="17.921725">
        <ele>191.2</ele>
        <time>2025-07-23T16:20:13Z</time>
      </trkpt>
      <trkpt lat="46.184505" lon="17.92161167">
        <ele>190.9</ele>
        <time>2025-07-23T16:20:14Z</time>
      </trkpt>
      <trkpt lat="46.18439333" lon="17.92150333">
        <ele>191.3</ele>
        <time>2025-07-23T16:20:15Z</time>
      </trkpt>
      <trkpt lat="46.18428167" lon="17.92138833">
        <ele>191.1</ele>
        <time>2025-07-23T16:20:16Z</time>
      </trkpt>
      <trkpt lat="46.184175" lon="17.92127667">
        <ele>190.3</ele>
        <time>2025-07-23T16:20:17Z</time>
      </trkpt>
      <trkpt lat="46.18407333" lon="17.92115667">
        <ele>190.8</ele>
        <time>2025-07-23T16:20:18Z</time>
      </trkpt>
      <trkpt lat="46.18397333" lon="17.92102667">
        <ele>190.9</ele>
        <time>2025-07-23T16:20:19Z</time>
      </trkpt>
      <trkpt lat="46.18387667" lon="17.920885">
        <ele>191.3</ele>
        <time>2025-07-23T16:20:20Z</time>
      </trkpt>
      <trkpt lat="46.18377833" lon="17.92074167">
        <ele>191.5</ele>
        <time>2025-07-23T16:20:21Z</time>
      </trkpt>
      <trkpt lat="46.18368167" lon="17.92059">
        <ele>190.4</ele>
        <time>2025-07-23T16:20:22Z</time>
      </trkpt>
      <trkpt lat="46.18359333" lon="17.92045167">
        <ele>189.1</ele>
        <time>2025-07-23T16:20:23Z</time>
      </trkpt>
      <trkpt lat="46.183505" lon="17.920315">
        <ele>187.9</ele>
        <time>2025-07-23T16:20:24Z</time>
      </trkpt>
      <trkpt lat="46.183415" lon="17.92020333">
        <ele>187.6</ele>
        <time>2025-07-23T16:20:25Z</time>
      </trkpt>
      <trkpt lat="46.18331167" lon="17.92007667">
        <ele>188</ele>
        <time>2025-07-23T16:20:26Z</time>
      </trkpt>
      <trkpt lat="46.18320167" lon="17.91995167">
        <ele>188.2</ele>
        <time>2025-07-23T16:20:27Z</time>
      </trkpt>
      <trkpt lat="46.18309833" lon="17.91983333">
        <ele>189.2</ele>
        <time>2025-07-23T16:20:28Z</time>
      </trkpt>
      <trkpt lat="46.18299667" lon="17.91971333">
        <ele>188.6</ele>
        <time>2025-07-23T16:20:29Z</time>
      </trkpt>
      <trkpt lat="46.18289333" lon="17.919595">
        <ele>186.8</ele>
        <time>2025-07-23T16:20:30Z</time>
      </trkpt>
      <trkpt lat="46.18278667" lon="17.91948833">
        <ele>186.4</ele>
        <time>2025-07-23T16:20:31Z</time>
      </trkpt>
      <trkpt lat="46.18266833" lon="17.91937667">
        <ele>186.2</ele>
        <time>2025-07-23T16:20:32Z</time>
      </trkpt>
      <trkpt lat="46.18255" lon="17.91926333">
        <ele>187.1</ele>
        <time>2025-07-23T16:20:33Z</time>
      </trkpt>
      <trkpt lat="46.18243833" lon="17.91914167">
        <ele>187.4</ele>
        <time>2025-07-23T16:20:34Z</time>
      </trkpt>
      <trkpt lat="46.18231833" lon="17.91902667">
        <ele>187.2</ele>
        <time>2025-07-23T16:20:35Z</time>
      </trkpt>
      <trkpt lat="46.18220333" lon="17.91891">
        <ele>187.1</ele>
        <time>2025-07-23T16:20:36Z</time>
      </trkpt>
      <trkpt lat="46.18208333" lon="17.91878833">
        <ele>187.3</ele>
        <time>2025-07-23T16:20:37Z</time>
      </trkpt>
      <trkpt lat="46.181965" lon="17.918675">
        <ele>187.2</ele>
        <time>2025-07-23T16:20:38Z</time>
      </trkpt>
      <trkpt lat="46.18184333" lon="17.91856">
        <ele>187.4</ele>
        <time>2025-07-23T16:20:39Z</time>
      </trkpt>
      <trkpt lat="46.18172833" lon="17.918445">
        <ele>187.5</ele>
        <time>2025-07-23T16:20:40Z</time>
      </trkpt>
      <trkpt lat="46.18161833" lon="17.91832833">
        <ele>188.7</ele>
        <time>2025-07-23T16:20:41Z</time>
      </trkpt>
      <trkpt lat="46.18150333" lon="17.91820333">
        <ele>188.4</ele>
        <time>2025-07-23T16:20:42Z</time>
      </trkpt>
      <trkpt lat="46.18138333" lon="17.91808167">
        <ele>188.7</ele>
        <time>2025-07-23T16:20:43Z</time>
      </trkpt>
      <trkpt lat="46.18126833" lon="17.91796333">
        <ele>189</ele>
        <time>2025-07-23T16:20:44Z</time>
      </trkpt>
      <trkpt lat="46.18116" lon="17.91783667">
        <ele>189</ele>
        <time>2025-07-23T16:20:45Z</time>
      </trkpt>
      <trkpt lat="46.18104667" lon="17.91771833">
        <ele>189.8</ele>
        <time>2025-07-23T16:20:46Z</time>
      </trkpt>
      <trkpt lat="46.180935" lon="17.9176">
        <ele>190.3</ele>
        <time>2025-07-23T16:20:47Z</time>
      </trkpt>
      <trkpt lat="46.18082" lon="17.917475">
        <ele>191.3</ele>
        <time>2025-07-23T16:20:48Z</time>
      </trkpt>
      <trkpt lat="46.180705" lon="17.91735333">
        <ele>191.1</ele>
        <time>2025-07-23T16:20:49Z</time>
      </trkpt>
      <trkpt lat="46.18058833" lon="17.91723833">
        <ele>191.3</ele>
        <time>2025-07-23T16:20:50Z</time>
      </trkpt>
      <trkpt lat="46.18047333" lon="17.91711833">
        <ele>191.4</ele>
        <time>2025-07-23T16:20:51Z</time>
      </trkpt>
      <trkpt lat="46.18036333" lon="17.91700333">
        <ele>191.1</ele>
        <time>2025-07-23T16:20:52Z</time>
      </trkpt>
      <trkpt lat="46.18025167" lon="17.91688667">
        <ele>190.1</ele>
        <time>2025-07-23T16:20:53Z</time>
      </trkpt>
      <trkpt lat="46.18013667" lon="17.916775">
        <ele>188.9</ele>
        <time>2025-07-23T16:20:54Z</time>
      </trkpt>
      <trkpt lat="46.180025" lon="17.916655">
        <ele>188.4</ele>
        <time>2025-07-23T16:20:55Z</time>
      </trkpt>
      <trkpt lat="46.179905" lon="17.916545">
        <ele>188.1</ele>
        <time>2025-07-23T16:20:56Z</time>
      </trkpt>
      <trkpt lat="46.17978833" lon="17.91642333">
        <ele>187.7</ele>
        <time>2025-07-23T16:20:57Z</time>
      </trkpt>
      <trkpt lat="46.17967667" lon="17.91631333">
        <ele>187.4</ele>
        <time>2025-07-23T16:20:58Z</time>
      </trkpt>
      <trkpt lat="46.17955833" lon="17.916205">
        <ele>186.5</ele>
        <time>2025-07-23T16:20:59Z</time>
      </trkpt>
      <trkpt lat="46.17944667" lon="17.91608833">
        <ele>185.8</ele>
        <time>2025-07-23T16:21:00Z</time>
      </trkpt>
      <trkpt lat="46.17933" lon="17.91597833">
        <ele>185.6</ele>
        <time>2025-07-23T16:21:01Z</time>
      </trkpt>
      <trkpt lat="46.17922" lon="17.91585667">
        <ele>185.9</ele>
        <time>2025-07-23T16:21:02Z</time>
      </trkpt>
      <trkpt lat="46.17911" lon="17.91573333">
        <ele>186.3</ele>
        <time>2025-07-23T16:21:03Z</time>
      </trkpt>
      <trkpt lat="46.17899833" lon="17.91562833">
        <ele>185.8</ele>
        <time>2025-07-23T16:21:04Z</time>
      </trkpt>
      <trkpt lat="46.178885" lon="17.91552333">
        <ele>186.1</ele>
        <time>2025-07-23T16:21:05Z</time>
      </trkpt>
      <trkpt lat="46.178775" lon="17.91541167">
        <ele>186.1</ele>
        <time>2025-07-23T16:21:06Z</time>
      </trkpt>
      <trkpt lat="46.17866667" lon="17.91530833">
        <ele>185.6</ele>
        <time>2025-07-23T16:21:07Z</time>
      </trkpt>
      <trkpt lat="46.17855667" lon="17.91519833">
        <ele>185.7</ele>
        <time>2025-07-23T16:21:08Z</time>
      </trkpt>
      <trkpt lat="46.17844333" lon="17.915095">
        <ele>186.2</ele>
        <time>2025-07-23T16:21:09Z</time>
      </trkpt>
      <trkpt lat="46.17832833" lon="17.91498833">
        <ele>186.3</ele>
        <time>2025-07-23T16:21:10Z</time>
      </trkpt>
      <trkpt lat="46.17821" lon="17.91488667">
        <ele>187.2</ele>
        <time>2025-07-23T16:21:11Z</time>
      </trkpt>
      <trkpt lat="46.17810167" lon="17.91478167">
        <ele>188.1</ele>
        <time>2025-07-23T16:21:12Z</time>
      </trkpt>
      <trkpt lat="46.17799333" lon="17.91469167">
        <ele>188</ele>
        <time>2025-07-23T16:21:13Z</time>
      </trkpt>
      <trkpt lat="46.17788833" lon="17.91462">
        <ele>188.6</ele>
        <time>2025-07-23T16:21:14Z</time>
      </trkpt>
      <trkpt lat="46.17777167" lon="17.91455167">
        <ele>188.4</ele>
        <time>2025-07-23T16:21:15Z</time>
      </trkpt>
      <trkpt lat="46.17764833" lon="17.91450167">
        <ele>188.4</ele>
        <time>2025-07-23T16:21:16Z</time>
      </trkpt>
      <trkpt lat="46.177525" lon="17.91446833">
        <ele>188.6</ele>
        <time>2025-07-23T16:21:17Z</time>
      </trkpt>
      <trkpt lat="46.17739833" lon="17.91445333">
        <ele>188.7</ele>
        <time>2025-07-23T16:21:18Z</time>
      </trkpt>
      <trkpt lat="46.17728333" lon="17.91444333">
        <ele>187.8</ele>
        <time>2025-07-23T16:21:19Z</time>
      </trkpt>
      <trkpt lat="46.17717167" lon="17.91444667">
        <ele>186.3</ele>
        <time>2025-07-23T16:21:20Z</time>
      </trkpt>
      <trkpt lat="46.177055" lon="17.91446667">
        <ele>185.6</ele>
        <time>2025-07-23T16:21:21Z</time>
      </trkpt>
      <trkpt lat="46.17694167" lon="17.91450333">
        <ele>185.8</ele>
        <time>2025-07-23T16:21:22Z</time>
      </trkpt>
      <trkpt lat="46.176825" lon="17.914545">
        <ele>186.1</ele>
        <time>2025-07-23T16:21:23Z</time>
      </trkpt>
      <trkpt lat="46.17672333" lon="17.914585">
        <ele>186.6</ele>
        <time>2025-07-23T16:21:24Z</time>
      </trkpt>
      <trkpt lat="46.17662" lon="17.91464">
        <ele>186.8</ele>
        <time>2025-07-23T16:21:25Z</time>
      </trkpt>
      <trkpt lat="46.17652833" lon="17.91468667">
        <ele>187.3</ele>
        <time>2025-07-23T16:21:26Z</time>
      </trkpt>
      <trkpt lat="46.17643833" lon="17.91473167">
        <ele>187.4</ele>
        <time>2025-07-23T16:21:27Z</time>
      </trkpt>
      <trkpt lat="46.176275" lon="17.91483833">
        <ele>187.4</ele>
        <time>2025-07-23T16:21:29Z</time>
      </trkpt>
      <trkpt lat="46.17619167" lon="17.91489167">
        <ele>187.5</ele>
        <time>2025-07-23T16:21:30Z</time>
      </trkpt>
      <trkpt lat="46.17610833" lon="17.91494333">
        <ele>187.4</ele>
        <time>2025-07-23T16:21:31Z</time>
      </trkpt>
      <trkpt lat="46.17601667" lon="17.91499">
        <ele>187.2</ele>
        <time>2025-07-23T16:21:32Z</time>
      </trkpt>
      <trkpt lat="46.175865" lon="17.91505833">
        <ele>186.5</ele>
        <time>2025-07-23T16:21:34Z</time>
      </trkpt>
      <trkpt lat="46.175765" lon="17.91511">
        <ele>186.1</ele>
        <time>2025-07-23T16:21:36Z</time>
      </trkpt>
      <trkpt lat="46.17569333" lon="17.915195">
        <ele>187.5</ele>
        <time>2025-07-23T16:21:38Z</time>
      </trkpt>
      <trkpt lat="46.17565333" lon="17.915325">
        <ele>189.1</ele>
        <time>2025-07-23T16:21:40Z</time>
      </trkpt>
      <trkpt lat="46.17567" lon="17.91548167">
        <ele>189.9</ele>
        <time>2025-07-23T16:21:42Z</time>
      </trkpt>
      <trkpt lat="46.175725" lon="17.915675">
        <ele>189.8</ele>
        <time>2025-07-23T16:21:44Z</time>
      </trkpt>
      <trkpt lat="46.17575333" lon="17.91587167">
        <ele>188.1</ele>
        <time>2025-07-23T16:21:46Z</time>
      </trkpt>
      <trkpt lat="46.17578667" lon="17.91611167">
        <ele>187.7</ele>
        <time>2025-07-23T16:21:48Z</time>
      </trkpt>
      <trkpt lat="46.17579833" lon="17.91635333">
        <ele>187.1</ele>
        <time>2025-07-23T16:21:50Z</time>
      </trkpt>
      <trkpt lat="46.17579833" lon="17.91648333">
        <ele>186.3</ele>
        <time>2025-07-23T16:21:51Z</time>
      </trkpt>
      <trkpt lat="46.175805" lon="17.916625">
        <ele>186.4</ele>
        <time>2025-07-23T16:21:52Z</time>
      </trkpt>
      <trkpt lat="46.17581333" lon="17.91677">
        <ele>187.1</ele>
        <time>2025-07-23T16:21:53Z</time>
      </trkpt>
      <trkpt lat="46.17581333" lon="17.91691333">
        <ele>188.3</ele>
        <time>2025-07-23T16:21:54Z</time>
      </trkpt>
      <trkpt lat="46.17580833" lon="17.917065">
        <ele>188.7</ele>
        <time>2025-07-23T16:21:55Z</time>
      </trkpt>
      <trkpt lat="46.175805" lon="17.91721333">
        <ele>188.5</ele>
        <time>2025-07-23T16:21:56Z</time>
      </trkpt>
      <trkpt lat="46.17580167" lon="17.91737">
        <ele>188.6</ele>
        <time>2025-07-23T16:21:57Z</time>
      </trkpt>
      <trkpt lat="46.17580333" lon="17.917525">
        <ele>188.7</ele>
        <time>2025-07-23T16:21:58Z</time>
      </trkpt>
      <trkpt lat="46.17579667" lon="17.91768167">
        <ele>189.3</ele>
        <time>2025-07-23T16:21:59Z</time>
      </trkpt>
      <trkpt lat="46.17578167" lon="17.91783833">
        <ele>189.7</ele>
        <time>2025-07-23T16:22:00Z</time>
      </trkpt>
      <trkpt lat="46.175775" lon="17.91799333">
        <ele>189.7</ele>
        <time>2025-07-23T16:22:01Z</time>
      </trkpt>
      <trkpt lat="46.17576167" lon="17.918155">
        <ele>190.3</ele>
        <time>2025-07-23T16:22:02Z</time>
      </trkpt>
      <trkpt lat="46.17575833" lon="17.918315">
        <ele>191.1</ele>
        <time>2025-07-23T16:22:03Z</time>
      </trkpt>
      <trkpt lat="46.17575167" lon="17.91847333">
        <ele>191.6</ele>
        <time>2025-07-23T16:22:04Z</time>
      </trkpt>
      <trkpt lat="46.175745" lon="17.91863167">
        <ele>192</ele>
        <time>2025-07-23T16:22:05Z</time>
      </trkpt>
      <trkpt lat="46.17573667" lon="17.91879333">
        <ele>192.6</ele>
        <time>2025-07-23T16:22:06Z</time>
      </trkpt>
      <trkpt lat="46.17572167" lon="17.91895833">
        <ele>192.6</ele>
        <time>2025-07-23T16:22:07Z</time>
      </trkpt>
      <trkpt lat="46.17570167" lon="17.91911833">
        <ele>192.1</ele>
        <time>2025-07-23T16:22:08Z</time>
      </trkpt>
      <trkpt lat="46.17569333" lon="17.919285">
        <ele>191.7</ele>
        <time>2025-07-23T16:22:09Z</time>
      </trkpt>
      <trkpt lat="46.175685" lon="17.91945833">
        <ele>191.3</ele>
        <time>2025-07-23T16:22:10Z</time>
      </trkpt>
      <trkpt lat="46.175675" lon="17.91962167">
        <ele>189.4</ele>
        <time>2025-07-23T16:22:11Z</time>
      </trkpt>
      <trkpt lat="46.17567" lon="17.91979667">
        <ele>190.1</ele>
        <time>2025-07-23T16:22:12Z</time>
      </trkpt>
      <trkpt lat="46.17566167" lon="17.91996667">
        <ele>190</ele>
        <time>2025-07-23T16:22:13Z</time>
      </trkpt>
      <trkpt lat="46.17565167" lon="17.920135">
        <ele>190.3</ele>
        <time>2025-07-23T16:22:14Z</time>
      </trkpt>
      <trkpt lat="46.175645" lon="17.92030167">
        <ele>190.9</ele>
        <time>2025-07-23T16:22:15Z</time>
      </trkpt>
      <trkpt lat="46.17564" lon="17.92047667">
        <ele>191.7</ele>
        <time>2025-07-23T16:22:16Z</time>
      </trkpt>
      <trkpt lat="46.175635" lon="17.92064667">
        <ele>192.4</ele>
        <time>2025-07-23T16:22:17Z</time>
      </trkpt>
      <trkpt lat="46.175625" lon="17.92081333">
        <ele>193.2</ele>
        <time>2025-07-23T16:22:18Z</time>
      </trkpt>
      <trkpt lat="46.175615" lon="17.92098">
        <ele>193.3</ele>
        <time>2025-07-23T16:22:19Z</time>
      </trkpt>
      <trkpt lat="46.17561" lon="17.92115167">
        <ele>193.7</ele>
        <time>2025-07-23T16:22:20Z</time>
      </trkpt>
      <trkpt lat="46.17559667" lon="17.92132333">
        <ele>194</ele>
        <time>2025-07-23T16:22:21Z</time>
      </trkpt>
      <trkpt lat="46.17558833" lon="17.9215">
        <ele>194.4</ele>
        <time>2025-07-23T16:22:22Z</time>
      </trkpt>
      <trkpt lat="46.17557333" lon="17.92167167">
        <ele>194.3</ele>
        <time>2025-07-23T16:22:23Z</time>
      </trkpt>
      <trkpt lat="46.17556667" lon="17.92185333">
        <ele>194.9</ele>
        <time>2025-07-23T16:22:24Z</time>
      </trkpt>
      <trkpt lat="46.17555667" lon="17.92203167">
        <ele>194.3</ele>
        <time>2025-07-23T16:22:25Z</time>
      </trkpt>
      <trkpt lat="46.17554667" lon="17.9222">
        <ele>194.6</ele>
        <time>2025-07-23T16:22:26Z</time>
      </trkpt>
      <trkpt lat="46.17553167" lon="17.92237167">
        <ele>193.6</ele>
        <time>2025-07-23T16:22:27Z</time>
      </trkpt>
      <trkpt lat="46.17552333" lon="17.92254167">
        <ele>193.3</ele>
        <time>2025-07-23T16:22:28Z</time>
      </trkpt>
      <trkpt lat="46.17551333" lon="17.92270333">
        <ele>193</ele>
        <time>2025-07-23T16:22:29Z</time>
      </trkpt>
      <trkpt lat="46.17551167" lon="17.92287333">
        <ele>193.3</ele>
        <time>2025-07-23T16:22:30Z</time>
      </trkpt>
      <trkpt lat="46.17550667" lon="17.923035">
        <ele>193.5</ele>
        <time>2025-07-23T16:22:31Z</time>
      </trkpt>
      <trkpt lat="46.17550667" lon="17.92319">
        <ele>194.1</ele>
        <time>2025-07-23T16:22:32Z</time>
      </trkpt>
      <trkpt lat="46.17550333" lon="17.92335167">
        <ele>194.9</ele>
        <time>2025-07-23T16:22:33Z</time>
      </trkpt>
      <trkpt lat="46.17549667" lon="17.9235">
        <ele>195.1</ele>
        <time>2025-07-23T16:22:34Z</time>
      </trkpt>
      <trkpt lat="46.175495" lon="17.92364167">
        <ele>194.7</ele>
        <time>2025-07-23T16:22:35Z</time>
      </trkpt>
      <trkpt lat="46.1755" lon="17.923785">
        <ele>195</ele>
        <time>2025-07-23T16:22:36Z</time>
      </trkpt>
      <trkpt lat="46.17550333" lon="17.923915">
        <ele>195.1</ele>
        <time>2025-07-23T16:22:37Z</time>
      </trkpt>
      <trkpt lat="46.17554667" lon="17.92416333">
        <ele>195.8</ele>
        <time>2025-07-23T16:22:39Z</time>
      </trkpt>
      <trkpt lat="46.17557833" lon="17.92435333">
        <ele>195.9</ele>
        <time>2025-07-23T16:22:41Z</time>
      </trkpt>
      <trkpt lat="46.175585" lon="17.92449833">
        <ele>195.7</ele>
        <time>2025-07-23T16:22:43Z</time>
      </trkpt>
      <trkpt lat="46.17553833" lon="17.92463167">
        <ele>195.7</ele>
        <time>2025-07-23T16:22:46Z</time>
      </trkpt>
      <trkpt lat="46.175545" lon="17.92477">
        <ele>197</ele>
        <time>2025-07-23T16:22:50Z</time>
      </trkpt>
      <trkpt lat="46.17564667" lon="17.92482667">
        <ele>197.2</ele>
        <time>2025-07-23T16:22:54Z</time>
      </trkpt>
      <trkpt lat="46.17570833" lon="17.92471">
        <ele>196.3</ele>
        <time>2025-07-23T16:22:58Z</time>
      </trkpt>
      <trkpt lat="46.17566333" lon="17.92458167">
        <ele>195.6</ele>
        <time>2025-07-23T16:23:01Z</time>
      </trkpt>
      <trkpt lat="46.17560333" lon="17.92441833">
        <ele>195.3</ele>
        <time>2025-07-23T16:23:04Z</time>
      </trkpt>
      <trkpt lat="46.17556" lon="17.92425667">
        <ele>194.9</ele>
        <time>2025-07-23T16:23:06Z</time>
      </trkpt>
      <trkpt lat="46.17551167" lon="17.92405">
        <ele>194.8</ele>
        <time>2025-07-23T16:23:08Z</time>
      </trkpt>
      <trkpt lat="46.17549333" lon="17.92382167">
        <ele>196</ele>
        <time>2025-07-23T16:23:10Z</time>
      </trkpt>
      <trkpt lat="46.17548" lon="17.923575">
        <ele>196.3</ele>
        <time>2025-07-23T16:23:12Z</time>
      </trkpt>
      <trkpt lat="46.17548167" lon="17.92344">
        <ele>196.4</ele>
        <time>2025-07-23T16:23:13Z</time>
      </trkpt>
      <trkpt lat="46.17548667" lon="17.923305">
        <ele>196</ele>
        <time>2025-07-23T16:23:14Z</time>
      </trkpt>
      <trkpt lat="46.17549333" lon="17.92316">
        <ele>196.2</ele>
        <time>2025-07-23T16:23:15Z</time>
      </trkpt>
      <trkpt lat="46.17550333" lon="17.92301">
        <ele>196.6</ele>
        <time>2025-07-23T16:23:16Z</time>
      </trkpt>
      <trkpt lat="46.17551" lon="17.92285833">
        <ele>197</ele>
        <time>2025-07-23T16:23:17Z</time>
      </trkpt>
      <trkpt lat="46.17551833" lon="17.92270333">
        <ele>196.7</ele>
        <time>2025-07-23T16:23:18Z</time>
      </trkpt>
      <trkpt lat="46.17552167" lon="17.92256">
        <ele>196.6</ele>
        <time>2025-07-23T16:23:19Z</time>
      </trkpt>
      <trkpt lat="46.17553" lon="17.92239833">
        <ele>195.8</ele>
        <time>2025-07-23T16:23:20Z</time>
      </trkpt>
      <trkpt lat="46.17553833" lon="17.92222667">
        <ele>195.2</ele>
        <time>2025-07-23T16:23:21Z</time>
      </trkpt>
      <trkpt lat="46.17555167" lon="17.92206333">
        <ele>194.9</ele>
        <time>2025-07-23T16:23:22Z</time>
      </trkpt>
      <trkpt lat="46.17556833" lon="17.92190333">
        <ele>194.8</ele>
        <time>2025-07-23T16:23:23Z</time>
      </trkpt>
      <trkpt lat="46.17557667" lon="17.92173333">
        <ele>194.4</ele>
        <time>2025-07-23T16:23:24Z</time>
      </trkpt>
      <trkpt lat="46.17558667" lon="17.92156833">
        <ele>193.8</ele>
        <time>2025-07-23T16:23:25Z</time>
      </trkpt>
      <trkpt lat="46.17559667" lon="17.92140833">
        <ele>193.8</ele>
        <time>2025-07-23T16:23:26Z</time>
      </trkpt>
      <trkpt lat="46.17560833" lon="17.92124667">
        <ele>194.3</ele>
        <time>2025-07-23T16:23:27Z</time>
      </trkpt>
      <trkpt lat="46.17561833" lon="17.92108667">
        <ele>194.9</ele>
        <time>2025-07-23T16:23:28Z</time>
      </trkpt>
      <trkpt lat="46.17562833" lon="17.92092333">
        <ele>194.9</ele>
        <time>2025-07-23T16:23:29Z</time>
      </trkpt>
      <trkpt lat="46.17563333" lon="17.92076">
        <ele>194.3</ele>
        <time>2025-07-23T16:23:30Z</time>
      </trkpt>
      <trkpt lat="46.17563833" lon="17.92059333">
        <ele>193.7</ele>
        <time>2025-07-23T16:23:31Z</time>
      </trkpt>
      <trkpt lat="46.17564833" lon="17.92042667">
        <ele>194</ele>
        <time>2025-07-23T16:23:32Z</time>
      </trkpt>
      <trkpt lat="46.17565667" lon="17.92026">
        <ele>194.1</ele>
        <time>2025-07-23T16:23:33Z</time>
      </trkpt>
      <trkpt lat="46.17566167" lon="17.92009">
        <ele>193.8</ele>
        <time>2025-07-23T16:23:34Z</time>
      </trkpt>
      <trkpt lat="46.175665" lon="17.919925">
        <ele>193.9</ele>
        <time>2025-07-23T16:23:35Z</time>
      </trkpt>
      <trkpt lat="46.17567167" lon="17.91976333">
        <ele>193.6</ele>
        <time>2025-07-23T16:23:36Z</time>
      </trkpt>
      <trkpt lat="46.175685" lon="17.919595">
        <ele>193.4</ele>
        <time>2025-07-23T16:23:37Z</time>
      </trkpt>
      <trkpt lat="46.17569833" lon="17.91942833">
        <ele>193.4</ele>
        <time>2025-07-23T16:23:38Z</time>
      </trkpt>
      <trkpt lat="46.17570667" lon="17.91925333">
        <ele>191.8</ele>
        <time>2025-07-23T16:23:39Z</time>
      </trkpt>
      <trkpt lat="46.17572167" lon="17.91907667">
        <ele>191.3</ele>
        <time>2025-07-23T16:23:40Z</time>
      </trkpt>
      <trkpt lat="46.17572833" lon="17.91890167">
        <ele>191.8</ele>
        <time>2025-07-23T16:23:41Z</time>
      </trkpt>
      <trkpt lat="46.17574" lon="17.91873667">
        <ele>191.7</ele>
        <time>2025-07-23T16:23:42Z</time>
      </trkpt>
      <trkpt lat="46.17575" lon="17.91856167">
        <ele>191.9</ele>
        <time>2025-07-23T16:23:43Z</time>
      </trkpt>
      <trkpt lat="46.17576167" lon="17.91838833">
        <ele>191.8</ele>
        <time>2025-07-23T16:23:44Z</time>
      </trkpt>
      <trkpt lat="46.17577333" lon="17.91821667">
        <ele>191.7</ele>
        <time>2025-07-23T16:23:45Z</time>
      </trkpt>
      <trkpt lat="46.17578167" lon="17.91804833">
        <ele>191.9</ele>
        <time>2025-07-23T16:23:46Z</time>
      </trkpt>
      <trkpt lat="46.17579167" lon="17.91788667">
        <ele>192.1</ele>
        <time>2025-07-23T16:23:47Z</time>
      </trkpt>
      <trkpt lat="46.17580167" lon="17.91772167">
        <ele>192.6</ele>
        <time>2025-07-23T16:23:48Z</time>
      </trkpt>
      <trkpt lat="46.175805" lon="17.91755333">
        <ele>193</ele>
        <time>2025-07-23T16:23:49Z</time>
      </trkpt>
      <trkpt lat="46.17581833" lon="17.91740333">
        <ele>193.2</ele>
        <time>2025-07-23T16:23:50Z</time>
      </trkpt>
      <trkpt lat="46.17583" lon="17.91724167">
        <ele>192.8</ele>
        <time>2025-07-23T16:23:51Z</time>
      </trkpt>
      <trkpt lat="46.17584" lon="17.91709167">
        <ele>192.9</ele>
        <time>2025-07-23T16:23:52Z</time>
      </trkpt>
      <trkpt lat="46.17584667" lon="17.91693667">
        <ele>192.7</ele>
        <time>2025-07-23T16:23:53Z</time>
      </trkpt>
      <trkpt lat="46.17584" lon="17.9168">
        <ele>193.5</ele>
        <time>2025-07-23T16:23:54Z</time>
      </trkpt>
      <trkpt lat="46.17584" lon="17.91666">
        <ele>193.1</ele>
        <time>2025-07-23T16:23:55Z</time>
      </trkpt>
      <trkpt lat="46.17584667" lon="17.91651833">
        <ele>194.8</ele>
        <time>2025-07-23T16:23:56Z</time>
      </trkpt>
      <trkpt lat="46.17584333" lon="17.91637667">
        <ele>197.1</ele>
        <time>2025-07-23T16:23:57Z</time>
      </trkpt>
      <trkpt lat="46.17584667" lon="17.91624333">
        <ele>197</ele>
        <time>2025-07-23T16:23:58Z</time>
      </trkpt>
      <trkpt lat="46.17585" lon="17.91611333">
        <ele>197.1</ele>
        <time>2025-07-23T16:23:59Z</time>
      </trkpt>
      <trkpt lat="46.17582667" lon="17.91585">
        <ele>197</ele>
        <time>2025-07-23T16:24:01Z</time>
      </trkpt>
      <trkpt lat="46.17581" lon="17.91571667">
        <ele>195.6</ele>
        <time>2025-07-23T16:24:02Z</time>
      </trkpt>
      <trkpt lat="46.17578833" lon="17.91558333">
        <ele>194.6</ele>
        <time>2025-07-23T16:24:03Z</time>
      </trkpt>
      <trkpt lat="46.17571833" lon="17.91532167">
        <ele>195.5</ele>
        <time>2025-07-23T16:24:05Z</time>
      </trkpt>
      <trkpt lat="46.17569167" lon="17.91518333">
        <ele>195.9</ele>
        <time>2025-07-23T16:24:06Z</time>
      </trkpt>
      <trkpt lat="46.175665" lon="17.915055">
        <ele>195.5</ele>
        <time>2025-07-23T16:24:07Z</time>
      </trkpt>
      <trkpt lat="46.17559667" lon="17.91492">
        <ele>194.7</ele>
        <time>2025-07-23T16:24:08Z</time>
      </trkpt>
      <trkpt lat="46.17554833" lon="17.914785">
        <ele>194.6</ele>
        <time>2025-07-23T16:24:09Z</time>
      </trkpt>
      <trkpt lat="46.17549167" lon="17.91465667">
        <ele>195.4</ele>
        <time>2025-07-23T16:24:10Z</time>
      </trkpt>
      <trkpt lat="46.17542667" lon="17.91451833">
        <ele>195.2</ele>
        <time>2025-07-23T16:24:11Z</time>
      </trkpt>
      <trkpt lat="46.17536167" lon="17.914385">
        <ele>194.6</ele>
        <time>2025-07-23T16:24:12Z</time>
      </trkpt>
      <trkpt lat="46.17529833" lon="17.91426">
        <ele>193.7</ele>
        <time>2025-07-23T16:24:13Z</time>
      </trkpt>
      <trkpt lat="46.17520833" lon="17.91415167">
        <ele>191.8</ele>
        <time>2025-07-23T16:24:14Z</time>
      </trkpt>
      <trkpt lat="46.17513833" lon="17.914045">
        <ele>190.8</ele>
        <time>2025-07-23T16:24:15Z</time>
      </trkpt>
      <trkpt lat="46.17506833" lon="17.913925">
        <ele>190.3</ele>
        <time>2025-07-23T16:24:16Z</time>
      </trkpt>
      <trkpt lat="46.174995" lon="17.91381">
        <ele>191.1</ele>
        <time>2025-07-23T16:24:17Z</time>
      </trkpt>
      <trkpt lat="46.17491333" lon="17.91369833">
        <ele>191.3</ele>
        <time>2025-07-23T16:24:18Z</time>
      </trkpt>
      <trkpt lat="46.17483667" lon="17.91358667">
        <ele>190.7</ele>
        <time>2025-07-23T16:24:19Z</time>
      </trkpt>
      <trkpt lat="46.17475667" lon="17.91347833">
        <ele>191</ele>
        <time>2025-07-23T16:24:20Z</time>
      </trkpt>
      <trkpt lat="46.17467333" lon="17.91336833">
        <ele>191.1</ele>
        <time>2025-07-23T16:24:21Z</time>
      </trkpt>
      <trkpt lat="46.17459" lon="17.91325833">
        <ele>191.9</ele>
        <time>2025-07-23T16:24:22Z</time>
      </trkpt>
      <trkpt lat="46.174515" lon="17.913155">
        <ele>192.5</ele>
        <time>2025-07-23T16:24:23Z</time>
      </trkpt>
      <trkpt lat="46.17443333" lon="17.91304833">
        <ele>192.8</ele>
        <time>2025-07-23T16:24:24Z</time>
      </trkpt>
      <trkpt lat="46.17434667" lon="17.912935">
        <ele>193.8</ele>
        <time>2025-07-23T16:24:25Z</time>
      </trkpt>
      <trkpt lat="46.174255" lon="17.91282167">
        <ele>194.4</ele>
        <time>2025-07-23T16:24:26Z</time>
      </trkpt>
      <trkpt lat="46.17416833" lon="17.91271833">
        <ele>194.1</ele>
        <time>2025-07-23T16:24:27Z</time>
      </trkpt>
      <trkpt lat="46.17408833" lon="17.91261833">
        <ele>194.2</ele>
        <time>2025-07-23T16:24:28Z</time>
      </trkpt>
      <trkpt lat="46.17400167" lon="17.91251833">
        <ele>194</ele>
        <time>2025-07-23T16:24:29Z</time>
      </trkpt>
      <trkpt lat="46.173915" lon="17.91242">
        <ele>194.3</ele>
        <time>2025-07-23T16:24:30Z</time>
      </trkpt>
      <trkpt lat="46.173825" lon="17.91232833">
        <ele>191.7</ele>
        <time>2025-07-23T16:24:31Z</time>
      </trkpt>
      <trkpt lat="46.17374333" lon="17.91222833">
        <ele>188.9</ele>
        <time>2025-07-23T16:24:32Z</time>
      </trkpt>
      <trkpt lat="46.17367333" lon="17.91212833">
        <ele>188.2</ele>
        <time>2025-07-23T16:24:33Z</time>
      </trkpt>
      <trkpt lat="46.173595" lon="17.912035">
        <ele>188.1</ele>
        <time>2025-07-23T16:24:34Z</time>
      </trkpt>
      <trkpt lat="46.17351333" lon="17.91192667">
        <ele>189.4</ele>
        <time>2025-07-23T16:24:35Z</time>
      </trkpt>
      <trkpt lat="46.17344" lon="17.91181833">
        <ele>189.8</ele>
        <time>2025-07-23T16:24:36Z</time>
      </trkpt>
      <trkpt lat="46.17337167" lon="17.91171833">
        <ele>189.7</ele>
        <time>2025-07-23T16:24:37Z</time>
      </trkpt>
      <trkpt lat="46.17331167" lon="17.91160167">
        <ele>189.6</ele>
        <time>2025-07-23T16:24:38Z</time>
      </trkpt>
      <trkpt lat="46.17325833" lon="17.91148">
        <ele>190.2</ele>
        <time>2025-07-23T16:24:39Z</time>
      </trkpt>
      <trkpt lat="46.1732" lon="17.91135833">
        <ele>190.1</ele>
        <time>2025-07-23T16:24:40Z</time>
      </trkpt>
      <trkpt lat="46.17313833" lon="17.91125">
        <ele>190</ele>
        <time>2025-07-23T16:24:41Z</time>
      </trkpt>
      <trkpt lat="46.17308333" lon="17.911135">
        <ele>190.5</ele>
        <time>2025-07-23T16:24:42Z</time>
      </trkpt>
      <trkpt lat="46.17303167" lon="17.91101667">
        <ele>190</ele>
        <time>2025-07-23T16:24:43Z</time>
      </trkpt>
      <trkpt lat="46.172985" lon="17.910895">
        <ele>189.9</ele>
        <time>2025-07-23T16:24:44Z</time>
      </trkpt>
      <trkpt lat="46.17294167" lon="17.91076833">
        <ele>189.3</ele>
        <time>2025-07-23T16:24:45Z</time>
      </trkpt>
      <trkpt lat="46.17291" lon="17.91063833">
        <ele>188.5</ele>
        <time>2025-07-23T16:24:46Z</time>
      </trkpt>
      <trkpt lat="46.17284167" lon="17.91038833">
        <ele>187.5</ele>
        <time>2025-07-23T16:24:48Z</time>
      </trkpt>
      <trkpt lat="46.17279167" lon="17.91014833">
        <ele>187</ele>
        <time>2025-07-23T16:24:50Z</time>
      </trkpt>
      <trkpt lat="46.17275333" lon="17.90992833">
        <ele>186.3</ele>
        <time>2025-07-23T16:24:52Z</time>
      </trkpt>
      <trkpt lat="46.17272333" lon="17.90971833">
        <ele>185</ele>
        <time>2025-07-23T16:24:54Z</time>
      </trkpt>
      <trkpt lat="46.172705" lon="17.90950167">
        <ele>184.4</ele>
        <time>2025-07-23T16:24:56Z</time>
      </trkpt>
      <trkpt lat="46.17270333" lon="17.90929">
        <ele>184.9</ele>
        <time>2025-07-23T16:24:58Z</time>
      </trkpt>
      <trkpt lat="46.17270667" lon="17.90905333">
        <ele>184.7</ele>
        <time>2025-07-23T16:25:00Z</time>
      </trkpt>
      <trkpt lat="46.172715" lon="17.90892333">
        <ele>184.3</ele>
        <time>2025-07-23T16:25:01Z</time>
      </trkpt>
      <trkpt lat="46.17273667" lon="17.90867333">
        <ele>184.8</ele>
        <time>2025-07-23T16:25:03Z</time>
      </trkpt>
      <trkpt lat="46.17274167" lon="17.90853667">
        <ele>185.1</ele>
        <time>2025-07-23T16:25:04Z</time>
      </trkpt>
      <trkpt lat="46.172745" lon="17.908405">
        <ele>185.3</ele>
        <time>2025-07-23T16:25:05Z</time>
      </trkpt>
      <trkpt lat="46.172755" lon="17.90827167">
        <ele>184.8</ele>
        <time>2025-07-23T16:25:06Z</time>
      </trkpt>
      <trkpt lat="46.17277167" lon="17.90814333">
        <ele>185.2</ele>
        <time>2025-07-23T16:25:07Z</time>
      </trkpt>
      <trkpt lat="46.17278" lon="17.90800833">
        <ele>185.7</ele>
        <time>2025-07-23T16:25:08Z</time>
      </trkpt>
      <trkpt lat="46.17280667" lon="17.90775">
        <ele>186</ele>
        <time>2025-07-23T16:25:10Z</time>
      </trkpt>
      <trkpt lat="46.17281833" lon="17.907485">
        <ele>185.6</ele>
        <time>2025-07-23T16:25:12Z</time>
      </trkpt>
      <trkpt lat="46.17283333" lon="17.90735667">
        <ele>185.8</ele>
        <time>2025-07-23T16:25:13Z</time>
      </trkpt>
      <trkpt lat="46.17283333" lon="17.90710667">
        <ele>186.4</ele>
        <time>2025-07-23T16:25:15Z</time>
      </trkpt>
      <trkpt lat="46.17282333" lon="17.90685667">
        <ele>186.8</ele>
        <time>2025-07-23T16:25:17Z</time>
      </trkpt>
      <trkpt lat="46.17281333" lon="17.90661">
        <ele>186.2</ele>
        <time>2025-07-23T16:25:19Z</time>
      </trkpt>
      <trkpt lat="46.17280167" lon="17.90647667">
        <ele>185.7</ele>
        <time>2025-07-23T16:25:20Z</time>
      </trkpt>
      <trkpt lat="46.17279333" lon="17.90634167">
        <ele>185.8</ele>
        <time>2025-07-23T16:25:21Z</time>
      </trkpt>
      <trkpt lat="46.17278167" lon="17.90621167">
        <ele>186.1</ele>
        <time>2025-07-23T16:25:22Z</time>
      </trkpt>
      <trkpt lat="46.17275" lon="17.90597167">
        <ele>187.9</ele>
        <time>2025-07-23T16:25:24Z</time>
      </trkpt>
      <trkpt lat="46.172695" lon="17.905725">
        <ele>188.8</ele>
        <time>2025-07-23T16:25:26Z</time>
      </trkpt>
      <trkpt lat="46.17266167" lon="17.905585">
        <ele>189</ele>
        <time>2025-07-23T16:25:27Z</time>
      </trkpt>
      <trkpt lat="46.17262833" lon="17.90545">
        <ele>189.3</ele>
        <time>2025-07-23T16:25:28Z</time>
      </trkpt>
      <trkpt lat="46.17259" lon="17.90530833">
        <ele>188.6</ele>
        <time>2025-07-23T16:25:29Z</time>
      </trkpt>
      <trkpt lat="46.172555" lon="17.90517667">
        <ele>188</ele>
        <time>2025-07-23T16:25:30Z</time>
      </trkpt>
      <trkpt lat="46.17251" lon="17.90505333">
        <ele>188.6</ele>
        <time>2025-07-23T16:25:31Z</time>
      </trkpt>
      <trkpt lat="46.17246333" lon="17.90492833">
        <ele>188.1</ele>
        <time>2025-07-23T16:25:32Z</time>
      </trkpt>
      <trkpt lat="46.17242" lon="17.904795">
        <ele>188.4</ele>
        <time>2025-07-23T16:25:33Z</time>
      </trkpt>
      <trkpt lat="46.17237833" lon="17.90465667">
        <ele>188.6</ele>
        <time>2025-07-23T16:25:34Z</time>
      </trkpt>
      <trkpt lat="46.17233" lon="17.904525">
        <ele>189.1</ele>
        <time>2025-07-23T16:25:35Z</time>
      </trkpt>
      <trkpt lat="46.17227833" lon="17.9044">
        <ele>189</ele>
        <time>2025-07-23T16:25:36Z</time>
      </trkpt>
      <trkpt lat="46.17223" lon="17.90427167">
        <ele>189</ele>
        <time>2025-07-23T16:25:37Z</time>
      </trkpt>
      <trkpt lat="46.17218167" lon="17.90414667">
        <ele>189.1</ele>
        <time>2025-07-23T16:25:38Z</time>
      </trkpt>
      <trkpt lat="46.17213167" lon="17.90402">
        <ele>188.9</ele>
        <time>2025-07-23T16:25:39Z</time>
      </trkpt>
      <trkpt lat="46.172075" lon="17.903895">
        <ele>189.3</ele>
        <time>2025-07-23T16:25:40Z</time>
      </trkpt>
      <trkpt lat="46.17200667" lon="17.90377333">
        <ele>189.1</ele>
        <time>2025-07-23T16:25:41Z</time>
      </trkpt>
      <trkpt lat="46.17193333" lon="17.90364333">
        <ele>187.4</ele>
        <time>2025-07-23T16:25:42Z</time>
      </trkpt>
      <trkpt lat="46.17185167" lon="17.903505">
        <ele>186.9</ele>
        <time>2025-07-23T16:25:43Z</time>
      </trkpt>
      <trkpt lat="46.17177167" lon="17.90339167">
        <ele>186.5</ele>
        <time>2025-07-23T16:25:44Z</time>
      </trkpt>
      <trkpt lat="46.17169167" lon="17.903285">
        <ele>185.6</ele>
        <time>2025-07-23T16:25:45Z</time>
      </trkpt>
      <trkpt lat="46.17161167" lon="17.90317667">
        <ele>184.6</ele>
        <time>2025-07-23T16:25:46Z</time>
      </trkpt>
      <trkpt lat="46.17152833" lon="17.90306833">
        <ele>183.9</ele>
        <time>2025-07-23T16:25:47Z</time>
      </trkpt>
      <trkpt lat="46.171445" lon="17.90296667">
        <ele>183.7</ele>
        <time>2025-07-23T16:25:48Z</time>
      </trkpt>
      <trkpt lat="46.17136333" lon="17.90285333">
        <ele>184.4</ele>
        <time>2025-07-23T16:25:49Z</time>
      </trkpt>
      <trkpt lat="46.171275" lon="17.90274667">
        <ele>183.8</ele>
        <time>2025-07-23T16:25:50Z</time>
      </trkpt>
      <trkpt lat="46.17118667" lon="17.90263167">
        <ele>184.5</ele>
        <time>2025-07-23T16:25:51Z</time>
      </trkpt>
      <trkpt lat="46.17109833" lon="17.90252333">
        <ele>183</ele>
        <time>2025-07-23T16:25:52Z</time>
      </trkpt>
      <trkpt lat="46.17100333" lon="17.90241">
        <ele>181.6</ele>
        <time>2025-07-23T16:25:53Z</time>
      </trkpt>
      <trkpt lat="46.17091" lon="17.902295">
        <ele>181.5</ele>
        <time>2025-07-23T16:25:54Z</time>
      </trkpt>
      <trkpt lat="46.17081833" lon="17.90217833">
        <ele>181.4</ele>
        <time>2025-07-23T16:25:55Z</time>
      </trkpt>
      <trkpt lat="46.17072167" lon="17.90205667">
        <ele>181.7</ele>
        <time>2025-07-23T16:25:56Z</time>
      </trkpt>
      <trkpt lat="46.17062667" lon="17.901945">
        <ele>181.5</ele>
        <time>2025-07-23T16:25:57Z</time>
      </trkpt>
      <trkpt lat="46.170535" lon="17.90183667">
        <ele>180</ele>
        <time>2025-07-23T16:25:58Z</time>
      </trkpt>
      <trkpt lat="46.17044" lon="17.90172">
        <ele>181.6</ele>
        <time>2025-07-23T16:25:59Z</time>
      </trkpt>
      <trkpt lat="46.17035" lon="17.90160333">
        <ele>182.1</ele>
        <time>2025-07-23T16:26:00Z</time>
      </trkpt>
      <trkpt lat="46.17024833" lon="17.90148667">
        <ele>181.3</ele>
        <time>2025-07-23T16:26:01Z</time>
      </trkpt>
      <trkpt lat="46.17015333" lon="17.90136">
        <ele>181.8</ele>
        <time>2025-07-23T16:26:02Z</time>
      </trkpt>
      <trkpt lat="46.170065" lon="17.90123833">
        <ele>182.6</ele>
        <time>2025-07-23T16:26:03Z</time>
      </trkpt>
      <trkpt lat="46.16997333" lon="17.90111667">
        <ele>182.6</ele>
        <time>2025-07-23T16:26:04Z</time>
      </trkpt>
      <trkpt lat="46.16988333" lon="17.90099">
        <ele>182.7</ele>
        <time>2025-07-23T16:26:05Z</time>
      </trkpt>
      <trkpt lat="46.16979" lon="17.90086667">
        <ele>183.4</ele>
        <time>2025-07-23T16:26:06Z</time>
      </trkpt>
      <trkpt lat="46.16969833" lon="17.90074667">
        <ele>183.9</ele>
        <time>2025-07-23T16:26:07Z</time>
      </trkpt>
      <trkpt lat="46.16959" lon="17.90062667">
        <ele>185.1</ele>
        <time>2025-07-23T16:26:08Z</time>
      </trkpt>
      <trkpt lat="46.16948833" lon="17.90050667">
        <ele>186.3</ele>
        <time>2025-07-23T16:26:09Z</time>
      </trkpt>
      <trkpt lat="46.16939" lon="17.90038167">
        <ele>186.9</ele>
        <time>2025-07-23T16:26:10Z</time>
      </trkpt>
      <trkpt lat="46.16928833" lon="17.90025333">
        <ele>186.2</ele>
        <time>2025-07-23T16:26:11Z</time>
      </trkpt>
      <trkpt lat="46.16918333" lon="17.90012667">
        <ele>186.2</ele>
        <time>2025-07-23T16:26:12Z</time>
      </trkpt>
      <trkpt lat="46.16908833" lon="17.89999833">
        <ele>185.7</ele>
        <time>2025-07-23T16:26:13Z</time>
      </trkpt>
      <trkpt lat="46.16898833" lon="17.89987167">
        <ele>185.6</ele>
        <time>2025-07-23T16:26:14Z</time>
      </trkpt>
      <trkpt lat="46.16889333" lon="17.89975">
        <ele>185.3</ele>
        <time>2025-07-23T16:26:15Z</time>
      </trkpt>
      <trkpt lat="46.16880167" lon="17.89963">
        <ele>185.2</ele>
        <time>2025-07-23T16:26:16Z</time>
      </trkpt>
      <trkpt lat="46.16870667" lon="17.899515">
        <ele>185.4</ele>
        <time>2025-07-23T16:26:17Z</time>
      </trkpt>
      <trkpt lat="46.168615" lon="17.899405">
        <ele>185.1</ele>
        <time>2025-07-23T16:26:18Z</time>
      </trkpt>
      <trkpt lat="46.16852667" lon="17.89930333">
        <ele>185.5</ele>
        <time>2025-07-23T16:26:19Z</time>
      </trkpt>
      <trkpt lat="46.16843667" lon="17.89920833">
        <ele>186.6</ele>
        <time>2025-07-23T16:26:20Z</time>
      </trkpt>
      <trkpt lat="46.16836167" lon="17.89911333">
        <ele>187.1</ele>
        <time>2025-07-23T16:26:21Z</time>
      </trkpt>
      <trkpt lat="46.168285" lon="17.89903167">
        <ele>187.9</ele>
        <time>2025-07-23T16:26:22Z</time>
      </trkpt>
      <trkpt lat="46.168195" lon="17.89896">
        <ele>188.1</ele>
        <time>2025-07-23T16:26:23Z</time>
      </trkpt>
      <trkpt lat="46.16810333" lon="17.89889833">
        <ele>188.6</ele>
        <time>2025-07-23T16:26:24Z</time>
      </trkpt>
      <trkpt lat="46.168015" lon="17.89884833">
        <ele>189.8</ele>
        <time>2025-07-23T16:26:25Z</time>
      </trkpt>
      <trkpt lat="46.16793" lon="17.89879833">
        <ele>190.7</ele>
        <time>2025-07-23T16:26:26Z</time>
      </trkpt>
      <trkpt lat="46.16782833" lon="17.89875">
        <ele>190.8</ele>
        <time>2025-07-23T16:26:27Z</time>
      </trkpt>
      <trkpt lat="46.16771667" lon="17.89870167">
        <ele>190.7</ele>
        <time>2025-07-23T16:26:28Z</time>
      </trkpt>
      <trkpt lat="46.16760833" lon="17.89866">
        <ele>191.6</ele>
        <time>2025-07-23T16:26:29Z</time>
      </trkpt>
      <trkpt lat="46.16750333" lon="17.89861333">
        <ele>192</ele>
        <time>2025-07-23T16:26:30Z</time>
      </trkpt>
      <trkpt lat="46.16740167" lon="17.89857">
        <ele>191.8</ele>
        <time>2025-07-23T16:26:31Z</time>
      </trkpt>
      <trkpt lat="46.16729667" lon="17.898525">
        <ele>191.7</ele>
        <time>2025-07-23T16:26:32Z</time>
      </trkpt>
      <trkpt lat="46.167185" lon="17.89846833">
        <ele>191.2</ele>
        <time>2025-07-23T16:26:33Z</time>
      </trkpt>
      <trkpt lat="46.16707" lon="17.89841667">
        <ele>191.3</ele>
        <time>2025-07-23T16:26:34Z</time>
      </trkpt>
      <trkpt lat="46.16695667" lon="17.89836">
        <ele>191.1</ele>
        <time>2025-07-23T16:26:35Z</time>
      </trkpt>
      <trkpt lat="46.16684667" lon="17.89830833">
        <ele>190.3</ele>
        <time>2025-07-23T16:26:36Z</time>
      </trkpt>
      <trkpt lat="46.16673833" lon="17.89825167">
        <ele>189.9</ele>
        <time>2025-07-23T16:26:37Z</time>
      </trkpt>
      <trkpt lat="46.16663167" lon="17.89820167">
        <ele>189.2</ele>
        <time>2025-07-23T16:26:38Z</time>
      </trkpt>
      <trkpt lat="46.166535" lon="17.89815167">
        <ele>189.4</ele>
        <time>2025-07-23T16:26:39Z</time>
      </trkpt>
      <trkpt lat="46.16642667" lon="17.89809667">
        <ele>190</ele>
        <time>2025-07-23T16:26:40Z</time>
      </trkpt>
      <trkpt lat="46.16631833" lon="17.898045">
        <ele>190.7</ele>
        <time>2025-07-23T16:26:41Z</time>
      </trkpt>
      <trkpt lat="46.16621667" lon="17.89799667">
        <ele>191</ele>
        <time>2025-07-23T16:26:42Z</time>
      </trkpt>
      <trkpt lat="46.16610333" lon="17.89794">
        <ele>191.5</ele>
        <time>2025-07-23T16:26:43Z</time>
      </trkpt>
      <trkpt lat="46.166" lon="17.89789">
        <ele>191.2</ele>
        <time>2025-07-23T16:26:44Z</time>
      </trkpt>
      <trkpt lat="46.16589833" lon="17.89784833">
        <ele>190</ele>
        <time>2025-07-23T16:26:45Z</time>
      </trkpt>
      <trkpt lat="46.1658" lon="17.89780167">
        <ele>189.4</ele>
        <time>2025-07-23T16:26:46Z</time>
      </trkpt>
      <trkpt lat="46.16570833" lon="17.89776167">
        <ele>189.1</ele>
        <time>2025-07-23T16:26:47Z</time>
      </trkpt>
      <trkpt lat="46.16561333" lon="17.89773333">
        <ele>188.7</ele>
        <time>2025-07-23T16:26:48Z</time>
      </trkpt>
      <trkpt lat="46.165515" lon="17.89768833">
        <ele>187.9</ele>
        <time>2025-07-23T16:26:49Z</time>
      </trkpt>
      <trkpt lat="46.16541167" lon="17.89765333">
        <ele>188</ele>
        <time>2025-07-23T16:26:50Z</time>
      </trkpt>
      <trkpt lat="46.16529667" lon="17.89764167">
        <ele>188.8</ele>
        <time>2025-07-23T16:26:51Z</time>
      </trkpt>
      <trkpt lat="46.16518" lon="17.89761167">
        <ele>187.3</ele>
        <time>2025-07-23T16:26:52Z</time>
      </trkpt>
      <trkpt lat="46.16505667" lon="17.89758">
        <ele>187.1</ele>
        <time>2025-07-23T16:26:53Z</time>
      </trkpt>
      <trkpt lat="46.16492833" lon="17.89756333">
        <ele>187.5</ele>
        <time>2025-07-23T16:26:54Z</time>
      </trkpt>
      <trkpt lat="46.16480167" lon="17.897555">
        <ele>187.9</ele>
        <time>2025-07-23T16:26:55Z</time>
      </trkpt>
      <trkpt lat="46.16467167" lon="17.89755333">
        <ele>188.6</ele>
        <time>2025-07-23T16:26:56Z</time>
      </trkpt>
      <trkpt lat="46.16454833" lon="17.89756333">
        <ele>188.4</ele>
        <time>2025-07-23T16:26:57Z</time>
      </trkpt>
      <trkpt lat="46.164425" lon="17.89757833">
        <ele>187.8</ele>
        <time>2025-07-23T16:26:58Z</time>
      </trkpt>
      <trkpt lat="46.16430333" lon="17.89761167">
        <ele>186.9</ele>
        <time>2025-07-23T16:26:59Z</time>
      </trkpt>
      <trkpt lat="46.16418" lon="17.89764167">
        <ele>186.7</ele>
        <time>2025-07-23T16:27:00Z</time>
      </trkpt>
      <trkpt lat="46.16405167" lon="17.89768833">
        <ele>184.4</ele>
        <time>2025-07-23T16:27:01Z</time>
      </trkpt>
      <trkpt lat="46.16392667" lon="17.897745">
        <ele>183.5</ele>
        <time>2025-07-23T16:27:02Z</time>
      </trkpt>
      <trkpt lat="46.16379833" lon="17.89781">
        <ele>184.4</ele>
        <time>2025-07-23T16:27:03Z</time>
      </trkpt>
      <trkpt lat="46.16368" lon="17.897875">
        <ele>184.5</ele>
        <time>2025-07-23T16:27:04Z</time>
      </trkpt>
      <trkpt lat="46.16356667" lon="17.89795667">
        <ele>183.9</ele>
        <time>2025-07-23T16:27:05Z</time>
      </trkpt>
      <trkpt lat="46.16345667" lon="17.89804667">
        <ele>184.5</ele>
        <time>2025-07-23T16:27:06Z</time>
      </trkpt>
      <trkpt lat="46.16335167" lon="17.89813333">
        <ele>184.7</ele>
        <time>2025-07-23T16:27:07Z</time>
      </trkpt>
      <trkpt lat="46.16324833" lon="17.89822833">
        <ele>184</ele>
        <time>2025-07-23T16:27:08Z</time>
      </trkpt>
      <trkpt lat="46.163145" lon="17.89833167">
        <ele>182.8</ele>
        <time>2025-07-23T16:27:09Z</time>
      </trkpt>
      <trkpt lat="46.163045" lon="17.89844333">
        <ele>182</ele>
        <time>2025-07-23T16:27:10Z</time>
      </trkpt>
      <trkpt lat="46.16294833" lon="17.89855833">
        <ele>181.7</ele>
        <time>2025-07-23T16:27:11Z</time>
      </trkpt>
      <trkpt lat="46.16285" lon="17.89867833">
        <ele>181.8</ele>
        <time>2025-07-23T16:27:12Z</time>
      </trkpt>
      <trkpt lat="46.16276167" lon="17.89880833">
        <ele>182.3</ele>
        <time>2025-07-23T16:27:13Z</time>
      </trkpt>
      <trkpt lat="46.16267167" lon="17.898945">
        <ele>183</ele>
        <time>2025-07-23T16:27:14Z</time>
      </trkpt>
      <trkpt lat="46.162605" lon="17.89907333">
        <ele>182.7</ele>
        <time>2025-07-23T16:27:15Z</time>
      </trkpt>
      <trkpt lat="46.16252167" lon="17.89920667">
        <ele>182.8</ele>
        <time>2025-07-23T16:27:16Z</time>
      </trkpt>
      <trkpt lat="46.16244833" lon="17.89936667">
        <ele>182.1</ele>
        <time>2025-07-23T16:27:17Z</time>
      </trkpt>
      <trkpt lat="46.16238" lon="17.89952333">
        <ele>181.2</ele>
        <time>2025-07-23T16:27:18Z</time>
      </trkpt>
      <trkpt lat="46.16231167" lon="17.899685">
        <ele>181.2</ele>
        <time>2025-07-23T16:27:19Z</time>
      </trkpt>
      <trkpt lat="46.16224833" lon="17.89984333">
        <ele>181.4</ele>
        <time>2025-07-23T16:27:20Z</time>
      </trkpt>
      <trkpt lat="46.16217833" lon="17.90001167">
        <ele>181.6</ele>
        <time>2025-07-23T16:27:21Z</time>
      </trkpt>
      <trkpt lat="46.16211833" lon="17.90017833">
        <ele>183</ele>
        <time>2025-07-23T16:27:22Z</time>
      </trkpt>
      <trkpt lat="46.16205667" lon="17.90034">
        <ele>183.4</ele>
        <time>2025-07-23T16:27:23Z</time>
      </trkpt>
      <trkpt lat="46.16199333" lon="17.90049667">
        <ele>183.1</ele>
        <time>2025-07-23T16:27:24Z</time>
      </trkpt>
      <trkpt lat="46.16192333" lon="17.90064333">
        <ele>182.7</ele>
        <time>2025-07-23T16:27:25Z</time>
      </trkpt>
      <trkpt lat="46.16185833" lon="17.90079833">
        <ele>182.4</ele>
        <time>2025-07-23T16:27:26Z</time>
      </trkpt>
      <trkpt lat="46.16179333" lon="17.90094">
        <ele>182.2</ele>
        <time>2025-07-23T16:27:27Z</time>
      </trkpt>
      <trkpt lat="46.16173333" lon="17.901065">
        <ele>182.4</ele>
        <time>2025-07-23T16:27:28Z</time>
      </trkpt>
      <trkpt lat="46.161675" lon="17.9012">
        <ele>183.7</ele>
        <time>2025-07-23T16:27:29Z</time>
      </trkpt>
      <trkpt lat="46.16161167" lon="17.90134">
        <ele>184</ele>
        <time>2025-07-23T16:27:30Z</time>
      </trkpt>
      <trkpt lat="46.16154833" lon="17.90147667">
        <ele>184.2</ele>
        <time>2025-07-23T16:27:31Z</time>
      </trkpt>
      <trkpt lat="46.16148833" lon="17.90160833">
        <ele>184.2</ele>
        <time>2025-07-23T16:27:32Z</time>
      </trkpt>
      <trkpt lat="46.16142" lon="17.90174333">
        <ele>183.6</ele>
        <time>2025-07-23T16:27:33Z</time>
      </trkpt>
      <trkpt lat="46.16135667" lon="17.90187">
        <ele>184.1</ele>
        <time>2025-07-23T16:27:34Z</time>
      </trkpt>
      <trkpt lat="46.16128833" lon="17.90200667">
        <ele>185.5</ele>
        <time>2025-07-23T16:27:35Z</time>
      </trkpt>
      <trkpt lat="46.16121667" lon="17.90212667">
        <ele>186</ele>
        <time>2025-07-23T16:27:36Z</time>
      </trkpt>
      <trkpt lat="46.16114" lon="17.902245">
        <ele>185.8</ele>
        <time>2025-07-23T16:27:37Z</time>
      </trkpt>
      <trkpt lat="46.16106833" lon="17.90236333">
        <ele>185.6</ele>
        <time>2025-07-23T16:27:38Z</time>
      </trkpt>
      <trkpt lat="46.16099333" lon="17.90247833">
        <ele>185.4</ele>
        <time>2025-07-23T16:27:39Z</time>
      </trkpt>
      <trkpt lat="46.16091833" lon="17.90259">
        <ele>185.3</ele>
        <time>2025-07-23T16:27:40Z</time>
      </trkpt>
      <trkpt lat="46.16084833" lon="17.90269833">
        <ele>185.3</ele>
        <time>2025-07-23T16:27:41Z</time>
      </trkpt>
      <trkpt lat="46.16077333" lon="17.9028">
        <ele>185.5</ele>
        <time>2025-07-23T16:27:42Z</time>
      </trkpt>
      <trkpt lat="46.16069" lon="17.90290667">
        <ele>185.6</ele>
        <time>2025-07-23T16:27:43Z</time>
      </trkpt>
      <trkpt lat="46.16061" lon="17.90301167">
        <ele>185.5</ele>
        <time>2025-07-23T16:27:44Z</time>
      </trkpt>
      <trkpt lat="46.16051833" lon="17.90311">
        <ele>185.8</ele>
        <time>2025-07-23T16:27:45Z</time>
      </trkpt>
      <trkpt lat="46.16043" lon="17.90320333">
        <ele>186</ele>
        <time>2025-07-23T16:27:46Z</time>
      </trkpt>
      <trkpt lat="46.16033333" lon="17.90330667">
        <ele>185.4</ele>
        <time>2025-07-23T16:27:47Z</time>
      </trkpt>
      <trkpt lat="46.16024167" lon="17.90340667">
        <ele>185</ele>
        <time>2025-07-23T16:27:48Z</time>
      </trkpt>
      <trkpt lat="46.16014667" lon="17.90350167">
        <ele>184.5</ele>
        <time>2025-07-23T16:27:49Z</time>
      </trkpt>
      <trkpt lat="46.160055" lon="17.90359167">
        <ele>184.4</ele>
        <time>2025-07-23T16:27:50Z</time>
      </trkpt>
      <trkpt lat="46.15996167" lon="17.90367833">
        <ele>184</ele>
        <time>2025-07-23T16:27:51Z</time>
      </trkpt>
      <trkpt lat="46.159875" lon="17.903755">
        <ele>184.6</ele>
        <time>2025-07-23T16:27:52Z</time>
      </trkpt>
      <trkpt lat="46.15979167" lon="17.90383667">
        <ele>185.2</ele>
        <time>2025-07-23T16:27:53Z</time>
      </trkpt>
      <trkpt lat="46.15970167" lon="17.90393333">
        <ele>186</ele>
        <time>2025-07-23T16:27:54Z</time>
      </trkpt>
      <trkpt lat="46.15959833" lon="17.90403">
        <ele>184.2</ele>
        <time>2025-07-23T16:27:55Z</time>
      </trkpt>
      <trkpt lat="46.15950333" lon="17.90414">
        <ele>183.8</ele>
        <time>2025-07-23T16:27:56Z</time>
      </trkpt>
      <trkpt lat="46.15939833" lon="17.90424167">
        <ele>183.9</ele>
        <time>2025-07-23T16:27:57Z</time>
      </trkpt>
      <trkpt lat="46.15929833" lon="17.90433167">
        <ele>183.7</ele>
        <time>2025-07-23T16:27:58Z</time>
      </trkpt>
      <trkpt lat="46.159185" lon="17.904435">
        <ele>184.4</ele>
        <time>2025-07-23T16:27:59Z</time>
      </trkpt>
      <trkpt lat="46.159085" lon="17.90453667">
        <ele>182.5</ele>
        <time>2025-07-23T16:28:00Z</time>
      </trkpt>
      <trkpt lat="46.159" lon="17.90464833">
        <ele>182.3</ele>
        <time>2025-07-23T16:28:01Z</time>
      </trkpt>
      <trkpt lat="46.15889333" lon="17.90476667">
        <ele>182.6</ele>
        <time>2025-07-23T16:28:02Z</time>
      </trkpt>
      <trkpt lat="46.15878833" lon="17.90488333">
        <ele>181.8</ele>
        <time>2025-07-23T16:28:03Z</time>
      </trkpt>
      <trkpt lat="46.15867333" lon="17.90501833">
        <ele>180.7</ele>
        <time>2025-07-23T16:28:04Z</time>
      </trkpt>
      <trkpt lat="46.158565" lon="17.90512333">
        <ele>181.6</ele>
        <time>2025-07-23T16:28:05Z</time>
      </trkpt>
      <trkpt lat="46.15845" lon="17.905225">
        <ele>182.6</ele>
        <time>2025-07-23T16:28:06Z</time>
      </trkpt>
      <trkpt lat="46.15832833" lon="17.90533">
        <ele>184.8</ele>
        <time>2025-07-23T16:28:07Z</time>
      </trkpt>
      <trkpt lat="46.15822167" lon="17.905455">
        <ele>184.9</ele>
        <time>2025-07-23T16:28:08Z</time>
      </trkpt>
      <trkpt lat="46.158115" lon="17.90557">
        <ele>185.5</ele>
        <time>2025-07-23T16:28:09Z</time>
      </trkpt>
      <trkpt lat="46.158" lon="17.90569333">
        <ele>185.3</ele>
        <time>2025-07-23T16:28:10Z</time>
      </trkpt>
      <trkpt lat="46.15789" lon="17.90581833">
        <ele>186.2</ele>
        <time>2025-07-23T16:28:11Z</time>
      </trkpt>
      <trkpt lat="46.15778" lon="17.905925">
        <ele>187.2</ele>
        <time>2025-07-23T16:28:12Z</time>
      </trkpt>
      <trkpt lat="46.15767167" lon="17.90603167">
        <ele>189.5</ele>
        <time>2025-07-23T16:28:13Z</time>
      </trkpt>
      <trkpt lat="46.157565" lon="17.90614333">
        <ele>189.2</ele>
        <time>2025-07-23T16:28:14Z</time>
      </trkpt>
      <trkpt lat="46.15745833" lon="17.90625333">
        <ele>189.4</ele>
        <time>2025-07-23T16:28:15Z</time>
      </trkpt>
      <trkpt lat="46.15735333" lon="17.90636167">
        <ele>190.3</ele>
        <time>2025-07-23T16:28:16Z</time>
      </trkpt>
      <trkpt lat="46.15724833" lon="17.90646667">
        <ele>190.9</ele>
        <time>2025-07-23T16:28:17Z</time>
      </trkpt>
      <trkpt lat="46.157135" lon="17.90658167">
        <ele>192</ele>
        <time>2025-07-23T16:28:18Z</time>
      </trkpt>
      <trkpt lat="46.15702833" lon="17.90669">
        <ele>192.6</ele>
        <time>2025-07-23T16:28:19Z</time>
      </trkpt>
      <trkpt lat="46.15691833" lon="17.90680333">
        <ele>191.9</ele>
        <time>2025-07-23T16:28:20Z</time>
      </trkpt>
      <trkpt lat="46.15681333" lon="17.90691">
        <ele>191.4</ele>
        <time>2025-07-23T16:28:21Z</time>
      </trkpt>
      <trkpt lat="46.15671833" lon="17.907015">
        <ele>191.7</ele>
        <time>2025-07-23T16:28:22Z</time>
      </trkpt>
      <trkpt lat="46.15661" lon="17.907125">
        <ele>191</ele>
        <time>2025-07-23T16:28:23Z</time>
      </trkpt>
      <trkpt lat="46.15650667" lon="17.90723">
        <ele>191.1</ele>
        <time>2025-07-23T16:28:24Z</time>
      </trkpt>
      <trkpt lat="46.156415" lon="17.90733333">
        <ele>190.2</ele>
        <time>2025-07-23T16:28:25Z</time>
      </trkpt>
      <trkpt lat="46.15633167" lon="17.90744167">
        <ele>190.8</ele>
        <time>2025-07-23T16:28:26Z</time>
      </trkpt>
      <trkpt lat="46.15624833" lon="17.90755833">
        <ele>191.6</ele>
        <time>2025-07-23T16:28:27Z</time>
      </trkpt>
      <trkpt lat="46.15616667" lon="17.90768667">
        <ele>192.5</ele>
        <time>2025-07-23T16:28:28Z</time>
      </trkpt>
      <trkpt lat="46.15607667" lon="17.90781">
        <ele>193.9</ele>
        <time>2025-07-23T16:28:29Z</time>
      </trkpt>
      <trkpt lat="46.156" lon="17.90794167">
        <ele>192.3</ele>
        <time>2025-07-23T16:28:30Z</time>
      </trkpt>
      <trkpt lat="46.15591833" lon="17.908075">
        <ele>192.6</ele>
        <time>2025-07-23T16:28:31Z</time>
      </trkpt>
      <trkpt lat="46.15584167" lon="17.908205">
        <ele>194.2</ele>
        <time>2025-07-23T16:28:32Z</time>
      </trkpt>
      <trkpt lat="46.15577167" lon="17.908325">
        <ele>194.1</ele>
        <time>2025-07-23T16:28:33Z</time>
      </trkpt>
      <trkpt lat="46.15570333" lon="17.90846833">
        <ele>194</ele>
        <time>2025-07-23T16:28:34Z</time>
      </trkpt>
      <trkpt lat="46.15565167" lon="17.90861">
        <ele>193</ele>
        <time>2025-07-23T16:28:35Z</time>
      </trkpt>
      <trkpt lat="46.15559167" lon="17.90874167">
        <ele>193.5</ele>
        <time>2025-07-23T16:28:36Z</time>
      </trkpt>
      <trkpt lat="46.15553667" lon="17.908885">
        <ele>194.3</ele>
        <time>2025-07-23T16:28:37Z</time>
      </trkpt>
      <trkpt lat="46.15549" lon="17.909045">
        <ele>195.3</ele>
        <time>2025-07-23T16:28:38Z</time>
      </trkpt>
      <trkpt lat="46.15544833" lon="17.90920167">
        <ele>195.9</ele>
        <time>2025-07-23T16:28:39Z</time>
      </trkpt>
      <trkpt lat="46.155395" lon="17.90935667">
        <ele>197</ele>
        <time>2025-07-23T16:28:40Z</time>
      </trkpt>
      <trkpt lat="46.15535167" lon="17.90951667">
        <ele>197.6</ele>
        <time>2025-07-23T16:28:41Z</time>
      </trkpt>
      <trkpt lat="46.155315" lon="17.90967333">
        <ele>197.7</ele>
        <time>2025-07-23T16:28:42Z</time>
      </trkpt>
      <trkpt lat="46.15528" lon="17.909835">
        <ele>197.8</ele>
        <time>2025-07-23T16:28:43Z</time>
      </trkpt>
      <trkpt lat="46.15525333" lon="17.90998833">
        <ele>198.4</ele>
        <time>2025-07-23T16:28:44Z</time>
      </trkpt>
      <trkpt lat="46.15523167" lon="17.91015167">
        <ele>199.3</ele>
        <time>2025-07-23T16:28:45Z</time>
      </trkpt>
      <trkpt lat="46.15520833" lon="17.91030833">
        <ele>200.6</ele>
        <time>2025-07-23T16:28:46Z</time>
      </trkpt>
      <trkpt lat="46.15519833" lon="17.91047">
        <ele>201.9</ele>
        <time>2025-07-23T16:28:47Z</time>
      </trkpt>
      <trkpt lat="46.15519333" lon="17.91063">
        <ele>201.6</ele>
        <time>2025-07-23T16:28:48Z</time>
      </trkpt>
      <trkpt lat="46.15519167" lon="17.91077833">
        <ele>200.7</ele>
        <time>2025-07-23T16:28:49Z</time>
      </trkpt>
      <trkpt lat="46.15519" lon="17.91093667">
        <ele>199.8</ele>
        <time>2025-07-23T16:28:50Z</time>
      </trkpt>
      <trkpt lat="46.15518667" lon="17.91109333">
        <ele>199.2</ele>
        <time>2025-07-23T16:28:51Z</time>
      </trkpt>
      <trkpt lat="46.15518833" lon="17.91125333">
        <ele>199.2</ele>
        <time>2025-07-23T16:28:52Z</time>
      </trkpt>
      <trkpt lat="46.155185" lon="17.91141167">
        <ele>198.6</ele>
        <time>2025-07-23T16:28:53Z</time>
      </trkpt>
      <trkpt lat="46.15518833" lon="17.91156667">
        <ele>198.5</ele>
        <time>2025-07-23T16:28:54Z</time>
      </trkpt>
      <trkpt lat="46.15519" lon="17.911715">
        <ele>198.5</ele>
        <time>2025-07-23T16:28:55Z</time>
      </trkpt>
      <trkpt lat="46.15519667" lon="17.91186167">
        <ele>198.5</ele>
        <time>2025-07-23T16:28:56Z</time>
      </trkpt>
      <trkpt lat="46.1552" lon="17.912">
        <ele>198</ele>
        <time>2025-07-23T16:28:57Z</time>
      </trkpt>
      <trkpt lat="46.15520833" lon="17.91223833">
        <ele>196.7</ele>
        <time>2025-07-23T16:28:59Z</time>
      </trkpt>
      <trkpt lat="46.15521167" lon="17.91246333">
        <ele>196.1</ele>
        <time>2025-07-23T16:29:01Z</time>
      </trkpt>
      <trkpt lat="46.15521167" lon="17.912715">
        <ele>193.8</ele>
        <time>2025-07-23T16:29:03Z</time>
      </trkpt>
      <trkpt lat="46.15521333" lon="17.91296">
        <ele>193.1</ele>
        <time>2025-07-23T16:29:05Z</time>
      </trkpt>
      <trkpt lat="46.15521" lon="17.91320167">
        <ele>191.6</ele>
        <time>2025-07-23T16:29:07Z</time>
      </trkpt>
      <trkpt lat="46.15520833" lon="17.913435">
        <ele>190</ele>
        <time>2025-07-23T16:29:09Z</time>
      </trkpt>
      <trkpt lat="46.15520667" lon="17.91365667">
        <ele>189.1</ele>
        <time>2025-07-23T16:29:11Z</time>
      </trkpt>
      <trkpt lat="46.155185" lon="17.91387333">
        <ele>189.2</ele>
        <time>2025-07-23T16:29:13Z</time>
      </trkpt>
      <trkpt lat="46.15516667" lon="17.91408">
        <ele>188.7</ele>
        <time>2025-07-23T16:29:15Z</time>
      </trkpt>
      <trkpt lat="46.15512667" lon="17.914255">
        <ele>189.8</ele>
        <time>2025-07-23T16:29:17Z</time>
      </trkpt>
      <trkpt lat="46.15506667" lon="17.91445167">
        <ele>190.7</ele>
        <time>2025-07-23T16:29:19Z</time>
      </trkpt>
      <trkpt lat="46.15499333" lon="17.91465833">
        <ele>189.4</ele>
        <time>2025-07-23T16:29:21Z</time>
      </trkpt>
      <trkpt lat="46.15492" lon="17.914875">
        <ele>190.6</ele>
        <time>2025-07-23T16:29:23Z</time>
      </trkpt>
      <trkpt lat="46.154865" lon="17.91510333">
        <ele>191.9</ele>
        <time>2025-07-23T16:29:25Z</time>
      </trkpt>
      <trkpt lat="46.15482833" lon="17.915335">
        <ele>192.4</ele>
        <time>2025-07-23T16:29:27Z</time>
      </trkpt>
      <trkpt lat="46.15481667" lon="17.91547">
        <ele>192.8</ele>
        <time>2025-07-23T16:29:28Z</time>
      </trkpt>
      <trkpt lat="46.1548" lon="17.915725">
        <ele>191.8</ele>
        <time>2025-07-23T16:29:30Z</time>
      </trkpt>
      <trkpt lat="46.15479333" lon="17.91585667">
        <ele>191.8</ele>
        <time>2025-07-23T16:29:31Z</time>
      </trkpt>
      <trkpt lat="46.15478" lon="17.91609">
        <ele>192.3</ele>
        <time>2025-07-23T16:29:33Z</time>
      </trkpt>
      <trkpt lat="46.154775" lon="17.91628333">
        <ele>192.4</ele>
        <time>2025-07-23T16:29:35Z</time>
      </trkpt>
      <trkpt lat="46.15478167" lon="17.91644">
        <ele>192.6</ele>
        <time>2025-07-23T16:29:37Z</time>
      </trkpt>
      <trkpt lat="46.15484" lon="17.91658167">
        <ele>191.6</ele>
        <time>2025-07-23T16:29:41Z</time>
      </trkpt>
      <trkpt lat="46.15493333" lon="17.91663">
        <ele>191.7</ele>
        <time>2025-07-23T16:29:45Z</time>
      </trkpt>
      <trkpt lat="46.15482333" lon="17.91663333">
        <ele>193.9</ele>
        <time>2025-07-23T16:30:06Z</time>
      </trkpt>
      <trkpt lat="46.15472167" lon="17.91663">
        <ele>194.9</ele>
        <time>2025-07-23T16:30:12Z</time>
      </trkpt>
    </trkseg>
  </trk>
</gpx>