<?xml version='1.0' encoding='UTF-8' standalone='yes' ?>
<gpx xmlns="http://www.topografix.com/GPX/1/1" xmlns:geotracker="http://ilyabogdanovich.com/gpx/extensions/geotracker" xmlns:xsi="http://www.w3.org/2001/XMLSchema-instance" xsi:schemaLocation="http://www.topografix.com/GPX/1/1 http://www.topografix.com/GPX/1/1/gpx.xsd" version="1.1" creator="Recorded in Geo Tracker for Android from Ilya Bogdanovich">
  <metadata>
    <name>w_0730_01</name>
    <author>
      <name>Recorded in Geo Tracker for Android from Ilya Bogdanovich</name>
      <link href="https://play.google.com/store/apps/details?id=com.ilyabogdanovich.geotracker" />
    </author>
    <link href="https://play.google.com/store/apps/details?id=com.ilyabogdanovich.geotracker" />
    <time>2025-07-30T06:25:45Z</time>
  </metadata>
  <wpt lat="47.25575167" lon="16.97871333">
    <ele>209.3</ele>
    <time>2025-07-30T07:27:17Z</time>
    <name>Stop for ~5 min</name>
    <desc>Elevation: 209 m
Time from start: 01:01:31
Distance from start: 4,6 km</desc>
    <extensions>
      <geotracker:meta visited="1" />
    </extensions>
  </wpt>
  <wpt lat="47.23861833" lon="17.00892333">
    <ele>236.2</ele>
    <time>2025-07-30T08:32:18Z</time>
    <name>Stop for ~3 min</name>
    <desc>Elevation: 236 m
Time from start: 02:06:32
Distance from start: 8,49 km</desc>
    <extensions>
      <geotracker:meta visited="1" />
    </extensions>
  </wpt>
  <trk>
    <name>w_0730_01</name>
    <src>Recorded in Geo Tracker for Android from Ilya Bogdanovich</src>
    <link href="https://play.google.com/store/apps/details?id=com.ilyabogdanovich.geotracker" />
    <extensions>
      <geotracker:meta>
        <geotracker:length>8520.43</geotracker:length>
        <geotracker:duration>8344815</geotracker:duration>
        <geotracker:creationtime>2025-07-30T06:25:45Z</geotracker:creationtime>
        <geotracker:activity>0</geotracker:activity>
      </geotracker:meta>
    </extensions>
    <trkseg>
      <trkpt lat="47.25294333" lon="16.93495">
        <ele>209.9</ele>
        <time>2025-07-30T06:25:57Z</time>
      </trkpt>
      <trkpt lat="47.25304" lon="16.93495333">
        <ele>210.1</ele>
        <time>2025-07-30T06:26:02Z</time>
      </trkpt>
      <trkpt lat="47.253125" lon="16.93488333">
        <ele>210</ele>
        <time>2025-07-30T06:26:10Z</time>
      </trkpt>
      <trkpt lat="47.25321" lon="16.93476333">
        <ele>210</ele>
        <time>2025-07-30T06:26:13Z</time>
      </trkpt>
      <trkpt lat="47.25326" lon="16.93489833">
        <ele>206.7</ele>
        <time>2025-07-30T06:27:11Z</time>
      </trkpt>
      <trkpt lat="47.25324" lon="16.93506833">
        <ele>207</ele>
        <time>2025-07-30T06:27:15Z</time>
      </trkpt>
      <trkpt lat="47.25336167" lon="16.935085">
        <ele>207.9</ele>
        <time>2025-07-30T06:27:24Z</time>
      </trkpt>
      <trkpt lat="47.253455" lon="16.93503333">
        <ele>208.5</ele>
        <time>2025-07-30T06:27:30Z</time>
      </trkpt>
      <trkpt lat="47.25355" lon="16.93505">
        <ele>210.7</ele>
        <time>2025-07-30T06:27:42Z</time>
      </trkpt>
      <trkpt lat="47.253585" lon="16.935175">
        <ele>214</ele>
        <time>2025-07-30T06:27:55Z</time>
      </trkpt>
      <trkpt lat="47.253665" lon="16.93524333">
        <ele>210.4</ele>
        <time>2025-07-30T06:28:05Z</time>
      </trkpt>
      <trkpt lat="47.25366167" lon="16.93538">
        <ele>205.9</ele>
        <time>2025-07-30T06:28:16Z</time>
      </trkpt>
      <trkpt lat="47.25368667" lon="16.93553">
        <ele>204.6</ele>
        <time>2025-07-30T06:28:29Z</time>
      </trkpt>
      <trkpt lat="47.253705" lon="16.93566833">
        <ele>204.7</ele>
        <time>2025-07-30T06:28:35Z</time>
      </trkpt>
      <trkpt lat="47.25366" lon="16.93578333">
        <ele>202.5</ele>
        <time>2025-07-30T06:28:44Z</time>
      </trkpt>
      <trkpt lat="47.253625" lon="16.935925">
        <ele>202.8</ele>
        <time>2025-07-30T06:28:52Z</time>
      </trkpt>
      <trkpt lat="47.25356833" lon="16.936045">
        <ele>203.5</ele>
        <time>2025-07-30T06:28:59Z</time>
      </trkpt>
      <trkpt lat="47.25349167" lon="16.93614667">
        <ele>205.4</ele>
        <time>2025-07-30T06:29:21Z</time>
      </trkpt>
      <trkpt lat="47.25341167" lon="16.936215">
        <ele>205</ele>
        <time>2025-07-30T06:29:28Z</time>
      </trkpt>
      <trkpt lat="47.25333" lon="16.93628167">
        <ele>204.8</ele>
        <time>2025-07-30T06:29:38Z</time>
      </trkpt>
      <trkpt lat="47.25324667" lon="16.93635333">
        <ele>204.6</ele>
        <time>2025-07-30T06:29:45Z</time>
      </trkpt>
      <trkpt lat="47.25316667" lon="16.93644167">
        <ele>202.2</ele>
        <time>2025-07-30T06:29:53Z</time>
      </trkpt>
      <trkpt lat="47.25317" lon="16.93658333">
        <ele>202.3</ele>
        <time>2025-07-30T06:30:01Z</time>
      </trkpt>
      <trkpt lat="47.25317" lon="16.936725">
        <ele>202.7</ele>
        <time>2025-07-30T06:30:09Z</time>
      </trkpt>
      <trkpt lat="47.25316" lon="16.93685667">
        <ele>201.8</ele>
        <time>2025-07-30T06:30:17Z</time>
      </trkpt>
      <trkpt lat="47.25309167" lon="16.93694333">
        <ele>197.6</ele>
        <time>2025-07-30T06:30:29Z</time>
      </trkpt>
      <trkpt lat="47.25301667" lon="16.93703833">
        <ele>195.6</ele>
        <time>2025-07-30T06:30:36Z</time>
      </trkpt>
      <trkpt lat="47.25294833" lon="16.93712833">
        <ele>194.3</ele>
        <time>2025-07-30T06:30:42Z</time>
      </trkpt>
      <trkpt lat="47.25291667" lon="16.93726">
        <ele>194.7</ele>
        <time>2025-07-30T06:30:50Z</time>
      </trkpt>
      <trkpt lat="47.25286333" lon="16.93739167">
        <ele>199.6</ele>
        <time>2025-07-30T06:30:57Z</time>
      </trkpt>
      <trkpt lat="47.25281833" lon="16.93751667">
        <ele>201.1</ele>
        <time>2025-07-30T06:31:04Z</time>
      </trkpt>
      <trkpt lat="47.25279" lon="16.93764333">
        <ele>196.7</ele>
        <time>2025-07-30T06:31:14Z</time>
      </trkpt>
      <trkpt lat="47.25273167" lon="16.93777">
        <ele>196.4</ele>
        <time>2025-07-30T06:31:22Z</time>
      </trkpt>
      <trkpt lat="47.25268" lon="16.93788333">
        <ele>195.9</ele>
        <time>2025-07-30T06:31:29Z</time>
      </trkpt>
      <trkpt lat="47.25263167" lon="16.93800667">
        <ele>196.6</ele>
        <time>2025-07-30T06:31:36Z</time>
      </trkpt>
      <trkpt lat="47.25257" lon="16.93812167">
        <ele>196.2</ele>
        <time>2025-07-30T06:31:42Z</time>
      </trkpt>
      <trkpt lat="47.25253167" lon="16.938255">
        <ele>195.3</ele>
        <time>2025-07-30T06:31:53Z</time>
      </trkpt>
      <trkpt lat="47.25245333" lon="16.93834667">
        <ele>193.5</ele>
        <time>2025-07-30T06:32:01Z</time>
      </trkpt>
      <trkpt lat="47.25239833" lon="16.93846">
        <ele>192.8</ele>
        <time>2025-07-30T06:32:08Z</time>
      </trkpt>
      <trkpt lat="47.25234" lon="16.93857833">
        <ele>193.6</ele>
        <time>2025-07-30T06:32:16Z</time>
      </trkpt>
      <trkpt lat="47.2523" lon="16.93870333">
        <ele>193.7</ele>
        <time>2025-07-30T06:32:22Z</time>
      </trkpt>
      <trkpt lat="47.2523" lon="16.93884333">
        <ele>195</ele>
        <time>2025-07-30T06:32:32Z</time>
      </trkpt>
      <trkpt lat="47.25232167" lon="16.93898167">
        <ele>197.8</ele>
        <time>2025-07-30T06:32:40Z</time>
      </trkpt>
      <trkpt lat="47.25226667" lon="16.93908833">
        <ele>199</ele>
        <time>2025-07-30T06:32:51Z</time>
      </trkpt>
      <trkpt lat="47.25217667" lon="16.93911667">
        <ele>199.2</ele>
        <time>2025-07-30T06:32:58Z</time>
      </trkpt>
      <trkpt lat="47.25209167" lon="16.93916167">
        <ele>198.6</ele>
        <time>2025-07-30T06:33:04Z</time>
      </trkpt>
      <trkpt lat="47.25199667" lon="16.93920167">
        <ele>198.2</ele>
        <time>2025-07-30T06:33:12Z</time>
      </trkpt>
      <trkpt lat="47.25191333" lon="16.93925333">
        <ele>197.6</ele>
        <time>2025-07-30T06:33:21Z</time>
      </trkpt>
      <trkpt lat="47.25187167" lon="16.93938333">
        <ele>197.3</ele>
        <time>2025-07-30T06:33:30Z</time>
      </trkpt>
      <trkpt lat="47.251825" lon="16.93950167">
        <ele>197.2</ele>
        <time>2025-07-30T06:33:37Z</time>
      </trkpt>
      <trkpt lat="47.25176667" lon="16.93961">
        <ele>197.5</ele>
        <time>2025-07-30T06:33:45Z</time>
      </trkpt>
      <trkpt lat="47.25172167" lon="16.93972667">
        <ele>198.8</ele>
        <time>2025-07-30T06:33:53Z</time>
      </trkpt>
      <trkpt lat="47.25166833" lon="16.93985667">
        <ele>199.3</ele>
        <time>2025-07-30T06:34:01Z</time>
      </trkpt>
      <trkpt lat="47.251625" lon="16.93997833">
        <ele>199.5</ele>
        <time>2025-07-30T06:34:08Z</time>
      </trkpt>
      <trkpt lat="47.251585" lon="16.94009667">
        <ele>199.8</ele>
        <time>2025-07-30T06:34:15Z</time>
      </trkpt>
      <trkpt lat="47.25154667" lon="16.940225">
        <ele>201.8</ele>
        <time>2025-07-30T06:34:22Z</time>
      </trkpt>
      <trkpt lat="47.25151667" lon="16.94037167">
        <ele>200.2</ele>
        <time>2025-07-30T06:34:30Z</time>
      </trkpt>
      <trkpt lat="47.25148333" lon="16.940505">
        <ele>199.5</ele>
        <time>2025-07-30T06:34:37Z</time>
      </trkpt>
      <trkpt lat="47.25143167" lon="16.94062833">
        <ele>202.7</ele>
        <time>2025-07-30T06:34:48Z</time>
      </trkpt>
      <trkpt lat="47.25136333" lon="16.94073667">
        <ele>203.3</ele>
        <time>2025-07-30T06:34:57Z</time>
      </trkpt>
      <trkpt lat="47.251325" lon="16.94086833">
        <ele>202.7</ele>
        <time>2025-07-30T06:35:07Z</time>
      </trkpt>
      <trkpt lat="47.25127167" lon="16.94098833">
        <ele>200.9</ele>
        <time>2025-07-30T06:35:17Z</time>
      </trkpt>
      <trkpt lat="47.251215" lon="16.9411">
        <ele>199.4</ele>
        <time>2025-07-30T06:35:24Z</time>
      </trkpt>
      <trkpt lat="47.25118167" lon="16.941235">
        <ele>196.9</ele>
        <time>2025-07-30T06:35:31Z</time>
      </trkpt>
      <trkpt lat="47.25116167" lon="16.94137333">
        <ele>195.8</ele>
        <time>2025-07-30T06:35:38Z</time>
      </trkpt>
      <trkpt lat="47.25112833" lon="16.9415">
        <ele>197</ele>
        <time>2025-07-30T06:35:44Z</time>
      </trkpt>
      <trkpt lat="47.25107167" lon="16.94161667">
        <ele>198.9</ele>
        <time>2025-07-30T06:35:50Z</time>
      </trkpt>
      <trkpt lat="47.25100833" lon="16.94172667">
        <ele>201.7</ele>
        <time>2025-07-30T06:35:58Z</time>
      </trkpt>
      <trkpt lat="47.25100667" lon="16.94186833">
        <ele>203.6</ele>
        <time>2025-07-30T06:36:07Z</time>
      </trkpt>
      <trkpt lat="47.25096167" lon="16.94198667">
        <ele>202.2</ele>
        <time>2025-07-30T06:36:13Z</time>
      </trkpt>
      <trkpt lat="47.25093833" lon="16.94211667">
        <ele>200.5</ele>
        <time>2025-07-30T06:36:20Z</time>
      </trkpt>
      <trkpt lat="47.25086667" lon="16.942215">
        <ele>200.6</ele>
        <time>2025-07-30T06:36:26Z</time>
      </trkpt>
      <trkpt lat="47.25083" lon="16.94234333">
        <ele>200.1</ele>
        <time>2025-07-30T06:36:32Z</time>
      </trkpt>
      <trkpt lat="47.25079833" lon="16.94248">
        <ele>201.7</ele>
        <time>2025-07-30T06:36:40Z</time>
      </trkpt>
      <trkpt lat="47.25075" lon="16.94262167">
        <ele>201.6</ele>
        <time>2025-07-30T06:36:46Z</time>
      </trkpt>
      <trkpt lat="47.25070833" lon="16.94275">
        <ele>200.8</ele>
        <time>2025-07-30T06:36:53Z</time>
      </trkpt>
      <trkpt lat="47.25066167" lon="16.94286833">
        <ele>199.6</ele>
        <time>2025-07-30T06:37:00Z</time>
      </trkpt>
      <trkpt lat="47.250615" lon="16.94299333">
        <ele>199.1</ele>
        <time>2025-07-30T06:37:08Z</time>
      </trkpt>
      <trkpt lat="47.25056" lon="16.94310333">
        <ele>201.5</ele>
        <time>2025-07-30T06:37:15Z</time>
      </trkpt>
      <trkpt lat="47.25055" lon="16.94323667">
        <ele>202</ele>
        <time>2025-07-30T06:37:22Z</time>
      </trkpt>
      <trkpt lat="47.25050333" lon="16.94335667">
        <ele>201.7</ele>
        <time>2025-07-30T06:37:28Z</time>
      </trkpt>
      <trkpt lat="47.25042167" lon="16.94345">
        <ele>199.4</ele>
        <time>2025-07-30T06:37:37Z</time>
      </trkpt>
      <trkpt lat="47.25036833" lon="16.94356">
        <ele>199.7</ele>
        <time>2025-07-30T06:37:42Z</time>
      </trkpt>
      <trkpt lat="47.25035167" lon="16.94370667">
        <ele>201.5</ele>
        <time>2025-07-30T06:37:49Z</time>
      </trkpt>
      <trkpt lat="47.25037833" lon="16.943845">
        <ele>201.4</ele>
        <time>2025-07-30T06:37:55Z</time>
      </trkpt>
      <trkpt lat="47.25031167" lon="16.94395333">
        <ele>200.4</ele>
        <time>2025-07-30T06:38:02Z</time>
      </trkpt>
      <trkpt lat="47.25021333" lon="16.94393667">
        <ele>200.2</ele>
        <time>2025-07-30T06:38:13Z</time>
      </trkpt>
      <trkpt lat="47.25012333" lon="16.943965">
        <ele>201.2</ele>
        <time>2025-07-30T06:38:23Z</time>
      </trkpt>
      <trkpt lat="47.25009833" lon="16.94409667">
        <ele>200.8</ele>
        <time>2025-07-30T06:38:30Z</time>
      </trkpt>
      <trkpt lat="47.25004167" lon="16.94420833">
        <ele>200.4</ele>
        <time>2025-07-30T06:38:35Z</time>
      </trkpt>
      <trkpt lat="47.25000333" lon="16.944335">
        <ele>200.4</ele>
        <time>2025-07-30T06:38:41Z</time>
      </trkpt>
      <trkpt lat="47.24997" lon="16.944465">
        <ele>200</ele>
        <time>2025-07-30T06:38:49Z</time>
      </trkpt>
      <trkpt lat="47.24990667" lon="16.944575">
        <ele>200.6</ele>
        <time>2025-07-30T06:38:56Z</time>
      </trkpt>
      <trkpt lat="47.24986833" lon="16.94469667">
        <ele>201</ele>
        <time>2025-07-30T06:39:02Z</time>
      </trkpt>
      <trkpt lat="47.24984167" lon="16.94482833">
        <ele>202.7</ele>
        <time>2025-07-30T06:39:12Z</time>
      </trkpt>
      <trkpt lat="47.24979167" lon="16.94496333">
        <ele>203.4</ele>
        <time>2025-07-30T06:39:18Z</time>
      </trkpt>
      <trkpt lat="47.24978167" lon="16.94509833">
        <ele>204.2</ele>
        <time>2025-07-30T06:39:29Z</time>
      </trkpt>
      <trkpt lat="47.24972833" lon="16.94523667">
        <ele>203.2</ele>
        <time>2025-07-30T06:39:40Z</time>
      </trkpt>
      <trkpt lat="47.24967833" lon="16.94538833">
        <ele>205.1</ele>
        <time>2025-07-30T06:39:46Z</time>
      </trkpt>
      <trkpt lat="47.249635" lon="16.94552">
        <ele>207.5</ele>
        <time>2025-07-30T06:39:51Z</time>
      </trkpt>
      <trkpt lat="47.24960333" lon="16.94565167">
        <ele>209.4</ele>
        <time>2025-07-30T06:39:59Z</time>
      </trkpt>
      <trkpt lat="47.24954667" lon="16.94578">
        <ele>209</ele>
        <time>2025-07-30T06:40:07Z</time>
      </trkpt>
      <trkpt lat="47.24948" lon="16.945875">
        <ele>206.4</ele>
        <time>2025-07-30T06:40:13Z</time>
      </trkpt>
      <trkpt lat="47.24943833" lon="16.94599667">
        <ele>205.2</ele>
        <time>2025-07-30T06:40:20Z</time>
      </trkpt>
      <trkpt lat="47.249405" lon="16.94612333">
        <ele>204.2</ele>
        <time>2025-07-30T06:40:27Z</time>
      </trkpt>
      <trkpt lat="47.24934833" lon="16.94624333">
        <ele>202.2</ele>
        <time>2025-07-30T06:40:34Z</time>
      </trkpt>
      <trkpt lat="47.24932" lon="16.946385">
        <ele>201.3</ele>
        <time>2025-07-30T06:40:42Z</time>
      </trkpt>
      <trkpt lat="47.24927667" lon="16.94651833">
        <ele>199.7</ele>
        <time>2025-07-30T06:40:50Z</time>
      </trkpt>
      <trkpt lat="47.24922833" lon="16.94663333">
        <ele>200.2</ele>
        <time>2025-07-30T06:40:58Z</time>
      </trkpt>
      <trkpt lat="47.24918833" lon="16.94675667">
        <ele>200.6</ele>
        <time>2025-07-30T06:41:05Z</time>
      </trkpt>
      <trkpt lat="47.24914667" lon="16.94688">
        <ele>201.7</ele>
        <time>2025-07-30T06:41:11Z</time>
      </trkpt>
      <trkpt lat="47.24908667" lon="16.94698167">
        <ele>201.4</ele>
        <time>2025-07-30T06:41:18Z</time>
      </trkpt>
      <trkpt lat="47.24904667" lon="16.947105">
        <ele>201.9</ele>
        <time>2025-07-30T06:41:26Z</time>
      </trkpt>
      <trkpt lat="47.24901667" lon="16.94724833">
        <ele>200.1</ele>
        <time>2025-07-30T06:41:34Z</time>
      </trkpt>
      <trkpt lat="47.24897333" lon="16.94738333">
        <ele>199.8</ele>
        <time>2025-07-30T06:41:41Z</time>
      </trkpt>
      <trkpt lat="47.248925" lon="16.94750833">
        <ele>200</ele>
        <time>2025-07-30T06:41:48Z</time>
      </trkpt>
      <trkpt lat="47.24887667" lon="16.94762667">
        <ele>200.3</ele>
        <time>2025-07-30T06:41:54Z</time>
      </trkpt>
      <trkpt lat="47.24883" lon="16.947755">
        <ele>201.2</ele>
        <time>2025-07-30T06:42:05Z</time>
      </trkpt>
      <trkpt lat="47.24879" lon="16.947875">
        <ele>201</ele>
        <time>2025-07-30T06:42:11Z</time>
      </trkpt>
      <trkpt lat="47.24873667" lon="16.94800667">
        <ele>200.2</ele>
        <time>2025-07-30T06:42:19Z</time>
      </trkpt>
      <trkpt lat="47.24869333" lon="16.94812667">
        <ele>200.2</ele>
        <time>2025-07-30T06:42:25Z</time>
      </trkpt>
      <trkpt lat="47.24865" lon="16.94824667">
        <ele>200.7</ele>
        <time>2025-07-30T06:42:32Z</time>
      </trkpt>
      <trkpt lat="47.24861833" lon="16.94838333">
        <ele>200.9</ele>
        <time>2025-07-30T06:42:39Z</time>
      </trkpt>
      <trkpt lat="47.24856" lon="16.94850333">
        <ele>197.8</ele>
        <time>2025-07-30T06:42:59Z</time>
      </trkpt>
      <trkpt lat="47.24852" lon="16.94863833">
        <ele>200.7</ele>
        <time>2025-07-30T06:43:05Z</time>
      </trkpt>
      <trkpt lat="47.24852167" lon="16.94878167">
        <ele>200.9</ele>
        <time>2025-07-30T06:43:14Z</time>
      </trkpt>
      <trkpt lat="47.24855833" lon="16.94891167">
        <ele>200.9</ele>
        <time>2025-07-30T06:43:25Z</time>
      </trkpt>
      <trkpt lat="47.24863667" lon="16.948985">
        <ele>200.6</ele>
        <time>2025-07-30T06:43:33Z</time>
      </trkpt>
      <trkpt lat="47.248585" lon="16.94911167">
        <ele>199.1</ele>
        <time>2025-07-30T06:43:43Z</time>
      </trkpt>
      <trkpt lat="47.24853333" lon="16.949235">
        <ele>197.1</ele>
        <time>2025-07-30T06:43:50Z</time>
      </trkpt>
      <trkpt lat="47.24850333" lon="16.94937833">
        <ele>195.9</ele>
        <time>2025-07-30T06:43:58Z</time>
      </trkpt>
      <trkpt lat="47.24848667" lon="16.94951167">
        <ele>195.2</ele>
        <time>2025-07-30T06:44:06Z</time>
      </trkpt>
      <trkpt lat="47.248455" lon="16.94963667">
        <ele>194.8</ele>
        <time>2025-07-30T06:44:13Z</time>
      </trkpt>
      <trkpt lat="47.248405" lon="16.94974833">
        <ele>194.1</ele>
        <time>2025-07-30T06:44:19Z</time>
      </trkpt>
      <trkpt lat="47.24835" lon="16.94986">
        <ele>194.3</ele>
        <time>2025-07-30T06:44:25Z</time>
      </trkpt>
      <trkpt lat="47.248315" lon="16.94998833">
        <ele>194.9</ele>
        <time>2025-07-30T06:44:32Z</time>
      </trkpt>
      <trkpt lat="47.24827" lon="16.950105">
        <ele>196.5</ele>
        <time>2025-07-30T06:44:39Z</time>
      </trkpt>
      <trkpt lat="47.24825833" lon="16.95023667">
        <ele>196.2</ele>
        <time>2025-07-30T06:44:48Z</time>
      </trkpt>
      <trkpt lat="47.24821" lon="16.95035667">
        <ele>193.8</ele>
        <time>2025-07-30T06:44:55Z</time>
      </trkpt>
      <trkpt lat="47.24817" lon="16.950495">
        <ele>192.6</ele>
        <time>2025-07-30T06:45:04Z</time>
      </trkpt>
      <trkpt lat="47.24811667" lon="16.950605">
        <ele>192.4</ele>
        <time>2025-07-30T06:45:10Z</time>
      </trkpt>
      <trkpt lat="47.24805833" lon="16.95071833">
        <ele>195.4</ele>
        <time>2025-07-30T06:45:18Z</time>
      </trkpt>
      <trkpt lat="47.24801833" lon="16.95084">
        <ele>195.7</ele>
        <time>2025-07-30T06:45:25Z</time>
      </trkpt>
      <trkpt lat="47.24797" lon="16.95095333">
        <ele>196.8</ele>
        <time>2025-07-30T06:45:30Z</time>
      </trkpt>
      <trkpt lat="47.24792333" lon="16.95106667">
        <ele>197.1</ele>
        <time>2025-07-30T06:45:37Z</time>
      </trkpt>
      <trkpt lat="47.247905" lon="16.95120167">
        <ele>195.5</ele>
        <time>2025-07-30T06:45:46Z</time>
      </trkpt>
      <trkpt lat="47.247855" lon="16.95133333">
        <ele>196</ele>
        <time>2025-07-30T06:45:52Z</time>
      </trkpt>
      <trkpt lat="47.24780667" lon="16.951445">
        <ele>197.3</ele>
        <time>2025-07-30T06:46:00Z</time>
      </trkpt>
      <trkpt lat="47.24777333" lon="16.95158167">
        <ele>196.5</ele>
        <time>2025-07-30T06:46:07Z</time>
      </trkpt>
      <trkpt lat="47.247725" lon="16.951695">
        <ele>195.1</ele>
        <time>2025-07-30T06:46:15Z</time>
      </trkpt>
      <trkpt lat="47.24765333" lon="16.951795">
        <ele>195.2</ele>
        <time>2025-07-30T06:46:22Z</time>
      </trkpt>
      <trkpt lat="47.24759167" lon="16.95192">
        <ele>199.2</ele>
        <time>2025-07-30T06:46:33Z</time>
      </trkpt>
      <trkpt lat="47.24754833" lon="16.95204333">
        <ele>199.7</ele>
        <time>2025-07-30T06:46:39Z</time>
      </trkpt>
      <trkpt lat="47.24749667" lon="16.952155">
        <ele>200.8</ele>
        <time>2025-07-30T06:46:47Z</time>
      </trkpt>
      <trkpt lat="47.24744" lon="16.95227">
        <ele>200.4</ele>
        <time>2025-07-30T06:46:55Z</time>
      </trkpt>
      <trkpt lat="47.24738" lon="16.95239333">
        <ele>202.4</ele>
        <time>2025-07-30T06:47:02Z</time>
      </trkpt>
      <trkpt lat="47.24744167" lon="16.95251333">
        <ele>202.1</ele>
        <time>2025-07-30T06:47:10Z</time>
      </trkpt>
      <trkpt lat="47.24755" lon="16.95253167">
        <ele>203.4</ele>
        <time>2025-07-30T06:47:17Z</time>
      </trkpt>
      <trkpt lat="47.24738667" lon="16.95251">
        <ele>202.8</ele>
        <time>2025-07-30T06:48:42Z</time>
      </trkpt>
      <trkpt lat="47.24729667" lon="16.95254833">
        <ele>201.8</ele>
        <time>2025-07-30T06:48:52Z</time>
      </trkpt>
      <trkpt lat="47.24722833" lon="16.952635">
        <ele>200.3</ele>
        <time>2025-07-30T06:48:59Z</time>
      </trkpt>
      <trkpt lat="47.24716667" lon="16.95273667">
        <ele>200.4</ele>
        <time>2025-07-30T06:49:06Z</time>
      </trkpt>
      <trkpt lat="47.2471" lon="16.95284667">
        <ele>201.6</ele>
        <time>2025-07-30T06:49:14Z</time>
      </trkpt>
      <trkpt lat="47.24702167" lon="16.95293667">
        <ele>202.4</ele>
        <time>2025-07-30T06:49:22Z</time>
      </trkpt>
      <trkpt lat="47.24695167" lon="16.95304">
        <ele>200.7</ele>
        <time>2025-07-30T06:49:30Z</time>
      </trkpt>
      <trkpt lat="47.24689" lon="16.953145">
        <ele>202.6</ele>
        <time>2025-07-30T06:49:37Z</time>
      </trkpt>
      <trkpt lat="47.246815" lon="16.95324">
        <ele>203.2</ele>
        <time>2025-07-30T06:49:44Z</time>
      </trkpt>
      <trkpt lat="47.24673833" lon="16.95332333">
        <ele>204.6</ele>
        <time>2025-07-30T06:49:52Z</time>
      </trkpt>
      <trkpt lat="47.24667" lon="16.95341">
        <ele>201.8</ele>
        <time>2025-07-30T06:50:06Z</time>
      </trkpt>
      <trkpt lat="47.246595" lon="16.95348333">
        <ele>202.8</ele>
        <time>2025-07-30T06:50:15Z</time>
      </trkpt>
      <trkpt lat="47.24652667" lon="16.95357">
        <ele>204.3</ele>
        <time>2025-07-30T06:50:22Z</time>
      </trkpt>
      <trkpt lat="47.24645167" lon="16.95367333">
        <ele>206</ele>
        <time>2025-07-30T06:50:30Z</time>
      </trkpt>
      <trkpt lat="47.24638333" lon="16.95377667">
        <ele>207.4</ele>
        <time>2025-07-30T06:50:38Z</time>
      </trkpt>
      <trkpt lat="47.24629833" lon="16.95385833">
        <ele>206</ele>
        <time>2025-07-30T06:50:51Z</time>
      </trkpt>
      <trkpt lat="47.24623833" lon="16.95396833">
        <ele>203.5</ele>
        <time>2025-07-30T06:50:59Z</time>
      </trkpt>
      <trkpt lat="47.24616833" lon="16.95405333">
        <ele>202</ele>
        <time>2025-07-30T06:51:07Z</time>
      </trkpt>
      <trkpt lat="47.24610333" lon="16.95417167">
        <ele>203.6</ele>
        <time>2025-07-30T06:51:17Z</time>
      </trkpt>
      <trkpt lat="47.24602667" lon="16.95427333">
        <ele>204.6</ele>
        <time>2025-07-30T06:51:25Z</time>
      </trkpt>
      <trkpt lat="47.245965" lon="16.954385">
        <ele>202.5</ele>
        <time>2025-07-30T06:51:56Z</time>
      </trkpt>
      <trkpt lat="47.24589833" lon="16.954475">
        <ele>201.8</ele>
        <time>2025-07-30T06:52:02Z</time>
      </trkpt>
      <trkpt lat="47.24583333" lon="16.95458167">
        <ele>201.4</ele>
        <time>2025-07-30T06:52:11Z</time>
      </trkpt>
      <trkpt lat="47.24578" lon="16.95470667">
        <ele>202.3</ele>
        <time>2025-07-30T06:52:19Z</time>
      </trkpt>
      <trkpt lat="47.24571833" lon="16.95481">
        <ele>200.3</ele>
        <time>2025-07-30T06:52:26Z</time>
      </trkpt>
      <trkpt lat="47.24565" lon="16.95492167">
        <ele>201.6</ele>
        <time>2025-07-30T06:52:33Z</time>
      </trkpt>
      <trkpt lat="47.24559167" lon="16.955035">
        <ele>202.7</ele>
        <time>2025-07-30T06:52:40Z</time>
      </trkpt>
      <trkpt lat="47.24555833" lon="16.95517333">
        <ele>203.5</ele>
        <time>2025-07-30T06:52:48Z</time>
      </trkpt>
      <trkpt lat="47.245585" lon="16.95531">
        <ele>203.1</ele>
        <time>2025-07-30T06:52:56Z</time>
      </trkpt>
      <trkpt lat="47.24557" lon="16.95545333">
        <ele>203.5</ele>
        <time>2025-07-30T06:53:04Z</time>
      </trkpt>
      <trkpt lat="47.24551667" lon="16.95556667">
        <ele>203</ele>
        <time>2025-07-30T06:53:12Z</time>
      </trkpt>
      <trkpt lat="47.24542333" lon="16.95561333">
        <ele>201.8</ele>
        <time>2025-07-30T06:53:19Z</time>
      </trkpt>
      <trkpt lat="47.24533" lon="16.95566333">
        <ele>200.3</ele>
        <time>2025-07-30T06:53:27Z</time>
      </trkpt>
      <trkpt lat="47.24523833" lon="16.95564833">
        <ele>199.3</ele>
        <time>2025-07-30T06:53:35Z</time>
      </trkpt>
      <trkpt lat="47.24514" lon="16.95562833">
        <ele>198.9</ele>
        <time>2025-07-30T06:53:43Z</time>
      </trkpt>
      <trkpt lat="47.245095" lon="16.95576167">
        <ele>198.2</ele>
        <time>2025-07-30T06:53:51Z</time>
      </trkpt>
      <trkpt lat="47.24507167" lon="16.95589833">
        <ele>199.7</ele>
        <time>2025-07-30T06:54:00Z</time>
      </trkpt>
      <trkpt lat="47.245035" lon="16.95602833">
        <ele>198.7</ele>
        <time>2025-07-30T06:54:09Z</time>
      </trkpt>
      <trkpt lat="47.24503" lon="16.95617">
        <ele>197.3</ele>
        <time>2025-07-30T06:54:17Z</time>
      </trkpt>
      <trkpt lat="47.24501333" lon="16.956315">
        <ele>195.5</ele>
        <time>2025-07-30T06:54:25Z</time>
      </trkpt>
      <trkpt lat="47.24499" lon="16.95647167">
        <ele>195.5</ele>
        <time>2025-07-30T06:54:32Z</time>
      </trkpt>
      <trkpt lat="47.24496833" lon="16.95662167">
        <ele>199.1</ele>
        <time>2025-07-30T06:54:38Z</time>
      </trkpt>
      <trkpt lat="47.24496167" lon="16.95675667">
        <ele>201.3</ele>
        <time>2025-07-30T06:54:45Z</time>
      </trkpt>
      <trkpt lat="47.24495167" lon="16.95689167">
        <ele>200.4</ele>
        <time>2025-07-30T06:55:01Z</time>
      </trkpt>
      <trkpt lat="47.24494667" lon="16.95703667">
        <ele>198.7</ele>
        <time>2025-07-30T06:55:16Z</time>
      </trkpt>
      <trkpt lat="47.244935" lon="16.95716833">
        <ele>198.1</ele>
        <time>2025-07-30T06:55:23Z</time>
      </trkpt>
      <trkpt lat="47.24494333" lon="16.95730833">
        <ele>197.4</ele>
        <time>2025-07-30T06:55:32Z</time>
      </trkpt>
      <trkpt lat="47.24495167" lon="16.95745833">
        <ele>197.9</ele>
        <time>2025-07-30T06:55:39Z</time>
      </trkpt>
      <trkpt lat="47.24495333" lon="16.95759167">
        <ele>199.8</ele>
        <time>2025-07-30T06:55:45Z</time>
      </trkpt>
      <trkpt lat="47.24495167" lon="16.957735">
        <ele>199.6</ele>
        <time>2025-07-30T06:55:51Z</time>
      </trkpt>
      <trkpt lat="47.24496167" lon="16.95788">
        <ele>199.6</ele>
        <time>2025-07-30T06:55:59Z</time>
      </trkpt>
      <trkpt lat="47.24496167" lon="16.95801833">
        <ele>200.1</ele>
        <time>2025-07-30T06:56:07Z</time>
      </trkpt>
      <trkpt lat="47.24496167" lon="16.958165">
        <ele>199.8</ele>
        <time>2025-07-30T06:56:14Z</time>
      </trkpt>
      <trkpt lat="47.24496667" lon="16.95830333">
        <ele>198.7</ele>
        <time>2025-07-30T06:56:21Z</time>
      </trkpt>
      <trkpt lat="47.24497" lon="16.95844167">
        <ele>198.4</ele>
        <time>2025-07-30T06:56:28Z</time>
      </trkpt>
      <trkpt lat="47.24497167" lon="16.95858167">
        <ele>199.9</ele>
        <time>2025-07-30T06:56:34Z</time>
      </trkpt>
      <trkpt lat="47.244975" lon="16.95872667">
        <ele>198.6</ele>
        <time>2025-07-30T06:56:41Z</time>
      </trkpt>
      <trkpt lat="47.24497333" lon="16.95887333">
        <ele>199.4</ele>
        <time>2025-07-30T06:56:49Z</time>
      </trkpt>
      <trkpt lat="47.244975" lon="16.95902">
        <ele>199.7</ele>
        <time>2025-07-30T06:56:56Z</time>
      </trkpt>
      <trkpt lat="47.24497833" lon="16.95917">
        <ele>199.8</ele>
        <time>2025-07-30T06:57:04Z</time>
      </trkpt>
      <trkpt lat="47.24498" lon="16.95931833">
        <ele>199.9</ele>
        <time>2025-07-30T06:57:11Z</time>
      </trkpt>
      <trkpt lat="47.24498667" lon="16.95945333">
        <ele>201.7</ele>
        <time>2025-07-30T06:57:19Z</time>
      </trkpt>
      <trkpt lat="47.24498667" lon="16.95959833">
        <ele>202.1</ele>
        <time>2025-07-30T06:57:26Z</time>
      </trkpt>
      <trkpt lat="47.24499" lon="16.95974">
        <ele>200.5</ele>
        <time>2025-07-30T06:57:33Z</time>
      </trkpt>
      <trkpt lat="47.24499833" lon="16.95989">
        <ele>201.2</ele>
        <time>2025-07-30T06:57:42Z</time>
      </trkpt>
      <trkpt lat="47.24499167" lon="16.96004667">
        <ele>201.1</ele>
        <time>2025-07-30T06:57:49Z</time>
      </trkpt>
      <trkpt lat="47.24498167" lon="16.96017833">
        <ele>201.8</ele>
        <time>2025-07-30T06:57:54Z</time>
      </trkpt>
      <trkpt lat="47.24495833" lon="16.96031333">
        <ele>200.3</ele>
        <time>2025-07-30T06:58:03Z</time>
      </trkpt>
      <trkpt lat="47.24493833" lon="16.96045333">
        <ele>200.4</ele>
        <time>2025-07-30T06:58:14Z</time>
      </trkpt>
      <trkpt lat="47.24492167" lon="16.96059">
        <ele>200.5</ele>
        <time>2025-07-30T06:58:22Z</time>
      </trkpt>
      <trkpt lat="47.24489833" lon="16.96072833">
        <ele>199.8</ele>
        <time>2025-07-30T06:58:29Z</time>
      </trkpt>
      <trkpt lat="47.24488" lon="16.96085833">
        <ele>198.9</ele>
        <time>2025-07-30T06:58:37Z</time>
      </trkpt>
      <trkpt lat="47.24485833" lon="16.96099833">
        <ele>199.5</ele>
        <time>2025-07-30T06:58:44Z</time>
      </trkpt>
      <trkpt lat="47.24484667" lon="16.96113833">
        <ele>200.4</ele>
        <time>2025-07-30T06:58:52Z</time>
      </trkpt>
      <trkpt lat="47.24482667" lon="16.96128667">
        <ele>201.4</ele>
        <time>2025-07-30T06:59:02Z</time>
      </trkpt>
      <trkpt lat="47.24480333" lon="16.96142333">
        <ele>201.5</ele>
        <time>2025-07-30T06:59:09Z</time>
      </trkpt>
      <trkpt lat="47.24478333" lon="16.96156833">
        <ele>200</ele>
        <time>2025-07-30T06:59:17Z</time>
      </trkpt>
      <trkpt lat="47.24476" lon="16.96171333">
        <ele>200.3</ele>
        <time>2025-07-30T06:59:25Z</time>
      </trkpt>
      <trkpt lat="47.24473833" lon="16.96186333">
        <ele>202.1</ele>
        <time>2025-07-30T06:59:32Z</time>
      </trkpt>
      <trkpt lat="47.24471333" lon="16.96199333">
        <ele>202.4</ele>
        <time>2025-07-30T06:59:39Z</time>
      </trkpt>
      <trkpt lat="47.24468333" lon="16.96211833">
        <ele>203</ele>
        <time>2025-07-30T06:59:48Z</time>
      </trkpt>
      <trkpt lat="47.24466167" lon="16.96224667">
        <ele>202.2</ele>
        <time>2025-07-30T06:59:55Z</time>
      </trkpt>
      <trkpt lat="47.24464167" lon="16.96238">
        <ele>202.9</ele>
        <time>2025-07-30T07:00:09Z</time>
      </trkpt>
      <trkpt lat="47.24462833" lon="16.96252833">
        <ele>203.6</ele>
        <time>2025-07-30T07:00:13Z</time>
      </trkpt>
      <trkpt lat="47.24460167" lon="16.96266167">
        <ele>203.1</ele>
        <time>2025-07-30T07:00:21Z</time>
      </trkpt>
      <trkpt lat="47.24459667" lon="16.9628">
        <ele>202.4</ele>
        <time>2025-07-30T07:00:28Z</time>
      </trkpt>
      <trkpt lat="47.244615" lon="16.96294167">
        <ele>201.3</ele>
        <time>2025-07-30T07:00:37Z</time>
      </trkpt>
      <trkpt lat="47.24464667" lon="16.96308167">
        <ele>200</ele>
        <time>2025-07-30T07:00:44Z</time>
      </trkpt>
      <trkpt lat="47.244665" lon="16.963215">
        <ele>199.4</ele>
        <time>2025-07-30T07:00:50Z</time>
      </trkpt>
      <trkpt lat="47.24465333" lon="16.96335333">
        <ele>198.3</ele>
        <time>2025-07-30T07:00:56Z</time>
      </trkpt>
      <trkpt lat="47.24461" lon="16.96348833">
        <ele>200.1</ele>
        <time>2025-07-30T07:01:04Z</time>
      </trkpt>
      <trkpt lat="47.24459" lon="16.96362333">
        <ele>201.5</ele>
        <time>2025-07-30T07:01:11Z</time>
      </trkpt>
      <trkpt lat="47.24465333" lon="16.96372667">
        <ele>201.4</ele>
        <time>2025-07-30T07:01:20Z</time>
      </trkpt>
      <trkpt lat="47.24472333" lon="16.963825">
        <ele>200.2</ele>
        <time>2025-07-30T07:01:30Z</time>
      </trkpt>
      <trkpt lat="47.24478333" lon="16.96393333">
        <ele>198.9</ele>
        <time>2025-07-30T07:01:38Z</time>
      </trkpt>
      <trkpt lat="47.24484333" lon="16.96406167">
        <ele>198.5</ele>
        <time>2025-07-30T07:01:46Z</time>
      </trkpt>
      <trkpt lat="47.244885" lon="16.96419">
        <ele>197.9</ele>
        <time>2025-07-30T07:01:52Z</time>
      </trkpt>
      <trkpt lat="47.24493333" lon="16.96431167">
        <ele>200.5</ele>
        <time>2025-07-30T07:02:01Z</time>
      </trkpt>
      <trkpt lat="47.24497167" lon="16.96444667">
        <ele>202</ele>
        <time>2025-07-30T07:02:11Z</time>
      </trkpt>
      <trkpt lat="47.24501833" lon="16.96457167">
        <ele>203.9</ele>
        <time>2025-07-30T07:02:20Z</time>
      </trkpt>
      <trkpt lat="47.24509333" lon="16.96467167">
        <ele>205.3</ele>
        <time>2025-07-30T07:02:29Z</time>
      </trkpt>
      <trkpt lat="47.24518" lon="16.96474167">
        <ele>205</ele>
        <time>2025-07-30T07:02:46Z</time>
      </trkpt>
      <trkpt lat="47.24525" lon="16.964825">
        <ele>205.5</ele>
        <time>2025-07-30T07:02:53Z</time>
      </trkpt>
      <trkpt lat="47.24533167" lon="16.964885">
        <ele>206.3</ele>
        <time>2025-07-30T07:03:00Z</time>
      </trkpt>
      <trkpt lat="47.24542833" lon="16.96486667">
        <ele>206.3</ele>
        <time>2025-07-30T07:03:10Z</time>
      </trkpt>
      <trkpt lat="47.24551833" lon="16.96483167">
        <ele>205.5</ele>
        <time>2025-07-30T07:03:17Z</time>
      </trkpt>
      <trkpt lat="47.245615" lon="16.96479333">
        <ele>205</ele>
        <time>2025-07-30T07:03:24Z</time>
      </trkpt>
      <trkpt lat="47.245715" lon="16.96475833">
        <ele>206</ele>
        <time>2025-07-30T07:03:32Z</time>
      </trkpt>
      <trkpt lat="47.24580667" lon="16.96471833">
        <ele>206.3</ele>
        <time>2025-07-30T07:03:43Z</time>
      </trkpt>
      <trkpt lat="47.24590333" lon="16.96471833">
        <ele>205.5</ele>
        <time>2025-07-30T07:03:50Z</time>
      </trkpt>
      <trkpt lat="47.24600167" lon="16.96473833">
        <ele>205.6</ele>
        <time>2025-07-30T07:03:58Z</time>
      </trkpt>
      <trkpt lat="47.24609667" lon="16.96474833">
        <ele>207.3</ele>
        <time>2025-07-30T07:04:04Z</time>
      </trkpt>
      <trkpt lat="47.246195" lon="16.96477">
        <ele>207.9</ele>
        <time>2025-07-30T07:04:11Z</time>
      </trkpt>
      <trkpt lat="47.246285" lon="16.964795">
        <ele>208.5</ele>
        <time>2025-07-30T07:04:18Z</time>
      </trkpt>
      <trkpt lat="47.24636833" lon="16.96486667">
        <ele>207.4</ele>
        <time>2025-07-30T07:04:28Z</time>
      </trkpt>
      <trkpt lat="47.24644833" lon="16.96492833">
        <ele>207.1</ele>
        <time>2025-07-30T07:04:41Z</time>
      </trkpt>
      <trkpt lat="47.246535" lon="16.96497">
        <ele>205.8</ele>
        <time>2025-07-30T07:04:50Z</time>
      </trkpt>
      <trkpt lat="47.24662167" lon="16.965025">
        <ele>205</ele>
        <time>2025-07-30T07:04:56Z</time>
      </trkpt>
      <trkpt lat="47.24671833" lon="16.96506">
        <ele>204.1</ele>
        <time>2025-07-30T07:05:05Z</time>
      </trkpt>
      <trkpt lat="47.24681333" lon="16.96507">
        <ele>203.7</ele>
        <time>2025-07-30T07:05:11Z</time>
      </trkpt>
      <trkpt lat="47.24690333" lon="16.96509">
        <ele>205.6</ele>
        <time>2025-07-30T07:05:17Z</time>
      </trkpt>
      <trkpt lat="47.24700167" lon="16.96512833">
        <ele>207.4</ele>
        <time>2025-07-30T07:05:24Z</time>
      </trkpt>
      <trkpt lat="47.24709333" lon="16.96517833">
        <ele>207.3</ele>
        <time>2025-07-30T07:05:31Z</time>
      </trkpt>
      <trkpt lat="47.247185" lon="16.96522167">
        <ele>209.7</ele>
        <time>2025-07-30T07:05:38Z</time>
      </trkpt>
      <trkpt lat="47.247275" lon="16.96525833">
        <ele>210.3</ele>
        <time>2025-07-30T07:05:44Z</time>
      </trkpt>
      <trkpt lat="47.24735833" lon="16.96532">
        <ele>212.8</ele>
        <time>2025-07-30T07:05:53Z</time>
      </trkpt>
      <trkpt lat="47.24742667" lon="16.96541667">
        <ele>210.1</ele>
        <time>2025-07-30T07:06:01Z</time>
      </trkpt>
      <trkpt lat="47.24748667" lon="16.96552667">
        <ele>209.6</ele>
        <time>2025-07-30T07:06:10Z</time>
      </trkpt>
      <trkpt lat="47.24755167" lon="16.965625">
        <ele>209.8</ele>
        <time>2025-07-30T07:06:17Z</time>
      </trkpt>
      <trkpt lat="47.24759833" lon="16.965745">
        <ele>208</ele>
        <time>2025-07-30T07:06:26Z</time>
      </trkpt>
      <trkpt lat="47.24764833" lon="16.96586333">
        <ele>207.3</ele>
        <time>2025-07-30T07:06:33Z</time>
      </trkpt>
      <trkpt lat="47.24769833" lon="16.96598167">
        <ele>209.4</ele>
        <time>2025-07-30T07:06:39Z</time>
      </trkpt>
      <trkpt lat="47.24776" lon="16.96609">
        <ele>211.9</ele>
        <time>2025-07-30T07:06:47Z</time>
      </trkpt>
      <trkpt lat="47.24785" lon="16.966165">
        <ele>213.4</ele>
        <time>2025-07-30T07:06:54Z</time>
      </trkpt>
      <trkpt lat="47.24792667" lon="16.966235">
        <ele>213.3</ele>
        <time>2025-07-30T07:07:01Z</time>
      </trkpt>
      <trkpt lat="47.24801333" lon="16.9663">
        <ele>214.6</ele>
        <time>2025-07-30T07:07:08Z</time>
      </trkpt>
      <trkpt lat="47.24809167" lon="16.966385">
        <ele>215.5</ele>
        <time>2025-07-30T07:07:15Z</time>
      </trkpt>
      <trkpt lat="47.248165" lon="16.96646667">
        <ele>217.9</ele>
        <time>2025-07-30T07:07:22Z</time>
      </trkpt>
      <trkpt lat="47.248245" lon="16.96655833">
        <ele>219.6</ele>
        <time>2025-07-30T07:07:30Z</time>
      </trkpt>
      <trkpt lat="47.248295" lon="16.96667">
        <ele>221.6</ele>
        <time>2025-07-30T07:07:39Z</time>
      </trkpt>
      <trkpt lat="47.248355" lon="16.96677667">
        <ele>222.4</ele>
        <time>2025-07-30T07:08:09Z</time>
      </trkpt>
      <trkpt lat="47.248435" lon="16.96684833">
        <ele>221.9</ele>
        <time>2025-07-30T07:08:17Z</time>
      </trkpt>
      <trkpt lat="47.24849667" lon="16.96696167">
        <ele>222.7</ele>
        <time>2025-07-30T07:08:28Z</time>
      </trkpt>
      <trkpt lat="47.248555" lon="16.96708">
        <ele>222.5</ele>
        <time>2025-07-30T07:08:38Z</time>
      </trkpt>
      <trkpt lat="47.24859833" lon="16.967215">
        <ele>221.5</ele>
        <time>2025-07-30T07:08:46Z</time>
      </trkpt>
      <trkpt lat="47.248655" lon="16.96733">
        <ele>222.9</ele>
        <time>2025-07-30T07:08:56Z</time>
      </trkpt>
      <trkpt lat="47.24871333" lon="16.96743667">
        <ele>223.6</ele>
        <time>2025-07-30T07:09:03Z</time>
      </trkpt>
      <trkpt lat="47.24877333" lon="16.96755333">
        <ele>224.3</ele>
        <time>2025-07-30T07:09:10Z</time>
      </trkpt>
      <trkpt lat="47.24883167" lon="16.96767167">
        <ele>224.4</ele>
        <time>2025-07-30T07:09:18Z</time>
      </trkpt>
      <trkpt lat="47.248885" lon="16.96779833">
        <ele>223</ele>
        <time>2025-07-30T07:09:26Z</time>
      </trkpt>
      <trkpt lat="47.24891667" lon="16.96793667">
        <ele>222.2</ele>
        <time>2025-07-30T07:09:35Z</time>
      </trkpt>
      <trkpt lat="47.24894667" lon="16.96807667">
        <ele>220.4</ele>
        <time>2025-07-30T07:09:45Z</time>
      </trkpt>
      <trkpt lat="47.24898667" lon="16.968195">
        <ele>219.5</ele>
        <time>2025-07-30T07:09:51Z</time>
      </trkpt>
      <trkpt lat="47.24905667" lon="16.96830333">
        <ele>218.4</ele>
        <time>2025-07-30T07:09:57Z</time>
      </trkpt>
      <trkpt lat="47.24913667" lon="16.96836833">
        <ele>219.5</ele>
        <time>2025-07-30T07:10:04Z</time>
      </trkpt>
      <trkpt lat="47.24922" lon="16.96830667">
        <ele>220.8</ele>
        <time>2025-07-30T07:10:13Z</time>
      </trkpt>
      <trkpt lat="47.24928667" lon="16.96819833">
        <ele>221.4</ele>
        <time>2025-07-30T07:10:20Z</time>
      </trkpt>
      <trkpt lat="47.24937833" lon="16.96814167">
        <ele>224.7</ele>
        <time>2025-07-30T07:10:30Z</time>
      </trkpt>
      <trkpt lat="47.24948333" lon="16.96814833">
        <ele>226.8</ele>
        <time>2025-07-30T07:10:37Z</time>
      </trkpt>
      <trkpt lat="47.249575" lon="16.96819167">
        <ele>227</ele>
        <time>2025-07-30T07:10:43Z</time>
      </trkpt>
      <trkpt lat="47.24964333" lon="16.96828167">
        <ele>227</ele>
        <time>2025-07-30T07:10:50Z</time>
      </trkpt>
      <trkpt lat="47.24972833" lon="16.96834833">
        <ele>225.6</ele>
        <time>2025-07-30T07:10:59Z</time>
      </trkpt>
      <trkpt lat="47.24981167" lon="16.968405">
        <ele>221.5</ele>
        <time>2025-07-30T07:11:07Z</time>
      </trkpt>
      <trkpt lat="47.24989667" lon="16.96846">
        <ele>218.7</ele>
        <time>2025-07-30T07:11:15Z</time>
      </trkpt>
      <trkpt lat="47.24997833" lon="16.96852167">
        <ele>217.8</ele>
        <time>2025-07-30T07:11:23Z</time>
      </trkpt>
      <trkpt lat="47.25006667" lon="16.96857333">
        <ele>216.7</ele>
        <time>2025-07-30T07:11:31Z</time>
      </trkpt>
      <trkpt lat="47.250155" lon="16.96862">
        <ele>217</ele>
        <time>2025-07-30T07:11:40Z</time>
      </trkpt>
      <trkpt lat="47.25024" lon="16.96867167">
        <ele>216.3</ele>
        <time>2025-07-30T07:11:47Z</time>
      </trkpt>
      <trkpt lat="47.25032" lon="16.96873667">
        <ele>216.5</ele>
        <time>2025-07-30T07:11:54Z</time>
      </trkpt>
      <trkpt lat="47.25041667" lon="16.96876833">
        <ele>215.7</ele>
        <time>2025-07-30T07:12:02Z</time>
      </trkpt>
      <trkpt lat="47.25050167" lon="16.96881167">
        <ele>217.1</ele>
        <time>2025-07-30T07:12:14Z</time>
      </trkpt>
      <trkpt lat="47.25059167" lon="16.96885167">
        <ele>217</ele>
        <time>2025-07-30T07:12:20Z</time>
      </trkpt>
      <trkpt lat="47.25068167" lon="16.9689">
        <ele>217.3</ele>
        <time>2025-07-30T07:12:27Z</time>
      </trkpt>
      <trkpt lat="47.25077167" lon="16.96895">
        <ele>219</ele>
        <time>2025-07-30T07:12:35Z</time>
      </trkpt>
      <trkpt lat="47.25086167" lon="16.96899">
        <ele>219.2</ele>
        <time>2025-07-30T07:12:42Z</time>
      </trkpt>
      <trkpt lat="47.25095" lon="16.969025">
        <ele>218.3</ele>
        <time>2025-07-30T07:12:50Z</time>
      </trkpt>
      <trkpt lat="47.25103667" lon="16.96907167">
        <ele>219.9</ele>
        <time>2025-07-30T07:12:56Z</time>
      </trkpt>
      <trkpt lat="47.25113" lon="16.96912833">
        <ele>221.2</ele>
        <time>2025-07-30T07:13:04Z</time>
      </trkpt>
      <trkpt lat="47.25121333" lon="16.96918">
        <ele>221.2</ele>
        <time>2025-07-30T07:13:13Z</time>
      </trkpt>
      <trkpt lat="47.25130167" lon="16.96922833">
        <ele>219.9</ele>
        <time>2025-07-30T07:13:20Z</time>
      </trkpt>
      <trkpt lat="47.25138667" lon="16.96928167">
        <ele>218.5</ele>
        <time>2025-07-30T07:13:29Z</time>
      </trkpt>
      <trkpt lat="47.25147833" lon="16.96932167">
        <ele>218</ele>
        <time>2025-07-30T07:13:36Z</time>
      </trkpt>
      <trkpt lat="47.25158" lon="16.96936">
        <ele>217.9</ele>
        <time>2025-07-30T07:13:43Z</time>
      </trkpt>
      <trkpt lat="47.25165833" lon="16.96943833">
        <ele>220.7</ele>
        <time>2025-07-30T07:13:49Z</time>
      </trkpt>
      <trkpt lat="47.251755" lon="16.96946667">
        <ele>225.3</ele>
        <time>2025-07-30T07:13:55Z</time>
      </trkpt>
      <trkpt lat="47.25184667" lon="16.96952333">
        <ele>221.4</ele>
        <time>2025-07-30T07:14:05Z</time>
      </trkpt>
      <trkpt lat="47.25193" lon="16.96957333">
        <ele>218.9</ele>
        <time>2025-07-30T07:14:13Z</time>
      </trkpt>
      <trkpt lat="47.25201167" lon="16.96963">
        <ele>219.4</ele>
        <time>2025-07-30T07:14:23Z</time>
      </trkpt>
      <trkpt lat="47.25207167" lon="16.96974167">
        <ele>217.8</ele>
        <time>2025-07-30T07:14:33Z</time>
      </trkpt>
      <trkpt lat="47.25216" lon="16.96981">
        <ele>216.5</ele>
        <time>2025-07-30T07:14:41Z</time>
      </trkpt>
      <trkpt lat="47.25224667" lon="16.96986333">
        <ele>216.5</ele>
        <time>2025-07-30T07:14:49Z</time>
      </trkpt>
      <trkpt lat="47.25233333" lon="16.96993">
        <ele>215.8</ele>
        <time>2025-07-30T07:14:58Z</time>
      </trkpt>
      <trkpt lat="47.25241333" lon="16.97002667">
        <ele>214.8</ele>
        <time>2025-07-30T07:15:05Z</time>
      </trkpt>
      <trkpt lat="47.25249833" lon="16.97009333">
        <ele>215.1</ele>
        <time>2025-07-30T07:15:12Z</time>
      </trkpt>
      <trkpt lat="47.25257667" lon="16.970175">
        <ele>215.2</ele>
        <time>2025-07-30T07:15:19Z</time>
      </trkpt>
      <trkpt lat="47.25265" lon="16.97025167">
        <ele>214.9</ele>
        <time>2025-07-30T07:15:27Z</time>
      </trkpt>
      <trkpt lat="47.252695" lon="16.97037667">
        <ele>214.7</ele>
        <time>2025-07-30T07:15:37Z</time>
      </trkpt>
      <trkpt lat="47.25274333" lon="16.97049">
        <ele>215.5</ele>
        <time>2025-07-30T07:15:45Z</time>
      </trkpt>
      <trkpt lat="47.25283833" lon="16.97051">
        <ele>215.3</ele>
        <time>2025-07-30T07:15:51Z</time>
      </trkpt>
      <trkpt lat="47.25293667" lon="16.97050333">
        <ele>215.8</ele>
        <time>2025-07-30T07:16:00Z</time>
      </trkpt>
      <trkpt lat="47.25302833" lon="16.970565">
        <ele>217.6</ele>
        <time>2025-07-30T07:16:08Z</time>
      </trkpt>
      <trkpt lat="47.25312833" lon="16.97059833">
        <ele>216.8</ele>
        <time>2025-07-30T07:16:16Z</time>
      </trkpt>
      <trkpt lat="47.25322667" lon="16.97064333">
        <ele>217.4</ele>
        <time>2025-07-30T07:16:23Z</time>
      </trkpt>
      <trkpt lat="47.25331333" lon="16.97069833">
        <ele>216</ele>
        <time>2025-07-30T07:16:31Z</time>
      </trkpt>
      <trkpt lat="47.253385" lon="16.97077833">
        <ele>215.4</ele>
        <time>2025-07-30T07:16:39Z</time>
      </trkpt>
      <trkpt lat="47.25347" lon="16.97084">
        <ele>216</ele>
        <time>2025-07-30T07:16:48Z</time>
      </trkpt>
      <trkpt lat="47.25357" lon="16.97084">
        <ele>218.3</ele>
        <time>2025-07-30T07:17:13Z</time>
      </trkpt>
      <trkpt lat="47.25363" lon="16.97094167">
        <ele>219.6</ele>
        <time>2025-07-30T07:17:18Z</time>
      </trkpt>
      <trkpt lat="47.25370333" lon="16.97102">
        <ele>219.1</ele>
        <time>2025-07-30T07:17:26Z</time>
      </trkpt>
      <trkpt lat="47.253785" lon="16.971095">
        <ele>216.7</ele>
        <time>2025-07-30T07:17:43Z</time>
      </trkpt>
      <trkpt lat="47.253875" lon="16.97113">
        <ele>215.6</ele>
        <time>2025-07-30T07:17:50Z</time>
      </trkpt>
      <trkpt lat="47.253955" lon="16.97121167">
        <ele>216.6</ele>
        <time>2025-07-30T07:17:57Z</time>
      </trkpt>
      <trkpt lat="47.25405" lon="16.97125">
        <ele>217.5</ele>
        <time>2025-07-30T07:18:03Z</time>
      </trkpt>
      <trkpt lat="47.254135" lon="16.97131833">
        <ele>217.9</ele>
        <time>2025-07-30T07:18:10Z</time>
      </trkpt>
      <trkpt lat="47.254215" lon="16.97139167">
        <ele>217.6</ele>
        <time>2025-07-30T07:18:18Z</time>
      </trkpt>
      <trkpt lat="47.25428667" lon="16.97147333">
        <ele>214.1</ele>
        <time>2025-07-30T07:18:26Z</time>
      </trkpt>
      <trkpt lat="47.254365" lon="16.97154333">
        <ele>213.3</ele>
        <time>2025-07-30T07:18:32Z</time>
      </trkpt>
      <trkpt lat="47.25443333" lon="16.97163833">
        <ele>212.9</ele>
        <time>2025-07-30T07:18:40Z</time>
      </trkpt>
      <trkpt lat="47.2545" lon="16.97173833">
        <ele>214.2</ele>
        <time>2025-07-30T07:18:48Z</time>
      </trkpt>
      <trkpt lat="47.25456333" lon="16.971845">
        <ele>214.1</ele>
        <time>2025-07-30T07:18:55Z</time>
      </trkpt>
      <trkpt lat="47.25461667" lon="16.97195667">
        <ele>214.4</ele>
        <time>2025-07-30T07:19:04Z</time>
      </trkpt>
      <trkpt lat="47.25465" lon="16.97208">
        <ele>212.8</ele>
        <time>2025-07-30T07:19:12Z</time>
      </trkpt>
      <trkpt lat="47.25470833" lon="16.97218833">
        <ele>212.7</ele>
        <time>2025-07-30T07:19:20Z</time>
      </trkpt>
      <trkpt lat="47.25474833" lon="16.97230833">
        <ele>213</ele>
        <time>2025-07-30T07:19:27Z</time>
      </trkpt>
      <trkpt lat="47.25478167" lon="16.97243833">
        <ele>212.5</ele>
        <time>2025-07-30T07:19:34Z</time>
      </trkpt>
      <trkpt lat="47.25479667" lon="16.97257333">
        <ele>213.5</ele>
        <time>2025-07-30T07:19:43Z</time>
      </trkpt>
      <trkpt lat="47.25483167" lon="16.97269833">
        <ele>214.8</ele>
        <time>2025-07-30T07:19:50Z</time>
      </trkpt>
      <trkpt lat="47.25487833" lon="16.97282">
        <ele>215.3</ele>
        <time>2025-07-30T07:19:58Z</time>
      </trkpt>
      <trkpt lat="47.2549" lon="16.97296">
        <ele>214.9</ele>
        <time>2025-07-30T07:20:05Z</time>
      </trkpt>
      <trkpt lat="47.25491" lon="16.97310333">
        <ele>215.5</ele>
        <time>2025-07-30T07:20:13Z</time>
      </trkpt>
      <trkpt lat="47.25495" lon="16.97322167">
        <ele>215</ele>
        <time>2025-07-30T07:20:20Z</time>
      </trkpt>
      <trkpt lat="47.25498" lon="16.97336167">
        <ele>214</ele>
        <time>2025-07-30T07:20:29Z</time>
      </trkpt>
      <trkpt lat="47.254985" lon="16.97350333">
        <ele>212.7</ele>
        <time>2025-07-30T07:20:37Z</time>
      </trkpt>
      <trkpt lat="47.25500667" lon="16.97363833">
        <ele>210.6</ele>
        <time>2025-07-30T07:20:45Z</time>
      </trkpt>
      <trkpt lat="47.25504" lon="16.97377167">
        <ele>210</ele>
        <time>2025-07-30T07:20:55Z</time>
      </trkpt>
      <trkpt lat="47.25505333" lon="16.97391">
        <ele>210.3</ele>
        <time>2025-07-30T07:21:03Z</time>
      </trkpt>
      <trkpt lat="47.25506833" lon="16.97404667">
        <ele>209.2</ele>
        <time>2025-07-30T07:21:09Z</time>
      </trkpt>
      <trkpt lat="47.25510167" lon="16.97417333">
        <ele>209.9</ele>
        <time>2025-07-30T07:21:17Z</time>
      </trkpt>
      <trkpt lat="47.25511667" lon="16.97431333">
        <ele>209.9</ele>
        <time>2025-07-30T07:21:24Z</time>
      </trkpt>
      <trkpt lat="47.25513167" lon="16.97445333">
        <ele>209.5</ele>
        <time>2025-07-30T07:21:31Z</time>
      </trkpt>
      <trkpt lat="47.25516167" lon="16.97458">
        <ele>208.5</ele>
        <time>2025-07-30T07:21:40Z</time>
      </trkpt>
      <trkpt lat="47.255185" lon="16.97471333">
        <ele>208.3</ele>
        <time>2025-07-30T07:21:48Z</time>
      </trkpt>
      <trkpt lat="47.25520833" lon="16.97486167">
        <ele>208.1</ele>
        <time>2025-07-30T07:21:58Z</time>
      </trkpt>
      <trkpt lat="47.25523" lon="16.97500667">
        <ele>207.1</ele>
        <time>2025-07-30T07:22:05Z</time>
      </trkpt>
      <trkpt lat="47.255245" lon="16.97515">
        <ele>206.5</ele>
        <time>2025-07-30T07:22:13Z</time>
      </trkpt>
      <trkpt lat="47.25527333" lon="16.97529">
        <ele>205.5</ele>
        <time>2025-07-30T07:22:22Z</time>
      </trkpt>
      <trkpt lat="47.25529" lon="16.975435">
        <ele>205.1</ele>
        <time>2025-07-30T07:22:30Z</time>
      </trkpt>
      <trkpt lat="47.25531833" lon="16.97557">
        <ele>206</ele>
        <time>2025-07-30T07:22:38Z</time>
      </trkpt>
      <trkpt lat="47.25535333" lon="16.97571833">
        <ele>207.3</ele>
        <time>2025-07-30T07:22:46Z</time>
      </trkpt>
      <trkpt lat="47.25536667" lon="16.97585667">
        <ele>207.8</ele>
        <time>2025-07-30T07:22:54Z</time>
      </trkpt>
      <trkpt lat="47.25538833" lon="16.97599333">
        <ele>208.1</ele>
        <time>2025-07-30T07:23:02Z</time>
      </trkpt>
      <trkpt lat="47.25541333" lon="16.97612833">
        <ele>208.6</ele>
        <time>2025-07-30T07:23:10Z</time>
      </trkpt>
      <trkpt lat="47.255435" lon="16.97626333">
        <ele>208.5</ele>
        <time>2025-07-30T07:23:17Z</time>
      </trkpt>
      <trkpt lat="47.25546" lon="16.97639833">
        <ele>208.6</ele>
        <time>2025-07-30T07:23:25Z</time>
      </trkpt>
      <trkpt lat="47.25547667" lon="16.97654167">
        <ele>208.6</ele>
        <time>2025-07-30T07:23:33Z</time>
      </trkpt>
      <trkpt lat="47.255505" lon="16.97668">
        <ele>207.4</ele>
        <time>2025-07-30T07:23:43Z</time>
      </trkpt>
      <trkpt lat="47.25553" lon="16.97681">
        <ele>207.8</ele>
        <time>2025-07-30T07:23:50Z</time>
      </trkpt>
      <trkpt lat="47.25556" lon="16.97694">
        <ele>208.4</ele>
        <time>2025-07-30T07:23:57Z</time>
      </trkpt>
      <trkpt lat="47.255575" lon="16.97707333">
        <ele>209.7</ele>
        <time>2025-07-30T07:24:06Z</time>
      </trkpt>
      <trkpt lat="47.255605" lon="16.97721">
        <ele>209.7</ele>
        <time>2025-07-30T07:24:14Z</time>
      </trkpt>
      <trkpt lat="47.25562167" lon="16.97734833">
        <ele>209.3</ele>
        <time>2025-07-30T07:24:20Z</time>
      </trkpt>
      <trkpt lat="47.25565167" lon="16.97749167">
        <ele>208.6</ele>
        <time>2025-07-30T07:24:27Z</time>
      </trkpt>
      <trkpt lat="47.255675" lon="16.977635">
        <ele>208.2</ele>
        <time>2025-07-30T07:24:35Z</time>
      </trkpt>
      <trkpt lat="47.25569167" lon="16.97777833">
        <ele>210.2</ele>
        <time>2025-07-30T07:24:44Z</time>
      </trkpt>
      <trkpt lat="47.255725" lon="16.97791167">
        <ele>209</ele>
        <time>2025-07-30T07:24:52Z</time>
      </trkpt>
      <trkpt lat="47.25571833" lon="16.97806">
        <ele>209.2</ele>
        <time>2025-07-30T07:25:09Z</time>
      </trkpt>
      <trkpt lat="47.25576167" lon="16.97817833">
        <ele>210.6</ele>
        <time>2025-07-30T07:25:16Z</time>
      </trkpt>
      <trkpt lat="47.2558" lon="16.97831667">
        <ele>211.6</ele>
        <time>2025-07-30T07:25:25Z</time>
      </trkpt>
      <trkpt lat="47.25582667" lon="16.97845333">
        <ele>211.5</ele>
        <time>2025-07-30T07:25:32Z</time>
      </trkpt>
      <trkpt lat="47.25583333" lon="16.978605">
        <ele>211.5</ele>
        <time>2025-07-30T07:25:40Z</time>
      </trkpt>
      <trkpt lat="47.25575167" lon="16.97871333">
        <ele>209.3</ele>
        <time>2025-07-30T07:27:17Z</time>
      </trkpt>
      <trkpt lat="47.25578333" lon="16.97859833">
        <ele>209</ele>
        <time>2025-07-30T07:30:58Z</time>
      </trkpt>
      <trkpt lat="47.25570667" lon="16.97867333">
        <ele>207.4</ele>
        <time>2025-07-30T07:31:33Z</time>
      </trkpt>
      <trkpt lat="47.25562167" lon="16.97873167">
        <ele>211.6</ele>
        <time>2025-07-30T07:31:48Z</time>
      </trkpt>
      <trkpt lat="47.25553667" lon="16.97877833">
        <ele>213</ele>
        <time>2025-07-30T07:32:01Z</time>
      </trkpt>
      <trkpt lat="47.25544" lon="16.97881167">
        <ele>214.1</ele>
        <time>2025-07-30T07:32:12Z</time>
      </trkpt>
      <trkpt lat="47.25534833" lon="16.978835">
        <ele>215</ele>
        <time>2025-07-30T07:32:20Z</time>
      </trkpt>
      <trkpt lat="47.25525833" lon="16.978895">
        <ele>216.1</ele>
        <time>2025-07-30T07:32:28Z</time>
      </trkpt>
      <trkpt lat="47.255165" lon="16.97892833">
        <ele>216.4</ele>
        <time>2025-07-30T07:32:37Z</time>
      </trkpt>
      <trkpt lat="47.25513333" lon="16.97907333">
        <ele>217.6</ele>
        <time>2025-07-30T07:32:54Z</time>
      </trkpt>
      <trkpt lat="47.255095" lon="16.97891833">
        <ele>218.4</ele>
        <time>2025-07-30T07:33:08Z</time>
      </trkpt>
      <trkpt lat="47.25501167" lon="16.97885833">
        <ele>218.1</ele>
        <time>2025-07-30T07:33:23Z</time>
      </trkpt>
      <trkpt lat="47.25496" lon="16.97896667">
        <ele>218.9</ele>
        <time>2025-07-30T07:33:32Z</time>
      </trkpt>
      <trkpt lat="47.25489167" lon="16.97906167">
        <ele>219.9</ele>
        <time>2025-07-30T07:33:40Z</time>
      </trkpt>
      <trkpt lat="47.25479667" lon="16.97911333">
        <ele>220.5</ele>
        <time>2025-07-30T07:33:51Z</time>
      </trkpt>
      <trkpt lat="47.25471" lon="16.97916167">
        <ele>219.2</ele>
        <time>2025-07-30T07:33:59Z</time>
      </trkpt>
      <trkpt lat="47.25462167" lon="16.97919167">
        <ele>216.6</ele>
        <time>2025-07-30T07:34:08Z</time>
      </trkpt>
      <trkpt lat="47.25453167" lon="16.97925833">
        <ele>215.3</ele>
        <time>2025-07-30T07:34:17Z</time>
      </trkpt>
      <trkpt lat="47.25444333" lon="16.97929333">
        <ele>215.1</ele>
        <time>2025-07-30T07:34:24Z</time>
      </trkpt>
      <trkpt lat="47.25435333" lon="16.97931833">
        <ele>215</ele>
        <time>2025-07-30T07:34:34Z</time>
      </trkpt>
      <trkpt lat="47.25426167" lon="16.97937333">
        <ele>215.3</ele>
        <time>2025-07-30T07:34:41Z</time>
      </trkpt>
      <trkpt lat="47.25417333" lon="16.97941167">
        <ele>216.9</ele>
        <time>2025-07-30T07:34:48Z</time>
      </trkpt>
      <trkpt lat="47.254085" lon="16.97945167">
        <ele>219.5</ele>
        <time>2025-07-30T07:34:59Z</time>
      </trkpt>
      <trkpt lat="47.25394167" lon="16.97940833">
        <ele>219.1</ele>
        <time>2025-07-30T07:35:36Z</time>
      </trkpt>
      <trkpt lat="47.254035" lon="16.97942833">
        <ele>216.2</ele>
        <time>2025-07-30T07:36:07Z</time>
      </trkpt>
      <trkpt lat="47.25395" lon="16.97947167">
        <ele>215.5</ele>
        <time>2025-07-30T07:36:18Z</time>
      </trkpt>
      <trkpt lat="47.253875" lon="16.97955167">
        <ele>215.3</ele>
        <time>2025-07-30T07:36:26Z</time>
      </trkpt>
      <trkpt lat="47.253785" lon="16.97959833">
        <ele>214</ele>
        <time>2025-07-30T07:36:35Z</time>
      </trkpt>
      <trkpt lat="47.253695" lon="16.97963833">
        <ele>214.4</ele>
        <time>2025-07-30T07:36:46Z</time>
      </trkpt>
      <trkpt lat="47.2536" lon="16.97968833">
        <ele>214</ele>
        <time>2025-07-30T07:36:55Z</time>
      </trkpt>
      <trkpt lat="47.25351167" lon="16.979745">
        <ele>214.2</ele>
        <time>2025-07-30T07:37:03Z</time>
      </trkpt>
      <trkpt lat="47.25342333" lon="16.97980333">
        <ele>214</ele>
        <time>2025-07-30T07:37:13Z</time>
      </trkpt>
      <trkpt lat="47.253325" lon="16.97983333">
        <ele>212.8</ele>
        <time>2025-07-30T07:37:22Z</time>
      </trkpt>
      <trkpt lat="47.253235" lon="16.97987">
        <ele>211.3</ele>
        <time>2025-07-30T07:37:31Z</time>
      </trkpt>
      <trkpt lat="47.25314167" lon="16.97988667">
        <ele>209.9</ele>
        <time>2025-07-30T07:37:41Z</time>
      </trkpt>
      <trkpt lat="47.25305333" lon="16.97992833">
        <ele>209</ele>
        <time>2025-07-30T07:37:51Z</time>
      </trkpt>
      <trkpt lat="47.252965" lon="16.97996">
        <ele>208.8</ele>
        <time>2025-07-30T07:38:00Z</time>
      </trkpt>
      <trkpt lat="47.25287333" lon="16.98000167">
        <ele>208.5</ele>
        <time>2025-07-30T07:38:07Z</time>
      </trkpt>
      <trkpt lat="47.25279" lon="16.98006833">
        <ele>208.9</ele>
        <time>2025-07-30T07:38:16Z</time>
      </trkpt>
      <trkpt lat="47.25270167" lon="16.98010167">
        <ele>211.2</ele>
        <time>2025-07-30T07:38:26Z</time>
      </trkpt>
      <trkpt lat="47.25259833" lon="16.98011667">
        <ele>212.5</ele>
        <time>2025-07-30T07:38:37Z</time>
      </trkpt>
      <trkpt lat="47.25250167" lon="16.98016667">
        <ele>213.4</ele>
        <time>2025-07-30T07:38:46Z</time>
      </trkpt>
      <trkpt lat="47.25241833" lon="16.980225">
        <ele>214.1</ele>
        <time>2025-07-30T07:38:54Z</time>
      </trkpt>
      <trkpt lat="47.25232833" lon="16.980265">
        <ele>215.5</ele>
        <time>2025-07-30T07:39:04Z</time>
      </trkpt>
      <trkpt lat="47.25223333" lon="16.98029833">
        <ele>216.8</ele>
        <time>2025-07-30T07:39:12Z</time>
      </trkpt>
      <trkpt lat="47.252155" lon="16.98022667">
        <ele>215.5</ele>
        <time>2025-07-30T07:39:30Z</time>
      </trkpt>
      <trkpt lat="47.25206" lon="16.98027333">
        <ele>216.5</ele>
        <time>2025-07-30T07:39:40Z</time>
      </trkpt>
      <trkpt lat="47.25199333" lon="16.980375">
        <ele>218.7</ele>
        <time>2025-07-30T07:39:50Z</time>
      </trkpt>
      <trkpt lat="47.25191333" lon="16.98043667">
        <ele>219.2</ele>
        <time>2025-07-30T07:40:01Z</time>
      </trkpt>
      <trkpt lat="47.25183333" lon="16.980515">
        <ele>216.1</ele>
        <time>2025-07-30T07:40:16Z</time>
      </trkpt>
      <trkpt lat="47.251745" lon="16.98054333">
        <ele>218.6</ele>
        <time>2025-07-30T07:41:05Z</time>
      </trkpt>
      <trkpt lat="47.251655" lon="16.98055">
        <ele>221.8</ele>
        <time>2025-07-30T07:41:15Z</time>
      </trkpt>
      <trkpt lat="47.251565" lon="16.98060833">
        <ele>221.9</ele>
        <time>2025-07-30T07:41:27Z</time>
      </trkpt>
      <trkpt lat="47.25147" lon="16.98061667">
        <ele>220.5</ele>
        <time>2025-07-30T07:41:35Z</time>
      </trkpt>
      <trkpt lat="47.25138333" lon="16.98066">
        <ele>218.3</ele>
        <time>2025-07-30T07:41:43Z</time>
      </trkpt>
      <trkpt lat="47.25128333" lon="16.98070333">
        <ele>218.3</ele>
        <time>2025-07-30T07:41:55Z</time>
      </trkpt>
      <trkpt lat="47.25119333" lon="16.98075167">
        <ele>219.9</ele>
        <time>2025-07-30T07:42:06Z</time>
      </trkpt>
      <trkpt lat="47.25110667" lon="16.98079">
        <ele>222</ele>
        <time>2025-07-30T07:42:13Z</time>
      </trkpt>
      <trkpt lat="47.25101833" lon="16.98083833">
        <ele>221.9</ele>
        <time>2025-07-30T07:42:20Z</time>
      </trkpt>
      <trkpt lat="47.25093" lon="16.980885">
        <ele>220.9</ele>
        <time>2025-07-30T07:42:28Z</time>
      </trkpt>
      <trkpt lat="47.25083167" lon="16.980915">
        <ele>218.7</ele>
        <time>2025-07-30T07:42:38Z</time>
      </trkpt>
      <trkpt lat="47.25079833" lon="16.98104667">
        <ele>219.5</ele>
        <time>2025-07-30T07:43:08Z</time>
      </trkpt>
      <trkpt lat="47.25070833" lon="16.981085">
        <ele>220.1</ele>
        <time>2025-07-30T07:44:11Z</time>
      </trkpt>
      <trkpt lat="47.2506" lon="16.98098333">
        <ele>220</ele>
        <time>2025-07-30T07:44:47Z</time>
      </trkpt>
      <trkpt lat="47.25051167" lon="16.98101167">
        <ele>218.9</ele>
        <time>2025-07-30T07:44:57Z</time>
      </trkpt>
      <trkpt lat="47.25042667" lon="16.981055">
        <ele>217.3</ele>
        <time>2025-07-30T07:45:09Z</time>
      </trkpt>
      <trkpt lat="47.25034333" lon="16.98110833">
        <ele>215.8</ele>
        <time>2025-07-30T07:45:19Z</time>
      </trkpt>
      <trkpt lat="47.25025" lon="16.981145">
        <ele>215.3</ele>
        <time>2025-07-30T07:45:27Z</time>
      </trkpt>
      <trkpt lat="47.25016167" lon="16.98118667">
        <ele>215.4</ele>
        <time>2025-07-30T07:45:35Z</time>
      </trkpt>
      <trkpt lat="47.25006667" lon="16.98121">
        <ele>216.5</ele>
        <time>2025-07-30T07:45:43Z</time>
      </trkpt>
      <trkpt lat="47.24997333" lon="16.98124">
        <ele>215.7</ele>
        <time>2025-07-30T07:45:54Z</time>
      </trkpt>
      <trkpt lat="47.249885" lon="16.98129833">
        <ele>215.8</ele>
        <time>2025-07-30T07:46:01Z</time>
      </trkpt>
      <trkpt lat="47.24979667" lon="16.98135333">
        <ele>217.3</ele>
        <time>2025-07-30T07:46:10Z</time>
      </trkpt>
      <trkpt lat="47.2497" lon="16.98141333">
        <ele>217.4</ele>
        <time>2025-07-30T07:46:19Z</time>
      </trkpt>
      <trkpt lat="47.24960333" lon="16.981445">
        <ele>218</ele>
        <time>2025-07-30T07:46:27Z</time>
      </trkpt>
      <trkpt lat="47.249515" lon="16.98148167">
        <ele>217.9</ele>
        <time>2025-07-30T07:46:35Z</time>
      </trkpt>
      <trkpt lat="47.24941833" lon="16.98148">
        <ele>219.2</ele>
        <time>2025-07-30T07:46:46Z</time>
      </trkpt>
      <trkpt lat="47.24932667" lon="16.98141333">
        <ele>221.9</ele>
        <time>2025-07-30T07:47:40Z</time>
      </trkpt>
      <trkpt lat="47.249265" lon="16.98152">
        <ele>223.7</ele>
        <time>2025-07-30T07:47:59Z</time>
      </trkpt>
      <trkpt lat="47.24916833" lon="16.98154667">
        <ele>222.7</ele>
        <time>2025-07-30T07:48:37Z</time>
      </trkpt>
      <trkpt lat="47.24908833" lon="16.981615">
        <ele>223.5</ele>
        <time>2025-07-30T07:48:44Z</time>
      </trkpt>
      <trkpt lat="47.24900167" lon="16.981675">
        <ele>222.2</ele>
        <time>2025-07-30T07:48:52Z</time>
      </trkpt>
      <trkpt lat="47.24891" lon="16.981725">
        <ele>219</ele>
        <time>2025-07-30T07:49:01Z</time>
      </trkpt>
      <trkpt lat="47.24881667" lon="16.98173667">
        <ele>216.8</ele>
        <time>2025-07-30T07:49:11Z</time>
      </trkpt>
      <trkpt lat="47.24872" lon="16.98178833">
        <ele>214.6</ele>
        <time>2025-07-30T07:49:22Z</time>
      </trkpt>
      <trkpt lat="47.24863167" lon="16.98185667">
        <ele>216</ele>
        <time>2025-07-30T07:49:29Z</time>
      </trkpt>
      <trkpt lat="47.24854833" lon="16.98191667">
        <ele>217.9</ele>
        <time>2025-07-30T07:49:37Z</time>
      </trkpt>
      <trkpt lat="47.24845667" lon="16.98193833">
        <ele>220.7</ele>
        <time>2025-07-30T07:49:47Z</time>
      </trkpt>
      <trkpt lat="47.24837167" lon="16.981985">
        <ele>222.5</ele>
        <time>2025-07-30T07:49:56Z</time>
      </trkpt>
      <trkpt lat="47.24827167" lon="16.98202833">
        <ele>223.4</ele>
        <time>2025-07-30T07:50:06Z</time>
      </trkpt>
      <trkpt lat="47.24818333" lon="16.98207">
        <ele>223.6</ele>
        <time>2025-07-30T07:50:16Z</time>
      </trkpt>
      <trkpt lat="47.24807833" lon="16.98215">
        <ele>219.7</ele>
        <time>2025-07-30T07:50:35Z</time>
      </trkpt>
      <trkpt lat="47.247985" lon="16.98219667">
        <ele>219.3</ele>
        <time>2025-07-30T07:50:44Z</time>
      </trkpt>
      <trkpt lat="47.24789833" lon="16.98214167">
        <ele>219.1</ele>
        <time>2025-07-30T07:50:55Z</time>
      </trkpt>
      <trkpt lat="47.247805" lon="16.98218667">
        <ele>221.2</ele>
        <time>2025-07-30T07:51:05Z</time>
      </trkpt>
      <trkpt lat="47.24772" lon="16.98224167">
        <ele>221</ele>
        <time>2025-07-30T07:51:17Z</time>
      </trkpt>
      <trkpt lat="47.24763" lon="16.98229667">
        <ele>222.9</ele>
        <time>2025-07-30T07:51:28Z</time>
      </trkpt>
      <trkpt lat="47.24753667" lon="16.982325">
        <ele>221.9</ele>
        <time>2025-07-30T07:51:36Z</time>
      </trkpt>
      <trkpt lat="47.24745167" lon="16.98237">
        <ele>220.1</ele>
        <time>2025-07-30T07:51:45Z</time>
      </trkpt>
      <trkpt lat="47.24736" lon="16.98240833">
        <ele>219.3</ele>
        <time>2025-07-30T07:51:54Z</time>
      </trkpt>
      <trkpt lat="47.24727333" lon="16.982465">
        <ele>219.1</ele>
        <time>2025-07-30T07:52:02Z</time>
      </trkpt>
      <trkpt lat="47.247175" lon="16.982515">
        <ele>219.2</ele>
        <time>2025-07-30T07:52:10Z</time>
      </trkpt>
      <trkpt lat="47.24708333" lon="16.98255833">
        <ele>219.5</ele>
        <time>2025-07-30T07:52:17Z</time>
      </trkpt>
      <trkpt lat="47.24698667" lon="16.982575">
        <ele>220.2</ele>
        <time>2025-07-30T07:52:24Z</time>
      </trkpt>
      <trkpt lat="47.24689167" lon="16.98261667">
        <ele>220.7</ele>
        <time>2025-07-30T07:52:34Z</time>
      </trkpt>
      <trkpt lat="47.24680167" lon="16.98265833">
        <ele>220.8</ele>
        <time>2025-07-30T07:52:42Z</time>
      </trkpt>
      <trkpt lat="47.24671667" lon="16.98271333">
        <ele>221.8</ele>
        <time>2025-07-30T07:52:49Z</time>
      </trkpt>
      <trkpt lat="47.24662167" lon="16.98275167">
        <ele>223.1</ele>
        <time>2025-07-30T07:52:57Z</time>
      </trkpt>
      <trkpt lat="47.24653333" lon="16.98278667">
        <ele>223.1</ele>
        <time>2025-07-30T07:53:07Z</time>
      </trkpt>
      <trkpt lat="47.24644833" lon="16.98283">
        <ele>223.6</ele>
        <time>2025-07-30T07:53:17Z</time>
      </trkpt>
      <trkpt lat="47.24635167" lon="16.98286833">
        <ele>227.2</ele>
        <time>2025-07-30T07:53:27Z</time>
      </trkpt>
      <trkpt lat="47.24626667" lon="16.98291833">
        <ele>229.5</ele>
        <time>2025-07-30T07:53:37Z</time>
      </trkpt>
      <trkpt lat="47.24617833" lon="16.98296667">
        <ele>229.6</ele>
        <time>2025-07-30T07:53:49Z</time>
      </trkpt>
      <trkpt lat="47.24608333" lon="16.98300833">
        <ele>229.7</ele>
        <time>2025-07-30T07:53:58Z</time>
      </trkpt>
      <trkpt lat="47.24599167" lon="16.98305167">
        <ele>230.3</ele>
        <time>2025-07-30T07:54:07Z</time>
      </trkpt>
      <trkpt lat="47.245905" lon="16.98309667">
        <ele>231.3</ele>
        <time>2025-07-30T07:54:14Z</time>
      </trkpt>
      <trkpt lat="47.24581" lon="16.98311333">
        <ele>232.9</ele>
        <time>2025-07-30T07:54:21Z</time>
      </trkpt>
      <trkpt lat="47.24572833" lon="16.98318167">
        <ele>235.2</ele>
        <time>2025-07-30T07:54:30Z</time>
      </trkpt>
      <trkpt lat="47.24564833" lon="16.98324833">
        <ele>236.6</ele>
        <time>2025-07-30T07:54:40Z</time>
      </trkpt>
      <trkpt lat="47.24555167" lon="16.98329333">
        <ele>235.1</ele>
        <time>2025-07-30T07:54:51Z</time>
      </trkpt>
      <trkpt lat="47.245465" lon="16.983345">
        <ele>233.9</ele>
        <time>2025-07-30T07:54:58Z</time>
      </trkpt>
      <trkpt lat="47.245375" lon="16.98336833">
        <ele>233.3</ele>
        <time>2025-07-30T07:55:05Z</time>
      </trkpt>
      <trkpt lat="47.24528" lon="16.98339167">
        <ele>232.3</ele>
        <time>2025-07-30T07:55:14Z</time>
      </trkpt>
      <trkpt lat="47.245195" lon="16.98345667">
        <ele>229.6</ele>
        <time>2025-07-30T07:55:25Z</time>
      </trkpt>
      <trkpt lat="47.24509333" lon="16.98347333">
        <ele>226.9</ele>
        <time>2025-07-30T07:55:38Z</time>
      </trkpt>
      <trkpt lat="47.245" lon="16.983505">
        <ele>228.6</ele>
        <time>2025-07-30T07:55:45Z</time>
      </trkpt>
      <trkpt lat="47.24491333" lon="16.98356833">
        <ele>230.3</ele>
        <time>2025-07-30T07:55:54Z</time>
      </trkpt>
      <trkpt lat="47.244815" lon="16.98360667">
        <ele>228.6</ele>
        <time>2025-07-30T07:56:05Z</time>
      </trkpt>
      <trkpt lat="47.24473" lon="16.98366333">
        <ele>226.8</ele>
        <time>2025-07-30T07:56:14Z</time>
      </trkpt>
      <trkpt lat="47.244645" lon="16.98371333">
        <ele>224.3</ele>
        <time>2025-07-30T07:56:23Z</time>
      </trkpt>
      <trkpt lat="47.244555" lon="16.983755">
        <ele>222.4</ele>
        <time>2025-07-30T07:56:31Z</time>
      </trkpt>
      <trkpt lat="47.24446667" lon="16.98379333">
        <ele>221.1</ele>
        <time>2025-07-30T07:56:38Z</time>
      </trkpt>
      <trkpt lat="47.24437333" lon="16.98380167">
        <ele>221.4</ele>
        <time>2025-07-30T07:56:47Z</time>
      </trkpt>
      <trkpt lat="47.24428833" lon="16.98375333">
        <ele>228.1</ele>
        <time>2025-07-30T07:57:50Z</time>
      </trkpt>
      <trkpt lat="47.24422167" lon="16.98386">
        <ele>229.8</ele>
        <time>2025-07-30T07:57:58Z</time>
      </trkpt>
      <trkpt lat="47.24413333" lon="16.98392833">
        <ele>230.4</ele>
        <time>2025-07-30T07:58:07Z</time>
      </trkpt>
      <trkpt lat="47.24404667" lon="16.983975">
        <ele>232.4</ele>
        <time>2025-07-30T07:58:15Z</time>
      </trkpt>
      <trkpt lat="47.243955" lon="16.98402167">
        <ele>232.8</ele>
        <time>2025-07-30T07:58:25Z</time>
      </trkpt>
      <trkpt lat="47.24386167" lon="16.98403833">
        <ele>232.3</ele>
        <time>2025-07-30T07:58:32Z</time>
      </trkpt>
      <trkpt lat="47.243765" lon="16.98406333">
        <ele>233.9</ele>
        <time>2025-07-30T07:58:40Z</time>
      </trkpt>
      <trkpt lat="47.24367833" lon="16.98411">
        <ele>233.8</ele>
        <time>2025-07-30T07:58:48Z</time>
      </trkpt>
      <trkpt lat="47.24359167" lon="16.98416833">
        <ele>233.1</ele>
        <time>2025-07-30T07:58:55Z</time>
      </trkpt>
      <trkpt lat="47.24349" lon="16.98421167">
        <ele>231.8</ele>
        <time>2025-07-30T07:59:03Z</time>
      </trkpt>
      <trkpt lat="47.24339" lon="16.984255">
        <ele>230.5</ele>
        <time>2025-07-30T07:59:10Z</time>
      </trkpt>
      <trkpt lat="47.24330333" lon="16.98430333">
        <ele>228.3</ele>
        <time>2025-07-30T07:59:18Z</time>
      </trkpt>
      <trkpt lat="47.243215" lon="16.98435833">
        <ele>228</ele>
        <time>2025-07-30T07:59:27Z</time>
      </trkpt>
      <trkpt lat="47.24312" lon="16.9844">
        <ele>228.3</ele>
        <time>2025-07-30T07:59:35Z</time>
      </trkpt>
      <trkpt lat="47.24302167" lon="16.984425">
        <ele>230.9</ele>
        <time>2025-07-30T08:00:16Z</time>
      </trkpt>
      <trkpt lat="47.24292333" lon="16.98443167">
        <ele>229.8</ele>
        <time>2025-07-30T08:00:31Z</time>
      </trkpt>
      <trkpt lat="47.24283167" lon="16.98446167">
        <ele>229.1</ele>
        <time>2025-07-30T08:00:40Z</time>
      </trkpt>
      <trkpt lat="47.24274833" lon="16.98451167">
        <ele>229.3</ele>
        <time>2025-07-30T08:00:49Z</time>
      </trkpt>
      <trkpt lat="47.24265667" lon="16.98454667">
        <ele>227.7</ele>
        <time>2025-07-30T08:00:58Z</time>
      </trkpt>
      <trkpt lat="47.24256667" lon="16.98457833">
        <ele>225.4</ele>
        <time>2025-07-30T08:01:11Z</time>
      </trkpt>
      <trkpt lat="47.24247667" lon="16.98459667">
        <ele>224.6</ele>
        <time>2025-07-30T08:01:17Z</time>
      </trkpt>
      <trkpt lat="47.24239" lon="16.98464">
        <ele>224.2</ele>
        <time>2025-07-30T08:01:23Z</time>
      </trkpt>
      <trkpt lat="47.24231" lon="16.98470167">
        <ele>225.5</ele>
        <time>2025-07-30T08:01:31Z</time>
      </trkpt>
      <trkpt lat="47.24222" lon="16.98474333">
        <ele>226.1</ele>
        <time>2025-07-30T08:01:40Z</time>
      </trkpt>
      <trkpt lat="47.24212" lon="16.98476667">
        <ele>225.8</ele>
        <time>2025-07-30T08:01:48Z</time>
      </trkpt>
      <trkpt lat="47.24203" lon="16.984815">
        <ele>225.9</ele>
        <time>2025-07-30T08:01:56Z</time>
      </trkpt>
      <trkpt lat="47.24192667" lon="16.98486167">
        <ele>223.7</ele>
        <time>2025-07-30T08:02:05Z</time>
      </trkpt>
      <trkpt lat="47.24183333" lon="16.98489667">
        <ele>223.4</ele>
        <time>2025-07-30T08:02:12Z</time>
      </trkpt>
      <trkpt lat="47.24173667" lon="16.984915">
        <ele>225.7</ele>
        <time>2025-07-30T08:02:18Z</time>
      </trkpt>
      <trkpt lat="47.24164333" lon="16.984955">
        <ele>226.5</ele>
        <time>2025-07-30T08:02:26Z</time>
      </trkpt>
      <trkpt lat="47.24154833" lon="16.98499667">
        <ele>225.3</ele>
        <time>2025-07-30T08:02:35Z</time>
      </trkpt>
      <trkpt lat="47.24145833" lon="16.98502833">
        <ele>225.4</ele>
        <time>2025-07-30T08:02:43Z</time>
      </trkpt>
      <trkpt lat="47.24137" lon="16.98507333">
        <ele>225</ele>
        <time>2025-07-30T08:02:49Z</time>
      </trkpt>
      <trkpt lat="47.24128833" lon="16.98513333">
        <ele>225</ele>
        <time>2025-07-30T08:02:55Z</time>
      </trkpt>
      <trkpt lat="47.24120667" lon="16.985195">
        <ele>224.3</ele>
        <time>2025-07-30T08:03:03Z</time>
      </trkpt>
      <trkpt lat="47.24111833" lon="16.98524167">
        <ele>224.3</ele>
        <time>2025-07-30T08:03:10Z</time>
      </trkpt>
      <trkpt lat="47.24102333" lon="16.98527833">
        <ele>224.4</ele>
        <time>2025-07-30T08:03:19Z</time>
      </trkpt>
      <trkpt lat="47.24092833" lon="16.98531833">
        <ele>225.4</ele>
        <time>2025-07-30T08:03:26Z</time>
      </trkpt>
      <trkpt lat="47.240835" lon="16.98534333">
        <ele>224.1</ele>
        <time>2025-07-30T08:03:37Z</time>
      </trkpt>
      <trkpt lat="47.24078167" lon="16.98545167">
        <ele>220.4</ele>
        <time>2025-07-30T08:04:22Z</time>
      </trkpt>
      <trkpt lat="47.24069" lon="16.98544833">
        <ele>221</ele>
        <time>2025-07-30T08:04:29Z</time>
      </trkpt>
      <trkpt lat="47.24059" lon="16.98548">
        <ele>221.6</ele>
        <time>2025-07-30T08:04:37Z</time>
      </trkpt>
      <trkpt lat="47.240495" lon="16.98552833">
        <ele>221.9</ele>
        <time>2025-07-30T08:04:45Z</time>
      </trkpt>
      <trkpt lat="47.24039833" lon="16.98555667">
        <ele>222.8</ele>
        <time>2025-07-30T08:04:54Z</time>
      </trkpt>
      <trkpt lat="47.24030333" lon="16.985615">
        <ele>221.9</ele>
        <time>2025-07-30T08:05:02Z</time>
      </trkpt>
      <trkpt lat="47.24020667" lon="16.98564333">
        <ele>221.4</ele>
        <time>2025-07-30T08:05:10Z</time>
      </trkpt>
      <trkpt lat="47.24010833" lon="16.98566833">
        <ele>220.8</ele>
        <time>2025-07-30T08:05:17Z</time>
      </trkpt>
      <trkpt lat="47.24001333" lon="16.98569667">
        <ele>220</ele>
        <time>2025-07-30T08:05:25Z</time>
      </trkpt>
      <trkpt lat="47.23991833" lon="16.98573833">
        <ele>217.9</ele>
        <time>2025-07-30T08:05:32Z</time>
      </trkpt>
      <trkpt lat="47.23983" lon="16.98579667">
        <ele>218.5</ele>
        <time>2025-07-30T08:05:41Z</time>
      </trkpt>
      <trkpt lat="47.23974333" lon="16.98585667">
        <ele>218.4</ele>
        <time>2025-07-30T08:05:48Z</time>
      </trkpt>
      <trkpt lat="47.23966" lon="16.98591667">
        <ele>215</ele>
        <time>2025-07-30T08:05:58Z</time>
      </trkpt>
      <trkpt lat="47.23956333" lon="16.98592833">
        <ele>213.8</ele>
        <time>2025-07-30T08:06:36Z</time>
      </trkpt>
      <trkpt lat="47.23949167" lon="16.98601">
        <ele>214.6</ele>
        <time>2025-07-30T08:06:43Z</time>
      </trkpt>
      <trkpt lat="47.239485" lon="16.986155">
        <ele>214.2</ele>
        <time>2025-07-30T08:06:50Z</time>
      </trkpt>
      <trkpt lat="47.23949667" lon="16.98629333">
        <ele>216.8</ele>
        <time>2025-07-30T08:06:57Z</time>
      </trkpt>
      <trkpt lat="47.23950667" lon="16.986425">
        <ele>220.3</ele>
        <time>2025-07-30T08:07:05Z</time>
      </trkpt>
      <trkpt lat="47.239515" lon="16.98656">
        <ele>221.4</ele>
        <time>2025-07-30T08:07:13Z</time>
      </trkpt>
      <trkpt lat="47.23952167" lon="16.986695">
        <ele>220.8</ele>
        <time>2025-07-30T08:07:20Z</time>
      </trkpt>
      <trkpt lat="47.23955333" lon="16.98682833">
        <ele>219.3</ele>
        <time>2025-07-30T08:07:29Z</time>
      </trkpt>
      <trkpt lat="47.23958" lon="16.986965">
        <ele>217.9</ele>
        <time>2025-07-30T08:07:37Z</time>
      </trkpt>
      <trkpt lat="47.23961" lon="16.9871">
        <ele>218</ele>
        <time>2025-07-30T08:07:46Z</time>
      </trkpt>
      <trkpt lat="47.23963167" lon="16.98723333">
        <ele>219.3</ele>
        <time>2025-07-30T08:07:54Z</time>
      </trkpt>
      <trkpt lat="47.23966167" lon="16.98735833">
        <ele>219.5</ele>
        <time>2025-07-30T08:08:02Z</time>
      </trkpt>
      <trkpt lat="47.23967333" lon="16.987495">
        <ele>219.2</ele>
        <time>2025-07-30T08:08:09Z</time>
      </trkpt>
      <trkpt lat="47.23970167" lon="16.98763333">
        <ele>218.4</ele>
        <time>2025-07-30T08:08:17Z</time>
      </trkpt>
      <trkpt lat="47.23972" lon="16.98777667">
        <ele>217.6</ele>
        <time>2025-07-30T08:08:25Z</time>
      </trkpt>
      <trkpt lat="47.23974667" lon="16.98791167">
        <ele>217.1</ele>
        <time>2025-07-30T08:08:33Z</time>
      </trkpt>
      <trkpt lat="47.23977167" lon="16.98805">
        <ele>216.2</ele>
        <time>2025-07-30T08:08:42Z</time>
      </trkpt>
      <trkpt lat="47.23979167" lon="16.98818333">
        <ele>216.6</ele>
        <time>2025-07-30T08:08:49Z</time>
      </trkpt>
      <trkpt lat="47.23981667" lon="16.98832333">
        <ele>217.9</ele>
        <time>2025-07-30T08:08:56Z</time>
      </trkpt>
      <trkpt lat="47.23984" lon="16.988465">
        <ele>218.2</ele>
        <time>2025-07-30T08:09:04Z</time>
      </trkpt>
      <trkpt lat="47.23986167" lon="16.98861">
        <ele>219.2</ele>
        <time>2025-07-30T08:09:11Z</time>
      </trkpt>
      <trkpt lat="47.239875" lon="16.98874667">
        <ele>219.4</ele>
        <time>2025-07-30T08:09:18Z</time>
      </trkpt>
      <trkpt lat="47.23989167" lon="16.98889">
        <ele>220.2</ele>
        <time>2025-07-30T08:09:26Z</time>
      </trkpt>
      <trkpt lat="47.23991667" lon="16.98903667">
        <ele>218.9</ele>
        <time>2025-07-30T08:09:35Z</time>
      </trkpt>
      <trkpt lat="47.23994667" lon="16.98918333">
        <ele>218.2</ele>
        <time>2025-07-30T08:09:43Z</time>
      </trkpt>
      <trkpt lat="47.23996667" lon="16.98931667">
        <ele>218.4</ele>
        <time>2025-07-30T08:09:50Z</time>
      </trkpt>
      <trkpt lat="47.23999167" lon="16.98945333">
        <ele>218.1</ele>
        <time>2025-07-30T08:09:58Z</time>
      </trkpt>
      <trkpt lat="47.24003" lon="16.98958167">
        <ele>217</ele>
        <time>2025-07-30T08:10:07Z</time>
      </trkpt>
      <trkpt lat="47.24006167" lon="16.98971667">
        <ele>214.9</ele>
        <time>2025-07-30T08:10:16Z</time>
      </trkpt>
      <trkpt lat="47.24011167" lon="16.98983">
        <ele>213.1</ele>
        <time>2025-07-30T08:10:24Z</time>
      </trkpt>
      <trkpt lat="47.24011167" lon="16.98996833">
        <ele>212.8</ele>
        <time>2025-07-30T08:10:31Z</time>
      </trkpt>
      <trkpt lat="47.24012667" lon="16.99011833">
        <ele>213.6</ele>
        <time>2025-07-30T08:10:39Z</time>
      </trkpt>
      <trkpt lat="47.24012833" lon="16.99025833">
        <ele>212.5</ele>
        <time>2025-07-30T08:10:49Z</time>
      </trkpt>
      <trkpt lat="47.24014833" lon="16.99039167">
        <ele>211.7</ele>
        <time>2025-07-30T08:10:57Z</time>
      </trkpt>
      <trkpt lat="47.24017167" lon="16.99052333">
        <ele>212.4</ele>
        <time>2025-07-30T08:11:04Z</time>
      </trkpt>
      <trkpt lat="47.24019167" lon="16.99065667">
        <ele>213.9</ele>
        <time>2025-07-30T08:11:10Z</time>
      </trkpt>
      <trkpt lat="47.24022333" lon="16.99079167">
        <ele>214.4</ele>
        <time>2025-07-30T08:11:18Z</time>
      </trkpt>
      <trkpt lat="47.24023667" lon="16.99092667">
        <ele>213.6</ele>
        <time>2025-07-30T08:11:25Z</time>
      </trkpt>
      <trkpt lat="47.240245" lon="16.99108">
        <ele>215.7</ele>
        <time>2025-07-30T08:11:33Z</time>
      </trkpt>
      <trkpt lat="47.24024667" lon="16.99121667">
        <ele>217.5</ele>
        <time>2025-07-30T08:11:40Z</time>
      </trkpt>
      <trkpt lat="47.24029" lon="16.99133667">
        <ele>215.9</ele>
        <time>2025-07-30T08:11:49Z</time>
      </trkpt>
      <trkpt lat="47.24033667" lon="16.99146">
        <ele>216.1</ele>
        <time>2025-07-30T08:11:59Z</time>
      </trkpt>
      <trkpt lat="47.24037" lon="16.99158667">
        <ele>215.1</ele>
        <time>2025-07-30T08:12:07Z</time>
      </trkpt>
      <trkpt lat="47.24039667" lon="16.991715">
        <ele>213.9</ele>
        <time>2025-07-30T08:12:15Z</time>
      </trkpt>
      <trkpt lat="47.24043333" lon="16.99184167">
        <ele>209.9</ele>
        <time>2025-07-30T08:12:25Z</time>
      </trkpt>
      <trkpt lat="47.240445" lon="16.99197833">
        <ele>207.5</ele>
        <time>2025-07-30T08:12:32Z</time>
      </trkpt>
      <trkpt lat="47.24046833" lon="16.99210833">
        <ele>208.2</ele>
        <time>2025-07-30T08:12:37Z</time>
      </trkpt>
      <trkpt lat="47.24049167" lon="16.99223667">
        <ele>209</ele>
        <time>2025-07-30T08:12:45Z</time>
      </trkpt>
      <trkpt lat="47.24050667" lon="16.99237">
        <ele>209.7</ele>
        <time>2025-07-30T08:12:53Z</time>
      </trkpt>
      <trkpt lat="47.24053333" lon="16.99250833">
        <ele>209.4</ele>
        <time>2025-07-30T08:13:01Z</time>
      </trkpt>
      <trkpt lat="47.24055333" lon="16.99265167">
        <ele>208.9</ele>
        <time>2025-07-30T08:13:10Z</time>
      </trkpt>
      <trkpt lat="47.24057833" lon="16.992795">
        <ele>208.7</ele>
        <time>2025-07-30T08:13:18Z</time>
      </trkpt>
      <trkpt lat="47.24058167" lon="16.99294333">
        <ele>209.1</ele>
        <time>2025-07-30T08:13:25Z</time>
      </trkpt>
      <trkpt lat="47.24058833" lon="16.99309167">
        <ele>209.1</ele>
        <time>2025-07-30T08:13:31Z</time>
      </trkpt>
      <trkpt lat="47.240605" lon="16.99323667">
        <ele>208.5</ele>
        <time>2025-07-30T08:13:39Z</time>
      </trkpt>
      <trkpt lat="47.240625" lon="16.99337333">
        <ele>207.1</ele>
        <time>2025-07-30T08:13:47Z</time>
      </trkpt>
      <trkpt lat="47.24064833" lon="16.99351833">
        <ele>205.7</ele>
        <time>2025-07-30T08:13:55Z</time>
      </trkpt>
      <trkpt lat="47.24066667" lon="16.99366333">
        <ele>206</ele>
        <time>2025-07-30T08:14:02Z</time>
      </trkpt>
      <trkpt lat="47.24070667" lon="16.99381667">
        <ele>206.1</ele>
        <time>2025-07-30T08:14:11Z</time>
      </trkpt>
      <trkpt lat="47.24075167" lon="16.99393833">
        <ele>207.2</ele>
        <time>2025-07-30T08:14:21Z</time>
      </trkpt>
      <trkpt lat="47.24077833" lon="16.994075">
        <ele>205.7</ele>
        <time>2025-07-30T08:14:31Z</time>
      </trkpt>
      <trkpt lat="47.240775" lon="16.99420833">
        <ele>203.8</ele>
        <time>2025-07-30T08:14:40Z</time>
      </trkpt>
      <trkpt lat="47.240785" lon="16.994345">
        <ele>203.6</ele>
        <time>2025-07-30T08:14:49Z</time>
      </trkpt>
      <trkpt lat="47.24081" lon="16.99447333">
        <ele>205.2</ele>
        <time>2025-07-30T08:14:55Z</time>
      </trkpt>
      <trkpt lat="47.24083333" lon="16.99460667">
        <ele>205.6</ele>
        <time>2025-07-30T08:15:03Z</time>
      </trkpt>
      <trkpt lat="47.24084833" lon="16.99474333">
        <ele>204.8</ele>
        <time>2025-07-30T08:15:10Z</time>
      </trkpt>
      <trkpt lat="47.24086833" lon="16.994875">
        <ele>203.9</ele>
        <time>2025-07-30T08:15:18Z</time>
      </trkpt>
      <trkpt lat="47.24092" lon="16.99498833">
        <ele>212.7</ele>
        <time>2025-07-30T08:16:11Z</time>
      </trkpt>
      <trkpt lat="47.240915" lon="16.99512833">
        <ele>210.2</ele>
        <time>2025-07-30T08:16:23Z</time>
      </trkpt>
      <trkpt lat="47.240915" lon="16.99527833">
        <ele>209.4</ele>
        <time>2025-07-30T08:16:31Z</time>
      </trkpt>
      <trkpt lat="47.24092833" lon="16.99542833">
        <ele>209.6</ele>
        <time>2025-07-30T08:16:38Z</time>
      </trkpt>
      <trkpt lat="47.24094167" lon="16.99557167">
        <ele>209.2</ele>
        <time>2025-07-30T08:16:45Z</time>
      </trkpt>
      <trkpt lat="47.24098" lon="16.99569167">
        <ele>207.8</ele>
        <time>2025-07-30T08:16:52Z</time>
      </trkpt>
      <trkpt lat="47.24100333" lon="16.99582167">
        <ele>208.8</ele>
        <time>2025-07-30T08:16:58Z</time>
      </trkpt>
      <trkpt lat="47.24103833" lon="16.99594833">
        <ele>208.6</ele>
        <time>2025-07-30T08:17:06Z</time>
      </trkpt>
      <trkpt lat="47.240995" lon="16.99608167">
        <ele>208.1</ele>
        <time>2025-07-30T08:17:14Z</time>
      </trkpt>
      <trkpt lat="47.24098667" lon="16.99622833">
        <ele>206.9</ele>
        <time>2025-07-30T08:17:22Z</time>
      </trkpt>
      <trkpt lat="47.240985" lon="16.996365">
        <ele>206.7</ele>
        <time>2025-07-30T08:17:29Z</time>
      </trkpt>
      <trkpt lat="47.24098833" lon="16.99651167">
        <ele>208.2</ele>
        <time>2025-07-30T08:17:36Z</time>
      </trkpt>
      <trkpt lat="47.240995" lon="16.996645">
        <ele>207.9</ele>
        <time>2025-07-30T08:17:42Z</time>
      </trkpt>
      <trkpt lat="47.241" lon="16.99677833">
        <ele>209.3</ele>
        <time>2025-07-30T08:17:48Z</time>
      </trkpt>
      <trkpt lat="47.241045" lon="16.9969">
        <ele>239.9</ele>
        <time>2025-07-30T08:17:51Z</time>
      </trkpt>
      <trkpt lat="47.24100667" lon="16.99703333">
        <ele>238.6</ele>
        <time>2025-07-30T08:17:58Z</time>
      </trkpt>
      <trkpt lat="47.24101667" lon="16.99718333">
        <ele>231.1</ele>
        <time>2025-07-30T08:18:07Z</time>
      </trkpt>
      <trkpt lat="47.24101667" lon="16.99731667">
        <ele>225.9</ele>
        <time>2025-07-30T08:18:15Z</time>
      </trkpt>
      <trkpt lat="47.241035" lon="16.997465">
        <ele>223.9</ele>
        <time>2025-07-30T08:18:24Z</time>
      </trkpt>
      <trkpt lat="47.24103333" lon="16.997605">
        <ele>220.2</ele>
        <time>2025-07-30T08:18:33Z</time>
      </trkpt>
      <trkpt lat="47.24103167" lon="16.99774333">
        <ele>217</ele>
        <time>2025-07-30T08:18:41Z</time>
      </trkpt>
      <trkpt lat="47.24100333" lon="16.99787">
        <ele>214.8</ele>
        <time>2025-07-30T08:18:50Z</time>
      </trkpt>
      <trkpt lat="47.240995" lon="16.99801833">
        <ele>215.1</ele>
        <time>2025-07-30T08:18:58Z</time>
      </trkpt>
      <trkpt lat="47.24099833" lon="16.99815667">
        <ele>213.2</ele>
        <time>2025-07-30T08:19:08Z</time>
      </trkpt>
      <trkpt lat="47.24098667" lon="16.99829167">
        <ele>212.5</ele>
        <time>2025-07-30T08:19:15Z</time>
      </trkpt>
      <trkpt lat="47.24099167" lon="16.998435">
        <ele>211.8</ele>
        <time>2025-07-30T08:19:23Z</time>
      </trkpt>
      <trkpt lat="47.24099167" lon="16.99857333">
        <ele>210.2</ele>
        <time>2025-07-30T08:19:33Z</time>
      </trkpt>
      <trkpt lat="47.24101" lon="16.99871">
        <ele>211.6</ele>
        <time>2025-07-30T08:19:39Z</time>
      </trkpt>
      <trkpt lat="47.24100667" lon="16.99885">
        <ele>213.4</ele>
        <time>2025-07-30T08:19:45Z</time>
      </trkpt>
      <trkpt lat="47.24099667" lon="16.99898833">
        <ele>214.9</ele>
        <time>2025-07-30T08:19:58Z</time>
      </trkpt>
      <trkpt lat="47.24093833" lon="16.99911167">
        <ele>212</ele>
        <time>2025-07-30T08:20:06Z</time>
      </trkpt>
      <trkpt lat="47.24094333" lon="16.99925833">
        <ele>210.5</ele>
        <time>2025-07-30T08:20:13Z</time>
      </trkpt>
      <trkpt lat="47.240965" lon="16.99940667">
        <ele>211.5</ele>
        <time>2025-07-30T08:20:21Z</time>
      </trkpt>
      <trkpt lat="47.24096833" lon="16.99955333">
        <ele>211.6</ele>
        <time>2025-07-30T08:20:27Z</time>
      </trkpt>
      <trkpt lat="47.24093333" lon="16.99968">
        <ele>212.2</ele>
        <time>2025-07-30T08:20:36Z</time>
      </trkpt>
      <trkpt lat="47.24093167" lon="16.99981667">
        <ele>211.5</ele>
        <time>2025-07-30T08:20:48Z</time>
      </trkpt>
      <trkpt lat="47.24091667" lon="16.99995">
        <ele>211.6</ele>
        <time>2025-07-30T08:20:55Z</time>
      </trkpt>
      <trkpt lat="47.24093167" lon="17.00009">
        <ele>212.5</ele>
        <time>2025-07-30T08:21:03Z</time>
      </trkpt>
      <trkpt lat="47.24093833" lon="17.00023167">
        <ele>213</ele>
        <time>2025-07-30T08:21:10Z</time>
      </trkpt>
      <trkpt lat="47.24090833" lon="17.00038167">
        <ele>214.3</ele>
        <time>2025-07-30T08:21:18Z</time>
      </trkpt>
      <trkpt lat="47.24087" lon="17.00050333">
        <ele>217.1</ele>
        <time>2025-07-30T08:21:25Z</time>
      </trkpt>
      <trkpt lat="47.240865" lon="17.00064667">
        <ele>218.1</ele>
        <time>2025-07-30T08:21:31Z</time>
      </trkpt>
      <trkpt lat="47.24089" lon="17.00077833">
        <ele>218.9</ele>
        <time>2025-07-30T08:21:38Z</time>
      </trkpt>
      <trkpt lat="47.24091667" lon="17.00090833">
        <ele>218.6</ele>
        <time>2025-07-30T08:21:46Z</time>
      </trkpt>
      <trkpt lat="47.240935" lon="17.00105333">
        <ele>219.9</ele>
        <time>2025-07-30T08:21:54Z</time>
      </trkpt>
      <trkpt lat="47.24094833" lon="17.00119333">
        <ele>220.2</ele>
        <time>2025-07-30T08:22:02Z</time>
      </trkpt>
      <trkpt lat="47.24096667" lon="17.00133">
        <ele>221.8</ele>
        <time>2025-07-30T08:22:09Z</time>
      </trkpt>
      <trkpt lat="47.24097333" lon="17.00147167">
        <ele>222.3</ele>
        <time>2025-07-30T08:22:18Z</time>
      </trkpt>
      <trkpt lat="47.24098167" lon="17.00161833">
        <ele>223.5</ele>
        <time>2025-07-30T08:22:25Z</time>
      </trkpt>
      <trkpt lat="47.24098833" lon="17.00175833">
        <ele>223</ele>
        <time>2025-07-30T08:22:34Z</time>
      </trkpt>
      <trkpt lat="47.24097667" lon="17.00190333">
        <ele>221.7</ele>
        <time>2025-07-30T08:22:51Z</time>
      </trkpt>
      <trkpt lat="47.24096833" lon="17.00203833">
        <ele>222.3</ele>
        <time>2025-07-30T08:22:58Z</time>
      </trkpt>
      <trkpt lat="47.24097" lon="17.00218167">
        <ele>223.5</ele>
        <time>2025-07-30T08:23:06Z</time>
      </trkpt>
      <trkpt lat="47.24096667" lon="17.00233167">
        <ele>224.2</ele>
        <time>2025-07-30T08:23:13Z</time>
      </trkpt>
      <trkpt lat="47.24098667" lon="17.002475">
        <ele>224.3</ele>
        <time>2025-07-30T08:23:21Z</time>
      </trkpt>
      <trkpt lat="47.240995" lon="17.00261833">
        <ele>224.7</ele>
        <time>2025-07-30T08:23:30Z</time>
      </trkpt>
      <trkpt lat="47.24099" lon="17.00275667">
        <ele>225.1</ele>
        <time>2025-07-30T08:23:37Z</time>
      </trkpt>
      <trkpt lat="47.24097333" lon="17.00290167">
        <ele>226.2</ele>
        <time>2025-07-30T08:23:45Z</time>
      </trkpt>
      <trkpt lat="47.24094667" lon="17.00304333">
        <ele>226.9</ele>
        <time>2025-07-30T08:23:53Z</time>
      </trkpt>
      <trkpt lat="47.24092333" lon="17.00317333">
        <ele>228.1</ele>
        <time>2025-07-30T08:24:00Z</time>
      </trkpt>
      <trkpt lat="47.24092667" lon="17.003325">
        <ele>229.5</ele>
        <time>2025-07-30T08:24:09Z</time>
      </trkpt>
      <trkpt lat="47.24093833" lon="17.00347333">
        <ele>230.5</ele>
        <time>2025-07-30T08:24:18Z</time>
      </trkpt>
      <trkpt lat="47.240945" lon="17.00360667">
        <ele>231.1</ele>
        <time>2025-07-30T08:24:25Z</time>
      </trkpt>
      <trkpt lat="47.24093833" lon="17.00374">
        <ele>231.5</ele>
        <time>2025-07-30T08:24:33Z</time>
      </trkpt>
      <trkpt lat="47.24093333" lon="17.00387833">
        <ele>230.2</ele>
        <time>2025-07-30T08:24:45Z</time>
      </trkpt>
      <trkpt lat="47.24093" lon="17.00402333">
        <ele>230.3</ele>
        <time>2025-07-30T08:24:54Z</time>
      </trkpt>
      <trkpt lat="47.24091833" lon="17.00415667">
        <ele>230.1</ele>
        <time>2025-07-30T08:25:01Z</time>
      </trkpt>
      <trkpt lat="47.24091667" lon="17.00429667">
        <ele>228.9</ele>
        <time>2025-07-30T08:25:10Z</time>
      </trkpt>
      <trkpt lat="47.24089167" lon="17.00443333">
        <ele>228.6</ele>
        <time>2025-07-30T08:25:18Z</time>
      </trkpt>
      <trkpt lat="47.24083333" lon="17.00456333">
        <ele>229.2</ele>
        <time>2025-07-30T08:25:26Z</time>
      </trkpt>
      <trkpt lat="47.24078833" lon="17.00467833">
        <ele>228.4</ele>
        <time>2025-07-30T08:25:32Z</time>
      </trkpt>
      <trkpt lat="47.2408" lon="17.00481333">
        <ele>227.1</ele>
        <time>2025-07-30T08:25:41Z</time>
      </trkpt>
      <trkpt lat="47.24073833" lon="17.00492833">
        <ele>230.3</ele>
        <time>2025-07-30T08:26:09Z</time>
      </trkpt>
      <trkpt lat="47.24064333" lon="17.00498333">
        <ele>230.2</ele>
        <time>2025-07-30T08:26:16Z</time>
      </trkpt>
      <trkpt lat="47.24055667" lon="17.00503167">
        <ele>230.5</ele>
        <time>2025-07-30T08:26:23Z</time>
      </trkpt>
      <trkpt lat="47.24047167" lon="17.00511">
        <ele>230.5</ele>
        <time>2025-07-30T08:26:31Z</time>
      </trkpt>
      <trkpt lat="47.240395" lon="17.00518667">
        <ele>230.9</ele>
        <time>2025-07-30T08:26:38Z</time>
      </trkpt>
      <trkpt lat="47.24031167" lon="17.005255">
        <ele>230.9</ele>
        <time>2025-07-30T08:26:48Z</time>
      </trkpt>
      <trkpt lat="47.24024" lon="17.00534833">
        <ele>229.8</ele>
        <time>2025-07-30T08:26:59Z</time>
      </trkpt>
      <trkpt lat="47.24016167" lon="17.00541833">
        <ele>228.9</ele>
        <time>2025-07-30T08:27:30Z</time>
      </trkpt>
      <trkpt lat="47.24007833" lon="17.005475">
        <ele>229.4</ele>
        <time>2025-07-30T08:27:38Z</time>
      </trkpt>
      <trkpt lat="47.239995" lon="17.00553667">
        <ele>230.2</ele>
        <time>2025-07-30T08:27:49Z</time>
      </trkpt>
      <trkpt lat="47.239905" lon="17.005585">
        <ele>229.5</ele>
        <time>2025-07-30T08:27:55Z</time>
      </trkpt>
      <trkpt lat="47.23981333" lon="17.00565167">
        <ele>228.6</ele>
        <time>2025-07-30T08:28:03Z</time>
      </trkpt>
      <trkpt lat="47.23974" lon="17.00573167">
        <ele>228.9</ele>
        <time>2025-07-30T08:28:10Z</time>
      </trkpt>
      <trkpt lat="47.23967167" lon="17.00581833">
        <ele>229.3</ele>
        <time>2025-07-30T08:28:17Z</time>
      </trkpt>
      <trkpt lat="47.23959167" lon="17.0059">
        <ele>230.6</ele>
        <time>2025-07-30T08:28:25Z</time>
      </trkpt>
      <trkpt lat="47.23950333" lon="17.005975">
        <ele>231.3</ele>
        <time>2025-07-30T08:28:33Z</time>
      </trkpt>
      <trkpt lat="47.239425" lon="17.006055">
        <ele>231.7</ele>
        <time>2025-07-30T08:28:40Z</time>
      </trkpt>
      <trkpt lat="47.23933833" lon="17.00612833">
        <ele>232.5</ele>
        <time>2025-07-30T08:28:49Z</time>
      </trkpt>
      <trkpt lat="47.23925333" lon="17.00619667">
        <ele>232.7</ele>
        <time>2025-07-30T08:28:57Z</time>
      </trkpt>
      <trkpt lat="47.23920333" lon="17.00631167">
        <ele>232.4</ele>
        <time>2025-07-30T08:29:06Z</time>
      </trkpt>
      <trkpt lat="47.23917" lon="17.00644333">
        <ele>233</ele>
        <time>2025-07-30T08:29:14Z</time>
      </trkpt>
      <trkpt lat="47.239125" lon="17.00656">
        <ele>234.2</ele>
        <time>2025-07-30T08:29:22Z</time>
      </trkpt>
      <trkpt lat="47.23905833" lon="17.00667167">
        <ele>234.4</ele>
        <time>2025-07-30T08:29:30Z</time>
      </trkpt>
      <trkpt lat="47.23901833" lon="17.00679667">
        <ele>234.1</ele>
        <time>2025-07-30T08:29:39Z</time>
      </trkpt>
      <trkpt lat="47.23901333" lon="17.00693333">
        <ele>234.2</ele>
        <time>2025-07-30T08:29:51Z</time>
      </trkpt>
      <trkpt lat="47.238975" lon="17.00706167">
        <ele>235</ele>
        <time>2025-07-30T08:29:59Z</time>
      </trkpt>
      <trkpt lat="47.238945" lon="17.00719333">
        <ele>236.2</ele>
        <time>2025-07-30T08:30:06Z</time>
      </trkpt>
      <trkpt lat="47.23892833" lon="17.00732333">
        <ele>236.3</ele>
        <time>2025-07-30T08:30:14Z</time>
      </trkpt>
      <trkpt lat="47.238915" lon="17.00746333">
        <ele>236.3</ele>
        <time>2025-07-30T08:30:22Z</time>
      </trkpt>
      <trkpt lat="47.23890667" lon="17.00759833">
        <ele>237.3</ele>
        <time>2025-07-30T08:30:33Z</time>
      </trkpt>
      <trkpt lat="47.23887333" lon="17.00772667">
        <ele>239.2</ele>
        <time>2025-07-30T08:30:58Z</time>
      </trkpt>
      <trkpt lat="47.23887333" lon="17.00787667">
        <ele>236.1</ele>
        <time>2025-07-30T08:31:07Z</time>
      </trkpt>
      <trkpt lat="47.23886333" lon="17.00801833">
        <ele>235.7</ele>
        <time>2025-07-30T08:31:19Z</time>
      </trkpt>
      <trkpt lat="47.23883" lon="17.00815667">
        <ele>236.9</ele>
        <time>2025-07-30T08:31:26Z</time>
      </trkpt>
      <trkpt lat="47.2388" lon="17.00830167">
        <ele>237.1</ele>
        <time>2025-07-30T08:31:34Z</time>
      </trkpt>
      <trkpt lat="47.23876667" lon="17.00844167">
        <ele>237.6</ele>
        <time>2025-07-30T08:31:41Z</time>
      </trkpt>
      <trkpt lat="47.23874" lon="17.008585">
        <ele>236.9</ele>
        <time>2025-07-30T08:31:48Z</time>
      </trkpt>
      <trkpt lat="47.23869" lon="17.0087">
        <ele>236.2</ele>
        <time>2025-07-30T08:31:59Z</time>
      </trkpt>
      <trkpt lat="47.238615" lon="17.00878667">
        <ele>236.7</ele>
        <time>2025-07-30T08:32:08Z</time>
      </trkpt>
      <trkpt lat="47.23861833" lon="17.00892333">
        <ele>236.2</ele>
        <time>2025-07-30T08:32:18Z</time>
      </trkpt>
      <trkpt lat="47.23863333" lon="17.008935">
        <ele>236.1</ele>
        <time>2025-07-30T08:35:59Z</time>
      </trkpt>
      <trkpt lat="47.23863333" lon="17.008935">
        <ele>236.1</ele>
        <time>2025-07-30T08:38:00Z</time>
      </trkpt>
      <trkpt lat="47.23863833" lon="17.008935">
        <ele>243.6</ele>
        <time>2025-07-30T08:40:01Z</time>
      </trkpt>
      <trkpt lat="47.238645" lon="17.00893167">
        <ele>243.9</ele>
        <time>2025-07-30T08:42:02Z</time>
      </trkpt>
      <trkpt lat="47.23866667" lon="17.008945">
        <ele>241.6</ele>
        <time>2025-07-30T08:44:03Z</time>
      </trkpt>
      <trkpt lat="47.23877667" lon="17.00889">
        <ele>269.5</ele>
        <time>2025-07-30T08:44:16Z</time>
      </trkpt>
      <trkpt lat="47.23867167" lon="17.00894667">
        <ele>246.3</ele>
        <time>2025-07-30T08:44:35Z</time>
      </trkpt>
    </trkseg>
  </trk>
</gpx>