<?xml version='1.0' encoding='UTF-8' standalone='yes' ?>
<gpx xmlns="http://www.topografix.com/GPX/1/1" xmlns:geotracker="http://ilyabogdanovich.com/gpx/extensions/geotracker" xmlns:xsi="http://www.w3.org/2001/XMLSchema-instance" xsi:schemaLocation="http://www.topografix.com/GPX/1/1 http://www.topografix.com/GPX/1/1/gpx.xsd" version="1.1" creator="Recorded in Geo Tracker for Android from Ilya Bogdanovich">
  <metadata>
    <name>w_0706_01</name>
    <author>
      <name>Recorded in Geo Tracker for Android from Ilya Bogdanovich</name>
      <link href="https://play.google.com/store/apps/details?id=com.ilyabogdanovich.geotracker" />
    </author>
    <link href="https://play.google.com/store/apps/details?id=com.ilyabogdanovich.geotracker" />
    <time>2025-07-05T22:00:03Z</time>
  </metadata>
  <wpt lat="47.69045" lon="20.93361667">
    <ele>135.6</ele>
    <time>2025-07-05T22:09:34Z</time>
    <name>Stop for ~2 min</name>
    <desc>Elevation: 136 m
Time from start: 00:09:30
Distance from start: 0,77 km</desc>
    <extensions>
      <geotracker:meta visited="1" />
    </extensions>
  </wpt>
  <wpt lat="47.67228667" lon="20.88551833">
    <ele>135.5</ele>
    <time>2025-07-05T23:06:29Z</time>
    <name>Stop for ~2 min</name>
    <desc>Elevation: 136 m
Time from start: 01:06:25
Distance from start: 5,14 km</desc>
    <extensions>
      <geotracker:meta visited="1" />
    </extensions>
  </wpt>
  <wpt lat="47.667405" lon="20.8226">
    <ele>133</ele>
    <time>2025-07-06T00:09:30Z</time>
    <name>Stop for ~5 min</name>
    <desc>Elevation: 133 m
Time from start: 02:09:26
Distance from start: 9,99 km</desc>
    <extensions>
      <geotracker:meta visited="1" />
    </extensions>
  </wpt>
  <wpt lat="47.65364" lon="20.77346333">
    <ele>135.2</ele>
    <time>2025-07-06T01:37:21Z</time>
    <name>Stop for ~2 min</name>
    <desc>Elevation: 135 m
Time from start: 03:37:17
Distance from start: 15,62 km</desc>
    <extensions>
      <geotracker:meta visited="1" />
    </extensions>
  </wpt>
  <wpt lat="47.63979" lon="20.75484333">
    <ele>131.2</ele>
    <time>2025-07-06T02:12:15Z</time>
    <name>Stop for ~13 min</name>
    <desc>Elevation: 131 m
Time from start: 04:12:11
Distance from start: 17,9 km</desc>
    <extensions>
      <geotracker:meta visited="1" />
    </extensions>
  </wpt>
  <wpt lat="47.63979" lon="20.75484333">
    <ele>131.2</ele>
    <time>2025-07-06T02:12:15Z</time>
    <name>Stop for ~13 min</name>
    <desc>Elevation: 131 m
Time from start: 04:12:11
Distance from start: 17,9 km</desc>
    <extensions>
      <geotracker:meta visited="1" />
    </extensions>
  </wpt>
  <trk>
    <name>w_0706_01</name>
    <src>Recorded in Geo Tracker for Android from Ilya Bogdanovich</src>
    <link href="https://play.google.com/store/apps/details?id=com.ilyabogdanovich.geotracker" />
    <extensions>
      <geotracker:meta>
        <geotracker:length>19878.45</geotracker:length>
        <geotracker:duration>18228413</geotracker:duration>
        <geotracker:creationtime>2025-07-05T22:00:03Z</geotracker:creationtime>
        <geotracker:activity>0</geotracker:activity>
      </geotracker:meta>
    </extensions>
    <trkseg>
      <trkpt lat="47.69401167" lon="20.94193667">
        <ele>136.7</ele>
        <time>2025-07-05T22:00:07Z</time>
      </trkpt>
      <trkpt lat="47.69395" lon="20.94179">
        <ele>138.8</ele>
        <time>2025-07-05T22:00:16Z</time>
      </trkpt>
      <trkpt lat="47.69387" lon="20.94166333">
        <ele>135.2</ele>
        <time>2025-07-05T22:00:24Z</time>
      </trkpt>
      <trkpt lat="47.69381333" lon="20.94154833">
        <ele>135.5</ele>
        <time>2025-07-05T22:00:32Z</time>
      </trkpt>
      <trkpt lat="47.69375" lon="20.94142833">
        <ele>134.6</ele>
        <time>2025-07-05T22:00:40Z</time>
      </trkpt>
      <trkpt lat="47.69368667" lon="20.94133">
        <ele>134.4</ele>
        <time>2025-07-05T22:00:46Z</time>
      </trkpt>
      <trkpt lat="47.69362" lon="20.94122">
        <ele>135.2</ele>
        <time>2025-07-05T22:00:55Z</time>
      </trkpt>
      <trkpt lat="47.693555" lon="20.941105">
        <ele>136.4</ele>
        <time>2025-07-05T22:01:00Z</time>
      </trkpt>
      <trkpt lat="47.693495" lon="20.941">
        <ele>137.9</ele>
        <time>2025-07-05T22:01:07Z</time>
      </trkpt>
      <trkpt lat="47.69342167" lon="20.94088167">
        <ele>137.8</ele>
        <time>2025-07-05T22:01:15Z</time>
      </trkpt>
      <trkpt lat="47.69335167" lon="20.94077333">
        <ele>136.2</ele>
        <time>2025-07-05T22:01:23Z</time>
      </trkpt>
      <trkpt lat="47.69329167" lon="20.94066333">
        <ele>135</ele>
        <time>2025-07-05T22:01:30Z</time>
      </trkpt>
      <trkpt lat="47.69323" lon="20.94055333">
        <ele>135.4</ele>
        <time>2025-07-05T22:01:37Z</time>
      </trkpt>
      <trkpt lat="47.69316333" lon="20.940435">
        <ele>134.9</ele>
        <time>2025-07-05T22:01:45Z</time>
      </trkpt>
      <trkpt lat="47.69311167" lon="20.940325">
        <ele>135.5</ele>
        <time>2025-07-05T22:01:52Z</time>
      </trkpt>
      <trkpt lat="47.69303833" lon="20.94022167">
        <ele>135.1</ele>
        <time>2025-07-05T22:02:00Z</time>
      </trkpt>
      <trkpt lat="47.69297" lon="20.940115">
        <ele>135.7</ele>
        <time>2025-07-05T22:02:07Z</time>
      </trkpt>
      <trkpt lat="47.69289667" lon="20.940005">
        <ele>144.2</ele>
        <time>2025-07-05T22:02:13Z</time>
      </trkpt>
      <trkpt lat="47.69284667" lon="20.93989333">
        <ele>137.8</ele>
        <time>2025-07-05T22:02:20Z</time>
      </trkpt>
      <trkpt lat="47.69277833" lon="20.93979">
        <ele>137.5</ele>
        <time>2025-07-05T22:02:28Z</time>
      </trkpt>
      <trkpt lat="47.69272667" lon="20.93967333">
        <ele>137.8</ele>
        <time>2025-07-05T22:02:36Z</time>
      </trkpt>
      <trkpt lat="47.692655" lon="20.939565">
        <ele>137.8</ele>
        <time>2025-07-05T22:02:43Z</time>
      </trkpt>
      <trkpt lat="47.69258833" lon="20.93945">
        <ele>137.4</ele>
        <time>2025-07-05T22:02:51Z</time>
      </trkpt>
      <trkpt lat="47.692525" lon="20.939355">
        <ele>137.1</ele>
        <time>2025-07-05T22:02:57Z</time>
      </trkpt>
      <trkpt lat="47.69246667" lon="20.939235">
        <ele>137.4</ele>
        <time>2025-07-05T22:03:05Z</time>
      </trkpt>
      <trkpt lat="47.69240333" lon="20.93912333">
        <ele>138.7</ele>
        <time>2025-07-05T22:03:12Z</time>
      </trkpt>
      <trkpt lat="47.69233833" lon="20.93902833">
        <ele>138.9</ele>
        <time>2025-07-05T22:03:19Z</time>
      </trkpt>
      <trkpt lat="47.69227333" lon="20.93891333">
        <ele>138.3</ele>
        <time>2025-07-05T22:03:26Z</time>
      </trkpt>
      <trkpt lat="47.69219667" lon="20.93881167">
        <ele>138.9</ele>
        <time>2025-07-05T22:03:34Z</time>
      </trkpt>
      <trkpt lat="47.69214167" lon="20.938695">
        <ele>138.9</ele>
        <time>2025-07-05T22:03:41Z</time>
      </trkpt>
      <trkpt lat="47.69207667" lon="20.93859333">
        <ele>139.1</ele>
        <time>2025-07-05T22:03:48Z</time>
      </trkpt>
      <trkpt lat="47.69201667" lon="20.938485">
        <ele>139.5</ele>
        <time>2025-07-05T22:03:55Z</time>
      </trkpt>
      <trkpt lat="47.69195333" lon="20.93837833">
        <ele>139.7</ele>
        <time>2025-07-05T22:04:02Z</time>
      </trkpt>
      <trkpt lat="47.691885" lon="20.93828">
        <ele>140.8</ele>
        <time>2025-07-05T22:04:09Z</time>
      </trkpt>
      <trkpt lat="47.69182667" lon="20.938165">
        <ele>139.7</ele>
        <time>2025-07-05T22:04:16Z</time>
      </trkpt>
      <trkpt lat="47.69176167" lon="20.938065">
        <ele>139.9</ele>
        <time>2025-07-05T22:04:23Z</time>
      </trkpt>
      <trkpt lat="47.691695" lon="20.93797333">
        <ele>141.5</ele>
        <time>2025-07-05T22:04:30Z</time>
      </trkpt>
      <trkpt lat="47.69162333" lon="20.937865">
        <ele>141.9</ele>
        <time>2025-07-05T22:04:37Z</time>
      </trkpt>
      <trkpt lat="47.69156333" lon="20.93773833">
        <ele>141.1</ele>
        <time>2025-07-05T22:04:45Z</time>
      </trkpt>
      <trkpt lat="47.69149833" lon="20.93763">
        <ele>141.8</ele>
        <time>2025-07-05T22:04:52Z</time>
      </trkpt>
      <trkpt lat="47.69143333" lon="20.93752167">
        <ele>141.2</ele>
        <time>2025-07-05T22:05:00Z</time>
      </trkpt>
      <trkpt lat="47.69137667" lon="20.93740167">
        <ele>141</ele>
        <time>2025-07-05T22:05:07Z</time>
      </trkpt>
      <trkpt lat="47.691315" lon="20.93730167">
        <ele>140</ele>
        <time>2025-07-05T22:05:14Z</time>
      </trkpt>
      <trkpt lat="47.691245" lon="20.93719167">
        <ele>139.9</ele>
        <time>2025-07-05T22:05:22Z</time>
      </trkpt>
      <trkpt lat="47.691175" lon="20.93708667">
        <ele>140.4</ele>
        <time>2025-07-05T22:05:29Z</time>
      </trkpt>
      <trkpt lat="47.69111833" lon="20.93698">
        <ele>140.1</ele>
        <time>2025-07-05T22:05:36Z</time>
      </trkpt>
      <trkpt lat="47.691055" lon="20.93687167">
        <ele>140.2</ele>
        <time>2025-07-05T22:05:43Z</time>
      </trkpt>
      <trkpt lat="47.69098667" lon="20.93676">
        <ele>141.7</ele>
        <time>2025-07-05T22:05:50Z</time>
      </trkpt>
      <trkpt lat="47.690935" lon="20.93665">
        <ele>142.2</ele>
        <time>2025-07-05T22:05:57Z</time>
      </trkpt>
      <trkpt lat="47.69087" lon="20.93655667">
        <ele>141.4</ele>
        <time>2025-07-05T22:06:04Z</time>
      </trkpt>
      <trkpt lat="47.69081" lon="20.93643167">
        <ele>141.7</ele>
        <time>2025-07-05T22:06:12Z</time>
      </trkpt>
      <trkpt lat="47.69075167" lon="20.93632167">
        <ele>141.7</ele>
        <time>2025-07-05T22:06:19Z</time>
      </trkpt>
      <trkpt lat="47.690715" lon="20.93619333">
        <ele>142.1</ele>
        <time>2025-07-05T22:06:26Z</time>
      </trkpt>
      <trkpt lat="47.69068167" lon="20.93606833">
        <ele>142.2</ele>
        <time>2025-07-05T22:06:33Z</time>
      </trkpt>
      <trkpt lat="47.69064167" lon="20.93594">
        <ele>141.8</ele>
        <time>2025-07-05T22:06:40Z</time>
      </trkpt>
      <trkpt lat="47.69061167" lon="20.93579">
        <ele>141.4</ele>
        <time>2025-07-05T22:06:48Z</time>
      </trkpt>
      <trkpt lat="47.69058333" lon="20.93565">
        <ele>140.7</ele>
        <time>2025-07-05T22:06:56Z</time>
      </trkpt>
      <trkpt lat="47.69054833" lon="20.93551833">
        <ele>140</ele>
        <time>2025-07-05T22:07:04Z</time>
      </trkpt>
      <trkpt lat="47.69053667" lon="20.93537667">
        <ele>139</ele>
        <time>2025-07-05T22:07:11Z</time>
      </trkpt>
      <trkpt lat="47.69050833" lon="20.93524333">
        <ele>139.8</ele>
        <time>2025-07-05T22:07:18Z</time>
      </trkpt>
      <trkpt lat="47.69049833" lon="20.93510833">
        <ele>139.7</ele>
        <time>2025-07-05T22:07:25Z</time>
      </trkpt>
      <trkpt lat="47.69046667" lon="20.93498333">
        <ele>141.2</ele>
        <time>2025-07-05T22:07:32Z</time>
      </trkpt>
      <trkpt lat="47.690455" lon="20.93484833">
        <ele>141</ele>
        <time>2025-07-05T22:07:39Z</time>
      </trkpt>
      <trkpt lat="47.69044167" lon="20.93470667">
        <ele>140.2</ele>
        <time>2025-07-05T22:07:46Z</time>
      </trkpt>
      <trkpt lat="47.69043167" lon="20.93456333">
        <ele>142.6</ele>
        <time>2025-07-05T22:07:54Z</time>
      </trkpt>
      <trkpt lat="47.69040833" lon="20.93442667">
        <ele>146.2</ele>
        <time>2025-07-05T22:08:00Z</time>
      </trkpt>
      <trkpt lat="47.69040833" lon="20.93428833">
        <ele>139.2</ele>
        <time>2025-07-05T22:08:08Z</time>
      </trkpt>
      <trkpt lat="47.69042667" lon="20.93413833">
        <ele>139.4</ele>
        <time>2025-07-05T22:08:15Z</time>
      </trkpt>
      <trkpt lat="47.690435" lon="20.93399833">
        <ele>138.8</ele>
        <time>2025-07-05T22:08:23Z</time>
      </trkpt>
      <trkpt lat="47.69044" lon="20.93386333">
        <ele>139.3</ele>
        <time>2025-07-05T22:08:30Z</time>
      </trkpt>
      <trkpt lat="47.69040833" lon="20.93373833">
        <ele>138</ele>
        <time>2025-07-05T22:08:49Z</time>
      </trkpt>
      <trkpt lat="47.69045" lon="20.93361667">
        <ele>135.6</ele>
        <time>2025-07-05T22:09:34Z</time>
      </trkpt>
      <trkpt lat="47.69046167" lon="20.93350167">
        <ele>140.2</ele>
        <time>2025-07-05T22:11:42Z</time>
      </trkpt>
      <trkpt lat="47.69046167" lon="20.93335667">
        <ele>140.3</ele>
        <time>2025-07-05T22:11:51Z</time>
      </trkpt>
      <trkpt lat="47.69047167" lon="20.93321667">
        <ele>139.9</ele>
        <time>2025-07-05T22:12:00Z</time>
      </trkpt>
      <trkpt lat="47.6905" lon="20.93308667">
        <ele>138.8</ele>
        <time>2025-07-05T22:12:06Z</time>
      </trkpt>
      <trkpt lat="47.69052333" lon="20.932955">
        <ele>137.9</ele>
        <time>2025-07-05T22:12:13Z</time>
      </trkpt>
      <trkpt lat="47.69053333" lon="20.932805">
        <ele>138.5</ele>
        <time>2025-07-05T22:12:20Z</time>
      </trkpt>
      <trkpt lat="47.690545" lon="20.93266667">
        <ele>141.1</ele>
        <time>2025-07-05T22:12:27Z</time>
      </trkpt>
      <trkpt lat="47.69056167" lon="20.93252833">
        <ele>139.3</ele>
        <time>2025-07-05T22:12:35Z</time>
      </trkpt>
      <trkpt lat="47.69057167" lon="20.93238">
        <ele>138.8</ele>
        <time>2025-07-05T22:12:44Z</time>
      </trkpt>
      <trkpt lat="47.69058667" lon="20.93223333">
        <ele>139</ele>
        <time>2025-07-05T22:12:52Z</time>
      </trkpt>
      <trkpt lat="47.69060333" lon="20.93209333">
        <ele>139.6</ele>
        <time>2025-07-05T22:12:59Z</time>
      </trkpt>
      <trkpt lat="47.69064" lon="20.93196667">
        <ele>140</ele>
        <time>2025-07-05T22:13:06Z</time>
      </trkpt>
      <trkpt lat="47.690655" lon="20.93183333">
        <ele>139.3</ele>
        <time>2025-07-05T22:13:14Z</time>
      </trkpt>
      <trkpt lat="47.69066167" lon="20.93169333">
        <ele>139.1</ele>
        <time>2025-07-05T22:13:28Z</time>
      </trkpt>
      <trkpt lat="47.69068" lon="20.93154833">
        <ele>140.7</ele>
        <time>2025-07-05T22:13:36Z</time>
      </trkpt>
      <trkpt lat="47.69069667" lon="20.931415">
        <ele>140.5</ele>
        <time>2025-07-05T22:13:43Z</time>
      </trkpt>
      <trkpt lat="47.69070667" lon="20.93127333">
        <ele>140</ele>
        <time>2025-07-05T22:13:50Z</time>
      </trkpt>
      <trkpt lat="47.69071667" lon="20.93114">
        <ele>139.6</ele>
        <time>2025-07-05T22:13:57Z</time>
      </trkpt>
      <trkpt lat="47.69072833" lon="20.93099667">
        <ele>139.7</ele>
        <time>2025-07-05T22:14:05Z</time>
      </trkpt>
      <trkpt lat="47.69073333" lon="20.93086">
        <ele>141</ele>
        <time>2025-07-05T22:14:12Z</time>
      </trkpt>
      <trkpt lat="47.69075833" lon="20.93072667">
        <ele>140</ele>
        <time>2025-07-05T22:14:19Z</time>
      </trkpt>
      <trkpt lat="47.69076333" lon="20.93059167">
        <ele>139.9</ele>
        <time>2025-07-05T22:14:26Z</time>
      </trkpt>
      <trkpt lat="47.69076667" lon="20.93045333">
        <ele>140.5</ele>
        <time>2025-07-05T22:14:34Z</time>
      </trkpt>
      <trkpt lat="47.69076667" lon="20.93030833">
        <ele>141</ele>
        <time>2025-07-05T22:14:41Z</time>
      </trkpt>
      <trkpt lat="47.69078" lon="20.93016">
        <ele>140.1</ele>
        <time>2025-07-05T22:14:48Z</time>
      </trkpt>
      <trkpt lat="47.69078833" lon="20.93001167">
        <ele>138.5</ele>
        <time>2025-07-05T22:14:55Z</time>
      </trkpt>
      <trkpt lat="47.69078167" lon="20.92985">
        <ele>139.5</ele>
        <time>2025-07-05T22:15:04Z</time>
      </trkpt>
      <trkpt lat="47.69078167" lon="20.9297">
        <ele>143.3</ele>
        <time>2025-07-05T22:15:10Z</time>
      </trkpt>
      <trkpt lat="47.690755" lon="20.929555">
        <ele>144.6</ele>
        <time>2025-07-05T22:15:18Z</time>
      </trkpt>
      <trkpt lat="47.69076833" lon="20.92940833">
        <ele>144.5</ele>
        <time>2025-07-05T22:15:26Z</time>
      </trkpt>
      <trkpt lat="47.69075333" lon="20.92925833">
        <ele>142.1</ele>
        <time>2025-07-05T22:15:34Z</time>
      </trkpt>
      <trkpt lat="47.69076" lon="20.92911">
        <ele>141.9</ele>
        <time>2025-07-05T22:15:41Z</time>
      </trkpt>
      <trkpt lat="47.69075333" lon="20.92897167">
        <ele>141.3</ele>
        <time>2025-07-05T22:15:48Z</time>
      </trkpt>
      <trkpt lat="47.69073833" lon="20.92882667">
        <ele>140.1</ele>
        <time>2025-07-05T22:15:55Z</time>
      </trkpt>
      <trkpt lat="47.69073167" lon="20.92869167">
        <ele>139.2</ele>
        <time>2025-07-05T22:16:02Z</time>
      </trkpt>
      <trkpt lat="47.690715" lon="20.92854833">
        <ele>140.1</ele>
        <time>2025-07-05T22:16:09Z</time>
      </trkpt>
      <trkpt lat="47.69071167" lon="20.928405">
        <ele>140.8</ele>
        <time>2025-07-05T22:16:16Z</time>
      </trkpt>
      <trkpt lat="47.69069333" lon="20.92826167">
        <ele>141</ele>
        <time>2025-07-05T22:16:23Z</time>
      </trkpt>
      <trkpt lat="47.69068833" lon="20.92812167">
        <ele>141.4</ele>
        <time>2025-07-05T22:16:30Z</time>
      </trkpt>
      <trkpt lat="47.690675" lon="20.927975">
        <ele>139.2</ele>
        <time>2025-07-05T22:16:38Z</time>
      </trkpt>
      <trkpt lat="47.690665" lon="20.92783167">
        <ele>139.1</ele>
        <time>2025-07-05T22:16:45Z</time>
      </trkpt>
      <trkpt lat="47.69063667" lon="20.92769333">
        <ele>140.9</ele>
        <time>2025-07-05T22:16:53Z</time>
      </trkpt>
      <trkpt lat="47.690615" lon="20.92754833">
        <ele>140.2</ele>
        <time>2025-07-05T22:17:01Z</time>
      </trkpt>
      <trkpt lat="47.69059667" lon="20.927405">
        <ele>141.3</ele>
        <time>2025-07-05T22:17:09Z</time>
      </trkpt>
      <trkpt lat="47.690595" lon="20.92726667">
        <ele>140.2</ele>
        <time>2025-07-05T22:17:16Z</time>
      </trkpt>
      <trkpt lat="47.69059" lon="20.92711833">
        <ele>139</ele>
        <time>2025-07-05T22:17:24Z</time>
      </trkpt>
      <trkpt lat="47.69058167" lon="20.92697333">
        <ele>138.9</ele>
        <time>2025-07-05T22:17:31Z</time>
      </trkpt>
      <trkpt lat="47.69056" lon="20.92683167">
        <ele>138.1</ele>
        <time>2025-07-05T22:17:39Z</time>
      </trkpt>
      <trkpt lat="47.69055833" lon="20.92668167">
        <ele>137.9</ele>
        <time>2025-07-05T22:17:46Z</time>
      </trkpt>
      <trkpt lat="47.690545" lon="20.92653333">
        <ele>136.8</ele>
        <time>2025-07-05T22:17:54Z</time>
      </trkpt>
      <trkpt lat="47.69053167" lon="20.926395">
        <ele>137.5</ele>
        <time>2025-07-05T22:18:01Z</time>
      </trkpt>
      <trkpt lat="47.69052333" lon="20.92625">
        <ele>137.7</ele>
        <time>2025-07-05T22:18:09Z</time>
      </trkpt>
      <trkpt lat="47.6905" lon="20.92610667">
        <ele>136.8</ele>
        <time>2025-07-05T22:18:16Z</time>
      </trkpt>
      <trkpt lat="47.69049167" lon="20.92597333">
        <ele>137.5</ele>
        <time>2025-07-05T22:18:23Z</time>
      </trkpt>
      <trkpt lat="47.69048" lon="20.925835">
        <ele>138.5</ele>
        <time>2025-07-05T22:18:30Z</time>
      </trkpt>
      <trkpt lat="47.69046667" lon="20.92569833">
        <ele>138.3</ele>
        <time>2025-07-05T22:18:37Z</time>
      </trkpt>
      <trkpt lat="47.69045167" lon="20.92555167">
        <ele>138.6</ele>
        <time>2025-07-05T22:18:45Z</time>
      </trkpt>
      <trkpt lat="47.69044667" lon="20.92541167">
        <ele>137.4</ele>
        <time>2025-07-05T22:18:52Z</time>
      </trkpt>
      <trkpt lat="47.69043" lon="20.92526167">
        <ele>138.9</ele>
        <time>2025-07-05T22:19:00Z</time>
      </trkpt>
      <trkpt lat="47.69041833" lon="20.92512333">
        <ele>139</ele>
        <time>2025-07-05T22:19:07Z</time>
      </trkpt>
      <trkpt lat="47.69039833" lon="20.92498667">
        <ele>139.8</ele>
        <time>2025-07-05T22:19:14Z</time>
      </trkpt>
      <trkpt lat="47.69039" lon="20.92485333">
        <ele>138.8</ele>
        <time>2025-07-05T22:19:21Z</time>
      </trkpt>
      <trkpt lat="47.69037333" lon="20.924715">
        <ele>138.9</ele>
        <time>2025-07-05T22:19:28Z</time>
      </trkpt>
      <trkpt lat="47.690365" lon="20.92456833">
        <ele>139.8</ele>
        <time>2025-07-05T22:19:36Z</time>
      </trkpt>
      <trkpt lat="47.69035167" lon="20.92442667">
        <ele>140.8</ele>
        <time>2025-07-05T22:19:43Z</time>
      </trkpt>
      <trkpt lat="47.690335" lon="20.92428333">
        <ele>141</ele>
        <time>2025-07-05T22:20:56Z</time>
      </trkpt>
      <trkpt lat="47.69032833" lon="20.924135">
        <ele>140.3</ele>
        <time>2025-07-05T22:21:04Z</time>
      </trkpt>
      <trkpt lat="47.69028167" lon="20.92397667">
        <ele>139</ele>
        <time>2025-07-05T22:21:14Z</time>
      </trkpt>
      <trkpt lat="47.690275" lon="20.92384167">
        <ele>138.9</ele>
        <time>2025-07-05T22:21:21Z</time>
      </trkpt>
      <trkpt lat="47.69024667" lon="20.92369333">
        <ele>140.6</ele>
        <time>2025-07-05T22:21:29Z</time>
      </trkpt>
      <trkpt lat="47.69024333" lon="20.923545">
        <ele>142.6</ele>
        <time>2025-07-05T22:21:37Z</time>
      </trkpt>
      <trkpt lat="47.69022667" lon="20.92341333">
        <ele>142.4</ele>
        <time>2025-07-05T22:21:45Z</time>
      </trkpt>
      <trkpt lat="47.69021667" lon="20.923275">
        <ele>139</ele>
        <time>2025-07-05T22:21:53Z</time>
      </trkpt>
      <trkpt lat="47.69018667" lon="20.92313167">
        <ele>141.2</ele>
        <time>2025-07-05T22:22:00Z</time>
      </trkpt>
      <trkpt lat="47.69016667" lon="20.92298333">
        <ele>141.9</ele>
        <time>2025-07-05T22:22:09Z</time>
      </trkpt>
      <trkpt lat="47.690145" lon="20.92284167">
        <ele>143</ele>
        <time>2025-07-05T22:22:16Z</time>
      </trkpt>
      <trkpt lat="47.690115" lon="20.92271333">
        <ele>142.5</ele>
        <time>2025-07-05T22:22:23Z</time>
      </trkpt>
      <trkpt lat="47.69009667" lon="20.92257333">
        <ele>140.7</ele>
        <time>2025-07-05T22:22:30Z</time>
      </trkpt>
      <trkpt lat="47.69007167" lon="20.92244167">
        <ele>140.3</ele>
        <time>2025-07-05T22:22:37Z</time>
      </trkpt>
      <trkpt lat="47.69004" lon="20.92230333">
        <ele>139.8</ele>
        <time>2025-07-05T22:22:45Z</time>
      </trkpt>
      <trkpt lat="47.69001" lon="20.92217667">
        <ele>138.6</ele>
        <time>2025-07-05T22:22:52Z</time>
      </trkpt>
      <trkpt lat="47.68997333" lon="20.922055">
        <ele>137.8</ele>
        <time>2025-07-05T22:22:59Z</time>
      </trkpt>
      <trkpt lat="47.689935" lon="20.92193167">
        <ele>138</ele>
        <time>2025-07-05T22:23:06Z</time>
      </trkpt>
      <trkpt lat="47.68991" lon="20.92178333">
        <ele>137.8</ele>
        <time>2025-07-05T22:23:14Z</time>
      </trkpt>
      <trkpt lat="47.68986667" lon="20.92164833">
        <ele>137.2</ele>
        <time>2025-07-05T22:23:21Z</time>
      </trkpt>
      <trkpt lat="47.68982" lon="20.921525">
        <ele>138.5</ele>
        <time>2025-07-05T22:23:28Z</time>
      </trkpt>
      <trkpt lat="47.68978167" lon="20.92139833">
        <ele>139.3</ele>
        <time>2025-07-05T22:23:35Z</time>
      </trkpt>
      <trkpt lat="47.68974167" lon="20.92126833">
        <ele>138.8</ele>
        <time>2025-07-05T22:23:42Z</time>
      </trkpt>
      <trkpt lat="47.689685" lon="20.92114">
        <ele>138.1</ele>
        <time>2025-07-05T22:23:50Z</time>
      </trkpt>
      <trkpt lat="47.68964333" lon="20.92101">
        <ele>138.3</ele>
        <time>2025-07-05T22:23:57Z</time>
      </trkpt>
      <trkpt lat="47.68960333" lon="20.92087833">
        <ele>138</ele>
        <time>2025-07-05T22:24:04Z</time>
      </trkpt>
      <trkpt lat="47.68956167" lon="20.92075833">
        <ele>137.1</ele>
        <time>2025-07-05T22:24:11Z</time>
      </trkpt>
      <trkpt lat="47.68952667" lon="20.920625">
        <ele>138.5</ele>
        <time>2025-07-05T22:24:18Z</time>
      </trkpt>
      <trkpt lat="47.68947833" lon="20.92049333">
        <ele>138.2</ele>
        <time>2025-07-05T22:24:26Z</time>
      </trkpt>
      <trkpt lat="47.68943833" lon="20.92036333">
        <ele>137.5</ele>
        <time>2025-07-05T22:24:33Z</time>
      </trkpt>
      <trkpt lat="47.68939667" lon="20.92024">
        <ele>135.9</ele>
        <time>2025-07-05T22:24:40Z</time>
      </trkpt>
      <trkpt lat="47.68935667" lon="20.92011833">
        <ele>135.2</ele>
        <time>2025-07-05T22:24:47Z</time>
      </trkpt>
      <trkpt lat="47.68930667" lon="20.919985">
        <ele>135.7</ele>
        <time>2025-07-05T22:24:55Z</time>
      </trkpt>
      <trkpt lat="47.68926167" lon="20.91986667">
        <ele>137.4</ele>
        <time>2025-07-05T22:25:02Z</time>
      </trkpt>
      <trkpt lat="47.689225" lon="20.91972667">
        <ele>138.7</ele>
        <time>2025-07-05T22:25:09Z</time>
      </trkpt>
      <trkpt lat="47.689175" lon="20.91961167">
        <ele>139.1</ele>
        <time>2025-07-05T22:25:16Z</time>
      </trkpt>
      <trkpt lat="47.68913" lon="20.919485">
        <ele>139.1</ele>
        <time>2025-07-05T22:25:23Z</time>
      </trkpt>
      <trkpt lat="47.68908" lon="20.91936">
        <ele>139</ele>
        <time>2025-07-05T22:25:30Z</time>
      </trkpt>
      <trkpt lat="47.68903" lon="20.919235">
        <ele>139.7</ele>
        <time>2025-07-05T22:25:38Z</time>
      </trkpt>
      <trkpt lat="47.688995" lon="20.91911">
        <ele>138.7</ele>
        <time>2025-07-05T22:25:45Z</time>
      </trkpt>
      <trkpt lat="47.68896167" lon="20.91898333">
        <ele>137.5</ele>
        <time>2025-07-05T22:25:52Z</time>
      </trkpt>
      <trkpt lat="47.68891833" lon="20.918855">
        <ele>137</ele>
        <time>2025-07-05T22:25:59Z</time>
      </trkpt>
      <trkpt lat="47.688865" lon="20.91873">
        <ele>138.1</ele>
        <time>2025-07-05T22:26:06Z</time>
      </trkpt>
      <trkpt lat="47.68881833" lon="20.91861">
        <ele>138.3</ele>
        <time>2025-07-05T22:26:13Z</time>
      </trkpt>
      <trkpt lat="47.68877333" lon="20.91848667">
        <ele>139.7</ele>
        <time>2025-07-05T22:26:21Z</time>
      </trkpt>
      <trkpt lat="47.68872" lon="20.91837833">
        <ele>139.1</ele>
        <time>2025-07-05T22:26:28Z</time>
      </trkpt>
      <trkpt lat="47.68867167" lon="20.91825167">
        <ele>138.2</ele>
        <time>2025-07-05T22:26:36Z</time>
      </trkpt>
      <trkpt lat="47.68862667" lon="20.91811833">
        <ele>136.9</ele>
        <time>2025-07-05T22:26:43Z</time>
      </trkpt>
      <trkpt lat="47.68857833" lon="20.91799333">
        <ele>138</ele>
        <time>2025-07-05T22:26:50Z</time>
      </trkpt>
      <trkpt lat="47.68852333" lon="20.91786833">
        <ele>137.2</ele>
        <time>2025-07-05T22:26:58Z</time>
      </trkpt>
      <trkpt lat="47.688475" lon="20.917755">
        <ele>137.3</ele>
        <time>2025-07-05T22:27:05Z</time>
      </trkpt>
      <trkpt lat="47.68841667" lon="20.91764167">
        <ele>138.1</ele>
        <time>2025-07-05T22:27:12Z</time>
      </trkpt>
      <trkpt lat="47.68835833" lon="20.91753">
        <ele>137.2</ele>
        <time>2025-07-05T22:27:20Z</time>
      </trkpt>
      <trkpt lat="47.68829167" lon="20.917415">
        <ele>137.1</ele>
        <time>2025-07-05T22:27:27Z</time>
      </trkpt>
      <trkpt lat="47.68826" lon="20.91728667">
        <ele>137</ele>
        <time>2025-07-05T22:27:34Z</time>
      </trkpt>
      <trkpt lat="47.68819333" lon="20.91717167">
        <ele>135.2</ele>
        <time>2025-07-05T22:27:42Z</time>
      </trkpt>
      <trkpt lat="47.68813833" lon="20.917055">
        <ele>133.8</ele>
        <time>2025-07-05T22:27:50Z</time>
      </trkpt>
      <trkpt lat="47.68808167" lon="20.91694167">
        <ele>133.8</ele>
        <time>2025-07-05T22:27:57Z</time>
      </trkpt>
      <trkpt lat="47.68802167" lon="20.91682">
        <ele>133</ele>
        <time>2025-07-05T22:28:05Z</time>
      </trkpt>
      <trkpt lat="47.68796" lon="20.91670833">
        <ele>132.3</ele>
        <time>2025-07-05T22:28:12Z</time>
      </trkpt>
      <trkpt lat="47.6879" lon="20.91659333">
        <ele>131.5</ele>
        <time>2025-07-05T22:28:20Z</time>
      </trkpt>
      <trkpt lat="47.68782833" lon="20.916505">
        <ele>131.6</ele>
        <time>2025-07-05T22:28:27Z</time>
      </trkpt>
      <trkpt lat="47.68775833" lon="20.91640667">
        <ele>130.9</ele>
        <time>2025-07-05T22:28:34Z</time>
      </trkpt>
      <trkpt lat="47.68769" lon="20.91630667">
        <ele>130.8</ele>
        <time>2025-07-05T22:28:41Z</time>
      </trkpt>
      <trkpt lat="47.68762667" lon="20.91619833">
        <ele>131.2</ele>
        <time>2025-07-05T22:28:48Z</time>
      </trkpt>
      <trkpt lat="47.68756" lon="20.91609667">
        <ele>131.5</ele>
        <time>2025-07-05T22:28:55Z</time>
      </trkpt>
      <trkpt lat="47.68750333" lon="20.91598833">
        <ele>131.4</ele>
        <time>2025-07-05T22:29:02Z</time>
      </trkpt>
      <trkpt lat="47.68743333" lon="20.91587833">
        <ele>131.6</ele>
        <time>2025-07-05T22:29:10Z</time>
      </trkpt>
      <trkpt lat="47.68737" lon="20.91577167">
        <ele>130.6</ele>
        <time>2025-07-05T22:29:17Z</time>
      </trkpt>
      <trkpt lat="47.68730667" lon="20.915655">
        <ele>129.9</ele>
        <time>2025-07-05T22:29:25Z</time>
      </trkpt>
      <trkpt lat="47.68723" lon="20.915565">
        <ele>130.7</ele>
        <time>2025-07-05T22:29:32Z</time>
      </trkpt>
      <trkpt lat="47.687165" lon="20.91544333">
        <ele>131</ele>
        <time>2025-07-05T22:29:40Z</time>
      </trkpt>
      <trkpt lat="47.68711" lon="20.91533667">
        <ele>131</ele>
        <time>2025-07-05T22:29:47Z</time>
      </trkpt>
      <trkpt lat="47.68702667" lon="20.91524667">
        <ele>135.1</ele>
        <time>2025-07-05T22:29:55Z</time>
      </trkpt>
      <trkpt lat="47.68697833" lon="20.915115">
        <ele>132.7</ele>
        <time>2025-07-05T22:30:02Z</time>
      </trkpt>
      <trkpt lat="47.68692333" lon="20.914975">
        <ele>129.9</ele>
        <time>2025-07-05T22:30:10Z</time>
      </trkpt>
      <trkpt lat="47.686855" lon="20.91487833">
        <ele>129.1</ele>
        <time>2025-07-05T22:30:17Z</time>
      </trkpt>
      <trkpt lat="47.6868" lon="20.91476167">
        <ele>129.7</ele>
        <time>2025-07-05T22:30:25Z</time>
      </trkpt>
      <trkpt lat="47.68673667" lon="20.91464167">
        <ele>129.5</ele>
        <time>2025-07-05T22:30:33Z</time>
      </trkpt>
      <trkpt lat="47.68667333" lon="20.91454">
        <ele>130</ele>
        <time>2025-07-05T22:30:40Z</time>
      </trkpt>
      <trkpt lat="47.68661167" lon="20.91442167">
        <ele>129.7</ele>
        <time>2025-07-05T22:30:48Z</time>
      </trkpt>
      <trkpt lat="47.68654667" lon="20.91432">
        <ele>129.5</ele>
        <time>2025-07-05T22:30:55Z</time>
      </trkpt>
      <trkpt lat="47.686465" lon="20.91422333">
        <ele>137.9</ele>
        <time>2025-07-05T22:31:04Z</time>
      </trkpt>
      <trkpt lat="47.68641667" lon="20.91409833">
        <ele>140.3</ele>
        <time>2025-07-05T22:31:10Z</time>
      </trkpt>
      <trkpt lat="47.68635833" lon="20.91399333">
        <ele>138</ele>
        <time>2025-07-05T22:31:18Z</time>
      </trkpt>
      <trkpt lat="47.68630333" lon="20.91386667">
        <ele>137.1</ele>
        <time>2025-07-05T22:31:26Z</time>
      </trkpt>
      <trkpt lat="47.686235" lon="20.91375333">
        <ele>138</ele>
        <time>2025-07-05T22:31:34Z</time>
      </trkpt>
      <trkpt lat="47.68616333" lon="20.91365">
        <ele>138</ele>
        <time>2025-07-05T22:31:42Z</time>
      </trkpt>
      <trkpt lat="47.68610333" lon="20.91353">
        <ele>137.2</ele>
        <time>2025-07-05T22:31:49Z</time>
      </trkpt>
      <trkpt lat="47.68604" lon="20.91343">
        <ele>138.5</ele>
        <time>2025-07-05T22:31:57Z</time>
      </trkpt>
      <trkpt lat="47.685975" lon="20.91332833">
        <ele>136.7</ele>
        <time>2025-07-05T22:32:05Z</time>
      </trkpt>
      <trkpt lat="47.68591667" lon="20.91320333">
        <ele>133.7</ele>
        <time>2025-07-05T22:32:13Z</time>
      </trkpt>
      <trkpt lat="47.68585667" lon="20.91308833">
        <ele>132.7</ele>
        <time>2025-07-05T22:32:21Z</time>
      </trkpt>
      <trkpt lat="47.685785" lon="20.91298167">
        <ele>132.2</ele>
        <time>2025-07-05T22:32:29Z</time>
      </trkpt>
      <trkpt lat="47.68572" lon="20.91286333">
        <ele>131.4</ele>
        <time>2025-07-05T22:32:37Z</time>
      </trkpt>
      <trkpt lat="47.685675" lon="20.91274167">
        <ele>131.2</ele>
        <time>2025-07-05T22:32:44Z</time>
      </trkpt>
      <trkpt lat="47.68561333" lon="20.91261833">
        <ele>131.8</ele>
        <time>2025-07-05T22:32:52Z</time>
      </trkpt>
      <trkpt lat="47.68556333" lon="20.91250667">
        <ele>130.7</ele>
        <time>2025-07-05T22:32:59Z</time>
      </trkpt>
      <trkpt lat="47.685525" lon="20.91237333">
        <ele>130.9</ele>
        <time>2025-07-05T22:33:07Z</time>
      </trkpt>
      <trkpt lat="47.68548333" lon="20.91225333">
        <ele>131.7</ele>
        <time>2025-07-05T22:33:14Z</time>
      </trkpt>
      <trkpt lat="47.68542833" lon="20.91212667">
        <ele>133</ele>
        <time>2025-07-05T22:33:22Z</time>
      </trkpt>
      <trkpt lat="47.68537333" lon="20.912005">
        <ele>133.9</ele>
        <time>2025-07-05T22:33:29Z</time>
      </trkpt>
      <trkpt lat="47.685335" lon="20.91186833">
        <ele>135.1</ele>
        <time>2025-07-05T22:33:37Z</time>
      </trkpt>
      <trkpt lat="47.68529667" lon="20.91173333">
        <ele>135.5</ele>
        <time>2025-07-05T22:33:44Z</time>
      </trkpt>
      <trkpt lat="47.68525833" lon="20.91160167">
        <ele>137.3</ele>
        <time>2025-07-05T22:33:51Z</time>
      </trkpt>
      <trkpt lat="47.6852" lon="20.91148667">
        <ele>138.3</ele>
        <time>2025-07-05T22:33:59Z</time>
      </trkpt>
      <trkpt lat="47.685165" lon="20.91135667">
        <ele>137.9</ele>
        <time>2025-07-05T22:34:07Z</time>
      </trkpt>
      <trkpt lat="47.68513" lon="20.91123333">
        <ele>136.3</ele>
        <time>2025-07-05T22:34:15Z</time>
      </trkpt>
      <trkpt lat="47.68509333" lon="20.91110667">
        <ele>136.4</ele>
        <time>2025-07-05T22:34:22Z</time>
      </trkpt>
      <trkpt lat="47.68506" lon="20.91097167">
        <ele>134.5</ele>
        <time>2025-07-05T22:34:30Z</time>
      </trkpt>
      <trkpt lat="47.68503" lon="20.91083667">
        <ele>132.5</ele>
        <time>2025-07-05T22:34:38Z</time>
      </trkpt>
      <trkpt lat="47.68500333" lon="20.91070333">
        <ele>131.2</ele>
        <time>2025-07-05T22:34:46Z</time>
      </trkpt>
      <trkpt lat="47.68496333" lon="20.91056333">
        <ele>130.3</ele>
        <time>2025-07-05T22:34:53Z</time>
      </trkpt>
      <trkpt lat="47.684935" lon="20.91043667">
        <ele>129.4</ele>
        <time>2025-07-05T22:35:00Z</time>
      </trkpt>
      <trkpt lat="47.684895" lon="20.91030167">
        <ele>129.1</ele>
        <time>2025-07-05T22:35:08Z</time>
      </trkpt>
      <trkpt lat="47.68487" lon="20.91017167">
        <ele>128.6</ele>
        <time>2025-07-05T22:35:15Z</time>
      </trkpt>
      <trkpt lat="47.68484" lon="20.910045">
        <ele>126.1</ele>
        <time>2025-07-05T22:35:23Z</time>
      </trkpt>
      <trkpt lat="47.68481" lon="20.90991667">
        <ele>125.6</ele>
        <time>2025-07-05T22:35:30Z</time>
      </trkpt>
      <trkpt lat="47.68478833" lon="20.90977667">
        <ele>124.9</ele>
        <time>2025-07-05T22:35:38Z</time>
      </trkpt>
      <trkpt lat="47.68475167" lon="20.90965">
        <ele>124.8</ele>
        <time>2025-07-05T22:35:45Z</time>
      </trkpt>
      <trkpt lat="47.68470667" lon="20.90953333">
        <ele>125.1</ele>
        <time>2025-07-05T22:35:52Z</time>
      </trkpt>
      <trkpt lat="47.68467667" lon="20.90938833">
        <ele>125.7</ele>
        <time>2025-07-05T22:36:00Z</time>
      </trkpt>
      <trkpt lat="47.68464" lon="20.90926667">
        <ele>126.8</ele>
        <time>2025-07-05T22:36:07Z</time>
      </trkpt>
      <trkpt lat="47.68459333" lon="20.90914667">
        <ele>128.7</ele>
        <time>2025-07-05T22:36:14Z</time>
      </trkpt>
      <trkpt lat="47.684565" lon="20.90901833">
        <ele>129.7</ele>
        <time>2025-07-05T22:36:21Z</time>
      </trkpt>
      <trkpt lat="47.68452" lon="20.90889">
        <ele>131.7</ele>
        <time>2025-07-05T22:36:29Z</time>
      </trkpt>
      <trkpt lat="47.68449" lon="20.90876333">
        <ele>132.2</ele>
        <time>2025-07-05T22:36:36Z</time>
      </trkpt>
      <trkpt lat="47.68445333" lon="20.908635">
        <ele>133.6</ele>
        <time>2025-07-05T22:36:44Z</time>
      </trkpt>
      <trkpt lat="47.68442833" lon="20.908505">
        <ele>134.5</ele>
        <time>2025-07-05T22:36:52Z</time>
      </trkpt>
      <trkpt lat="47.68440333" lon="20.90836333">
        <ele>134</ele>
        <time>2025-07-05T22:36:59Z</time>
      </trkpt>
      <trkpt lat="47.68436333" lon="20.90822667">
        <ele>134.6</ele>
        <time>2025-07-05T22:37:06Z</time>
      </trkpt>
      <trkpt lat="47.68432833" lon="20.90810167">
        <ele>135</ele>
        <time>2025-07-05T22:37:13Z</time>
      </trkpt>
      <trkpt lat="47.68430333" lon="20.90796667">
        <ele>136.7</ele>
        <time>2025-07-05T22:37:20Z</time>
      </trkpt>
      <trkpt lat="47.68426667" lon="20.907835">
        <ele>136.5</ele>
        <time>2025-07-05T22:37:28Z</time>
      </trkpt>
      <trkpt lat="47.68424333" lon="20.907705">
        <ele>136.4</ele>
        <time>2025-07-05T22:37:36Z</time>
      </trkpt>
      <trkpt lat="47.68421833" lon="20.90757667">
        <ele>136.7</ele>
        <time>2025-07-05T22:37:43Z</time>
      </trkpt>
      <trkpt lat="47.68418833" lon="20.90744667">
        <ele>136.2</ele>
        <time>2025-07-05T22:37:50Z</time>
      </trkpt>
      <trkpt lat="47.68416667" lon="20.907315">
        <ele>136.1</ele>
        <time>2025-07-05T22:37:57Z</time>
      </trkpt>
      <trkpt lat="47.684135" lon="20.90719">
        <ele>135.3</ele>
        <time>2025-07-05T22:38:04Z</time>
      </trkpt>
      <trkpt lat="47.684105" lon="20.90704833">
        <ele>133</ele>
        <time>2025-07-05T22:38:14Z</time>
      </trkpt>
      <trkpt lat="47.68407667" lon="20.90691167">
        <ele>132.7</ele>
        <time>2025-07-05T22:38:22Z</time>
      </trkpt>
      <trkpt lat="47.68404167" lon="20.90677167">
        <ele>131.8</ele>
        <time>2025-07-05T22:38:29Z</time>
      </trkpt>
      <trkpt lat="47.68399167" lon="20.90664667">
        <ele>131.7</ele>
        <time>2025-07-05T22:38:36Z</time>
      </trkpt>
      <trkpt lat="47.68397" lon="20.906515">
        <ele>131.5</ele>
        <time>2025-07-05T22:38:44Z</time>
      </trkpt>
      <trkpt lat="47.683935" lon="20.90639167">
        <ele>131.6</ele>
        <time>2025-07-05T22:38:51Z</time>
      </trkpt>
      <trkpt lat="47.68389833" lon="20.90625333">
        <ele>131</ele>
        <time>2025-07-05T22:38:59Z</time>
      </trkpt>
      <trkpt lat="47.683865" lon="20.90611333">
        <ele>129.8</ele>
        <time>2025-07-05T22:39:06Z</time>
      </trkpt>
      <trkpt lat="47.68383333" lon="20.90598333">
        <ele>132.2</ele>
        <time>2025-07-05T22:39:12Z</time>
      </trkpt>
      <trkpt lat="47.68380167" lon="20.905845">
        <ele>137.3</ele>
        <time>2025-07-05T22:39:19Z</time>
      </trkpt>
      <trkpt lat="47.68376667" lon="20.90571833">
        <ele>138.3</ele>
        <time>2025-07-05T22:39:27Z</time>
      </trkpt>
      <trkpt lat="47.68373833" lon="20.90559167">
        <ele>138.8</ele>
        <time>2025-07-05T22:39:35Z</time>
      </trkpt>
      <trkpt lat="47.68371667" lon="20.90546">
        <ele>138.6</ele>
        <time>2025-07-05T22:39:41Z</time>
      </trkpt>
      <trkpt lat="47.683675" lon="20.905325">
        <ele>138.7</ele>
        <time>2025-07-05T22:39:49Z</time>
      </trkpt>
      <trkpt lat="47.68361667" lon="20.90521">
        <ele>139.3</ele>
        <time>2025-07-05T22:39:56Z</time>
      </trkpt>
      <trkpt lat="47.683585" lon="20.90507">
        <ele>139.4</ele>
        <time>2025-07-05T22:40:04Z</time>
      </trkpt>
      <trkpt lat="47.68356" lon="20.90494">
        <ele>139.5</ele>
        <time>2025-07-05T22:40:11Z</time>
      </trkpt>
      <trkpt lat="47.68352333" lon="20.90480667">
        <ele>139.3</ele>
        <time>2025-07-05T22:40:19Z</time>
      </trkpt>
      <trkpt lat="47.683505" lon="20.90465833">
        <ele>136.8</ele>
        <time>2025-07-05T22:40:32Z</time>
      </trkpt>
      <trkpt lat="47.68346333" lon="20.90453333">
        <ele>136.5</ele>
        <time>2025-07-05T22:40:39Z</time>
      </trkpt>
      <trkpt lat="47.68343333" lon="20.90439667">
        <ele>136.5</ele>
        <time>2025-07-05T22:40:46Z</time>
      </trkpt>
      <trkpt lat="47.68340167" lon="20.90426833">
        <ele>137.1</ele>
        <time>2025-07-05T22:40:54Z</time>
      </trkpt>
      <trkpt lat="47.683375" lon="20.90413">
        <ele>136.9</ele>
        <time>2025-07-05T22:41:02Z</time>
      </trkpt>
      <trkpt lat="47.68333667" lon="20.90399833">
        <ele>138.6</ele>
        <time>2025-07-05T22:41:10Z</time>
      </trkpt>
      <trkpt lat="47.6833" lon="20.90387167">
        <ele>139.9</ele>
        <time>2025-07-05T22:41:17Z</time>
      </trkpt>
      <trkpt lat="47.683265" lon="20.90373">
        <ele>140</ele>
        <time>2025-07-05T22:41:25Z</time>
      </trkpt>
      <trkpt lat="47.68323667" lon="20.90360167">
        <ele>140.1</ele>
        <time>2025-07-05T22:41:32Z</time>
      </trkpt>
      <trkpt lat="47.6832" lon="20.90346">
        <ele>139.9</ele>
        <time>2025-07-05T22:41:40Z</time>
      </trkpt>
      <trkpt lat="47.68316833" lon="20.903325">
        <ele>139.5</ele>
        <time>2025-07-05T22:41:48Z</time>
      </trkpt>
      <trkpt lat="47.683145" lon="20.90319">
        <ele>139.1</ele>
        <time>2025-07-05T22:41:56Z</time>
      </trkpt>
      <trkpt lat="47.683115" lon="20.903055">
        <ele>141</ele>
        <time>2025-07-05T22:42:04Z</time>
      </trkpt>
      <trkpt lat="47.683085" lon="20.902915">
        <ele>139.8</ele>
        <time>2025-07-05T22:42:12Z</time>
      </trkpt>
      <trkpt lat="47.68303833" lon="20.90278667">
        <ele>140.2</ele>
        <time>2025-07-05T22:42:20Z</time>
      </trkpt>
      <trkpt lat="47.68300667" lon="20.90264833">
        <ele>139.8</ele>
        <time>2025-07-05T22:42:27Z</time>
      </trkpt>
      <trkpt lat="47.68297667" lon="20.90251167">
        <ele>140.3</ele>
        <time>2025-07-05T22:42:35Z</time>
      </trkpt>
      <trkpt lat="47.68294167" lon="20.90238333">
        <ele>139.2</ele>
        <time>2025-07-05T22:42:42Z</time>
      </trkpt>
      <trkpt lat="47.68290833" lon="20.90225167">
        <ele>139.4</ele>
        <time>2025-07-05T22:42:50Z</time>
      </trkpt>
      <trkpt lat="47.68288333" lon="20.90210667">
        <ele>139.4</ele>
        <time>2025-07-05T22:42:58Z</time>
      </trkpt>
      <trkpt lat="47.68285" lon="20.90197833">
        <ele>139.6</ele>
        <time>2025-07-05T22:43:05Z</time>
      </trkpt>
      <trkpt lat="47.68281833" lon="20.90184">
        <ele>140.9</ele>
        <time>2025-07-05T22:43:13Z</time>
      </trkpt>
      <trkpt lat="47.682785" lon="20.90170167">
        <ele>141.6</ele>
        <time>2025-07-05T22:43:21Z</time>
      </trkpt>
      <trkpt lat="47.68275" lon="20.901575">
        <ele>141.5</ele>
        <time>2025-07-05T22:43:28Z</time>
      </trkpt>
      <trkpt lat="47.68270667" lon="20.901435">
        <ele>142.7</ele>
        <time>2025-07-05T22:43:36Z</time>
      </trkpt>
      <trkpt lat="47.68268333" lon="20.90129667">
        <ele>141.1</ele>
        <time>2025-07-05T22:43:44Z</time>
      </trkpt>
      <trkpt lat="47.68264833" lon="20.90116167">
        <ele>139.6</ele>
        <time>2025-07-05T22:43:52Z</time>
      </trkpt>
      <trkpt lat="47.682605" lon="20.901025">
        <ele>140.7</ele>
        <time>2025-07-05T22:44:00Z</time>
      </trkpt>
      <trkpt lat="47.682575" lon="20.90089">
        <ele>140.3</ele>
        <time>2025-07-05T22:44:08Z</time>
      </trkpt>
      <trkpt lat="47.68254" lon="20.90076167">
        <ele>139.4</ele>
        <time>2025-07-05T22:44:15Z</time>
      </trkpt>
      <trkpt lat="47.682505" lon="20.90063">
        <ele>138.9</ele>
        <time>2025-07-05T22:44:23Z</time>
      </trkpt>
      <trkpt lat="47.68247" lon="20.900505">
        <ele>138.2</ele>
        <time>2025-07-05T22:44:30Z</time>
      </trkpt>
      <trkpt lat="47.68242667" lon="20.900375">
        <ele>138.9</ele>
        <time>2025-07-05T22:44:38Z</time>
      </trkpt>
      <trkpt lat="47.68239167" lon="20.90025167">
        <ele>138.1</ele>
        <time>2025-07-05T22:44:45Z</time>
      </trkpt>
      <trkpt lat="47.68235667" lon="20.90011">
        <ele>137.8</ele>
        <time>2025-07-05T22:44:53Z</time>
      </trkpt>
      <trkpt lat="47.68232" lon="20.89997667">
        <ele>138.6</ele>
        <time>2025-07-05T22:45:01Z</time>
      </trkpt>
      <trkpt lat="47.682275" lon="20.89984333">
        <ele>138.9</ele>
        <time>2025-07-05T22:45:08Z</time>
      </trkpt>
      <trkpt lat="47.682225" lon="20.899715">
        <ele>138.9</ele>
        <time>2025-07-05T22:45:16Z</time>
      </trkpt>
      <trkpt lat="47.68219333" lon="20.89958">
        <ele>137.5</ele>
        <time>2025-07-05T22:45:26Z</time>
      </trkpt>
      <trkpt lat="47.68214667" lon="20.899455">
        <ele>138.7</ele>
        <time>2025-07-05T22:45:36Z</time>
      </trkpt>
      <trkpt lat="47.68210333" lon="20.89933333">
        <ele>138.3</ele>
        <time>2025-07-05T22:45:44Z</time>
      </trkpt>
      <trkpt lat="47.68206667" lon="20.89919">
        <ele>138.1</ele>
        <time>2025-07-05T22:45:52Z</time>
      </trkpt>
      <trkpt lat="47.68202" lon="20.89905667">
        <ele>139.5</ele>
        <time>2025-07-05T22:46:00Z</time>
      </trkpt>
      <trkpt lat="47.681975" lon="20.89892167">
        <ele>139.6</ele>
        <time>2025-07-05T22:46:08Z</time>
      </trkpt>
      <trkpt lat="47.68193833" lon="20.89879667">
        <ele>139.2</ele>
        <time>2025-07-05T22:46:16Z</time>
      </trkpt>
      <trkpt lat="47.68190167" lon="20.89866">
        <ele>139.7</ele>
        <time>2025-07-05T22:46:24Z</time>
      </trkpt>
      <trkpt lat="47.68185" lon="20.89855">
        <ele>139.6</ele>
        <time>2025-07-05T22:46:31Z</time>
      </trkpt>
      <trkpt lat="47.681815" lon="20.89842333">
        <ele>140.6</ele>
        <time>2025-07-05T22:46:38Z</time>
      </trkpt>
      <trkpt lat="47.68177" lon="20.89829667">
        <ele>141.9</ele>
        <time>2025-07-05T22:46:46Z</time>
      </trkpt>
      <trkpt lat="47.68174" lon="20.898165">
        <ele>139.6</ele>
        <time>2025-07-05T22:46:53Z</time>
      </trkpt>
      <trkpt lat="47.681695" lon="20.89803667">
        <ele>139.6</ele>
        <time>2025-07-05T22:47:01Z</time>
      </trkpt>
      <trkpt lat="47.68164667" lon="20.897905">
        <ele>140.1</ele>
        <time>2025-07-05T22:47:09Z</time>
      </trkpt>
      <trkpt lat="47.681615" lon="20.89776833">
        <ele>140.5</ele>
        <time>2025-07-05T22:47:17Z</time>
      </trkpt>
      <trkpt lat="47.68158167" lon="20.89764333">
        <ele>140.5</ele>
        <time>2025-07-05T22:47:24Z</time>
      </trkpt>
      <trkpt lat="47.681535" lon="20.89752667">
        <ele>139.9</ele>
        <time>2025-07-05T22:47:31Z</time>
      </trkpt>
      <trkpt lat="47.6815" lon="20.89739">
        <ele>138.8</ele>
        <time>2025-07-05T22:47:39Z</time>
      </trkpt>
      <trkpt lat="47.68146" lon="20.89727">
        <ele>138.9</ele>
        <time>2025-07-05T22:47:46Z</time>
      </trkpt>
      <trkpt lat="47.68142333" lon="20.89714">
        <ele>138.4</ele>
        <time>2025-07-05T22:47:53Z</time>
      </trkpt>
      <trkpt lat="47.68138333" lon="20.89700333">
        <ele>138.9</ele>
        <time>2025-07-05T22:48:01Z</time>
      </trkpt>
      <trkpt lat="47.68134167" lon="20.89687167">
        <ele>139.2</ele>
        <time>2025-07-05T22:48:09Z</time>
      </trkpt>
      <trkpt lat="47.6813" lon="20.896745">
        <ele>137.6</ele>
        <time>2025-07-05T22:48:16Z</time>
      </trkpt>
      <trkpt lat="47.68126167" lon="20.89660167">
        <ele>137.4</ele>
        <time>2025-07-05T22:48:24Z</time>
      </trkpt>
      <trkpt lat="47.68122" lon="20.896475">
        <ele>138.3</ele>
        <time>2025-07-05T22:48:32Z</time>
      </trkpt>
      <trkpt lat="47.68117833" lon="20.89635333">
        <ele>137.4</ele>
        <time>2025-07-05T22:48:39Z</time>
      </trkpt>
      <trkpt lat="47.681135" lon="20.896225">
        <ele>137.2</ele>
        <time>2025-07-05T22:48:47Z</time>
      </trkpt>
      <trkpt lat="47.68109667" lon="20.89610333">
        <ele>136.3</ele>
        <time>2025-07-05T22:48:54Z</time>
      </trkpt>
      <trkpt lat="47.68104833" lon="20.895985">
        <ele>135.2</ele>
        <time>2025-07-05T22:49:01Z</time>
      </trkpt>
      <trkpt lat="47.681005" lon="20.89586167">
        <ele>136.7</ele>
        <time>2025-07-05T22:49:10Z</time>
      </trkpt>
      <trkpt lat="47.680965" lon="20.895735">
        <ele>136.9</ele>
        <time>2025-07-05T22:49:32Z</time>
      </trkpt>
      <trkpt lat="47.68092" lon="20.89560333">
        <ele>134.7</ele>
        <time>2025-07-05T22:49:41Z</time>
      </trkpt>
      <trkpt lat="47.68086167" lon="20.89549833">
        <ele>135</ele>
        <time>2025-07-05T22:49:48Z</time>
      </trkpt>
      <trkpt lat="47.68079667" lon="20.89539833">
        <ele>134.8</ele>
        <time>2025-07-05T22:49:56Z</time>
      </trkpt>
      <trkpt lat="47.680745" lon="20.89528667">
        <ele>135.3</ele>
        <time>2025-07-05T22:50:03Z</time>
      </trkpt>
      <trkpt lat="47.68067667" lon="20.89517833">
        <ele>136</ele>
        <time>2025-07-05T22:50:11Z</time>
      </trkpt>
      <trkpt lat="47.68062333" lon="20.89506167">
        <ele>135.3</ele>
        <time>2025-07-05T22:50:19Z</time>
      </trkpt>
      <trkpt lat="47.68056" lon="20.89494667">
        <ele>135.1</ele>
        <time>2025-07-05T22:50:29Z</time>
      </trkpt>
      <trkpt lat="47.68048667" lon="20.89484">
        <ele>135.1</ele>
        <time>2025-07-05T22:50:37Z</time>
      </trkpt>
      <trkpt lat="47.68041333" lon="20.89474167">
        <ele>136.1</ele>
        <time>2025-07-05T22:50:45Z</time>
      </trkpt>
      <trkpt lat="47.68034667" lon="20.894645">
        <ele>136.3</ele>
        <time>2025-07-05T22:50:53Z</time>
      </trkpt>
      <trkpt lat="47.68027667" lon="20.89456">
        <ele>136.7</ele>
        <time>2025-07-05T22:51:00Z</time>
      </trkpt>
      <trkpt lat="47.68020667" lon="20.89446333">
        <ele>136.8</ele>
        <time>2025-07-05T22:51:08Z</time>
      </trkpt>
      <trkpt lat="47.68013167" lon="20.89437">
        <ele>136.6</ele>
        <time>2025-07-05T22:51:16Z</time>
      </trkpt>
      <trkpt lat="47.68005833" lon="20.89428667">
        <ele>136.1</ele>
        <time>2025-07-05T22:51:23Z</time>
      </trkpt>
      <trkpt lat="47.67997667" lon="20.8942">
        <ele>135.3</ele>
        <time>2025-07-05T22:51:31Z</time>
      </trkpt>
      <trkpt lat="47.67989667" lon="20.894115">
        <ele>136</ele>
        <time>2025-07-05T22:51:39Z</time>
      </trkpt>
      <trkpt lat="47.67981833" lon="20.89402167">
        <ele>135.4</ele>
        <time>2025-07-05T22:51:47Z</time>
      </trkpt>
      <trkpt lat="47.67973333" lon="20.89394167">
        <ele>134.6</ele>
        <time>2025-07-05T22:51:55Z</time>
      </trkpt>
      <trkpt lat="47.67965333" lon="20.89385667">
        <ele>134.7</ele>
        <time>2025-07-05T22:52:03Z</time>
      </trkpt>
      <trkpt lat="47.67957667" lon="20.89376667">
        <ele>134</ele>
        <time>2025-07-05T22:52:11Z</time>
      </trkpt>
      <trkpt lat="47.67949" lon="20.89369">
        <ele>133.9</ele>
        <time>2025-07-05T22:52:19Z</time>
      </trkpt>
      <trkpt lat="47.67940167" lon="20.89361667">
        <ele>134.3</ele>
        <time>2025-07-05T22:52:27Z</time>
      </trkpt>
      <trkpt lat="47.67931833" lon="20.89353167">
        <ele>134.5</ele>
        <time>2025-07-05T22:52:35Z</time>
      </trkpt>
      <trkpt lat="47.679235" lon="20.89344667">
        <ele>135.3</ele>
        <time>2025-07-05T22:52:43Z</time>
      </trkpt>
      <trkpt lat="47.67914833" lon="20.89337333">
        <ele>135.7</ele>
        <time>2025-07-05T22:52:51Z</time>
      </trkpt>
      <trkpt lat="47.67907167" lon="20.89329333">
        <ele>135.4</ele>
        <time>2025-07-05T22:52:59Z</time>
      </trkpt>
      <trkpt lat="47.67899" lon="20.89323167">
        <ele>135.3</ele>
        <time>2025-07-05T22:53:06Z</time>
      </trkpt>
      <trkpt lat="47.67890833" lon="20.89315">
        <ele>136.1</ele>
        <time>2025-07-05T22:53:14Z</time>
      </trkpt>
      <trkpt lat="47.67881833" lon="20.89307833">
        <ele>136.7</ele>
        <time>2025-07-05T22:53:22Z</time>
      </trkpt>
      <trkpt lat="47.67874" lon="20.892995">
        <ele>137.3</ele>
        <time>2025-07-05T22:53:30Z</time>
      </trkpt>
      <trkpt lat="47.67866167" lon="20.89291333">
        <ele>136.2</ele>
        <time>2025-07-05T22:53:38Z</time>
      </trkpt>
      <trkpt lat="47.67858833" lon="20.89283333">
        <ele>135.1</ele>
        <time>2025-07-05T22:53:46Z</time>
      </trkpt>
      <trkpt lat="47.67850667" lon="20.89276">
        <ele>136.2</ele>
        <time>2025-07-05T22:53:53Z</time>
      </trkpt>
      <trkpt lat="47.678415" lon="20.89268167">
        <ele>137.4</ele>
        <time>2025-07-05T22:54:01Z</time>
      </trkpt>
      <trkpt lat="47.67834333" lon="20.89259167">
        <ele>136.9</ele>
        <time>2025-07-05T22:54:09Z</time>
      </trkpt>
      <trkpt lat="47.67825833" lon="20.89252">
        <ele>136.6</ele>
        <time>2025-07-05T22:54:17Z</time>
      </trkpt>
      <trkpt lat="47.67817667" lon="20.892445">
        <ele>136.1</ele>
        <time>2025-07-05T22:54:25Z</time>
      </trkpt>
      <trkpt lat="47.67809333" lon="20.89236">
        <ele>137.2</ele>
        <time>2025-07-05T22:54:33Z</time>
      </trkpt>
      <trkpt lat="47.67802333" lon="20.892275">
        <ele>136.4</ele>
        <time>2025-07-05T22:54:40Z</time>
      </trkpt>
      <trkpt lat="47.67794" lon="20.89219667">
        <ele>135.8</ele>
        <time>2025-07-05T22:54:48Z</time>
      </trkpt>
      <trkpt lat="47.67785167" lon="20.89212667">
        <ele>135.3</ele>
        <time>2025-07-05T22:54:56Z</time>
      </trkpt>
      <trkpt lat="47.67776833" lon="20.89205333">
        <ele>135.7</ele>
        <time>2025-07-05T22:55:04Z</time>
      </trkpt>
      <trkpt lat="47.67767833" lon="20.89199">
        <ele>136.9</ele>
        <time>2025-07-05T22:55:12Z</time>
      </trkpt>
      <trkpt lat="47.677595" lon="20.89190833">
        <ele>137.1</ele>
        <time>2025-07-05T22:55:20Z</time>
      </trkpt>
      <trkpt lat="47.67751167" lon="20.89182">
        <ele>135.5</ele>
        <time>2025-07-05T22:55:28Z</time>
      </trkpt>
      <trkpt lat="47.67743167" lon="20.89173833">
        <ele>134.8</ele>
        <time>2025-07-05T22:55:36Z</time>
      </trkpt>
      <trkpt lat="47.677345" lon="20.89166333">
        <ele>134.9</ele>
        <time>2025-07-05T22:55:44Z</time>
      </trkpt>
      <trkpt lat="47.67727333" lon="20.891575">
        <ele>135.5</ele>
        <time>2025-07-05T22:55:52Z</time>
      </trkpt>
      <trkpt lat="47.67719167" lon="20.89148833">
        <ele>133.8</ele>
        <time>2025-07-05T22:56:00Z</time>
      </trkpt>
      <trkpt lat="47.6771" lon="20.891425">
        <ele>134.1</ele>
        <time>2025-07-05T22:56:08Z</time>
      </trkpt>
      <trkpt lat="47.67702" lon="20.89133833">
        <ele>133.5</ele>
        <time>2025-07-05T22:56:16Z</time>
      </trkpt>
      <trkpt lat="47.67693167" lon="20.89127">
        <ele>134.2</ele>
        <time>2025-07-05T22:56:24Z</time>
      </trkpt>
      <trkpt lat="47.67684167" lon="20.89120333">
        <ele>136.3</ele>
        <time>2025-07-05T22:56:32Z</time>
      </trkpt>
      <trkpt lat="47.67675167" lon="20.89113">
        <ele>137.3</ele>
        <time>2025-07-05T22:56:40Z</time>
      </trkpt>
      <trkpt lat="47.67666833" lon="20.89106">
        <ele>137.4</ele>
        <time>2025-07-05T22:56:48Z</time>
      </trkpt>
      <trkpt lat="47.67658833" lon="20.89097333">
        <ele>138.4</ele>
        <time>2025-07-05T22:56:55Z</time>
      </trkpt>
      <trkpt lat="47.676505" lon="20.89089667">
        <ele>137.1</ele>
        <time>2025-07-05T22:57:03Z</time>
      </trkpt>
      <trkpt lat="47.67642167" lon="20.89081667">
        <ele>136.1</ele>
        <time>2025-07-05T22:57:11Z</time>
      </trkpt>
      <trkpt lat="47.676335" lon="20.890755">
        <ele>137.1</ele>
        <time>2025-07-05T22:57:18Z</time>
      </trkpt>
      <trkpt lat="47.67625667" lon="20.89067333">
        <ele>136</ele>
        <time>2025-07-05T22:57:26Z</time>
      </trkpt>
      <trkpt lat="47.676175" lon="20.89058167">
        <ele>135.8</ele>
        <time>2025-07-05T22:57:34Z</time>
      </trkpt>
      <trkpt lat="47.67608833" lon="20.89052">
        <ele>139.1</ele>
        <time>2025-07-05T22:57:42Z</time>
      </trkpt>
      <trkpt lat="47.67602" lon="20.89042667">
        <ele>136.1</ele>
        <time>2025-07-05T22:57:50Z</time>
      </trkpt>
      <trkpt lat="47.67594333" lon="20.89033833">
        <ele>134.5</ele>
        <time>2025-07-05T22:57:58Z</time>
      </trkpt>
      <trkpt lat="47.67586667" lon="20.89024">
        <ele>134.2</ele>
        <time>2025-07-05T22:58:05Z</time>
      </trkpt>
      <trkpt lat="47.67577667" lon="20.89018667">
        <ele>136.9</ele>
        <time>2025-07-05T22:58:13Z</time>
      </trkpt>
      <trkpt lat="47.67569333" lon="20.89010167">
        <ele>137.2</ele>
        <time>2025-07-05T22:58:21Z</time>
      </trkpt>
      <trkpt lat="47.675605" lon="20.89005667">
        <ele>135.7</ele>
        <time>2025-07-05T22:58:28Z</time>
      </trkpt>
      <trkpt lat="47.67552333" lon="20.88998667">
        <ele>135.3</ele>
        <time>2025-07-05T22:58:36Z</time>
      </trkpt>
      <trkpt lat="47.67544667" lon="20.88991667">
        <ele>135.1</ele>
        <time>2025-07-05T22:58:43Z</time>
      </trkpt>
      <trkpt lat="47.67536833" lon="20.88983167">
        <ele>135.5</ele>
        <time>2025-07-05T22:58:51Z</time>
      </trkpt>
      <trkpt lat="47.67528167" lon="20.88976">
        <ele>135</ele>
        <time>2025-07-05T22:58:59Z</time>
      </trkpt>
      <trkpt lat="47.67519667" lon="20.88968">
        <ele>134.5</ele>
        <time>2025-07-05T22:59:07Z</time>
      </trkpt>
      <trkpt lat="47.67512833" lon="20.88959167">
        <ele>133.7</ele>
        <time>2025-07-05T22:59:15Z</time>
      </trkpt>
      <trkpt lat="47.67504333" lon="20.889515">
        <ele>133</ele>
        <time>2025-07-05T22:59:23Z</time>
      </trkpt>
      <trkpt lat="47.67495667" lon="20.889445">
        <ele>133.2</ele>
        <time>2025-07-05T22:59:31Z</time>
      </trkpt>
      <trkpt lat="47.67488333" lon="20.88936667">
        <ele>132.3</ele>
        <time>2025-07-05T22:59:38Z</time>
      </trkpt>
      <trkpt lat="47.67480667" lon="20.88929667">
        <ele>132.4</ele>
        <time>2025-07-05T22:59:45Z</time>
      </trkpt>
      <trkpt lat="47.674735" lon="20.88920833">
        <ele>132</ele>
        <time>2025-07-05T22:59:53Z</time>
      </trkpt>
      <trkpt lat="47.67465333" lon="20.88915">
        <ele>132.8</ele>
        <time>2025-07-05T23:00:00Z</time>
      </trkpt>
      <trkpt lat="47.674575" lon="20.88906667">
        <ele>133.7</ele>
        <time>2025-07-05T23:00:08Z</time>
      </trkpt>
      <trkpt lat="47.67448667" lon="20.888995">
        <ele>134.6</ele>
        <time>2025-07-05T23:00:16Z</time>
      </trkpt>
      <trkpt lat="47.67440833" lon="20.888905">
        <ele>133.8</ele>
        <time>2025-07-05T23:00:24Z</time>
      </trkpt>
      <trkpt lat="47.67433" lon="20.88881667">
        <ele>133.2</ele>
        <time>2025-07-05T23:00:32Z</time>
      </trkpt>
      <trkpt lat="47.674255" lon="20.88874">
        <ele>133.5</ele>
        <time>2025-07-05T23:00:39Z</time>
      </trkpt>
      <trkpt lat="47.67417667" lon="20.88864">
        <ele>133.3</ele>
        <time>2025-07-05T23:00:47Z</time>
      </trkpt>
      <trkpt lat="47.67409333" lon="20.88855167">
        <ele>134.8</ele>
        <time>2025-07-05T23:00:56Z</time>
      </trkpt>
      <trkpt lat="47.67401667" lon="20.888455">
        <ele>135.2</ele>
        <time>2025-07-05T23:01:04Z</time>
      </trkpt>
      <trkpt lat="47.67394333" lon="20.88836167">
        <ele>135.2</ele>
        <time>2025-07-05T23:01:12Z</time>
      </trkpt>
      <trkpt lat="47.67387167" lon="20.888275">
        <ele>134.7</ele>
        <time>2025-07-05T23:01:19Z</time>
      </trkpt>
      <trkpt lat="47.673805" lon="20.88817833">
        <ele>134.7</ele>
        <time>2025-07-05T23:01:27Z</time>
      </trkpt>
      <trkpt lat="47.673735" lon="20.88809167">
        <ele>135.8</ele>
        <time>2025-07-05T23:01:34Z</time>
      </trkpt>
      <trkpt lat="47.67366" lon="20.88800667">
        <ele>136.4</ele>
        <time>2025-07-05T23:01:42Z</time>
      </trkpt>
      <trkpt lat="47.67358167" lon="20.887905">
        <ele>137.2</ele>
        <time>2025-07-05T23:01:50Z</time>
      </trkpt>
      <trkpt lat="47.67351167" lon="20.88779667">
        <ele>137</ele>
        <time>2025-07-05T23:01:58Z</time>
      </trkpt>
      <trkpt lat="47.67344833" lon="20.88769167">
        <ele>136.7</ele>
        <time>2025-07-05T23:02:06Z</time>
      </trkpt>
      <trkpt lat="47.67338" lon="20.88758833">
        <ele>135.6</ele>
        <time>2025-07-05T23:02:14Z</time>
      </trkpt>
      <trkpt lat="47.67331667" lon="20.88748833">
        <ele>136.1</ele>
        <time>2025-07-05T23:02:21Z</time>
      </trkpt>
      <trkpt lat="47.67325" lon="20.88739667">
        <ele>141.2</ele>
        <time>2025-07-05T23:02:28Z</time>
      </trkpt>
      <trkpt lat="47.67319" lon="20.88729667">
        <ele>138.2</ele>
        <time>2025-07-05T23:02:35Z</time>
      </trkpt>
      <trkpt lat="47.67312667" lon="20.887195">
        <ele>136.7</ele>
        <time>2025-07-05T23:02:43Z</time>
      </trkpt>
      <trkpt lat="47.67307" lon="20.88709">
        <ele>136.5</ele>
        <time>2025-07-05T23:02:50Z</time>
      </trkpt>
      <trkpt lat="47.67300667" lon="20.886985">
        <ele>136.6</ele>
        <time>2025-07-05T23:02:58Z</time>
      </trkpt>
      <trkpt lat="47.672935" lon="20.88688167">
        <ele>137.6</ele>
        <time>2025-07-05T23:03:06Z</time>
      </trkpt>
      <trkpt lat="47.67288167" lon="20.88676833">
        <ele>138.2</ele>
        <time>2025-07-05T23:03:13Z</time>
      </trkpt>
      <trkpt lat="47.67282" lon="20.88666333">
        <ele>136.7</ele>
        <time>2025-07-05T23:03:21Z</time>
      </trkpt>
      <trkpt lat="47.67275667" lon="20.886565">
        <ele>137.7</ele>
        <time>2025-07-05T23:03:28Z</time>
      </trkpt>
      <trkpt lat="47.672705" lon="20.886455">
        <ele>137.9</ele>
        <time>2025-07-05T23:03:35Z</time>
      </trkpt>
      <trkpt lat="47.67264333" lon="20.88635">
        <ele>137.8</ele>
        <time>2025-07-05T23:03:42Z</time>
      </trkpt>
      <trkpt lat="47.67258833" lon="20.886235">
        <ele>137.9</ele>
        <time>2025-07-05T23:03:50Z</time>
      </trkpt>
      <trkpt lat="47.67253667" lon="20.88612167">
        <ele>137.5</ele>
        <time>2025-07-05T23:03:57Z</time>
      </trkpt>
      <trkpt lat="47.67247667" lon="20.88600167">
        <ele>135.8</ele>
        <time>2025-07-05T23:04:05Z</time>
      </trkpt>
      <trkpt lat="47.672425" lon="20.88587667">
        <ele>136.4</ele>
        <time>2025-07-05T23:04:13Z</time>
      </trkpt>
      <trkpt lat="47.67237833" lon="20.88575333">
        <ele>135.3</ele>
        <time>2025-07-05T23:04:42Z</time>
      </trkpt>
      <trkpt lat="47.67232833" lon="20.88563833">
        <ele>136.5</ele>
        <time>2025-07-05T23:04:49Z</time>
      </trkpt>
      <trkpt lat="47.67228667" lon="20.88551833">
        <ele>135.5</ele>
        <time>2025-07-05T23:06:29Z</time>
      </trkpt>
      <trkpt lat="47.67222333" lon="20.88533833">
        <ele>137</ele>
        <time>2025-07-05T23:07:31Z</time>
      </trkpt>
      <trkpt lat="47.67217167" lon="20.88521333">
        <ele>136.3</ele>
        <time>2025-07-05T23:07:39Z</time>
      </trkpt>
      <trkpt lat="47.672135" lon="20.88507667">
        <ele>136.2</ele>
        <time>2025-07-05T23:07:47Z</time>
      </trkpt>
      <trkpt lat="47.672095" lon="20.88495">
        <ele>136.4</ele>
        <time>2025-07-05T23:07:55Z</time>
      </trkpt>
      <trkpt lat="47.67206333" lon="20.88481333">
        <ele>136.7</ele>
        <time>2025-07-05T23:08:02Z</time>
      </trkpt>
      <trkpt lat="47.67201167" lon="20.88469333">
        <ele>137.4</ele>
        <time>2025-07-05T23:08:09Z</time>
      </trkpt>
      <trkpt lat="47.671995" lon="20.88456">
        <ele>136.5</ele>
        <time>2025-07-05T23:08:17Z</time>
      </trkpt>
      <trkpt lat="47.67196333" lon="20.88443333">
        <ele>135.6</ele>
        <time>2025-07-05T23:08:24Z</time>
      </trkpt>
      <trkpt lat="47.67193667" lon="20.88428833">
        <ele>134.6</ele>
        <time>2025-07-05T23:08:32Z</time>
      </trkpt>
      <trkpt lat="47.67190833" lon="20.88416167">
        <ele>134.7</ele>
        <time>2025-07-05T23:08:39Z</time>
      </trkpt>
      <trkpt lat="47.67187333" lon="20.88403333">
        <ele>135.4</ele>
        <time>2025-07-05T23:08:46Z</time>
      </trkpt>
      <trkpt lat="47.67184" lon="20.8839">
        <ele>136.2</ele>
        <time>2025-07-05T23:08:54Z</time>
      </trkpt>
      <trkpt lat="47.67181833" lon="20.88376667">
        <ele>135.2</ele>
        <time>2025-07-05T23:09:02Z</time>
      </trkpt>
      <trkpt lat="47.67178667" lon="20.88362333">
        <ele>135.9</ele>
        <time>2025-07-05T23:09:10Z</time>
      </trkpt>
      <trkpt lat="47.671765" lon="20.88349333">
        <ele>136.5</ele>
        <time>2025-07-05T23:09:17Z</time>
      </trkpt>
      <trkpt lat="47.67173333" lon="20.88336833">
        <ele>135.4</ele>
        <time>2025-07-05T23:09:24Z</time>
      </trkpt>
      <trkpt lat="47.67170333" lon="20.88323">
        <ele>136.6</ele>
        <time>2025-07-05T23:09:32Z</time>
      </trkpt>
      <trkpt lat="47.67167167" lon="20.88309">
        <ele>136.1</ele>
        <time>2025-07-05T23:09:40Z</time>
      </trkpt>
      <trkpt lat="47.67164333" lon="20.88294667">
        <ele>137.6</ele>
        <time>2025-07-05T23:09:48Z</time>
      </trkpt>
      <trkpt lat="47.67161833" lon="20.88281833">
        <ele>137.5</ele>
        <time>2025-07-05T23:09:55Z</time>
      </trkpt>
      <trkpt lat="47.67158667" lon="20.88267667">
        <ele>137.3</ele>
        <time>2025-07-05T23:10:03Z</time>
      </trkpt>
      <trkpt lat="47.67156" lon="20.882545">
        <ele>135.8</ele>
        <time>2025-07-05T23:10:10Z</time>
      </trkpt>
      <trkpt lat="47.67153" lon="20.88241167">
        <ele>135.2</ele>
        <time>2025-07-05T23:10:18Z</time>
      </trkpt>
      <trkpt lat="47.671505" lon="20.88228333">
        <ele>135.9</ele>
        <time>2025-07-05T23:10:25Z</time>
      </trkpt>
      <trkpt lat="47.67146833" lon="20.88214">
        <ele>136</ele>
        <time>2025-07-05T23:10:33Z</time>
      </trkpt>
      <trkpt lat="47.67143" lon="20.88201167">
        <ele>136.2</ele>
        <time>2025-07-05T23:10:40Z</time>
      </trkpt>
      <trkpt lat="47.67139667" lon="20.88188">
        <ele>137.6</ele>
        <time>2025-07-05T23:10:48Z</time>
      </trkpt>
      <trkpt lat="47.67137167" lon="20.88173333">
        <ele>137.1</ele>
        <time>2025-07-05T23:10:56Z</time>
      </trkpt>
      <trkpt lat="47.67134667" lon="20.88159333">
        <ele>137.3</ele>
        <time>2025-07-05T23:11:04Z</time>
      </trkpt>
      <trkpt lat="47.67130667" lon="20.88145833">
        <ele>138.2</ele>
        <time>2025-07-05T23:11:12Z</time>
      </trkpt>
      <trkpt lat="47.67128333" lon="20.88132667">
        <ele>137.4</ele>
        <time>2025-07-05T23:11:19Z</time>
      </trkpt>
      <trkpt lat="47.67125667" lon="20.88118667">
        <ele>137.8</ele>
        <time>2025-07-05T23:11:26Z</time>
      </trkpt>
      <trkpt lat="47.67122" lon="20.88105">
        <ele>137.8</ele>
        <time>2025-07-05T23:11:34Z</time>
      </trkpt>
      <trkpt lat="47.67118833" lon="20.88092167">
        <ele>138.9</ele>
        <time>2025-07-05T23:11:41Z</time>
      </trkpt>
      <trkpt lat="47.67116333" lon="20.88079">
        <ele>138.3</ele>
        <time>2025-07-05T23:11:49Z</time>
      </trkpt>
      <trkpt lat="47.67113" lon="20.88065833">
        <ele>137.4</ele>
        <time>2025-07-05T23:11:56Z</time>
      </trkpt>
      <trkpt lat="47.67110167" lon="20.88052667">
        <ele>137.6</ele>
        <time>2025-07-05T23:12:03Z</time>
      </trkpt>
      <trkpt lat="47.67108" lon="20.88037667">
        <ele>136.9</ele>
        <time>2025-07-05T23:12:11Z</time>
      </trkpt>
      <trkpt lat="47.671055" lon="20.88023333">
        <ele>136</ele>
        <time>2025-07-05T23:12:19Z</time>
      </trkpt>
      <trkpt lat="47.67102167" lon="20.880095">
        <ele>135.4</ele>
        <time>2025-07-05T23:12:27Z</time>
      </trkpt>
      <trkpt lat="47.67098833" lon="20.87995167">
        <ele>135</ele>
        <time>2025-07-05T23:12:35Z</time>
      </trkpt>
      <trkpt lat="47.67095667" lon="20.87981333">
        <ele>135.3</ele>
        <time>2025-07-05T23:12:43Z</time>
      </trkpt>
      <trkpt lat="47.67092667" lon="20.87968">
        <ele>136.1</ele>
        <time>2025-07-05T23:12:50Z</time>
      </trkpt>
      <trkpt lat="47.67089667" lon="20.87954667">
        <ele>136.6</ele>
        <time>2025-07-05T23:12:57Z</time>
      </trkpt>
      <trkpt lat="47.67087167" lon="20.87940167">
        <ele>137</ele>
        <time>2025-07-05T23:13:05Z</time>
      </trkpt>
      <trkpt lat="47.67083833" lon="20.87926167">
        <ele>135.6</ele>
        <time>2025-07-05T23:13:13Z</time>
      </trkpt>
      <trkpt lat="47.67081833" lon="20.87911667">
        <ele>134.5</ele>
        <time>2025-07-05T23:13:20Z</time>
      </trkpt>
      <trkpt lat="47.67078667" lon="20.87899">
        <ele>133.8</ele>
        <time>2025-07-05T23:13:27Z</time>
      </trkpt>
      <trkpt lat="47.67075333" lon="20.878855">
        <ele>134</ele>
        <time>2025-07-05T23:13:35Z</time>
      </trkpt>
      <trkpt lat="47.67073333" lon="20.87871333">
        <ele>135.4</ele>
        <time>2025-07-05T23:13:43Z</time>
      </trkpt>
      <trkpt lat="47.67071333" lon="20.87857667">
        <ele>136</ele>
        <time>2025-07-05T23:13:50Z</time>
      </trkpt>
      <trkpt lat="47.67068333" lon="20.87845">
        <ele>136.1</ele>
        <time>2025-07-05T23:13:57Z</time>
      </trkpt>
      <trkpt lat="47.670655" lon="20.87829833">
        <ele>137.1</ele>
        <time>2025-07-05T23:14:05Z</time>
      </trkpt>
      <trkpt lat="47.670645" lon="20.87816">
        <ele>137.1</ele>
        <time>2025-07-05T23:14:12Z</time>
      </trkpt>
      <trkpt lat="47.67062667" lon="20.87802">
        <ele>137.3</ele>
        <time>2025-07-05T23:14:20Z</time>
      </trkpt>
      <trkpt lat="47.67061333" lon="20.877875">
        <ele>137.1</ele>
        <time>2025-07-05T23:14:28Z</time>
      </trkpt>
      <trkpt lat="47.67059667" lon="20.87772833">
        <ele>136.8</ele>
        <time>2025-07-05T23:14:36Z</time>
      </trkpt>
      <trkpt lat="47.67059167" lon="20.87758667">
        <ele>136.5</ele>
        <time>2025-07-05T23:14:44Z</time>
      </trkpt>
      <trkpt lat="47.67059167" lon="20.87743667">
        <ele>136.6</ele>
        <time>2025-07-05T23:14:52Z</time>
      </trkpt>
      <trkpt lat="47.67058167" lon="20.87729">
        <ele>136</ele>
        <time>2025-07-05T23:15:00Z</time>
      </trkpt>
      <trkpt lat="47.67057333" lon="20.87714833">
        <ele>138</ele>
        <time>2025-07-05T23:15:08Z</time>
      </trkpt>
      <trkpt lat="47.67056" lon="20.87701333">
        <ele>138.2</ele>
        <time>2025-07-05T23:15:15Z</time>
      </trkpt>
      <trkpt lat="47.67054833" lon="20.87686833">
        <ele>139.1</ele>
        <time>2025-07-05T23:15:23Z</time>
      </trkpt>
      <trkpt lat="47.67054667" lon="20.87671833">
        <ele>139.2</ele>
        <time>2025-07-05T23:15:31Z</time>
      </trkpt>
      <trkpt lat="47.67055167" lon="20.87657333">
        <ele>138.7</ele>
        <time>2025-07-05T23:15:39Z</time>
      </trkpt>
      <trkpt lat="47.67055167" lon="20.87643833">
        <ele>138.1</ele>
        <time>2025-07-05T23:15:47Z</time>
      </trkpt>
      <trkpt lat="47.67056" lon="20.876295">
        <ele>136.6</ele>
        <time>2025-07-05T23:15:55Z</time>
      </trkpt>
      <trkpt lat="47.67056333" lon="20.87615167">
        <ele>134.7</ele>
        <time>2025-07-05T23:16:03Z</time>
      </trkpt>
      <trkpt lat="47.67056167" lon="20.87600667">
        <ele>135.2</ele>
        <time>2025-07-05T23:16:11Z</time>
      </trkpt>
      <trkpt lat="47.67054833" lon="20.87585833">
        <ele>134.7</ele>
        <time>2025-07-05T23:16:19Z</time>
      </trkpt>
      <trkpt lat="47.67055833" lon="20.87571667">
        <ele>134.3</ele>
        <time>2025-07-05T23:16:27Z</time>
      </trkpt>
      <trkpt lat="47.67055667" lon="20.87557333">
        <ele>134.7</ele>
        <time>2025-07-05T23:16:35Z</time>
      </trkpt>
      <trkpt lat="47.67055667" lon="20.87544">
        <ele>134.7</ele>
        <time>2025-07-05T23:16:42Z</time>
      </trkpt>
      <trkpt lat="47.670555" lon="20.87529333">
        <ele>135.6</ele>
        <time>2025-07-05T23:16:50Z</time>
      </trkpt>
      <trkpt lat="47.670555" lon="20.87514667">
        <ele>134.7</ele>
        <time>2025-07-05T23:16:58Z</time>
      </trkpt>
      <trkpt lat="47.67056" lon="20.87500667">
        <ele>134.7</ele>
        <time>2025-07-05T23:17:06Z</time>
      </trkpt>
      <trkpt lat="47.67055667" lon="20.87485667">
        <ele>135.1</ele>
        <time>2025-07-05T23:17:14Z</time>
      </trkpt>
      <trkpt lat="47.67055667" lon="20.87471667">
        <ele>135.2</ele>
        <time>2025-07-05T23:17:21Z</time>
      </trkpt>
      <trkpt lat="47.67055333" lon="20.87457667">
        <ele>135.7</ele>
        <time>2025-07-05T23:17:29Z</time>
      </trkpt>
      <trkpt lat="47.67056" lon="20.87444167">
        <ele>135.7</ele>
        <time>2025-07-05T23:17:36Z</time>
      </trkpt>
      <trkpt lat="47.670545" lon="20.87429667">
        <ele>136.1</ele>
        <time>2025-07-05T23:17:44Z</time>
      </trkpt>
      <trkpt lat="47.67055833" lon="20.87415">
        <ele>136.1</ele>
        <time>2025-07-05T23:17:52Z</time>
      </trkpt>
      <trkpt lat="47.670565" lon="20.87401667">
        <ele>135.9</ele>
        <time>2025-07-05T23:18:00Z</time>
      </trkpt>
      <trkpt lat="47.67055333" lon="20.87386">
        <ele>136</ele>
        <time>2025-07-05T23:18:08Z</time>
      </trkpt>
      <trkpt lat="47.67055167" lon="20.87372">
        <ele>136.6</ele>
        <time>2025-07-05T23:18:15Z</time>
      </trkpt>
      <trkpt lat="47.670545" lon="20.87358667">
        <ele>137.9</ele>
        <time>2025-07-05T23:18:22Z</time>
      </trkpt>
      <trkpt lat="47.67053833" lon="20.87345333">
        <ele>139</ele>
        <time>2025-07-05T23:18:29Z</time>
      </trkpt>
      <trkpt lat="47.670535" lon="20.87331">
        <ele>140.7</ele>
        <time>2025-07-05T23:18:37Z</time>
      </trkpt>
      <trkpt lat="47.67053667" lon="20.87317333">
        <ele>142.2</ele>
        <time>2025-07-05T23:18:45Z</time>
      </trkpt>
      <trkpt lat="47.67055167" lon="20.87303167">
        <ele>141.2</ele>
        <time>2025-07-05T23:18:55Z</time>
      </trkpt>
      <trkpt lat="47.670545" lon="20.87289">
        <ele>138.9</ele>
        <time>2025-07-05T23:19:02Z</time>
      </trkpt>
      <trkpt lat="47.67055333" lon="20.87274833">
        <ele>137.2</ele>
        <time>2025-07-05T23:19:10Z</time>
      </trkpt>
      <trkpt lat="47.67055167" lon="20.87259833">
        <ele>137.5</ele>
        <time>2025-07-05T23:19:18Z</time>
      </trkpt>
      <trkpt lat="47.67053667" lon="20.87245">
        <ele>135.6</ele>
        <time>2025-07-05T23:19:26Z</time>
      </trkpt>
      <trkpt lat="47.670545" lon="20.87230667">
        <ele>135.1</ele>
        <time>2025-07-05T23:19:34Z</time>
      </trkpt>
      <trkpt lat="47.67055667" lon="20.87216167">
        <ele>134.5</ele>
        <time>2025-07-05T23:19:42Z</time>
      </trkpt>
      <trkpt lat="47.67056" lon="20.87201833">
        <ele>135</ele>
        <time>2025-07-05T23:19:49Z</time>
      </trkpt>
      <trkpt lat="47.67057667" lon="20.87187">
        <ele>133.5</ele>
        <time>2025-07-05T23:19:57Z</time>
      </trkpt>
      <trkpt lat="47.67056833" lon="20.871735">
        <ele>134.5</ele>
        <time>2025-07-05T23:20:05Z</time>
      </trkpt>
      <trkpt lat="47.67056833" lon="20.87158833">
        <ele>133.6</ele>
        <time>2025-07-05T23:20:13Z</time>
      </trkpt>
      <trkpt lat="47.67057333" lon="20.87144667">
        <ele>132.8</ele>
        <time>2025-07-05T23:20:21Z</time>
      </trkpt>
      <trkpt lat="47.67056833" lon="20.87130833">
        <ele>133.4</ele>
        <time>2025-07-05T23:20:28Z</time>
      </trkpt>
      <trkpt lat="47.67056167" lon="20.87117167">
        <ele>134.9</ele>
        <time>2025-07-05T23:20:35Z</time>
      </trkpt>
      <trkpt lat="47.67056667" lon="20.871035">
        <ele>135.3</ele>
        <time>2025-07-05T23:20:43Z</time>
      </trkpt>
      <trkpt lat="47.67058167" lon="20.8709">
        <ele>135.7</ele>
        <time>2025-07-05T23:20:51Z</time>
      </trkpt>
      <trkpt lat="47.67057667" lon="20.870755">
        <ele>134.4</ele>
        <time>2025-07-05T23:20:59Z</time>
      </trkpt>
      <trkpt lat="47.67055333" lon="20.87061333">
        <ele>134</ele>
        <time>2025-07-05T23:21:08Z</time>
      </trkpt>
      <trkpt lat="47.67055333" lon="20.87046667">
        <ele>134.1</ele>
        <time>2025-07-05T23:21:16Z</time>
      </trkpt>
      <trkpt lat="47.67056333" lon="20.87033333">
        <ele>133.9</ele>
        <time>2025-07-05T23:21:24Z</time>
      </trkpt>
      <trkpt lat="47.670555" lon="20.87019167">
        <ele>133.8</ele>
        <time>2025-07-05T23:21:32Z</time>
      </trkpt>
      <trkpt lat="47.67055" lon="20.87005833">
        <ele>132.6</ele>
        <time>2025-07-05T23:21:40Z</time>
      </trkpt>
      <trkpt lat="47.670545" lon="20.86990667">
        <ele>133.6</ele>
        <time>2025-07-05T23:21:48Z</time>
      </trkpt>
      <trkpt lat="47.67054667" lon="20.86976333">
        <ele>133.2</ele>
        <time>2025-07-05T23:21:56Z</time>
      </trkpt>
      <trkpt lat="47.67054833" lon="20.86961833">
        <ele>133</ele>
        <time>2025-07-05T23:22:04Z</time>
      </trkpt>
      <trkpt lat="47.670545" lon="20.86946667">
        <ele>131.3</ele>
        <time>2025-07-05T23:22:13Z</time>
      </trkpt>
      <trkpt lat="47.67053833" lon="20.86933">
        <ele>132.5</ele>
        <time>2025-07-05T23:22:20Z</time>
      </trkpt>
      <trkpt lat="47.67053667" lon="20.86919667">
        <ele>133.9</ele>
        <time>2025-07-05T23:22:27Z</time>
      </trkpt>
      <trkpt lat="47.67053833" lon="20.86905">
        <ele>134.7</ele>
        <time>2025-07-05T23:22:35Z</time>
      </trkpt>
      <trkpt lat="47.670535" lon="20.86891667">
        <ele>134.7</ele>
        <time>2025-07-05T23:22:42Z</time>
      </trkpt>
      <trkpt lat="47.67053" lon="20.86877667">
        <ele>134.6</ele>
        <time>2025-07-05T23:22:50Z</time>
      </trkpt>
      <trkpt lat="47.67053" lon="20.86864167">
        <ele>134.3</ele>
        <time>2025-07-05T23:22:58Z</time>
      </trkpt>
      <trkpt lat="47.67053" lon="20.86849833">
        <ele>134.6</ele>
        <time>2025-07-05T23:23:06Z</time>
      </trkpt>
      <trkpt lat="47.67053333" lon="20.86836">
        <ele>133.7</ele>
        <time>2025-07-05T23:23:14Z</time>
      </trkpt>
      <trkpt lat="47.67052667" lon="20.86822">
        <ele>133.9</ele>
        <time>2025-07-05T23:23:22Z</time>
      </trkpt>
      <trkpt lat="47.670535" lon="20.86808">
        <ele>133.6</ele>
        <time>2025-07-05T23:23:30Z</time>
      </trkpt>
      <trkpt lat="47.67054167" lon="20.86792833">
        <ele>133.8</ele>
        <time>2025-07-05T23:23:38Z</time>
      </trkpt>
      <trkpt lat="47.67053333" lon="20.86778667">
        <ele>133.7</ele>
        <time>2025-07-05T23:23:45Z</time>
      </trkpt>
      <trkpt lat="47.67052833" lon="20.86764333">
        <ele>139.7</ele>
        <time>2025-07-05T23:23:54Z</time>
      </trkpt>
      <trkpt lat="47.67052167" lon="20.867505">
        <ele>139.9</ele>
        <time>2025-07-05T23:24:01Z</time>
      </trkpt>
      <trkpt lat="47.67052167" lon="20.86736167">
        <ele>139.5</ele>
        <time>2025-07-05T23:24:10Z</time>
      </trkpt>
      <trkpt lat="47.67051" lon="20.867215">
        <ele>138.3</ele>
        <time>2025-07-05T23:24:18Z</time>
      </trkpt>
      <trkpt lat="47.67051" lon="20.86708167">
        <ele>138.6</ele>
        <time>2025-07-05T23:24:25Z</time>
      </trkpt>
      <trkpt lat="47.67051167" lon="20.866945">
        <ele>137.7</ele>
        <time>2025-07-05T23:24:33Z</time>
      </trkpt>
      <trkpt lat="47.67051333" lon="20.86680833">
        <ele>137.7</ele>
        <time>2025-07-05T23:24:40Z</time>
      </trkpt>
      <trkpt lat="47.67050833" lon="20.86666">
        <ele>139.2</ele>
        <time>2025-07-05T23:24:48Z</time>
      </trkpt>
      <trkpt lat="47.670505" lon="20.86652">
        <ele>138.8</ele>
        <time>2025-07-05T23:24:55Z</time>
      </trkpt>
      <trkpt lat="47.6705" lon="20.86638667">
        <ele>139</ele>
        <time>2025-07-05T23:25:02Z</time>
      </trkpt>
      <trkpt lat="47.67051" lon="20.86624833">
        <ele>139.9</ele>
        <time>2025-07-05T23:25:09Z</time>
      </trkpt>
      <trkpt lat="47.67052833" lon="20.86611667">
        <ele>141.1</ele>
        <time>2025-07-05T23:25:17Z</time>
      </trkpt>
      <trkpt lat="47.67052833" lon="20.86597">
        <ele>140.2</ele>
        <time>2025-07-05T23:25:25Z</time>
      </trkpt>
      <trkpt lat="47.670525" lon="20.86582">
        <ele>139.5</ele>
        <time>2025-07-05T23:25:33Z</time>
      </trkpt>
      <trkpt lat="47.67052167" lon="20.86567667">
        <ele>139.4</ele>
        <time>2025-07-05T23:25:41Z</time>
      </trkpt>
      <trkpt lat="47.67053" lon="20.86554">
        <ele>139</ele>
        <time>2025-07-05T23:25:49Z</time>
      </trkpt>
      <trkpt lat="47.67052833" lon="20.865395">
        <ele>139.7</ele>
        <time>2025-07-05T23:25:57Z</time>
      </trkpt>
      <trkpt lat="47.67053667" lon="20.86525667">
        <ele>140.1</ele>
        <time>2025-07-05T23:26:05Z</time>
      </trkpt>
      <trkpt lat="47.67054333" lon="20.86512167">
        <ele>138.1</ele>
        <time>2025-07-05T23:26:13Z</time>
      </trkpt>
      <trkpt lat="47.67054833" lon="20.86498833">
        <ele>136.8</ele>
        <time>2025-07-05T23:26:20Z</time>
      </trkpt>
      <trkpt lat="47.67055" lon="20.864855">
        <ele>136.2</ele>
        <time>2025-07-05T23:26:27Z</time>
      </trkpt>
      <trkpt lat="47.67055167" lon="20.86472167">
        <ele>137.3</ele>
        <time>2025-07-05T23:26:34Z</time>
      </trkpt>
      <trkpt lat="47.67054667" lon="20.86458">
        <ele>138.1</ele>
        <time>2025-07-05T23:26:42Z</time>
      </trkpt>
      <trkpt lat="47.67055" lon="20.86444333">
        <ele>137.7</ele>
        <time>2025-07-05T23:26:49Z</time>
      </trkpt>
      <trkpt lat="47.67055167" lon="20.86430833">
        <ele>136.5</ele>
        <time>2025-07-05T23:26:57Z</time>
      </trkpt>
      <trkpt lat="47.67055" lon="20.86416333">
        <ele>137.4</ele>
        <time>2025-07-05T23:27:04Z</time>
      </trkpt>
      <trkpt lat="47.670535" lon="20.86401833">
        <ele>138.2</ele>
        <time>2025-07-05T23:27:13Z</time>
      </trkpt>
      <trkpt lat="47.67052667" lon="20.86387333">
        <ele>138.6</ele>
        <time>2025-07-05T23:27:21Z</time>
      </trkpt>
      <trkpt lat="47.67055" lon="20.86374167">
        <ele>138.7</ele>
        <time>2025-07-05T23:27:28Z</time>
      </trkpt>
      <trkpt lat="47.67056" lon="20.86359667">
        <ele>137.3</ele>
        <time>2025-07-05T23:27:36Z</time>
      </trkpt>
      <trkpt lat="47.670565" lon="20.86345333">
        <ele>138.2</ele>
        <time>2025-07-05T23:27:43Z</time>
      </trkpt>
      <trkpt lat="47.67056167" lon="20.86330667">
        <ele>136.7</ele>
        <time>2025-07-05T23:27:51Z</time>
      </trkpt>
      <trkpt lat="47.67055833" lon="20.86316833">
        <ele>135.8</ele>
        <time>2025-07-05T23:27:59Z</time>
      </trkpt>
      <trkpt lat="47.67055833" lon="20.86303167">
        <ele>137.7</ele>
        <time>2025-07-05T23:28:05Z</time>
      </trkpt>
      <trkpt lat="47.67055333" lon="20.86289667">
        <ele>138</ele>
        <time>2025-07-05T23:28:13Z</time>
      </trkpt>
      <trkpt lat="47.67055" lon="20.86275833">
        <ele>137.8</ele>
        <time>2025-07-05T23:28:22Z</time>
      </trkpt>
      <trkpt lat="47.67055667" lon="20.86261667">
        <ele>138.1</ele>
        <time>2025-07-05T23:28:32Z</time>
      </trkpt>
      <trkpt lat="47.67054833" lon="20.862475">
        <ele>138</ele>
        <time>2025-07-05T23:28:39Z</time>
      </trkpt>
      <trkpt lat="47.67054167" lon="20.86233833">
        <ele>138.6</ele>
        <time>2025-07-05T23:28:47Z</time>
      </trkpt>
      <trkpt lat="47.67054333" lon="20.86220167">
        <ele>138.2</ele>
        <time>2025-07-05T23:28:54Z</time>
      </trkpt>
      <trkpt lat="47.67054" lon="20.86206167">
        <ele>137.9</ele>
        <time>2025-07-05T23:29:02Z</time>
      </trkpt>
      <trkpt lat="47.67057667" lon="20.861935">
        <ele>136</ele>
        <time>2025-07-05T23:30:10Z</time>
      </trkpt>
      <trkpt lat="47.67053" lon="20.86181667">
        <ele>138.9</ele>
        <time>2025-07-05T23:30:18Z</time>
      </trkpt>
      <trkpt lat="47.67051667" lon="20.86165">
        <ele>142.6</ele>
        <time>2025-07-05T23:30:27Z</time>
      </trkpt>
      <trkpt lat="47.67053167" lon="20.8615">
        <ele>141.3</ele>
        <time>2025-07-05T23:30:37Z</time>
      </trkpt>
      <trkpt lat="47.67051833" lon="20.861365">
        <ele>138.9</ele>
        <time>2025-07-05T23:30:44Z</time>
      </trkpt>
      <trkpt lat="47.67053" lon="20.86122833">
        <ele>138</ele>
        <time>2025-07-05T23:30:52Z</time>
      </trkpt>
      <trkpt lat="47.67052667" lon="20.86108333">
        <ele>137.5</ele>
        <time>2025-07-05T23:31:00Z</time>
      </trkpt>
      <trkpt lat="47.67050667" lon="20.86095">
        <ele>137.5</ele>
        <time>2025-07-05T23:31:07Z</time>
      </trkpt>
      <trkpt lat="47.67050667" lon="20.86081667">
        <ele>137.8</ele>
        <time>2025-07-05T23:31:14Z</time>
      </trkpt>
      <trkpt lat="47.6705" lon="20.86067167">
        <ele>138.3</ele>
        <time>2025-07-05T23:31:23Z</time>
      </trkpt>
      <trkpt lat="47.67049833" lon="20.86053167">
        <ele>137.4</ele>
        <time>2025-07-05T23:31:32Z</time>
      </trkpt>
      <trkpt lat="47.67049167" lon="20.86038833">
        <ele>137.7</ele>
        <time>2025-07-05T23:31:40Z</time>
      </trkpt>
      <trkpt lat="47.67047333" lon="20.86025167">
        <ele>136.8</ele>
        <time>2025-07-05T23:31:47Z</time>
      </trkpt>
      <trkpt lat="47.67046333" lon="20.86011167">
        <ele>138.4</ele>
        <time>2025-07-05T23:31:55Z</time>
      </trkpt>
      <trkpt lat="47.67046333" lon="20.85996667">
        <ele>138.4</ele>
        <time>2025-07-05T23:32:04Z</time>
      </trkpt>
      <trkpt lat="47.670445" lon="20.85982167">
        <ele>138.3</ele>
        <time>2025-07-05T23:32:13Z</time>
      </trkpt>
      <trkpt lat="47.67044667" lon="20.85968">
        <ele>136.5</ele>
        <time>2025-07-05T23:32:21Z</time>
      </trkpt>
      <trkpt lat="47.67042333" lon="20.85954">
        <ele>135.7</ele>
        <time>2025-07-05T23:32:29Z</time>
      </trkpt>
      <trkpt lat="47.67042" lon="20.85940167">
        <ele>134.8</ele>
        <time>2025-07-05T23:32:37Z</time>
      </trkpt>
      <trkpt lat="47.670405" lon="20.85926">
        <ele>134.7</ele>
        <time>2025-07-05T23:32:45Z</time>
      </trkpt>
      <trkpt lat="47.67037167" lon="20.859125">
        <ele>134.7</ele>
        <time>2025-07-05T23:32:53Z</time>
      </trkpt>
      <trkpt lat="47.67036" lon="20.858985">
        <ele>135.5</ele>
        <time>2025-07-05T23:33:01Z</time>
      </trkpt>
      <trkpt lat="47.670325" lon="20.85885667">
        <ele>136.7</ele>
        <time>2025-07-05T23:33:09Z</time>
      </trkpt>
      <trkpt lat="47.67027667" lon="20.858735">
        <ele>137.7</ele>
        <time>2025-07-05T23:33:17Z</time>
      </trkpt>
      <trkpt lat="47.670245" lon="20.8586">
        <ele>136.8</ele>
        <time>2025-07-05T23:33:25Z</time>
      </trkpt>
      <trkpt lat="47.670215" lon="20.85846167">
        <ele>137.7</ele>
        <time>2025-07-05T23:33:33Z</time>
      </trkpt>
      <trkpt lat="47.67018833" lon="20.85832333">
        <ele>136.9</ele>
        <time>2025-07-05T23:33:41Z</time>
      </trkpt>
      <trkpt lat="47.67015167" lon="20.85818167">
        <ele>136.9</ele>
        <time>2025-07-05T23:33:50Z</time>
      </trkpt>
      <trkpt lat="47.670125" lon="20.85805333">
        <ele>136.1</ele>
        <time>2025-07-05T23:33:58Z</time>
      </trkpt>
      <trkpt lat="47.67008667" lon="20.85792333">
        <ele>136</ele>
        <time>2025-07-05T23:34:06Z</time>
      </trkpt>
      <trkpt lat="47.67005667" lon="20.857795">
        <ele>135.9</ele>
        <time>2025-07-05T23:34:13Z</time>
      </trkpt>
      <trkpt lat="47.67003167" lon="20.857665">
        <ele>136.7</ele>
        <time>2025-07-05T23:34:21Z</time>
      </trkpt>
      <trkpt lat="47.67000167" lon="20.85753833">
        <ele>135.5</ele>
        <time>2025-07-05T23:34:29Z</time>
      </trkpt>
      <trkpt lat="47.66996833" lon="20.85741167">
        <ele>135.6</ele>
        <time>2025-07-05T23:34:36Z</time>
      </trkpt>
      <trkpt lat="47.66994167" lon="20.85727167">
        <ele>136.1</ele>
        <time>2025-07-05T23:34:44Z</time>
      </trkpt>
      <trkpt lat="47.669905" lon="20.85714667">
        <ele>136.9</ele>
        <time>2025-07-05T23:34:51Z</time>
      </trkpt>
      <trkpt lat="47.66987833" lon="20.85700167">
        <ele>137.3</ele>
        <time>2025-07-05T23:35:00Z</time>
      </trkpt>
      <trkpt lat="47.669835" lon="20.85686667">
        <ele>138.7</ele>
        <time>2025-07-05T23:35:08Z</time>
      </trkpt>
      <trkpt lat="47.66979333" lon="20.85674833">
        <ele>139.2</ele>
        <time>2025-07-05T23:35:15Z</time>
      </trkpt>
      <trkpt lat="47.669775" lon="20.85661">
        <ele>139</ele>
        <time>2025-07-05T23:35:23Z</time>
      </trkpt>
      <trkpt lat="47.66974167" lon="20.856475">
        <ele>139.3</ele>
        <time>2025-07-05T23:35:32Z</time>
      </trkpt>
      <trkpt lat="47.66971833" lon="20.85633667">
        <ele>140.7</ele>
        <time>2025-07-05T23:35:40Z</time>
      </trkpt>
      <trkpt lat="47.66968333" lon="20.85621">
        <ele>141.3</ele>
        <time>2025-07-05T23:35:48Z</time>
      </trkpt>
      <trkpt lat="47.66964833" lon="20.85608333">
        <ele>141.6</ele>
        <time>2025-07-05T23:35:55Z</time>
      </trkpt>
      <trkpt lat="47.66962667" lon="20.85595167">
        <ele>141</ele>
        <time>2025-07-05T23:36:03Z</time>
      </trkpt>
      <trkpt lat="47.66960167" lon="20.85582">
        <ele>140.2</ele>
        <time>2025-07-05T23:36:11Z</time>
      </trkpt>
      <trkpt lat="47.66956833" lon="20.85568667">
        <ele>138.5</ele>
        <time>2025-07-05T23:36:19Z</time>
      </trkpt>
      <trkpt lat="47.66954" lon="20.855555">
        <ele>138</ele>
        <time>2025-07-05T23:36:27Z</time>
      </trkpt>
      <trkpt lat="47.66949833" lon="20.85541833">
        <ele>137.7</ele>
        <time>2025-07-05T23:36:35Z</time>
      </trkpt>
      <trkpt lat="47.66947333" lon="20.85527833">
        <ele>138.1</ele>
        <time>2025-07-05T23:36:44Z</time>
      </trkpt>
      <trkpt lat="47.669435" lon="20.85514333">
        <ele>137.6</ele>
        <time>2025-07-05T23:36:51Z</time>
      </trkpt>
      <trkpt lat="47.66939833" lon="20.85501833">
        <ele>138</ele>
        <time>2025-07-05T23:36:59Z</time>
      </trkpt>
      <trkpt lat="47.66937667" lon="20.85488667">
        <ele>138.5</ele>
        <time>2025-07-05T23:37:07Z</time>
      </trkpt>
      <trkpt lat="47.669345" lon="20.85476167">
        <ele>138.6</ele>
        <time>2025-07-05T23:37:14Z</time>
      </trkpt>
      <trkpt lat="47.66931833" lon="20.85462333">
        <ele>137.7</ele>
        <time>2025-07-05T23:37:22Z</time>
      </trkpt>
      <trkpt lat="47.66928833" lon="20.85448833">
        <ele>136.2</ele>
        <time>2025-07-05T23:37:31Z</time>
      </trkpt>
      <trkpt lat="47.66925833" lon="20.85434833">
        <ele>137.2</ele>
        <time>2025-07-05T23:37:39Z</time>
      </trkpt>
      <trkpt lat="47.669225" lon="20.85421333">
        <ele>138.3</ele>
        <time>2025-07-05T23:37:46Z</time>
      </trkpt>
      <trkpt lat="47.669185" lon="20.854085">
        <ele>139.4</ele>
        <time>2025-07-05T23:37:54Z</time>
      </trkpt>
      <trkpt lat="47.66914333" lon="20.85395833">
        <ele>140.4</ele>
        <time>2025-07-05T23:38:01Z</time>
      </trkpt>
      <trkpt lat="47.66911167" lon="20.85381667">
        <ele>140.4</ele>
        <time>2025-07-05T23:38:09Z</time>
      </trkpt>
      <trkpt lat="47.669075" lon="20.85367667">
        <ele>139.4</ele>
        <time>2025-07-05T23:38:18Z</time>
      </trkpt>
      <trkpt lat="47.66905" lon="20.85354833">
        <ele>137.7</ele>
        <time>2025-07-05T23:38:25Z</time>
      </trkpt>
      <trkpt lat="47.66902" lon="20.85342167">
        <ele>137.5</ele>
        <time>2025-07-05T23:38:33Z</time>
      </trkpt>
      <trkpt lat="47.66898167" lon="20.85329333">
        <ele>136.6</ele>
        <time>2025-07-05T23:38:40Z</time>
      </trkpt>
      <trkpt lat="47.668955" lon="20.85315333">
        <ele>136.4</ele>
        <time>2025-07-05T23:38:49Z</time>
      </trkpt>
      <trkpt lat="47.66891667" lon="20.85301167">
        <ele>135.9</ele>
        <time>2025-07-05T23:38:57Z</time>
      </trkpt>
      <trkpt lat="47.66887667" lon="20.85288667">
        <ele>136.9</ele>
        <time>2025-07-05T23:39:05Z</time>
      </trkpt>
      <trkpt lat="47.66883833" lon="20.85275667">
        <ele>137.7</ele>
        <time>2025-07-05T23:39:13Z</time>
      </trkpt>
      <trkpt lat="47.66881" lon="20.85262">
        <ele>138.6</ele>
        <time>2025-07-05T23:39:21Z</time>
      </trkpt>
      <trkpt lat="47.668765" lon="20.852495">
        <ele>138.7</ele>
        <time>2025-07-05T23:39:29Z</time>
      </trkpt>
      <trkpt lat="47.66875333" lon="20.85236167">
        <ele>138.2</ele>
        <time>2025-07-05T23:39:38Z</time>
      </trkpt>
      <trkpt lat="47.66870167" lon="20.85225167">
        <ele>138.5</ele>
        <time>2025-07-05T23:39:46Z</time>
      </trkpt>
      <trkpt lat="47.66866" lon="20.85211833">
        <ele>139</ele>
        <time>2025-07-05T23:39:54Z</time>
      </trkpt>
      <trkpt lat="47.66862333" lon="20.85198833">
        <ele>139.3</ele>
        <time>2025-07-05T23:40:02Z</time>
      </trkpt>
      <trkpt lat="47.66858667" lon="20.85185167">
        <ele>138.9</ele>
        <time>2025-07-05T23:40:09Z</time>
      </trkpt>
      <trkpt lat="47.66857" lon="20.85171833">
        <ele>138.1</ele>
        <time>2025-07-05T23:40:17Z</time>
      </trkpt>
      <trkpt lat="47.66853167" lon="20.85157667">
        <ele>137.1</ele>
        <time>2025-07-05T23:40:25Z</time>
      </trkpt>
      <trkpt lat="47.66851167" lon="20.85143833">
        <ele>134.2</ele>
        <time>2025-07-05T23:40:33Z</time>
      </trkpt>
      <trkpt lat="47.66848833" lon="20.85129833">
        <ele>133</ele>
        <time>2025-07-05T23:40:41Z</time>
      </trkpt>
      <trkpt lat="47.66847" lon="20.85114333">
        <ele>131.7</ele>
        <time>2025-07-05T23:40:50Z</time>
      </trkpt>
      <trkpt lat="47.66842" lon="20.851015">
        <ele>132.6</ele>
        <time>2025-07-05T23:40:58Z</time>
      </trkpt>
      <trkpt lat="47.668385" lon="20.85087333">
        <ele>133.4</ele>
        <time>2025-07-05T23:41:06Z</time>
      </trkpt>
      <trkpt lat="47.668355" lon="20.85073167">
        <ele>133.4</ele>
        <time>2025-07-05T23:41:15Z</time>
      </trkpt>
      <trkpt lat="47.66832" lon="20.85060833">
        <ele>133.8</ele>
        <time>2025-07-05T23:41:23Z</time>
      </trkpt>
      <trkpt lat="47.66829" lon="20.85047">
        <ele>135</ele>
        <time>2025-07-05T23:41:31Z</time>
      </trkpt>
      <trkpt lat="47.66824167" lon="20.85034">
        <ele>136</ele>
        <time>2025-07-05T23:41:39Z</time>
      </trkpt>
      <trkpt lat="47.6682" lon="20.85021333">
        <ele>136.5</ele>
        <time>2025-07-05T23:41:47Z</time>
      </trkpt>
      <trkpt lat="47.66817" lon="20.85007333">
        <ele>137.2</ele>
        <time>2025-07-05T23:41:55Z</time>
      </trkpt>
      <trkpt lat="47.66813333" lon="20.84994333">
        <ele>137.5</ele>
        <time>2025-07-05T23:42:03Z</time>
      </trkpt>
      <trkpt lat="47.66809667" lon="20.84981833">
        <ele>137.5</ele>
        <time>2025-07-05T23:42:10Z</time>
      </trkpt>
      <trkpt lat="47.66806333" lon="20.84968167">
        <ele>137.9</ele>
        <time>2025-07-05T23:42:18Z</time>
      </trkpt>
      <trkpt lat="47.66802833" lon="20.84955167">
        <ele>138.6</ele>
        <time>2025-07-05T23:42:26Z</time>
      </trkpt>
      <trkpt lat="47.66798333" lon="20.84941667">
        <ele>138.6</ele>
        <time>2025-07-05T23:42:35Z</time>
      </trkpt>
      <trkpt lat="47.66795833" lon="20.84928">
        <ele>138.2</ele>
        <time>2025-07-05T23:42:42Z</time>
      </trkpt>
      <trkpt lat="47.66793167" lon="20.84913833">
        <ele>135.9</ele>
        <time>2025-07-05T23:42:51Z</time>
      </trkpt>
      <trkpt lat="47.667895" lon="20.849">
        <ele>136.1</ele>
        <time>2025-07-05T23:42:59Z</time>
      </trkpt>
      <trkpt lat="47.66785833" lon="20.84886667">
        <ele>136.3</ele>
        <time>2025-07-05T23:43:07Z</time>
      </trkpt>
      <trkpt lat="47.667815" lon="20.84873333">
        <ele>135.9</ele>
        <time>2025-07-05T23:43:15Z</time>
      </trkpt>
      <trkpt lat="47.66778667" lon="20.84860333">
        <ele>134.5</ele>
        <time>2025-07-05T23:43:23Z</time>
      </trkpt>
      <trkpt lat="47.66775667" lon="20.84847667">
        <ele>135.5</ele>
        <time>2025-07-05T23:43:31Z</time>
      </trkpt>
      <trkpt lat="47.66773" lon="20.84834333">
        <ele>134.5</ele>
        <time>2025-07-05T23:43:39Z</time>
      </trkpt>
      <trkpt lat="47.66769" lon="20.84820667">
        <ele>134.7</ele>
        <time>2025-07-05T23:43:47Z</time>
      </trkpt>
      <trkpt lat="47.66764667" lon="20.84808167">
        <ele>134.4</ele>
        <time>2025-07-05T23:43:54Z</time>
      </trkpt>
      <trkpt lat="47.66761833" lon="20.84795">
        <ele>135.6</ele>
        <time>2025-07-05T23:44:02Z</time>
      </trkpt>
      <trkpt lat="47.66757833" lon="20.84780667">
        <ele>136.3</ele>
        <time>2025-07-05T23:44:10Z</time>
      </trkpt>
      <trkpt lat="47.66754667" lon="20.84766667">
        <ele>136.6</ele>
        <time>2025-07-05T23:44:19Z</time>
      </trkpt>
      <trkpt lat="47.66751333" lon="20.84753">
        <ele>135.3</ele>
        <time>2025-07-05T23:44:27Z</time>
      </trkpt>
      <trkpt lat="47.66748667" lon="20.84740167">
        <ele>135.7</ele>
        <time>2025-07-05T23:44:34Z</time>
      </trkpt>
      <trkpt lat="47.66745167" lon="20.84727333">
        <ele>134</ele>
        <time>2025-07-05T23:44:42Z</time>
      </trkpt>
      <trkpt lat="47.66742" lon="20.847145">
        <ele>134.5</ele>
        <time>2025-07-05T23:44:49Z</time>
      </trkpt>
      <trkpt lat="47.6674" lon="20.84701333">
        <ele>134.1</ele>
        <time>2025-07-05T23:44:56Z</time>
      </trkpt>
      <trkpt lat="47.66737667" lon="20.84687833">
        <ele>133.7</ele>
        <time>2025-07-05T23:45:03Z</time>
      </trkpt>
      <trkpt lat="47.66735667" lon="20.84674333">
        <ele>133.3</ele>
        <time>2025-07-05T23:45:11Z</time>
      </trkpt>
      <trkpt lat="47.66734833" lon="20.8466">
        <ele>132.4</ele>
        <time>2025-07-05T23:45:19Z</time>
      </trkpt>
      <trkpt lat="47.66732833" lon="20.84646667">
        <ele>133.2</ele>
        <time>2025-07-05T23:45:27Z</time>
      </trkpt>
      <trkpt lat="47.66730833" lon="20.84633667">
        <ele>135.3</ele>
        <time>2025-07-05T23:45:34Z</time>
      </trkpt>
      <trkpt lat="47.66730667" lon="20.84618833">
        <ele>137.2</ele>
        <time>2025-07-05T23:45:42Z</time>
      </trkpt>
      <trkpt lat="47.66727833" lon="20.84606">
        <ele>138.9</ele>
        <time>2025-07-05T23:45:49Z</time>
      </trkpt>
      <trkpt lat="47.66726167" lon="20.84592">
        <ele>137.9</ele>
        <time>2025-07-05T23:45:57Z</time>
      </trkpt>
      <trkpt lat="47.66723833" lon="20.845775">
        <ele>138.4</ele>
        <time>2025-07-05T23:46:05Z</time>
      </trkpt>
      <trkpt lat="47.66722333" lon="20.84563333">
        <ele>137.9</ele>
        <time>2025-07-05T23:46:13Z</time>
      </trkpt>
      <trkpt lat="47.66720167" lon="20.84549">
        <ele>136.7</ele>
        <time>2025-07-05T23:46:21Z</time>
      </trkpt>
      <trkpt lat="47.66721167" lon="20.84535">
        <ele>136</ele>
        <time>2025-07-05T23:46:29Z</time>
      </trkpt>
      <trkpt lat="47.66721833" lon="20.84521667">
        <ele>135.8</ele>
        <time>2025-07-05T23:46:36Z</time>
      </trkpt>
      <trkpt lat="47.66720667" lon="20.84508333">
        <ele>134.4</ele>
        <time>2025-07-05T23:46:43Z</time>
      </trkpt>
      <trkpt lat="47.66718667" lon="20.84494167">
        <ele>133.1</ele>
        <time>2025-07-05T23:46:51Z</time>
      </trkpt>
      <trkpt lat="47.66718" lon="20.84480833">
        <ele>133.3</ele>
        <time>2025-07-05T23:46:58Z</time>
      </trkpt>
      <trkpt lat="47.667175" lon="20.84466333">
        <ele>132.9</ele>
        <time>2025-07-05T23:47:06Z</time>
      </trkpt>
      <trkpt lat="47.66716333" lon="20.84451833">
        <ele>132.7</ele>
        <time>2025-07-05T23:47:14Z</time>
      </trkpt>
      <trkpt lat="47.66713833" lon="20.844385">
        <ele>132.3</ele>
        <time>2025-07-05T23:47:22Z</time>
      </trkpt>
      <trkpt lat="47.66712167" lon="20.84425">
        <ele>132.8</ele>
        <time>2025-07-05T23:47:30Z</time>
      </trkpt>
      <trkpt lat="47.66711" lon="20.84410667">
        <ele>133.2</ele>
        <time>2025-07-05T23:47:37Z</time>
      </trkpt>
      <trkpt lat="47.66710833" lon="20.84397">
        <ele>134</ele>
        <time>2025-07-05T23:47:44Z</time>
      </trkpt>
      <trkpt lat="47.667095" lon="20.84382833">
        <ele>134.1</ele>
        <time>2025-07-05T23:47:51Z</time>
      </trkpt>
      <trkpt lat="47.66708" lon="20.84369167">
        <ele>134</ele>
        <time>2025-07-05T23:47:58Z</time>
      </trkpt>
      <trkpt lat="47.667075" lon="20.843545">
        <ele>133.4</ele>
        <time>2025-07-05T23:48:07Z</time>
      </trkpt>
      <trkpt lat="47.66706167" lon="20.84339833">
        <ele>133.5</ele>
        <time>2025-07-05T23:48:14Z</time>
      </trkpt>
      <trkpt lat="47.66704667" lon="20.843265">
        <ele>134.3</ele>
        <time>2025-07-05T23:48:21Z</time>
      </trkpt>
      <trkpt lat="47.66703667" lon="20.84312167">
        <ele>135</ele>
        <time>2025-07-05T23:48:28Z</time>
      </trkpt>
      <trkpt lat="47.667025" lon="20.84298">
        <ele>134.7</ele>
        <time>2025-07-05T23:48:35Z</time>
      </trkpt>
      <trkpt lat="47.66702167" lon="20.84284167">
        <ele>133.6</ele>
        <time>2025-07-05T23:48:42Z</time>
      </trkpt>
      <trkpt lat="47.66701667" lon="20.842695">
        <ele>132.9</ele>
        <time>2025-07-05T23:48:50Z</time>
      </trkpt>
      <trkpt lat="47.667005" lon="20.84255667">
        <ele>132.3</ele>
        <time>2025-07-05T23:48:57Z</time>
      </trkpt>
      <trkpt lat="47.666995" lon="20.84241833">
        <ele>132</ele>
        <time>2025-07-05T23:49:04Z</time>
      </trkpt>
      <trkpt lat="47.666985" lon="20.842285">
        <ele>133.1</ele>
        <time>2025-07-05T23:49:11Z</time>
      </trkpt>
      <trkpt lat="47.66697667" lon="20.842135">
        <ele>134</ele>
        <time>2025-07-05T23:49:19Z</time>
      </trkpt>
      <trkpt lat="47.66697167" lon="20.84198833">
        <ele>133.7</ele>
        <time>2025-07-05T23:49:27Z</time>
      </trkpt>
      <trkpt lat="47.66696333" lon="20.84185167">
        <ele>133.7</ele>
        <time>2025-07-05T23:49:34Z</time>
      </trkpt>
      <trkpt lat="47.66695333" lon="20.84171667">
        <ele>133.7</ele>
        <time>2025-07-05T23:49:41Z</time>
      </trkpt>
      <trkpt lat="47.66695" lon="20.841575">
        <ele>134.1</ele>
        <time>2025-07-05T23:49:48Z</time>
      </trkpt>
      <trkpt lat="47.666935" lon="20.84144">
        <ele>134.6</ele>
        <time>2025-07-05T23:49:55Z</time>
      </trkpt>
      <trkpt lat="47.66690833" lon="20.84130833">
        <ele>134.2</ele>
        <time>2025-07-05T23:50:02Z</time>
      </trkpt>
      <trkpt lat="47.66690333" lon="20.84116333">
        <ele>133.5</ele>
        <time>2025-07-05T23:50:09Z</time>
      </trkpt>
      <trkpt lat="47.66690833" lon="20.841025">
        <ele>133.8</ele>
        <time>2025-07-05T23:50:18Z</time>
      </trkpt>
      <trkpt lat="47.66689667" lon="20.84087833">
        <ele>134.2</ele>
        <time>2025-07-05T23:50:27Z</time>
      </trkpt>
      <trkpt lat="47.66688667" lon="20.84074333">
        <ele>135.9</ele>
        <time>2025-07-05T23:50:34Z</time>
      </trkpt>
      <trkpt lat="47.66688" lon="20.84060667">
        <ele>138.6</ele>
        <time>2025-07-05T23:50:41Z</time>
      </trkpt>
      <trkpt lat="47.66687333" lon="20.84047">
        <ele>140</ele>
        <time>2025-07-05T23:50:49Z</time>
      </trkpt>
      <trkpt lat="47.66686167" lon="20.84032">
        <ele>138.9</ele>
        <time>2025-07-05T23:50:58Z</time>
      </trkpt>
      <trkpt lat="47.66686667" lon="20.84018167">
        <ele>139.6</ele>
        <time>2025-07-05T23:51:06Z</time>
      </trkpt>
      <trkpt lat="47.66685" lon="20.84004">
        <ele>140</ele>
        <time>2025-07-05T23:51:13Z</time>
      </trkpt>
      <trkpt lat="47.66685667" lon="20.83989">
        <ele>139.7</ele>
        <time>2025-07-05T23:51:21Z</time>
      </trkpt>
      <trkpt lat="47.666845" lon="20.83975333">
        <ele>138.9</ele>
        <time>2025-07-05T23:51:29Z</time>
      </trkpt>
      <trkpt lat="47.66683167" lon="20.83961833">
        <ele>139</ele>
        <time>2025-07-05T23:51:36Z</time>
      </trkpt>
      <trkpt lat="47.66681333" lon="20.83948667">
        <ele>138.3</ele>
        <time>2025-07-05T23:51:44Z</time>
      </trkpt>
      <trkpt lat="47.666805" lon="20.83932667">
        <ele>137.9</ele>
        <time>2025-07-05T23:51:51Z</time>
      </trkpt>
      <trkpt lat="47.66682" lon="20.83919167">
        <ele>159.6</ele>
        <time>2025-07-05T23:51:58Z</time>
      </trkpt>
      <trkpt lat="47.666815" lon="20.83904167">
        <ele>147.2</ele>
        <time>2025-07-05T23:52:07Z</time>
      </trkpt>
      <trkpt lat="47.666805" lon="20.83890667">
        <ele>144.1</ele>
        <time>2025-07-05T23:52:14Z</time>
      </trkpt>
      <trkpt lat="47.666795" lon="20.83876667">
        <ele>142.1</ele>
        <time>2025-07-05T23:52:20Z</time>
      </trkpt>
      <trkpt lat="47.66678" lon="20.83862167">
        <ele>140.6</ele>
        <time>2025-07-05T23:52:27Z</time>
      </trkpt>
      <trkpt lat="47.66676667" lon="20.83847833">
        <ele>137.7</ele>
        <time>2025-07-05T23:52:34Z</time>
      </trkpt>
      <trkpt lat="47.666735" lon="20.83835333">
        <ele>133.3</ele>
        <time>2025-07-05T23:52:42Z</time>
      </trkpt>
      <trkpt lat="47.66675667" lon="20.83821333">
        <ele>130.6</ele>
        <time>2025-07-05T23:52:51Z</time>
      </trkpt>
      <trkpt lat="47.66676" lon="20.83807833">
        <ele>129</ele>
        <time>2025-07-05T23:52:59Z</time>
      </trkpt>
      <trkpt lat="47.66677667" lon="20.83793833">
        <ele>128.3</ele>
        <time>2025-07-05T23:53:07Z</time>
      </trkpt>
      <trkpt lat="47.66678167" lon="20.837785">
        <ele>127.3</ele>
        <time>2025-07-05T23:53:15Z</time>
      </trkpt>
      <trkpt lat="47.666785" lon="20.83763667">
        <ele>127.2</ele>
        <time>2025-07-05T23:53:23Z</time>
      </trkpt>
      <trkpt lat="47.66678" lon="20.83749667">
        <ele>128.1</ele>
        <time>2025-07-05T23:53:31Z</time>
      </trkpt>
      <trkpt lat="47.66679" lon="20.83735">
        <ele>128.4</ele>
        <time>2025-07-05T23:53:39Z</time>
      </trkpt>
      <trkpt lat="47.66678333" lon="20.83721167">
        <ele>128.6</ele>
        <time>2025-07-05T23:53:47Z</time>
      </trkpt>
      <trkpt lat="47.66679333" lon="20.837065">
        <ele>129.5</ele>
        <time>2025-07-05T23:53:55Z</time>
      </trkpt>
      <trkpt lat="47.666785" lon="20.836915">
        <ele>130.4</ele>
        <time>2025-07-05T23:54:03Z</time>
      </trkpt>
      <trkpt lat="47.66677167" lon="20.83677">
        <ele>130.3</ele>
        <time>2025-07-05T23:54:10Z</time>
      </trkpt>
      <trkpt lat="47.666765" lon="20.836635">
        <ele>129.3</ele>
        <time>2025-07-05T23:54:17Z</time>
      </trkpt>
      <trkpt lat="47.666765" lon="20.83649833">
        <ele>128.3</ele>
        <time>2025-07-05T23:54:25Z</time>
      </trkpt>
      <trkpt lat="47.666775" lon="20.83633833">
        <ele>130.5</ele>
        <time>2025-07-05T23:54:33Z</time>
      </trkpt>
      <trkpt lat="47.66677" lon="20.8362">
        <ele>131.8</ele>
        <time>2025-07-05T23:54:40Z</time>
      </trkpt>
      <trkpt lat="47.666785" lon="20.83606">
        <ele>132.3</ele>
        <time>2025-07-05T23:54:48Z</time>
      </trkpt>
      <trkpt lat="47.66678833" lon="20.83592667">
        <ele>132.9</ele>
        <time>2025-07-05T23:54:57Z</time>
      </trkpt>
      <trkpt lat="47.66680333" lon="20.83578167">
        <ele>133</ele>
        <time>2025-07-05T23:55:06Z</time>
      </trkpt>
      <trkpt lat="47.666805" lon="20.83563333">
        <ele>133</ele>
        <time>2025-07-05T23:55:14Z</time>
      </trkpt>
      <trkpt lat="47.66678833" lon="20.83549">
        <ele>133</ele>
        <time>2025-07-05T23:55:23Z</time>
      </trkpt>
      <trkpt lat="47.66679333" lon="20.83535167">
        <ele>132.6</ele>
        <time>2025-07-05T23:55:30Z</time>
      </trkpt>
      <trkpt lat="47.66682333" lon="20.83521">
        <ele>131.3</ele>
        <time>2025-07-05T23:55:39Z</time>
      </trkpt>
      <trkpt lat="47.66681833" lon="20.83506">
        <ele>131.1</ele>
        <time>2025-07-05T23:55:46Z</time>
      </trkpt>
      <trkpt lat="47.66681667" lon="20.834925">
        <ele>131.1</ele>
        <time>2025-07-05T23:55:54Z</time>
      </trkpt>
      <trkpt lat="47.66682167" lon="20.83479167">
        <ele>131.4</ele>
        <time>2025-07-05T23:56:01Z</time>
      </trkpt>
      <trkpt lat="47.66683" lon="20.834645">
        <ele>131.1</ele>
        <time>2025-07-05T23:56:09Z</time>
      </trkpt>
      <trkpt lat="47.666835" lon="20.8345">
        <ele>131.6</ele>
        <time>2025-07-05T23:56:17Z</time>
      </trkpt>
      <trkpt lat="47.66683333" lon="20.83436167">
        <ele>132.8</ele>
        <time>2025-07-05T23:56:25Z</time>
      </trkpt>
      <trkpt lat="47.66683333" lon="20.83422833">
        <ele>134.3</ele>
        <time>2025-07-05T23:56:32Z</time>
      </trkpt>
      <trkpt lat="47.66683167" lon="20.83408667">
        <ele>135.1</ele>
        <time>2025-07-05T23:56:39Z</time>
      </trkpt>
      <trkpt lat="47.66684167" lon="20.83393667">
        <ele>134.6</ele>
        <time>2025-07-05T23:56:48Z</time>
      </trkpt>
      <trkpt lat="47.66686" lon="20.83379667">
        <ele>134.5</ele>
        <time>2025-07-05T23:56:56Z</time>
      </trkpt>
      <trkpt lat="47.66685667" lon="20.83364833">
        <ele>134.4</ele>
        <time>2025-07-05T23:57:04Z</time>
      </trkpt>
      <trkpt lat="47.666845" lon="20.83351333">
        <ele>134.4</ele>
        <time>2025-07-05T23:57:11Z</time>
      </trkpt>
      <trkpt lat="47.66683833" lon="20.83336833">
        <ele>134.7</ele>
        <time>2025-07-05T23:57:19Z</time>
      </trkpt>
      <trkpt lat="47.66683333" lon="20.83323167">
        <ele>133.8</ele>
        <time>2025-07-05T23:57:26Z</time>
      </trkpt>
      <trkpt lat="47.66684333" lon="20.83308">
        <ele>133</ele>
        <time>2025-07-05T23:57:34Z</time>
      </trkpt>
      <trkpt lat="47.66684" lon="20.83294">
        <ele>132.1</ele>
        <time>2025-07-05T23:57:42Z</time>
      </trkpt>
      <trkpt lat="47.666835" lon="20.83278667">
        <ele>131.9</ele>
        <time>2025-07-05T23:57:50Z</time>
      </trkpt>
      <trkpt lat="47.66683833" lon="20.83264">
        <ele>132.6</ele>
        <time>2025-07-05T23:57:57Z</time>
      </trkpt>
      <trkpt lat="47.666825" lon="20.83249667">
        <ele>133</ele>
        <time>2025-07-05T23:58:05Z</time>
      </trkpt>
      <trkpt lat="47.66684" lon="20.83235833">
        <ele>133.8</ele>
        <time>2025-07-05T23:58:13Z</time>
      </trkpt>
      <trkpt lat="47.66684833" lon="20.83222333">
        <ele>133.9</ele>
        <time>2025-07-05T23:58:20Z</time>
      </trkpt>
      <trkpt lat="47.666845" lon="20.83207">
        <ele>133.5</ele>
        <time>2025-07-05T23:58:28Z</time>
      </trkpt>
      <trkpt lat="47.666855" lon="20.831925">
        <ele>134.9</ele>
        <time>2025-07-05T23:58:36Z</time>
      </trkpt>
      <trkpt lat="47.66686167" lon="20.83178667">
        <ele>134.6</ele>
        <time>2025-07-05T23:58:44Z</time>
      </trkpt>
      <trkpt lat="47.66685833" lon="20.83165333">
        <ele>133.7</ele>
        <time>2025-07-05T23:58:51Z</time>
      </trkpt>
      <trkpt lat="47.66685333" lon="20.83151667">
        <ele>133.8</ele>
        <time>2025-07-05T23:58:58Z</time>
      </trkpt>
      <trkpt lat="47.66684167" lon="20.83137">
        <ele>133.1</ele>
        <time>2025-07-05T23:59:06Z</time>
      </trkpt>
      <trkpt lat="47.666835" lon="20.831225">
        <ele>131.8</ele>
        <time>2025-07-05T23:59:14Z</time>
      </trkpt>
      <trkpt lat="47.66685333" lon="20.83107667">
        <ele>130.5</ele>
        <time>2025-07-05T23:59:22Z</time>
      </trkpt>
      <trkpt lat="47.66685833" lon="20.83093333">
        <ele>129.7</ele>
        <time>2025-07-05T23:59:30Z</time>
      </trkpt>
      <trkpt lat="47.66686167" lon="20.83079">
        <ele>130.1</ele>
        <time>2025-07-05T23:59:38Z</time>
      </trkpt>
      <trkpt lat="47.66684833" lon="20.83064667">
        <ele>129.9</ele>
        <time>2025-07-05T23:59:46Z</time>
      </trkpt>
      <trkpt lat="47.666845" lon="20.83050167">
        <ele>128.4</ele>
        <time>2025-07-05T23:59:54Z</time>
      </trkpt>
      <trkpt lat="47.66685167" lon="20.83035667">
        <ele>136.8</ele>
        <time>2025-07-06T00:00:20Z</time>
      </trkpt>
      <trkpt lat="47.66683833" lon="20.83022167">
        <ele>137.9</ele>
        <time>2025-07-06T00:00:27Z</time>
      </trkpt>
      <trkpt lat="47.66682667" lon="20.83007333">
        <ele>136.6</ele>
        <time>2025-07-06T00:00:36Z</time>
      </trkpt>
      <trkpt lat="47.66682667" lon="20.82993333">
        <ele>136</ele>
        <time>2025-07-06T00:00:43Z</time>
      </trkpt>
      <trkpt lat="47.66683333" lon="20.8298">
        <ele>140.5</ele>
        <time>2025-07-06T00:00:50Z</time>
      </trkpt>
      <trkpt lat="47.66683167" lon="20.82966">
        <ele>139.2</ele>
        <time>2025-07-06T00:00:58Z</time>
      </trkpt>
      <trkpt lat="47.66683" lon="20.82951333">
        <ele>137.3</ele>
        <time>2025-07-06T00:01:06Z</time>
      </trkpt>
      <trkpt lat="47.66681333" lon="20.82938167">
        <ele>136.7</ele>
        <time>2025-07-06T00:01:14Z</time>
      </trkpt>
      <trkpt lat="47.66681667" lon="20.82924833">
        <ele>136.5</ele>
        <time>2025-07-06T00:01:22Z</time>
      </trkpt>
      <trkpt lat="47.66680667" lon="20.829115">
        <ele>137.9</ele>
        <time>2025-07-06T00:01:29Z</time>
      </trkpt>
      <trkpt lat="47.66680833" lon="20.828975">
        <ele>137.5</ele>
        <time>2025-07-06T00:01:37Z</time>
      </trkpt>
      <trkpt lat="47.66679667" lon="20.82883">
        <ele>137.8</ele>
        <time>2025-07-06T00:01:45Z</time>
      </trkpt>
      <trkpt lat="47.66679833" lon="20.82869333">
        <ele>136.6</ele>
        <time>2025-07-06T00:01:53Z</time>
      </trkpt>
      <trkpt lat="47.6668" lon="20.82855667">
        <ele>135.8</ele>
        <time>2025-07-06T00:02:02Z</time>
      </trkpt>
      <trkpt lat="47.66680833" lon="20.82841833">
        <ele>135.9</ele>
        <time>2025-07-06T00:02:11Z</time>
      </trkpt>
      <trkpt lat="47.66683333" lon="20.828285">
        <ele>137</ele>
        <time>2025-07-06T00:02:18Z</time>
      </trkpt>
      <trkpt lat="47.66681667" lon="20.82814333">
        <ele>134.4</ele>
        <time>2025-07-06T00:02:26Z</time>
      </trkpt>
      <trkpt lat="47.66682" lon="20.82799167">
        <ele>133.5</ele>
        <time>2025-07-06T00:02:35Z</time>
      </trkpt>
      <trkpt lat="47.66683" lon="20.82784167">
        <ele>135.3</ele>
        <time>2025-07-06T00:02:44Z</time>
      </trkpt>
      <trkpt lat="47.666835" lon="20.82769667">
        <ele>136</ele>
        <time>2025-07-06T00:02:52Z</time>
      </trkpt>
      <trkpt lat="47.66682833" lon="20.82756">
        <ele>136</ele>
        <time>2025-07-06T00:02:58Z</time>
      </trkpt>
      <trkpt lat="47.666835" lon="20.82741167">
        <ele>135.9</ele>
        <time>2025-07-06T00:03:07Z</time>
      </trkpt>
      <trkpt lat="47.66683" lon="20.82726167">
        <ele>136.2</ele>
        <time>2025-07-06T00:03:16Z</time>
      </trkpt>
      <trkpt lat="47.66683167" lon="20.827115">
        <ele>136.8</ele>
        <time>2025-07-06T00:03:23Z</time>
      </trkpt>
      <trkpt lat="47.666825" lon="20.82698">
        <ele>135.5</ele>
        <time>2025-07-06T00:03:30Z</time>
      </trkpt>
      <trkpt lat="47.66682167" lon="20.82683333">
        <ele>136.1</ele>
        <time>2025-07-06T00:03:38Z</time>
      </trkpt>
      <trkpt lat="47.66683333" lon="20.82669">
        <ele>134</ele>
        <time>2025-07-06T00:03:46Z</time>
      </trkpt>
      <trkpt lat="47.66683667" lon="20.82654167">
        <ele>133.6</ele>
        <time>2025-07-06T00:03:54Z</time>
      </trkpt>
      <trkpt lat="47.66685167" lon="20.8264">
        <ele>133.1</ele>
        <time>2025-07-06T00:04:01Z</time>
      </trkpt>
      <trkpt lat="47.66686167" lon="20.82626333">
        <ele>132.9</ele>
        <time>2025-07-06T00:04:09Z</time>
      </trkpt>
      <trkpt lat="47.666875" lon="20.82611167">
        <ele>133.1</ele>
        <time>2025-07-06T00:04:18Z</time>
      </trkpt>
      <trkpt lat="47.66688" lon="20.825965">
        <ele>134.2</ele>
        <time>2025-07-06T00:04:26Z</time>
      </trkpt>
      <trkpt lat="47.66689667" lon="20.82582167">
        <ele>133.2</ele>
        <time>2025-07-06T00:04:34Z</time>
      </trkpt>
      <trkpt lat="47.6669" lon="20.82567833">
        <ele>133.8</ele>
        <time>2025-07-06T00:04:41Z</time>
      </trkpt>
      <trkpt lat="47.66691" lon="20.82554">
        <ele>133.7</ele>
        <time>2025-07-06T00:04:49Z</time>
      </trkpt>
      <trkpt lat="47.66691" lon="20.8254">
        <ele>134.5</ele>
        <time>2025-07-06T00:04:56Z</time>
      </trkpt>
      <trkpt lat="47.66694" lon="20.82527167">
        <ele>134.2</ele>
        <time>2025-07-06T00:05:04Z</time>
      </trkpt>
      <trkpt lat="47.666945" lon="20.82513333">
        <ele>135.5</ele>
        <time>2025-07-06T00:05:12Z</time>
      </trkpt>
      <trkpt lat="47.66696" lon="20.82499333">
        <ele>136</ele>
        <time>2025-07-06T00:05:19Z</time>
      </trkpt>
      <trkpt lat="47.66698" lon="20.82486167">
        <ele>135.1</ele>
        <time>2025-07-06T00:05:27Z</time>
      </trkpt>
      <trkpt lat="47.66699167" lon="20.82472833">
        <ele>134.9</ele>
        <time>2025-07-06T00:05:34Z</time>
      </trkpt>
      <trkpt lat="47.66702" lon="20.82459">
        <ele>134.4</ele>
        <time>2025-07-06T00:05:42Z</time>
      </trkpt>
      <trkpt lat="47.667025" lon="20.824455">
        <ele>134.8</ele>
        <time>2025-07-06T00:05:50Z</time>
      </trkpt>
      <trkpt lat="47.66703667" lon="20.82431333">
        <ele>135</ele>
        <time>2025-07-06T00:05:57Z</time>
      </trkpt>
      <trkpt lat="47.66705167" lon="20.82417833">
        <ele>135.1</ele>
        <time>2025-07-06T00:06:05Z</time>
      </trkpt>
      <trkpt lat="47.667065" lon="20.82404">
        <ele>135.9</ele>
        <time>2025-07-06T00:06:12Z</time>
      </trkpt>
      <trkpt lat="47.66709167" lon="20.8239">
        <ele>137.5</ele>
        <time>2025-07-06T00:06:19Z</time>
      </trkpt>
      <trkpt lat="47.66710833" lon="20.82375833">
        <ele>138.2</ele>
        <time>2025-07-06T00:06:27Z</time>
      </trkpt>
      <trkpt lat="47.66714" lon="20.82362">
        <ele>138</ele>
        <time>2025-07-06T00:06:35Z</time>
      </trkpt>
      <trkpt lat="47.66716833" lon="20.823485">
        <ele>137.6</ele>
        <time>2025-07-06T00:06:43Z</time>
      </trkpt>
      <trkpt lat="47.66720833" lon="20.823345">
        <ele>135.9</ele>
        <time>2025-07-06T00:06:51Z</time>
      </trkpt>
      <trkpt lat="47.66724" lon="20.82321833">
        <ele>136.7</ele>
        <time>2025-07-06T00:06:58Z</time>
      </trkpt>
      <trkpt lat="47.66726667" lon="20.82309">
        <ele>138.5</ele>
        <time>2025-07-06T00:07:06Z</time>
      </trkpt>
      <trkpt lat="47.66729333" lon="20.82294333">
        <ele>137.1</ele>
        <time>2025-07-06T00:07:14Z</time>
      </trkpt>
      <trkpt lat="47.66732667" lon="20.82281">
        <ele>137.6</ele>
        <time>2025-07-06T00:07:22Z</time>
      </trkpt>
      <trkpt lat="47.66735667" lon="20.82268167">
        <ele>137.5</ele>
        <time>2025-07-06T00:07:29Z</time>
      </trkpt>
      <trkpt lat="47.667405" lon="20.8226">
        <ele>133</ele>
        <time>2025-07-06T00:09:30Z</time>
      </trkpt>
      <trkpt lat="47.667405" lon="20.8226">
        <ele>133</ele>
        <time>2025-07-06T00:13:10Z</time>
      </trkpt>
      <trkpt lat="47.667405" lon="20.8226">
        <ele>133</ele>
        <time>2025-07-06T00:15:11Z</time>
      </trkpt>
      <trkpt lat="47.667405" lon="20.8226">
        <ele>133</ele>
        <time>2025-07-06T00:17:12Z</time>
      </trkpt>
      <trkpt lat="47.66738667" lon="20.82258333">
        <ele>134.5</ele>
        <time>2025-07-06T00:19:13Z</time>
      </trkpt>
      <trkpt lat="47.66738667" lon="20.82258333">
        <ele>134.5</ele>
        <time>2025-07-06T00:21:14Z</time>
      </trkpt>
      <trkpt lat="47.66744667" lon="20.82247167">
        <ele>136.4</ele>
        <time>2025-07-06T00:22:30Z</time>
      </trkpt>
      <trkpt lat="47.66749333" lon="20.82234833">
        <ele>136.6</ele>
        <time>2025-07-06T00:22:38Z</time>
      </trkpt>
      <trkpt lat="47.66751667" lon="20.82221">
        <ele>136.5</ele>
        <time>2025-07-06T00:22:49Z</time>
      </trkpt>
      <trkpt lat="47.66756" lon="20.82207333">
        <ele>134.8</ele>
        <time>2025-07-06T00:22:58Z</time>
      </trkpt>
      <trkpt lat="47.667595" lon="20.82194833">
        <ele>136.6</ele>
        <time>2025-07-06T00:23:05Z</time>
      </trkpt>
      <trkpt lat="47.66763333" lon="20.82181833">
        <ele>137.4</ele>
        <time>2025-07-06T00:23:14Z</time>
      </trkpt>
      <trkpt lat="47.66767167" lon="20.821695">
        <ele>138.4</ele>
        <time>2025-07-06T00:23:22Z</time>
      </trkpt>
      <trkpt lat="47.66768" lon="20.82155167">
        <ele>156.9</ele>
        <time>2025-07-06T00:23:30Z</time>
      </trkpt>
      <trkpt lat="47.66774833" lon="20.82146167">
        <ele>144.3</ele>
        <time>2025-07-06T00:23:37Z</time>
      </trkpt>
      <trkpt lat="47.66781167" lon="20.82135333">
        <ele>138.9</ele>
        <time>2025-07-06T00:23:44Z</time>
      </trkpt>
      <trkpt lat="47.66785333" lon="20.82123">
        <ele>136.6</ele>
        <time>2025-07-06T00:23:52Z</time>
      </trkpt>
      <trkpt lat="47.66788333" lon="20.821095">
        <ele>139.4</ele>
        <time>2025-07-06T00:23:59Z</time>
      </trkpt>
      <trkpt lat="47.66793667" lon="20.82096833">
        <ele>139.3</ele>
        <time>2025-07-06T00:24:07Z</time>
      </trkpt>
      <trkpt lat="47.66800833" lon="20.82086167">
        <ele>138.9</ele>
        <time>2025-07-06T00:24:14Z</time>
      </trkpt>
      <trkpt lat="47.66807167" lon="20.82073833">
        <ele>136.2</ele>
        <time>2025-07-06T00:24:22Z</time>
      </trkpt>
      <trkpt lat="47.66812833" lon="20.82061667">
        <ele>135.4</ele>
        <time>2025-07-06T00:24:29Z</time>
      </trkpt>
      <trkpt lat="47.66818167" lon="20.820505">
        <ele>135.5</ele>
        <time>2025-07-06T00:24:36Z</time>
      </trkpt>
      <trkpt lat="47.66822167" lon="20.82037667">
        <ele>134.4</ele>
        <time>2025-07-06T00:24:43Z</time>
      </trkpt>
      <trkpt lat="47.66827167" lon="20.82025667">
        <ele>133.9</ele>
        <time>2025-07-06T00:24:50Z</time>
      </trkpt>
      <trkpt lat="47.66833333" lon="20.82015667">
        <ele>134.8</ele>
        <time>2025-07-06T00:24:58Z</time>
      </trkpt>
      <trkpt lat="47.6684" lon="20.82005667">
        <ele>133.9</ele>
        <time>2025-07-06T00:25:05Z</time>
      </trkpt>
      <trkpt lat="47.66846333" lon="20.81996167">
        <ele>132.5</ele>
        <time>2025-07-06T00:25:12Z</time>
      </trkpt>
      <trkpt lat="47.66849333" lon="20.81982667">
        <ele>131.9</ele>
        <time>2025-07-06T00:25:21Z</time>
      </trkpt>
      <trkpt lat="47.66856667" lon="20.81973333">
        <ele>131.1</ele>
        <time>2025-07-06T00:25:28Z</time>
      </trkpt>
      <trkpt lat="47.66862833" lon="20.819625">
        <ele>130.1</ele>
        <time>2025-07-06T00:25:36Z</time>
      </trkpt>
      <trkpt lat="47.66869" lon="20.81951833">
        <ele>129.5</ele>
        <time>2025-07-06T00:25:43Z</time>
      </trkpt>
      <trkpt lat="47.66872667" lon="20.81939333">
        <ele>129</ele>
        <time>2025-07-06T00:25:50Z</time>
      </trkpt>
      <trkpt lat="47.66877667" lon="20.81928">
        <ele>129.3</ele>
        <time>2025-07-06T00:25:58Z</time>
      </trkpt>
      <trkpt lat="47.66883167" lon="20.819155">
        <ele>130</ele>
        <time>2025-07-06T00:26:05Z</time>
      </trkpt>
      <trkpt lat="47.66887333" lon="20.81901667">
        <ele>130.4</ele>
        <time>2025-07-06T00:26:12Z</time>
      </trkpt>
      <trkpt lat="47.66892333" lon="20.818885">
        <ele>133</ele>
        <time>2025-07-06T00:26:20Z</time>
      </trkpt>
      <trkpt lat="47.66898667" lon="20.81877667">
        <ele>133.7</ele>
        <time>2025-07-06T00:26:27Z</time>
      </trkpt>
      <trkpt lat="47.66904167" lon="20.818655">
        <ele>132.8</ele>
        <time>2025-07-06T00:26:35Z</time>
      </trkpt>
      <trkpt lat="47.66909667" lon="20.818535">
        <ele>132.3</ele>
        <time>2025-07-06T00:26:43Z</time>
      </trkpt>
      <trkpt lat="47.66916833" lon="20.818425">
        <ele>132.5</ele>
        <time>2025-07-06T00:26:52Z</time>
      </trkpt>
      <trkpt lat="47.66922167" lon="20.81830333">
        <ele>131.2</ele>
        <time>2025-07-06T00:27:00Z</time>
      </trkpt>
      <trkpt lat="47.66927667" lon="20.81819167">
        <ele>130.5</ele>
        <time>2025-07-06T00:27:07Z</time>
      </trkpt>
      <trkpt lat="47.66932667" lon="20.81807">
        <ele>130.7</ele>
        <time>2025-07-06T00:27:16Z</time>
      </trkpt>
      <trkpt lat="47.66938667" lon="20.81796167">
        <ele>130.3</ele>
        <time>2025-07-06T00:27:24Z</time>
      </trkpt>
      <trkpt lat="47.66945333" lon="20.81784667">
        <ele>130.4</ele>
        <time>2025-07-06T00:27:31Z</time>
      </trkpt>
      <trkpt lat="47.66952833" lon="20.81774167">
        <ele>130.7</ele>
        <time>2025-07-06T00:27:39Z</time>
      </trkpt>
      <trkpt lat="47.66958333" lon="20.81762167">
        <ele>130.8</ele>
        <time>2025-07-06T00:27:47Z</time>
      </trkpt>
      <trkpt lat="47.66964833" lon="20.817515">
        <ele>130.2</ele>
        <time>2025-07-06T00:27:56Z</time>
      </trkpt>
      <trkpt lat="47.66969167" lon="20.817375">
        <ele>129.8</ele>
        <time>2025-07-06T00:28:04Z</time>
      </trkpt>
      <trkpt lat="47.66974" lon="20.81726167">
        <ele>130.7</ele>
        <time>2025-07-06T00:28:10Z</time>
      </trkpt>
      <trkpt lat="47.66979333" lon="20.81714333">
        <ele>132</ele>
        <time>2025-07-06T00:28:18Z</time>
      </trkpt>
      <trkpt lat="47.66983833" lon="20.81702667">
        <ele>132.7</ele>
        <time>2025-07-06T00:28:26Z</time>
      </trkpt>
      <trkpt lat="47.6699" lon="20.81691667">
        <ele>131.9</ele>
        <time>2025-07-06T00:28:33Z</time>
      </trkpt>
      <trkpt lat="47.669955" lon="20.81680667">
        <ele>130.8</ele>
        <time>2025-07-06T00:28:41Z</time>
      </trkpt>
      <trkpt lat="47.670015" lon="20.816705">
        <ele>129.7</ele>
        <time>2025-07-06T00:28:49Z</time>
      </trkpt>
      <trkpt lat="47.670085" lon="20.81661333">
        <ele>128.7</ele>
        <time>2025-07-06T00:28:57Z</time>
      </trkpt>
      <trkpt lat="47.67013667" lon="20.81650167">
        <ele>128.5</ele>
        <time>2025-07-06T00:29:05Z</time>
      </trkpt>
      <trkpt lat="47.670185" lon="20.81637667">
        <ele>128.9</ele>
        <time>2025-07-06T00:29:12Z</time>
      </trkpt>
      <trkpt lat="47.670225" lon="20.81625333">
        <ele>128.7</ele>
        <time>2025-07-06T00:29:19Z</time>
      </trkpt>
      <trkpt lat="47.67028333" lon="20.81613667">
        <ele>127.4</ele>
        <time>2025-07-06T00:29:27Z</time>
      </trkpt>
      <trkpt lat="47.67033167" lon="20.816015">
        <ele>126.9</ele>
        <time>2025-07-06T00:29:34Z</time>
      </trkpt>
      <trkpt lat="47.67039333" lon="20.81590333">
        <ele>127.5</ele>
        <time>2025-07-06T00:29:41Z</time>
      </trkpt>
      <trkpt lat="47.670435" lon="20.815785">
        <ele>128.7</ele>
        <time>2025-07-06T00:29:47Z</time>
      </trkpt>
      <trkpt lat="47.67048833" lon="20.815655">
        <ele>129.9</ele>
        <time>2025-07-06T00:29:54Z</time>
      </trkpt>
      <trkpt lat="47.67054167" lon="20.81553667">
        <ele>131</ele>
        <time>2025-07-06T00:30:03Z</time>
      </trkpt>
      <trkpt lat="47.67058667" lon="20.815415">
        <ele>131.6</ele>
        <time>2025-07-06T00:30:12Z</time>
      </trkpt>
      <trkpt lat="47.67064333" lon="20.81530333">
        <ele>131.5</ele>
        <time>2025-07-06T00:30:20Z</time>
      </trkpt>
      <trkpt lat="47.67070333" lon="20.81519667">
        <ele>131.3</ele>
        <time>2025-07-06T00:30:28Z</time>
      </trkpt>
      <trkpt lat="47.670765" lon="20.81509333">
        <ele>130.9</ele>
        <time>2025-07-06T00:30:37Z</time>
      </trkpt>
      <trkpt lat="47.67082333" lon="20.81496833">
        <ele>130</ele>
        <time>2025-07-06T00:30:44Z</time>
      </trkpt>
      <trkpt lat="47.67087167" lon="20.814855">
        <ele>129</ele>
        <time>2025-07-06T00:30:51Z</time>
      </trkpt>
      <trkpt lat="47.67091167" lon="20.81472667">
        <ele>128.2</ele>
        <time>2025-07-06T00:31:00Z</time>
      </trkpt>
      <trkpt lat="47.67096" lon="20.81459">
        <ele>128.6</ele>
        <time>2025-07-06T00:31:07Z</time>
      </trkpt>
      <trkpt lat="47.67102167" lon="20.81447167">
        <ele>129.9</ele>
        <time>2025-07-06T00:31:14Z</time>
      </trkpt>
      <trkpt lat="47.67107667" lon="20.81435333">
        <ele>128.7</ele>
        <time>2025-07-06T00:31:23Z</time>
      </trkpt>
      <trkpt lat="47.67113333" lon="20.81424333">
        <ele>128.1</ele>
        <time>2025-07-06T00:31:31Z</time>
      </trkpt>
      <trkpt lat="47.67118" lon="20.81412333">
        <ele>127.4</ele>
        <time>2025-07-06T00:31:38Z</time>
      </trkpt>
      <trkpt lat="47.67123833" lon="20.814015">
        <ele>127</ele>
        <time>2025-07-06T00:31:46Z</time>
      </trkpt>
      <trkpt lat="47.67129167" lon="20.81390167">
        <ele>126.3</ele>
        <time>2025-07-06T00:31:54Z</time>
      </trkpt>
      <trkpt lat="47.67135667" lon="20.81378167">
        <ele>126.4</ele>
        <time>2025-07-06T00:32:02Z</time>
      </trkpt>
      <trkpt lat="47.67141667" lon="20.81367333">
        <ele>127.7</ele>
        <time>2025-07-06T00:32:09Z</time>
      </trkpt>
      <trkpt lat="47.67146333" lon="20.813545">
        <ele>127</ele>
        <time>2025-07-06T00:32:19Z</time>
      </trkpt>
      <trkpt lat="47.67151333" lon="20.81342667">
        <ele>127.4</ele>
        <time>2025-07-06T00:32:26Z</time>
      </trkpt>
      <trkpt lat="47.67158333" lon="20.81332167">
        <ele>127.2</ele>
        <time>2025-07-06T00:32:34Z</time>
      </trkpt>
      <trkpt lat="47.67164833" lon="20.81320833">
        <ele>126.4</ele>
        <time>2025-07-06T00:32:42Z</time>
      </trkpt>
      <trkpt lat="47.67170333" lon="20.813095">
        <ele>126.2</ele>
        <time>2025-07-06T00:32:50Z</time>
      </trkpt>
      <trkpt lat="47.67174833" lon="20.81297333">
        <ele>126.6</ele>
        <time>2025-07-06T00:32:57Z</time>
      </trkpt>
      <trkpt lat="47.67181333" lon="20.81288">
        <ele>127</ele>
        <time>2025-07-06T00:33:05Z</time>
      </trkpt>
      <trkpt lat="47.67186" lon="20.81275833">
        <ele>127.3</ele>
        <time>2025-07-06T00:33:13Z</time>
      </trkpt>
      <trkpt lat="47.67191333" lon="20.81265">
        <ele>128.3</ele>
        <time>2025-07-06T00:33:20Z</time>
      </trkpt>
      <trkpt lat="47.67197667" lon="20.81255167">
        <ele>128.6</ele>
        <time>2025-07-06T00:33:28Z</time>
      </trkpt>
      <trkpt lat="47.67203167" lon="20.81242833">
        <ele>128.5</ele>
        <time>2025-07-06T00:33:37Z</time>
      </trkpt>
      <trkpt lat="47.67209167" lon="20.81231333">
        <ele>127.9</ele>
        <time>2025-07-06T00:33:45Z</time>
      </trkpt>
      <trkpt lat="47.67214667" lon="20.81218">
        <ele>126.9</ele>
        <time>2025-07-06T00:33:54Z</time>
      </trkpt>
      <trkpt lat="47.672215" lon="20.81206667">
        <ele>127.9</ele>
        <time>2025-07-06T00:34:00Z</time>
      </trkpt>
      <trkpt lat="47.672265" lon="20.811955">
        <ele>129.5</ele>
        <time>2025-07-06T00:34:07Z</time>
      </trkpt>
      <trkpt lat="47.67230833" lon="20.81183167">
        <ele>131</ele>
        <time>2025-07-06T00:34:14Z</time>
      </trkpt>
      <trkpt lat="47.67237" lon="20.81171333">
        <ele>130.2</ele>
        <time>2025-07-06T00:34:23Z</time>
      </trkpt>
      <trkpt lat="47.672425" lon="20.81158833">
        <ele>130.5</ele>
        <time>2025-07-06T00:34:32Z</time>
      </trkpt>
      <trkpt lat="47.67249167" lon="20.81149333">
        <ele>131.7</ele>
        <time>2025-07-06T00:34:39Z</time>
      </trkpt>
      <trkpt lat="47.67255333" lon="20.81137667">
        <ele>131.3</ele>
        <time>2025-07-06T00:34:48Z</time>
      </trkpt>
      <trkpt lat="47.67260667" lon="20.81126167">
        <ele>131.1</ele>
        <time>2025-07-06T00:34:56Z</time>
      </trkpt>
      <trkpt lat="47.67265833" lon="20.81114667">
        <ele>131.4</ele>
        <time>2025-07-06T00:35:04Z</time>
      </trkpt>
      <trkpt lat="47.67271667" lon="20.81102667">
        <ele>131.5</ele>
        <time>2025-07-06T00:35:13Z</time>
      </trkpt>
      <trkpt lat="47.67277333" lon="20.81090333">
        <ele>131.5</ele>
        <time>2025-07-06T00:35:21Z</time>
      </trkpt>
      <trkpt lat="47.67283167" lon="20.81078833">
        <ele>130.5</ele>
        <time>2025-07-06T00:35:29Z</time>
      </trkpt>
      <trkpt lat="47.672885" lon="20.81066833">
        <ele>130.4</ele>
        <time>2025-07-06T00:35:38Z</time>
      </trkpt>
      <trkpt lat="47.67295" lon="20.810555">
        <ele>132.4</ele>
        <time>2025-07-06T00:35:59Z</time>
      </trkpt>
      <trkpt lat="47.67300333" lon="20.81044167">
        <ele>131.1</ele>
        <time>2025-07-06T00:36:06Z</time>
      </trkpt>
      <trkpt lat="47.67305833" lon="20.81031">
        <ele>130.6</ele>
        <time>2025-07-06T00:36:14Z</time>
      </trkpt>
      <trkpt lat="47.67310833" lon="20.81019833">
        <ele>130.8</ele>
        <time>2025-07-06T00:36:21Z</time>
      </trkpt>
      <trkpt lat="47.67316" lon="20.81008">
        <ele>131.3</ele>
        <time>2025-07-06T00:36:29Z</time>
      </trkpt>
      <trkpt lat="47.67322667" lon="20.809975">
        <ele>132.4</ele>
        <time>2025-07-06T00:36:37Z</time>
      </trkpt>
      <trkpt lat="47.67329167" lon="20.809865">
        <ele>131.6</ele>
        <time>2025-07-06T00:36:46Z</time>
      </trkpt>
      <trkpt lat="47.67334333" lon="20.80974833">
        <ele>131.4</ele>
        <time>2025-07-06T00:36:54Z</time>
      </trkpt>
      <trkpt lat="47.67339667" lon="20.80963167">
        <ele>131.4</ele>
        <time>2025-07-06T00:37:01Z</time>
      </trkpt>
      <trkpt lat="47.67345833" lon="20.80951167">
        <ele>131.4</ele>
        <time>2025-07-06T00:37:10Z</time>
      </trkpt>
      <trkpt lat="47.67351667" lon="20.80939333">
        <ele>132.1</ele>
        <time>2025-07-06T00:37:17Z</time>
      </trkpt>
      <trkpt lat="47.67357167" lon="20.809275">
        <ele>133</ele>
        <time>2025-07-06T00:37:25Z</time>
      </trkpt>
      <trkpt lat="47.67363333" lon="20.80916667">
        <ele>133.6</ele>
        <time>2025-07-06T00:37:33Z</time>
      </trkpt>
      <trkpt lat="47.67369667" lon="20.80905333">
        <ele>134.2</ele>
        <time>2025-07-06T00:37:40Z</time>
      </trkpt>
      <trkpt lat="47.67374167" lon="20.80893333">
        <ele>134.5</ele>
        <time>2025-07-06T00:37:47Z</time>
      </trkpt>
      <trkpt lat="47.67379167" lon="20.80881">
        <ele>135.5</ele>
        <time>2025-07-06T00:37:56Z</time>
      </trkpt>
      <trkpt lat="47.67384333" lon="20.8087">
        <ele>135.2</ele>
        <time>2025-07-06T00:38:04Z</time>
      </trkpt>
      <trkpt lat="47.67390667" lon="20.808585">
        <ele>132.8</ele>
        <time>2025-07-06T00:38:13Z</time>
      </trkpt>
      <trkpt lat="47.67395167" lon="20.80846167">
        <ele>132.6</ele>
        <time>2025-07-06T00:38:21Z</time>
      </trkpt>
      <trkpt lat="47.674015" lon="20.80835167">
        <ele>132.1</ele>
        <time>2025-07-06T00:38:30Z</time>
      </trkpt>
      <trkpt lat="47.674075" lon="20.808225">
        <ele>132</ele>
        <time>2025-07-06T00:38:39Z</time>
      </trkpt>
      <trkpt lat="47.674135" lon="20.80810667">
        <ele>132.3</ele>
        <time>2025-07-06T00:38:47Z</time>
      </trkpt>
      <trkpt lat="47.67418167" lon="20.80798">
        <ele>131.8</ele>
        <time>2025-07-06T00:38:55Z</time>
      </trkpt>
      <trkpt lat="47.674245" lon="20.80786833">
        <ele>133.7</ele>
        <time>2025-07-06T00:39:03Z</time>
      </trkpt>
      <trkpt lat="47.67430167" lon="20.80774333">
        <ele>133.8</ele>
        <time>2025-07-06T00:39:11Z</time>
      </trkpt>
      <trkpt lat="47.67435667" lon="20.80762667">
        <ele>133.1</ele>
        <time>2025-07-06T00:39:20Z</time>
      </trkpt>
      <trkpt lat="47.67440833" lon="20.80749667">
        <ele>133.9</ele>
        <time>2025-07-06T00:39:28Z</time>
      </trkpt>
      <trkpt lat="47.67446333" lon="20.80739">
        <ele>134.7</ele>
        <time>2025-07-06T00:39:35Z</time>
      </trkpt>
      <trkpt lat="47.67452667" lon="20.80728333">
        <ele>133.8</ele>
        <time>2025-07-06T00:39:43Z</time>
      </trkpt>
      <trkpt lat="47.674585" lon="20.80717667">
        <ele>133.4</ele>
        <time>2025-07-06T00:39:51Z</time>
      </trkpt>
      <trkpt lat="47.67464333" lon="20.80706833">
        <ele>133.3</ele>
        <time>2025-07-06T00:39:59Z</time>
      </trkpt>
      <trkpt lat="47.67470167" lon="20.80695333">
        <ele>133.1</ele>
        <time>2025-07-06T00:40:07Z</time>
      </trkpt>
      <trkpt lat="47.67475667" lon="20.80684">
        <ele>133.6</ele>
        <time>2025-07-06T00:40:14Z</time>
      </trkpt>
      <trkpt lat="47.67481" lon="20.80671833">
        <ele>132.8</ele>
        <time>2025-07-06T00:40:22Z</time>
      </trkpt>
      <trkpt lat="47.67486333" lon="20.80659167">
        <ele>132.8</ele>
        <time>2025-07-06T00:40:31Z</time>
      </trkpt>
      <trkpt lat="47.67492167" lon="20.806475">
        <ele>133</ele>
        <time>2025-07-06T00:40:39Z</time>
      </trkpt>
      <trkpt lat="47.67498" lon="20.80637167">
        <ele>133.6</ele>
        <time>2025-07-06T00:40:47Z</time>
      </trkpt>
      <trkpt lat="47.67504333" lon="20.80626667">
        <ele>133.4</ele>
        <time>2025-07-06T00:40:56Z</time>
      </trkpt>
      <trkpt lat="47.67509" lon="20.806145">
        <ele>133.6</ele>
        <time>2025-07-06T00:41:04Z</time>
      </trkpt>
      <trkpt lat="47.67514" lon="20.80603">
        <ele>131.3</ele>
        <time>2025-07-06T00:41:11Z</time>
      </trkpt>
      <trkpt lat="47.67518333" lon="20.80591">
        <ele>132.2</ele>
        <time>2025-07-06T00:41:18Z</time>
      </trkpt>
      <trkpt lat="47.67524167" lon="20.80580167">
        <ele>131.4</ele>
        <time>2025-07-06T00:41:27Z</time>
      </trkpt>
      <trkpt lat="47.6753" lon="20.80569667">
        <ele>131.8</ele>
        <time>2025-07-06T00:41:35Z</time>
      </trkpt>
      <trkpt lat="47.67536667" lon="20.80558167">
        <ele>130.2</ele>
        <time>2025-07-06T00:41:43Z</time>
      </trkpt>
      <trkpt lat="47.67543333" lon="20.80548">
        <ele>130</ele>
        <time>2025-07-06T00:41:51Z</time>
      </trkpt>
      <trkpt lat="47.67548167" lon="20.80536">
        <ele>130.5</ele>
        <time>2025-07-06T00:41:58Z</time>
      </trkpt>
      <trkpt lat="47.67551" lon="20.805225">
        <ele>132.6</ele>
        <time>2025-07-06T00:42:06Z</time>
      </trkpt>
      <trkpt lat="47.67556167" lon="20.805105">
        <ele>133.9</ele>
        <time>2025-07-06T00:42:14Z</time>
      </trkpt>
      <trkpt lat="47.67560833" lon="20.80498667">
        <ele>133.7</ele>
        <time>2025-07-06T00:42:22Z</time>
      </trkpt>
      <trkpt lat="47.67567" lon="20.80487833">
        <ele>133.5</ele>
        <time>2025-07-06T00:42:29Z</time>
      </trkpt>
      <trkpt lat="47.67570333" lon="20.80474833">
        <ele>135.6</ele>
        <time>2025-07-06T00:42:37Z</time>
      </trkpt>
      <trkpt lat="47.67576333" lon="20.80462667">
        <ele>135.1</ele>
        <time>2025-07-06T00:42:45Z</time>
      </trkpt>
      <trkpt lat="47.6758" lon="20.80450333">
        <ele>135.8</ele>
        <time>2025-07-06T00:42:52Z</time>
      </trkpt>
      <trkpt lat="47.67582" lon="20.804365">
        <ele>137.6</ele>
        <time>2025-07-06T00:43:00Z</time>
      </trkpt>
      <trkpt lat="47.675845" lon="20.80423167">
        <ele>138.7</ele>
        <time>2025-07-06T00:43:07Z</time>
      </trkpt>
      <trkpt lat="47.67588167" lon="20.804095">
        <ele>139.4</ele>
        <time>2025-07-06T00:43:16Z</time>
      </trkpt>
      <trkpt lat="47.67591167" lon="20.80394833">
        <ele>138.6</ele>
        <time>2025-07-06T00:43:24Z</time>
      </trkpt>
      <trkpt lat="47.67594" lon="20.80381">
        <ele>138.2</ele>
        <time>2025-07-06T00:43:33Z</time>
      </trkpt>
      <trkpt lat="47.67595667" lon="20.80366333">
        <ele>137.6</ele>
        <time>2025-07-06T00:43:41Z</time>
      </trkpt>
      <trkpt lat="47.67599" lon="20.80353333">
        <ele>137.1</ele>
        <time>2025-07-06T00:43:49Z</time>
      </trkpt>
      <trkpt lat="47.67601333" lon="20.80338833">
        <ele>137.8</ele>
        <time>2025-07-06T00:43:57Z</time>
      </trkpt>
      <trkpt lat="47.67601833" lon="20.80325">
        <ele>138.5</ele>
        <time>2025-07-06T00:44:04Z</time>
      </trkpt>
      <trkpt lat="47.676045" lon="20.80310667">
        <ele>139</ele>
        <time>2025-07-06T00:44:12Z</time>
      </trkpt>
      <trkpt lat="47.67606667" lon="20.802965">
        <ele>140.8</ele>
        <time>2025-07-06T00:44:20Z</time>
      </trkpt>
      <trkpt lat="47.67607667" lon="20.80283167">
        <ele>141.2</ele>
        <time>2025-07-06T00:44:27Z</time>
      </trkpt>
      <trkpt lat="47.67611167" lon="20.8027">
        <ele>139.9</ele>
        <time>2025-07-06T00:44:38Z</time>
      </trkpt>
      <trkpt lat="47.676125" lon="20.80256333">
        <ele>137.6</ele>
        <time>2025-07-06T00:44:46Z</time>
      </trkpt>
      <trkpt lat="47.67613167" lon="20.80242">
        <ele>138</ele>
        <time>2025-07-06T00:44:54Z</time>
      </trkpt>
      <trkpt lat="47.67614167" lon="20.80227833">
        <ele>139</ele>
        <time>2025-07-06T00:45:02Z</time>
      </trkpt>
      <trkpt lat="47.67615" lon="20.802145">
        <ele>137.8</ele>
        <time>2025-07-06T00:45:09Z</time>
      </trkpt>
      <trkpt lat="47.67618833" lon="20.80202">
        <ele>134.2</ele>
        <time>2025-07-06T00:45:20Z</time>
      </trkpt>
      <trkpt lat="47.67618667" lon="20.801875">
        <ele>133.9</ele>
        <time>2025-07-06T00:45:27Z</time>
      </trkpt>
      <trkpt lat="47.67619667" lon="20.80174">
        <ele>134.8</ele>
        <time>2025-07-06T00:45:34Z</time>
      </trkpt>
      <trkpt lat="47.67619167" lon="20.8016">
        <ele>134.3</ele>
        <time>2025-07-06T00:45:42Z</time>
      </trkpt>
      <trkpt lat="47.67619833" lon="20.80146667">
        <ele>134.1</ele>
        <time>2025-07-06T00:45:50Z</time>
      </trkpt>
      <trkpt lat="47.67621" lon="20.80133167">
        <ele>133.2</ele>
        <time>2025-07-06T00:45:58Z</time>
      </trkpt>
      <trkpt lat="47.67620333" lon="20.80118333">
        <ele>133.7</ele>
        <time>2025-07-06T00:46:06Z</time>
      </trkpt>
      <trkpt lat="47.6762" lon="20.80103333">
        <ele>133.2</ele>
        <time>2025-07-06T00:46:15Z</time>
      </trkpt>
      <trkpt lat="47.676185" lon="20.80089667">
        <ele>132.9</ele>
        <time>2025-07-06T00:46:21Z</time>
      </trkpt>
      <trkpt lat="47.67619833" lon="20.80075">
        <ele>133.6</ele>
        <time>2025-07-06T00:46:30Z</time>
      </trkpt>
      <trkpt lat="47.67620833" lon="20.800595">
        <ele>133.9</ele>
        <time>2025-07-06T00:46:38Z</time>
      </trkpt>
      <trkpt lat="47.67619667" lon="20.80045833">
        <ele>135.6</ele>
        <time>2025-07-06T00:46:45Z</time>
      </trkpt>
      <trkpt lat="47.67619833" lon="20.800315">
        <ele>135.7</ele>
        <time>2025-07-06T00:46:53Z</time>
      </trkpt>
      <trkpt lat="47.676195" lon="20.80017833">
        <ele>136.1</ele>
        <time>2025-07-06T00:47:00Z</time>
      </trkpt>
      <trkpt lat="47.67619667" lon="20.80003167">
        <ele>136.3</ele>
        <time>2025-07-06T00:47:09Z</time>
      </trkpt>
      <trkpt lat="47.67619167" lon="20.79989667">
        <ele>135.8</ele>
        <time>2025-07-06T00:47:17Z</time>
      </trkpt>
      <trkpt lat="47.67619667" lon="20.79976167">
        <ele>135.2</ele>
        <time>2025-07-06T00:47:25Z</time>
      </trkpt>
      <trkpt lat="47.67620167" lon="20.79962333">
        <ele>134.2</ele>
        <time>2025-07-06T00:47:33Z</time>
      </trkpt>
      <trkpt lat="47.67621833" lon="20.79949">
        <ele>132</ele>
        <time>2025-07-06T00:47:42Z</time>
      </trkpt>
      <trkpt lat="47.676205" lon="20.79935167">
        <ele>131.8</ele>
        <time>2025-07-06T00:47:49Z</time>
      </trkpt>
      <trkpt lat="47.67620167" lon="20.79920167">
        <ele>133.1</ele>
        <time>2025-07-06T00:47:57Z</time>
      </trkpt>
      <trkpt lat="47.67620167" lon="20.799055">
        <ele>133.3</ele>
        <time>2025-07-06T00:48:05Z</time>
      </trkpt>
      <trkpt lat="47.67618667" lon="20.79891167">
        <ele>135</ele>
        <time>2025-07-06T00:48:12Z</time>
      </trkpt>
      <trkpt lat="47.67618" lon="20.79876833">
        <ele>135.5</ele>
        <time>2025-07-06T00:48:20Z</time>
      </trkpt>
      <trkpt lat="47.67618167" lon="20.798625">
        <ele>136.3</ele>
        <time>2025-07-06T00:48:28Z</time>
      </trkpt>
      <trkpt lat="47.67619333" lon="20.79848167">
        <ele>135.9</ele>
        <time>2025-07-06T00:48:36Z</time>
      </trkpt>
      <trkpt lat="47.67619833" lon="20.79834">
        <ele>133.7</ele>
        <time>2025-07-06T00:48:45Z</time>
      </trkpt>
      <trkpt lat="47.67618" lon="20.79820667">
        <ele>133.1</ele>
        <time>2025-07-06T00:48:52Z</time>
      </trkpt>
      <trkpt lat="47.67618833" lon="20.79807333">
        <ele>132.4</ele>
        <time>2025-07-06T00:48:59Z</time>
      </trkpt>
      <trkpt lat="47.67618833" lon="20.79792833">
        <ele>132.6</ele>
        <time>2025-07-06T00:49:07Z</time>
      </trkpt>
      <trkpt lat="47.676205" lon="20.79778">
        <ele>132.6</ele>
        <time>2025-07-06T00:49:16Z</time>
      </trkpt>
      <trkpt lat="47.676215" lon="20.79763667">
        <ele>132.6</ele>
        <time>2025-07-06T00:49:25Z</time>
      </trkpt>
      <trkpt lat="47.67619833" lon="20.79750167">
        <ele>132.9</ele>
        <time>2025-07-06T00:49:32Z</time>
      </trkpt>
      <trkpt lat="47.67619" lon="20.79735667">
        <ele>133.5</ele>
        <time>2025-07-06T00:49:40Z</time>
      </trkpt>
      <trkpt lat="47.67619167" lon="20.79722">
        <ele>133.6</ele>
        <time>2025-07-06T00:49:48Z</time>
      </trkpt>
      <trkpt lat="47.67620667" lon="20.79708333">
        <ele>134.4</ele>
        <time>2025-07-06T00:49:56Z</time>
      </trkpt>
      <trkpt lat="47.676195" lon="20.79693667">
        <ele>135</ele>
        <time>2025-07-06T00:50:03Z</time>
      </trkpt>
      <trkpt lat="47.67618333" lon="20.79679167">
        <ele>135.7</ele>
        <time>2025-07-06T00:50:11Z</time>
      </trkpt>
      <trkpt lat="47.67616833" lon="20.79665667">
        <ele>143.1</ele>
        <time>2025-07-06T00:50:17Z</time>
      </trkpt>
      <trkpt lat="47.676165" lon="20.79651167">
        <ele>138</ele>
        <time>2025-07-06T00:50:26Z</time>
      </trkpt>
      <trkpt lat="47.676175" lon="20.79636833">
        <ele>138.3</ele>
        <time>2025-07-06T00:50:34Z</time>
      </trkpt>
      <trkpt lat="47.67618667" lon="20.796235">
        <ele>138.2</ele>
        <time>2025-07-06T00:50:42Z</time>
      </trkpt>
      <trkpt lat="47.67618167" lon="20.79608833">
        <ele>136.9</ele>
        <time>2025-07-06T00:50:49Z</time>
      </trkpt>
      <trkpt lat="47.67617167" lon="20.795945">
        <ele>136</ele>
        <time>2025-07-06T00:50:57Z</time>
      </trkpt>
      <trkpt lat="47.676175" lon="20.79579333">
        <ele>135.8</ele>
        <time>2025-07-06T00:51:05Z</time>
      </trkpt>
      <trkpt lat="47.676185" lon="20.79565667">
        <ele>135.9</ele>
        <time>2025-07-06T00:51:13Z</time>
      </trkpt>
      <trkpt lat="47.67618" lon="20.79550667">
        <ele>136</ele>
        <time>2025-07-06T00:51:21Z</time>
      </trkpt>
      <trkpt lat="47.676175" lon="20.79537">
        <ele>135.6</ele>
        <time>2025-07-06T00:51:28Z</time>
      </trkpt>
      <trkpt lat="47.67616333" lon="20.79523167">
        <ele>134.9</ele>
        <time>2025-07-06T00:51:36Z</time>
      </trkpt>
      <trkpt lat="47.67617167" lon="20.79509667">
        <ele>135.6</ele>
        <time>2025-07-06T00:51:42Z</time>
      </trkpt>
      <trkpt lat="47.67618167" lon="20.79496">
        <ele>135.5</ele>
        <time>2025-07-06T00:51:49Z</time>
      </trkpt>
      <trkpt lat="47.67618667" lon="20.794825">
        <ele>135.4</ele>
        <time>2025-07-06T00:51:57Z</time>
      </trkpt>
      <trkpt lat="47.67618333" lon="20.79468833">
        <ele>135.1</ele>
        <time>2025-07-06T00:52:04Z</time>
      </trkpt>
      <trkpt lat="47.67619667" lon="20.794555">
        <ele>133.3</ele>
        <time>2025-07-06T00:52:12Z</time>
      </trkpt>
      <trkpt lat="47.676185" lon="20.79441667">
        <ele>133.8</ele>
        <time>2025-07-06T00:52:19Z</time>
      </trkpt>
      <trkpt lat="47.67619" lon="20.79428">
        <ele>133.9</ele>
        <time>2025-07-06T00:52:26Z</time>
      </trkpt>
      <trkpt lat="47.67619167" lon="20.79414333">
        <ele>134.4</ele>
        <time>2025-07-06T00:52:34Z</time>
      </trkpt>
      <trkpt lat="47.676195" lon="20.794">
        <ele>134.8</ele>
        <time>2025-07-06T00:52:42Z</time>
      </trkpt>
      <trkpt lat="47.67617" lon="20.79386667">
        <ele>134.3</ele>
        <time>2025-07-06T00:52:49Z</time>
      </trkpt>
      <trkpt lat="47.67613333" lon="20.79371167">
        <ele>133</ele>
        <time>2025-07-06T00:53:16Z</time>
      </trkpt>
      <trkpt lat="47.676145" lon="20.79355833">
        <ele>134.4</ele>
        <time>2025-07-06T00:53:24Z</time>
      </trkpt>
      <trkpt lat="47.67613333" lon="20.79341167">
        <ele>136.8</ele>
        <time>2025-07-06T00:53:31Z</time>
      </trkpt>
      <trkpt lat="47.67613833" lon="20.79327333">
        <ele>136.5</ele>
        <time>2025-07-06T00:53:41Z</time>
      </trkpt>
      <trkpt lat="47.67613167" lon="20.79313333">
        <ele>136.5</ele>
        <time>2025-07-06T00:53:48Z</time>
      </trkpt>
      <trkpt lat="47.67615167" lon="20.79299833">
        <ele>138.3</ele>
        <time>2025-07-06T00:53:55Z</time>
      </trkpt>
      <trkpt lat="47.67613333" lon="20.79284833">
        <ele>137.9</ele>
        <time>2025-07-06T00:54:03Z</time>
      </trkpt>
      <trkpt lat="47.67614333" lon="20.79270667">
        <ele>135.7</ele>
        <time>2025-07-06T00:54:12Z</time>
      </trkpt>
      <trkpt lat="47.67612667" lon="20.79256833">
        <ele>134.2</ele>
        <time>2025-07-06T00:54:20Z</time>
      </trkpt>
      <trkpt lat="47.6761" lon="20.79243">
        <ele>132.1</ele>
        <time>2025-07-06T00:54:29Z</time>
      </trkpt>
      <trkpt lat="47.67607167" lon="20.79230167">
        <ele>131.4</ele>
        <time>2025-07-06T00:54:36Z</time>
      </trkpt>
      <trkpt lat="47.67607333" lon="20.792165">
        <ele>132.2</ele>
        <time>2025-07-06T00:54:44Z</time>
      </trkpt>
      <trkpt lat="47.67606" lon="20.79203">
        <ele>133.1</ele>
        <time>2025-07-06T00:54:51Z</time>
      </trkpt>
      <trkpt lat="47.676025" lon="20.79190167">
        <ele>134.2</ele>
        <time>2025-07-06T00:54:58Z</time>
      </trkpt>
      <trkpt lat="47.676005" lon="20.79176333">
        <ele>136</ele>
        <time>2025-07-06T00:55:07Z</time>
      </trkpt>
      <trkpt lat="47.67596667" lon="20.79164167">
        <ele>136.7</ele>
        <time>2025-07-06T00:55:14Z</time>
      </trkpt>
      <trkpt lat="47.67592833" lon="20.7915">
        <ele>135.3</ele>
        <time>2025-07-06T00:55:21Z</time>
      </trkpt>
      <trkpt lat="47.67593667" lon="20.79136167">
        <ele>136.8</ele>
        <time>2025-07-06T00:55:49Z</time>
      </trkpt>
      <trkpt lat="47.67592" lon="20.791215">
        <ele>134.9</ele>
        <time>2025-07-06T00:55:56Z</time>
      </trkpt>
      <trkpt lat="47.675895" lon="20.791085">
        <ele>133</ele>
        <time>2025-07-06T00:56:02Z</time>
      </trkpt>
      <trkpt lat="47.67585833" lon="20.79094333">
        <ele>131.3</ele>
        <time>2025-07-06T00:56:09Z</time>
      </trkpt>
      <trkpt lat="47.67583833" lon="20.79081167">
        <ele>131</ele>
        <time>2025-07-06T00:56:17Z</time>
      </trkpt>
      <trkpt lat="47.6758" lon="20.79067333">
        <ele>130.6</ele>
        <time>2025-07-06T00:56:26Z</time>
      </trkpt>
      <trkpt lat="47.67577667" lon="20.79054167">
        <ele>130.5</ele>
        <time>2025-07-06T00:56:32Z</time>
      </trkpt>
      <trkpt lat="47.67574" lon="20.79042">
        <ele>130.6</ele>
        <time>2025-07-06T00:56:39Z</time>
      </trkpt>
      <trkpt lat="47.67571833" lon="20.790285">
        <ele>130.8</ele>
        <time>2025-07-06T00:56:47Z</time>
      </trkpt>
      <trkpt lat="47.67568833" lon="20.79015333">
        <ele>131.9</ele>
        <time>2025-07-06T00:56:55Z</time>
      </trkpt>
      <trkpt lat="47.67567" lon="20.79001">
        <ele>132.3</ele>
        <time>2025-07-06T00:57:03Z</time>
      </trkpt>
      <trkpt lat="47.67564833" lon="20.78986833">
        <ele>132.6</ele>
        <time>2025-07-06T00:57:12Z</time>
      </trkpt>
      <trkpt lat="47.67560833" lon="20.789735">
        <ele>132.2</ele>
        <time>2025-07-06T00:57:20Z</time>
      </trkpt>
      <trkpt lat="47.67557333" lon="20.7896">
        <ele>131.6</ele>
        <time>2025-07-06T00:57:28Z</time>
      </trkpt>
      <trkpt lat="47.67555167" lon="20.78945667">
        <ele>132.3</ele>
        <time>2025-07-06T00:57:35Z</time>
      </trkpt>
      <trkpt lat="47.67553667" lon="20.78931833">
        <ele>134.7</ele>
        <time>2025-07-06T00:57:43Z</time>
      </trkpt>
      <trkpt lat="47.67551167" lon="20.78918">
        <ele>136.2</ele>
        <time>2025-07-06T00:57:51Z</time>
      </trkpt>
      <trkpt lat="47.67548167" lon="20.789045">
        <ele>135.2</ele>
        <time>2025-07-06T00:57:59Z</time>
      </trkpt>
      <trkpt lat="47.67544667" lon="20.788905">
        <ele>133.8</ele>
        <time>2025-07-06T00:58:07Z</time>
      </trkpt>
      <trkpt lat="47.675415" lon="20.78876667">
        <ele>133.3</ele>
        <time>2025-07-06T00:58:14Z</time>
      </trkpt>
      <trkpt lat="47.67538167" lon="20.78862833">
        <ele>133.9</ele>
        <time>2025-07-06T00:58:22Z</time>
      </trkpt>
      <trkpt lat="47.67534833" lon="20.78848833">
        <ele>133.8</ele>
        <time>2025-07-06T00:58:30Z</time>
      </trkpt>
      <trkpt lat="47.675315" lon="20.78834667">
        <ele>134.1</ele>
        <time>2025-07-06T00:58:39Z</time>
      </trkpt>
      <trkpt lat="47.67527333" lon="20.78822667">
        <ele>133.9</ele>
        <time>2025-07-06T00:58:46Z</time>
      </trkpt>
      <trkpt lat="47.67524833" lon="20.78809">
        <ele>134.6</ele>
        <time>2025-07-06T00:58:54Z</time>
      </trkpt>
      <trkpt lat="47.67522" lon="20.78794833">
        <ele>133.8</ele>
        <time>2025-07-06T00:59:02Z</time>
      </trkpt>
      <trkpt lat="47.675175" lon="20.78781167">
        <ele>134.2</ele>
        <time>2025-07-06T00:59:10Z</time>
      </trkpt>
      <trkpt lat="47.67513" lon="20.78769333">
        <ele>136.7</ele>
        <time>2025-07-06T00:59:17Z</time>
      </trkpt>
      <trkpt lat="47.675095" lon="20.78756333">
        <ele>137.3</ele>
        <time>2025-07-06T00:59:24Z</time>
      </trkpt>
      <trkpt lat="47.67506" lon="20.78743167">
        <ele>137</ele>
        <time>2025-07-06T00:59:32Z</time>
      </trkpt>
      <trkpt lat="47.67501" lon="20.787305">
        <ele>135.5</ele>
        <time>2025-07-06T00:59:41Z</time>
      </trkpt>
      <trkpt lat="47.674965" lon="20.78717833">
        <ele>136.1</ele>
        <time>2025-07-06T00:59:48Z</time>
      </trkpt>
      <trkpt lat="47.674915" lon="20.78705">
        <ele>136.2</ele>
        <time>2025-07-06T00:59:56Z</time>
      </trkpt>
      <trkpt lat="47.67486833" lon="20.78691833">
        <ele>137.3</ele>
        <time>2025-07-06T01:00:04Z</time>
      </trkpt>
      <trkpt lat="47.67481833" lon="20.7868">
        <ele>137.8</ele>
        <time>2025-07-06T01:00:11Z</time>
      </trkpt>
      <trkpt lat="47.67476167" lon="20.78669333">
        <ele>138.1</ele>
        <time>2025-07-06T01:00:18Z</time>
      </trkpt>
      <trkpt lat="47.67470333" lon="20.78656667">
        <ele>138.7</ele>
        <time>2025-07-06T01:00:26Z</time>
      </trkpt>
      <trkpt lat="47.67464667" lon="20.78645833">
        <ele>137.4</ele>
        <time>2025-07-06T01:00:34Z</time>
      </trkpt>
      <trkpt lat="47.67458667" lon="20.786335">
        <ele>136.1</ele>
        <time>2025-07-06T01:00:42Z</time>
      </trkpt>
      <trkpt lat="47.67452167" lon="20.78622833">
        <ele>135.3</ele>
        <time>2025-07-06T01:00:50Z</time>
      </trkpt>
      <trkpt lat="47.67445833" lon="20.78611333">
        <ele>135.4</ele>
        <time>2025-07-06T01:00:58Z</time>
      </trkpt>
      <trkpt lat="47.67439167" lon="20.786">
        <ele>135.1</ele>
        <time>2025-07-06T01:01:06Z</time>
      </trkpt>
      <trkpt lat="47.67432167" lon="20.785895">
        <ele>134.5</ele>
        <time>2025-07-06T01:01:14Z</time>
      </trkpt>
      <trkpt lat="47.67424833" lon="20.785805">
        <ele>135.6</ele>
        <time>2025-07-06T01:01:22Z</time>
      </trkpt>
      <trkpt lat="47.67418333" lon="20.78570833">
        <ele>134.4</ele>
        <time>2025-07-06T01:01:32Z</time>
      </trkpt>
      <trkpt lat="47.67410833" lon="20.78562">
        <ele>134.9</ele>
        <time>2025-07-06T01:01:48Z</time>
      </trkpt>
      <trkpt lat="47.67403333" lon="20.78553667">
        <ele>134.9</ele>
        <time>2025-07-06T01:01:56Z</time>
      </trkpt>
      <trkpt lat="47.67395" lon="20.78545333">
        <ele>134.3</ele>
        <time>2025-07-06T01:02:05Z</time>
      </trkpt>
      <trkpt lat="47.67388167" lon="20.78535167">
        <ele>132.6</ele>
        <time>2025-07-06T01:02:13Z</time>
      </trkpt>
      <trkpt lat="47.67379833" lon="20.78529">
        <ele>131.4</ele>
        <time>2025-07-06T01:02:21Z</time>
      </trkpt>
      <trkpt lat="47.673715" lon="20.78522667">
        <ele>132.6</ele>
        <time>2025-07-06T01:02:29Z</time>
      </trkpt>
      <trkpt lat="47.673635" lon="20.78515">
        <ele>133.1</ele>
        <time>2025-07-06T01:02:37Z</time>
      </trkpt>
      <trkpt lat="47.67355167" lon="20.78506667">
        <ele>132.8</ele>
        <time>2025-07-06T01:02:45Z</time>
      </trkpt>
      <trkpt lat="47.67347167" lon="20.78500167">
        <ele>132.6</ele>
        <time>2025-07-06T01:02:53Z</time>
      </trkpt>
      <trkpt lat="47.67338167" lon="20.78493833">
        <ele>131.3</ele>
        <time>2025-07-06T01:03:01Z</time>
      </trkpt>
      <trkpt lat="47.673285" lon="20.784895">
        <ele>130.3</ele>
        <time>2025-07-06T01:03:09Z</time>
      </trkpt>
      <trkpt lat="47.67321833" lon="20.784805">
        <ele>129.3</ele>
        <time>2025-07-06T01:03:17Z</time>
      </trkpt>
      <trkpt lat="47.67314" lon="20.78472167">
        <ele>130.1</ele>
        <time>2025-07-06T01:03:25Z</time>
      </trkpt>
      <trkpt lat="47.67305167" lon="20.78467667">
        <ele>131.6</ele>
        <time>2025-07-06T01:03:32Z</time>
      </trkpt>
      <trkpt lat="47.67296667" lon="20.78462667">
        <ele>132.3</ele>
        <time>2025-07-06T01:03:40Z</time>
      </trkpt>
      <trkpt lat="47.67288" lon="20.78457167">
        <ele>134.3</ele>
        <time>2025-07-06T01:03:47Z</time>
      </trkpt>
      <trkpt lat="47.672795" lon="20.7845">
        <ele>134.1</ele>
        <time>2025-07-06T01:03:55Z</time>
      </trkpt>
      <trkpt lat="47.67270667" lon="20.78444833">
        <ele>135.7</ele>
        <time>2025-07-06T01:04:03Z</time>
      </trkpt>
      <trkpt lat="47.672615" lon="20.78438667">
        <ele>137.7</ele>
        <time>2025-07-06T01:04:11Z</time>
      </trkpt>
      <trkpt lat="47.67252833" lon="20.78434">
        <ele>137.6</ele>
        <time>2025-07-06T01:04:19Z</time>
      </trkpt>
      <trkpt lat="47.67243833" lon="20.78432167">
        <ele>137.2</ele>
        <time>2025-07-06T01:04:29Z</time>
      </trkpt>
      <trkpt lat="47.67235333" lon="20.78424167">
        <ele>138</ele>
        <time>2025-07-06T01:04:44Z</time>
      </trkpt>
      <trkpt lat="47.67226333" lon="20.78419333">
        <ele>138.2</ele>
        <time>2025-07-06T01:04:53Z</time>
      </trkpt>
      <trkpt lat="47.67216833" lon="20.784145">
        <ele>136.7</ele>
        <time>2025-07-06T01:05:01Z</time>
      </trkpt>
      <trkpt lat="47.67207833" lon="20.78409">
        <ele>135.8</ele>
        <time>2025-07-06T01:05:10Z</time>
      </trkpt>
      <trkpt lat="47.67198667" lon="20.78402833">
        <ele>135.6</ele>
        <time>2025-07-06T01:05:19Z</time>
      </trkpt>
      <trkpt lat="47.671895" lon="20.78396333">
        <ele>135.9</ele>
        <time>2025-07-06T01:05:27Z</time>
      </trkpt>
      <trkpt lat="47.67180333" lon="20.78392167">
        <ele>134.3</ele>
        <time>2025-07-06T01:05:36Z</time>
      </trkpt>
      <trkpt lat="47.67171333" lon="20.78387667">
        <ele>134.5</ele>
        <time>2025-07-06T01:05:43Z</time>
      </trkpt>
      <trkpt lat="47.67162167" lon="20.783815">
        <ele>135.5</ele>
        <time>2025-07-06T01:05:52Z</time>
      </trkpt>
      <trkpt lat="47.67153667" lon="20.78375167">
        <ele>134.7</ele>
        <time>2025-07-06T01:06:00Z</time>
      </trkpt>
      <trkpt lat="47.67144833" lon="20.78371667">
        <ele>135.6</ele>
        <time>2025-07-06T01:06:07Z</time>
      </trkpt>
      <trkpt lat="47.67136167" lon="20.78367833">
        <ele>136.4</ele>
        <time>2025-07-06T01:06:14Z</time>
      </trkpt>
      <trkpt lat="47.67127" lon="20.78362167">
        <ele>138.2</ele>
        <time>2025-07-06T01:06:22Z</time>
      </trkpt>
      <trkpt lat="47.67118" lon="20.78356167">
        <ele>138.5</ele>
        <time>2025-07-06T01:06:30Z</time>
      </trkpt>
      <trkpt lat="47.67108167" lon="20.78353167">
        <ele>138</ele>
        <time>2025-07-06T01:06:38Z</time>
      </trkpt>
      <trkpt lat="47.67099167" lon="20.78347">
        <ele>138.1</ele>
        <time>2025-07-06T01:06:46Z</time>
      </trkpt>
      <trkpt lat="47.670905" lon="20.783415">
        <ele>139.3</ele>
        <time>2025-07-06T01:06:54Z</time>
      </trkpt>
      <trkpt lat="47.67081333" lon="20.78336167">
        <ele>138.9</ele>
        <time>2025-07-06T01:07:02Z</time>
      </trkpt>
      <trkpt lat="47.67072833" lon="20.78329833">
        <ele>138.5</ele>
        <time>2025-07-06T01:07:12Z</time>
      </trkpt>
      <trkpt lat="47.67064" lon="20.783235">
        <ele>137.9</ele>
        <time>2025-07-06T01:07:21Z</time>
      </trkpt>
      <trkpt lat="47.67055" lon="20.78319167">
        <ele>136.5</ele>
        <time>2025-07-06T01:07:29Z</time>
      </trkpt>
      <trkpt lat="47.67046333" lon="20.783145">
        <ele>135.4</ele>
        <time>2025-07-06T01:07:38Z</time>
      </trkpt>
      <trkpt lat="47.67036667" lon="20.78310167">
        <ele>135.4</ele>
        <time>2025-07-06T01:07:46Z</time>
      </trkpt>
      <trkpt lat="47.67027333" lon="20.78306">
        <ele>137</ele>
        <time>2025-07-06T01:07:54Z</time>
      </trkpt>
      <trkpt lat="47.67019167" lon="20.78300333">
        <ele>136.5</ele>
        <time>2025-07-06T01:08:03Z</time>
      </trkpt>
      <trkpt lat="47.67010167" lon="20.78295667">
        <ele>136.1</ele>
        <time>2025-07-06T01:08:11Z</time>
      </trkpt>
      <trkpt lat="47.67002" lon="20.78289667">
        <ele>135.7</ele>
        <time>2025-07-06T01:08:19Z</time>
      </trkpt>
      <trkpt lat="47.66993167" lon="20.78285667">
        <ele>136.2</ele>
        <time>2025-07-06T01:08:27Z</time>
      </trkpt>
      <trkpt lat="47.66984833" lon="20.78279833">
        <ele>135.9</ele>
        <time>2025-07-06T01:08:35Z</time>
      </trkpt>
      <trkpt lat="47.66976167" lon="20.78276">
        <ele>136.1</ele>
        <time>2025-07-06T01:08:42Z</time>
      </trkpt>
      <trkpt lat="47.66967667" lon="20.7827">
        <ele>136.4</ele>
        <time>2025-07-06T01:08:50Z</time>
      </trkpt>
      <trkpt lat="47.669585" lon="20.78264667">
        <ele>136</ele>
        <time>2025-07-06T01:08:58Z</time>
      </trkpt>
      <trkpt lat="47.66949833" lon="20.782605">
        <ele>135.8</ele>
        <time>2025-07-06T01:09:05Z</time>
      </trkpt>
      <trkpt lat="47.66940833" lon="20.78256">
        <ele>134.8</ele>
        <time>2025-07-06T01:09:13Z</time>
      </trkpt>
      <trkpt lat="47.66932333" lon="20.78250333">
        <ele>136.1</ele>
        <time>2025-07-06T01:09:20Z</time>
      </trkpt>
      <trkpt lat="47.66923" lon="20.78245667">
        <ele>136.5</ele>
        <time>2025-07-06T01:09:28Z</time>
      </trkpt>
      <trkpt lat="47.669135" lon="20.782405">
        <ele>135.8</ele>
        <time>2025-07-06T01:09:36Z</time>
      </trkpt>
      <trkpt lat="47.66905" lon="20.782345">
        <ele>135.6</ele>
        <time>2025-07-06T01:09:44Z</time>
      </trkpt>
      <trkpt lat="47.668955" lon="20.78229167">
        <ele>134.6</ele>
        <time>2025-07-06T01:09:53Z</time>
      </trkpt>
      <trkpt lat="47.66886667" lon="20.78222833">
        <ele>133.9</ele>
        <time>2025-07-06T01:10:03Z</time>
      </trkpt>
      <trkpt lat="47.66877833" lon="20.78218333">
        <ele>134.8</ele>
        <time>2025-07-06T01:10:11Z</time>
      </trkpt>
      <trkpt lat="47.66868" lon="20.78214">
        <ele>136.3</ele>
        <time>2025-07-06T01:10:19Z</time>
      </trkpt>
      <trkpt lat="47.66859667" lon="20.782085">
        <ele>136.5</ele>
        <time>2025-07-06T01:10:27Z</time>
      </trkpt>
      <trkpt lat="47.66851167" lon="20.78203667">
        <ele>137.4</ele>
        <time>2025-07-06T01:10:34Z</time>
      </trkpt>
      <trkpt lat="47.66841333" lon="20.78198667">
        <ele>136</ele>
        <time>2025-07-06T01:10:42Z</time>
      </trkpt>
      <trkpt lat="47.66832167" lon="20.78193333">
        <ele>135.9</ele>
        <time>2025-07-06T01:10:50Z</time>
      </trkpt>
      <trkpt lat="47.66823167" lon="20.781885">
        <ele>135.6</ele>
        <time>2025-07-06T01:10:58Z</time>
      </trkpt>
      <trkpt lat="47.668145" lon="20.781845">
        <ele>134.8</ele>
        <time>2025-07-06T01:11:05Z</time>
      </trkpt>
      <trkpt lat="47.66806" lon="20.78178667">
        <ele>134.9</ele>
        <time>2025-07-06T01:11:13Z</time>
      </trkpt>
      <trkpt lat="47.66798167" lon="20.78171833">
        <ele>135.1</ele>
        <time>2025-07-06T01:11:21Z</time>
      </trkpt>
      <trkpt lat="47.66788333" lon="20.78167333">
        <ele>134.8</ele>
        <time>2025-07-06T01:11:29Z</time>
      </trkpt>
      <trkpt lat="47.66779333" lon="20.78163333">
        <ele>135.5</ele>
        <time>2025-07-06T01:11:36Z</time>
      </trkpt>
      <trkpt lat="47.66770333" lon="20.78157833">
        <ele>136.7</ele>
        <time>2025-07-06T01:11:44Z</time>
      </trkpt>
      <trkpt lat="47.66761" lon="20.781535">
        <ele>136.7</ele>
        <time>2025-07-06T01:11:52Z</time>
      </trkpt>
      <trkpt lat="47.66751833" lon="20.78147667">
        <ele>136</ele>
        <time>2025-07-06T01:12:00Z</time>
      </trkpt>
      <trkpt lat="47.667435" lon="20.781415">
        <ele>136.5</ele>
        <time>2025-07-06T01:12:07Z</time>
      </trkpt>
      <trkpt lat="47.66734333" lon="20.78137333">
        <ele>136.1</ele>
        <time>2025-07-06T01:12:15Z</time>
      </trkpt>
      <trkpt lat="47.667255" lon="20.78131667">
        <ele>135.3</ele>
        <time>2025-07-06T01:12:22Z</time>
      </trkpt>
      <trkpt lat="47.66716167" lon="20.781255">
        <ele>139.2</ele>
        <time>2025-07-06T01:12:30Z</time>
      </trkpt>
      <trkpt lat="47.66707" lon="20.78120333">
        <ele>140.8</ele>
        <time>2025-07-06T01:12:38Z</time>
      </trkpt>
      <trkpt lat="47.66697833" lon="20.78115333">
        <ele>137.4</ele>
        <time>2025-07-06T01:12:46Z</time>
      </trkpt>
      <trkpt lat="47.66688667" lon="20.78111667">
        <ele>133.5</ele>
        <time>2025-07-06T01:12:55Z</time>
      </trkpt>
      <trkpt lat="47.66680167" lon="20.78105">
        <ele>134.2</ele>
        <time>2025-07-06T01:13:03Z</time>
      </trkpt>
      <trkpt lat="47.66670833" lon="20.78100667">
        <ele>134.3</ele>
        <time>2025-07-06T01:13:11Z</time>
      </trkpt>
      <trkpt lat="47.66661833" lon="20.780965">
        <ele>133.9</ele>
        <time>2025-07-06T01:13:18Z</time>
      </trkpt>
      <trkpt lat="47.66653833" lon="20.78090333">
        <ele>132.9</ele>
        <time>2025-07-06T01:13:33Z</time>
      </trkpt>
      <trkpt lat="47.66644667" lon="20.78084833">
        <ele>134.1</ele>
        <time>2025-07-06T01:13:43Z</time>
      </trkpt>
      <trkpt lat="47.66635667" lon="20.78080333">
        <ele>132.2</ele>
        <time>2025-07-06T01:13:52Z</time>
      </trkpt>
      <trkpt lat="47.66626167" lon="20.78075667">
        <ele>132.4</ele>
        <time>2025-07-06T01:14:00Z</time>
      </trkpt>
      <trkpt lat="47.66617667" lon="20.780695">
        <ele>133.9</ele>
        <time>2025-07-06T01:14:08Z</time>
      </trkpt>
      <trkpt lat="47.66608667" lon="20.780635">
        <ele>133.9</ele>
        <time>2025-07-06T01:14:16Z</time>
      </trkpt>
      <trkpt lat="47.66600167" lon="20.78058667">
        <ele>133.2</ele>
        <time>2025-07-06T01:14:24Z</time>
      </trkpt>
      <trkpt lat="47.66591167" lon="20.78054333">
        <ele>130.9</ele>
        <time>2025-07-06T01:14:32Z</time>
      </trkpt>
      <trkpt lat="47.66582333" lon="20.78047833">
        <ele>131.3</ele>
        <time>2025-07-06T01:14:40Z</time>
      </trkpt>
      <trkpt lat="47.66573" lon="20.78044167">
        <ele>132.3</ele>
        <time>2025-07-06T01:14:48Z</time>
      </trkpt>
      <trkpt lat="47.665635" lon="20.78039">
        <ele>133</ele>
        <time>2025-07-06T01:14:56Z</time>
      </trkpt>
      <trkpt lat="47.66554833" lon="20.780335">
        <ele>133.4</ele>
        <time>2025-07-06T01:15:04Z</time>
      </trkpt>
      <trkpt lat="47.66545833" lon="20.78028667">
        <ele>133.3</ele>
        <time>2025-07-06T01:15:12Z</time>
      </trkpt>
      <trkpt lat="47.66536833" lon="20.78023">
        <ele>133.4</ele>
        <time>2025-07-06T01:15:20Z</time>
      </trkpt>
      <trkpt lat="47.66528333" lon="20.78017167">
        <ele>133.2</ele>
        <time>2025-07-06T01:15:28Z</time>
      </trkpt>
      <trkpt lat="47.66519" lon="20.78012667">
        <ele>132.4</ele>
        <time>2025-07-06T01:15:36Z</time>
      </trkpt>
      <trkpt lat="47.6651" lon="20.78006667">
        <ele>133.5</ele>
        <time>2025-07-06T01:15:44Z</time>
      </trkpt>
      <trkpt lat="47.66500833" lon="20.78001333">
        <ele>134.7</ele>
        <time>2025-07-06T01:15:52Z</time>
      </trkpt>
      <trkpt lat="47.664915" lon="20.779955">
        <ele>134.1</ele>
        <time>2025-07-06T01:16:01Z</time>
      </trkpt>
      <trkpt lat="47.66482667" lon="20.77992667">
        <ele>134.5</ele>
        <time>2025-07-06T01:16:09Z</time>
      </trkpt>
      <trkpt lat="47.66474667" lon="20.77986">
        <ele>134.9</ele>
        <time>2025-07-06T01:16:17Z</time>
      </trkpt>
      <trkpt lat="47.664655" lon="20.77981667">
        <ele>133</ele>
        <time>2025-07-06T01:16:44Z</time>
      </trkpt>
      <trkpt lat="47.664565" lon="20.77976">
        <ele>134.9</ele>
        <time>2025-07-06T01:17:22Z</time>
      </trkpt>
      <trkpt lat="47.66447167" lon="20.77971167">
        <ele>133.9</ele>
        <time>2025-07-06T01:17:49Z</time>
      </trkpt>
      <trkpt lat="47.66438833" lon="20.77962">
        <ele>132.1</ele>
        <time>2025-07-06T01:17:59Z</time>
      </trkpt>
      <trkpt lat="47.6643" lon="20.77958">
        <ele>132.6</ele>
        <time>2025-07-06T01:18:06Z</time>
      </trkpt>
      <trkpt lat="47.664215" lon="20.779535">
        <ele>132</ele>
        <time>2025-07-06T01:18:13Z</time>
      </trkpt>
      <trkpt lat="47.66411833" lon="20.77949">
        <ele>131.1</ele>
        <time>2025-07-06T01:18:21Z</time>
      </trkpt>
      <trkpt lat="47.66402667" lon="20.77943667">
        <ele>133.2</ele>
        <time>2025-07-06T01:18:29Z</time>
      </trkpt>
      <trkpt lat="47.66393333" lon="20.779385">
        <ele>132.2</ele>
        <time>2025-07-06T01:18:38Z</time>
      </trkpt>
      <trkpt lat="47.66383667" lon="20.77933833">
        <ele>131.9</ele>
        <time>2025-07-06T01:18:46Z</time>
      </trkpt>
      <trkpt lat="47.663735" lon="20.77930333">
        <ele>131.9</ele>
        <time>2025-07-06T01:18:54Z</time>
      </trkpt>
      <trkpt lat="47.66365167" lon="20.77923">
        <ele>131.5</ele>
        <time>2025-07-06T01:19:22Z</time>
      </trkpt>
      <trkpt lat="47.66356167" lon="20.77919667">
        <ele>132.4</ele>
        <time>2025-07-06T01:20:01Z</time>
      </trkpt>
      <trkpt lat="47.66347333" lon="20.77912667">
        <ele>132.3</ele>
        <time>2025-07-06T01:20:20Z</time>
      </trkpt>
      <trkpt lat="47.66339" lon="20.77906667">
        <ele>132.4</ele>
        <time>2025-07-06T01:20:27Z</time>
      </trkpt>
      <trkpt lat="47.6633" lon="20.77903">
        <ele>133.1</ele>
        <time>2025-07-06T01:20:34Z</time>
      </trkpt>
      <trkpt lat="47.66321333" lon="20.77898667">
        <ele>133.9</ele>
        <time>2025-07-06T01:20:42Z</time>
      </trkpt>
      <trkpt lat="47.66313" lon="20.77892167">
        <ele>135.9</ele>
        <time>2025-07-06T01:20:49Z</time>
      </trkpt>
      <trkpt lat="47.66303" lon="20.77887167">
        <ele>135.4</ele>
        <time>2025-07-06T01:20:57Z</time>
      </trkpt>
      <trkpt lat="47.66294167" lon="20.77882167">
        <ele>135.6</ele>
        <time>2025-07-06T01:21:04Z</time>
      </trkpt>
      <trkpt lat="47.662845" lon="20.77876">
        <ele>135.3</ele>
        <time>2025-07-06T01:21:14Z</time>
      </trkpt>
      <trkpt lat="47.66275667" lon="20.77870833">
        <ele>137</ele>
        <time>2025-07-06T01:21:21Z</time>
      </trkpt>
      <trkpt lat="47.66266833" lon="20.778655">
        <ele>136.8</ele>
        <time>2025-07-06T01:21:30Z</time>
      </trkpt>
      <trkpt lat="47.66257667" lon="20.77860833">
        <ele>137.2</ele>
        <time>2025-07-06T01:21:39Z</time>
      </trkpt>
      <trkpt lat="47.66249" lon="20.77856">
        <ele>136.8</ele>
        <time>2025-07-06T01:21:46Z</time>
      </trkpt>
      <trkpt lat="47.66240333" lon="20.77852333">
        <ele>135.4</ele>
        <time>2025-07-06T01:21:54Z</time>
      </trkpt>
      <trkpt lat="47.66231667" lon="20.77847667">
        <ele>134.8</ele>
        <time>2025-07-06T01:22:01Z</time>
      </trkpt>
      <trkpt lat="47.66223167" lon="20.77842167">
        <ele>135.7</ele>
        <time>2025-07-06T01:22:09Z</time>
      </trkpt>
      <trkpt lat="47.66213667" lon="20.778375">
        <ele>136.8</ele>
        <time>2025-07-06T01:22:17Z</time>
      </trkpt>
      <trkpt lat="47.662055" lon="20.77831333">
        <ele>135.6</ele>
        <time>2025-07-06T01:22:26Z</time>
      </trkpt>
      <trkpt lat="47.661965" lon="20.77827833">
        <ele>134.5</ele>
        <time>2025-07-06T01:22:33Z</time>
      </trkpt>
      <trkpt lat="47.66188167" lon="20.77822333">
        <ele>133.5</ele>
        <time>2025-07-06T01:22:40Z</time>
      </trkpt>
      <trkpt lat="47.66178833" lon="20.778165">
        <ele>133.1</ele>
        <time>2025-07-06T01:22:48Z</time>
      </trkpt>
      <trkpt lat="47.66169667" lon="20.77811833">
        <ele>133.7</ele>
        <time>2025-07-06T01:22:56Z</time>
      </trkpt>
      <trkpt lat="47.66160667" lon="20.77806667">
        <ele>133.1</ele>
        <time>2025-07-06T01:23:04Z</time>
      </trkpt>
      <trkpt lat="47.66152" lon="20.77802">
        <ele>134.5</ele>
        <time>2025-07-06T01:23:11Z</time>
      </trkpt>
      <trkpt lat="47.66142833" lon="20.77796833">
        <ele>134.1</ele>
        <time>2025-07-06T01:23:19Z</time>
      </trkpt>
      <trkpt lat="47.66134333" lon="20.77791">
        <ele>134.1</ele>
        <time>2025-07-06T01:23:27Z</time>
      </trkpt>
      <trkpt lat="47.66125833" lon="20.77785833">
        <ele>132.3</ele>
        <time>2025-07-06T01:23:35Z</time>
      </trkpt>
      <trkpt lat="47.66116833" lon="20.77781333">
        <ele>133.9</ele>
        <time>2025-07-06T01:23:49Z</time>
      </trkpt>
      <trkpt lat="47.66107167" lon="20.77776333">
        <ele>133.8</ele>
        <time>2025-07-06T01:23:55Z</time>
      </trkpt>
      <trkpt lat="47.660985" lon="20.777705">
        <ele>133.8</ele>
        <time>2025-07-06T01:24:01Z</time>
      </trkpt>
      <trkpt lat="47.660905" lon="20.77763833">
        <ele>133.1</ele>
        <time>2025-07-06T01:24:07Z</time>
      </trkpt>
      <trkpt lat="47.660815" lon="20.77759667">
        <ele>133.3</ele>
        <time>2025-07-06T01:24:15Z</time>
      </trkpt>
      <trkpt lat="47.66072833" lon="20.77754333">
        <ele>134.9</ele>
        <time>2025-07-06T01:24:23Z</time>
      </trkpt>
      <trkpt lat="47.66063833" lon="20.777495">
        <ele>136</ele>
        <time>2025-07-06T01:24:31Z</time>
      </trkpt>
      <trkpt lat="47.66054167" lon="20.77744833">
        <ele>137</ele>
        <time>2025-07-06T01:24:39Z</time>
      </trkpt>
      <trkpt lat="47.660455" lon="20.77737833">
        <ele>135.9</ele>
        <time>2025-07-06T01:24:48Z</time>
      </trkpt>
      <trkpt lat="47.66036167" lon="20.77733833">
        <ele>133.8</ele>
        <time>2025-07-06T01:24:57Z</time>
      </trkpt>
      <trkpt lat="47.66027667" lon="20.77729">
        <ele>133.5</ele>
        <time>2025-07-06T01:25:04Z</time>
      </trkpt>
      <trkpt lat="47.660185" lon="20.77726167">
        <ele>133.1</ele>
        <time>2025-07-06T01:25:11Z</time>
      </trkpt>
      <trkpt lat="47.66009667" lon="20.77719">
        <ele>133.3</ele>
        <time>2025-07-06T01:25:21Z</time>
      </trkpt>
      <trkpt lat="47.66001167" lon="20.777135">
        <ele>133</ele>
        <time>2025-07-06T01:25:43Z</time>
      </trkpt>
      <trkpt lat="47.65993167" lon="20.77705">
        <ele>133.4</ele>
        <time>2025-07-06T01:25:59Z</time>
      </trkpt>
      <trkpt lat="47.659835" lon="20.77702333">
        <ele>133.8</ele>
        <time>2025-07-06T01:26:06Z</time>
      </trkpt>
      <trkpt lat="47.65973833" lon="20.77699667">
        <ele>133.6</ele>
        <time>2025-07-06T01:26:23Z</time>
      </trkpt>
      <trkpt lat="47.659655" lon="20.776945">
        <ele>132.6</ele>
        <time>2025-07-06T01:26:32Z</time>
      </trkpt>
      <trkpt lat="47.65956833" lon="20.776885">
        <ele>133.1</ele>
        <time>2025-07-06T01:26:40Z</time>
      </trkpt>
      <trkpt lat="47.65948" lon="20.77684167">
        <ele>133.3</ele>
        <time>2025-07-06T01:26:47Z</time>
      </trkpt>
      <trkpt lat="47.65939667" lon="20.77678667">
        <ele>133.7</ele>
        <time>2025-07-06T01:26:54Z</time>
      </trkpt>
      <trkpt lat="47.65930833" lon="20.77674667">
        <ele>131.7</ele>
        <time>2025-07-06T01:27:02Z</time>
      </trkpt>
      <trkpt lat="47.65921667" lon="20.77668667">
        <ele>131.7</ele>
        <time>2025-07-06T01:27:10Z</time>
      </trkpt>
      <trkpt lat="47.65912833" lon="20.77662667">
        <ele>131.6</ele>
        <time>2025-07-06T01:27:18Z</time>
      </trkpt>
      <trkpt lat="47.65903333" lon="20.77658">
        <ele>131.9</ele>
        <time>2025-07-06T01:27:25Z</time>
      </trkpt>
      <trkpt lat="47.65894333" lon="20.77654167">
        <ele>132.4</ele>
        <time>2025-07-06T01:27:32Z</time>
      </trkpt>
      <trkpt lat="47.658855" lon="20.77647833">
        <ele>132.7</ele>
        <time>2025-07-06T01:27:40Z</time>
      </trkpt>
      <trkpt lat="47.65876" lon="20.77642333">
        <ele>132.2</ele>
        <time>2025-07-06T01:27:49Z</time>
      </trkpt>
      <trkpt lat="47.65867" lon="20.77638333">
        <ele>131.7</ele>
        <time>2025-07-06T01:28:05Z</time>
      </trkpt>
      <trkpt lat="47.658575" lon="20.77633167">
        <ele>130.8</ele>
        <time>2025-07-06T01:28:13Z</time>
      </trkpt>
      <trkpt lat="47.658475" lon="20.776285">
        <ele>132.2</ele>
        <time>2025-07-06T01:28:22Z</time>
      </trkpt>
      <trkpt lat="47.65839" lon="20.776225">
        <ele>131.3</ele>
        <time>2025-07-06T01:28:29Z</time>
      </trkpt>
      <trkpt lat="47.65829667" lon="20.77617">
        <ele>131.3</ele>
        <time>2025-07-06T01:28:37Z</time>
      </trkpt>
      <trkpt lat="47.6582" lon="20.776115">
        <ele>131.7</ele>
        <time>2025-07-06T01:28:45Z</time>
      </trkpt>
      <trkpt lat="47.65810333" lon="20.77607833">
        <ele>134.4</ele>
        <time>2025-07-06T01:28:52Z</time>
      </trkpt>
      <trkpt lat="47.658005" lon="20.77603667">
        <ele>135.4</ele>
        <time>2025-07-06T01:29:00Z</time>
      </trkpt>
      <trkpt lat="47.65792" lon="20.77598167">
        <ele>135.2</ele>
        <time>2025-07-06T01:29:08Z</time>
      </trkpt>
      <trkpt lat="47.657835" lon="20.77592">
        <ele>134.7</ele>
        <time>2025-07-06T01:29:20Z</time>
      </trkpt>
      <trkpt lat="47.65774833" lon="20.77586">
        <ele>133.4</ele>
        <time>2025-07-06T01:29:31Z</time>
      </trkpt>
      <trkpt lat="47.65766" lon="20.77581">
        <ele>135.2</ele>
        <time>2025-07-06T01:29:38Z</time>
      </trkpt>
      <trkpt lat="47.65756" lon="20.775775">
        <ele>135.3</ele>
        <time>2025-07-06T01:29:46Z</time>
      </trkpt>
      <trkpt lat="47.65747" lon="20.77571">
        <ele>133.6</ele>
        <time>2025-07-06T01:29:55Z</time>
      </trkpt>
      <trkpt lat="47.65738167" lon="20.77567">
        <ele>134.3</ele>
        <time>2025-07-06T01:30:01Z</time>
      </trkpt>
      <trkpt lat="47.657305" lon="20.77558167">
        <ele>134.6</ele>
        <time>2025-07-06T01:30:09Z</time>
      </trkpt>
      <trkpt lat="47.657205" lon="20.77555167">
        <ele>136.4</ele>
        <time>2025-07-06T01:30:18Z</time>
      </trkpt>
      <trkpt lat="47.657125" lon="20.77548667">
        <ele>135.4</ele>
        <time>2025-07-06T01:30:26Z</time>
      </trkpt>
      <trkpt lat="47.65704" lon="20.77540167">
        <ele>134.9</ele>
        <time>2025-07-06T01:30:44Z</time>
      </trkpt>
      <trkpt lat="47.65695" lon="20.77536167">
        <ele>135.7</ele>
        <time>2025-07-06T01:30:52Z</time>
      </trkpt>
      <trkpt lat="47.65685667" lon="20.77534333">
        <ele>136.9</ele>
        <time>2025-07-06T01:30:59Z</time>
      </trkpt>
      <trkpt lat="47.656765" lon="20.77529833">
        <ele>136.8</ele>
        <time>2025-07-06T01:31:08Z</time>
      </trkpt>
      <trkpt lat="47.65668" lon="20.77523">
        <ele>135.7</ele>
        <time>2025-07-06T01:31:16Z</time>
      </trkpt>
      <trkpt lat="47.65659167" lon="20.77515667">
        <ele>136.1</ele>
        <time>2025-07-06T01:31:24Z</time>
      </trkpt>
      <trkpt lat="47.656505" lon="20.77512">
        <ele>136</ele>
        <time>2025-07-06T01:31:31Z</time>
      </trkpt>
      <trkpt lat="47.65641667" lon="20.77508833">
        <ele>136.8</ele>
        <time>2025-07-06T01:31:38Z</time>
      </trkpt>
      <trkpt lat="47.656325" lon="20.77504167">
        <ele>134</ele>
        <time>2025-07-06T01:31:48Z</time>
      </trkpt>
      <trkpt lat="47.656235" lon="20.77499333">
        <ele>133.4</ele>
        <time>2025-07-06T01:31:56Z</time>
      </trkpt>
      <trkpt lat="47.65614" lon="20.774955">
        <ele>134.2</ele>
        <time>2025-07-06T01:32:03Z</time>
      </trkpt>
      <trkpt lat="47.65605333" lon="20.77491333">
        <ele>134.5</ele>
        <time>2025-07-06T01:32:11Z</time>
      </trkpt>
      <trkpt lat="47.65596833" lon="20.77486167">
        <ele>135.5</ele>
        <time>2025-07-06T01:32:20Z</time>
      </trkpt>
      <trkpt lat="47.65589167" lon="20.774785">
        <ele>133.8</ele>
        <time>2025-07-06T01:32:30Z</time>
      </trkpt>
      <trkpt lat="47.65581" lon="20.77472167">
        <ele>132.8</ele>
        <time>2025-07-06T01:32:39Z</time>
      </trkpt>
      <trkpt lat="47.65571667" lon="20.77469">
        <ele>133.4</ele>
        <time>2025-07-06T01:32:46Z</time>
      </trkpt>
      <trkpt lat="47.65562" lon="20.77464833">
        <ele>132.5</ele>
        <time>2025-07-06T01:32:54Z</time>
      </trkpt>
      <trkpt lat="47.65552833" lon="20.77459">
        <ele>134.8</ele>
        <time>2025-07-06T01:33:01Z</time>
      </trkpt>
      <trkpt lat="47.65543833" lon="20.77453333">
        <ele>134.6</ele>
        <time>2025-07-06T01:33:09Z</time>
      </trkpt>
      <trkpt lat="47.65535333" lon="20.774485">
        <ele>134.6</ele>
        <time>2025-07-06T01:33:19Z</time>
      </trkpt>
      <trkpt lat="47.65526" lon="20.77444833">
        <ele>133.5</ele>
        <time>2025-07-06T01:33:26Z</time>
      </trkpt>
      <trkpt lat="47.65517167" lon="20.77438333">
        <ele>134.4</ele>
        <time>2025-07-06T01:33:36Z</time>
      </trkpt>
      <trkpt lat="47.65509" lon="20.774305">
        <ele>136</ele>
        <time>2025-07-06T01:33:44Z</time>
      </trkpt>
      <trkpt lat="47.65499667" lon="20.77429">
        <ele>136.1</ele>
        <time>2025-07-06T01:33:51Z</time>
      </trkpt>
      <trkpt lat="47.65491833" lon="20.774205">
        <ele>132.7</ele>
        <time>2025-07-06T01:34:14Z</time>
      </trkpt>
      <trkpt lat="47.65483" lon="20.77417333">
        <ele>133.5</ele>
        <time>2025-07-06T01:34:20Z</time>
      </trkpt>
      <trkpt lat="47.65474667" lon="20.77412167">
        <ele>134.2</ele>
        <time>2025-07-06T01:34:27Z</time>
      </trkpt>
      <trkpt lat="47.654655" lon="20.774075">
        <ele>132.5</ele>
        <time>2025-07-06T01:34:36Z</time>
      </trkpt>
      <trkpt lat="47.65456833" lon="20.77402333">
        <ele>132</ele>
        <time>2025-07-06T01:34:44Z</time>
      </trkpt>
      <trkpt lat="47.65447833" lon="20.77397">
        <ele>134</ele>
        <time>2025-07-06T01:34:52Z</time>
      </trkpt>
      <trkpt lat="47.65438833" lon="20.77395333">
        <ele>134.5</ele>
        <time>2025-07-06T01:35:06Z</time>
      </trkpt>
      <trkpt lat="47.654295" lon="20.7739">
        <ele>134.5</ele>
        <time>2025-07-06T01:35:14Z</time>
      </trkpt>
      <trkpt lat="47.65421333" lon="20.77383333">
        <ele>135.2</ele>
        <time>2025-07-06T01:35:22Z</time>
      </trkpt>
      <trkpt lat="47.654125" lon="20.77378333">
        <ele>134.2</ele>
        <time>2025-07-06T01:35:30Z</time>
      </trkpt>
      <trkpt lat="47.65403" lon="20.77374167">
        <ele>136.8</ele>
        <time>2025-07-06T01:36:12Z</time>
      </trkpt>
      <trkpt lat="47.65395167" lon="20.77363667">
        <ele>135.1</ele>
        <time>2025-07-06T01:36:18Z</time>
      </trkpt>
      <trkpt lat="47.65387167" lon="20.773575">
        <ele>135.9</ele>
        <time>2025-07-06T01:36:24Z</time>
      </trkpt>
      <trkpt lat="47.65378833" lon="20.77351333">
        <ele>134.4</ele>
        <time>2025-07-06T01:36:30Z</time>
      </trkpt>
      <trkpt lat="47.65370833" lon="20.77343833">
        <ele>134.5</ele>
        <time>2025-07-06T01:36:36Z</time>
      </trkpt>
      <trkpt lat="47.65362" lon="20.77332667">
        <ele>137.3</ele>
        <time>2025-07-06T01:36:59Z</time>
      </trkpt>
      <trkpt lat="47.65364" lon="20.77346333">
        <ele>135.2</ele>
        <time>2025-07-06T01:37:21Z</time>
      </trkpt>
      <trkpt lat="47.65347833" lon="20.77334833">
        <ele>135.4</ele>
        <time>2025-07-06T01:39:20Z</time>
      </trkpt>
      <trkpt lat="47.65338333" lon="20.77332">
        <ele>133.8</ele>
        <time>2025-07-06T01:39:39Z</time>
      </trkpt>
      <trkpt lat="47.65328333" lon="20.77328">
        <ele>134.2</ele>
        <time>2025-07-06T01:39:46Z</time>
      </trkpt>
      <trkpt lat="47.65320167" lon="20.77320333">
        <ele>133.9</ele>
        <time>2025-07-06T01:39:55Z</time>
      </trkpt>
      <trkpt lat="47.65311" lon="20.77319333">
        <ele>134.9</ele>
        <time>2025-07-06T01:40:03Z</time>
      </trkpt>
      <trkpt lat="47.65302667" lon="20.773125">
        <ele>133.8</ele>
        <time>2025-07-06T01:40:12Z</time>
      </trkpt>
      <trkpt lat="47.65294167" lon="20.77307667">
        <ele>132.4</ele>
        <time>2025-07-06T01:40:20Z</time>
      </trkpt>
      <trkpt lat="47.65285167" lon="20.773045">
        <ele>132.1</ele>
        <time>2025-07-06T01:40:29Z</time>
      </trkpt>
      <trkpt lat="47.65277167" lon="20.77298">
        <ele>131.2</ele>
        <time>2025-07-06T01:40:37Z</time>
      </trkpt>
      <trkpt lat="47.65268167" lon="20.77292167">
        <ele>131.7</ele>
        <time>2025-07-06T01:40:47Z</time>
      </trkpt>
      <trkpt lat="47.652585" lon="20.77287333">
        <ele>129.8</ele>
        <time>2025-07-06T01:41:23Z</time>
      </trkpt>
      <trkpt lat="47.65249333" lon="20.772825">
        <ele>130.5</ele>
        <time>2025-07-06T01:41:31Z</time>
      </trkpt>
      <trkpt lat="47.65240333" lon="20.77276667">
        <ele>129.2</ele>
        <time>2025-07-06T01:41:40Z</time>
      </trkpt>
      <trkpt lat="47.65231333" lon="20.77272667">
        <ele>129.3</ele>
        <time>2025-07-06T01:41:48Z</time>
      </trkpt>
      <trkpt lat="47.65222333" lon="20.77268333">
        <ele>131.8</ele>
        <time>2025-07-06T01:41:56Z</time>
      </trkpt>
      <trkpt lat="47.65214" lon="20.77261833">
        <ele>133.1</ele>
        <time>2025-07-06T01:42:04Z</time>
      </trkpt>
      <trkpt lat="47.65205333" lon="20.77256333">
        <ele>131.8</ele>
        <time>2025-07-06T01:42:13Z</time>
      </trkpt>
      <trkpt lat="47.65196667" lon="20.77251">
        <ele>132.7</ele>
        <time>2025-07-06T01:42:21Z</time>
      </trkpt>
      <trkpt lat="47.65188" lon="20.77245333">
        <ele>132.3</ele>
        <time>2025-07-06T01:42:29Z</time>
      </trkpt>
      <trkpt lat="47.65179" lon="20.77240833">
        <ele>132.2</ele>
        <time>2025-07-06T01:42:37Z</time>
      </trkpt>
      <trkpt lat="47.65169667" lon="20.77236667">
        <ele>132.4</ele>
        <time>2025-07-06T01:42:45Z</time>
      </trkpt>
      <trkpt lat="47.65160833" lon="20.77230667">
        <ele>133.4</ele>
        <time>2025-07-06T01:42:53Z</time>
      </trkpt>
      <trkpt lat="47.65151333" lon="20.77225167">
        <ele>133.4</ele>
        <time>2025-07-06T01:43:01Z</time>
      </trkpt>
      <trkpt lat="47.65141833" lon="20.77219667">
        <ele>133.7</ele>
        <time>2025-07-06T01:43:10Z</time>
      </trkpt>
      <trkpt lat="47.65132833" lon="20.77214667">
        <ele>134.6</ele>
        <time>2025-07-06T01:43:18Z</time>
      </trkpt>
      <trkpt lat="47.651235" lon="20.77209167">
        <ele>135</ele>
        <time>2025-07-06T01:43:26Z</time>
      </trkpt>
      <trkpt lat="47.65115167" lon="20.77202833">
        <ele>134.8</ele>
        <time>2025-07-06T01:43:34Z</time>
      </trkpt>
      <trkpt lat="47.65106333" lon="20.77199833">
        <ele>134</ele>
        <time>2025-07-06T01:43:42Z</time>
      </trkpt>
      <trkpt lat="47.65097" lon="20.77195167">
        <ele>133.7</ele>
        <time>2025-07-06T01:43:50Z</time>
      </trkpt>
      <trkpt lat="47.65087333" lon="20.77189667">
        <ele>132.2</ele>
        <time>2025-07-06T01:43:59Z</time>
      </trkpt>
      <trkpt lat="47.65078833" lon="20.771835">
        <ele>132.2</ele>
        <time>2025-07-06T01:44:07Z</time>
      </trkpt>
      <trkpt lat="47.6507" lon="20.77177667">
        <ele>132.4</ele>
        <time>2025-07-06T01:44:15Z</time>
      </trkpt>
      <trkpt lat="47.65061167" lon="20.771725">
        <ele>133.5</ele>
        <time>2025-07-06T01:44:23Z</time>
      </trkpt>
      <trkpt lat="47.65052333" lon="20.77167667">
        <ele>134.2</ele>
        <time>2025-07-06T01:44:30Z</time>
      </trkpt>
      <trkpt lat="47.65043667" lon="20.77162333">
        <ele>134.3</ele>
        <time>2025-07-06T01:44:38Z</time>
      </trkpt>
      <trkpt lat="47.65035" lon="20.77158333">
        <ele>134.2</ele>
        <time>2025-07-06T01:44:45Z</time>
      </trkpt>
      <trkpt lat="47.650265" lon="20.77152">
        <ele>135</ele>
        <time>2025-07-06T01:44:53Z</time>
      </trkpt>
      <trkpt lat="47.65017667" lon="20.771475">
        <ele>134.2</ele>
        <time>2025-07-06T01:45:01Z</time>
      </trkpt>
      <trkpt lat="47.65008167" lon="20.77142333">
        <ele>134.5</ele>
        <time>2025-07-06T01:45:09Z</time>
      </trkpt>
      <trkpt lat="47.649995" lon="20.77137">
        <ele>134.7</ele>
        <time>2025-07-06T01:45:17Z</time>
      </trkpt>
      <trkpt lat="47.64991" lon="20.77130833">
        <ele>135</ele>
        <time>2025-07-06T01:45:24Z</time>
      </trkpt>
      <trkpt lat="47.64980833" lon="20.77127167">
        <ele>134.6</ele>
        <time>2025-07-06T01:45:32Z</time>
      </trkpt>
      <trkpt lat="47.64971833" lon="20.771215">
        <ele>134.5</ele>
        <time>2025-07-06T01:45:41Z</time>
      </trkpt>
      <trkpt lat="47.64962333" lon="20.771165">
        <ele>135</ele>
        <time>2025-07-06T01:45:50Z</time>
      </trkpt>
      <trkpt lat="47.64953833" lon="20.771105">
        <ele>135.7</ele>
        <time>2025-07-06T01:45:58Z</time>
      </trkpt>
      <trkpt lat="47.649455" lon="20.77105333">
        <ele>135.9</ele>
        <time>2025-07-06T01:46:06Z</time>
      </trkpt>
      <trkpt lat="47.64936" lon="20.771005">
        <ele>134.9</ele>
        <time>2025-07-06T01:46:16Z</time>
      </trkpt>
      <trkpt lat="47.64927333" lon="20.77095167">
        <ele>134.9</ele>
        <time>2025-07-06T01:46:25Z</time>
      </trkpt>
      <trkpt lat="47.64918667" lon="20.77090333">
        <ele>135.2</ele>
        <time>2025-07-06T01:46:34Z</time>
      </trkpt>
      <trkpt lat="47.64909833" lon="20.77085333">
        <ele>135.6</ele>
        <time>2025-07-06T01:46:42Z</time>
      </trkpt>
      <trkpt lat="47.64901667" lon="20.77079667">
        <ele>133.8</ele>
        <time>2025-07-06T01:46:51Z</time>
      </trkpt>
      <trkpt lat="47.64893667" lon="20.770725">
        <ele>131</ele>
        <time>2025-07-06T01:47:11Z</time>
      </trkpt>
      <trkpt lat="47.64884667" lon="20.77071167">
        <ele>132.2</ele>
        <time>2025-07-06T01:47:18Z</time>
      </trkpt>
      <trkpt lat="47.64876" lon="20.770665">
        <ele>134</ele>
        <time>2025-07-06T01:47:25Z</time>
      </trkpt>
      <trkpt lat="47.64867" lon="20.77061333">
        <ele>135.3</ele>
        <time>2025-07-06T01:47:33Z</time>
      </trkpt>
      <trkpt lat="47.64858333" lon="20.77056167">
        <ele>135.1</ele>
        <time>2025-07-06T01:47:41Z</time>
      </trkpt>
      <trkpt lat="47.64849" lon="20.77051167">
        <ele>134.3</ele>
        <time>2025-07-06T01:47:49Z</time>
      </trkpt>
      <trkpt lat="47.64839833" lon="20.77045833">
        <ele>134.4</ele>
        <time>2025-07-06T01:47:56Z</time>
      </trkpt>
      <trkpt lat="47.64830167" lon="20.77040167">
        <ele>134.2</ele>
        <time>2025-07-06T01:48:04Z</time>
      </trkpt>
      <trkpt lat="47.64821167" lon="20.77036">
        <ele>134.6</ele>
        <time>2025-07-06T01:48:11Z</time>
      </trkpt>
      <trkpt lat="47.64812167" lon="20.77030833">
        <ele>134.3</ele>
        <time>2025-07-06T01:48:19Z</time>
      </trkpt>
      <trkpt lat="47.64803167" lon="20.77025667">
        <ele>135.4</ele>
        <time>2025-07-06T01:48:27Z</time>
      </trkpt>
      <trkpt lat="47.64793" lon="20.770195">
        <ele>134.7</ele>
        <time>2025-07-06T01:48:36Z</time>
      </trkpt>
      <trkpt lat="47.64783667" lon="20.770145">
        <ele>134.7</ele>
        <time>2025-07-06T01:48:44Z</time>
      </trkpt>
      <trkpt lat="47.64775167" lon="20.770095">
        <ele>135.8</ele>
        <time>2025-07-06T01:48:52Z</time>
      </trkpt>
      <trkpt lat="47.64765" lon="20.77003167">
        <ele>136.3</ele>
        <time>2025-07-06T01:49:01Z</time>
      </trkpt>
      <trkpt lat="47.64756333" lon="20.769985">
        <ele>134.8</ele>
        <time>2025-07-06T01:49:09Z</time>
      </trkpt>
      <trkpt lat="47.64747" lon="20.76992833">
        <ele>133.7</ele>
        <time>2025-07-06T01:49:17Z</time>
      </trkpt>
      <trkpt lat="47.64738" lon="20.76988333">
        <ele>134</ele>
        <time>2025-07-06T01:49:24Z</time>
      </trkpt>
      <trkpt lat="47.64728833" lon="20.76982667">
        <ele>134.7</ele>
        <time>2025-07-06T01:49:33Z</time>
      </trkpt>
      <trkpt lat="47.64720167" lon="20.76976833">
        <ele>134.2</ele>
        <time>2025-07-06T01:49:40Z</time>
      </trkpt>
      <trkpt lat="47.64711333" lon="20.76972833">
        <ele>133.7</ele>
        <time>2025-07-06T01:49:47Z</time>
      </trkpt>
      <trkpt lat="47.64703" lon="20.76967167">
        <ele>134.1</ele>
        <time>2025-07-06T01:49:54Z</time>
      </trkpt>
      <trkpt lat="47.64694" lon="20.76962833">
        <ele>134.7</ele>
        <time>2025-07-06T01:50:01Z</time>
      </trkpt>
      <trkpt lat="47.646845" lon="20.76957333">
        <ele>135</ele>
        <time>2025-07-06T01:50:10Z</time>
      </trkpt>
      <trkpt lat="47.64675833" lon="20.76950333">
        <ele>134.4</ele>
        <time>2025-07-06T01:50:19Z</time>
      </trkpt>
      <trkpt lat="47.646675" lon="20.769445">
        <ele>135.1</ele>
        <time>2025-07-06T01:50:26Z</time>
      </trkpt>
      <trkpt lat="47.64659167" lon="20.76938833">
        <ele>133.5</ele>
        <time>2025-07-06T01:50:34Z</time>
      </trkpt>
      <trkpt lat="47.6465" lon="20.76932833">
        <ele>133.7</ele>
        <time>2025-07-06T01:50:42Z</time>
      </trkpt>
      <trkpt lat="47.646415" lon="20.76925667">
        <ele>134.8</ele>
        <time>2025-07-06T01:50:50Z</time>
      </trkpt>
      <trkpt lat="47.64632667" lon="20.76919833">
        <ele>134.7</ele>
        <time>2025-07-06T01:50:58Z</time>
      </trkpt>
      <trkpt lat="47.64624333" lon="20.769125">
        <ele>136</ele>
        <time>2025-07-06T01:51:06Z</time>
      </trkpt>
      <trkpt lat="47.64616333" lon="20.76905167">
        <ele>135.3</ele>
        <time>2025-07-06T01:51:24Z</time>
      </trkpt>
      <trkpt lat="47.64607167" lon="20.76899167">
        <ele>135.2</ele>
        <time>2025-07-06T01:51:32Z</time>
      </trkpt>
      <trkpt lat="47.64598667" lon="20.76891667">
        <ele>135.1</ele>
        <time>2025-07-06T01:51:40Z</time>
      </trkpt>
      <trkpt lat="47.645905" lon="20.76886">
        <ele>133.5</ele>
        <time>2025-07-06T01:51:48Z</time>
      </trkpt>
      <trkpt lat="47.64582333" lon="20.76879">
        <ele>133.2</ele>
        <time>2025-07-06T01:51:55Z</time>
      </trkpt>
      <trkpt lat="47.64573667" lon="20.768715">
        <ele>134.8</ele>
        <time>2025-07-06T01:52:03Z</time>
      </trkpt>
      <trkpt lat="47.64565833" lon="20.76863667">
        <ele>133.9</ele>
        <time>2025-07-06T01:52:11Z</time>
      </trkpt>
      <trkpt lat="47.64557333" lon="20.76855333">
        <ele>134.7</ele>
        <time>2025-07-06T01:52:19Z</time>
      </trkpt>
      <trkpt lat="47.64549167" lon="20.76848">
        <ele>134.1</ele>
        <time>2025-07-06T01:52:27Z</time>
      </trkpt>
      <trkpt lat="47.64541333" lon="20.768395">
        <ele>134.3</ele>
        <time>2025-07-06T01:52:34Z</time>
      </trkpt>
      <trkpt lat="47.64533167" lon="20.768325">
        <ele>135.3</ele>
        <time>2025-07-06T01:52:42Z</time>
      </trkpt>
      <trkpt lat="47.64524833" lon="20.76825167">
        <ele>134.5</ele>
        <time>2025-07-06T01:52:50Z</time>
      </trkpt>
      <trkpt lat="47.64517167" lon="20.76816833">
        <ele>133.5</ele>
        <time>2025-07-06T01:52:57Z</time>
      </trkpt>
      <trkpt lat="47.64508833" lon="20.768085">
        <ele>134</ele>
        <time>2025-07-06T01:53:05Z</time>
      </trkpt>
      <trkpt lat="47.64501167" lon="20.76800833">
        <ele>134.3</ele>
        <time>2025-07-06T01:53:13Z</time>
      </trkpt>
      <trkpt lat="47.64493667" lon="20.76792333">
        <ele>133.2</ele>
        <time>2025-07-06T01:53:30Z</time>
      </trkpt>
      <trkpt lat="47.64485167" lon="20.76785167">
        <ele>134.6</ele>
        <time>2025-07-06T01:53:38Z</time>
      </trkpt>
      <trkpt lat="47.64478" lon="20.767765">
        <ele>135.3</ele>
        <time>2025-07-06T01:53:45Z</time>
      </trkpt>
      <trkpt lat="47.64471" lon="20.76767833">
        <ele>135</ele>
        <time>2025-07-06T01:53:52Z</time>
      </trkpt>
      <trkpt lat="47.64462667" lon="20.76759833">
        <ele>134.7</ele>
        <time>2025-07-06T01:54:00Z</time>
      </trkpt>
      <trkpt lat="47.64454833" lon="20.76750833">
        <ele>135.4</ele>
        <time>2025-07-06T01:54:08Z</time>
      </trkpt>
      <trkpt lat="47.64446333" lon="20.76741667">
        <ele>134.7</ele>
        <time>2025-07-06T01:54:17Z</time>
      </trkpt>
      <trkpt lat="47.64439167" lon="20.76733333">
        <ele>134.6</ele>
        <time>2025-07-06T01:54:24Z</time>
      </trkpt>
      <trkpt lat="47.64431833" lon="20.76724833">
        <ele>133.8</ele>
        <time>2025-07-06T01:54:32Z</time>
      </trkpt>
      <trkpt lat="47.644245" lon="20.76716">
        <ele>134.1</ele>
        <time>2025-07-06T01:54:39Z</time>
      </trkpt>
      <trkpt lat="47.64417167" lon="20.76708">
        <ele>133.9</ele>
        <time>2025-07-06T01:54:46Z</time>
      </trkpt>
      <trkpt lat="47.64409" lon="20.76699167">
        <ele>134</ele>
        <time>2025-07-06T01:54:54Z</time>
      </trkpt>
      <trkpt lat="47.644015" lon="20.76689667">
        <ele>133.9</ele>
        <time>2025-07-06T01:55:01Z</time>
      </trkpt>
      <trkpt lat="47.64393833" lon="20.76681333">
        <ele>134.7</ele>
        <time>2025-07-06T01:55:09Z</time>
      </trkpt>
      <trkpt lat="47.643865" lon="20.766715">
        <ele>135</ele>
        <time>2025-07-06T01:55:17Z</time>
      </trkpt>
      <trkpt lat="47.643785" lon="20.76662">
        <ele>134.3</ele>
        <time>2025-07-06T01:55:25Z</time>
      </trkpt>
      <trkpt lat="47.64370833" lon="20.76653167">
        <ele>133.6</ele>
        <time>2025-07-06T01:55:33Z</time>
      </trkpt>
      <trkpt lat="47.64363333" lon="20.76645333">
        <ele>133</ele>
        <time>2025-07-06T01:55:41Z</time>
      </trkpt>
      <trkpt lat="47.64355667" lon="20.76635833">
        <ele>132.5</ele>
        <time>2025-07-06T01:55:49Z</time>
      </trkpt>
      <trkpt lat="47.64348667" lon="20.76626333">
        <ele>132.9</ele>
        <time>2025-07-06T01:55:57Z</time>
      </trkpt>
      <trkpt lat="47.64341667" lon="20.76617833">
        <ele>132.3</ele>
        <time>2025-07-06T01:56:04Z</time>
      </trkpt>
      <trkpt lat="47.64334" lon="20.76608333">
        <ele>133</ele>
        <time>2025-07-06T01:56:12Z</time>
      </trkpt>
      <trkpt lat="47.643265" lon="20.76599333">
        <ele>134.5</ele>
        <time>2025-07-06T01:56:20Z</time>
      </trkpt>
      <trkpt lat="47.643195" lon="20.76589667">
        <ele>135.4</ele>
        <time>2025-07-06T01:56:28Z</time>
      </trkpt>
      <trkpt lat="47.64312167" lon="20.7658">
        <ele>134.2</ele>
        <time>2025-07-06T01:56:36Z</time>
      </trkpt>
      <trkpt lat="47.64304833" lon="20.765715">
        <ele>133.6</ele>
        <time>2025-07-06T01:56:44Z</time>
      </trkpt>
      <trkpt lat="47.642985" lon="20.765615">
        <ele>133.9</ele>
        <time>2025-07-06T01:56:52Z</time>
      </trkpt>
      <trkpt lat="47.64291667" lon="20.76551333">
        <ele>134.4</ele>
        <time>2025-07-06T01:57:00Z</time>
      </trkpt>
      <trkpt lat="47.64285" lon="20.76542333">
        <ele>134.6</ele>
        <time>2025-07-06T01:57:07Z</time>
      </trkpt>
      <trkpt lat="47.64278167" lon="20.76532833">
        <ele>133.7</ele>
        <time>2025-07-06T01:57:14Z</time>
      </trkpt>
      <trkpt lat="47.64271" lon="20.76523833">
        <ele>132.9</ele>
        <time>2025-07-06T01:57:22Z</time>
      </trkpt>
      <trkpt lat="47.64265167" lon="20.76513667">
        <ele>132.6</ele>
        <time>2025-07-06T01:57:29Z</time>
      </trkpt>
      <trkpt lat="47.64258333" lon="20.76504167">
        <ele>131.6</ele>
        <time>2025-07-06T01:57:37Z</time>
      </trkpt>
      <trkpt lat="47.64251667" lon="20.76495">
        <ele>132.7</ele>
        <time>2025-07-06T01:57:44Z</time>
      </trkpt>
      <trkpt lat="47.64245" lon="20.76483667">
        <ele>134.9</ele>
        <time>2025-07-06T01:57:52Z</time>
      </trkpt>
      <trkpt lat="47.64238667" lon="20.76473833">
        <ele>132.9</ele>
        <time>2025-07-06T01:58:00Z</time>
      </trkpt>
      <trkpt lat="47.64232833" lon="20.764635">
        <ele>131.8</ele>
        <time>2025-07-06T01:58:07Z</time>
      </trkpt>
      <trkpt lat="47.64226333" lon="20.76453333">
        <ele>132</ele>
        <time>2025-07-06T01:58:15Z</time>
      </trkpt>
      <trkpt lat="47.64219667" lon="20.76442333">
        <ele>131.9</ele>
        <time>2025-07-06T01:58:23Z</time>
      </trkpt>
      <trkpt lat="47.64213333" lon="20.76431167">
        <ele>131.2</ele>
        <time>2025-07-06T01:58:31Z</time>
      </trkpt>
      <trkpt lat="47.64207" lon="20.76420833">
        <ele>131.2</ele>
        <time>2025-07-06T01:58:39Z</time>
      </trkpt>
      <trkpt lat="47.642" lon="20.76409667">
        <ele>132.7</ele>
        <time>2025-07-06T01:58:47Z</time>
      </trkpt>
      <trkpt lat="47.641935" lon="20.76399">
        <ele>134.7</ele>
        <time>2025-07-06T01:58:55Z</time>
      </trkpt>
      <trkpt lat="47.64186833" lon="20.76388333">
        <ele>133.5</ele>
        <time>2025-07-06T01:59:03Z</time>
      </trkpt>
      <trkpt lat="47.641815" lon="20.76376167">
        <ele>132.8</ele>
        <time>2025-07-06T01:59:11Z</time>
      </trkpt>
      <trkpt lat="47.64175" lon="20.763665">
        <ele>134.6</ele>
        <time>2025-07-06T01:59:18Z</time>
      </trkpt>
      <trkpt lat="47.641695" lon="20.76354667">
        <ele>134.6</ele>
        <time>2025-07-06T01:59:26Z</time>
      </trkpt>
      <trkpt lat="47.64163333" lon="20.76344">
        <ele>134.6</ele>
        <time>2025-07-06T01:59:34Z</time>
      </trkpt>
      <trkpt lat="47.64157833" lon="20.76332167">
        <ele>133.8</ele>
        <time>2025-07-06T01:59:42Z</time>
      </trkpt>
      <trkpt lat="47.641515" lon="20.76321333">
        <ele>134</ele>
        <time>2025-07-06T01:59:50Z</time>
      </trkpt>
      <trkpt lat="47.64146333" lon="20.76310333">
        <ele>134.7</ele>
        <time>2025-07-06T01:59:57Z</time>
      </trkpt>
      <trkpt lat="47.64140833" lon="20.76298833">
        <ele>134.5</ele>
        <time>2025-07-06T02:00:05Z</time>
      </trkpt>
      <trkpt lat="47.64134667" lon="20.762875">
        <ele>134.1</ele>
        <time>2025-07-06T02:00:13Z</time>
      </trkpt>
      <trkpt lat="47.64129167" lon="20.762755">
        <ele>132.7</ele>
        <time>2025-07-06T02:00:21Z</time>
      </trkpt>
      <trkpt lat="47.64123667" lon="20.76262833">
        <ele>131.5</ele>
        <time>2025-07-06T02:00:30Z</time>
      </trkpt>
      <trkpt lat="47.64119" lon="20.762505">
        <ele>132.4</ele>
        <time>2025-07-06T02:00:38Z</time>
      </trkpt>
      <trkpt lat="47.64113333" lon="20.762395">
        <ele>133.9</ele>
        <time>2025-07-06T02:00:45Z</time>
      </trkpt>
      <trkpt lat="47.641075" lon="20.76229333">
        <ele>132</ele>
        <time>2025-07-06T02:00:52Z</time>
      </trkpt>
      <trkpt lat="47.64101833" lon="20.76218333">
        <ele>132</ele>
        <time>2025-07-06T02:00:59Z</time>
      </trkpt>
      <trkpt lat="47.64098" lon="20.76206167">
        <ele>133.4</ele>
        <time>2025-07-06T02:01:07Z</time>
      </trkpt>
      <trkpt lat="47.64092" lon="20.76194833">
        <ele>133.5</ele>
        <time>2025-07-06T02:01:15Z</time>
      </trkpt>
      <trkpt lat="47.64087333" lon="20.76183">
        <ele>135.1</ele>
        <time>2025-07-06T02:01:25Z</time>
      </trkpt>
      <trkpt lat="47.64082667" lon="20.7617">
        <ele>135.2</ele>
        <time>2025-07-06T02:01:34Z</time>
      </trkpt>
      <trkpt lat="47.64077667" lon="20.76157833">
        <ele>135.1</ele>
        <time>2025-07-06T02:01:42Z</time>
      </trkpt>
      <trkpt lat="47.64073167" lon="20.76144667">
        <ele>134.7</ele>
        <time>2025-07-06T02:01:50Z</time>
      </trkpt>
      <trkpt lat="47.64070333" lon="20.76131333">
        <ele>132.2</ele>
        <time>2025-07-06T02:02:13Z</time>
      </trkpt>
      <trkpt lat="47.64064333" lon="20.76120833">
        <ele>134.6</ele>
        <time>2025-07-06T02:02:19Z</time>
      </trkpt>
      <trkpt lat="47.6406" lon="20.76108667">
        <ele>136.3</ele>
        <time>2025-07-06T02:02:26Z</time>
      </trkpt>
      <trkpt lat="47.64055167" lon="20.76095167">
        <ele>136.9</ele>
        <time>2025-07-06T02:02:34Z</time>
      </trkpt>
      <trkpt lat="47.640505" lon="20.76083167">
        <ele>137.3</ele>
        <time>2025-07-06T02:02:41Z</time>
      </trkpt>
      <trkpt lat="47.64046833" lon="20.76070167">
        <ele>136.3</ele>
        <time>2025-07-06T02:02:49Z</time>
      </trkpt>
      <trkpt lat="47.64042833" lon="20.760565">
        <ele>135</ele>
        <time>2025-07-06T02:02:57Z</time>
      </trkpt>
      <trkpt lat="47.64039833" lon="20.76042833">
        <ele>134.1</ele>
        <time>2025-07-06T02:03:25Z</time>
      </trkpt>
      <trkpt lat="47.64034833" lon="20.76030167">
        <ele>134.7</ele>
        <time>2025-07-06T02:03:33Z</time>
      </trkpt>
      <trkpt lat="47.64030833" lon="20.760165">
        <ele>135.4</ele>
        <time>2025-07-06T02:03:41Z</time>
      </trkpt>
      <trkpt lat="47.64027" lon="20.76003833">
        <ele>135.4</ele>
        <time>2025-07-06T02:03:48Z</time>
      </trkpt>
      <trkpt lat="47.64023167" lon="20.7599">
        <ele>134.9</ele>
        <time>2025-07-06T02:03:56Z</time>
      </trkpt>
      <trkpt lat="47.640195" lon="20.75977667">
        <ele>134.1</ele>
        <time>2025-07-06T02:04:03Z</time>
      </trkpt>
      <trkpt lat="47.64016" lon="20.759635">
        <ele>133.9</ele>
        <time>2025-07-06T02:04:11Z</time>
      </trkpt>
      <trkpt lat="47.64012667" lon="20.75950167">
        <ele>134.7</ele>
        <time>2025-07-06T02:04:18Z</time>
      </trkpt>
      <trkpt lat="47.64009" lon="20.75937833">
        <ele>137.2</ele>
        <time>2025-07-06T02:04:25Z</time>
      </trkpt>
      <trkpt lat="47.64006667" lon="20.75923333">
        <ele>136.8</ele>
        <time>2025-07-06T02:04:33Z</time>
      </trkpt>
      <trkpt lat="47.64003" lon="20.75910833">
        <ele>135.2</ele>
        <time>2025-07-06T02:04:41Z</time>
      </trkpt>
      <trkpt lat="47.639995" lon="20.758965">
        <ele>134.2</ele>
        <time>2025-07-06T02:04:49Z</time>
      </trkpt>
      <trkpt lat="47.63997333" lon="20.75883">
        <ele>134.5</ele>
        <time>2025-07-06T02:04:56Z</time>
      </trkpt>
      <trkpt lat="47.63995333" lon="20.7587">
        <ele>134.6</ele>
        <time>2025-07-06T02:05:03Z</time>
      </trkpt>
      <trkpt lat="47.63993333" lon="20.75855667">
        <ele>134.5</ele>
        <time>2025-07-06T02:05:11Z</time>
      </trkpt>
      <trkpt lat="47.63990333" lon="20.75839667">
        <ele>136.5</ele>
        <time>2025-07-06T02:05:19Z</time>
      </trkpt>
      <trkpt lat="47.63989" lon="20.75826">
        <ele>135.7</ele>
        <time>2025-07-06T02:05:27Z</time>
      </trkpt>
      <trkpt lat="47.63987" lon="20.75811667">
        <ele>136.6</ele>
        <time>2025-07-06T02:05:36Z</time>
      </trkpt>
      <trkpt lat="47.63984167" lon="20.75797833">
        <ele>135.3</ele>
        <time>2025-07-06T02:06:11Z</time>
      </trkpt>
      <trkpt lat="47.63982667" lon="20.75783167">
        <ele>135.1</ele>
        <time>2025-07-06T02:06:20Z</time>
      </trkpt>
      <trkpt lat="47.63980833" lon="20.75769">
        <ele>136.2</ele>
        <time>2025-07-06T02:06:28Z</time>
      </trkpt>
      <trkpt lat="47.63979167" lon="20.75755">
        <ele>138.1</ele>
        <time>2025-07-06T02:06:36Z</time>
      </trkpt>
      <trkpt lat="47.63976667" lon="20.75740167">
        <ele>138</ele>
        <time>2025-07-06T02:06:45Z</time>
      </trkpt>
      <trkpt lat="47.639755" lon="20.75726833">
        <ele>138.6</ele>
        <time>2025-07-06T02:06:52Z</time>
      </trkpt>
      <trkpt lat="47.63974833" lon="20.75711833">
        <ele>137.1</ele>
        <time>2025-07-06T02:07:01Z</time>
      </trkpt>
      <trkpt lat="47.639745" lon="20.75697333">
        <ele>137.6</ele>
        <time>2025-07-06T02:07:10Z</time>
      </trkpt>
      <trkpt lat="47.63972333" lon="20.75683833">
        <ele>137.5</ele>
        <time>2025-07-06T02:07:18Z</time>
      </trkpt>
      <trkpt lat="47.63969667" lon="20.756705">
        <ele>137.4</ele>
        <time>2025-07-06T02:07:26Z</time>
      </trkpt>
      <trkpt lat="47.63968667" lon="20.75656167">
        <ele>137.6</ele>
        <time>2025-07-06T02:07:35Z</time>
      </trkpt>
      <trkpt lat="47.639685" lon="20.75642">
        <ele>137.6</ele>
        <time>2025-07-06T02:07:44Z</time>
      </trkpt>
      <trkpt lat="47.63967167" lon="20.75627333">
        <ele>134.9</ele>
        <time>2025-07-06T02:08:11Z</time>
      </trkpt>
      <trkpt lat="47.63966333" lon="20.75614">
        <ele>134.1</ele>
        <time>2025-07-06T02:08:20Z</time>
      </trkpt>
      <trkpt lat="47.63963333" lon="20.75599833">
        <ele>136.1</ele>
        <time>2025-07-06T02:09:05Z</time>
      </trkpt>
      <trkpt lat="47.63962833" lon="20.75585333">
        <ele>135.5</ele>
        <time>2025-07-06T02:09:14Z</time>
      </trkpt>
      <trkpt lat="47.63962833" lon="20.755715">
        <ele>136.3</ele>
        <time>2025-07-06T02:09:23Z</time>
      </trkpt>
      <trkpt lat="47.639625" lon="20.75556333">
        <ele>137.1</ele>
        <time>2025-07-06T02:09:31Z</time>
      </trkpt>
      <trkpt lat="47.63961667" lon="20.75542167">
        <ele>136.4</ele>
        <time>2025-07-06T02:09:39Z</time>
      </trkpt>
      <trkpt lat="47.639605" lon="20.75528667">
        <ele>136.3</ele>
        <time>2025-07-06T02:09:46Z</time>
      </trkpt>
      <trkpt lat="47.63959667" lon="20.75513833">
        <ele>136.8</ele>
        <time>2025-07-06T02:09:54Z</time>
      </trkpt>
      <trkpt lat="47.63962" lon="20.75500667">
        <ele>138.2</ele>
        <time>2025-07-06T02:10:00Z</time>
      </trkpt>
      <trkpt lat="47.63967833" lon="20.754905">
        <ele>136.1</ele>
        <time>2025-07-06T02:10:07Z</time>
      </trkpt>
      <trkpt lat="47.63974833" lon="20.75482">
        <ele>132.4</ele>
        <time>2025-07-06T02:10:14Z</time>
      </trkpt>
      <trkpt lat="47.63979" lon="20.75484333">
        <ele>131.2</ele>
        <time>2025-07-06T02:12:15Z</time>
      </trkpt>
      <trkpt lat="47.63978" lon="20.75476167">
        <ele>132</ele>
        <time>2025-07-06T02:15:56Z</time>
      </trkpt>
      <trkpt lat="47.63983167" lon="20.75487167">
        <ele>134.4</ele>
        <time>2025-07-06T02:16:16Z</time>
      </trkpt>
      <trkpt lat="47.63983833" lon="20.75488">
        <ele>135</ele>
        <time>2025-07-06T02:18:17Z</time>
      </trkpt>
      <trkpt lat="47.63983833" lon="20.75488">
        <ele>135</ele>
        <time>2025-07-06T02:20:18Z</time>
      </trkpt>
      <trkpt lat="47.639775" lon="20.75478167">
        <ele>132.4</ele>
        <time>2025-07-06T02:22:00Z</time>
      </trkpt>
      <trkpt lat="47.63978667" lon="20.75482167">
        <ele>136.6</ele>
        <time>2025-07-06T02:24:02Z</time>
      </trkpt>
      <trkpt lat="47.63977667" lon="20.75475167">
        <ele>129.5</ele>
        <time>2025-07-06T02:26:03Z</time>
      </trkpt>
      <trkpt lat="47.63977667" lon="20.75475167">
        <ele>129.5</ele>
        <time>2025-07-06T02:28:04Z</time>
      </trkpt>
      <trkpt lat="47.63977667" lon="20.75475167">
        <ele>129.5</ele>
        <time>2025-07-06T02:30:05Z</time>
      </trkpt>
      <trkpt lat="47.63974667" lon="20.75478">
        <ele>129.7</ele>
        <time>2025-07-06T02:32:06Z</time>
      </trkpt>
      <trkpt lat="47.63965167" lon="20.75474167">
        <ele>130.2</ele>
        <time>2025-07-06T02:32:18Z</time>
      </trkpt>
      <trkpt lat="47.639555" lon="20.75474667">
        <ele>134.9</ele>
        <time>2025-07-06T02:32:35Z</time>
      </trkpt>
      <trkpt lat="47.63950667" lon="20.75463333">
        <ele>137.4</ele>
        <time>2025-07-06T02:32:53Z</time>
      </trkpt>
      <trkpt lat="47.639485" lon="20.754495">
        <ele>136.8</ele>
        <time>2025-07-06T02:33:12Z</time>
      </trkpt>
      <trkpt lat="47.63946333" lon="20.754355">
        <ele>137</ele>
        <time>2025-07-06T02:33:22Z</time>
      </trkpt>
      <trkpt lat="47.63944" lon="20.754225">
        <ele>135.1</ele>
        <time>2025-07-06T02:33:30Z</time>
      </trkpt>
      <trkpt lat="47.63940833" lon="20.7541">
        <ele>135.5</ele>
        <time>2025-07-06T02:33:39Z</time>
      </trkpt>
      <trkpt lat="47.63938333" lon="20.75396">
        <ele>135.6</ele>
        <time>2025-07-06T02:33:55Z</time>
      </trkpt>
      <trkpt lat="47.639365" lon="20.75382667">
        <ele>133.7</ele>
        <time>2025-07-06T02:34:04Z</time>
      </trkpt>
      <trkpt lat="47.63931333" lon="20.75370333">
        <ele>134.4</ele>
        <time>2025-07-06T02:34:11Z</time>
      </trkpt>
      <trkpt lat="47.63927833" lon="20.75357333">
        <ele>135.1</ele>
        <time>2025-07-06T02:34:21Z</time>
      </trkpt>
      <trkpt lat="47.63923833" lon="20.75344333">
        <ele>134.4</ele>
        <time>2025-07-06T02:34:32Z</time>
      </trkpt>
      <trkpt lat="47.63919167" lon="20.753325">
        <ele>134</ele>
        <time>2025-07-06T02:34:48Z</time>
      </trkpt>
      <trkpt lat="47.63912667" lon="20.75321667">
        <ele>134.9</ele>
        <time>2025-07-06T02:34:56Z</time>
      </trkpt>
      <trkpt lat="47.63907333" lon="20.753105">
        <ele>134.5</ele>
        <time>2025-07-06T02:35:05Z</time>
      </trkpt>
      <trkpt lat="47.63901167" lon="20.75299833">
        <ele>134.4</ele>
        <time>2025-07-06T02:35:13Z</time>
      </trkpt>
      <trkpt lat="47.63895333" lon="20.75288833">
        <ele>134.5</ele>
        <time>2025-07-06T02:35:21Z</time>
      </trkpt>
      <trkpt lat="47.63889833" lon="20.75277833">
        <ele>132.2</ele>
        <time>2025-07-06T02:35:30Z</time>
      </trkpt>
      <trkpt lat="47.63884" lon="20.75267">
        <ele>131.9</ele>
        <time>2025-07-06T02:35:39Z</time>
      </trkpt>
      <trkpt lat="47.63877667" lon="20.75257">
        <ele>131.7</ele>
        <time>2025-07-06T02:35:48Z</time>
      </trkpt>
      <trkpt lat="47.63871167" lon="20.75246167">
        <ele>133.6</ele>
        <time>2025-07-06T02:35:57Z</time>
      </trkpt>
      <trkpt lat="47.63865333" lon="20.75235833">
        <ele>134.4</ele>
        <time>2025-07-06T02:36:05Z</time>
      </trkpt>
      <trkpt lat="47.638595" lon="20.75223667">
        <ele>134.1</ele>
        <time>2025-07-06T02:36:14Z</time>
      </trkpt>
      <trkpt lat="47.63853167" lon="20.75212333">
        <ele>132.8</ele>
        <time>2025-07-06T02:36:23Z</time>
      </trkpt>
      <trkpt lat="47.638475" lon="20.75201833">
        <ele>132.7</ele>
        <time>2025-07-06T02:36:31Z</time>
      </trkpt>
      <trkpt lat="47.63841667" lon="20.75190833">
        <ele>131.8</ele>
        <time>2025-07-06T02:36:40Z</time>
      </trkpt>
      <trkpt lat="47.63835333" lon="20.751805">
        <ele>132.1</ele>
        <time>2025-07-06T02:36:48Z</time>
      </trkpt>
      <trkpt lat="47.63829333" lon="20.75169167">
        <ele>132.5</ele>
        <time>2025-07-06T02:36:56Z</time>
      </trkpt>
      <trkpt lat="47.63823167" lon="20.75158">
        <ele>133</ele>
        <time>2025-07-06T02:37:05Z</time>
      </trkpt>
      <trkpt lat="47.63817167" lon="20.75146333">
        <ele>131.9</ele>
        <time>2025-07-06T02:37:15Z</time>
      </trkpt>
      <trkpt lat="47.63810333" lon="20.751345">
        <ele>132.4</ele>
        <time>2025-07-06T02:37:25Z</time>
      </trkpt>
      <trkpt lat="47.63804" lon="20.751225">
        <ele>133.2</ele>
        <time>2025-07-06T02:37:34Z</time>
      </trkpt>
      <trkpt lat="47.63797667" lon="20.75112833">
        <ele>134.1</ele>
        <time>2025-07-06T02:37:43Z</time>
      </trkpt>
      <trkpt lat="47.63791167" lon="20.75103">
        <ele>135.2</ele>
        <time>2025-07-06T02:37:51Z</time>
      </trkpt>
      <trkpt lat="47.63785" lon="20.75091667">
        <ele>132.8</ele>
        <time>2025-07-06T02:38:01Z</time>
      </trkpt>
      <trkpt lat="47.63778667" lon="20.75081167">
        <ele>132.7</ele>
        <time>2025-07-06T02:38:10Z</time>
      </trkpt>
      <trkpt lat="47.63772667" lon="20.75069167">
        <ele>131.2</ele>
        <time>2025-07-06T02:38:19Z</time>
      </trkpt>
      <trkpt lat="47.637665" lon="20.75059">
        <ele>133.1</ele>
        <time>2025-07-06T02:38:28Z</time>
      </trkpt>
      <trkpt lat="47.637615" lon="20.75047667">
        <ele>133.3</ele>
        <time>2025-07-06T02:38:39Z</time>
      </trkpt>
      <trkpt lat="47.63755" lon="20.75038">
        <ele>132.2</ele>
        <time>2025-07-06T02:38:49Z</time>
      </trkpt>
      <trkpt lat="47.63747" lon="20.75028833">
        <ele>135.6</ele>
        <time>2025-07-06T02:39:35Z</time>
      </trkpt>
      <trkpt lat="47.6374" lon="20.75019333">
        <ele>134.7</ele>
        <time>2025-07-06T02:39:45Z</time>
      </trkpt>
      <trkpt lat="47.63735333" lon="20.750065">
        <ele>132.1</ele>
        <time>2025-07-06T02:40:18Z</time>
      </trkpt>
      <trkpt lat="47.63726167" lon="20.75000833">
        <ele>132.2</ele>
        <time>2025-07-06T02:40:27Z</time>
      </trkpt>
      <trkpt lat="47.63718333" lon="20.74993667">
        <ele>134.7</ele>
        <time>2025-07-06T02:40:36Z</time>
      </trkpt>
      <trkpt lat="47.637095" lon="20.74990167">
        <ele>133.2</ele>
        <time>2025-07-06T02:40:44Z</time>
      </trkpt>
      <trkpt lat="47.63700333" lon="20.74985667">
        <ele>134.2</ele>
        <time>2025-07-06T02:40:54Z</time>
      </trkpt>
      <trkpt lat="47.63691167" lon="20.74983">
        <ele>133.8</ele>
        <time>2025-07-06T02:41:03Z</time>
      </trkpt>
      <trkpt lat="47.63682" lon="20.74983333">
        <ele>132.9</ele>
        <time>2025-07-06T02:41:11Z</time>
      </trkpt>
      <trkpt lat="47.63672667" lon="20.74984833">
        <ele>132.6</ele>
        <time>2025-07-06T02:41:19Z</time>
      </trkpt>
      <trkpt lat="47.63663333" lon="20.749875">
        <ele>133.1</ele>
        <time>2025-07-06T02:41:27Z</time>
      </trkpt>
      <trkpt lat="47.63653333" lon="20.749895">
        <ele>132.6</ele>
        <time>2025-07-06T02:41:36Z</time>
      </trkpt>
      <trkpt lat="47.63644333" lon="20.74993667">
        <ele>134</ele>
        <time>2025-07-06T02:41:46Z</time>
      </trkpt>
      <trkpt lat="47.63635" lon="20.74996167">
        <ele>131.5</ele>
        <time>2025-07-06T02:41:55Z</time>
      </trkpt>
      <trkpt lat="47.63625333" lon="20.74998833">
        <ele>134.7</ele>
        <time>2025-07-06T02:42:59Z</time>
      </trkpt>
      <trkpt lat="47.63617167" lon="20.75005833">
        <ele>134.4</ele>
        <time>2025-07-06T02:43:08Z</time>
      </trkpt>
      <trkpt lat="47.63609" lon="20.75012167">
        <ele>133.4</ele>
        <time>2025-07-06T02:43:17Z</time>
      </trkpt>
      <trkpt lat="47.636" lon="20.75018">
        <ele>132.6</ele>
        <time>2025-07-06T02:43:25Z</time>
      </trkpt>
      <trkpt lat="47.63591167" lon="20.75024833">
        <ele>132.4</ele>
        <time>2025-07-06T02:43:35Z</time>
      </trkpt>
      <trkpt lat="47.63582833" lon="20.75031833">
        <ele>133.2</ele>
        <time>2025-07-06T02:43:43Z</time>
      </trkpt>
      <trkpt lat="47.63574333" lon="20.75036333">
        <ele>133.1</ele>
        <time>2025-07-06T02:43:52Z</time>
      </trkpt>
      <trkpt lat="47.63566" lon="20.750435">
        <ele>132.8</ele>
        <time>2025-07-06T02:44:00Z</time>
      </trkpt>
      <trkpt lat="47.63556833" lon="20.7505">
        <ele>132.2</ele>
        <time>2025-07-06T02:44:09Z</time>
      </trkpt>
      <trkpt lat="47.63548833" lon="20.75056667">
        <ele>132.5</ele>
        <time>2025-07-06T02:44:17Z</time>
      </trkpt>
      <trkpt lat="47.635405" lon="20.75062833">
        <ele>131.6</ele>
        <time>2025-07-06T02:44:25Z</time>
      </trkpt>
      <trkpt lat="47.63532" lon="20.75068667">
        <ele>131.2</ele>
        <time>2025-07-06T02:44:33Z</time>
      </trkpt>
      <trkpt lat="47.63523333" lon="20.75075">
        <ele>132.3</ele>
        <time>2025-07-06T02:44:42Z</time>
      </trkpt>
      <trkpt lat="47.63515333" lon="20.75081167">
        <ele>133.1</ele>
        <time>2025-07-06T02:44:49Z</time>
      </trkpt>
      <trkpt lat="47.63506833" lon="20.75086667">
        <ele>132.4</ele>
        <time>2025-07-06T02:44:57Z</time>
      </trkpt>
      <trkpt lat="47.63498167" lon="20.75092833">
        <ele>132</ele>
        <time>2025-07-06T02:45:17Z</time>
      </trkpt>
      <trkpt lat="47.63488833" lon="20.75098667">
        <ele>133.1</ele>
        <time>2025-07-06T02:45:27Z</time>
      </trkpt>
      <trkpt lat="47.63479167" lon="20.75102">
        <ele>132.7</ele>
        <time>2025-07-06T02:45:36Z</time>
      </trkpt>
      <trkpt lat="47.63469667" lon="20.75106167">
        <ele>129.3</ele>
        <time>2025-07-06T02:45:45Z</time>
      </trkpt>
      <trkpt lat="47.63459667" lon="20.75106667">
        <ele>129.7</ele>
        <time>2025-07-06T02:45:56Z</time>
      </trkpt>
      <trkpt lat="47.63450667" lon="20.75108333">
        <ele>131</ele>
        <time>2025-07-06T02:46:04Z</time>
      </trkpt>
      <trkpt lat="47.63441333" lon="20.75110333">
        <ele>131.3</ele>
        <time>2025-07-06T02:46:13Z</time>
      </trkpt>
      <trkpt lat="47.634325" lon="20.75114">
        <ele>130.8</ele>
        <time>2025-07-06T02:46:20Z</time>
      </trkpt>
      <trkpt lat="47.634225" lon="20.75115167">
        <ele>132.7</ele>
        <time>2025-07-06T02:46:30Z</time>
      </trkpt>
      <trkpt lat="47.634125" lon="20.75117833">
        <ele>132.4</ele>
        <time>2025-07-06T02:46:39Z</time>
      </trkpt>
      <trkpt lat="47.63403" lon="20.75120333">
        <ele>133.3</ele>
        <time>2025-07-06T02:46:48Z</time>
      </trkpt>
      <trkpt lat="47.63394" lon="20.75122333">
        <ele>133.2</ele>
        <time>2025-07-06T02:46:56Z</time>
      </trkpt>
      <trkpt lat="47.63385" lon="20.75124333">
        <ele>134.9</ele>
        <time>2025-07-06T02:47:06Z</time>
      </trkpt>
      <trkpt lat="47.633755" lon="20.75126">
        <ele>133.1</ele>
        <time>2025-07-06T02:47:16Z</time>
      </trkpt>
      <trkpt lat="47.63366" lon="20.751295">
        <ele>132.7</ele>
        <time>2025-07-06T02:47:26Z</time>
      </trkpt>
      <trkpt lat="47.63356833" lon="20.75134167">
        <ele>133.5</ele>
        <time>2025-07-06T02:47:34Z</time>
      </trkpt>
      <trkpt lat="47.63348" lon="20.75140167">
        <ele>135.1</ele>
        <time>2025-07-06T02:47:44Z</time>
      </trkpt>
      <trkpt lat="47.63340333" lon="20.751475">
        <ele>134.1</ele>
        <time>2025-07-06T02:48:07Z</time>
      </trkpt>
      <trkpt lat="47.63331833" lon="20.75153833">
        <ele>134.8</ele>
        <time>2025-07-06T02:48:16Z</time>
      </trkpt>
      <trkpt lat="47.63323333" lon="20.75161333">
        <ele>132.5</ele>
        <time>2025-07-06T02:48:25Z</time>
      </trkpt>
      <trkpt lat="47.63315333" lon="20.75169333">
        <ele>132.6</ele>
        <time>2025-07-06T02:48:33Z</time>
      </trkpt>
      <trkpt lat="47.63307" lon="20.75176">
        <ele>134.6</ele>
        <time>2025-07-06T02:48:42Z</time>
      </trkpt>
      <trkpt lat="47.632995" lon="20.75184167">
        <ele>134.4</ele>
        <time>2025-07-06T02:48:49Z</time>
      </trkpt>
      <trkpt lat="47.63291333" lon="20.751905">
        <ele>132.7</ele>
        <time>2025-07-06T02:48:58Z</time>
      </trkpt>
      <trkpt lat="47.63282833" lon="20.751985">
        <ele>132.3</ele>
        <time>2025-07-06T02:49:07Z</time>
      </trkpt>
      <trkpt lat="47.63274333" lon="20.75205667">
        <ele>131</ele>
        <time>2025-07-06T02:49:16Z</time>
      </trkpt>
      <trkpt lat="47.63265333" lon="20.75211">
        <ele>132.2</ele>
        <time>2025-07-06T02:49:24Z</time>
      </trkpt>
      <trkpt lat="47.632565" lon="20.75215167">
        <ele>132.7</ele>
        <time>2025-07-06T02:49:32Z</time>
      </trkpt>
      <trkpt lat="47.63247167" lon="20.75218">
        <ele>134.3</ele>
        <time>2025-07-06T02:49:40Z</time>
      </trkpt>
      <trkpt lat="47.63237333" lon="20.752185">
        <ele>133.7</ele>
        <time>2025-07-06T02:49:49Z</time>
      </trkpt>
      <trkpt lat="47.632275" lon="20.75215333">
        <ele>134.4</ele>
        <time>2025-07-06T02:49:58Z</time>
      </trkpt>
      <trkpt lat="47.63217667" lon="20.752135">
        <ele>135.4</ele>
        <time>2025-07-06T02:50:06Z</time>
      </trkpt>
      <trkpt lat="47.63208667" lon="20.75210333">
        <ele>134.1</ele>
        <time>2025-07-06T02:50:15Z</time>
      </trkpt>
      <trkpt lat="47.63199333" lon="20.752065">
        <ele>133.6</ele>
        <time>2025-07-06T02:50:24Z</time>
      </trkpt>
      <trkpt lat="47.63190167" lon="20.75201667">
        <ele>133.9</ele>
        <time>2025-07-06T02:50:33Z</time>
      </trkpt>
      <trkpt lat="47.63181167" lon="20.75199">
        <ele>134.8</ele>
        <time>2025-07-06T02:50:43Z</time>
      </trkpt>
      <trkpt lat="47.63171167" lon="20.75196">
        <ele>134.2</ele>
        <time>2025-07-06T02:50:52Z</time>
      </trkpt>
      <trkpt lat="47.63162333" lon="20.75192">
        <ele>133.7</ele>
        <time>2025-07-06T02:51:01Z</time>
      </trkpt>
      <trkpt lat="47.63153" lon="20.75188667">
        <ele>133.5</ele>
        <time>2025-07-06T02:51:11Z</time>
      </trkpt>
      <trkpt lat="47.63144" lon="20.751855">
        <ele>134.1</ele>
        <time>2025-07-06T02:51:20Z</time>
      </trkpt>
      <trkpt lat="47.63134333" lon="20.75181833">
        <ele>134.6</ele>
        <time>2025-07-06T02:51:29Z</time>
      </trkpt>
      <trkpt lat="47.63125" lon="20.75176833">
        <ele>133.3</ele>
        <time>2025-07-06T02:51:38Z</time>
      </trkpt>
      <trkpt lat="47.63115167" lon="20.75172833">
        <ele>133.9</ele>
        <time>2025-07-06T02:51:47Z</time>
      </trkpt>
      <trkpt lat="47.63105833" lon="20.75169333">
        <ele>134.2</ele>
        <time>2025-07-06T02:51:55Z</time>
      </trkpt>
      <trkpt lat="47.630965" lon="20.75165">
        <ele>133.8</ele>
        <time>2025-07-06T02:52:03Z</time>
      </trkpt>
      <trkpt lat="47.63087" lon="20.751615">
        <ele>133.2</ele>
        <time>2025-07-06T02:52:12Z</time>
      </trkpt>
      <trkpt lat="47.63077333" lon="20.75159167">
        <ele>133.5</ele>
        <time>2025-07-06T02:52:30Z</time>
      </trkpt>
      <trkpt lat="47.63067667" lon="20.75155">
        <ele>132.7</ele>
        <time>2025-07-06T02:52:40Z</time>
      </trkpt>
      <trkpt lat="47.63058" lon="20.75152">
        <ele>132.9</ele>
        <time>2025-07-06T02:52:50Z</time>
      </trkpt>
      <trkpt lat="47.63049" lon="20.75152167">
        <ele>133</ele>
        <time>2025-07-06T02:52:59Z</time>
      </trkpt>
      <trkpt lat="47.63040167" lon="20.75158333">
        <ele>132.8</ele>
        <time>2025-07-06T02:53:08Z</time>
      </trkpt>
      <trkpt lat="47.630345" lon="20.75169167">
        <ele>134.4</ele>
        <time>2025-07-06T02:53:17Z</time>
      </trkpt>
      <trkpt lat="47.630285" lon="20.75179167">
        <ele>135</ele>
        <time>2025-07-06T02:53:26Z</time>
      </trkpt>
      <trkpt lat="47.63023" lon="20.75189833">
        <ele>133.9</ele>
        <time>2025-07-06T02:53:35Z</time>
      </trkpt>
      <trkpt lat="47.63016167" lon="20.75200333">
        <ele>134.9</ele>
        <time>2025-07-06T02:53:43Z</time>
      </trkpt>
      <trkpt lat="47.63010167" lon="20.75211833">
        <ele>134.7</ele>
        <time>2025-07-06T02:53:51Z</time>
      </trkpt>
      <trkpt lat="47.630045" lon="20.75223">
        <ele>133.3</ele>
        <time>2025-07-06T02:53:59Z</time>
      </trkpt>
      <trkpt lat="47.62998333" lon="20.752345">
        <ele>132.4</ele>
        <time>2025-07-06T02:54:08Z</time>
      </trkpt>
      <trkpt lat="47.62993167" lon="20.752465">
        <ele>132.5</ele>
        <time>2025-07-06T02:54:16Z</time>
      </trkpt>
      <trkpt lat="47.62987833" lon="20.75257833">
        <ele>131.8</ele>
        <time>2025-07-06T02:54:24Z</time>
      </trkpt>
      <trkpt lat="47.62982167" lon="20.752695">
        <ele>131.6</ele>
        <time>2025-07-06T02:54:32Z</time>
      </trkpt>
      <trkpt lat="47.629775" lon="20.75282167">
        <ele>132.6</ele>
        <time>2025-07-06T02:54:40Z</time>
      </trkpt>
      <trkpt lat="47.62972167" lon="20.75293833">
        <ele>133.1</ele>
        <time>2025-07-06T02:54:49Z</time>
      </trkpt>
      <trkpt lat="47.62966667" lon="20.75305167">
        <ele>133.8</ele>
        <time>2025-07-06T02:54:57Z</time>
      </trkpt>
      <trkpt lat="47.62961333" lon="20.753165">
        <ele>134.4</ele>
        <time>2025-07-06T02:55:04Z</time>
      </trkpt>
      <trkpt lat="47.62951667" lon="20.75319333">
        <ele>132.4</ele>
        <time>2025-07-06T02:55:14Z</time>
      </trkpt>
      <trkpt lat="47.62943833" lon="20.75311167">
        <ele>131.6</ele>
        <time>2025-07-06T02:55:23Z</time>
      </trkpt>
      <trkpt lat="47.62935667" lon="20.75303333">
        <ele>129.7</ele>
        <time>2025-07-06T02:55:32Z</time>
      </trkpt>
      <trkpt lat="47.629275" lon="20.75295">
        <ele>130.1</ele>
        <time>2025-07-06T02:55:41Z</time>
      </trkpt>
      <trkpt lat="47.62919" lon="20.752875">
        <ele>129.3</ele>
        <time>2025-07-06T02:55:49Z</time>
      </trkpt>
      <trkpt lat="47.62910167" lon="20.752805">
        <ele>130.5</ele>
        <time>2025-07-06T02:55:57Z</time>
      </trkpt>
      <trkpt lat="47.62901" lon="20.75274833">
        <ele>132</ele>
        <time>2025-07-06T02:56:05Z</time>
      </trkpt>
      <trkpt lat="47.62894" lon="20.75265667">
        <ele>135.9</ele>
        <time>2025-07-06T02:57:14Z</time>
      </trkpt>
      <trkpt lat="47.62885667" lon="20.75258">
        <ele>135.3</ele>
        <time>2025-07-06T02:57:24Z</time>
      </trkpt>
      <trkpt lat="47.628765" lon="20.75250833">
        <ele>134.2</ele>
        <time>2025-07-06T02:57:34Z</time>
      </trkpt>
      <trkpt lat="47.62868833" lon="20.75243833">
        <ele>133</ele>
        <time>2025-07-06T02:57:41Z</time>
      </trkpt>
      <trkpt lat="47.628605" lon="20.75236167">
        <ele>132</ele>
        <time>2025-07-06T02:57:50Z</time>
      </trkpt>
      <trkpt lat="47.62851833" lon="20.752285">
        <ele>133.3</ele>
        <time>2025-07-06T02:57:58Z</time>
      </trkpt>
      <trkpt lat="47.62844333" lon="20.752205">
        <ele>134.5</ele>
        <time>2025-07-06T02:58:07Z</time>
      </trkpt>
      <trkpt lat="47.62836167" lon="20.75214833">
        <ele>135.1</ele>
        <time>2025-07-06T02:58:15Z</time>
      </trkpt>
      <trkpt lat="47.62828333" lon="20.752075">
        <ele>132.9</ele>
        <time>2025-07-06T02:58:22Z</time>
      </trkpt>
      <trkpt lat="47.62820833" lon="20.75197333">
        <ele>131.6</ele>
        <time>2025-07-06T02:58:31Z</time>
      </trkpt>
      <trkpt lat="47.62812167" lon="20.75190667">
        <ele>132.2</ele>
        <time>2025-07-06T02:58:39Z</time>
      </trkpt>
      <trkpt lat="47.62803333" lon="20.75186167">
        <ele>131.8</ele>
        <time>2025-07-06T02:58:47Z</time>
      </trkpt>
      <trkpt lat="47.62796833" lon="20.75175833">
        <ele>133.6</ele>
        <time>2025-07-06T02:58:56Z</time>
      </trkpt>
      <trkpt lat="47.62787333" lon="20.75174">
        <ele>131.6</ele>
        <time>2025-07-06T02:59:14Z</time>
      </trkpt>
      <trkpt lat="47.62783" lon="20.75186">
        <ele>134.1</ele>
        <time>2025-07-06T02:59:25Z</time>
      </trkpt>
      <trkpt lat="47.62784167" lon="20.75200667">
        <ele>135.1</ele>
        <time>2025-07-06T02:59:35Z</time>
      </trkpt>
      <trkpt lat="47.62784" lon="20.75214">
        <ele>135.9</ele>
        <time>2025-07-06T02:59:43Z</time>
      </trkpt>
      <trkpt lat="47.62783333" lon="20.75227333">
        <ele>134.3</ele>
        <time>2025-07-06T02:59:52Z</time>
      </trkpt>
      <trkpt lat="47.62780333" lon="20.75240333">
        <ele>132.9</ele>
        <time>2025-07-06T03:00:01Z</time>
      </trkpt>
      <trkpt lat="47.6278" lon="20.75255">
        <ele>132.6</ele>
        <time>2025-07-06T03:00:09Z</time>
      </trkpt>
      <trkpt lat="47.627785" lon="20.75268833">
        <ele>133.6</ele>
        <time>2025-07-06T03:00:17Z</time>
      </trkpt>
      <trkpt lat="47.62779833" lon="20.75283667">
        <ele>134.5</ele>
        <time>2025-07-06T03:00:26Z</time>
      </trkpt>
      <trkpt lat="47.62778667" lon="20.75298">
        <ele>135.4</ele>
        <time>2025-07-06T03:00:34Z</time>
      </trkpt>
      <trkpt lat="47.62776167" lon="20.75312667">
        <ele>134.7</ele>
        <time>2025-07-06T03:00:43Z</time>
      </trkpt>
      <trkpt lat="47.62778" lon="20.753265">
        <ele>135.6</ele>
        <time>2025-07-06T03:00:51Z</time>
      </trkpt>
      <trkpt lat="47.62776833" lon="20.7534">
        <ele>135.6</ele>
        <time>2025-07-06T03:00:59Z</time>
      </trkpt>
      <trkpt lat="47.62772667" lon="20.75352333">
        <ele>132.8</ele>
        <time>2025-07-06T03:01:08Z</time>
      </trkpt>
      <trkpt lat="47.62772333" lon="20.75367167">
        <ele>131.9</ele>
        <time>2025-07-06T03:01:16Z</time>
      </trkpt>
      <trkpt lat="47.62770167" lon="20.75381667">
        <ele>132.1</ele>
        <time>2025-07-06T03:01:24Z</time>
      </trkpt>
      <trkpt lat="47.62767667" lon="20.75396">
        <ele>132</ele>
        <time>2025-07-06T03:01:32Z</time>
      </trkpt>
      <trkpt lat="47.62766667" lon="20.75411833">
        <ele>134.8</ele>
        <time>2025-07-06T03:01:42Z</time>
      </trkpt>
      <trkpt lat="47.62767" lon="20.75425833">
        <ele>132.3</ele>
        <time>2025-07-06T03:01:50Z</time>
      </trkpt>
      <trkpt lat="47.62766" lon="20.75440833">
        <ele>133.1</ele>
        <time>2025-07-06T03:01:58Z</time>
      </trkpt>
      <trkpt lat="47.627655" lon="20.75454833">
        <ele>134.2</ele>
        <time>2025-07-06T03:02:06Z</time>
      </trkpt>
      <trkpt lat="47.62767667" lon="20.75469167">
        <ele>134.4</ele>
        <time>2025-07-06T03:02:14Z</time>
      </trkpt>
      <trkpt lat="47.62773833" lon="20.7548">
        <ele>134.2</ele>
        <time>2025-07-06T03:02:22Z</time>
      </trkpt>
      <trkpt lat="47.62777833" lon="20.75492333">
        <ele>134.3</ele>
        <time>2025-07-06T03:02:29Z</time>
      </trkpt>
      <trkpt lat="47.62778333" lon="20.75506167">
        <ele>133.1</ele>
        <time>2025-07-06T03:02:37Z</time>
      </trkpt>
      <trkpt lat="47.62774" lon="20.7553">
        <ele>163</ele>
        <time>2025-07-06T03:03:26Z</time>
      </trkpt>
      <trkpt lat="47.62778833" lon="20.75514667">
        <ele>135.3</ele>
        <time>2025-07-06T03:03:52Z</time>
      </trkpt>
    </trkseg>
  </trk>
</gpx>