<?xml version='1.0' encoding='UTF-8' standalone='yes' ?>
<gpx xmlns="http://www.topografix.com/GPX/1/1" xmlns:geotracker="http://ilyabogdanovich.com/gpx/extensions/geotracker" xmlns:xsi="http://www.w3.org/2001/XMLSchema-instance" xsi:schemaLocation="http://www.topografix.com/GPX/1/1 http://www.topografix.com/GPX/1/1/gpx.xsd" version="1.1" creator="Recorded in Geo Tracker for Android from Ilya Bogdanovich">
  <metadata>
    <name>t_0716_01</name>
    <author>
      <name>Recorded in Geo Tracker for Android from Ilya Bogdanovich</name>
      <link href="https://play.google.com/store/apps/details?id=com.ilyabogdanovich.geotracker" />
    </author>
    <link href="https://play.google.com/store/apps/details?id=com.ilyabogdanovich.geotracker" />
    <time>2025-07-16T13:16:30Z</time>
  </metadata>
  <trk>
    <name>t_0716_01</name>
    <src>Recorded in Geo Tracker for Android from Ilya Bogdanovich</src>
    <link href="https://play.google.com/store/apps/details?id=com.ilyabogdanovich.geotracker" />
    <extensions>
      <geotracker:meta>
        <geotracker:length>16624.72</geotracker:length>
        <geotracker:duration>1096036</geotracker:duration>
        <geotracker:creationtime>2025-07-16T13:16:30Z</geotracker:creationtime>
        <geotracker:activity>0</geotracker:activity>
      </geotracker:meta>
    </extensions>
    <trkseg>
      <trkpt lat="46.84542167" lon="16.57680833">
        <ele>237.4</ele>
        <time>2025-07-16T13:16:36Z</time>
      </trkpt>
      <trkpt lat="46.845465" lon="16.57721">
        <ele>238.3</ele>
        <time>2025-07-16T13:17:52Z</time>
      </trkpt>
      <trkpt lat="46.84547833" lon="16.57737833">
        <ele>237.9</ele>
        <time>2025-07-16T13:17:54Z</time>
      </trkpt>
      <trkpt lat="46.84548333" lon="16.57757667">
        <ele>236.9</ele>
        <time>2025-07-16T13:17:56Z</time>
      </trkpt>
      <trkpt lat="46.84548667" lon="16.577795">
        <ele>235.7</ele>
        <time>2025-07-16T13:17:58Z</time>
      </trkpt>
      <trkpt lat="46.84549167" lon="16.57802833">
        <ele>234.8</ele>
        <time>2025-07-16T13:18:00Z</time>
      </trkpt>
      <trkpt lat="46.845495" lon="16.57827833">
        <ele>234.3</ele>
        <time>2025-07-16T13:18:02Z</time>
      </trkpt>
      <trkpt lat="46.84549833" lon="16.57841333">
        <ele>234.3</ele>
        <time>2025-07-16T13:18:03Z</time>
      </trkpt>
      <trkpt lat="46.84549833" lon="16.578555">
        <ele>234.6</ele>
        <time>2025-07-16T13:18:04Z</time>
      </trkpt>
      <trkpt lat="46.84549833" lon="16.57868667">
        <ele>235.2</ele>
        <time>2025-07-16T13:18:05Z</time>
      </trkpt>
      <trkpt lat="46.84549833" lon="16.57882333">
        <ele>235.5</ele>
        <time>2025-07-16T13:18:06Z</time>
      </trkpt>
      <trkpt lat="46.84548667" lon="16.57897167">
        <ele>234.9</ele>
        <time>2025-07-16T13:18:07Z</time>
      </trkpt>
      <trkpt lat="46.84547833" lon="16.57912833">
        <ele>233.7</ele>
        <time>2025-07-16T13:18:08Z</time>
      </trkpt>
      <trkpt lat="46.84547833" lon="16.57928167">
        <ele>232.9</ele>
        <time>2025-07-16T13:18:09Z</time>
      </trkpt>
      <trkpt lat="46.84548167" lon="16.57943833">
        <ele>232.4</ele>
        <time>2025-07-16T13:18:10Z</time>
      </trkpt>
      <trkpt lat="46.84548" lon="16.579605">
        <ele>232.2</ele>
        <time>2025-07-16T13:18:11Z</time>
      </trkpt>
      <trkpt lat="46.84547833" lon="16.57976333">
        <ele>232.5</ele>
        <time>2025-07-16T13:18:12Z</time>
      </trkpt>
      <trkpt lat="46.84547667" lon="16.579935">
        <ele>232.5</ele>
        <time>2025-07-16T13:18:13Z</time>
      </trkpt>
      <trkpt lat="46.84547" lon="16.58010667">
        <ele>233.1</ele>
        <time>2025-07-16T13:18:14Z</time>
      </trkpt>
      <trkpt lat="46.84546" lon="16.58029333">
        <ele>234.2</ele>
        <time>2025-07-16T13:18:15Z</time>
      </trkpt>
      <trkpt lat="46.845455" lon="16.58047833">
        <ele>234.9</ele>
        <time>2025-07-16T13:18:16Z</time>
      </trkpt>
      <trkpt lat="46.84544833" lon="16.58065667">
        <ele>234.9</ele>
        <time>2025-07-16T13:18:17Z</time>
      </trkpt>
      <trkpt lat="46.845435" lon="16.58083667">
        <ele>234.9</ele>
        <time>2025-07-16T13:18:18Z</time>
      </trkpt>
      <trkpt lat="46.84542667" lon="16.58101833">
        <ele>234.9</ele>
        <time>2025-07-16T13:18:19Z</time>
      </trkpt>
      <trkpt lat="46.84541833" lon="16.58120833">
        <ele>235.2</ele>
        <time>2025-07-16T13:18:20Z</time>
      </trkpt>
      <trkpt lat="46.84541333" lon="16.58140333">
        <ele>235.2</ele>
        <time>2025-07-16T13:18:21Z</time>
      </trkpt>
      <trkpt lat="46.84541" lon="16.581605">
        <ele>235.4</ele>
        <time>2025-07-16T13:18:22Z</time>
      </trkpt>
      <trkpt lat="46.84540167" lon="16.581815">
        <ele>235.5</ele>
        <time>2025-07-16T13:18:23Z</time>
      </trkpt>
      <trkpt lat="46.84539167" lon="16.58203833">
        <ele>235.4</ele>
        <time>2025-07-16T13:18:24Z</time>
      </trkpt>
      <trkpt lat="46.84538" lon="16.58225833">
        <ele>235.3</ele>
        <time>2025-07-16T13:18:25Z</time>
      </trkpt>
      <trkpt lat="46.84536667" lon="16.58249667">
        <ele>235.1</ele>
        <time>2025-07-16T13:18:26Z</time>
      </trkpt>
      <trkpt lat="46.84535" lon="16.58271167">
        <ele>233.3</ele>
        <time>2025-07-16T13:18:27Z</time>
      </trkpt>
      <trkpt lat="46.84533333" lon="16.58292667">
        <ele>230.6</ele>
        <time>2025-07-16T13:18:28Z</time>
      </trkpt>
      <trkpt lat="46.84532" lon="16.58316167">
        <ele>229.8</ele>
        <time>2025-07-16T13:18:29Z</time>
      </trkpt>
      <trkpt lat="46.8453" lon="16.58339833">
        <ele>230</ele>
        <time>2025-07-16T13:18:30Z</time>
      </trkpt>
      <trkpt lat="46.845285" lon="16.58363667">
        <ele>229.8</ele>
        <time>2025-07-16T13:18:31Z</time>
      </trkpt>
      <trkpt lat="46.84526833" lon="16.58387667">
        <ele>229.4</ele>
        <time>2025-07-16T13:18:32Z</time>
      </trkpt>
      <trkpt lat="46.845255" lon="16.58411833">
        <ele>229.7</ele>
        <time>2025-07-16T13:18:33Z</time>
      </trkpt>
      <trkpt lat="46.845245" lon="16.584365">
        <ele>229.8</ele>
        <time>2025-07-16T13:18:34Z</time>
      </trkpt>
      <trkpt lat="46.84523333" lon="16.58461833">
        <ele>230</ele>
        <time>2025-07-16T13:18:35Z</time>
      </trkpt>
      <trkpt lat="46.84522" lon="16.58488167">
        <ele>229.8</ele>
        <time>2025-07-16T13:18:36Z</time>
      </trkpt>
      <trkpt lat="46.84519167" lon="16.58514833">
        <ele>230.6</ele>
        <time>2025-07-16T13:18:37Z</time>
      </trkpt>
      <trkpt lat="46.845175" lon="16.58540333">
        <ele>231.5</ele>
        <time>2025-07-16T13:18:38Z</time>
      </trkpt>
      <trkpt lat="46.84515833" lon="16.58567167">
        <ele>233.5</ele>
        <time>2025-07-16T13:18:39Z</time>
      </trkpt>
      <trkpt lat="46.84514167" lon="16.58592833">
        <ele>233</ele>
        <time>2025-07-16T13:18:40Z</time>
      </trkpt>
      <trkpt lat="46.845125" lon="16.58619">
        <ele>232.9</ele>
        <time>2025-07-16T13:18:41Z</time>
      </trkpt>
      <trkpt lat="46.84511167" lon="16.58646">
        <ele>233.3</ele>
        <time>2025-07-16T13:18:42Z</time>
      </trkpt>
      <trkpt lat="46.8451" lon="16.586725">
        <ele>233.5</ele>
        <time>2025-07-16T13:18:43Z</time>
      </trkpt>
      <trkpt lat="46.84508667" lon="16.58699">
        <ele>233.4</ele>
        <time>2025-07-16T13:18:44Z</time>
      </trkpt>
      <trkpt lat="46.845075" lon="16.58725833">
        <ele>233.8</ele>
        <time>2025-07-16T13:18:45Z</time>
      </trkpt>
      <trkpt lat="46.845065" lon="16.58753167">
        <ele>237.1</ele>
        <time>2025-07-16T13:18:46Z</time>
      </trkpt>
      <trkpt lat="46.84505167" lon="16.58780667">
        <ele>237.5</ele>
        <time>2025-07-16T13:18:47Z</time>
      </trkpt>
      <trkpt lat="46.84503333" lon="16.58809667">
        <ele>236.9</ele>
        <time>2025-07-16T13:18:48Z</time>
      </trkpt>
      <trkpt lat="46.84502" lon="16.58838167">
        <ele>236.1</ele>
        <time>2025-07-16T13:18:49Z</time>
      </trkpt>
      <trkpt lat="46.84501333" lon="16.58867833">
        <ele>235.9</ele>
        <time>2025-07-16T13:18:50Z</time>
      </trkpt>
      <trkpt lat="46.845005" lon="16.58895667">
        <ele>235.7</ele>
        <time>2025-07-16T13:18:51Z</time>
      </trkpt>
      <trkpt lat="46.84499" lon="16.58924333">
        <ele>235.3</ele>
        <time>2025-07-16T13:18:52Z</time>
      </trkpt>
      <trkpt lat="46.84498333" lon="16.58953">
        <ele>235.7</ele>
        <time>2025-07-16T13:18:53Z</time>
      </trkpt>
      <trkpt lat="46.84496667" lon="16.58982667">
        <ele>235</ele>
        <time>2025-07-16T13:18:54Z</time>
      </trkpt>
      <trkpt lat="46.84495167" lon="16.59012333">
        <ele>234.7</ele>
        <time>2025-07-16T13:18:55Z</time>
      </trkpt>
      <trkpt lat="46.84493667" lon="16.59041333">
        <ele>234.3</ele>
        <time>2025-07-16T13:18:56Z</time>
      </trkpt>
      <trkpt lat="46.84491833" lon="16.59072333">
        <ele>234.6</ele>
        <time>2025-07-16T13:18:57Z</time>
      </trkpt>
      <trkpt lat="46.84489167" lon="16.591035">
        <ele>233.9</ele>
        <time>2025-07-16T13:18:58Z</time>
      </trkpt>
      <trkpt lat="46.84487167" lon="16.59135167">
        <ele>233.9</ele>
        <time>2025-07-16T13:18:59Z</time>
      </trkpt>
      <trkpt lat="46.84485333" lon="16.591655">
        <ele>234.2</ele>
        <time>2025-07-16T13:19:00Z</time>
      </trkpt>
      <trkpt lat="46.844835" lon="16.59196">
        <ele>234.2</ele>
        <time>2025-07-16T13:19:01Z</time>
      </trkpt>
      <trkpt lat="46.84481167" lon="16.59226833">
        <ele>234.6</ele>
        <time>2025-07-16T13:19:02Z</time>
      </trkpt>
      <trkpt lat="46.84478333" lon="16.59258667">
        <ele>234</ele>
        <time>2025-07-16T13:19:03Z</time>
      </trkpt>
      <trkpt lat="46.84475833" lon="16.592915">
        <ele>233.6</ele>
        <time>2025-07-16T13:19:04Z</time>
      </trkpt>
      <trkpt lat="46.844755" lon="16.59324333">
        <ele>233.2</ele>
        <time>2025-07-16T13:19:05Z</time>
      </trkpt>
      <trkpt lat="46.844745" lon="16.59355167">
        <ele>232</ele>
        <time>2025-07-16T13:19:06Z</time>
      </trkpt>
      <trkpt lat="46.84473167" lon="16.59386333">
        <ele>231.6</ele>
        <time>2025-07-16T13:19:07Z</time>
      </trkpt>
      <trkpt lat="46.84471667" lon="16.594165">
        <ele>230.8</ele>
        <time>2025-07-16T13:19:08Z</time>
      </trkpt>
      <trkpt lat="46.84470833" lon="16.59449333">
        <ele>230.9</ele>
        <time>2025-07-16T13:19:09Z</time>
      </trkpt>
      <trkpt lat="46.84470333" lon="16.59481833">
        <ele>231</ele>
        <time>2025-07-16T13:19:10Z</time>
      </trkpt>
      <trkpt lat="46.84469667" lon="16.59515">
        <ele>231.3</ele>
        <time>2025-07-16T13:19:11Z</time>
      </trkpt>
      <trkpt lat="46.84469333" lon="16.59548333">
        <ele>231.2</ele>
        <time>2025-07-16T13:19:12Z</time>
      </trkpt>
      <trkpt lat="46.84468833" lon="16.59581333">
        <ele>232</ele>
        <time>2025-07-16T13:19:13Z</time>
      </trkpt>
      <trkpt lat="46.84469167" lon="16.59614">
        <ele>235</ele>
        <time>2025-07-16T13:19:14Z</time>
      </trkpt>
      <trkpt lat="46.84469667" lon="16.59647333">
        <ele>235.3</ele>
        <time>2025-07-16T13:19:15Z</time>
      </trkpt>
      <trkpt lat="46.844695" lon="16.59681667">
        <ele>235.5</ele>
        <time>2025-07-16T13:19:16Z</time>
      </trkpt>
      <trkpt lat="46.84471167" lon="16.59714833">
        <ele>235.6</ele>
        <time>2025-07-16T13:19:17Z</time>
      </trkpt>
      <trkpt lat="46.84473167" lon="16.59745167">
        <ele>235.9</ele>
        <time>2025-07-16T13:19:18Z</time>
      </trkpt>
      <trkpt lat="46.84475167" lon="16.59775833">
        <ele>235.2</ele>
        <time>2025-07-16T13:19:19Z</time>
      </trkpt>
      <trkpt lat="46.84477333" lon="16.59807667">
        <ele>235.7</ele>
        <time>2025-07-16T13:19:20Z</time>
      </trkpt>
      <trkpt lat="46.8448" lon="16.59840167">
        <ele>236.1</ele>
        <time>2025-07-16T13:19:21Z</time>
      </trkpt>
      <trkpt lat="46.84484667" lon="16.598725">
        <ele>234.3</ele>
        <time>2025-07-16T13:19:22Z</time>
      </trkpt>
      <trkpt lat="46.84485333" lon="16.59906167">
        <ele>235.9</ele>
        <time>2025-07-16T13:19:23Z</time>
      </trkpt>
      <trkpt lat="46.84486667" lon="16.59939667">
        <ele>236.7</ele>
        <time>2025-07-16T13:19:24Z</time>
      </trkpt>
      <trkpt lat="46.84489667" lon="16.599705">
        <ele>236.6</ele>
        <time>2025-07-16T13:19:25Z</time>
      </trkpt>
      <trkpt lat="46.84492167" lon="16.60000333">
        <ele>235.3</ele>
        <time>2025-07-16T13:19:26Z</time>
      </trkpt>
      <trkpt lat="46.84495" lon="16.60030667">
        <ele>235</ele>
        <time>2025-07-16T13:19:27Z</time>
      </trkpt>
      <trkpt lat="46.844975" lon="16.60058667">
        <ele>234.6</ele>
        <time>2025-07-16T13:19:28Z</time>
      </trkpt>
      <trkpt lat="46.84499833" lon="16.600855">
        <ele>235.4</ele>
        <time>2025-07-16T13:19:29Z</time>
      </trkpt>
      <trkpt lat="46.84502167" lon="16.60110167">
        <ele>237.7</ele>
        <time>2025-07-16T13:19:30Z</time>
      </trkpt>
      <trkpt lat="46.84505167" lon="16.60134333">
        <ele>237.1</ele>
        <time>2025-07-16T13:19:31Z</time>
      </trkpt>
      <trkpt lat="46.84508667" lon="16.60158667">
        <ele>237.1</ele>
        <time>2025-07-16T13:19:32Z</time>
      </trkpt>
      <trkpt lat="46.84512167" lon="16.60182667">
        <ele>236.5</ele>
        <time>2025-07-16T13:19:33Z</time>
      </trkpt>
      <trkpt lat="46.84515667" lon="16.602035">
        <ele>232.8</ele>
        <time>2025-07-16T13:19:34Z</time>
      </trkpt>
      <trkpt lat="46.84517833" lon="16.60224167">
        <ele>229.4</ele>
        <time>2025-07-16T13:19:35Z</time>
      </trkpt>
      <trkpt lat="46.84520667" lon="16.60246167">
        <ele>229.3</ele>
        <time>2025-07-16T13:19:36Z</time>
      </trkpt>
      <trkpt lat="46.84523667" lon="16.60266">
        <ele>229.2</ele>
        <time>2025-07-16T13:19:37Z</time>
      </trkpt>
      <trkpt lat="46.84525833" lon="16.60285667">
        <ele>228.9</ele>
        <time>2025-07-16T13:19:38Z</time>
      </trkpt>
      <trkpt lat="46.84528333" lon="16.60304167">
        <ele>229</ele>
        <time>2025-07-16T13:19:39Z</time>
      </trkpt>
      <trkpt lat="46.84531167" lon="16.60321333">
        <ele>229.4</ele>
        <time>2025-07-16T13:19:40Z</time>
      </trkpt>
      <trkpt lat="46.84534" lon="16.60337167">
        <ele>229.5</ele>
        <time>2025-07-16T13:19:41Z</time>
      </trkpt>
      <trkpt lat="46.84536667" lon="16.603515">
        <ele>229.8</ele>
        <time>2025-07-16T13:19:42Z</time>
      </trkpt>
      <trkpt lat="46.84539" lon="16.60366167">
        <ele>230.7</ele>
        <time>2025-07-16T13:19:43Z</time>
      </trkpt>
      <trkpt lat="46.84542167" lon="16.60381167">
        <ele>231.8</ele>
        <time>2025-07-16T13:19:44Z</time>
      </trkpt>
      <trkpt lat="46.84545" lon="16.603945">
        <ele>232.7</ele>
        <time>2025-07-16T13:19:45Z</time>
      </trkpt>
      <trkpt lat="46.845475" lon="16.60407667">
        <ele>233.8</ele>
        <time>2025-07-16T13:19:46Z</time>
      </trkpt>
      <trkpt lat="46.845495" lon="16.60420667">
        <ele>234.1</ele>
        <time>2025-07-16T13:19:47Z</time>
      </trkpt>
      <trkpt lat="46.84554167" lon="16.60445">
        <ele>233.9</ele>
        <time>2025-07-16T13:19:49Z</time>
      </trkpt>
      <trkpt lat="46.84557" lon="16.60458333">
        <ele>233.9</ele>
        <time>2025-07-16T13:19:50Z</time>
      </trkpt>
      <trkpt lat="46.8456" lon="16.60471">
        <ele>234.1</ele>
        <time>2025-07-16T13:19:51Z</time>
      </trkpt>
      <trkpt lat="46.84562833" lon="16.604855">
        <ele>233.4</ele>
        <time>2025-07-16T13:19:52Z</time>
      </trkpt>
      <trkpt lat="46.84565833" lon="16.605005">
        <ele>232.9</ele>
        <time>2025-07-16T13:19:53Z</time>
      </trkpt>
      <trkpt lat="46.84569167" lon="16.605155">
        <ele>232.7</ele>
        <time>2025-07-16T13:19:54Z</time>
      </trkpt>
      <trkpt lat="46.84572167" lon="16.60530333">
        <ele>231.5</ele>
        <time>2025-07-16T13:19:55Z</time>
      </trkpt>
      <trkpt lat="46.84575333" lon="16.60545333">
        <ele>231.1</ele>
        <time>2025-07-16T13:19:56Z</time>
      </trkpt>
      <trkpt lat="46.84579167" lon="16.605615">
        <ele>231.1</ele>
        <time>2025-07-16T13:19:57Z</time>
      </trkpt>
      <trkpt lat="46.84583" lon="16.605795">
        <ele>231</ele>
        <time>2025-07-16T13:19:58Z</time>
      </trkpt>
      <trkpt lat="46.84587" lon="16.60597833">
        <ele>231.5</ele>
        <time>2025-07-16T13:19:59Z</time>
      </trkpt>
      <trkpt lat="46.845905" lon="16.60615">
        <ele>234</ele>
        <time>2025-07-16T13:20:00Z</time>
      </trkpt>
      <trkpt lat="46.84595" lon="16.60632333">
        <ele>233.3</ele>
        <time>2025-07-16T13:20:01Z</time>
      </trkpt>
      <trkpt lat="46.845995" lon="16.60649833">
        <ele>232.3</ele>
        <time>2025-07-16T13:20:02Z</time>
      </trkpt>
      <trkpt lat="46.846045" lon="16.606675">
        <ele>229.7</ele>
        <time>2025-07-16T13:20:03Z</time>
      </trkpt>
      <trkpt lat="46.84609833" lon="16.60684833">
        <ele>228.6</ele>
        <time>2025-07-16T13:20:04Z</time>
      </trkpt>
      <trkpt lat="46.84614333" lon="16.60703167">
        <ele>228.2</ele>
        <time>2025-07-16T13:20:05Z</time>
      </trkpt>
      <trkpt lat="46.8462" lon="16.60722">
        <ele>228.1</ele>
        <time>2025-07-16T13:20:06Z</time>
      </trkpt>
      <trkpt lat="46.84625833" lon="16.60742">
        <ele>227.8</ele>
        <time>2025-07-16T13:20:07Z</time>
      </trkpt>
      <trkpt lat="46.84631167" lon="16.60762833">
        <ele>228.2</ele>
        <time>2025-07-16T13:20:08Z</time>
      </trkpt>
      <trkpt lat="46.846375" lon="16.607855">
        <ele>230.2</ele>
        <time>2025-07-16T13:20:09Z</time>
      </trkpt>
      <trkpt lat="46.84643333" lon="16.60807333">
        <ele>229.5</ele>
        <time>2025-07-16T13:20:10Z</time>
      </trkpt>
      <trkpt lat="46.84649167" lon="16.60827333">
        <ele>229.7</ele>
        <time>2025-07-16T13:20:11Z</time>
      </trkpt>
      <trkpt lat="46.846555" lon="16.60849167">
        <ele>229.4</ele>
        <time>2025-07-16T13:20:12Z</time>
      </trkpt>
      <trkpt lat="46.84661167" lon="16.60870333">
        <ele>226.6</ele>
        <time>2025-07-16T13:20:13Z</time>
      </trkpt>
      <trkpt lat="46.84667667" lon="16.60892">
        <ele>225.5</ele>
        <time>2025-07-16T13:20:14Z</time>
      </trkpt>
      <trkpt lat="46.84675333" lon="16.60912667">
        <ele>225.9</ele>
        <time>2025-07-16T13:20:15Z</time>
      </trkpt>
      <trkpt lat="46.84682" lon="16.60934">
        <ele>226.1</ele>
        <time>2025-07-16T13:20:16Z</time>
      </trkpt>
      <trkpt lat="46.84689" lon="16.609555">
        <ele>226.4</ele>
        <time>2025-07-16T13:20:17Z</time>
      </trkpt>
      <trkpt lat="46.84696167" lon="16.60979">
        <ele>226.5</ele>
        <time>2025-07-16T13:20:18Z</time>
      </trkpt>
      <trkpt lat="46.84703667" lon="16.61002">
        <ele>226.5</ele>
        <time>2025-07-16T13:20:19Z</time>
      </trkpt>
      <trkpt lat="46.8471" lon="16.610255">
        <ele>224.4</ele>
        <time>2025-07-16T13:20:20Z</time>
      </trkpt>
      <trkpt lat="46.84716833" lon="16.61048833">
        <ele>224.8</ele>
        <time>2025-07-16T13:20:21Z</time>
      </trkpt>
      <trkpt lat="46.84724667" lon="16.610715">
        <ele>226.6</ele>
        <time>2025-07-16T13:20:22Z</time>
      </trkpt>
      <trkpt lat="46.847315" lon="16.61094167">
        <ele>227.1</ele>
        <time>2025-07-16T13:20:23Z</time>
      </trkpt>
      <trkpt lat="46.84739" lon="16.61119">
        <ele>226.5</ele>
        <time>2025-07-16T13:20:24Z</time>
      </trkpt>
      <trkpt lat="46.84747" lon="16.611435">
        <ele>226</ele>
        <time>2025-07-16T13:20:25Z</time>
      </trkpt>
      <trkpt lat="46.84755" lon="16.61167167">
        <ele>225.9</ele>
        <time>2025-07-16T13:20:26Z</time>
      </trkpt>
      <trkpt lat="46.84763333" lon="16.611915">
        <ele>226.6</ele>
        <time>2025-07-16T13:20:27Z</time>
      </trkpt>
      <trkpt lat="46.84771333" lon="16.61216">
        <ele>227</ele>
        <time>2025-07-16T13:20:28Z</time>
      </trkpt>
      <trkpt lat="46.847785" lon="16.61241833">
        <ele>226.2</ele>
        <time>2025-07-16T13:20:29Z</time>
      </trkpt>
      <trkpt lat="46.84786" lon="16.61268333">
        <ele>226.7</ele>
        <time>2025-07-16T13:20:30Z</time>
      </trkpt>
      <trkpt lat="46.84793667" lon="16.61294333">
        <ele>226.3</ele>
        <time>2025-07-16T13:20:31Z</time>
      </trkpt>
      <trkpt lat="46.84801333" lon="16.61321167">
        <ele>225.6</ele>
        <time>2025-07-16T13:20:32Z</time>
      </trkpt>
      <trkpt lat="46.84809667" lon="16.61347833">
        <ele>224.6</ele>
        <time>2025-07-16T13:20:33Z</time>
      </trkpt>
      <trkpt lat="46.84818333" lon="16.61375167">
        <ele>228.6</ele>
        <time>2025-07-16T13:20:34Z</time>
      </trkpt>
      <trkpt lat="46.84826167" lon="16.61403333">
        <ele>229.9</ele>
        <time>2025-07-16T13:20:35Z</time>
      </trkpt>
      <trkpt lat="46.84834" lon="16.61431833">
        <ele>230.2</ele>
        <time>2025-07-16T13:20:36Z</time>
      </trkpt>
      <trkpt lat="46.84841833" lon="16.614605">
        <ele>230.5</ele>
        <time>2025-07-16T13:20:37Z</time>
      </trkpt>
      <trkpt lat="46.8485" lon="16.61489167">
        <ele>230.3</ele>
        <time>2025-07-16T13:20:38Z</time>
      </trkpt>
      <trkpt lat="46.84858" lon="16.6152">
        <ele>232.9</ele>
        <time>2025-07-16T13:20:39Z</time>
      </trkpt>
      <trkpt lat="46.84866333" lon="16.615485">
        <ele>232.8</ele>
        <time>2025-07-16T13:20:40Z</time>
      </trkpt>
      <trkpt lat="46.848745" lon="16.615775">
        <ele>232.8</ele>
        <time>2025-07-16T13:20:41Z</time>
      </trkpt>
      <trkpt lat="46.84883167" lon="16.61608">
        <ele>232.8</ele>
        <time>2025-07-16T13:20:42Z</time>
      </trkpt>
      <trkpt lat="46.8489" lon="16.61637">
        <ele>233.8</ele>
        <time>2025-07-16T13:20:43Z</time>
      </trkpt>
      <trkpt lat="46.84897667" lon="16.61666667">
        <ele>233.9</ele>
        <time>2025-07-16T13:20:44Z</time>
      </trkpt>
      <trkpt lat="46.84905833" lon="16.61696">
        <ele>234.7</ele>
        <time>2025-07-16T13:20:45Z</time>
      </trkpt>
      <trkpt lat="46.849135" lon="16.61725833">
        <ele>234.8</ele>
        <time>2025-07-16T13:20:46Z</time>
      </trkpt>
      <trkpt lat="46.849215" lon="16.61755833">
        <ele>234.5</ele>
        <time>2025-07-16T13:20:47Z</time>
      </trkpt>
      <trkpt lat="46.84929833" lon="16.61786667">
        <ele>234.5</ele>
        <time>2025-07-16T13:20:48Z</time>
      </trkpt>
      <trkpt lat="46.849375" lon="16.61815667">
        <ele>232.8</ele>
        <time>2025-07-16T13:20:49Z</time>
      </trkpt>
      <trkpt lat="46.84945667" lon="16.61846667">
        <ele>232.7</ele>
        <time>2025-07-16T13:20:50Z</time>
      </trkpt>
      <trkpt lat="46.84953333" lon="16.61876167">
        <ele>232.7</ele>
        <time>2025-07-16T13:20:51Z</time>
      </trkpt>
      <trkpt lat="46.84960833" lon="16.61906333">
        <ele>232.6</ele>
        <time>2025-07-16T13:20:52Z</time>
      </trkpt>
      <trkpt lat="46.84968333" lon="16.61935333">
        <ele>232.9</ele>
        <time>2025-07-16T13:20:53Z</time>
      </trkpt>
      <trkpt lat="46.84975833" lon="16.61964">
        <ele>231.7</ele>
        <time>2025-07-16T13:20:54Z</time>
      </trkpt>
      <trkpt lat="46.84983833" lon="16.61993667">
        <ele>232.2</ele>
        <time>2025-07-16T13:20:55Z</time>
      </trkpt>
      <trkpt lat="46.84992" lon="16.62022667">
        <ele>232.3</ele>
        <time>2025-07-16T13:20:56Z</time>
      </trkpt>
      <trkpt lat="46.85000333" lon="16.62050167">
        <ele>232.3</ele>
        <time>2025-07-16T13:20:57Z</time>
      </trkpt>
      <trkpt lat="46.85008667" lon="16.62077667">
        <ele>232</ele>
        <time>2025-07-16T13:20:58Z</time>
      </trkpt>
      <trkpt lat="46.85017167" lon="16.621045">
        <ele>232.4</ele>
        <time>2025-07-16T13:20:59Z</time>
      </trkpt>
      <trkpt lat="46.85025333" lon="16.62130167">
        <ele>232.9</ele>
        <time>2025-07-16T13:21:00Z</time>
      </trkpt>
      <trkpt lat="46.85033167" lon="16.621545">
        <ele>233.1</ele>
        <time>2025-07-16T13:21:01Z</time>
      </trkpt>
      <trkpt lat="46.85039833" lon="16.62176333">
        <ele>231.3</ele>
        <time>2025-07-16T13:21:02Z</time>
      </trkpt>
      <trkpt lat="46.85046833" lon="16.62197667">
        <ele>231.3</ele>
        <time>2025-07-16T13:21:03Z</time>
      </trkpt>
      <trkpt lat="46.85054" lon="16.622185">
        <ele>231.3</ele>
        <time>2025-07-16T13:21:04Z</time>
      </trkpt>
      <trkpt lat="46.85060167" lon="16.62236333">
        <ele>230.6</ele>
        <time>2025-07-16T13:21:05Z</time>
      </trkpt>
      <trkpt lat="46.85066333" lon="16.62255167">
        <ele>229.6</ele>
        <time>2025-07-16T13:21:06Z</time>
      </trkpt>
      <trkpt lat="46.85072667" lon="16.62271833">
        <ele>228.2</ele>
        <time>2025-07-16T13:21:07Z</time>
      </trkpt>
      <trkpt lat="46.850785" lon="16.62289">
        <ele>227.8</ele>
        <time>2025-07-16T13:21:08Z</time>
      </trkpt>
      <trkpt lat="46.850845" lon="16.62304833">
        <ele>226.9</ele>
        <time>2025-07-16T13:21:09Z</time>
      </trkpt>
      <trkpt lat="46.85090167" lon="16.6232">
        <ele>226.2</ele>
        <time>2025-07-16T13:21:10Z</time>
      </trkpt>
      <trkpt lat="46.85095167" lon="16.62333833">
        <ele>226.4</ele>
        <time>2025-07-16T13:21:11Z</time>
      </trkpt>
      <trkpt lat="46.851" lon="16.623475">
        <ele>226.9</ele>
        <time>2025-07-16T13:21:12Z</time>
      </trkpt>
      <trkpt lat="46.85104333" lon="16.623595">
        <ele>226.6</ele>
        <time>2025-07-16T13:21:13Z</time>
      </trkpt>
      <trkpt lat="46.851095" lon="16.62373667">
        <ele>226.6</ele>
        <time>2025-07-16T13:21:14Z</time>
      </trkpt>
      <trkpt lat="46.85114" lon="16.62386833">
        <ele>226.8</ele>
        <time>2025-07-16T13:21:15Z</time>
      </trkpt>
      <trkpt lat="46.851185" lon="16.62400333">
        <ele>227.5</ele>
        <time>2025-07-16T13:21:16Z</time>
      </trkpt>
      <trkpt lat="46.85122667" lon="16.62413167">
        <ele>228.1</ele>
        <time>2025-07-16T13:21:17Z</time>
      </trkpt>
      <trkpt lat="46.85127" lon="16.62426667">
        <ele>228</ele>
        <time>2025-07-16T13:21:18Z</time>
      </trkpt>
      <trkpt lat="46.851315" lon="16.62440167">
        <ele>227.9</ele>
        <time>2025-07-16T13:21:19Z</time>
      </trkpt>
      <trkpt lat="46.85135667" lon="16.624535">
        <ele>228.2</ele>
        <time>2025-07-16T13:21:20Z</time>
      </trkpt>
      <trkpt lat="46.85139833" lon="16.624665">
        <ele>228.1</ele>
        <time>2025-07-16T13:21:21Z</time>
      </trkpt>
      <trkpt lat="46.851445" lon="16.6248">
        <ele>228.3</ele>
        <time>2025-07-16T13:21:22Z</time>
      </trkpt>
      <trkpt lat="46.8515" lon="16.62494333">
        <ele>228.6</ele>
        <time>2025-07-16T13:21:23Z</time>
      </trkpt>
      <trkpt lat="46.85154333" lon="16.62509167">
        <ele>228</ele>
        <time>2025-07-16T13:21:24Z</time>
      </trkpt>
      <trkpt lat="46.85158667" lon="16.625235">
        <ele>229</ele>
        <time>2025-07-16T13:21:25Z</time>
      </trkpt>
      <trkpt lat="46.851635" lon="16.62538167">
        <ele>227.9</ele>
        <time>2025-07-16T13:21:26Z</time>
      </trkpt>
      <trkpt lat="46.851685" lon="16.62552833">
        <ele>227.6</ele>
        <time>2025-07-16T13:21:27Z</time>
      </trkpt>
      <trkpt lat="46.851735" lon="16.62569">
        <ele>227.3</ele>
        <time>2025-07-16T13:21:28Z</time>
      </trkpt>
      <trkpt lat="46.85179167" lon="16.62584667">
        <ele>229.5</ele>
        <time>2025-07-16T13:21:29Z</time>
      </trkpt>
      <trkpt lat="46.85184833" lon="16.626">
        <ele>232.4</ele>
        <time>2025-07-16T13:21:30Z</time>
      </trkpt>
      <trkpt lat="46.85190667" lon="16.62616333">
        <ele>232.7</ele>
        <time>2025-07-16T13:21:31Z</time>
      </trkpt>
      <trkpt lat="46.85197" lon="16.62633333">
        <ele>231.4</ele>
        <time>2025-07-16T13:21:32Z</time>
      </trkpt>
      <trkpt lat="46.85203167" lon="16.62652667">
        <ele>232.4</ele>
        <time>2025-07-16T13:21:33Z</time>
      </trkpt>
      <trkpt lat="46.85210167" lon="16.62669333">
        <ele>231.5</ele>
        <time>2025-07-16T13:21:34Z</time>
      </trkpt>
      <trkpt lat="46.85216833" lon="16.62686667">
        <ele>231.4</ele>
        <time>2025-07-16T13:21:35Z</time>
      </trkpt>
      <trkpt lat="46.85224" lon="16.62705167">
        <ele>230.1</ele>
        <time>2025-07-16T13:21:36Z</time>
      </trkpt>
      <trkpt lat="46.85231" lon="16.62722667">
        <ele>231.2</ele>
        <time>2025-07-16T13:21:37Z</time>
      </trkpt>
      <trkpt lat="46.85239333" lon="16.62740333">
        <ele>233.2</ele>
        <time>2025-07-16T13:21:38Z</time>
      </trkpt>
      <trkpt lat="46.85247333" lon="16.62758833">
        <ele>231.7</ele>
        <time>2025-07-16T13:21:39Z</time>
      </trkpt>
      <trkpt lat="46.85255333" lon="16.627775">
        <ele>231.6</ele>
        <time>2025-07-16T13:21:40Z</time>
      </trkpt>
      <trkpt lat="46.85263333" lon="16.627965">
        <ele>230.9</ele>
        <time>2025-07-16T13:21:41Z</time>
      </trkpt>
      <trkpt lat="46.85273167" lon="16.628165">
        <ele>231.8</ele>
        <time>2025-07-16T13:21:42Z</time>
      </trkpt>
      <trkpt lat="46.85282333" lon="16.62836833">
        <ele>231.3</ele>
        <time>2025-07-16T13:21:43Z</time>
      </trkpt>
      <trkpt lat="46.85289667" lon="16.62855833">
        <ele>236.2</ele>
        <time>2025-07-16T13:21:44Z</time>
      </trkpt>
      <trkpt lat="46.85299" lon="16.62874">
        <ele>237</ele>
        <time>2025-07-16T13:21:45Z</time>
      </trkpt>
      <trkpt lat="46.85308" lon="16.628935">
        <ele>237</ele>
        <time>2025-07-16T13:21:46Z</time>
      </trkpt>
      <trkpt lat="46.85317167" lon="16.62912333">
        <ele>237</ele>
        <time>2025-07-16T13:21:47Z</time>
      </trkpt>
      <trkpt lat="46.853265" lon="16.62930833">
        <ele>236.8</ele>
        <time>2025-07-16T13:21:48Z</time>
      </trkpt>
      <trkpt lat="46.853345" lon="16.62953167">
        <ele>236.8</ele>
        <time>2025-07-16T13:21:49Z</time>
      </trkpt>
      <trkpt lat="46.85344333" lon="16.62971833">
        <ele>234.6</ele>
        <time>2025-07-16T13:21:50Z</time>
      </trkpt>
      <trkpt lat="46.85353833" lon="16.62992667">
        <ele>234.9</ele>
        <time>2025-07-16T13:21:51Z</time>
      </trkpt>
      <trkpt lat="46.853625" lon="16.63012833">
        <ele>234.7</ele>
        <time>2025-07-16T13:21:52Z</time>
      </trkpt>
      <trkpt lat="46.853715" lon="16.63034667">
        <ele>234.8</ele>
        <time>2025-07-16T13:21:53Z</time>
      </trkpt>
      <trkpt lat="46.85380667" lon="16.63057333">
        <ele>234.7</ele>
        <time>2025-07-16T13:21:54Z</time>
      </trkpt>
      <trkpt lat="46.85389333" lon="16.63078667">
        <ele>235.5</ele>
        <time>2025-07-16T13:21:55Z</time>
      </trkpt>
      <trkpt lat="46.85397833" lon="16.63101">
        <ele>235</ele>
        <time>2025-07-16T13:21:56Z</time>
      </trkpt>
      <trkpt lat="46.854065" lon="16.63124">
        <ele>233.7</ele>
        <time>2025-07-16T13:21:57Z</time>
      </trkpt>
      <trkpt lat="46.85414833" lon="16.63148333">
        <ele>233.8</ele>
        <time>2025-07-16T13:21:58Z</time>
      </trkpt>
      <trkpt lat="46.85423" lon="16.63173">
        <ele>234</ele>
        <time>2025-07-16T13:21:59Z</time>
      </trkpt>
      <trkpt lat="46.85431" lon="16.63198167">
        <ele>234.6</ele>
        <time>2025-07-16T13:22:00Z</time>
      </trkpt>
      <trkpt lat="46.85439667" lon="16.63225">
        <ele>235</ele>
        <time>2025-07-16T13:22:01Z</time>
      </trkpt>
      <trkpt lat="46.85448333" lon="16.63250333">
        <ele>234.8</ele>
        <time>2025-07-16T13:22:02Z</time>
      </trkpt>
      <trkpt lat="46.85455833" lon="16.63275833">
        <ele>234.1</ele>
        <time>2025-07-16T13:22:03Z</time>
      </trkpt>
      <trkpt lat="46.85463833" lon="16.63301167">
        <ele>233.7</ele>
        <time>2025-07-16T13:22:04Z</time>
      </trkpt>
      <trkpt lat="46.85472167" lon="16.633285">
        <ele>232.4</ele>
        <time>2025-07-16T13:22:05Z</time>
      </trkpt>
      <trkpt lat="46.85482333" lon="16.633585">
        <ele>232.3</ele>
        <time>2025-07-16T13:22:06Z</time>
      </trkpt>
      <trkpt lat="46.85489" lon="16.633865">
        <ele>235.9</ele>
        <time>2025-07-16T13:22:07Z</time>
      </trkpt>
      <trkpt lat="46.854965" lon="16.63413833">
        <ele>235.5</ele>
        <time>2025-07-16T13:22:08Z</time>
      </trkpt>
      <trkpt lat="46.85504333" lon="16.63440667">
        <ele>234.7</ele>
        <time>2025-07-16T13:22:09Z</time>
      </trkpt>
      <trkpt lat="46.85511333" lon="16.63470167">
        <ele>234.1</ele>
        <time>2025-07-16T13:22:10Z</time>
      </trkpt>
      <trkpt lat="46.85516" lon="16.63498333">
        <ele>234.4</ele>
        <time>2025-07-16T13:22:11Z</time>
      </trkpt>
      <trkpt lat="46.855225" lon="16.63526333">
        <ele>234.1</ele>
        <time>2025-07-16T13:22:12Z</time>
      </trkpt>
      <trkpt lat="46.85529" lon="16.63554333">
        <ele>235.9</ele>
        <time>2025-07-16T13:22:13Z</time>
      </trkpt>
      <trkpt lat="46.85535333" lon="16.63583">
        <ele>236.9</ele>
        <time>2025-07-16T13:22:14Z</time>
      </trkpt>
      <trkpt lat="46.85541833" lon="16.636125">
        <ele>237.7</ele>
        <time>2025-07-16T13:22:15Z</time>
      </trkpt>
      <trkpt lat="46.85546833" lon="16.636445">
        <ele>245.1</ele>
        <time>2025-07-16T13:22:16Z</time>
      </trkpt>
      <trkpt lat="46.855525" lon="16.63674833">
        <ele>245.6</ele>
        <time>2025-07-16T13:22:17Z</time>
      </trkpt>
      <trkpt lat="46.855585" lon="16.637065">
        <ele>246.4</ele>
        <time>2025-07-16T13:22:18Z</time>
      </trkpt>
      <trkpt lat="46.85562667" lon="16.63735333">
        <ele>247.8</ele>
        <time>2025-07-16T13:22:19Z</time>
      </trkpt>
      <trkpt lat="46.85567333" lon="16.63768667">
        <ele>246.9</ele>
        <time>2025-07-16T13:22:20Z</time>
      </trkpt>
      <trkpt lat="46.85571167" lon="16.63800833">
        <ele>246.4</ele>
        <time>2025-07-16T13:22:21Z</time>
      </trkpt>
      <trkpt lat="46.85575" lon="16.63832667">
        <ele>245.9</ele>
        <time>2025-07-16T13:22:22Z</time>
      </trkpt>
      <trkpt lat="46.85578833" lon="16.63865333">
        <ele>245.5</ele>
        <time>2025-07-16T13:22:23Z</time>
      </trkpt>
      <trkpt lat="46.85581833" lon="16.63897167">
        <ele>244.7</ele>
        <time>2025-07-16T13:22:24Z</time>
      </trkpt>
      <trkpt lat="46.855845" lon="16.63929333">
        <ele>243.9</ele>
        <time>2025-07-16T13:22:25Z</time>
      </trkpt>
      <trkpt lat="46.85587" lon="16.639625">
        <ele>243.3</ele>
        <time>2025-07-16T13:22:26Z</time>
      </trkpt>
      <trkpt lat="46.8559" lon="16.63996167">
        <ele>243.2</ele>
        <time>2025-07-16T13:22:27Z</time>
      </trkpt>
      <trkpt lat="46.85592667" lon="16.64029333">
        <ele>243.1</ele>
        <time>2025-07-16T13:22:28Z</time>
      </trkpt>
      <trkpt lat="46.855955" lon="16.64062667">
        <ele>243.1</ele>
        <time>2025-07-16T13:22:29Z</time>
      </trkpt>
      <trkpt lat="46.85596833" lon="16.64095">
        <ele>242.7</ele>
        <time>2025-07-16T13:22:30Z</time>
      </trkpt>
      <trkpt lat="46.85597167" lon="16.641285">
        <ele>245.7</ele>
        <time>2025-07-16T13:22:31Z</time>
      </trkpt>
      <trkpt lat="46.85597167" lon="16.64158667">
        <ele>243.5</ele>
        <time>2025-07-16T13:22:32Z</time>
      </trkpt>
      <trkpt lat="46.85597" lon="16.64190167">
        <ele>242.1</ele>
        <time>2025-07-16T13:22:33Z</time>
      </trkpt>
      <trkpt lat="46.85597833" lon="16.64222667">
        <ele>239.8</ele>
        <time>2025-07-16T13:22:34Z</time>
      </trkpt>
      <trkpt lat="46.85598333" lon="16.64255">
        <ele>239.3</ele>
        <time>2025-07-16T13:22:35Z</time>
      </trkpt>
      <trkpt lat="46.855975" lon="16.64286833">
        <ele>238.8</ele>
        <time>2025-07-16T13:22:36Z</time>
      </trkpt>
      <trkpt lat="46.855945" lon="16.643195">
        <ele>234.2</ele>
        <time>2025-07-16T13:22:37Z</time>
      </trkpt>
      <trkpt lat="46.85594333" lon="16.64350667">
        <ele>232.4</ele>
        <time>2025-07-16T13:22:38Z</time>
      </trkpt>
      <trkpt lat="46.85591667" lon="16.64384167">
        <ele>234.6</ele>
        <time>2025-07-16T13:22:39Z</time>
      </trkpt>
      <trkpt lat="46.85590333" lon="16.64419333">
        <ele>234.2</ele>
        <time>2025-07-16T13:22:40Z</time>
      </trkpt>
      <trkpt lat="46.85589167" lon="16.64452667">
        <ele>234.2</ele>
        <time>2025-07-16T13:22:41Z</time>
      </trkpt>
      <trkpt lat="46.85588167" lon="16.64482667">
        <ele>233.1</ele>
        <time>2025-07-16T13:22:42Z</time>
      </trkpt>
      <trkpt lat="46.855845" lon="16.64508833">
        <ele>231.2</ele>
        <time>2025-07-16T13:22:43Z</time>
      </trkpt>
      <trkpt lat="46.85580333" lon="16.645375">
        <ele>230.5</ele>
        <time>2025-07-16T13:22:44Z</time>
      </trkpt>
      <trkpt lat="46.855765" lon="16.64568">
        <ele>233.5</ele>
        <time>2025-07-16T13:22:45Z</time>
      </trkpt>
      <trkpt lat="46.85573833" lon="16.64598">
        <ele>233.2</ele>
        <time>2025-07-16T13:22:46Z</time>
      </trkpt>
      <trkpt lat="46.855715" lon="16.646285">
        <ele>232.7</ele>
        <time>2025-07-16T13:22:47Z</time>
      </trkpt>
      <trkpt lat="46.85568333" lon="16.646615">
        <ele>233.5</ele>
        <time>2025-07-16T13:22:48Z</time>
      </trkpt>
      <trkpt lat="46.85567833" lon="16.64694">
        <ele>231</ele>
        <time>2025-07-16T13:22:49Z</time>
      </trkpt>
      <trkpt lat="46.85563667" lon="16.64725">
        <ele>233.4</ele>
        <time>2025-07-16T13:22:50Z</time>
      </trkpt>
      <trkpt lat="46.8556" lon="16.64757167">
        <ele>233.1</ele>
        <time>2025-07-16T13:22:51Z</time>
      </trkpt>
      <trkpt lat="46.85555333" lon="16.64790167">
        <ele>236.2</ele>
        <time>2025-07-16T13:22:52Z</time>
      </trkpt>
      <trkpt lat="46.85552333" lon="16.64821">
        <ele>236</ele>
        <time>2025-07-16T13:22:53Z</time>
      </trkpt>
      <trkpt lat="46.85549833" lon="16.64852">
        <ele>235.4</ele>
        <time>2025-07-16T13:22:54Z</time>
      </trkpt>
      <trkpt lat="46.85548" lon="16.64882833">
        <ele>235</ele>
        <time>2025-07-16T13:22:55Z</time>
      </trkpt>
      <trkpt lat="46.855465" lon="16.64918">
        <ele>232.7</ele>
        <time>2025-07-16T13:22:56Z</time>
      </trkpt>
      <trkpt lat="46.855465" lon="16.64951167">
        <ele>229.6</ele>
        <time>2025-07-16T13:22:57Z</time>
      </trkpt>
      <trkpt lat="46.855455" lon="16.64982667">
        <ele>229.5</ele>
        <time>2025-07-16T13:22:58Z</time>
      </trkpt>
      <trkpt lat="46.85547167" lon="16.65012">
        <ele>229.5</ele>
        <time>2025-07-16T13:22:59Z</time>
      </trkpt>
      <trkpt lat="46.85548333" lon="16.65042833">
        <ele>228.7</ele>
        <time>2025-07-16T13:23:00Z</time>
      </trkpt>
      <trkpt lat="46.85548" lon="16.65074">
        <ele>228.3</ele>
        <time>2025-07-16T13:23:01Z</time>
      </trkpt>
      <trkpt lat="46.85549" lon="16.651055">
        <ele>228.7</ele>
        <time>2025-07-16T13:23:02Z</time>
      </trkpt>
      <trkpt lat="46.85550333" lon="16.65137167">
        <ele>228.7</ele>
        <time>2025-07-16T13:23:03Z</time>
      </trkpt>
      <trkpt lat="46.855515" lon="16.65168">
        <ele>227.6</ele>
        <time>2025-07-16T13:23:04Z</time>
      </trkpt>
      <trkpt lat="46.85553" lon="16.652015">
        <ele>229.6</ele>
        <time>2025-07-16T13:23:05Z</time>
      </trkpt>
      <trkpt lat="46.855555" lon="16.652345">
        <ele>229.4</ele>
        <time>2025-07-16T13:23:06Z</time>
      </trkpt>
      <trkpt lat="46.855585" lon="16.65265333">
        <ele>229.2</ele>
        <time>2025-07-16T13:23:07Z</time>
      </trkpt>
      <trkpt lat="46.85561" lon="16.65296167">
        <ele>228.8</ele>
        <time>2025-07-16T13:23:08Z</time>
      </trkpt>
      <trkpt lat="46.85564167" lon="16.65326667">
        <ele>229.5</ele>
        <time>2025-07-16T13:23:09Z</time>
      </trkpt>
      <trkpt lat="46.85567333" lon="16.65356333">
        <ele>229.8</ele>
        <time>2025-07-16T13:23:10Z</time>
      </trkpt>
      <trkpt lat="46.85570833" lon="16.65385833">
        <ele>229.5</ele>
        <time>2025-07-16T13:23:11Z</time>
      </trkpt>
      <trkpt lat="46.85574667" lon="16.65415333">
        <ele>229.5</ele>
        <time>2025-07-16T13:23:12Z</time>
      </trkpt>
      <trkpt lat="46.85579167" lon="16.65446">
        <ele>229.2</ele>
        <time>2025-07-16T13:23:13Z</time>
      </trkpt>
      <trkpt lat="46.85584" lon="16.65475667">
        <ele>229.6</ele>
        <time>2025-07-16T13:23:14Z</time>
      </trkpt>
      <trkpt lat="46.85588667" lon="16.655045">
        <ele>229.8</ele>
        <time>2025-07-16T13:23:15Z</time>
      </trkpt>
      <trkpt lat="46.85593333" lon="16.65532333">
        <ele>229.3</ele>
        <time>2025-07-16T13:23:16Z</time>
      </trkpt>
      <trkpt lat="46.85598167" lon="16.65559333">
        <ele>229.7</ele>
        <time>2025-07-16T13:23:17Z</time>
      </trkpt>
      <trkpt lat="46.85603333" lon="16.655855">
        <ele>229.8</ele>
        <time>2025-07-16T13:23:18Z</time>
      </trkpt>
      <trkpt lat="46.856085" lon="16.65611167">
        <ele>229.3</ele>
        <time>2025-07-16T13:23:19Z</time>
      </trkpt>
      <trkpt lat="46.85614" lon="16.65636667">
        <ele>229.3</ele>
        <time>2025-07-16T13:23:20Z</time>
      </trkpt>
      <trkpt lat="46.85620167" lon="16.65661">
        <ele>229.1</ele>
        <time>2025-07-16T13:23:21Z</time>
      </trkpt>
      <trkpt lat="46.85626" lon="16.65683833">
        <ele>228.7</ele>
        <time>2025-07-16T13:23:22Z</time>
      </trkpt>
      <trkpt lat="46.856325" lon="16.65706667">
        <ele>227.8</ele>
        <time>2025-07-16T13:23:23Z</time>
      </trkpt>
      <trkpt lat="46.85639" lon="16.65729833">
        <ele>227.5</ele>
        <time>2025-07-16T13:23:24Z</time>
      </trkpt>
      <trkpt lat="46.85645333" lon="16.65752667">
        <ele>226.8</ele>
        <time>2025-07-16T13:23:25Z</time>
      </trkpt>
      <trkpt lat="46.85652333" lon="16.65775833">
        <ele>226.6</ele>
        <time>2025-07-16T13:23:26Z</time>
      </trkpt>
      <trkpt lat="46.85659667" lon="16.65797667">
        <ele>226.2</ele>
        <time>2025-07-16T13:23:27Z</time>
      </trkpt>
      <trkpt lat="46.85666833" lon="16.65820667">
        <ele>225.6</ele>
        <time>2025-07-16T13:23:28Z</time>
      </trkpt>
      <trkpt lat="46.856755" lon="16.65843667">
        <ele>225.1</ele>
        <time>2025-07-16T13:23:29Z</time>
      </trkpt>
      <trkpt lat="46.856835" lon="16.65865333">
        <ele>225.7</ele>
        <time>2025-07-16T13:23:30Z</time>
      </trkpt>
      <trkpt lat="46.856915" lon="16.65887167">
        <ele>226.2</ele>
        <time>2025-07-16T13:23:31Z</time>
      </trkpt>
      <trkpt lat="46.85699167" lon="16.65908667">
        <ele>226</ele>
        <time>2025-07-16T13:23:32Z</time>
      </trkpt>
      <trkpt lat="46.85706333" lon="16.65929833">
        <ele>225.5</ele>
        <time>2025-07-16T13:23:33Z</time>
      </trkpt>
      <trkpt lat="46.85713833" lon="16.65951">
        <ele>225.2</ele>
        <time>2025-07-16T13:23:34Z</time>
      </trkpt>
      <trkpt lat="46.85721167" lon="16.659715">
        <ele>224.6</ele>
        <time>2025-07-16T13:23:35Z</time>
      </trkpt>
      <trkpt lat="46.85728333" lon="16.65988667">
        <ele>223.7</ele>
        <time>2025-07-16T13:23:36Z</time>
      </trkpt>
      <trkpt lat="46.85735" lon="16.66007">
        <ele>224.3</ele>
        <time>2025-07-16T13:23:37Z</time>
      </trkpt>
      <trkpt lat="46.85741" lon="16.66024167">
        <ele>223.5</ele>
        <time>2025-07-16T13:23:38Z</time>
      </trkpt>
      <trkpt lat="46.85747333" lon="16.66040833">
        <ele>223.2</ele>
        <time>2025-07-16T13:23:39Z</time>
      </trkpt>
      <trkpt lat="46.85753167" lon="16.66056833">
        <ele>222.8</ele>
        <time>2025-07-16T13:23:40Z</time>
      </trkpt>
      <trkpt lat="46.85758" lon="16.66069333">
        <ele>222.5</ele>
        <time>2025-07-16T13:23:41Z</time>
      </trkpt>
      <trkpt lat="46.85762833" lon="16.66082167">
        <ele>221.8</ele>
        <time>2025-07-16T13:23:42Z</time>
      </trkpt>
      <trkpt lat="46.857675" lon="16.66094">
        <ele>221.3</ele>
        <time>2025-07-16T13:23:43Z</time>
      </trkpt>
      <trkpt lat="46.857755" lon="16.66116167">
        <ele>221.2</ele>
        <time>2025-07-16T13:23:45Z</time>
      </trkpt>
      <trkpt lat="46.85782833" lon="16.661345">
        <ele>220.9</ele>
        <time>2025-07-16T13:23:47Z</time>
      </trkpt>
      <trkpt lat="46.85788167" lon="16.66148333">
        <ele>220.9</ele>
        <time>2025-07-16T13:23:49Z</time>
      </trkpt>
      <trkpt lat="46.85793667" lon="16.66160667">
        <ele>222.4</ele>
        <time>2025-07-16T13:23:53Z</time>
      </trkpt>
      <trkpt lat="46.85797667" lon="16.66174667">
        <ele>223.5</ele>
        <time>2025-07-16T13:25:08Z</time>
      </trkpt>
      <trkpt lat="46.85803" lon="16.6619">
        <ele>224.4</ele>
        <time>2025-07-16T13:25:11Z</time>
      </trkpt>
      <trkpt lat="46.85808167" lon="16.66203667">
        <ele>225.3</ele>
        <time>2025-07-16T13:25:13Z</time>
      </trkpt>
      <trkpt lat="46.85814167" lon="16.66219667">
        <ele>225.1</ele>
        <time>2025-07-16T13:25:15Z</time>
      </trkpt>
      <trkpt lat="46.85821667" lon="16.66238">
        <ele>226.6</ele>
        <time>2025-07-16T13:25:17Z</time>
      </trkpt>
      <trkpt lat="46.85829667" lon="16.66259667">
        <ele>227.9</ele>
        <time>2025-07-16T13:25:19Z</time>
      </trkpt>
      <trkpt lat="46.85838" lon="16.66282833">
        <ele>228.2</ele>
        <time>2025-07-16T13:25:21Z</time>
      </trkpt>
      <trkpt lat="46.85842167" lon="16.662955">
        <ele>228.7</ele>
        <time>2025-07-16T13:25:22Z</time>
      </trkpt>
      <trkpt lat="46.858465" lon="16.66308333">
        <ele>229.1</ele>
        <time>2025-07-16T13:25:23Z</time>
      </trkpt>
      <trkpt lat="46.858505" lon="16.66321333">
        <ele>229.2</ele>
        <time>2025-07-16T13:25:24Z</time>
      </trkpt>
      <trkpt lat="46.85855333" lon="16.66335">
        <ele>229</ele>
        <time>2025-07-16T13:25:25Z</time>
      </trkpt>
      <trkpt lat="46.85860333" lon="16.66349333">
        <ele>228.4</ele>
        <time>2025-07-16T13:25:26Z</time>
      </trkpt>
      <trkpt lat="46.85865833" lon="16.66363667">
        <ele>228.2</ele>
        <time>2025-07-16T13:25:27Z</time>
      </trkpt>
      <trkpt lat="46.85871" lon="16.66379167">
        <ele>227.4</ele>
        <time>2025-07-16T13:25:28Z</time>
      </trkpt>
      <trkpt lat="46.85877333" lon="16.66394333">
        <ele>227</ele>
        <time>2025-07-16T13:25:29Z</time>
      </trkpt>
      <trkpt lat="46.85884" lon="16.66409">
        <ele>226.8</ele>
        <time>2025-07-16T13:25:30Z</time>
      </trkpt>
      <trkpt lat="46.85889833" lon="16.66424833">
        <ele>227</ele>
        <time>2025-07-16T13:25:31Z</time>
      </trkpt>
      <trkpt lat="46.85896167" lon="16.66440333">
        <ele>226.9</ele>
        <time>2025-07-16T13:25:32Z</time>
      </trkpt>
      <trkpt lat="46.85902167" lon="16.66458167">
        <ele>227.1</ele>
        <time>2025-07-16T13:25:33Z</time>
      </trkpt>
      <trkpt lat="46.85908833" lon="16.664755">
        <ele>226.9</ele>
        <time>2025-07-16T13:25:34Z</time>
      </trkpt>
      <trkpt lat="46.85915667" lon="16.66493667">
        <ele>226.3</ele>
        <time>2025-07-16T13:25:35Z</time>
      </trkpt>
      <trkpt lat="46.85922333" lon="16.66510333">
        <ele>225.8</ele>
        <time>2025-07-16T13:25:36Z</time>
      </trkpt>
      <trkpt lat="46.85928667" lon="16.66528667">
        <ele>226.1</ele>
        <time>2025-07-16T13:25:37Z</time>
      </trkpt>
      <trkpt lat="46.859355" lon="16.66547">
        <ele>226.1</ele>
        <time>2025-07-16T13:25:38Z</time>
      </trkpt>
      <trkpt lat="46.85942667" lon="16.665655">
        <ele>227.5</ele>
        <time>2025-07-16T13:25:39Z</time>
      </trkpt>
      <trkpt lat="46.85950333" lon="16.665845">
        <ele>227.7</ele>
        <time>2025-07-16T13:25:40Z</time>
      </trkpt>
      <trkpt lat="46.85957833" lon="16.66603833">
        <ele>227.2</ele>
        <time>2025-07-16T13:25:41Z</time>
      </trkpt>
      <trkpt lat="46.859645" lon="16.66624">
        <ele>227.3</ele>
        <time>2025-07-16T13:25:42Z</time>
      </trkpt>
      <trkpt lat="46.85971667" lon="16.66644333">
        <ele>227.6</ele>
        <time>2025-07-16T13:25:43Z</time>
      </trkpt>
      <trkpt lat="46.85979" lon="16.66664167">
        <ele>227.4</ele>
        <time>2025-07-16T13:25:44Z</time>
      </trkpt>
      <trkpt lat="46.85986333" lon="16.66684333">
        <ele>227.2</ele>
        <time>2025-07-16T13:25:45Z</time>
      </trkpt>
      <trkpt lat="46.85994167" lon="16.667055">
        <ele>227.2</ele>
        <time>2025-07-16T13:25:46Z</time>
      </trkpt>
      <trkpt lat="46.86001333" lon="16.66725167">
        <ele>226.8</ele>
        <time>2025-07-16T13:25:47Z</time>
      </trkpt>
      <trkpt lat="46.86009167" lon="16.66746667">
        <ele>227</ele>
        <time>2025-07-16T13:25:48Z</time>
      </trkpt>
      <trkpt lat="46.86016333" lon="16.66767">
        <ele>226.5</ele>
        <time>2025-07-16T13:25:49Z</time>
      </trkpt>
      <trkpt lat="46.860245" lon="16.667885">
        <ele>226.4</ele>
        <time>2025-07-16T13:25:50Z</time>
      </trkpt>
      <trkpt lat="46.86033" lon="16.66810167">
        <ele>226.7</ele>
        <time>2025-07-16T13:25:51Z</time>
      </trkpt>
      <trkpt lat="46.86041833" lon="16.66831167">
        <ele>225.5</ele>
        <time>2025-07-16T13:25:52Z</time>
      </trkpt>
      <trkpt lat="46.860505" lon="16.66854">
        <ele>224.4</ele>
        <time>2025-07-16T13:25:53Z</time>
      </trkpt>
      <trkpt lat="46.86059167" lon="16.66876333">
        <ele>224.2</ele>
        <time>2025-07-16T13:25:54Z</time>
      </trkpt>
      <trkpt lat="46.86067667" lon="16.66899167">
        <ele>223.7</ele>
        <time>2025-07-16T13:25:55Z</time>
      </trkpt>
      <trkpt lat="46.86076333" lon="16.66921833">
        <ele>224.1</ele>
        <time>2025-07-16T13:25:56Z</time>
      </trkpt>
      <trkpt lat="46.86085" lon="16.669445">
        <ele>224.5</ele>
        <time>2025-07-16T13:25:57Z</time>
      </trkpt>
      <trkpt lat="46.86093833" lon="16.66967833">
        <ele>224.6</ele>
        <time>2025-07-16T13:25:58Z</time>
      </trkpt>
      <trkpt lat="46.86102667" lon="16.66991833">
        <ele>224.7</ele>
        <time>2025-07-16T13:25:59Z</time>
      </trkpt>
      <trkpt lat="46.86120833" lon="16.6704">
        <ele>224.7</ele>
        <time>2025-07-16T13:26:01Z</time>
      </trkpt>
      <trkpt lat="46.86130333" lon="16.67065667">
        <ele>224.5</ele>
        <time>2025-07-16T13:26:02Z</time>
      </trkpt>
      <trkpt lat="46.86139667" lon="16.67092667">
        <ele>224.2</ele>
        <time>2025-07-16T13:26:03Z</time>
      </trkpt>
      <trkpt lat="46.86148667" lon="16.67117333">
        <ele>223.5</ele>
        <time>2025-07-16T13:26:04Z</time>
      </trkpt>
      <trkpt lat="46.86156667" lon="16.67141333">
        <ele>224.7</ele>
        <time>2025-07-16T13:26:05Z</time>
      </trkpt>
      <trkpt lat="46.86165667" lon="16.671655">
        <ele>224.1</ele>
        <time>2025-07-16T13:26:06Z</time>
      </trkpt>
      <trkpt lat="46.86175167" lon="16.67190167">
        <ele>223.9</ele>
        <time>2025-07-16T13:26:07Z</time>
      </trkpt>
      <trkpt lat="46.86184833" lon="16.67215167">
        <ele>222.9</ele>
        <time>2025-07-16T13:26:08Z</time>
      </trkpt>
      <trkpt lat="46.861945" lon="16.67241">
        <ele>222.4</ele>
        <time>2025-07-16T13:26:09Z</time>
      </trkpt>
      <trkpt lat="46.86203833" lon="16.67267167">
        <ele>222.2</ele>
        <time>2025-07-16T13:26:10Z</time>
      </trkpt>
      <trkpt lat="46.86213333" lon="16.67293667">
        <ele>222.4</ele>
        <time>2025-07-16T13:26:11Z</time>
      </trkpt>
      <trkpt lat="46.862235" lon="16.67320333">
        <ele>222.6</ele>
        <time>2025-07-16T13:26:12Z</time>
      </trkpt>
      <trkpt lat="46.86233833" lon="16.67346333">
        <ele>222.5</ele>
        <time>2025-07-16T13:26:13Z</time>
      </trkpt>
      <trkpt lat="46.86243167" lon="16.673735">
        <ele>222.5</ele>
        <time>2025-07-16T13:26:14Z</time>
      </trkpt>
      <trkpt lat="46.862525" lon="16.674005">
        <ele>223.6</ele>
        <time>2025-07-16T13:26:15Z</time>
      </trkpt>
      <trkpt lat="46.86262" lon="16.67427">
        <ele>223.9</ele>
        <time>2025-07-16T13:26:16Z</time>
      </trkpt>
      <trkpt lat="46.86272167" lon="16.67456167">
        <ele>225.6</ele>
        <time>2025-07-16T13:26:17Z</time>
      </trkpt>
      <trkpt lat="46.86281667" lon="16.67484333">
        <ele>226.3</ele>
        <time>2025-07-16T13:26:18Z</time>
      </trkpt>
      <trkpt lat="46.86289667" lon="16.67514">
        <ele>226.4</ele>
        <time>2025-07-16T13:26:19Z</time>
      </trkpt>
      <trkpt lat="46.862985" lon="16.67543167">
        <ele>225.6</ele>
        <time>2025-07-16T13:26:20Z</time>
      </trkpt>
      <trkpt lat="46.86307333" lon="16.675735">
        <ele>225.9</ele>
        <time>2025-07-16T13:26:21Z</time>
      </trkpt>
      <trkpt lat="46.86315167" lon="16.676035">
        <ele>225.1</ele>
        <time>2025-07-16T13:26:22Z</time>
      </trkpt>
      <trkpt lat="46.86322667" lon="16.676325">
        <ele>224.4</ele>
        <time>2025-07-16T13:26:23Z</time>
      </trkpt>
      <trkpt lat="46.8633" lon="16.67664">
        <ele>225.1</ele>
        <time>2025-07-16T13:26:24Z</time>
      </trkpt>
      <trkpt lat="46.86336667" lon="16.67692833">
        <ele>224.3</ele>
        <time>2025-07-16T13:26:25Z</time>
      </trkpt>
      <trkpt lat="46.86342667" lon="16.67723667">
        <ele>225.8</ele>
        <time>2025-07-16T13:26:26Z</time>
      </trkpt>
      <trkpt lat="46.863485" lon="16.67754333">
        <ele>225.9</ele>
        <time>2025-07-16T13:26:27Z</time>
      </trkpt>
      <trkpt lat="46.863545" lon="16.67786667">
        <ele>226.1</ele>
        <time>2025-07-16T13:26:28Z</time>
      </trkpt>
      <trkpt lat="46.86359667" lon="16.67819833">
        <ele>225.6</ele>
        <time>2025-07-16T13:26:29Z</time>
      </trkpt>
      <trkpt lat="46.86364667" lon="16.67852667">
        <ele>225.6</ele>
        <time>2025-07-16T13:26:30Z</time>
      </trkpt>
      <trkpt lat="46.86368667" lon="16.67885833">
        <ele>227.5</ele>
        <time>2025-07-16T13:26:31Z</time>
      </trkpt>
      <trkpt lat="46.86372333" lon="16.67918667">
        <ele>229.2</ele>
        <time>2025-07-16T13:26:32Z</time>
      </trkpt>
      <trkpt lat="46.86376333" lon="16.67951667">
        <ele>230.1</ele>
        <time>2025-07-16T13:26:33Z</time>
      </trkpt>
      <trkpt lat="46.8638" lon="16.67984333">
        <ele>228.4</ele>
        <time>2025-07-16T13:26:34Z</time>
      </trkpt>
      <trkpt lat="46.863835" lon="16.68019333">
        <ele>230.9</ele>
        <time>2025-07-16T13:26:35Z</time>
      </trkpt>
      <trkpt lat="46.86387" lon="16.68053167">
        <ele>230.2</ele>
        <time>2025-07-16T13:26:36Z</time>
      </trkpt>
      <trkpt lat="46.86389" lon="16.680885">
        <ele>231.3</ele>
        <time>2025-07-16T13:26:37Z</time>
      </trkpt>
      <trkpt lat="46.863915" lon="16.68122833">
        <ele>229.9</ele>
        <time>2025-07-16T13:26:38Z</time>
      </trkpt>
      <trkpt lat="46.86392833" lon="16.68157167">
        <ele>227.6</ele>
        <time>2025-07-16T13:26:39Z</time>
      </trkpt>
      <trkpt lat="46.86393833" lon="16.68192167">
        <ele>227</ele>
        <time>2025-07-16T13:26:40Z</time>
      </trkpt>
      <trkpt lat="46.863935" lon="16.68227667">
        <ele>226.5</ele>
        <time>2025-07-16T13:26:41Z</time>
      </trkpt>
      <trkpt lat="46.86393333" lon="16.68262333">
        <ele>226.8</ele>
        <time>2025-07-16T13:26:42Z</time>
      </trkpt>
      <trkpt lat="46.86391667" lon="16.68297333">
        <ele>227.6</ele>
        <time>2025-07-16T13:26:43Z</time>
      </trkpt>
      <trkpt lat="46.86391167" lon="16.68329833">
        <ele>227.7</ele>
        <time>2025-07-16T13:26:44Z</time>
      </trkpt>
      <trkpt lat="46.86391" lon="16.68364333">
        <ele>226.9</ele>
        <time>2025-07-16T13:26:45Z</time>
      </trkpt>
      <trkpt lat="46.86389833" lon="16.68399667">
        <ele>227.2</ele>
        <time>2025-07-16T13:26:46Z</time>
      </trkpt>
      <trkpt lat="46.86389167" lon="16.68433833">
        <ele>226.8</ele>
        <time>2025-07-16T13:26:47Z</time>
      </trkpt>
      <trkpt lat="46.86389167" lon="16.68468667">
        <ele>226.1</ele>
        <time>2025-07-16T13:26:48Z</time>
      </trkpt>
      <trkpt lat="46.86389167" lon="16.68502167">
        <ele>225.7</ele>
        <time>2025-07-16T13:26:49Z</time>
      </trkpt>
      <trkpt lat="46.863885" lon="16.68536167">
        <ele>225.3</ele>
        <time>2025-07-16T13:26:50Z</time>
      </trkpt>
      <trkpt lat="46.8639" lon="16.68572333">
        <ele>225.3</ele>
        <time>2025-07-16T13:26:51Z</time>
      </trkpt>
      <trkpt lat="46.86390833" lon="16.68604333">
        <ele>225.2</ele>
        <time>2025-07-16T13:26:52Z</time>
      </trkpt>
      <trkpt lat="46.86392667" lon="16.68637667">
        <ele>226.8</ele>
        <time>2025-07-16T13:26:53Z</time>
      </trkpt>
      <trkpt lat="46.86395667" lon="16.68671833">
        <ele>227.8</ele>
        <time>2025-07-16T13:26:54Z</time>
      </trkpt>
      <trkpt lat="46.86399" lon="16.68706167">
        <ele>228.5</ele>
        <time>2025-07-16T13:26:55Z</time>
      </trkpt>
      <trkpt lat="46.86401" lon="16.687385">
        <ele>228.1</ele>
        <time>2025-07-16T13:26:56Z</time>
      </trkpt>
      <trkpt lat="46.86404167" lon="16.68770667">
        <ele>228.2</ele>
        <time>2025-07-16T13:26:57Z</time>
      </trkpt>
      <trkpt lat="46.86408333" lon="16.688035">
        <ele>228.2</ele>
        <time>2025-07-16T13:26:58Z</time>
      </trkpt>
      <trkpt lat="46.86411833" lon="16.68836167">
        <ele>228.7</ele>
        <time>2025-07-16T13:26:59Z</time>
      </trkpt>
      <trkpt lat="46.86416667" lon="16.68868667">
        <ele>229.1</ele>
        <time>2025-07-16T13:27:00Z</time>
      </trkpt>
      <trkpt lat="46.86421167" lon="16.68901833">
        <ele>229.5</ele>
        <time>2025-07-16T13:27:01Z</time>
      </trkpt>
      <trkpt lat="46.86426833" lon="16.68935">
        <ele>229.1</ele>
        <time>2025-07-16T13:27:02Z</time>
      </trkpt>
      <trkpt lat="46.86432333" lon="16.68967167">
        <ele>228.2</ele>
        <time>2025-07-16T13:27:03Z</time>
      </trkpt>
      <trkpt lat="46.86438333" lon="16.68999833">
        <ele>227.6</ele>
        <time>2025-07-16T13:27:04Z</time>
      </trkpt>
      <trkpt lat="46.86445" lon="16.69031833">
        <ele>226.6</ele>
        <time>2025-07-16T13:27:05Z</time>
      </trkpt>
      <trkpt lat="46.86451333" lon="16.69062833">
        <ele>225.5</ele>
        <time>2025-07-16T13:27:06Z</time>
      </trkpt>
      <trkpt lat="46.86458167" lon="16.69094667">
        <ele>225.1</ele>
        <time>2025-07-16T13:27:07Z</time>
      </trkpt>
      <trkpt lat="46.86465833" lon="16.69125">
        <ele>223.4</ele>
        <time>2025-07-16T13:27:08Z</time>
      </trkpt>
      <trkpt lat="46.86473333" lon="16.691565">
        <ele>222.8</ele>
        <time>2025-07-16T13:27:09Z</time>
      </trkpt>
      <trkpt lat="46.86481333" lon="16.69187167">
        <ele>222.2</ele>
        <time>2025-07-16T13:27:10Z</time>
      </trkpt>
      <trkpt lat="46.864895" lon="16.69216">
        <ele>221.7</ele>
        <time>2025-07-16T13:27:11Z</time>
      </trkpt>
      <trkpt lat="46.86497833" lon="16.69245">
        <ele>221.2</ele>
        <time>2025-07-16T13:27:12Z</time>
      </trkpt>
      <trkpt lat="46.86507333" lon="16.69274667">
        <ele>221.3</ele>
        <time>2025-07-16T13:27:13Z</time>
      </trkpt>
      <trkpt lat="46.86517" lon="16.69304">
        <ele>219.9</ele>
        <time>2025-07-16T13:27:14Z</time>
      </trkpt>
      <trkpt lat="46.86527333" lon="16.69332833">
        <ele>219.5</ele>
        <time>2025-07-16T13:27:15Z</time>
      </trkpt>
      <trkpt lat="46.86538333" lon="16.69361833">
        <ele>220.2</ele>
        <time>2025-07-16T13:27:16Z</time>
      </trkpt>
      <trkpt lat="46.86549333" lon="16.69390333">
        <ele>221.1</ele>
        <time>2025-07-16T13:27:17Z</time>
      </trkpt>
      <trkpt lat="46.8656" lon="16.69417833">
        <ele>221.5</ele>
        <time>2025-07-16T13:27:18Z</time>
      </trkpt>
      <trkpt lat="46.86570667" lon="16.694465">
        <ele>224.6</ele>
        <time>2025-07-16T13:27:19Z</time>
      </trkpt>
      <trkpt lat="46.865815" lon="16.694745">
        <ele>225.5</ele>
        <time>2025-07-16T13:27:20Z</time>
      </trkpt>
      <trkpt lat="46.865925" lon="16.69501">
        <ele>225.4</ele>
        <time>2025-07-16T13:27:21Z</time>
      </trkpt>
      <trkpt lat="46.86603333" lon="16.695295">
        <ele>225.4</ele>
        <time>2025-07-16T13:27:22Z</time>
      </trkpt>
      <trkpt lat="46.86616" lon="16.69556167">
        <ele>225.7</ele>
        <time>2025-07-16T13:27:23Z</time>
      </trkpt>
      <trkpt lat="46.866285" lon="16.69582333">
        <ele>225.8</ele>
        <time>2025-07-16T13:27:24Z</time>
      </trkpt>
      <trkpt lat="46.86641667" lon="16.69607833">
        <ele>225.9</ele>
        <time>2025-07-16T13:27:25Z</time>
      </trkpt>
      <trkpt lat="46.86655833" lon="16.69633333">
        <ele>225.4</ele>
        <time>2025-07-16T13:27:26Z</time>
      </trkpt>
      <trkpt lat="46.86668333" lon="16.69658">
        <ele>225.2</ele>
        <time>2025-07-16T13:27:27Z</time>
      </trkpt>
      <trkpt lat="46.86682833" lon="16.696825">
        <ele>225.2</ele>
        <time>2025-07-16T13:27:28Z</time>
      </trkpt>
      <trkpt lat="46.86696667" lon="16.69706667">
        <ele>225.1</ele>
        <time>2025-07-16T13:27:29Z</time>
      </trkpt>
      <trkpt lat="46.86709333" lon="16.69728">
        <ele>225.7</ele>
        <time>2025-07-16T13:27:30Z</time>
      </trkpt>
      <trkpt lat="46.86724333" lon="16.69751333">
        <ele>224.1</ele>
        <time>2025-07-16T13:27:31Z</time>
      </trkpt>
      <trkpt lat="46.867385" lon="16.697745">
        <ele>224</ele>
        <time>2025-07-16T13:27:32Z</time>
      </trkpt>
      <trkpt lat="46.86752667" lon="16.69797">
        <ele>224.3</ele>
        <time>2025-07-16T13:27:33Z</time>
      </trkpt>
      <trkpt lat="46.86767167" lon="16.6982">
        <ele>222.9</ele>
        <time>2025-07-16T13:27:34Z</time>
      </trkpt>
      <trkpt lat="46.867815" lon="16.69843333">
        <ele>223</ele>
        <time>2025-07-16T13:27:35Z</time>
      </trkpt>
      <trkpt lat="46.86795" lon="16.69866667">
        <ele>222.9</ele>
        <time>2025-07-16T13:27:36Z</time>
      </trkpt>
      <trkpt lat="46.86809" lon="16.698895">
        <ele>223</ele>
        <time>2025-07-16T13:27:37Z</time>
      </trkpt>
      <trkpt lat="46.86822833" lon="16.699125">
        <ele>222.4</ele>
        <time>2025-07-16T13:27:38Z</time>
      </trkpt>
      <trkpt lat="46.868365" lon="16.69936667">
        <ele>221.6</ele>
        <time>2025-07-16T13:27:39Z</time>
      </trkpt>
      <trkpt lat="46.8685" lon="16.69960833">
        <ele>220.8</ele>
        <time>2025-07-16T13:27:40Z</time>
      </trkpt>
      <trkpt lat="46.86863" lon="16.69985667">
        <ele>220.8</ele>
        <time>2025-07-16T13:27:41Z</time>
      </trkpt>
      <trkpt lat="46.868755" lon="16.700105">
        <ele>220.5</ele>
        <time>2025-07-16T13:27:42Z</time>
      </trkpt>
      <trkpt lat="46.868875" lon="16.70035333">
        <ele>220.6</ele>
        <time>2025-07-16T13:27:43Z</time>
      </trkpt>
      <trkpt lat="46.86899167" lon="16.70059667">
        <ele>220.5</ele>
        <time>2025-07-16T13:27:44Z</time>
      </trkpt>
      <trkpt lat="46.869115" lon="16.700845">
        <ele>221.1</ele>
        <time>2025-07-16T13:27:45Z</time>
      </trkpt>
      <trkpt lat="46.86923167" lon="16.70111833">
        <ele>220.6</ele>
        <time>2025-07-16T13:27:46Z</time>
      </trkpt>
      <trkpt lat="46.86934333" lon="16.70138333">
        <ele>219.3</ele>
        <time>2025-07-16T13:27:47Z</time>
      </trkpt>
      <trkpt lat="46.86944667" lon="16.70165167">
        <ele>218.9</ele>
        <time>2025-07-16T13:27:48Z</time>
      </trkpt>
      <trkpt lat="46.86954333" lon="16.701905">
        <ele>218.1</ele>
        <time>2025-07-16T13:27:49Z</time>
      </trkpt>
      <trkpt lat="46.869635" lon="16.702165">
        <ele>219.5</ele>
        <time>2025-07-16T13:27:50Z</time>
      </trkpt>
      <trkpt lat="46.86973667" lon="16.70243167">
        <ele>218.2</ele>
        <time>2025-07-16T13:27:51Z</time>
      </trkpt>
      <trkpt lat="46.86982833" lon="16.70269833">
        <ele>217.6</ele>
        <time>2025-07-16T13:27:52Z</time>
      </trkpt>
      <trkpt lat="46.86991" lon="16.70296667">
        <ele>217.5</ele>
        <time>2025-07-16T13:27:53Z</time>
      </trkpt>
      <trkpt lat="46.86999333" lon="16.70324667">
        <ele>217.3</ele>
        <time>2025-07-16T13:27:54Z</time>
      </trkpt>
      <trkpt lat="46.87007333" lon="16.703535">
        <ele>219.5</ele>
        <time>2025-07-16T13:27:55Z</time>
      </trkpt>
      <trkpt lat="46.87015833" lon="16.70380667">
        <ele>218.3</ele>
        <time>2025-07-16T13:27:56Z</time>
      </trkpt>
      <trkpt lat="46.87023833" lon="16.70407333">
        <ele>216.3</ele>
        <time>2025-07-16T13:27:57Z</time>
      </trkpt>
      <trkpt lat="46.870305" lon="16.70434833">
        <ele>216.1</ele>
        <time>2025-07-16T13:27:58Z</time>
      </trkpt>
      <trkpt lat="46.870385" lon="16.70462833">
        <ele>216.5</ele>
        <time>2025-07-16T13:27:59Z</time>
      </trkpt>
      <trkpt lat="46.87045167" lon="16.704915">
        <ele>216.4</ele>
        <time>2025-07-16T13:28:00Z</time>
      </trkpt>
      <trkpt lat="46.870515" lon="16.70519167">
        <ele>216.6</ele>
        <time>2025-07-16T13:28:01Z</time>
      </trkpt>
      <trkpt lat="46.87058167" lon="16.70547667">
        <ele>221.1</ele>
        <time>2025-07-16T13:28:02Z</time>
      </trkpt>
      <trkpt lat="46.87065" lon="16.70574167">
        <ele>221.4</ele>
        <time>2025-07-16T13:28:03Z</time>
      </trkpt>
      <trkpt lat="46.87070833" lon="16.70600667">
        <ele>221.7</ele>
        <time>2025-07-16T13:28:04Z</time>
      </trkpt>
      <trkpt lat="46.87076167" lon="16.70626667">
        <ele>221</ele>
        <time>2025-07-16T13:28:05Z</time>
      </trkpt>
      <trkpt lat="46.87080833" lon="16.70653">
        <ele>222.6</ele>
        <time>2025-07-16T13:28:06Z</time>
      </trkpt>
      <trkpt lat="46.870855" lon="16.70679167">
        <ele>222.4</ele>
        <time>2025-07-16T13:28:07Z</time>
      </trkpt>
      <trkpt lat="46.87090333" lon="16.70704">
        <ele>220.6</ele>
        <time>2025-07-16T13:28:08Z</time>
      </trkpt>
      <trkpt lat="46.87094833" lon="16.707295">
        <ele>221.2</ele>
        <time>2025-07-16T13:28:09Z</time>
      </trkpt>
      <trkpt lat="46.871005" lon="16.70754833">
        <ele>220.8</ele>
        <time>2025-07-16T13:28:10Z</time>
      </trkpt>
      <trkpt lat="46.87105333" lon="16.707815">
        <ele>220.5</ele>
        <time>2025-07-16T13:28:11Z</time>
      </trkpt>
      <trkpt lat="46.87108833" lon="16.708045">
        <ele>219.9</ele>
        <time>2025-07-16T13:28:12Z</time>
      </trkpt>
      <trkpt lat="46.87113833" lon="16.70828167">
        <ele>219.6</ele>
        <time>2025-07-16T13:28:13Z</time>
      </trkpt>
      <trkpt lat="46.87118167" lon="16.70850333">
        <ele>219.8</ele>
        <time>2025-07-16T13:28:14Z</time>
      </trkpt>
      <trkpt lat="46.871225" lon="16.70872833">
        <ele>220.4</ele>
        <time>2025-07-16T13:28:15Z</time>
      </trkpt>
      <trkpt lat="46.87127667" lon="16.708955">
        <ele>220.2</ele>
        <time>2025-07-16T13:28:16Z</time>
      </trkpt>
      <trkpt lat="46.87132" lon="16.70917667">
        <ele>219.7</ele>
        <time>2025-07-16T13:28:17Z</time>
      </trkpt>
      <trkpt lat="46.87136333" lon="16.70937833">
        <ele>219.2</ele>
        <time>2025-07-16T13:28:18Z</time>
      </trkpt>
      <trkpt lat="46.87140833" lon="16.70958">
        <ele>219</ele>
        <time>2025-07-16T13:28:19Z</time>
      </trkpt>
      <trkpt lat="46.87144667" lon="16.70979">
        <ele>222.9</ele>
        <time>2025-07-16T13:28:20Z</time>
      </trkpt>
      <trkpt lat="46.87148167" lon="16.709975">
        <ele>225.1</ele>
        <time>2025-07-16T13:28:21Z</time>
      </trkpt>
      <trkpt lat="46.87151833" lon="16.71014167">
        <ele>225.3</ele>
        <time>2025-07-16T13:28:22Z</time>
      </trkpt>
      <trkpt lat="46.871575" lon="16.71031833">
        <ele>224.1</ele>
        <time>2025-07-16T13:28:23Z</time>
      </trkpt>
      <trkpt lat="46.87162" lon="16.71049167">
        <ele>223</ele>
        <time>2025-07-16T13:28:24Z</time>
      </trkpt>
      <trkpt lat="46.87166667" lon="16.71065667">
        <ele>221.7</ele>
        <time>2025-07-16T13:28:25Z</time>
      </trkpt>
      <trkpt lat="46.87170333" lon="16.71081667">
        <ele>220.3</ele>
        <time>2025-07-16T13:28:26Z</time>
      </trkpt>
      <trkpt lat="46.87174333" lon="16.71096167">
        <ele>219.5</ele>
        <time>2025-07-16T13:28:27Z</time>
      </trkpt>
      <trkpt lat="46.87178167" lon="16.71110333">
        <ele>219.5</ele>
        <time>2025-07-16T13:28:28Z</time>
      </trkpt>
      <trkpt lat="46.87182167" lon="16.71124167">
        <ele>219.6</ele>
        <time>2025-07-16T13:28:29Z</time>
      </trkpt>
      <trkpt lat="46.87188333" lon="16.71147167">
        <ele>220.2</ele>
        <time>2025-07-16T13:28:31Z</time>
      </trkpt>
      <trkpt lat="46.87193667" lon="16.71167167">
        <ele>220.7</ele>
        <time>2025-07-16T13:28:33Z</time>
      </trkpt>
      <trkpt lat="46.87198833" lon="16.711845">
        <ele>220.9</ele>
        <time>2025-07-16T13:28:35Z</time>
      </trkpt>
      <trkpt lat="46.87203333" lon="16.71200167">
        <ele>220.5</ele>
        <time>2025-07-16T13:28:37Z</time>
      </trkpt>
      <trkpt lat="46.87207333" lon="16.71216833">
        <ele>220.1</ele>
        <time>2025-07-16T13:28:39Z</time>
      </trkpt>
      <trkpt lat="46.87211667" lon="16.71231667">
        <ele>221</ele>
        <time>2025-07-16T13:28:41Z</time>
      </trkpt>
      <trkpt lat="46.87215333" lon="16.71247167">
        <ele>221.5</ele>
        <time>2025-07-16T13:28:43Z</time>
      </trkpt>
      <trkpt lat="46.87221167" lon="16.71261167">
        <ele>221.7</ele>
        <time>2025-07-16T13:28:45Z</time>
      </trkpt>
      <trkpt lat="46.87227667" lon="16.712775">
        <ele>219.6</ele>
        <time>2025-07-16T13:28:47Z</time>
      </trkpt>
      <trkpt lat="46.87233833" lon="16.71293167">
        <ele>216.5</ele>
        <time>2025-07-16T13:28:49Z</time>
      </trkpt>
      <trkpt lat="46.87240667" lon="16.71312">
        <ele>214.1</ele>
        <time>2025-07-16T13:28:51Z</time>
      </trkpt>
      <trkpt lat="46.872475" lon="16.71333167">
        <ele>213.5</ele>
        <time>2025-07-16T13:28:53Z</time>
      </trkpt>
      <trkpt lat="46.87252" lon="16.71345167">
        <ele>213.4</ele>
        <time>2025-07-16T13:28:54Z</time>
      </trkpt>
      <trkpt lat="46.87256167" lon="16.71357833">
        <ele>213.3</ele>
        <time>2025-07-16T13:28:55Z</time>
      </trkpt>
      <trkpt lat="46.87264667" lon="16.71382">
        <ele>212.7</ele>
        <time>2025-07-16T13:28:57Z</time>
      </trkpt>
      <trkpt lat="46.872695" lon="16.71395167">
        <ele>213.6</ele>
        <time>2025-07-16T13:28:58Z</time>
      </trkpt>
      <trkpt lat="46.87274167" lon="16.71408667">
        <ele>213.9</ele>
        <time>2025-07-16T13:28:59Z</time>
      </trkpt>
      <trkpt lat="46.87279167" lon="16.71423833">
        <ele>214.3</ele>
        <time>2025-07-16T13:29:00Z</time>
      </trkpt>
      <trkpt lat="46.87283833" lon="16.714385">
        <ele>214.8</ele>
        <time>2025-07-16T13:29:01Z</time>
      </trkpt>
      <trkpt lat="46.87288833" lon="16.71453667">
        <ele>215</ele>
        <time>2025-07-16T13:29:02Z</time>
      </trkpt>
      <trkpt lat="46.87293833" lon="16.71469167">
        <ele>214.8</ele>
        <time>2025-07-16T13:29:03Z</time>
      </trkpt>
      <trkpt lat="46.87299167" lon="16.71485333">
        <ele>214.7</ele>
        <time>2025-07-16T13:29:04Z</time>
      </trkpt>
      <trkpt lat="46.87304667" lon="16.71501667">
        <ele>214.7</ele>
        <time>2025-07-16T13:29:05Z</time>
      </trkpt>
      <trkpt lat="46.87310833" lon="16.71518333">
        <ele>214.8</ele>
        <time>2025-07-16T13:29:06Z</time>
      </trkpt>
      <trkpt lat="46.87316833" lon="16.715355">
        <ele>214.8</ele>
        <time>2025-07-16T13:29:07Z</time>
      </trkpt>
      <trkpt lat="46.87322833" lon="16.715535">
        <ele>214.8</ele>
        <time>2025-07-16T13:29:08Z</time>
      </trkpt>
      <trkpt lat="46.87328167" lon="16.71571667">
        <ele>215.5</ele>
        <time>2025-07-16T13:29:09Z</time>
      </trkpt>
      <trkpt lat="46.873345" lon="16.71589833">
        <ele>216</ele>
        <time>2025-07-16T13:29:10Z</time>
      </trkpt>
      <trkpt lat="46.87341" lon="16.71607333">
        <ele>216.4</ele>
        <time>2025-07-16T13:29:11Z</time>
      </trkpt>
      <trkpt lat="46.873465" lon="16.71626167">
        <ele>216.5</ele>
        <time>2025-07-16T13:29:12Z</time>
      </trkpt>
      <trkpt lat="46.873525" lon="16.71646167">
        <ele>216.8</ele>
        <time>2025-07-16T13:29:13Z</time>
      </trkpt>
      <trkpt lat="46.87359833" lon="16.716675">
        <ele>219.9</ele>
        <time>2025-07-16T13:29:14Z</time>
      </trkpt>
      <trkpt lat="46.87366667" lon="16.71687333">
        <ele>220</ele>
        <time>2025-07-16T13:29:15Z</time>
      </trkpt>
      <trkpt lat="46.87373167" lon="16.71707667">
        <ele>220</ele>
        <time>2025-07-16T13:29:16Z</time>
      </trkpt>
      <trkpt lat="46.87380333" lon="16.71728667">
        <ele>219.8</ele>
        <time>2025-07-16T13:29:17Z</time>
      </trkpt>
      <trkpt lat="46.87387333" lon="16.71749">
        <ele>220.3</ele>
        <time>2025-07-16T13:29:18Z</time>
      </trkpt>
      <trkpt lat="46.87394833" lon="16.71769833">
        <ele>220.7</ele>
        <time>2025-07-16T13:29:19Z</time>
      </trkpt>
      <trkpt lat="46.87402" lon="16.71791667">
        <ele>221.2</ele>
        <time>2025-07-16T13:29:20Z</time>
      </trkpt>
      <trkpt lat="46.87409667" lon="16.71813667">
        <ele>221.4</ele>
        <time>2025-07-16T13:29:21Z</time>
      </trkpt>
      <trkpt lat="46.87417" lon="16.718355">
        <ele>221.8</ele>
        <time>2025-07-16T13:29:22Z</time>
      </trkpt>
      <trkpt lat="46.87424" lon="16.718585">
        <ele>221.6</ele>
        <time>2025-07-16T13:29:23Z</time>
      </trkpt>
      <trkpt lat="46.87431167" lon="16.718815">
        <ele>221.3</ele>
        <time>2025-07-16T13:29:24Z</time>
      </trkpt>
      <trkpt lat="46.874375" lon="16.71903833">
        <ele>221.4</ele>
        <time>2025-07-16T13:29:25Z</time>
      </trkpt>
      <trkpt lat="46.87445" lon="16.71927">
        <ele>222.9</ele>
        <time>2025-07-16T13:29:26Z</time>
      </trkpt>
      <trkpt lat="46.87452667" lon="16.71948667">
        <ele>223.9</ele>
        <time>2025-07-16T13:29:27Z</time>
      </trkpt>
      <trkpt lat="46.87460833" lon="16.71972">
        <ele>224.2</ele>
        <time>2025-07-16T13:29:28Z</time>
      </trkpt>
      <trkpt lat="46.874685" lon="16.71994667">
        <ele>223</ele>
        <time>2025-07-16T13:29:29Z</time>
      </trkpt>
      <trkpt lat="46.87476167" lon="16.72017833">
        <ele>221.7</ele>
        <time>2025-07-16T13:29:30Z</time>
      </trkpt>
      <trkpt lat="46.87483667" lon="16.72040167">
        <ele>219.8</ele>
        <time>2025-07-16T13:29:31Z</time>
      </trkpt>
      <trkpt lat="46.87491667" lon="16.72063833">
        <ele>220.7</ele>
        <time>2025-07-16T13:29:32Z</time>
      </trkpt>
      <trkpt lat="46.875" lon="16.720885">
        <ele>220.8</ele>
        <time>2025-07-16T13:29:33Z</time>
      </trkpt>
      <trkpt lat="46.87507667" lon="16.72113167">
        <ele>221.2</ele>
        <time>2025-07-16T13:29:34Z</time>
      </trkpt>
      <trkpt lat="46.87515333" lon="16.72137833">
        <ele>220.8</ele>
        <time>2025-07-16T13:29:35Z</time>
      </trkpt>
      <trkpt lat="46.87523667" lon="16.721625">
        <ele>220.5</ele>
        <time>2025-07-16T13:29:36Z</time>
      </trkpt>
      <trkpt lat="46.87531833" lon="16.72187667">
        <ele>218</ele>
        <time>2025-07-16T13:29:37Z</time>
      </trkpt>
      <trkpt lat="46.875395" lon="16.72213833">
        <ele>219.1</ele>
        <time>2025-07-16T13:29:38Z</time>
      </trkpt>
      <trkpt lat="46.87547" lon="16.72240333">
        <ele>220.2</ele>
        <time>2025-07-16T13:29:39Z</time>
      </trkpt>
      <trkpt lat="46.87554333" lon="16.72267333">
        <ele>220.2</ele>
        <time>2025-07-16T13:29:40Z</time>
      </trkpt>
      <trkpt lat="46.87561667" lon="16.722945">
        <ele>219.5</ele>
        <time>2025-07-16T13:29:41Z</time>
      </trkpt>
      <trkpt lat="46.875685" lon="16.72323">
        <ele>220</ele>
        <time>2025-07-16T13:29:42Z</time>
      </trkpt>
      <trkpt lat="46.875755" lon="16.72350333">
        <ele>219.8</ele>
        <time>2025-07-16T13:29:43Z</time>
      </trkpt>
      <trkpt lat="46.87581667" lon="16.72379333">
        <ele>220.1</ele>
        <time>2025-07-16T13:29:44Z</time>
      </trkpt>
      <trkpt lat="46.875875" lon="16.72407667">
        <ele>220.3</ele>
        <time>2025-07-16T13:29:45Z</time>
      </trkpt>
      <trkpt lat="46.875935" lon="16.724365">
        <ele>220.8</ele>
        <time>2025-07-16T13:29:46Z</time>
      </trkpt>
      <trkpt lat="46.87599167" lon="16.72465333">
        <ele>220.2</ele>
        <time>2025-07-16T13:29:47Z</time>
      </trkpt>
      <trkpt lat="46.87603333" lon="16.72493833">
        <ele>219.8</ele>
        <time>2025-07-16T13:29:48Z</time>
      </trkpt>
      <trkpt lat="46.87607833" lon="16.72522833">
        <ele>219.2</ele>
        <time>2025-07-16T13:29:49Z</time>
      </trkpt>
      <trkpt lat="46.87612333" lon="16.72553833">
        <ele>219.8</ele>
        <time>2025-07-16T13:29:50Z</time>
      </trkpt>
      <trkpt lat="46.87616333" lon="16.72584167">
        <ele>222.7</ele>
        <time>2025-07-16T13:29:51Z</time>
      </trkpt>
      <trkpt lat="46.87620667" lon="16.72614333">
        <ele>222.3</ele>
        <time>2025-07-16T13:29:52Z</time>
      </trkpt>
      <trkpt lat="46.87624667" lon="16.726455">
        <ele>222.2</ele>
        <time>2025-07-16T13:29:53Z</time>
      </trkpt>
      <trkpt lat="46.87627" lon="16.72675167">
        <ele>223.4</ele>
        <time>2025-07-16T13:29:54Z</time>
      </trkpt>
      <trkpt lat="46.876295" lon="16.72706833">
        <ele>223.2</ele>
        <time>2025-07-16T13:29:55Z</time>
      </trkpt>
      <trkpt lat="46.876325" lon="16.72738667">
        <ele>222.4</ele>
        <time>2025-07-16T13:29:56Z</time>
      </trkpt>
      <trkpt lat="46.87633333" lon="16.72770667">
        <ele>224.7</ele>
        <time>2025-07-16T13:29:57Z</time>
      </trkpt>
      <trkpt lat="46.87636833" lon="16.72803667">
        <ele>224.2</ele>
        <time>2025-07-16T13:29:58Z</time>
      </trkpt>
      <trkpt lat="46.87638" lon="16.72835167">
        <ele>225.4</ele>
        <time>2025-07-16T13:29:59Z</time>
      </trkpt>
      <trkpt lat="46.87638667" lon="16.72866333">
        <ele>225.2</ele>
        <time>2025-07-16T13:30:00Z</time>
      </trkpt>
      <trkpt lat="46.87639833" lon="16.72898667">
        <ele>224.5</ele>
        <time>2025-07-16T13:30:01Z</time>
      </trkpt>
      <trkpt lat="46.87639833" lon="16.72928">
        <ele>223.5</ele>
        <time>2025-07-16T13:30:02Z</time>
      </trkpt>
      <trkpt lat="46.87640167" lon="16.72959167">
        <ele>223.4</ele>
        <time>2025-07-16T13:30:03Z</time>
      </trkpt>
      <trkpt lat="46.87639333" lon="16.72990167">
        <ele>222.1</ele>
        <time>2025-07-16T13:30:04Z</time>
      </trkpt>
      <trkpt lat="46.87638833" lon="16.73022">
        <ele>220.8</ele>
        <time>2025-07-16T13:30:05Z</time>
      </trkpt>
      <trkpt lat="46.87637" lon="16.73052333">
        <ele>221.1</ele>
        <time>2025-07-16T13:30:06Z</time>
      </trkpt>
      <trkpt lat="46.876355" lon="16.73083333">
        <ele>221.3</ele>
        <time>2025-07-16T13:30:07Z</time>
      </trkpt>
      <trkpt lat="46.87633667" lon="16.73112">
        <ele>220</ele>
        <time>2025-07-16T13:30:08Z</time>
      </trkpt>
      <trkpt lat="46.8763" lon="16.73143833">
        <ele>219.9</ele>
        <time>2025-07-16T13:30:09Z</time>
      </trkpt>
      <trkpt lat="46.87626667" lon="16.73175">
        <ele>220.1</ele>
        <time>2025-07-16T13:30:10Z</time>
      </trkpt>
      <trkpt lat="46.87623833" lon="16.732035">
        <ele>220.6</ele>
        <time>2025-07-16T13:30:11Z</time>
      </trkpt>
      <trkpt lat="46.87621833" lon="16.73230333">
        <ele>219.9</ele>
        <time>2025-07-16T13:30:12Z</time>
      </trkpt>
      <trkpt lat="46.87618833" lon="16.73257667">
        <ele>218.3</ele>
        <time>2025-07-16T13:30:13Z</time>
      </trkpt>
      <trkpt lat="46.87615667" lon="16.73285833">
        <ele>217.3</ele>
        <time>2025-07-16T13:30:14Z</time>
      </trkpt>
      <trkpt lat="46.876125" lon="16.73312667">
        <ele>216.9</ele>
        <time>2025-07-16T13:30:15Z</time>
      </trkpt>
      <trkpt lat="46.87610167" lon="16.73338833">
        <ele>217.1</ele>
        <time>2025-07-16T13:30:16Z</time>
      </trkpt>
      <trkpt lat="46.87607667" lon="16.73365667">
        <ele>217.6</ele>
        <time>2025-07-16T13:30:17Z</time>
      </trkpt>
      <trkpt lat="46.876045" lon="16.73392167">
        <ele>217.8</ele>
        <time>2025-07-16T13:30:18Z</time>
      </trkpt>
      <trkpt lat="46.87601833" lon="16.73418167">
        <ele>218.4</ele>
        <time>2025-07-16T13:30:19Z</time>
      </trkpt>
      <trkpt lat="46.87599667" lon="16.73443833">
        <ele>218.8</ele>
        <time>2025-07-16T13:30:20Z</time>
      </trkpt>
      <trkpt lat="46.875965" lon="16.73468333">
        <ele>217.8</ele>
        <time>2025-07-16T13:30:21Z</time>
      </trkpt>
      <trkpt lat="46.87594167" lon="16.73492833">
        <ele>215.5</ele>
        <time>2025-07-16T13:30:22Z</time>
      </trkpt>
      <trkpt lat="46.87591667" lon="16.73517667">
        <ele>215.5</ele>
        <time>2025-07-16T13:30:23Z</time>
      </trkpt>
      <trkpt lat="46.87589" lon="16.73542667">
        <ele>215.6</ele>
        <time>2025-07-16T13:30:24Z</time>
      </trkpt>
      <trkpt lat="46.87586667" lon="16.735685">
        <ele>215.8</ele>
        <time>2025-07-16T13:30:25Z</time>
      </trkpt>
      <trkpt lat="46.87584167" lon="16.73593833">
        <ele>215.1</ele>
        <time>2025-07-16T13:30:26Z</time>
      </trkpt>
      <trkpt lat="46.87580833" lon="16.73618667">
        <ele>213.8</ele>
        <time>2025-07-16T13:30:27Z</time>
      </trkpt>
      <trkpt lat="46.87577333" lon="16.736435">
        <ele>213.4</ele>
        <time>2025-07-16T13:30:28Z</time>
      </trkpt>
      <trkpt lat="46.87574833" lon="16.73668833">
        <ele>213.9</ele>
        <time>2025-07-16T13:30:29Z</time>
      </trkpt>
      <trkpt lat="46.87572833" lon="16.73693167">
        <ele>214.1</ele>
        <time>2025-07-16T13:30:30Z</time>
      </trkpt>
      <trkpt lat="46.87570333" lon="16.73717667">
        <ele>214</ele>
        <time>2025-07-16T13:30:31Z</time>
      </trkpt>
      <trkpt lat="46.87567833" lon="16.73742">
        <ele>214.4</ele>
        <time>2025-07-16T13:30:32Z</time>
      </trkpt>
      <trkpt lat="46.87564833" lon="16.737675">
        <ele>216.3</ele>
        <time>2025-07-16T13:30:33Z</time>
      </trkpt>
      <trkpt lat="46.87562667" lon="16.737915">
        <ele>216.6</ele>
        <time>2025-07-16T13:30:34Z</time>
      </trkpt>
      <trkpt lat="46.87560167" lon="16.73814833">
        <ele>216.9</ele>
        <time>2025-07-16T13:30:35Z</time>
      </trkpt>
      <trkpt lat="46.87557167" lon="16.73838167">
        <ele>215.7</ele>
        <time>2025-07-16T13:30:36Z</time>
      </trkpt>
      <trkpt lat="46.87554" lon="16.73862333">
        <ele>216</ele>
        <time>2025-07-16T13:30:37Z</time>
      </trkpt>
      <trkpt lat="46.87552333" lon="16.73884667">
        <ele>215.2</ele>
        <time>2025-07-16T13:30:38Z</time>
      </trkpt>
      <trkpt lat="46.87549667" lon="16.73906667">
        <ele>214.9</ele>
        <time>2025-07-16T13:30:39Z</time>
      </trkpt>
      <trkpt lat="46.87545667" lon="16.73930833">
        <ele>221.8</ele>
        <time>2025-07-16T13:30:40Z</time>
      </trkpt>
      <trkpt lat="46.87543333" lon="16.73951167">
        <ele>221.1</ele>
        <time>2025-07-16T13:30:41Z</time>
      </trkpt>
      <trkpt lat="46.87542" lon="16.739715">
        <ele>219.9</ele>
        <time>2025-07-16T13:30:42Z</time>
      </trkpt>
      <trkpt lat="46.8754" lon="16.73991167">
        <ele>219.2</ele>
        <time>2025-07-16T13:30:43Z</time>
      </trkpt>
      <trkpt lat="46.87537333" lon="16.74010167">
        <ele>216.8</ele>
        <time>2025-07-16T13:30:44Z</time>
      </trkpt>
      <trkpt lat="46.87536167" lon="16.740295">
        <ele>216.6</ele>
        <time>2025-07-16T13:30:45Z</time>
      </trkpt>
      <trkpt lat="46.87533167" lon="16.740495">
        <ele>218.5</ele>
        <time>2025-07-16T13:30:46Z</time>
      </trkpt>
      <trkpt lat="46.87531833" lon="16.74068833">
        <ele>217.6</ele>
        <time>2025-07-16T13:30:47Z</time>
      </trkpt>
      <trkpt lat="46.87528833" lon="16.74087667">
        <ele>217.9</ele>
        <time>2025-07-16T13:30:48Z</time>
      </trkpt>
      <trkpt lat="46.87527167" lon="16.74105833">
        <ele>216.3</ele>
        <time>2025-07-16T13:30:49Z</time>
      </trkpt>
      <trkpt lat="46.87526667" lon="16.74124667">
        <ele>216</ele>
        <time>2025-07-16T13:30:50Z</time>
      </trkpt>
      <trkpt lat="46.87525833" lon="16.74144833">
        <ele>216.1</ele>
        <time>2025-07-16T13:30:51Z</time>
      </trkpt>
      <trkpt lat="46.87523833" lon="16.74166333">
        <ele>219.1</ele>
        <time>2025-07-16T13:30:52Z</time>
      </trkpt>
      <trkpt lat="46.87523167" lon="16.74188333">
        <ele>220.6</ele>
        <time>2025-07-16T13:30:53Z</time>
      </trkpt>
      <trkpt lat="46.87522667" lon="16.74208167">
        <ele>219.7</ele>
        <time>2025-07-16T13:30:54Z</time>
      </trkpt>
      <trkpt lat="46.87521167" lon="16.74228167">
        <ele>218.9</ele>
        <time>2025-07-16T13:30:55Z</time>
      </trkpt>
      <trkpt lat="46.875205" lon="16.74247">
        <ele>218</ele>
        <time>2025-07-16T13:30:56Z</time>
      </trkpt>
      <trkpt lat="46.87519333" lon="16.74265667">
        <ele>217.9</ele>
        <time>2025-07-16T13:30:57Z</time>
      </trkpt>
      <trkpt lat="46.875175" lon="16.74285167">
        <ele>217.9</ele>
        <time>2025-07-16T13:30:58Z</time>
      </trkpt>
      <trkpt lat="46.87516" lon="16.74303167">
        <ele>218.4</ele>
        <time>2025-07-16T13:30:59Z</time>
      </trkpt>
      <trkpt lat="46.87514333" lon="16.74321167">
        <ele>218.1</ele>
        <time>2025-07-16T13:31:00Z</time>
      </trkpt>
      <trkpt lat="46.87514333" lon="16.74339">
        <ele>216.2</ele>
        <time>2025-07-16T13:31:01Z</time>
      </trkpt>
      <trkpt lat="46.87513667" lon="16.74356">
        <ele>214.8</ele>
        <time>2025-07-16T13:31:02Z</time>
      </trkpt>
      <trkpt lat="46.87513167" lon="16.74373">
        <ele>215.1</ele>
        <time>2025-07-16T13:31:03Z</time>
      </trkpt>
      <trkpt lat="46.87511667" lon="16.743895">
        <ele>215.8</ele>
        <time>2025-07-16T13:31:04Z</time>
      </trkpt>
      <trkpt lat="46.87509333" lon="16.74404833">
        <ele>215.5</ele>
        <time>2025-07-16T13:31:05Z</time>
      </trkpt>
      <trkpt lat="46.87507667" lon="16.74419333">
        <ele>215.1</ele>
        <time>2025-07-16T13:31:06Z</time>
      </trkpt>
      <trkpt lat="46.87505167" lon="16.74444">
        <ele>214.6</ele>
        <time>2025-07-16T13:31:08Z</time>
      </trkpt>
      <trkpt lat="46.87503333" lon="16.744665">
        <ele>212.7</ele>
        <time>2025-07-16T13:31:10Z</time>
      </trkpt>
      <trkpt lat="46.87500667" lon="16.74484167">
        <ele>212.7</ele>
        <time>2025-07-16T13:31:12Z</time>
      </trkpt>
      <trkpt lat="46.87498833" lon="16.74501333">
        <ele>212.1</ele>
        <time>2025-07-16T13:31:14Z</time>
      </trkpt>
      <trkpt lat="46.87497833" lon="16.74517167">
        <ele>211.7</ele>
        <time>2025-07-16T13:31:16Z</time>
      </trkpt>
      <trkpt lat="46.87496667" lon="16.74532">
        <ele>212.5</ele>
        <time>2025-07-16T13:31:18Z</time>
      </trkpt>
      <trkpt lat="46.87494" lon="16.745475">
        <ele>211.8</ele>
        <time>2025-07-16T13:31:20Z</time>
      </trkpt>
      <trkpt lat="46.874925" lon="16.745615">
        <ele>211</ele>
        <time>2025-07-16T13:31:22Z</time>
      </trkpt>
      <trkpt lat="46.87490667" lon="16.74578333">
        <ele>213.3</ele>
        <time>2025-07-16T13:31:25Z</time>
      </trkpt>
      <trkpt lat="46.8749" lon="16.74591667">
        <ele>214</ele>
        <time>2025-07-16T13:31:28Z</time>
      </trkpt>
      <trkpt lat="46.87488" lon="16.74608333">
        <ele>214.2</ele>
        <time>2025-07-16T13:31:32Z</time>
      </trkpt>
      <trkpt lat="46.87486" lon="16.74623167">
        <ele>215</ele>
        <time>2025-07-16T13:31:36Z</time>
      </trkpt>
      <trkpt lat="46.87484167" lon="16.746395">
        <ele>214.1</ele>
        <time>2025-07-16T13:31:40Z</time>
      </trkpt>
      <trkpt lat="46.87482333" lon="16.74657">
        <ele>213.8</ele>
        <time>2025-07-16T13:31:44Z</time>
      </trkpt>
      <trkpt lat="46.87480333" lon="16.74675">
        <ele>214.2</ele>
        <time>2025-07-16T13:31:47Z</time>
      </trkpt>
      <trkpt lat="46.87478833" lon="16.74689333">
        <ele>214.2</ele>
        <time>2025-07-16T13:31:49Z</time>
      </trkpt>
      <trkpt lat="46.87477167" lon="16.74706667">
        <ele>216.2</ele>
        <time>2025-07-16T13:31:51Z</time>
      </trkpt>
      <trkpt lat="46.874735" lon="16.74726333">
        <ele>217.4</ele>
        <time>2025-07-16T13:31:53Z</time>
      </trkpt>
      <trkpt lat="46.87471167" lon="16.74747">
        <ele>216.7</ele>
        <time>2025-07-16T13:31:55Z</time>
      </trkpt>
      <trkpt lat="46.874675" lon="16.74770833">
        <ele>218.4</ele>
        <time>2025-07-16T13:31:57Z</time>
      </trkpt>
      <trkpt lat="46.874645" lon="16.747965">
        <ele>220</ele>
        <time>2025-07-16T13:31:59Z</time>
      </trkpt>
      <trkpt lat="46.87462667" lon="16.74810833">
        <ele>220.3</ele>
        <time>2025-07-16T13:32:00Z</time>
      </trkpt>
      <trkpt lat="46.87460667" lon="16.74825167">
        <ele>219.9</ele>
        <time>2025-07-16T13:32:01Z</time>
      </trkpt>
      <trkpt lat="46.87458833" lon="16.74839333">
        <ele>219.7</ele>
        <time>2025-07-16T13:32:02Z</time>
      </trkpt>
      <trkpt lat="46.87456833" lon="16.74853333">
        <ele>219.4</ele>
        <time>2025-07-16T13:32:03Z</time>
      </trkpt>
      <trkpt lat="46.87454167" lon="16.748685">
        <ele>218.5</ele>
        <time>2025-07-16T13:32:04Z</time>
      </trkpt>
      <trkpt lat="46.87452" lon="16.74884167">
        <ele>217.2</ele>
        <time>2025-07-16T13:32:05Z</time>
      </trkpt>
      <trkpt lat="46.87448667" lon="16.74900667">
        <ele>216.5</ele>
        <time>2025-07-16T13:32:06Z</time>
      </trkpt>
      <trkpt lat="46.87446667" lon="16.74917167">
        <ele>215.4</ele>
        <time>2025-07-16T13:32:07Z</time>
      </trkpt>
      <trkpt lat="46.87445167" lon="16.74933">
        <ele>214.3</ele>
        <time>2025-07-16T13:32:08Z</time>
      </trkpt>
      <trkpt lat="46.87443167" lon="16.749495">
        <ele>212.6</ele>
        <time>2025-07-16T13:32:09Z</time>
      </trkpt>
      <trkpt lat="46.8744" lon="16.749665">
        <ele>211.5</ele>
        <time>2025-07-16T13:32:10Z</time>
      </trkpt>
      <trkpt lat="46.87437833" lon="16.74984">
        <ele>211.2</ele>
        <time>2025-07-16T13:32:11Z</time>
      </trkpt>
      <trkpt lat="46.87435667" lon="16.750025">
        <ele>210.9</ele>
        <time>2025-07-16T13:32:12Z</time>
      </trkpt>
      <trkpt lat="46.87433833" lon="16.7502">
        <ele>210.7</ele>
        <time>2025-07-16T13:32:13Z</time>
      </trkpt>
      <trkpt lat="46.874315" lon="16.75038167">
        <ele>210.9</ele>
        <time>2025-07-16T13:32:14Z</time>
      </trkpt>
      <trkpt lat="46.87429" lon="16.750575">
        <ele>210.8</ele>
        <time>2025-07-16T13:32:15Z</time>
      </trkpt>
      <trkpt lat="46.87426333" lon="16.75076333">
        <ele>210.6</ele>
        <time>2025-07-16T13:32:16Z</time>
      </trkpt>
      <trkpt lat="46.87424" lon="16.75094833">
        <ele>210.8</ele>
        <time>2025-07-16T13:32:17Z</time>
      </trkpt>
      <trkpt lat="46.87421" lon="16.75113833">
        <ele>210.9</ele>
        <time>2025-07-16T13:32:18Z</time>
      </trkpt>
      <trkpt lat="46.874175" lon="16.751335">
        <ele>213.3</ele>
        <time>2025-07-16T13:32:19Z</time>
      </trkpt>
      <trkpt lat="46.87415167" lon="16.75153833">
        <ele>215</ele>
        <time>2025-07-16T13:32:20Z</time>
      </trkpt>
      <trkpt lat="46.87412167" lon="16.75172">
        <ele>214.8</ele>
        <time>2025-07-16T13:32:21Z</time>
      </trkpt>
      <trkpt lat="46.87409833" lon="16.751915">
        <ele>213.2</ele>
        <time>2025-07-16T13:32:22Z</time>
      </trkpt>
      <trkpt lat="46.87407833" lon="16.752115">
        <ele>214.4</ele>
        <time>2025-07-16T13:32:23Z</time>
      </trkpt>
      <trkpt lat="46.87405167" lon="16.75233167">
        <ele>214.1</ele>
        <time>2025-07-16T13:32:24Z</time>
      </trkpt>
      <trkpt lat="46.87402333" lon="16.75254333">
        <ele>215.2</ele>
        <time>2025-07-16T13:32:25Z</time>
      </trkpt>
      <trkpt lat="46.87400167" lon="16.75275167">
        <ele>215.8</ele>
        <time>2025-07-16T13:32:26Z</time>
      </trkpt>
      <trkpt lat="46.873975" lon="16.75297">
        <ele>216.7</ele>
        <time>2025-07-16T13:32:27Z</time>
      </trkpt>
      <trkpt lat="46.87395167" lon="16.7532">
        <ele>217.6</ele>
        <time>2025-07-16T13:32:28Z</time>
      </trkpt>
      <trkpt lat="46.87392833" lon="16.75342333">
        <ele>217.9</ele>
        <time>2025-07-16T13:32:29Z</time>
      </trkpt>
      <trkpt lat="46.873895" lon="16.75364833">
        <ele>218.1</ele>
        <time>2025-07-16T13:32:30Z</time>
      </trkpt>
      <trkpt lat="46.87386833" lon="16.75387">
        <ele>216.4</ele>
        <time>2025-07-16T13:32:31Z</time>
      </trkpt>
      <trkpt lat="46.87383833" lon="16.75409333">
        <ele>213.4</ele>
        <time>2025-07-16T13:32:32Z</time>
      </trkpt>
      <trkpt lat="46.8738" lon="16.75432333">
        <ele>209.7</ele>
        <time>2025-07-16T13:32:33Z</time>
      </trkpt>
      <trkpt lat="46.87376333" lon="16.75455333">
        <ele>208.8</ele>
        <time>2025-07-16T13:32:34Z</time>
      </trkpt>
      <trkpt lat="46.87373167" lon="16.754795">
        <ele>208.2</ele>
        <time>2025-07-16T13:32:35Z</time>
      </trkpt>
      <trkpt lat="46.87370333" lon="16.75503667">
        <ele>208.3</ele>
        <time>2025-07-16T13:32:36Z</time>
      </trkpt>
      <trkpt lat="46.87367333" lon="16.75527333">
        <ele>207.9</ele>
        <time>2025-07-16T13:32:37Z</time>
      </trkpt>
      <trkpt lat="46.873645" lon="16.75551333">
        <ele>206.8</ele>
        <time>2025-07-16T13:32:38Z</time>
      </trkpt>
      <trkpt lat="46.87361167" lon="16.755755">
        <ele>207.1</ele>
        <time>2025-07-16T13:32:39Z</time>
      </trkpt>
      <trkpt lat="46.87359333" lon="16.756015">
        <ele>207.2</ele>
        <time>2025-07-16T13:32:40Z</time>
      </trkpt>
      <trkpt lat="46.873555" lon="16.75626833">
        <ele>207.4</ele>
        <time>2025-07-16T13:32:41Z</time>
      </trkpt>
      <trkpt lat="46.87351" lon="16.75651333">
        <ele>211.4</ele>
        <time>2025-07-16T13:32:42Z</time>
      </trkpt>
      <trkpt lat="46.87347667" lon="16.756755">
        <ele>212.4</ele>
        <time>2025-07-16T13:32:43Z</time>
      </trkpt>
      <trkpt lat="46.87343833" lon="16.75700833">
        <ele>212.7</ele>
        <time>2025-07-16T13:32:44Z</time>
      </trkpt>
      <trkpt lat="46.87338833" lon="16.75725">
        <ele>212.7</ele>
        <time>2025-07-16T13:32:45Z</time>
      </trkpt>
      <trkpt lat="46.87332667" lon="16.75749833">
        <ele>211.6</ele>
        <time>2025-07-16T13:32:46Z</time>
      </trkpt>
      <trkpt lat="46.87327667" lon="16.75775167">
        <ele>211.5</ele>
        <time>2025-07-16T13:32:47Z</time>
      </trkpt>
      <trkpt lat="46.87322" lon="16.75801">
        <ele>211.7</ele>
        <time>2025-07-16T13:32:48Z</time>
      </trkpt>
      <trkpt lat="46.87316667" lon="16.75827833">
        <ele>211.7</ele>
        <time>2025-07-16T13:32:49Z</time>
      </trkpt>
      <trkpt lat="46.87309667" lon="16.758535">
        <ele>211.7</ele>
        <time>2025-07-16T13:32:50Z</time>
      </trkpt>
      <trkpt lat="46.87304" lon="16.75880167">
        <ele>213.2</ele>
        <time>2025-07-16T13:32:51Z</time>
      </trkpt>
      <trkpt lat="46.87297833" lon="16.759075">
        <ele>214.4</ele>
        <time>2025-07-16T13:32:52Z</time>
      </trkpt>
      <trkpt lat="46.87292167" lon="16.75934">
        <ele>213.7</ele>
        <time>2025-07-16T13:32:53Z</time>
      </trkpt>
      <trkpt lat="46.872855" lon="16.75960333">
        <ele>214.6</ele>
        <time>2025-07-16T13:32:54Z</time>
      </trkpt>
      <trkpt lat="46.87278333" lon="16.75986667">
        <ele>214.8</ele>
        <time>2025-07-16T13:32:55Z</time>
      </trkpt>
      <trkpt lat="46.87271333" lon="16.76014167">
        <ele>214.3</ele>
        <time>2025-07-16T13:32:56Z</time>
      </trkpt>
      <trkpt lat="46.872635" lon="16.76041667">
        <ele>213</ele>
        <time>2025-07-16T13:32:57Z</time>
      </trkpt>
      <trkpt lat="46.87254333" lon="16.760675">
        <ele>212.3</ele>
        <time>2025-07-16T13:32:58Z</time>
      </trkpt>
      <trkpt lat="46.87246" lon="16.76091833">
        <ele>211.8</ele>
        <time>2025-07-16T13:32:59Z</time>
      </trkpt>
      <trkpt lat="46.87237667" lon="16.76117833">
        <ele>212.1</ele>
        <time>2025-07-16T13:33:00Z</time>
      </trkpt>
      <trkpt lat="46.87228167" lon="16.761435">
        <ele>211.9</ele>
        <time>2025-07-16T13:33:01Z</time>
      </trkpt>
      <trkpt lat="46.87219667" lon="16.76169667">
        <ele>211.3</ele>
        <time>2025-07-16T13:33:02Z</time>
      </trkpt>
      <trkpt lat="46.87209667" lon="16.76195">
        <ele>210.7</ele>
        <time>2025-07-16T13:33:03Z</time>
      </trkpt>
      <trkpt lat="46.872" lon="16.76220167">
        <ele>209.7</ele>
        <time>2025-07-16T13:33:04Z</time>
      </trkpt>
      <trkpt lat="46.87190167" lon="16.76245167">
        <ele>209.2</ele>
        <time>2025-07-16T13:33:05Z</time>
      </trkpt>
      <trkpt lat="46.8718" lon="16.76269833">
        <ele>208.5</ele>
        <time>2025-07-16T13:33:06Z</time>
      </trkpt>
      <trkpt lat="46.87170667" lon="16.76294">
        <ele>208.5</ele>
        <time>2025-07-16T13:33:07Z</time>
      </trkpt>
      <trkpt lat="46.87161" lon="16.763175">
        <ele>208.7</ele>
        <time>2025-07-16T13:33:08Z</time>
      </trkpt>
      <trkpt lat="46.871505" lon="16.763415">
        <ele>209.6</ele>
        <time>2025-07-16T13:33:09Z</time>
      </trkpt>
      <trkpt lat="46.87139833" lon="16.76364333">
        <ele>209</ele>
        <time>2025-07-16T13:33:10Z</time>
      </trkpt>
      <trkpt lat="46.87128833" lon="16.76387333">
        <ele>209.4</ele>
        <time>2025-07-16T13:33:11Z</time>
      </trkpt>
      <trkpt lat="46.87117667" lon="16.76409333">
        <ele>209.3</ele>
        <time>2025-07-16T13:33:12Z</time>
      </trkpt>
      <trkpt lat="46.87105667" lon="16.76432333">
        <ele>209.7</ele>
        <time>2025-07-16T13:33:13Z</time>
      </trkpt>
      <trkpt lat="46.87094" lon="16.76455">
        <ele>209.3</ele>
        <time>2025-07-16T13:33:14Z</time>
      </trkpt>
      <trkpt lat="46.87081333" lon="16.76474833">
        <ele>209.3</ele>
        <time>2025-07-16T13:33:15Z</time>
      </trkpt>
      <trkpt lat="46.87068833" lon="16.764965">
        <ele>210.2</ele>
        <time>2025-07-16T13:33:16Z</time>
      </trkpt>
      <trkpt lat="46.87056833" lon="16.765165">
        <ele>210.6</ele>
        <time>2025-07-16T13:33:17Z</time>
      </trkpt>
      <trkpt lat="46.87044167" lon="16.76537">
        <ele>211.2</ele>
        <time>2025-07-16T13:33:18Z</time>
      </trkpt>
      <trkpt lat="46.870315" lon="16.76558167">
        <ele>210.9</ele>
        <time>2025-07-16T13:33:19Z</time>
      </trkpt>
      <trkpt lat="46.87018333" lon="16.76578667">
        <ele>211.4</ele>
        <time>2025-07-16T13:33:20Z</time>
      </trkpt>
      <trkpt lat="46.87005167" lon="16.76600833">
        <ele>212.7</ele>
        <time>2025-07-16T13:33:21Z</time>
      </trkpt>
      <trkpt lat="46.86992" lon="16.76621333">
        <ele>213</ele>
        <time>2025-07-16T13:33:22Z</time>
      </trkpt>
      <trkpt lat="46.869785" lon="16.76640667">
        <ele>211.9</ele>
        <time>2025-07-16T13:33:23Z</time>
      </trkpt>
      <trkpt lat="46.86965333" lon="16.76659">
        <ele>211.5</ele>
        <time>2025-07-16T13:33:24Z</time>
      </trkpt>
      <trkpt lat="46.86952" lon="16.76678333">
        <ele>210.8</ele>
        <time>2025-07-16T13:33:25Z</time>
      </trkpt>
      <trkpt lat="46.86939" lon="16.76697167">
        <ele>210.6</ele>
        <time>2025-07-16T13:33:26Z</time>
      </trkpt>
      <trkpt lat="46.86925167" lon="16.76714667">
        <ele>210.3</ele>
        <time>2025-07-16T13:33:27Z</time>
      </trkpt>
      <trkpt lat="46.86911" lon="16.76733">
        <ele>210.6</ele>
        <time>2025-07-16T13:33:28Z</time>
      </trkpt>
      <trkpt lat="46.86897" lon="16.76751167">
        <ele>211.1</ele>
        <time>2025-07-16T13:33:29Z</time>
      </trkpt>
      <trkpt lat="46.86882333" lon="16.76767">
        <ele>211.3</ele>
        <time>2025-07-16T13:33:30Z</time>
      </trkpt>
      <trkpt lat="46.868675" lon="16.76784167">
        <ele>212</ele>
        <time>2025-07-16T13:33:31Z</time>
      </trkpt>
      <trkpt lat="46.86853667" lon="16.768025">
        <ele>211.5</ele>
        <time>2025-07-16T13:33:32Z</time>
      </trkpt>
      <trkpt lat="46.86838833" lon="16.76819333">
        <ele>212.7</ele>
        <time>2025-07-16T13:33:33Z</time>
      </trkpt>
      <trkpt lat="46.86825" lon="16.76835833">
        <ele>215.5</ele>
        <time>2025-07-16T13:33:34Z</time>
      </trkpt>
      <trkpt lat="46.86811167" lon="16.76853167">
        <ele>216.8</ele>
        <time>2025-07-16T13:33:35Z</time>
      </trkpt>
      <trkpt lat="46.86796833" lon="16.768705">
        <ele>217.3</ele>
        <time>2025-07-16T13:33:36Z</time>
      </trkpt>
      <trkpt lat="46.86783167" lon="16.76887167">
        <ele>218.1</ele>
        <time>2025-07-16T13:33:37Z</time>
      </trkpt>
      <trkpt lat="46.86770667" lon="16.769055">
        <ele>215.2</ele>
        <time>2025-07-16T13:33:38Z</time>
      </trkpt>
      <trkpt lat="46.86758333" lon="16.76925333">
        <ele>212.7</ele>
        <time>2025-07-16T13:33:39Z</time>
      </trkpt>
      <trkpt lat="46.86745" lon="16.76943667">
        <ele>211.9</ele>
        <time>2025-07-16T13:33:40Z</time>
      </trkpt>
      <trkpt lat="46.86732667" lon="16.76962167">
        <ele>210.2</ele>
        <time>2025-07-16T13:33:41Z</time>
      </trkpt>
      <trkpt lat="46.86720167" lon="16.76980333">
        <ele>209.3</ele>
        <time>2025-07-16T13:33:42Z</time>
      </trkpt>
      <trkpt lat="46.86709" lon="16.76999">
        <ele>208.8</ele>
        <time>2025-07-16T13:33:43Z</time>
      </trkpt>
      <trkpt lat="46.86697167" lon="16.77017833">
        <ele>208.3</ele>
        <time>2025-07-16T13:33:44Z</time>
      </trkpt>
      <trkpt lat="46.86685167" lon="16.77038667">
        <ele>209.4</ele>
        <time>2025-07-16T13:33:45Z</time>
      </trkpt>
      <trkpt lat="46.86673167" lon="16.77058333">
        <ele>209.3</ele>
        <time>2025-07-16T13:33:46Z</time>
      </trkpt>
      <trkpt lat="46.86662333" lon="16.77079">
        <ele>209.8</ele>
        <time>2025-07-16T13:33:47Z</time>
      </trkpt>
      <trkpt lat="46.86651" lon="16.770995">
        <ele>210.2</ele>
        <time>2025-07-16T13:33:48Z</time>
      </trkpt>
      <trkpt lat="46.86639833" lon="16.77120167">
        <ele>210.1</ele>
        <time>2025-07-16T13:33:49Z</time>
      </trkpt>
      <trkpt lat="46.86628333" lon="16.771405">
        <ele>209.9</ele>
        <time>2025-07-16T13:33:50Z</time>
      </trkpt>
      <trkpt lat="46.86618" lon="16.771605">
        <ele>210.3</ele>
        <time>2025-07-16T13:33:51Z</time>
      </trkpt>
      <trkpt lat="46.86608" lon="16.771815">
        <ele>210.2</ele>
        <time>2025-07-16T13:33:52Z</time>
      </trkpt>
      <trkpt lat="46.86598667" lon="16.77201833">
        <ele>210.1</ele>
        <time>2025-07-16T13:33:53Z</time>
      </trkpt>
      <trkpt lat="46.86589167" lon="16.77222333">
        <ele>209.7</ele>
        <time>2025-07-16T13:33:54Z</time>
      </trkpt>
      <trkpt lat="46.8658" lon="16.77243833">
        <ele>211.3</ele>
        <time>2025-07-16T13:33:55Z</time>
      </trkpt>
      <trkpt lat="46.86570667" lon="16.77264833">
        <ele>211</ele>
        <time>2025-07-16T13:33:56Z</time>
      </trkpt>
      <trkpt lat="46.86561" lon="16.77285667">
        <ele>209.9</ele>
        <time>2025-07-16T13:33:57Z</time>
      </trkpt>
      <trkpt lat="46.86551667" lon="16.77307833">
        <ele>210.3</ele>
        <time>2025-07-16T13:33:58Z</time>
      </trkpt>
      <trkpt lat="46.86543333" lon="16.773295">
        <ele>210.7</ele>
        <time>2025-07-16T13:33:59Z</time>
      </trkpt>
      <trkpt lat="46.86535167" lon="16.77350667">
        <ele>210</ele>
        <time>2025-07-16T13:34:00Z</time>
      </trkpt>
      <trkpt lat="46.86526833" lon="16.77372">
        <ele>209.9</ele>
        <time>2025-07-16T13:34:01Z</time>
      </trkpt>
      <trkpt lat="46.86518667" lon="16.77393667">
        <ele>209.8</ele>
        <time>2025-07-16T13:34:02Z</time>
      </trkpt>
      <trkpt lat="46.86510833" lon="16.77415167">
        <ele>209.7</ele>
        <time>2025-07-16T13:34:03Z</time>
      </trkpt>
      <trkpt lat="46.865025" lon="16.77435667">
        <ele>210.2</ele>
        <time>2025-07-16T13:34:04Z</time>
      </trkpt>
      <trkpt lat="46.86494333" lon="16.77456167">
        <ele>209.3</ele>
        <time>2025-07-16T13:34:05Z</time>
      </trkpt>
      <trkpt lat="46.86486167" lon="16.77476333">
        <ele>208.9</ele>
        <time>2025-07-16T13:34:06Z</time>
      </trkpt>
      <trkpt lat="46.864775" lon="16.774975">
        <ele>208.9</ele>
        <time>2025-07-16T13:34:07Z</time>
      </trkpt>
      <trkpt lat="46.86469" lon="16.77517833">
        <ele>208</ele>
        <time>2025-07-16T13:34:08Z</time>
      </trkpt>
      <trkpt lat="46.86460833" lon="16.77539">
        <ele>208</ele>
        <time>2025-07-16T13:34:09Z</time>
      </trkpt>
      <trkpt lat="46.86453333" lon="16.77557667">
        <ele>208.4</ele>
        <time>2025-07-16T13:34:10Z</time>
      </trkpt>
      <trkpt lat="46.864475" lon="16.77577">
        <ele>208.4</ele>
        <time>2025-07-16T13:34:11Z</time>
      </trkpt>
      <trkpt lat="46.8644" lon="16.775955">
        <ele>208</ele>
        <time>2025-07-16T13:34:12Z</time>
      </trkpt>
      <trkpt lat="46.86433333" lon="16.776135">
        <ele>207.7</ele>
        <time>2025-07-16T13:34:13Z</time>
      </trkpt>
      <trkpt lat="46.864265" lon="16.77630833">
        <ele>207.3</ele>
        <time>2025-07-16T13:34:14Z</time>
      </trkpt>
      <trkpt lat="46.864195" lon="16.77647833">
        <ele>206.5</ele>
        <time>2025-07-16T13:34:15Z</time>
      </trkpt>
      <trkpt lat="46.86412833" lon="16.77663333">
        <ele>204.6</ele>
        <time>2025-07-16T13:34:16Z</time>
      </trkpt>
      <trkpt lat="46.86407333" lon="16.776795">
        <ele>203.3</ele>
        <time>2025-07-16T13:34:17Z</time>
      </trkpt>
      <trkpt lat="46.86400667" lon="16.77695333">
        <ele>203.3</ele>
        <time>2025-07-16T13:34:18Z</time>
      </trkpt>
      <trkpt lat="46.863945" lon="16.777105">
        <ele>202.9</ele>
        <time>2025-07-16T13:34:19Z</time>
      </trkpt>
      <trkpt lat="46.86388" lon="16.77725833">
        <ele>202.5</ele>
        <time>2025-07-16T13:34:20Z</time>
      </trkpt>
      <trkpt lat="46.86382167" lon="16.7774">
        <ele>202</ele>
        <time>2025-07-16T13:34:21Z</time>
      </trkpt>
      <trkpt lat="46.86376667" lon="16.77753833">
        <ele>202</ele>
        <time>2025-07-16T13:34:22Z</time>
      </trkpt>
      <trkpt lat="46.86371667" lon="16.77766833">
        <ele>202.4</ele>
        <time>2025-07-16T13:34:23Z</time>
      </trkpt>
      <trkpt lat="46.86367" lon="16.77780333">
        <ele>202.2</ele>
        <time>2025-07-16T13:34:24Z</time>
      </trkpt>
      <trkpt lat="46.86362333" lon="16.77793">
        <ele>202.8</ele>
        <time>2025-07-16T13:34:25Z</time>
      </trkpt>
      <trkpt lat="46.863575" lon="16.77804833">
        <ele>203.1</ele>
        <time>2025-07-16T13:34:26Z</time>
      </trkpt>
      <trkpt lat="46.86352833" lon="16.778165">
        <ele>202.9</ele>
        <time>2025-07-16T13:34:27Z</time>
      </trkpt>
      <trkpt lat="46.86344333" lon="16.77839167">
        <ele>202</ele>
        <time>2025-07-16T13:34:29Z</time>
      </trkpt>
      <trkpt lat="46.86336333" lon="16.77858">
        <ele>203.2</ele>
        <time>2025-07-16T13:34:31Z</time>
      </trkpt>
      <trkpt lat="46.86329" lon="16.77874">
        <ele>203</ele>
        <time>2025-07-16T13:34:33Z</time>
      </trkpt>
      <trkpt lat="46.863245" lon="16.778855">
        <ele>203.7</ele>
        <time>2025-07-16T13:34:35Z</time>
      </trkpt>
    </trkseg>
  </trk>
</gpx>