<?xml version='1.0' encoding='UTF-8' standalone='yes' ?>
<gpx xmlns="http://www.topografix.com/GPX/1/1" xmlns:geotracker="http://ilyabogdanovich.com/gpx/extensions/geotracker" xmlns:xsi="http://www.w3.org/2001/XMLSchema-instance" xsi:schemaLocation="http://www.topografix.com/GPX/1/1 http://www.topografix.com/GPX/1/1/gpx.xsd" version="1.1" creator="Recorded in Geo Tracker for Android from Ilya Bogdanovich">
  <metadata>
    <name>t_0706_01</name>
    <author>
      <name>Recorded in Geo Tracker for Android from Ilya Bogdanovich</name>
      <link href="https://play.google.com/store/apps/details?id=com.ilyabogdanovich.geotracker" />
    </author>
    <link href="https://play.google.com/store/apps/details?id=com.ilyabogdanovich.geotracker" />
    <time>2025-07-06T03:31:56Z</time>
  </metadata>
  <trk>
    <name>t_0706_01</name>
    <src>Recorded in Geo Tracker for Android from Ilya Bogdanovich</src>
    <link href="https://play.google.com/store/apps/details?id=com.ilyabogdanovich.geotracker" />
    <extensions>
      <geotracker:meta>
        <geotracker:length>30911.68</geotracker:length>
        <geotracker:duration>2323578</geotracker:duration>
        <geotracker:creationtime>2025-07-06T03:31:56Z</geotracker:creationtime>
        <geotracker:activity>0</geotracker:activity>
      </geotracker:meta>
    </extensions>
    <trkseg>
      <trkpt lat="47.627875" lon="20.75517333">
        <ele>140.1</ele>
        <time>2025-07-06T03:32:05Z</time>
      </trkpt>
      <trkpt lat="47.62796667" lon="20.75524833">
        <ele>139.8</ele>
        <time>2025-07-06T03:32:18Z</time>
      </trkpt>
      <trkpt lat="47.62797" lon="20.75546">
        <ele>139.8</ele>
        <time>2025-07-06T03:32:21Z</time>
      </trkpt>
      <trkpt lat="47.62796667" lon="20.755635">
        <ele>139.9</ele>
        <time>2025-07-06T03:32:23Z</time>
      </trkpt>
      <trkpt lat="47.62795833" lon="20.75585833">
        <ele>140</ele>
        <time>2025-07-06T03:32:25Z</time>
      </trkpt>
      <trkpt lat="47.62795333" lon="20.756245">
        <ele>139.9</ele>
        <time>2025-07-06T03:32:28Z</time>
      </trkpt>
      <trkpt lat="47.62795" lon="20.756385">
        <ele>139.9</ele>
        <time>2025-07-06T03:32:29Z</time>
      </trkpt>
      <trkpt lat="47.627955" lon="20.75653">
        <ele>139.5</ele>
        <time>2025-07-06T03:32:30Z</time>
      </trkpt>
      <trkpt lat="47.62796" lon="20.756675">
        <ele>139.3</ele>
        <time>2025-07-06T03:32:31Z</time>
      </trkpt>
      <trkpt lat="47.62795833" lon="20.75683333">
        <ele>138.9</ele>
        <time>2025-07-06T03:32:32Z</time>
      </trkpt>
      <trkpt lat="47.62796333" lon="20.75698667">
        <ele>138.7</ele>
        <time>2025-07-06T03:32:33Z</time>
      </trkpt>
      <trkpt lat="47.62796167" lon="20.75731833">
        <ele>138.9</ele>
        <time>2025-07-06T03:32:35Z</time>
      </trkpt>
      <trkpt lat="47.62796333" lon="20.75748333">
        <ele>139</ele>
        <time>2025-07-06T03:32:36Z</time>
      </trkpt>
      <trkpt lat="47.62795167" lon="20.75782167">
        <ele>138.2</ele>
        <time>2025-07-06T03:32:38Z</time>
      </trkpt>
      <trkpt lat="47.62794667" lon="20.757985">
        <ele>137.7</ele>
        <time>2025-07-06T03:32:39Z</time>
      </trkpt>
      <trkpt lat="47.62794" lon="20.75814833">
        <ele>137</ele>
        <time>2025-07-06T03:32:40Z</time>
      </trkpt>
      <trkpt lat="47.62793" lon="20.75830833">
        <ele>136.6</ele>
        <time>2025-07-06T03:32:41Z</time>
      </trkpt>
      <trkpt lat="47.62792333" lon="20.75845833">
        <ele>135.9</ele>
        <time>2025-07-06T03:32:42Z</time>
      </trkpt>
      <trkpt lat="47.62791833" lon="20.75860667">
        <ele>135.6</ele>
        <time>2025-07-06T03:32:43Z</time>
      </trkpt>
      <trkpt lat="47.62791167" lon="20.75877667">
        <ele>136.4</ele>
        <time>2025-07-06T03:32:44Z</time>
      </trkpt>
      <trkpt lat="47.62789833" lon="20.75891333">
        <ele>136.2</ele>
        <time>2025-07-06T03:32:45Z</time>
      </trkpt>
      <trkpt lat="47.62789833" lon="20.759055">
        <ele>136.2</ele>
        <time>2025-07-06T03:32:46Z</time>
      </trkpt>
      <trkpt lat="47.62789333" lon="20.759195">
        <ele>136.2</ele>
        <time>2025-07-06T03:32:47Z</time>
      </trkpt>
      <trkpt lat="47.62789" lon="20.75933833">
        <ele>136.3</ele>
        <time>2025-07-06T03:32:48Z</time>
      </trkpt>
      <trkpt lat="47.62788333" lon="20.75947833">
        <ele>136.1</ele>
        <time>2025-07-06T03:32:49Z</time>
      </trkpt>
      <trkpt lat="47.62787667" lon="20.75961833">
        <ele>135.9</ele>
        <time>2025-07-06T03:32:50Z</time>
      </trkpt>
      <trkpt lat="47.62787167" lon="20.75976">
        <ele>135.9</ele>
        <time>2025-07-06T03:32:51Z</time>
      </trkpt>
      <trkpt lat="47.62786833" lon="20.75991833">
        <ele>135.9</ele>
        <time>2025-07-06T03:32:52Z</time>
      </trkpt>
      <trkpt lat="47.62786" lon="20.76005667">
        <ele>134.8</ele>
        <time>2025-07-06T03:32:53Z</time>
      </trkpt>
      <trkpt lat="47.62785" lon="20.76020667">
        <ele>134.6</ele>
        <time>2025-07-06T03:32:54Z</time>
      </trkpt>
      <trkpt lat="47.62784667" lon="20.76036167">
        <ele>134.6</ele>
        <time>2025-07-06T03:32:55Z</time>
      </trkpt>
      <trkpt lat="47.62784333" lon="20.76051167">
        <ele>133.9</ele>
        <time>2025-07-06T03:32:56Z</time>
      </trkpt>
      <trkpt lat="47.62784" lon="20.76066833">
        <ele>133.4</ele>
        <time>2025-07-06T03:32:57Z</time>
      </trkpt>
      <trkpt lat="47.62784" lon="20.76083">
        <ele>132.7</ele>
        <time>2025-07-06T03:32:58Z</time>
      </trkpt>
      <trkpt lat="47.62783667" lon="20.76099667">
        <ele>131.6</ele>
        <time>2025-07-06T03:32:59Z</time>
      </trkpt>
      <trkpt lat="47.62782667" lon="20.76117667">
        <ele>131.2</ele>
        <time>2025-07-06T03:33:00Z</time>
      </trkpt>
      <trkpt lat="47.62782333" lon="20.761365">
        <ele>130.4</ele>
        <time>2025-07-06T03:33:01Z</time>
      </trkpt>
      <trkpt lat="47.627815" lon="20.76156">
        <ele>129.9</ele>
        <time>2025-07-06T03:33:02Z</time>
      </trkpt>
      <trkpt lat="47.6278" lon="20.76175333">
        <ele>129.3</ele>
        <time>2025-07-06T03:33:03Z</time>
      </trkpt>
      <trkpt lat="47.62778667" lon="20.76194667">
        <ele>128.8</ele>
        <time>2025-07-06T03:33:04Z</time>
      </trkpt>
      <trkpt lat="47.62776833" lon="20.76214167">
        <ele>128.3</ele>
        <time>2025-07-06T03:33:05Z</time>
      </trkpt>
      <trkpt lat="47.62775333" lon="20.762345">
        <ele>128</ele>
        <time>2025-07-06T03:33:06Z</time>
      </trkpt>
      <trkpt lat="47.62774333" lon="20.76254667">
        <ele>128.1</ele>
        <time>2025-07-06T03:33:07Z</time>
      </trkpt>
      <trkpt lat="47.62773167" lon="20.76274833">
        <ele>128.3</ele>
        <time>2025-07-06T03:33:08Z</time>
      </trkpt>
      <trkpt lat="47.627715" lon="20.762945">
        <ele>127.9</ele>
        <time>2025-07-06T03:33:09Z</time>
      </trkpt>
      <trkpt lat="47.62769333" lon="20.76314333">
        <ele>127.6</ele>
        <time>2025-07-06T03:33:10Z</time>
      </trkpt>
      <trkpt lat="47.62767333" lon="20.76334333">
        <ele>127.7</ele>
        <time>2025-07-06T03:33:11Z</time>
      </trkpt>
      <trkpt lat="47.62765" lon="20.76354167">
        <ele>127.4</ele>
        <time>2025-07-06T03:33:12Z</time>
      </trkpt>
      <trkpt lat="47.62762667" lon="20.76375167">
        <ele>127.1</ele>
        <time>2025-07-06T03:33:13Z</time>
      </trkpt>
      <trkpt lat="47.62760333" lon="20.76396">
        <ele>127</ele>
        <time>2025-07-06T03:33:14Z</time>
      </trkpt>
      <trkpt lat="47.62758333" lon="20.764155">
        <ele>127.2</ele>
        <time>2025-07-06T03:33:15Z</time>
      </trkpt>
      <trkpt lat="47.62755667" lon="20.76435">
        <ele>127.3</ele>
        <time>2025-07-06T03:33:16Z</time>
      </trkpt>
      <trkpt lat="47.62752667" lon="20.76455833">
        <ele>128</ele>
        <time>2025-07-06T03:33:17Z</time>
      </trkpt>
      <trkpt lat="47.627495" lon="20.76476833">
        <ele>129.3</ele>
        <time>2025-07-06T03:33:18Z</time>
      </trkpt>
      <trkpt lat="47.62747167" lon="20.76496667">
        <ele>130.7</ele>
        <time>2025-07-06T03:33:19Z</time>
      </trkpt>
      <trkpt lat="47.62745167" lon="20.76515333">
        <ele>131.6</ele>
        <time>2025-07-06T03:33:20Z</time>
      </trkpt>
      <trkpt lat="47.62743333" lon="20.76531167">
        <ele>132.4</ele>
        <time>2025-07-06T03:33:21Z</time>
      </trkpt>
      <trkpt lat="47.62741667" lon="20.76549">
        <ele>133</ele>
        <time>2025-07-06T03:33:22Z</time>
      </trkpt>
      <trkpt lat="47.62740167" lon="20.76565667">
        <ele>133.7</ele>
        <time>2025-07-06T03:33:23Z</time>
      </trkpt>
      <trkpt lat="47.62739" lon="20.76582667">
        <ele>135</ele>
        <time>2025-07-06T03:33:24Z</time>
      </trkpt>
      <trkpt lat="47.62739" lon="20.76596">
        <ele>134.3</ele>
        <time>2025-07-06T03:33:25Z</time>
      </trkpt>
      <trkpt lat="47.62736667" lon="20.76611667">
        <ele>134.1</ele>
        <time>2025-07-06T03:33:26Z</time>
      </trkpt>
      <trkpt lat="47.627355" lon="20.76627">
        <ele>134.6</ele>
        <time>2025-07-06T03:33:27Z</time>
      </trkpt>
      <trkpt lat="47.62733833" lon="20.76643667">
        <ele>136.2</ele>
        <time>2025-07-06T03:33:28Z</time>
      </trkpt>
      <trkpt lat="47.627315" lon="20.76660333">
        <ele>137</ele>
        <time>2025-07-06T03:33:29Z</time>
      </trkpt>
      <trkpt lat="47.62729333" lon="20.76676333">
        <ele>137.5</ele>
        <time>2025-07-06T03:33:30Z</time>
      </trkpt>
      <trkpt lat="47.62727333" lon="20.76692333">
        <ele>138</ele>
        <time>2025-07-06T03:33:31Z</time>
      </trkpt>
      <trkpt lat="47.62725333" lon="20.76708667">
        <ele>137.1</ele>
        <time>2025-07-06T03:33:32Z</time>
      </trkpt>
      <trkpt lat="47.62723833" lon="20.76725">
        <ele>136.5</ele>
        <time>2025-07-06T03:33:33Z</time>
      </trkpt>
      <trkpt lat="47.62721833" lon="20.76740833">
        <ele>136</ele>
        <time>2025-07-06T03:33:34Z</time>
      </trkpt>
      <trkpt lat="47.6272" lon="20.76756667">
        <ele>135.8</ele>
        <time>2025-07-06T03:33:35Z</time>
      </trkpt>
      <trkpt lat="47.627175" lon="20.76773833">
        <ele>136.5</ele>
        <time>2025-07-06T03:33:36Z</time>
      </trkpt>
      <trkpt lat="47.62715167" lon="20.76790833">
        <ele>137</ele>
        <time>2025-07-06T03:33:37Z</time>
      </trkpt>
      <trkpt lat="47.62713333" lon="20.76808833">
        <ele>137.7</ele>
        <time>2025-07-06T03:33:38Z</time>
      </trkpt>
      <trkpt lat="47.627125" lon="20.76827167">
        <ele>141.8</ele>
        <time>2025-07-06T03:33:39Z</time>
      </trkpt>
      <trkpt lat="47.62711" lon="20.76845333">
        <ele>141.4</ele>
        <time>2025-07-06T03:33:40Z</time>
      </trkpt>
      <trkpt lat="47.62710333" lon="20.76863667">
        <ele>147.2</ele>
        <time>2025-07-06T03:33:41Z</time>
      </trkpt>
      <trkpt lat="47.62709" lon="20.768825">
        <ele>147.1</ele>
        <time>2025-07-06T03:33:42Z</time>
      </trkpt>
      <trkpt lat="47.62706" lon="20.769005">
        <ele>146.4</ele>
        <time>2025-07-06T03:33:43Z</time>
      </trkpt>
      <trkpt lat="47.62703667" lon="20.769205">
        <ele>145.7</ele>
        <time>2025-07-06T03:33:44Z</time>
      </trkpt>
      <trkpt lat="47.62702667" lon="20.76943">
        <ele>145.6</ele>
        <time>2025-07-06T03:33:45Z</time>
      </trkpt>
      <trkpt lat="47.627005" lon="20.76965">
        <ele>147.4</ele>
        <time>2025-07-06T03:33:46Z</time>
      </trkpt>
      <trkpt lat="47.62699667" lon="20.76985333">
        <ele>144.3</ele>
        <time>2025-07-06T03:33:47Z</time>
      </trkpt>
      <trkpt lat="47.62696" lon="20.77009">
        <ele>139.7</ele>
        <time>2025-07-06T03:33:48Z</time>
      </trkpt>
      <trkpt lat="47.62693167" lon="20.77032667">
        <ele>145.8</ele>
        <time>2025-07-06T03:33:49Z</time>
      </trkpt>
      <trkpt lat="47.62690167" lon="20.77054167">
        <ele>145.8</ele>
        <time>2025-07-06T03:33:50Z</time>
      </trkpt>
      <trkpt lat="47.62683333" lon="20.77079">
        <ele>142.7</ele>
        <time>2025-07-06T03:33:51Z</time>
      </trkpt>
      <trkpt lat="47.62682" lon="20.77103667">
        <ele>142.6</ele>
        <time>2025-07-06T03:33:52Z</time>
      </trkpt>
      <trkpt lat="47.62679333" lon="20.77127333">
        <ele>142.5</ele>
        <time>2025-07-06T03:33:53Z</time>
      </trkpt>
      <trkpt lat="47.62676667" lon="20.77152167">
        <ele>142.4</ele>
        <time>2025-07-06T03:33:54Z</time>
      </trkpt>
      <trkpt lat="47.62673667" lon="20.77177333">
        <ele>142.2</ele>
        <time>2025-07-06T03:33:55Z</time>
      </trkpt>
      <trkpt lat="47.62666833" lon="20.77206167">
        <ele>142.1</ele>
        <time>2025-07-06T03:33:56Z</time>
      </trkpt>
      <trkpt lat="47.62663333" lon="20.772305">
        <ele>141.6</ele>
        <time>2025-07-06T03:33:57Z</time>
      </trkpt>
      <trkpt lat="47.626595" lon="20.77255667">
        <ele>140.9</ele>
        <time>2025-07-06T03:33:58Z</time>
      </trkpt>
      <trkpt lat="47.62653" lon="20.772805">
        <ele>133.8</ele>
        <time>2025-07-06T03:33:59Z</time>
      </trkpt>
      <trkpt lat="47.62649333" lon="20.77304333">
        <ele>131.2</ele>
        <time>2025-07-06T03:34:00Z</time>
      </trkpt>
      <trkpt lat="47.626475" lon="20.77327667">
        <ele>129.2</ele>
        <time>2025-07-06T03:34:01Z</time>
      </trkpt>
      <trkpt lat="47.62644667" lon="20.773525">
        <ele>129.4</ele>
        <time>2025-07-06T03:34:02Z</time>
      </trkpt>
      <trkpt lat="47.62641" lon="20.77379">
        <ele>130.2</ele>
        <time>2025-07-06T03:34:03Z</time>
      </trkpt>
      <trkpt lat="47.62639833" lon="20.77405833">
        <ele>134.2</ele>
        <time>2025-07-06T03:34:04Z</time>
      </trkpt>
      <trkpt lat="47.62637167" lon="20.77432667">
        <ele>134.3</ele>
        <time>2025-07-06T03:34:05Z</time>
      </trkpt>
      <trkpt lat="47.62633833" lon="20.77459667">
        <ele>134.3</ele>
        <time>2025-07-06T03:34:06Z</time>
      </trkpt>
      <trkpt lat="47.626305" lon="20.77486">
        <ele>135</ele>
        <time>2025-07-06T03:34:07Z</time>
      </trkpt>
      <trkpt lat="47.62627167" lon="20.77514">
        <ele>135</ele>
        <time>2025-07-06T03:34:08Z</time>
      </trkpt>
      <trkpt lat="47.62624" lon="20.77542167">
        <ele>135.4</ele>
        <time>2025-07-06T03:34:09Z</time>
      </trkpt>
      <trkpt lat="47.62619" lon="20.77570667">
        <ele>128.9</ele>
        <time>2025-07-06T03:34:10Z</time>
      </trkpt>
      <trkpt lat="47.62615667" lon="20.77599">
        <ele>127.2</ele>
        <time>2025-07-06T03:34:11Z</time>
      </trkpt>
      <trkpt lat="47.62612333" lon="20.776285">
        <ele>127.3</ele>
        <time>2025-07-06T03:34:12Z</time>
      </trkpt>
      <trkpt lat="47.62608833" lon="20.77656667">
        <ele>126.3</ele>
        <time>2025-07-06T03:34:13Z</time>
      </trkpt>
      <trkpt lat="47.626055" lon="20.776855">
        <ele>126</ele>
        <time>2025-07-06T03:34:14Z</time>
      </trkpt>
      <trkpt lat="47.62603167" lon="20.77714">
        <ele>126.4</ele>
        <time>2025-07-06T03:34:15Z</time>
      </trkpt>
      <trkpt lat="47.62599167" lon="20.77742833">
        <ele>126.3</ele>
        <time>2025-07-06T03:34:16Z</time>
      </trkpt>
      <trkpt lat="47.625965" lon="20.77771167">
        <ele>125</ele>
        <time>2025-07-06T03:34:17Z</time>
      </trkpt>
      <trkpt lat="47.62593" lon="20.77799833">
        <ele>123.6</ele>
        <time>2025-07-06T03:34:18Z</time>
      </trkpt>
      <trkpt lat="47.62589667" lon="20.77828">
        <ele>124.4</ele>
        <time>2025-07-06T03:34:19Z</time>
      </trkpt>
      <trkpt lat="47.62585333" lon="20.77857833">
        <ele>124.7</ele>
        <time>2025-07-06T03:34:20Z</time>
      </trkpt>
      <trkpt lat="47.62581" lon="20.77886833">
        <ele>123</ele>
        <time>2025-07-06T03:34:21Z</time>
      </trkpt>
      <trkpt lat="47.62576667" lon="20.77916">
        <ele>122.2</ele>
        <time>2025-07-06T03:34:22Z</time>
      </trkpt>
      <trkpt lat="47.62572667" lon="20.77944833">
        <ele>121.7</ele>
        <time>2025-07-06T03:34:23Z</time>
      </trkpt>
      <trkpt lat="47.62569" lon="20.77971833">
        <ele>122.5</ele>
        <time>2025-07-06T03:34:24Z</time>
      </trkpt>
      <trkpt lat="47.62564667" lon="20.77998167">
        <ele>122.5</ele>
        <time>2025-07-06T03:34:25Z</time>
      </trkpt>
      <trkpt lat="47.625635" lon="20.78025">
        <ele>127.4</ele>
        <time>2025-07-06T03:34:26Z</time>
      </trkpt>
      <trkpt lat="47.62560833" lon="20.78054667">
        <ele>130</ele>
        <time>2025-07-06T03:34:27Z</time>
      </trkpt>
      <trkpt lat="47.62557833" lon="20.78082">
        <ele>132.1</ele>
        <time>2025-07-06T03:34:28Z</time>
      </trkpt>
      <trkpt lat="47.62554" lon="20.78109">
        <ele>131.8</ele>
        <time>2025-07-06T03:34:29Z</time>
      </trkpt>
      <trkpt lat="47.625515" lon="20.78134667">
        <ele>131.5</ele>
        <time>2025-07-06T03:34:30Z</time>
      </trkpt>
      <trkpt lat="47.6255" lon="20.78159833">
        <ele>127.3</ele>
        <time>2025-07-06T03:34:31Z</time>
      </trkpt>
      <trkpt lat="47.625485" lon="20.78185333">
        <ele>126</ele>
        <time>2025-07-06T03:34:32Z</time>
      </trkpt>
      <trkpt lat="47.62546833" lon="20.78209167">
        <ele>123.8</ele>
        <time>2025-07-06T03:34:33Z</time>
      </trkpt>
      <trkpt lat="47.62543667" lon="20.78236667">
        <ele>123.8</ele>
        <time>2025-07-06T03:34:34Z</time>
      </trkpt>
      <trkpt lat="47.62537" lon="20.78265833">
        <ele>127.7</ele>
        <time>2025-07-06T03:34:35Z</time>
      </trkpt>
      <trkpt lat="47.62532333" lon="20.78292333">
        <ele>126.5</ele>
        <time>2025-07-06T03:34:36Z</time>
      </trkpt>
      <trkpt lat="47.62532333" lon="20.78321833">
        <ele>128.6</ele>
        <time>2025-07-06T03:34:37Z</time>
      </trkpt>
      <trkpt lat="47.62531667" lon="20.78349333">
        <ele>126.9</ele>
        <time>2025-07-06T03:34:38Z</time>
      </trkpt>
      <trkpt lat="47.62531167" lon="20.78373667">
        <ele>126.5</ele>
        <time>2025-07-06T03:34:39Z</time>
      </trkpt>
      <trkpt lat="47.62529333" lon="20.78399167">
        <ele>126.5</ele>
        <time>2025-07-06T03:34:40Z</time>
      </trkpt>
      <trkpt lat="47.62527333" lon="20.784245">
        <ele>127.2</ele>
        <time>2025-07-06T03:34:41Z</time>
      </trkpt>
      <trkpt lat="47.62526" lon="20.78449667">
        <ele>127.7</ele>
        <time>2025-07-06T03:34:42Z</time>
      </trkpt>
      <trkpt lat="47.625235" lon="20.78475">
        <ele>127.2</ele>
        <time>2025-07-06T03:34:43Z</time>
      </trkpt>
      <trkpt lat="47.625235" lon="20.784985">
        <ele>126.8</ele>
        <time>2025-07-06T03:34:44Z</time>
      </trkpt>
      <trkpt lat="47.62522833" lon="20.78521833">
        <ele>126.3</ele>
        <time>2025-07-06T03:34:45Z</time>
      </trkpt>
      <trkpt lat="47.62522333" lon="20.78546">
        <ele>126.5</ele>
        <time>2025-07-06T03:34:46Z</time>
      </trkpt>
      <trkpt lat="47.62521667" lon="20.785705">
        <ele>126.5</ele>
        <time>2025-07-06T03:34:47Z</time>
      </trkpt>
      <trkpt lat="47.62520333" lon="20.78594">
        <ele>126.5</ele>
        <time>2025-07-06T03:34:48Z</time>
      </trkpt>
      <trkpt lat="47.62519" lon="20.78616833">
        <ele>126.5</ele>
        <time>2025-07-06T03:34:49Z</time>
      </trkpt>
      <trkpt lat="47.62517667" lon="20.78639167">
        <ele>126.4</ele>
        <time>2025-07-06T03:34:50Z</time>
      </trkpt>
      <trkpt lat="47.62516667" lon="20.78661667">
        <ele>126.3</ele>
        <time>2025-07-06T03:34:51Z</time>
      </trkpt>
      <trkpt lat="47.62515667" lon="20.78684">
        <ele>126.2</ele>
        <time>2025-07-06T03:34:52Z</time>
      </trkpt>
      <trkpt lat="47.62514333" lon="20.78706">
        <ele>126.1</ele>
        <time>2025-07-06T03:34:53Z</time>
      </trkpt>
      <trkpt lat="47.625135" lon="20.78727667">
        <ele>126</ele>
        <time>2025-07-06T03:34:54Z</time>
      </trkpt>
      <trkpt lat="47.625125" lon="20.78747833">
        <ele>127.1</ele>
        <time>2025-07-06T03:34:55Z</time>
      </trkpt>
      <trkpt lat="47.62511667" lon="20.78767">
        <ele>128</ele>
        <time>2025-07-06T03:34:56Z</time>
      </trkpt>
      <trkpt lat="47.62511167" lon="20.78786167">
        <ele>129.3</ele>
        <time>2025-07-06T03:34:57Z</time>
      </trkpt>
      <trkpt lat="47.62510333" lon="20.78804667">
        <ele>125.6</ele>
        <time>2025-07-06T03:34:58Z</time>
      </trkpt>
      <trkpt lat="47.62509167" lon="20.788235">
        <ele>123.9</ele>
        <time>2025-07-06T03:34:59Z</time>
      </trkpt>
      <trkpt lat="47.62509167" lon="20.78842">
        <ele>122.8</ele>
        <time>2025-07-06T03:35:00Z</time>
      </trkpt>
      <trkpt lat="47.62509167" lon="20.7886">
        <ele>122</ele>
        <time>2025-07-06T03:35:01Z</time>
      </trkpt>
      <trkpt lat="47.62508167" lon="20.78877833">
        <ele>121.5</ele>
        <time>2025-07-06T03:35:02Z</time>
      </trkpt>
      <trkpt lat="47.625075" lon="20.788965">
        <ele>121.6</ele>
        <time>2025-07-06T03:35:03Z</time>
      </trkpt>
      <trkpt lat="47.62507333" lon="20.78915333">
        <ele>123.4</ele>
        <time>2025-07-06T03:35:04Z</time>
      </trkpt>
      <trkpt lat="47.62507167" lon="20.78934">
        <ele>124.4</ele>
        <time>2025-07-06T03:35:05Z</time>
      </trkpt>
      <trkpt lat="47.625065" lon="20.78951833">
        <ele>126.3</ele>
        <time>2025-07-06T03:35:06Z</time>
      </trkpt>
      <trkpt lat="47.62505667" lon="20.78969">
        <ele>126.6</ele>
        <time>2025-07-06T03:35:07Z</time>
      </trkpt>
      <trkpt lat="47.62504833" lon="20.78986167">
        <ele>126.8</ele>
        <time>2025-07-06T03:35:08Z</time>
      </trkpt>
      <trkpt lat="47.62504833" lon="20.79002833">
        <ele>126.6</ele>
        <time>2025-07-06T03:35:09Z</time>
      </trkpt>
      <trkpt lat="47.62504667" lon="20.790195">
        <ele>126.4</ele>
        <time>2025-07-06T03:35:10Z</time>
      </trkpt>
      <trkpt lat="47.62504" lon="20.79036">
        <ele>126.5</ele>
        <time>2025-07-06T03:35:11Z</time>
      </trkpt>
      <trkpt lat="47.62502833" lon="20.79052333">
        <ele>126.2</ele>
        <time>2025-07-06T03:35:12Z</time>
      </trkpt>
      <trkpt lat="47.62501833" lon="20.79069">
        <ele>125.8</ele>
        <time>2025-07-06T03:35:13Z</time>
      </trkpt>
      <trkpt lat="47.62500667" lon="20.790855">
        <ele>124.9</ele>
        <time>2025-07-06T03:35:14Z</time>
      </trkpt>
      <trkpt lat="47.624995" lon="20.791015">
        <ele>124.8</ele>
        <time>2025-07-06T03:35:15Z</time>
      </trkpt>
      <trkpt lat="47.62496833" lon="20.79130167">
        <ele>124.7</ele>
        <time>2025-07-06T03:35:17Z</time>
      </trkpt>
      <trkpt lat="47.62496" lon="20.79145833">
        <ele>125.1</ele>
        <time>2025-07-06T03:35:18Z</time>
      </trkpt>
      <trkpt lat="47.62494833" lon="20.79162667">
        <ele>125.2</ele>
        <time>2025-07-06T03:35:19Z</time>
      </trkpt>
      <trkpt lat="47.62495" lon="20.79179">
        <ele>125.6</ele>
        <time>2025-07-06T03:35:20Z</time>
      </trkpt>
      <trkpt lat="47.62494833" lon="20.79196">
        <ele>126.3</ele>
        <time>2025-07-06T03:35:21Z</time>
      </trkpt>
      <trkpt lat="47.62494167" lon="20.79212833">
        <ele>126.5</ele>
        <time>2025-07-06T03:35:22Z</time>
      </trkpt>
      <trkpt lat="47.624935" lon="20.79229833">
        <ele>126.5</ele>
        <time>2025-07-06T03:35:23Z</time>
      </trkpt>
      <trkpt lat="47.62492667" lon="20.79246833">
        <ele>126.4</ele>
        <time>2025-07-06T03:35:24Z</time>
      </trkpt>
      <trkpt lat="47.62491833" lon="20.79264167">
        <ele>126</ele>
        <time>2025-07-06T03:35:25Z</time>
      </trkpt>
      <trkpt lat="47.62491" lon="20.792815">
        <ele>125.6</ele>
        <time>2025-07-06T03:35:26Z</time>
      </trkpt>
      <trkpt lat="47.62490333" lon="20.79298">
        <ele>125.5</ele>
        <time>2025-07-06T03:35:27Z</time>
      </trkpt>
      <trkpt lat="47.62489667" lon="20.79314667">
        <ele>125.8</ele>
        <time>2025-07-06T03:35:28Z</time>
      </trkpt>
      <trkpt lat="47.62488667" lon="20.79331">
        <ele>126.2</ele>
        <time>2025-07-06T03:35:29Z</time>
      </trkpt>
      <trkpt lat="47.62488333" lon="20.793495">
        <ele>126.7</ele>
        <time>2025-07-06T03:35:30Z</time>
      </trkpt>
      <trkpt lat="47.62487833" lon="20.79367333">
        <ele>126.7</ele>
        <time>2025-07-06T03:35:31Z</time>
      </trkpt>
      <trkpt lat="47.62487167" lon="20.79385833">
        <ele>126.8</ele>
        <time>2025-07-06T03:35:32Z</time>
      </trkpt>
      <trkpt lat="47.62486667" lon="20.79404167">
        <ele>126.8</ele>
        <time>2025-07-06T03:35:33Z</time>
      </trkpt>
      <trkpt lat="47.62486167" lon="20.79422667">
        <ele>127.4</ele>
        <time>2025-07-06T03:35:34Z</time>
      </trkpt>
      <trkpt lat="47.62485333" lon="20.79442667">
        <ele>128.7</ele>
        <time>2025-07-06T03:35:35Z</time>
      </trkpt>
      <trkpt lat="47.62484833" lon="20.79462">
        <ele>129.5</ele>
        <time>2025-07-06T03:35:36Z</time>
      </trkpt>
      <trkpt lat="47.62483667" lon="20.79484167">
        <ele>130.4</ele>
        <time>2025-07-06T03:35:37Z</time>
      </trkpt>
      <trkpt lat="47.62482833" lon="20.795045">
        <ele>130.2</ele>
        <time>2025-07-06T03:35:38Z</time>
      </trkpt>
      <trkpt lat="47.62481833" lon="20.79526333">
        <ele>130</ele>
        <time>2025-07-06T03:35:39Z</time>
      </trkpt>
      <trkpt lat="47.624775" lon="20.79547667">
        <ele>123.6</ele>
        <time>2025-07-06T03:35:40Z</time>
      </trkpt>
      <trkpt lat="47.624755" lon="20.795685">
        <ele>123</ele>
        <time>2025-07-06T03:35:41Z</time>
      </trkpt>
      <trkpt lat="47.624725" lon="20.79589667">
        <ele>117.5</ele>
        <time>2025-07-06T03:35:42Z</time>
      </trkpt>
      <trkpt lat="47.62472" lon="20.79610833">
        <ele>117.6</ele>
        <time>2025-07-06T03:35:43Z</time>
      </trkpt>
      <trkpt lat="47.624715" lon="20.79632833">
        <ele>117.3</ele>
        <time>2025-07-06T03:35:44Z</time>
      </trkpt>
      <trkpt lat="47.62471" lon="20.79656167">
        <ele>116.7</ele>
        <time>2025-07-06T03:35:45Z</time>
      </trkpt>
      <trkpt lat="47.62469333" lon="20.79678333">
        <ele>117.2</ele>
        <time>2025-07-06T03:35:46Z</time>
      </trkpt>
      <trkpt lat="47.62467667" lon="20.797025">
        <ele>116.9</ele>
        <time>2025-07-06T03:35:47Z</time>
      </trkpt>
      <trkpt lat="47.62467" lon="20.79726833">
        <ele>117</ele>
        <time>2025-07-06T03:35:48Z</time>
      </trkpt>
      <trkpt lat="47.62465833" lon="20.79751833">
        <ele>116.2</ele>
        <time>2025-07-06T03:35:49Z</time>
      </trkpt>
      <trkpt lat="47.62465" lon="20.79776833">
        <ele>117.2</ele>
        <time>2025-07-06T03:35:50Z</time>
      </trkpt>
      <trkpt lat="47.62464167" lon="20.79800333">
        <ele>117.4</ele>
        <time>2025-07-06T03:35:51Z</time>
      </trkpt>
      <trkpt lat="47.62462667" lon="20.798245">
        <ele>115.6</ele>
        <time>2025-07-06T03:35:52Z</time>
      </trkpt>
      <trkpt lat="47.624615" lon="20.79849">
        <ele>115.7</ele>
        <time>2025-07-06T03:35:53Z</time>
      </trkpt>
      <trkpt lat="47.6246" lon="20.79874167">
        <ele>115.9</ele>
        <time>2025-07-06T03:35:54Z</time>
      </trkpt>
      <trkpt lat="47.62458833" lon="20.79899667">
        <ele>116.3</ele>
        <time>2025-07-06T03:35:55Z</time>
      </trkpt>
      <trkpt lat="47.62457833" lon="20.79924833">
        <ele>116.7</ele>
        <time>2025-07-06T03:35:56Z</time>
      </trkpt>
      <trkpt lat="47.62457333" lon="20.79950167">
        <ele>118.3</ele>
        <time>2025-07-06T03:35:57Z</time>
      </trkpt>
      <trkpt lat="47.62456" lon="20.79976833">
        <ele>118.8</ele>
        <time>2025-07-06T03:35:58Z</time>
      </trkpt>
      <trkpt lat="47.62454833" lon="20.80003667">
        <ele>119.5</ele>
        <time>2025-07-06T03:35:59Z</time>
      </trkpt>
      <trkpt lat="47.62453167" lon="20.80031667">
        <ele>120.5</ele>
        <time>2025-07-06T03:36:00Z</time>
      </trkpt>
      <trkpt lat="47.62451833" lon="20.80057333">
        <ele>120.6</ele>
        <time>2025-07-06T03:36:01Z</time>
      </trkpt>
      <trkpt lat="47.62449667" lon="20.80084667">
        <ele>126.5</ele>
        <time>2025-07-06T03:36:02Z</time>
      </trkpt>
      <trkpt lat="47.62448333" lon="20.80113667">
        <ele>131.4</ele>
        <time>2025-07-06T03:36:03Z</time>
      </trkpt>
      <trkpt lat="47.62447" lon="20.80141667">
        <ele>131.8</ele>
        <time>2025-07-06T03:36:04Z</time>
      </trkpt>
      <trkpt lat="47.62445667" lon="20.80168833">
        <ele>132.5</ele>
        <time>2025-07-06T03:36:05Z</time>
      </trkpt>
      <trkpt lat="47.62445" lon="20.80199167">
        <ele>129.6</ele>
        <time>2025-07-06T03:36:06Z</time>
      </trkpt>
      <trkpt lat="47.62442833" lon="20.80231">
        <ele>127.5</ele>
        <time>2025-07-06T03:36:07Z</time>
      </trkpt>
      <trkpt lat="47.62440833" lon="20.80260167">
        <ele>127.8</ele>
        <time>2025-07-06T03:36:08Z</time>
      </trkpt>
      <trkpt lat="47.62439667" lon="20.80288333">
        <ele>129</ele>
        <time>2025-07-06T03:36:09Z</time>
      </trkpt>
      <trkpt lat="47.62438167" lon="20.80317167">
        <ele>129.9</ele>
        <time>2025-07-06T03:36:10Z</time>
      </trkpt>
      <trkpt lat="47.62437667" lon="20.80346333">
        <ele>130.5</ele>
        <time>2025-07-06T03:36:11Z</time>
      </trkpt>
      <trkpt lat="47.624365" lon="20.80375833">
        <ele>130.8</ele>
        <time>2025-07-06T03:36:12Z</time>
      </trkpt>
      <trkpt lat="47.62434833" lon="20.80404833">
        <ele>131.4</ele>
        <time>2025-07-06T03:36:13Z</time>
      </trkpt>
      <trkpt lat="47.62433333" lon="20.80433333">
        <ele>132.5</ele>
        <time>2025-07-06T03:36:14Z</time>
      </trkpt>
      <trkpt lat="47.62433167" lon="20.80461167">
        <ele>132.8</ele>
        <time>2025-07-06T03:36:15Z</time>
      </trkpt>
      <trkpt lat="47.62433" lon="20.80488333">
        <ele>133.6</ele>
        <time>2025-07-06T03:36:16Z</time>
      </trkpt>
      <trkpt lat="47.62433167" lon="20.80516">
        <ele>134.6</ele>
        <time>2025-07-06T03:36:17Z</time>
      </trkpt>
      <trkpt lat="47.624325" lon="20.80543167">
        <ele>135.4</ele>
        <time>2025-07-06T03:36:18Z</time>
      </trkpt>
      <trkpt lat="47.62431833" lon="20.80569333">
        <ele>135.9</ele>
        <time>2025-07-06T03:36:19Z</time>
      </trkpt>
      <trkpt lat="47.62431333" lon="20.80592167">
        <ele>136.2</ele>
        <time>2025-07-06T03:36:20Z</time>
      </trkpt>
      <trkpt lat="47.62429833" lon="20.80615167">
        <ele>133.9</ele>
        <time>2025-07-06T03:36:21Z</time>
      </trkpt>
      <trkpt lat="47.62428167" lon="20.80638167">
        <ele>132.3</ele>
        <time>2025-07-06T03:36:22Z</time>
      </trkpt>
      <trkpt lat="47.62426833" lon="20.80661">
        <ele>129.9</ele>
        <time>2025-07-06T03:36:23Z</time>
      </trkpt>
      <trkpt lat="47.62426" lon="20.80684">
        <ele>129.8</ele>
        <time>2025-07-06T03:36:24Z</time>
      </trkpt>
      <trkpt lat="47.62425167" lon="20.807055">
        <ele>129.5</ele>
        <time>2025-07-06T03:36:25Z</time>
      </trkpt>
      <trkpt lat="47.62423667" lon="20.80727333">
        <ele>129.6</ele>
        <time>2025-07-06T03:36:26Z</time>
      </trkpt>
      <trkpt lat="47.62421833" lon="20.80748333">
        <ele>126.9</ele>
        <time>2025-07-06T03:36:27Z</time>
      </trkpt>
      <trkpt lat="47.62420667" lon="20.80769833">
        <ele>126.3</ele>
        <time>2025-07-06T03:36:28Z</time>
      </trkpt>
      <trkpt lat="47.62419167" lon="20.80791333">
        <ele>126</ele>
        <time>2025-07-06T03:36:29Z</time>
      </trkpt>
      <trkpt lat="47.62418" lon="20.80812">
        <ele>125.4</ele>
        <time>2025-07-06T03:36:30Z</time>
      </trkpt>
      <trkpt lat="47.62416333" lon="20.80833667">
        <ele>122</ele>
        <time>2025-07-06T03:36:31Z</time>
      </trkpt>
      <trkpt lat="47.62414833" lon="20.80855">
        <ele>122.4</ele>
        <time>2025-07-06T03:36:32Z</time>
      </trkpt>
      <trkpt lat="47.62413667" lon="20.80875667">
        <ele>123.2</ele>
        <time>2025-07-06T03:36:33Z</time>
      </trkpt>
      <trkpt lat="47.62412" lon="20.80895833">
        <ele>119.6</ele>
        <time>2025-07-06T03:36:34Z</time>
      </trkpt>
      <trkpt lat="47.624095" lon="20.809165">
        <ele>124.7</ele>
        <time>2025-07-06T03:36:35Z</time>
      </trkpt>
      <trkpt lat="47.62407833" lon="20.80937833">
        <ele>125.6</ele>
        <time>2025-07-06T03:36:36Z</time>
      </trkpt>
      <trkpt lat="47.62405667" lon="20.80958333">
        <ele>125</ele>
        <time>2025-07-06T03:36:37Z</time>
      </trkpt>
      <trkpt lat="47.62404333" lon="20.809785">
        <ele>125.1</ele>
        <time>2025-07-06T03:36:38Z</time>
      </trkpt>
      <trkpt lat="47.62403" lon="20.80997">
        <ele>128.6</ele>
        <time>2025-07-06T03:36:39Z</time>
      </trkpt>
      <trkpt lat="47.62400667" lon="20.81017167">
        <ele>128.3</ele>
        <time>2025-07-06T03:36:40Z</time>
      </trkpt>
      <trkpt lat="47.62398833" lon="20.81037833">
        <ele>129.5</ele>
        <time>2025-07-06T03:36:41Z</time>
      </trkpt>
      <trkpt lat="47.62397" lon="20.81058167">
        <ele>129.3</ele>
        <time>2025-07-06T03:36:42Z</time>
      </trkpt>
      <trkpt lat="47.62394333" lon="20.81079333">
        <ele>129.4</ele>
        <time>2025-07-06T03:36:43Z</time>
      </trkpt>
      <trkpt lat="47.62391167" lon="20.81101833">
        <ele>129.5</ele>
        <time>2025-07-06T03:36:44Z</time>
      </trkpt>
      <trkpt lat="47.62387333" lon="20.811235">
        <ele>130.2</ele>
        <time>2025-07-06T03:36:45Z</time>
      </trkpt>
      <trkpt lat="47.623835" lon="20.81146333">
        <ele>131.4</ele>
        <time>2025-07-06T03:36:46Z</time>
      </trkpt>
      <trkpt lat="47.62379167" lon="20.81167167">
        <ele>131</ele>
        <time>2025-07-06T03:36:47Z</time>
      </trkpt>
      <trkpt lat="47.62374667" lon="20.81188">
        <ele>131.5</ele>
        <time>2025-07-06T03:36:48Z</time>
      </trkpt>
      <trkpt lat="47.62373833" lon="20.81210167">
        <ele>145.1</ele>
        <time>2025-07-06T03:36:49Z</time>
      </trkpt>
      <trkpt lat="47.62370167" lon="20.81230333">
        <ele>148.1</ele>
        <time>2025-07-06T03:36:50Z</time>
      </trkpt>
      <trkpt lat="47.62365" lon="20.81251">
        <ele>147.6</ele>
        <time>2025-07-06T03:36:51Z</time>
      </trkpt>
      <trkpt lat="47.62360167" lon="20.812735">
        <ele>147.4</ele>
        <time>2025-07-06T03:36:52Z</time>
      </trkpt>
      <trkpt lat="47.62355333" lon="20.81294333">
        <ele>147</ele>
        <time>2025-07-06T03:36:53Z</time>
      </trkpt>
      <trkpt lat="47.62350167" lon="20.81315">
        <ele>146.7</ele>
        <time>2025-07-06T03:36:54Z</time>
      </trkpt>
      <trkpt lat="47.62344" lon="20.81336333">
        <ele>146.4</ele>
        <time>2025-07-06T03:36:55Z</time>
      </trkpt>
      <trkpt lat="47.62338333" lon="20.81358167">
        <ele>146.7</ele>
        <time>2025-07-06T03:36:56Z</time>
      </trkpt>
      <trkpt lat="47.62329" lon="20.81378">
        <ele>135.4</ele>
        <time>2025-07-06T03:36:57Z</time>
      </trkpt>
      <trkpt lat="47.62323667" lon="20.81398">
        <ele>135.2</ele>
        <time>2025-07-06T03:36:58Z</time>
      </trkpt>
      <trkpt lat="47.623185" lon="20.81418">
        <ele>134.7</ele>
        <time>2025-07-06T03:36:59Z</time>
      </trkpt>
      <trkpt lat="47.623135" lon="20.81437833">
        <ele>132.4</ele>
        <time>2025-07-06T03:37:00Z</time>
      </trkpt>
      <trkpt lat="47.62308167" lon="20.81457167">
        <ele>132.1</ele>
        <time>2025-07-06T03:37:01Z</time>
      </trkpt>
      <trkpt lat="47.62303667" lon="20.81474333">
        <ele>132.1</ele>
        <time>2025-07-06T03:37:02Z</time>
      </trkpt>
      <trkpt lat="47.62298833" lon="20.814915">
        <ele>132.1</ele>
        <time>2025-07-06T03:37:03Z</time>
      </trkpt>
      <trkpt lat="47.62294333" lon="20.81507833">
        <ele>132.2</ele>
        <time>2025-07-06T03:37:04Z</time>
      </trkpt>
      <trkpt lat="47.62289667" lon="20.81523833">
        <ele>132.3</ele>
        <time>2025-07-06T03:37:05Z</time>
      </trkpt>
      <trkpt lat="47.62286333" lon="20.81538667">
        <ele>133.1</ele>
        <time>2025-07-06T03:37:06Z</time>
      </trkpt>
      <trkpt lat="47.62282667" lon="20.81553167">
        <ele>133</ele>
        <time>2025-07-06T03:37:07Z</time>
      </trkpt>
      <trkpt lat="47.62279" lon="20.81567167">
        <ele>133.2</ele>
        <time>2025-07-06T03:37:08Z</time>
      </trkpt>
      <trkpt lat="47.62275833" lon="20.81580333">
        <ele>133</ele>
        <time>2025-07-06T03:37:09Z</time>
      </trkpt>
      <trkpt lat="47.62272833" lon="20.815935">
        <ele>132.1</ele>
        <time>2025-07-06T03:37:10Z</time>
      </trkpt>
      <trkpt lat="47.62270667" lon="20.816065">
        <ele>131.6</ele>
        <time>2025-07-06T03:37:11Z</time>
      </trkpt>
      <trkpt lat="47.622675" lon="20.81619">
        <ele>130.6</ele>
        <time>2025-07-06T03:37:12Z</time>
      </trkpt>
      <trkpt lat="47.62261" lon="20.81642667">
        <ele>128.4</ele>
        <time>2025-07-06T03:37:14Z</time>
      </trkpt>
      <trkpt lat="47.62255" lon="20.81667">
        <ele>125.9</ele>
        <time>2025-07-06T03:37:16Z</time>
      </trkpt>
      <trkpt lat="47.62248667" lon="20.81692667">
        <ele>124.1</ele>
        <time>2025-07-06T03:37:18Z</time>
      </trkpt>
      <trkpt lat="47.62244833" lon="20.81707167">
        <ele>123.8</ele>
        <time>2025-07-06T03:37:19Z</time>
      </trkpt>
      <trkpt lat="47.62241833" lon="20.81721667">
        <ele>124.5</ele>
        <time>2025-07-06T03:37:20Z</time>
      </trkpt>
      <trkpt lat="47.62238333" lon="20.81737167">
        <ele>124.1</ele>
        <time>2025-07-06T03:37:21Z</time>
      </trkpt>
      <trkpt lat="47.62234333" lon="20.817535">
        <ele>123.4</ele>
        <time>2025-07-06T03:37:22Z</time>
      </trkpt>
      <trkpt lat="47.62230333" lon="20.81769667">
        <ele>122.8</ele>
        <time>2025-07-06T03:37:23Z</time>
      </trkpt>
      <trkpt lat="47.62226667" lon="20.81784833">
        <ele>122.6</ele>
        <time>2025-07-06T03:37:24Z</time>
      </trkpt>
      <trkpt lat="47.622235" lon="20.818">
        <ele>122.6</ele>
        <time>2025-07-06T03:37:25Z</time>
      </trkpt>
      <trkpt lat="47.6222" lon="20.81816167">
        <ele>122.5</ele>
        <time>2025-07-06T03:37:26Z</time>
      </trkpt>
      <trkpt lat="47.62216333" lon="20.81832">
        <ele>122.5</ele>
        <time>2025-07-06T03:37:27Z</time>
      </trkpt>
      <trkpt lat="47.62212167" lon="20.81847833">
        <ele>122.5</ele>
        <time>2025-07-06T03:37:28Z</time>
      </trkpt>
      <trkpt lat="47.62208333" lon="20.81862167">
        <ele>122.2</ele>
        <time>2025-07-06T03:37:29Z</time>
      </trkpt>
      <trkpt lat="47.62204667" lon="20.818775">
        <ele>122.1</ele>
        <time>2025-07-06T03:37:30Z</time>
      </trkpt>
      <trkpt lat="47.62200667" lon="20.81893167">
        <ele>122.1</ele>
        <time>2025-07-06T03:37:31Z</time>
      </trkpt>
      <trkpt lat="47.621965" lon="20.81909333">
        <ele>121.9</ele>
        <time>2025-07-06T03:37:32Z</time>
      </trkpt>
      <trkpt lat="47.62192167" lon="20.81925667">
        <ele>121.9</ele>
        <time>2025-07-06T03:37:33Z</time>
      </trkpt>
      <trkpt lat="47.621875" lon="20.819415">
        <ele>121.6</ele>
        <time>2025-07-06T03:37:34Z</time>
      </trkpt>
      <trkpt lat="47.62183167" lon="20.81957167">
        <ele>121.5</ele>
        <time>2025-07-06T03:37:35Z</time>
      </trkpt>
      <trkpt lat="47.62179333" lon="20.81972167">
        <ele>121.3</ele>
        <time>2025-07-06T03:37:36Z</time>
      </trkpt>
      <trkpt lat="47.62175" lon="20.81987167">
        <ele>121</ele>
        <time>2025-07-06T03:37:37Z</time>
      </trkpt>
      <trkpt lat="47.62170167" lon="20.82001833">
        <ele>120.9</ele>
        <time>2025-07-06T03:37:38Z</time>
      </trkpt>
      <trkpt lat="47.62165667" lon="20.82016">
        <ele>121</ele>
        <time>2025-07-06T03:37:39Z</time>
      </trkpt>
      <trkpt lat="47.621615" lon="20.82030667">
        <ele>121.1</ele>
        <time>2025-07-06T03:37:40Z</time>
      </trkpt>
      <trkpt lat="47.62157" lon="20.82045833">
        <ele>121.4</ele>
        <time>2025-07-06T03:37:41Z</time>
      </trkpt>
      <trkpt lat="47.62152" lon="20.820615">
        <ele>121.5</ele>
        <time>2025-07-06T03:37:42Z</time>
      </trkpt>
      <trkpt lat="47.62146833" lon="20.82076333">
        <ele>121.7</ele>
        <time>2025-07-06T03:37:43Z</time>
      </trkpt>
      <trkpt lat="47.62142" lon="20.82091">
        <ele>122</ele>
        <time>2025-07-06T03:37:44Z</time>
      </trkpt>
      <trkpt lat="47.62137833" lon="20.82106667">
        <ele>122.4</ele>
        <time>2025-07-06T03:37:45Z</time>
      </trkpt>
      <trkpt lat="47.62133" lon="20.82120833">
        <ele>122.9</ele>
        <time>2025-07-06T03:37:46Z</time>
      </trkpt>
      <trkpt lat="47.62129833" lon="20.82134833">
        <ele>122.8</ele>
        <time>2025-07-06T03:37:47Z</time>
      </trkpt>
      <trkpt lat="47.62124333" lon="20.82161667">
        <ele>122.2</ele>
        <time>2025-07-06T03:37:49Z</time>
      </trkpt>
      <trkpt lat="47.62120333" lon="20.82175833">
        <ele>122.6</ele>
        <time>2025-07-06T03:37:50Z</time>
      </trkpt>
      <trkpt lat="47.62116167" lon="20.82190667">
        <ele>124.6</ele>
        <time>2025-07-06T03:37:51Z</time>
      </trkpt>
      <trkpt lat="47.62111667" lon="20.82204">
        <ele>124.7</ele>
        <time>2025-07-06T03:37:52Z</time>
      </trkpt>
      <trkpt lat="47.62108833" lon="20.82218333">
        <ele>124.4</ele>
        <time>2025-07-06T03:37:53Z</time>
      </trkpt>
      <trkpt lat="47.62105833" lon="20.82233333">
        <ele>124.3</ele>
        <time>2025-07-06T03:37:54Z</time>
      </trkpt>
      <trkpt lat="47.62102" lon="20.82248667">
        <ele>124.3</ele>
        <time>2025-07-06T03:37:55Z</time>
      </trkpt>
      <trkpt lat="47.620975" lon="20.822645">
        <ele>124.9</ele>
        <time>2025-07-06T03:37:56Z</time>
      </trkpt>
      <trkpt lat="47.62093167" lon="20.82281167">
        <ele>125.3</ele>
        <time>2025-07-06T03:37:57Z</time>
      </trkpt>
      <trkpt lat="47.62088333" lon="20.82297167">
        <ele>126.1</ele>
        <time>2025-07-06T03:37:58Z</time>
      </trkpt>
      <trkpt lat="47.62084333" lon="20.82312667">
        <ele>126.8</ele>
        <time>2025-07-06T03:37:59Z</time>
      </trkpt>
      <trkpt lat="47.62080833" lon="20.82329">
        <ele>127.9</ele>
        <time>2025-07-06T03:38:00Z</time>
      </trkpt>
      <trkpt lat="47.62076667" lon="20.82343833">
        <ele>128.2</ele>
        <time>2025-07-06T03:38:01Z</time>
      </trkpt>
      <trkpt lat="47.620705" lon="20.823575">
        <ele>128.6</ele>
        <time>2025-07-06T03:38:02Z</time>
      </trkpt>
      <trkpt lat="47.620665" lon="20.82371833">
        <ele>128.8</ele>
        <time>2025-07-06T03:38:03Z</time>
      </trkpt>
      <trkpt lat="47.62062667" lon="20.82386833">
        <ele>129.3</ele>
        <time>2025-07-06T03:38:04Z</time>
      </trkpt>
      <trkpt lat="47.62058833" lon="20.82401833">
        <ele>129.9</ele>
        <time>2025-07-06T03:38:05Z</time>
      </trkpt>
      <trkpt lat="47.62055" lon="20.824175">
        <ele>130.1</ele>
        <time>2025-07-06T03:38:06Z</time>
      </trkpt>
      <trkpt lat="47.62051167" lon="20.82432667">
        <ele>131.4</ele>
        <time>2025-07-06T03:38:07Z</time>
      </trkpt>
      <trkpt lat="47.62047" lon="20.82446833">
        <ele>132.4</ele>
        <time>2025-07-06T03:38:08Z</time>
      </trkpt>
      <trkpt lat="47.62043" lon="20.82461167">
        <ele>132.8</ele>
        <time>2025-07-06T03:38:09Z</time>
      </trkpt>
      <trkpt lat="47.620395" lon="20.82475667">
        <ele>132.7</ele>
        <time>2025-07-06T03:38:10Z</time>
      </trkpt>
      <trkpt lat="47.62036167" lon="20.82490333">
        <ele>133.1</ele>
        <time>2025-07-06T03:38:11Z</time>
      </trkpt>
      <trkpt lat="47.62031833" lon="20.82504333">
        <ele>134.6</ele>
        <time>2025-07-06T03:38:12Z</time>
      </trkpt>
      <trkpt lat="47.620285" lon="20.82518667">
        <ele>134.4</ele>
        <time>2025-07-06T03:38:13Z</time>
      </trkpt>
      <trkpt lat="47.62024667" lon="20.82532333">
        <ele>135.3</ele>
        <time>2025-07-06T03:38:14Z</time>
      </trkpt>
      <trkpt lat="47.62021833" lon="20.82547667">
        <ele>135.5</ele>
        <time>2025-07-06T03:38:15Z</time>
      </trkpt>
      <trkpt lat="47.62018833" lon="20.82563">
        <ele>135.7</ele>
        <time>2025-07-06T03:38:16Z</time>
      </trkpt>
      <trkpt lat="47.62015" lon="20.82578333">
        <ele>136.5</ele>
        <time>2025-07-06T03:38:17Z</time>
      </trkpt>
      <trkpt lat="47.62011667" lon="20.82593167">
        <ele>137.6</ele>
        <time>2025-07-06T03:38:18Z</time>
      </trkpt>
      <trkpt lat="47.620085" lon="20.82606667">
        <ele>136.3</ele>
        <time>2025-07-06T03:38:19Z</time>
      </trkpt>
      <trkpt lat="47.62005" lon="20.826205">
        <ele>136.1</ele>
        <time>2025-07-06T03:38:20Z</time>
      </trkpt>
      <trkpt lat="47.62001833" lon="20.82634">
        <ele>135.9</ele>
        <time>2025-07-06T03:38:21Z</time>
      </trkpt>
      <trkpt lat="47.61998167" lon="20.82647333">
        <ele>136.1</ele>
        <time>2025-07-06T03:38:22Z</time>
      </trkpt>
      <trkpt lat="47.61995167" lon="20.82662167">
        <ele>135.5</ele>
        <time>2025-07-06T03:38:23Z</time>
      </trkpt>
      <trkpt lat="47.61991167" lon="20.82674833">
        <ele>134.4</ele>
        <time>2025-07-06T03:38:24Z</time>
      </trkpt>
      <trkpt lat="47.61987167" lon="20.82689333">
        <ele>133.6</ele>
        <time>2025-07-06T03:38:25Z</time>
      </trkpt>
      <trkpt lat="47.61983" lon="20.82705167">
        <ele>132.9</ele>
        <time>2025-07-06T03:38:26Z</time>
      </trkpt>
      <trkpt lat="47.619795" lon="20.82721667">
        <ele>132.4</ele>
        <time>2025-07-06T03:38:27Z</time>
      </trkpt>
      <trkpt lat="47.619765" lon="20.82737167">
        <ele>132.1</ele>
        <time>2025-07-06T03:38:28Z</time>
      </trkpt>
      <trkpt lat="47.61973333" lon="20.827525">
        <ele>131.8</ele>
        <time>2025-07-06T03:38:29Z</time>
      </trkpt>
      <trkpt lat="47.61970667" lon="20.82767833">
        <ele>130.8</ele>
        <time>2025-07-06T03:38:30Z</time>
      </trkpt>
      <trkpt lat="47.61969" lon="20.82781333">
        <ele>130.2</ele>
        <time>2025-07-06T03:38:31Z</time>
      </trkpt>
      <trkpt lat="47.61966333" lon="20.82796333">
        <ele>130.1</ele>
        <time>2025-07-06T03:38:32Z</time>
      </trkpt>
      <trkpt lat="47.61963167" lon="20.82811833">
        <ele>130.6</ele>
        <time>2025-07-06T03:38:33Z</time>
      </trkpt>
      <trkpt lat="47.61961167" lon="20.82827167">
        <ele>130.9</ele>
        <time>2025-07-06T03:38:34Z</time>
      </trkpt>
      <trkpt lat="47.61959167" lon="20.82843167">
        <ele>131.4</ele>
        <time>2025-07-06T03:38:35Z</time>
      </trkpt>
      <trkpt lat="47.619575" lon="20.82858">
        <ele>132.1</ele>
        <time>2025-07-06T03:38:36Z</time>
      </trkpt>
      <trkpt lat="47.61956167" lon="20.82873833">
        <ele>132.7</ele>
        <time>2025-07-06T03:38:37Z</time>
      </trkpt>
      <trkpt lat="47.61954" lon="20.82890167">
        <ele>133.1</ele>
        <time>2025-07-06T03:38:38Z</time>
      </trkpt>
      <trkpt lat="47.61954" lon="20.82905">
        <ele>134.6</ele>
        <time>2025-07-06T03:38:39Z</time>
      </trkpt>
      <trkpt lat="47.61951667" lon="20.82921667">
        <ele>134.1</ele>
        <time>2025-07-06T03:38:40Z</time>
      </trkpt>
      <trkpt lat="47.61949333" lon="20.829375">
        <ele>133.7</ele>
        <time>2025-07-06T03:38:41Z</time>
      </trkpt>
      <trkpt lat="47.619475" lon="20.829525">
        <ele>133.5</ele>
        <time>2025-07-06T03:38:42Z</time>
      </trkpt>
      <trkpt lat="47.61945833" lon="20.82967667">
        <ele>133.2</ele>
        <time>2025-07-06T03:38:43Z</time>
      </trkpt>
      <trkpt lat="47.61944333" lon="20.82983333">
        <ele>132.6</ele>
        <time>2025-07-06T03:38:44Z</time>
      </trkpt>
      <trkpt lat="47.61942667" lon="20.829995">
        <ele>132</ele>
        <time>2025-07-06T03:38:45Z</time>
      </trkpt>
      <trkpt lat="47.619415" lon="20.830145">
        <ele>132</ele>
        <time>2025-07-06T03:38:46Z</time>
      </trkpt>
      <trkpt lat="47.61940667" lon="20.830295">
        <ele>132</ele>
        <time>2025-07-06T03:38:47Z</time>
      </trkpt>
      <trkpt lat="47.61938333" lon="20.83054667">
        <ele>132.8</ele>
        <time>2025-07-06T03:38:49Z</time>
      </trkpt>
      <trkpt lat="47.61937333" lon="20.83080667">
        <ele>133.3</ele>
        <time>2025-07-06T03:38:51Z</time>
      </trkpt>
      <trkpt lat="47.619365" lon="20.83106">
        <ele>133.1</ele>
        <time>2025-07-06T03:38:53Z</time>
      </trkpt>
      <trkpt lat="47.61936333" lon="20.83120167">
        <ele>132.6</ele>
        <time>2025-07-06T03:38:54Z</time>
      </trkpt>
      <trkpt lat="47.61935167" lon="20.83135">
        <ele>132.2</ele>
        <time>2025-07-06T03:38:55Z</time>
      </trkpt>
      <trkpt lat="47.61934333" lon="20.83149833">
        <ele>133.1</ele>
        <time>2025-07-06T03:38:56Z</time>
      </trkpt>
      <trkpt lat="47.61934667" lon="20.83164667">
        <ele>137.4</ele>
        <time>2025-07-06T03:38:57Z</time>
      </trkpt>
      <trkpt lat="47.61933833" lon="20.83182167">
        <ele>139.4</ele>
        <time>2025-07-06T03:38:58Z</time>
      </trkpt>
      <trkpt lat="47.619325" lon="20.83198167">
        <ele>137.5</ele>
        <time>2025-07-06T03:38:59Z</time>
      </trkpt>
      <trkpt lat="47.61931" lon="20.83212667">
        <ele>136.1</ele>
        <time>2025-07-06T03:39:00Z</time>
      </trkpt>
      <trkpt lat="47.61930667" lon="20.83227833">
        <ele>139.6</ele>
        <time>2025-07-06T03:39:01Z</time>
      </trkpt>
      <trkpt lat="47.61928167" lon="20.83242833">
        <ele>139.3</ele>
        <time>2025-07-06T03:39:02Z</time>
      </trkpt>
      <trkpt lat="47.61925333" lon="20.83257333">
        <ele>137.4</ele>
        <time>2025-07-06T03:39:03Z</time>
      </trkpt>
      <trkpt lat="47.619225" lon="20.83272333">
        <ele>135.3</ele>
        <time>2025-07-06T03:39:04Z</time>
      </trkpt>
      <trkpt lat="47.619215" lon="20.83287167">
        <ele>135.6</ele>
        <time>2025-07-06T03:39:05Z</time>
      </trkpt>
      <trkpt lat="47.619205" lon="20.83301667">
        <ele>135.5</ele>
        <time>2025-07-06T03:39:06Z</time>
      </trkpt>
      <trkpt lat="47.619195" lon="20.83316333">
        <ele>135.6</ele>
        <time>2025-07-06T03:39:07Z</time>
      </trkpt>
      <trkpt lat="47.619175" lon="20.83331667">
        <ele>129</ele>
        <time>2025-07-06T03:39:08Z</time>
      </trkpt>
      <trkpt lat="47.61916167" lon="20.83346167">
        <ele>130.4</ele>
        <time>2025-07-06T03:39:09Z</time>
      </trkpt>
      <trkpt lat="47.61915833" lon="20.83361167">
        <ele>134.3</ele>
        <time>2025-07-06T03:39:10Z</time>
      </trkpt>
      <trkpt lat="47.619155" lon="20.83376">
        <ele>136.6</ele>
        <time>2025-07-06T03:39:11Z</time>
      </trkpt>
      <trkpt lat="47.619155" lon="20.83392333">
        <ele>136.2</ele>
        <time>2025-07-06T03:39:12Z</time>
      </trkpt>
      <trkpt lat="47.61914833" lon="20.83408333">
        <ele>136.6</ele>
        <time>2025-07-06T03:39:13Z</time>
      </trkpt>
      <trkpt lat="47.619145" lon="20.83424833">
        <ele>137</ele>
        <time>2025-07-06T03:39:14Z</time>
      </trkpt>
      <trkpt lat="47.61913833" lon="20.834435">
        <ele>137.1</ele>
        <time>2025-07-06T03:39:15Z</time>
      </trkpt>
      <trkpt lat="47.61913" lon="20.83461667">
        <ele>137.3</ele>
        <time>2025-07-06T03:39:16Z</time>
      </trkpt>
      <trkpt lat="47.619125" lon="20.834785">
        <ele>137.1</ele>
        <time>2025-07-06T03:39:17Z</time>
      </trkpt>
      <trkpt lat="47.61912" lon="20.83495833">
        <ele>137.4</ele>
        <time>2025-07-06T03:39:18Z</time>
      </trkpt>
      <trkpt lat="47.61911" lon="20.83513667">
        <ele>137.5</ele>
        <time>2025-07-06T03:39:19Z</time>
      </trkpt>
      <trkpt lat="47.61910333" lon="20.83531167">
        <ele>137.5</ele>
        <time>2025-07-06T03:39:20Z</time>
      </trkpt>
      <trkpt lat="47.61908833" lon="20.83548833">
        <ele>137.4</ele>
        <time>2025-07-06T03:39:21Z</time>
      </trkpt>
      <trkpt lat="47.61907833" lon="20.83564333">
        <ele>137.1</ele>
        <time>2025-07-06T03:39:22Z</time>
      </trkpt>
      <trkpt lat="47.619075" lon="20.83579">
        <ele>136.1</ele>
        <time>2025-07-06T03:39:23Z</time>
      </trkpt>
      <trkpt lat="47.61906667" lon="20.83597333">
        <ele>136.2</ele>
        <time>2025-07-06T03:39:24Z</time>
      </trkpt>
      <trkpt lat="47.61905167" lon="20.83618167">
        <ele>135.3</ele>
        <time>2025-07-06T03:39:25Z</time>
      </trkpt>
      <trkpt lat="47.61904333" lon="20.83636167">
        <ele>134.6</ele>
        <time>2025-07-06T03:39:26Z</time>
      </trkpt>
      <trkpt lat="47.61902667" lon="20.83654">
        <ele>134.2</ele>
        <time>2025-07-06T03:39:27Z</time>
      </trkpt>
      <trkpt lat="47.619015" lon="20.836705">
        <ele>133.8</ele>
        <time>2025-07-06T03:39:28Z</time>
      </trkpt>
      <trkpt lat="47.61900833" lon="20.83687">
        <ele>133.5</ele>
        <time>2025-07-06T03:39:29Z</time>
      </trkpt>
      <trkpt lat="47.61899833" lon="20.83703833">
        <ele>133.2</ele>
        <time>2025-07-06T03:39:30Z</time>
      </trkpt>
      <trkpt lat="47.61898833" lon="20.83721167">
        <ele>132.8</ele>
        <time>2025-07-06T03:39:31Z</time>
      </trkpt>
      <trkpt lat="47.61897833" lon="20.83738167">
        <ele>132.8</ele>
        <time>2025-07-06T03:39:32Z</time>
      </trkpt>
      <trkpt lat="47.618975" lon="20.83755167">
        <ele>133.1</ele>
        <time>2025-07-06T03:39:33Z</time>
      </trkpt>
      <trkpt lat="47.61896" lon="20.83773167">
        <ele>132.9</ele>
        <time>2025-07-06T03:39:34Z</time>
      </trkpt>
      <trkpt lat="47.61895" lon="20.837905">
        <ele>132.7</ele>
        <time>2025-07-06T03:39:35Z</time>
      </trkpt>
      <trkpt lat="47.61893667" lon="20.83808667">
        <ele>132.4</ele>
        <time>2025-07-06T03:39:36Z</time>
      </trkpt>
      <trkpt lat="47.61892167" lon="20.83825833">
        <ele>131.8</ele>
        <time>2025-07-06T03:39:37Z</time>
      </trkpt>
      <trkpt lat="47.61891" lon="20.83842333">
        <ele>131.8</ele>
        <time>2025-07-06T03:39:38Z</time>
      </trkpt>
      <trkpt lat="47.6189" lon="20.83857833">
        <ele>132</ele>
        <time>2025-07-06T03:39:39Z</time>
      </trkpt>
      <trkpt lat="47.61888333" lon="20.83873">
        <ele>132.2</ele>
        <time>2025-07-06T03:39:40Z</time>
      </trkpt>
      <trkpt lat="47.61887" lon="20.83888">
        <ele>132.6</ele>
        <time>2025-07-06T03:39:41Z</time>
      </trkpt>
      <trkpt lat="47.61886167" lon="20.83903167">
        <ele>132.7</ele>
        <time>2025-07-06T03:39:42Z</time>
      </trkpt>
      <trkpt lat="47.61885333" lon="20.83918333">
        <ele>132.9</ele>
        <time>2025-07-06T03:39:43Z</time>
      </trkpt>
      <trkpt lat="47.61884" lon="20.83932833">
        <ele>132.6</ele>
        <time>2025-07-06T03:39:44Z</time>
      </trkpt>
      <trkpt lat="47.61882333" lon="20.83947167">
        <ele>132.3</ele>
        <time>2025-07-06T03:39:45Z</time>
      </trkpt>
      <trkpt lat="47.61881333" lon="20.83962333">
        <ele>131.7</ele>
        <time>2025-07-06T03:39:46Z</time>
      </trkpt>
      <trkpt lat="47.61880333" lon="20.839765">
        <ele>131.1</ele>
        <time>2025-07-06T03:39:47Z</time>
      </trkpt>
      <trkpt lat="47.6188" lon="20.840015">
        <ele>124.7</ele>
        <time>2025-07-06T03:39:49Z</time>
      </trkpt>
      <trkpt lat="47.61878167" lon="20.84016">
        <ele>124.7</ele>
        <time>2025-07-06T03:39:50Z</time>
      </trkpt>
      <trkpt lat="47.618765" lon="20.84030333">
        <ele>124.4</ele>
        <time>2025-07-06T03:39:51Z</time>
      </trkpt>
      <trkpt lat="47.61875" lon="20.840445">
        <ele>124.2</ele>
        <time>2025-07-06T03:39:52Z</time>
      </trkpt>
      <trkpt lat="47.61873333" lon="20.84057667">
        <ele>124</ele>
        <time>2025-07-06T03:39:53Z</time>
      </trkpt>
      <trkpt lat="47.61870833" lon="20.84082167">
        <ele>124</ele>
        <time>2025-07-06T03:39:55Z</time>
      </trkpt>
      <trkpt lat="47.61869333" lon="20.84105833">
        <ele>124.6</ele>
        <time>2025-07-06T03:39:57Z</time>
      </trkpt>
      <trkpt lat="47.61867667" lon="20.84129333">
        <ele>124.1</ele>
        <time>2025-07-06T03:39:59Z</time>
      </trkpt>
      <trkpt lat="47.61873167" lon="20.84149833">
        <ele>129.1</ele>
        <time>2025-07-06T03:40:01Z</time>
      </trkpt>
      <trkpt lat="47.61872333" lon="20.841645">
        <ele>127.8</ele>
        <time>2025-07-06T03:40:02Z</time>
      </trkpt>
      <trkpt lat="47.61871833" lon="20.84178667">
        <ele>131.7</ele>
        <time>2025-07-06T03:40:03Z</time>
      </trkpt>
      <trkpt lat="47.61871167" lon="20.84193667">
        <ele>133.7</ele>
        <time>2025-07-06T03:40:04Z</time>
      </trkpt>
      <trkpt lat="47.618705" lon="20.8421">
        <ele>133.5</ele>
        <time>2025-07-06T03:40:05Z</time>
      </trkpt>
      <trkpt lat="47.61869833" lon="20.84227167">
        <ele>131.4</ele>
        <time>2025-07-06T03:40:06Z</time>
      </trkpt>
      <trkpt lat="47.6187" lon="20.84247667">
        <ele>126.9</ele>
        <time>2025-07-06T03:40:07Z</time>
      </trkpt>
      <trkpt lat="47.61870167" lon="20.84266167">
        <ele>124.9</ele>
        <time>2025-07-06T03:40:08Z</time>
      </trkpt>
      <trkpt lat="47.61869833" lon="20.84282833">
        <ele>124.6</ele>
        <time>2025-07-06T03:40:09Z</time>
      </trkpt>
      <trkpt lat="47.61868667" lon="20.843">
        <ele>124.7</ele>
        <time>2025-07-06T03:40:10Z</time>
      </trkpt>
      <trkpt lat="47.61866833" lon="20.84317">
        <ele>125.6</ele>
        <time>2025-07-06T03:40:11Z</time>
      </trkpt>
      <trkpt lat="47.61865333" lon="20.84335">
        <ele>125.8</ele>
        <time>2025-07-06T03:40:12Z</time>
      </trkpt>
      <trkpt lat="47.61863667" lon="20.843545">
        <ele>126.5</ele>
        <time>2025-07-06T03:40:13Z</time>
      </trkpt>
      <trkpt lat="47.61861833" lon="20.84374333">
        <ele>126.9</ele>
        <time>2025-07-06T03:40:14Z</time>
      </trkpt>
      <trkpt lat="47.6186" lon="20.84395167">
        <ele>127.4</ele>
        <time>2025-07-06T03:40:15Z</time>
      </trkpt>
      <trkpt lat="47.61862" lon="20.84416167">
        <ele>131.5</ele>
        <time>2025-07-06T03:40:16Z</time>
      </trkpt>
      <trkpt lat="47.61862" lon="20.844355">
        <ele>134.6</ele>
        <time>2025-07-06T03:40:17Z</time>
      </trkpt>
      <trkpt lat="47.61860167" lon="20.84452667">
        <ele>136.5</ele>
        <time>2025-07-06T03:40:18Z</time>
      </trkpt>
      <trkpt lat="47.61858167" lon="20.84472667">
        <ele>136.9</ele>
        <time>2025-07-06T03:40:19Z</time>
      </trkpt>
      <trkpt lat="47.61856667" lon="20.84493333">
        <ele>137.3</ele>
        <time>2025-07-06T03:40:20Z</time>
      </trkpt>
      <trkpt lat="47.61855833" lon="20.84513333">
        <ele>137.4</ele>
        <time>2025-07-06T03:40:21Z</time>
      </trkpt>
      <trkpt lat="47.61854167" lon="20.84535667">
        <ele>137.9</ele>
        <time>2025-07-06T03:40:22Z</time>
      </trkpt>
      <trkpt lat="47.61853167" lon="20.845595">
        <ele>138.6</ele>
        <time>2025-07-06T03:40:23Z</time>
      </trkpt>
      <trkpt lat="47.61852333" lon="20.84584667">
        <ele>140.8</ele>
        <time>2025-07-06T03:40:24Z</time>
      </trkpt>
      <trkpt lat="47.61850667" lon="20.84608333">
        <ele>142.2</ele>
        <time>2025-07-06T03:40:25Z</time>
      </trkpt>
      <trkpt lat="47.61848833" lon="20.84631667">
        <ele>142.4</ele>
        <time>2025-07-06T03:40:26Z</time>
      </trkpt>
      <trkpt lat="47.61846833" lon="20.84655833">
        <ele>142.8</ele>
        <time>2025-07-06T03:40:27Z</time>
      </trkpt>
      <trkpt lat="47.61843667" lon="20.84683">
        <ele>143.9</ele>
        <time>2025-07-06T03:40:28Z</time>
      </trkpt>
      <trkpt lat="47.61842" lon="20.84709667">
        <ele>144.6</ele>
        <time>2025-07-06T03:40:29Z</time>
      </trkpt>
      <trkpt lat="47.6184" lon="20.847335">
        <ele>145.6</ele>
        <time>2025-07-06T03:40:30Z</time>
      </trkpt>
      <trkpt lat="47.61840833" lon="20.84759167">
        <ele>149.2</ele>
        <time>2025-07-06T03:40:31Z</time>
      </trkpt>
      <trkpt lat="47.61839667" lon="20.84783667">
        <ele>149.6</ele>
        <time>2025-07-06T03:40:32Z</time>
      </trkpt>
      <trkpt lat="47.61839167" lon="20.84806833">
        <ele>149.8</ele>
        <time>2025-07-06T03:40:33Z</time>
      </trkpt>
      <trkpt lat="47.61837" lon="20.84830833">
        <ele>146.4</ele>
        <time>2025-07-06T03:40:34Z</time>
      </trkpt>
      <trkpt lat="47.618355" lon="20.84854">
        <ele>143.2</ele>
        <time>2025-07-06T03:40:35Z</time>
      </trkpt>
      <trkpt lat="47.61835333" lon="20.84876667">
        <ele>143.1</ele>
        <time>2025-07-06T03:40:36Z</time>
      </trkpt>
      <trkpt lat="47.61833" lon="20.84902833">
        <ele>143.5</ele>
        <time>2025-07-06T03:40:37Z</time>
      </trkpt>
      <trkpt lat="47.61830833" lon="20.84929">
        <ele>144.6</ele>
        <time>2025-07-06T03:40:38Z</time>
      </trkpt>
      <trkpt lat="47.61829667" lon="20.84954833">
        <ele>144.9</ele>
        <time>2025-07-06T03:40:39Z</time>
      </trkpt>
      <trkpt lat="47.61827667" lon="20.84981667">
        <ele>145</ele>
        <time>2025-07-06T03:40:40Z</time>
      </trkpt>
      <trkpt lat="47.61828167" lon="20.85008333">
        <ele>145.2</ele>
        <time>2025-07-06T03:40:41Z</time>
      </trkpt>
      <trkpt lat="47.61826167" lon="20.85035333">
        <ele>145.4</ele>
        <time>2025-07-06T03:40:42Z</time>
      </trkpt>
      <trkpt lat="47.61824667" lon="20.85063167">
        <ele>145.7</ele>
        <time>2025-07-06T03:40:43Z</time>
      </trkpt>
      <trkpt lat="47.61823667" lon="20.85091333">
        <ele>145.9</ele>
        <time>2025-07-06T03:40:44Z</time>
      </trkpt>
      <trkpt lat="47.61822" lon="20.851195">
        <ele>146.2</ele>
        <time>2025-07-06T03:40:45Z</time>
      </trkpt>
      <trkpt lat="47.61820333" lon="20.85147333">
        <ele>146.4</ele>
        <time>2025-07-06T03:40:46Z</time>
      </trkpt>
      <trkpt lat="47.61819833" lon="20.85174667">
        <ele>146.5</ele>
        <time>2025-07-06T03:40:47Z</time>
      </trkpt>
      <trkpt lat="47.6182" lon="20.852035">
        <ele>142.1</ele>
        <time>2025-07-06T03:40:48Z</time>
      </trkpt>
      <trkpt lat="47.618185" lon="20.852305">
        <ele>140.1</ele>
        <time>2025-07-06T03:40:49Z</time>
      </trkpt>
      <trkpt lat="47.61818" lon="20.85255833">
        <ele>140.1</ele>
        <time>2025-07-06T03:40:50Z</time>
      </trkpt>
      <trkpt lat="47.618175" lon="20.852795">
        <ele>140.2</ele>
        <time>2025-07-06T03:40:51Z</time>
      </trkpt>
      <trkpt lat="47.61817" lon="20.85302167">
        <ele>140.1</ele>
        <time>2025-07-06T03:40:52Z</time>
      </trkpt>
      <trkpt lat="47.61816167" lon="20.85324333">
        <ele>140.1</ele>
        <time>2025-07-06T03:40:53Z</time>
      </trkpt>
      <trkpt lat="47.61815167" lon="20.85347">
        <ele>140.1</ele>
        <time>2025-07-06T03:40:54Z</time>
      </trkpt>
      <trkpt lat="47.618145" lon="20.85369167">
        <ele>140.2</ele>
        <time>2025-07-06T03:40:55Z</time>
      </trkpt>
      <trkpt lat="47.61813667" lon="20.85392167">
        <ele>140.2</ele>
        <time>2025-07-06T03:40:56Z</time>
      </trkpt>
      <trkpt lat="47.61812" lon="20.854145">
        <ele>140.3</ele>
        <time>2025-07-06T03:40:57Z</time>
      </trkpt>
      <trkpt lat="47.61812167" lon="20.854355">
        <ele>140.3</ele>
        <time>2025-07-06T03:40:58Z</time>
      </trkpt>
      <trkpt lat="47.61812167" lon="20.85454667">
        <ele>140.3</ele>
        <time>2025-07-06T03:40:59Z</time>
      </trkpt>
      <trkpt lat="47.61811167" lon="20.85474333">
        <ele>140.3</ele>
        <time>2025-07-06T03:41:00Z</time>
      </trkpt>
      <trkpt lat="47.61809667" lon="20.85493167">
        <ele>140.4</ele>
        <time>2025-07-06T03:41:01Z</time>
      </trkpt>
      <trkpt lat="47.61806667" lon="20.85511667">
        <ele>140.5</ele>
        <time>2025-07-06T03:41:02Z</time>
      </trkpt>
      <trkpt lat="47.61804333" lon="20.8553">
        <ele>140.6</ele>
        <time>2025-07-06T03:41:03Z</time>
      </trkpt>
      <trkpt lat="47.61801667" lon="20.85548333">
        <ele>140.7</ele>
        <time>2025-07-06T03:41:04Z</time>
      </trkpt>
      <trkpt lat="47.61797833" lon="20.85567167">
        <ele>140.8</ele>
        <time>2025-07-06T03:41:05Z</time>
      </trkpt>
      <trkpt lat="47.61795167" lon="20.85585167">
        <ele>140.8</ele>
        <time>2025-07-06T03:41:06Z</time>
      </trkpt>
      <trkpt lat="47.61793" lon="20.85602">
        <ele>140.9</ele>
        <time>2025-07-06T03:41:07Z</time>
      </trkpt>
      <trkpt lat="47.61787667" lon="20.85617167">
        <ele>141.6</ele>
        <time>2025-07-06T03:41:08Z</time>
      </trkpt>
      <trkpt lat="47.617865" lon="20.85634167">
        <ele>141.6</ele>
        <time>2025-07-06T03:41:09Z</time>
      </trkpt>
      <trkpt lat="47.61785833" lon="20.85651">
        <ele>141.6</ele>
        <time>2025-07-06T03:41:10Z</time>
      </trkpt>
      <trkpt lat="47.61784833" lon="20.85669167">
        <ele>141.7</ele>
        <time>2025-07-06T03:41:11Z</time>
      </trkpt>
      <trkpt lat="47.61784" lon="20.85688">
        <ele>141.8</ele>
        <time>2025-07-06T03:41:12Z</time>
      </trkpt>
      <trkpt lat="47.617835" lon="20.85706">
        <ele>141.8</ele>
        <time>2025-07-06T03:41:13Z</time>
      </trkpt>
      <trkpt lat="47.61785833" lon="20.85723167">
        <ele>142</ele>
        <time>2025-07-06T03:41:14Z</time>
      </trkpt>
      <trkpt lat="47.61787667" lon="20.85741667">
        <ele>142</ele>
        <time>2025-07-06T03:41:15Z</time>
      </trkpt>
      <trkpt lat="47.61789167" lon="20.85759167">
        <ele>142</ele>
        <time>2025-07-06T03:41:16Z</time>
      </trkpt>
      <trkpt lat="47.61789333" lon="20.85778167">
        <ele>142.1</ele>
        <time>2025-07-06T03:41:17Z</time>
      </trkpt>
      <trkpt lat="47.617895" lon="20.85797">
        <ele>142.1</ele>
        <time>2025-07-06T03:41:18Z</time>
      </trkpt>
      <trkpt lat="47.61789333" lon="20.85817333">
        <ele>142.1</ele>
        <time>2025-07-06T03:41:19Z</time>
      </trkpt>
      <trkpt lat="47.61786333" lon="20.85838333">
        <ele>142.2</ele>
        <time>2025-07-06T03:41:20Z</time>
      </trkpt>
      <trkpt lat="47.617835" lon="20.8586">
        <ele>142.2</ele>
        <time>2025-07-06T03:41:21Z</time>
      </trkpt>
      <trkpt lat="47.61781833" lon="20.85881833">
        <ele>142.3</ele>
        <time>2025-07-06T03:41:22Z</time>
      </trkpt>
      <trkpt lat="47.61780667" lon="20.85903333">
        <ele>142.3</ele>
        <time>2025-07-06T03:41:23Z</time>
      </trkpt>
      <trkpt lat="47.61777333" lon="20.85926833">
        <ele>142.3</ele>
        <time>2025-07-06T03:41:24Z</time>
      </trkpt>
      <trkpt lat="47.617745" lon="20.85951167">
        <ele>142.3</ele>
        <time>2025-07-06T03:41:25Z</time>
      </trkpt>
      <trkpt lat="47.61772833" lon="20.85976333">
        <ele>142.4</ele>
        <time>2025-07-06T03:41:26Z</time>
      </trkpt>
      <trkpt lat="47.617705" lon="20.860025">
        <ele>142.4</ele>
        <time>2025-07-06T03:41:27Z</time>
      </trkpt>
      <trkpt lat="47.61765667" lon="20.86031167">
        <ele>139.7</ele>
        <time>2025-07-06T03:41:28Z</time>
      </trkpt>
      <trkpt lat="47.61761667" lon="20.86057333">
        <ele>139.8</ele>
        <time>2025-07-06T03:41:29Z</time>
      </trkpt>
      <trkpt lat="47.61756833" lon="20.86088833">
        <ele>131.8</ele>
        <time>2025-07-06T03:41:30Z</time>
      </trkpt>
      <trkpt lat="47.617525" lon="20.86118333">
        <ele>125.3</ele>
        <time>2025-07-06T03:41:31Z</time>
      </trkpt>
      <trkpt lat="47.61747667" lon="20.86146333">
        <ele>119.6</ele>
        <time>2025-07-06T03:41:32Z</time>
      </trkpt>
      <trkpt lat="47.61743167" lon="20.86174667">
        <ele>119.1</ele>
        <time>2025-07-06T03:41:33Z</time>
      </trkpt>
      <trkpt lat="47.61741" lon="20.862015">
        <ele>118.5</ele>
        <time>2025-07-06T03:41:34Z</time>
      </trkpt>
      <trkpt lat="47.61738" lon="20.86231667">
        <ele>113.6</ele>
        <time>2025-07-06T03:41:35Z</time>
      </trkpt>
      <trkpt lat="47.61735167" lon="20.86260667">
        <ele>113.3</ele>
        <time>2025-07-06T03:41:36Z</time>
      </trkpt>
      <trkpt lat="47.61733333" lon="20.86288333">
        <ele>113.4</ele>
        <time>2025-07-06T03:41:37Z</time>
      </trkpt>
      <trkpt lat="47.61730667" lon="20.86316833">
        <ele>113.5</ele>
        <time>2025-07-06T03:41:38Z</time>
      </trkpt>
      <trkpt lat="47.61727333" lon="20.86343167">
        <ele>113.8</ele>
        <time>2025-07-06T03:41:39Z</time>
      </trkpt>
      <trkpt lat="47.617245" lon="20.86371833">
        <ele>113.9</ele>
        <time>2025-07-06T03:41:40Z</time>
      </trkpt>
      <trkpt lat="47.617205" lon="20.86397833">
        <ele>109.8</ele>
        <time>2025-07-06T03:41:41Z</time>
      </trkpt>
      <trkpt lat="47.617175" lon="20.86424667">
        <ele>109.9</ele>
        <time>2025-07-06T03:41:42Z</time>
      </trkpt>
      <trkpt lat="47.61715333" lon="20.86450333">
        <ele>109.1</ele>
        <time>2025-07-06T03:41:43Z</time>
      </trkpt>
      <trkpt lat="47.61712833" lon="20.864785">
        <ele>109.4</ele>
        <time>2025-07-06T03:41:44Z</time>
      </trkpt>
      <trkpt lat="47.61710333" lon="20.86504833">
        <ele>110.6</ele>
        <time>2025-07-06T03:41:45Z</time>
      </trkpt>
      <trkpt lat="47.61712" lon="20.86532167">
        <ele>118.1</ele>
        <time>2025-07-06T03:41:46Z</time>
      </trkpt>
      <trkpt lat="47.61707667" lon="20.86565333">
        <ele>119</ele>
        <time>2025-07-06T03:41:47Z</time>
      </trkpt>
      <trkpt lat="47.61705" lon="20.86594833">
        <ele>120.1</ele>
        <time>2025-07-06T03:41:48Z</time>
      </trkpt>
      <trkpt lat="47.61702167" lon="20.86624">
        <ele>120.1</ele>
        <time>2025-07-06T03:41:49Z</time>
      </trkpt>
      <trkpt lat="47.616985" lon="20.86654">
        <ele>120</ele>
        <time>2025-07-06T03:41:50Z</time>
      </trkpt>
      <trkpt lat="47.61695" lon="20.866815">
        <ele>120.3</ele>
        <time>2025-07-06T03:41:51Z</time>
      </trkpt>
      <trkpt lat="47.61691333" lon="20.86708">
        <ele>120.8</ele>
        <time>2025-07-06T03:41:52Z</time>
      </trkpt>
      <trkpt lat="47.61688" lon="20.86736833">
        <ele>121.7</ele>
        <time>2025-07-06T03:41:53Z</time>
      </trkpt>
      <trkpt lat="47.61687833" lon="20.86765333">
        <ele>126.9</ele>
        <time>2025-07-06T03:41:54Z</time>
      </trkpt>
      <trkpt lat="47.61684667" lon="20.867955">
        <ele>127.6</ele>
        <time>2025-07-06T03:41:55Z</time>
      </trkpt>
      <trkpt lat="47.61680333" lon="20.86826333">
        <ele>128.4</ele>
        <time>2025-07-06T03:41:56Z</time>
      </trkpt>
      <trkpt lat="47.61675167" lon="20.86860333">
        <ele>126.3</ele>
        <time>2025-07-06T03:41:57Z</time>
      </trkpt>
      <trkpt lat="47.61674333" lon="20.86887833">
        <ele>128.4</ele>
        <time>2025-07-06T03:41:58Z</time>
      </trkpt>
      <trkpt lat="47.616725" lon="20.86915167">
        <ele>128.8</ele>
        <time>2025-07-06T03:41:59Z</time>
      </trkpt>
      <trkpt lat="47.61672167" lon="20.86944333">
        <ele>126.8</ele>
        <time>2025-07-06T03:42:00Z</time>
      </trkpt>
      <trkpt lat="47.61670333" lon="20.86973833">
        <ele>127.5</ele>
        <time>2025-07-06T03:42:01Z</time>
      </trkpt>
      <trkpt lat="47.61669167" lon="20.87001333">
        <ele>127.9</ele>
        <time>2025-07-06T03:42:02Z</time>
      </trkpt>
      <trkpt lat="47.61669667" lon="20.87029">
        <ele>130.1</ele>
        <time>2025-07-06T03:42:03Z</time>
      </trkpt>
      <trkpt lat="47.61669667" lon="20.87057">
        <ele>130.4</ele>
        <time>2025-07-06T03:42:04Z</time>
      </trkpt>
      <trkpt lat="47.6167" lon="20.87085">
        <ele>130.8</ele>
        <time>2025-07-06T03:42:05Z</time>
      </trkpt>
      <trkpt lat="47.61670667" lon="20.87112833">
        <ele>131.8</ele>
        <time>2025-07-06T03:42:06Z</time>
      </trkpt>
      <trkpt lat="47.61670667" lon="20.87141167">
        <ele>132.6</ele>
        <time>2025-07-06T03:42:07Z</time>
      </trkpt>
      <trkpt lat="47.61670833" lon="20.871705">
        <ele>133</ele>
        <time>2025-07-06T03:42:08Z</time>
      </trkpt>
      <trkpt lat="47.61671333" lon="20.87199833">
        <ele>132.6</ele>
        <time>2025-07-06T03:42:09Z</time>
      </trkpt>
      <trkpt lat="47.61671" lon="20.87229333">
        <ele>135.3</ele>
        <time>2025-07-06T03:42:10Z</time>
      </trkpt>
      <trkpt lat="47.6167" lon="20.872565">
        <ele>135.8</ele>
        <time>2025-07-06T03:42:11Z</time>
      </trkpt>
      <trkpt lat="47.61669333" lon="20.87285">
        <ele>132.5</ele>
        <time>2025-07-06T03:42:12Z</time>
      </trkpt>
      <trkpt lat="47.61668667" lon="20.87313">
        <ele>132</ele>
        <time>2025-07-06T03:42:13Z</time>
      </trkpt>
      <trkpt lat="47.61668" lon="20.87341333">
        <ele>132.1</ele>
        <time>2025-07-06T03:42:14Z</time>
      </trkpt>
      <trkpt lat="47.61667833" lon="20.87368667">
        <ele>132.9</ele>
        <time>2025-07-06T03:42:15Z</time>
      </trkpt>
      <trkpt lat="47.61667" lon="20.873965">
        <ele>133.2</ele>
        <time>2025-07-06T03:42:16Z</time>
      </trkpt>
      <trkpt lat="47.61666833" lon="20.87423667">
        <ele>134.5</ele>
        <time>2025-07-06T03:42:17Z</time>
      </trkpt>
      <trkpt lat="47.61667167" lon="20.87450333">
        <ele>134.6</ele>
        <time>2025-07-06T03:42:18Z</time>
      </trkpt>
      <trkpt lat="47.61667333" lon="20.87476333">
        <ele>134.8</ele>
        <time>2025-07-06T03:42:19Z</time>
      </trkpt>
      <trkpt lat="47.61666833" lon="20.87501833">
        <ele>135.2</ele>
        <time>2025-07-06T03:42:20Z</time>
      </trkpt>
      <trkpt lat="47.61665833" lon="20.87527667">
        <ele>135.2</ele>
        <time>2025-07-06T03:42:21Z</time>
      </trkpt>
      <trkpt lat="47.61664667" lon="20.87553333">
        <ele>135.5</ele>
        <time>2025-07-06T03:42:22Z</time>
      </trkpt>
      <trkpt lat="47.61663667" lon="20.87579333">
        <ele>135.4</ele>
        <time>2025-07-06T03:42:23Z</time>
      </trkpt>
      <trkpt lat="47.61665667" lon="20.876085">
        <ele>141.9</ele>
        <time>2025-07-06T03:42:24Z</time>
      </trkpt>
      <trkpt lat="47.61664333" lon="20.87634167">
        <ele>142.4</ele>
        <time>2025-07-06T03:42:25Z</time>
      </trkpt>
      <trkpt lat="47.61665" lon="20.87660833">
        <ele>142.3</ele>
        <time>2025-07-06T03:42:26Z</time>
      </trkpt>
      <trkpt lat="47.61662167" lon="20.87687167">
        <ele>133.2</ele>
        <time>2025-07-06T03:42:27Z</time>
      </trkpt>
      <trkpt lat="47.61662667" lon="20.87710667">
        <ele>132.7</ele>
        <time>2025-07-06T03:42:28Z</time>
      </trkpt>
      <trkpt lat="47.61663167" lon="20.877355">
        <ele>131.8</ele>
        <time>2025-07-06T03:42:29Z</time>
      </trkpt>
      <trkpt lat="47.61663833" lon="20.87760833">
        <ele>132.4</ele>
        <time>2025-07-06T03:42:30Z</time>
      </trkpt>
      <trkpt lat="47.61664667" lon="20.87785333">
        <ele>131.9</ele>
        <time>2025-07-06T03:42:31Z</time>
      </trkpt>
      <trkpt lat="47.616655" lon="20.87810667">
        <ele>132.9</ele>
        <time>2025-07-06T03:42:32Z</time>
      </trkpt>
      <trkpt lat="47.616665" lon="20.87835333">
        <ele>134.4</ele>
        <time>2025-07-06T03:42:33Z</time>
      </trkpt>
      <trkpt lat="47.61666833" lon="20.87859833">
        <ele>133.4</ele>
        <time>2025-07-06T03:42:34Z</time>
      </trkpt>
      <trkpt lat="47.61666167" lon="20.87883333">
        <ele>132.8</ele>
        <time>2025-07-06T03:42:35Z</time>
      </trkpt>
      <trkpt lat="47.61665667" lon="20.879065">
        <ele>133.2</ele>
        <time>2025-07-06T03:42:36Z</time>
      </trkpt>
      <trkpt lat="47.61665333" lon="20.87930167">
        <ele>133.5</ele>
        <time>2025-07-06T03:42:37Z</time>
      </trkpt>
      <trkpt lat="47.61665" lon="20.87952333">
        <ele>133.8</ele>
        <time>2025-07-06T03:42:38Z</time>
      </trkpt>
      <trkpt lat="47.61661167" lon="20.87972833">
        <ele>127.9</ele>
        <time>2025-07-06T03:42:39Z</time>
      </trkpt>
      <trkpt lat="47.61660667" lon="20.879945">
        <ele>129.8</ele>
        <time>2025-07-06T03:42:40Z</time>
      </trkpt>
      <trkpt lat="47.61660333" lon="20.880175">
        <ele>130.1</ele>
        <time>2025-07-06T03:42:41Z</time>
      </trkpt>
      <trkpt lat="47.616595" lon="20.88042667">
        <ele>130.2</ele>
        <time>2025-07-06T03:42:42Z</time>
      </trkpt>
      <trkpt lat="47.61658833" lon="20.88066167">
        <ele>130.2</ele>
        <time>2025-07-06T03:42:43Z</time>
      </trkpt>
      <trkpt lat="47.61659167" lon="20.88087167">
        <ele>131.6</ele>
        <time>2025-07-06T03:42:44Z</time>
      </trkpt>
      <trkpt lat="47.61658667" lon="20.88111">
        <ele>131.9</ele>
        <time>2025-07-06T03:42:45Z</time>
      </trkpt>
      <trkpt lat="47.61658833" lon="20.881325">
        <ele>133</ele>
        <time>2025-07-06T03:42:46Z</time>
      </trkpt>
      <trkpt lat="47.61661333" lon="20.88152167">
        <ele>135</ele>
        <time>2025-07-06T03:42:47Z</time>
      </trkpt>
      <trkpt lat="47.61662167" lon="20.88169333">
        <ele>131</ele>
        <time>2025-07-06T03:42:48Z</time>
      </trkpt>
      <trkpt lat="47.61662167" lon="20.88187">
        <ele>131.1</ele>
        <time>2025-07-06T03:42:49Z</time>
      </trkpt>
      <trkpt lat="47.61661333" lon="20.88204167">
        <ele>131.2</ele>
        <time>2025-07-06T03:42:50Z</time>
      </trkpt>
      <trkpt lat="47.61661167" lon="20.88220333">
        <ele>131.4</ele>
        <time>2025-07-06T03:42:51Z</time>
      </trkpt>
      <trkpt lat="47.61661" lon="20.88235167">
        <ele>131.5</ele>
        <time>2025-07-06T03:42:52Z</time>
      </trkpt>
      <trkpt lat="47.616605" lon="20.8825">
        <ele>131.8</ele>
        <time>2025-07-06T03:42:53Z</time>
      </trkpt>
      <trkpt lat="47.61660833" lon="20.88264">
        <ele>132.3</ele>
        <time>2025-07-06T03:42:54Z</time>
      </trkpt>
      <trkpt lat="47.61661167" lon="20.88289">
        <ele>132.5</ele>
        <time>2025-07-06T03:42:56Z</time>
      </trkpt>
      <trkpt lat="47.61662167" lon="20.88311333">
        <ele>132.6</ele>
        <time>2025-07-06T03:42:58Z</time>
      </trkpt>
      <trkpt lat="47.61663" lon="20.88330833">
        <ele>132.6</ele>
        <time>2025-07-06T03:43:00Z</time>
      </trkpt>
      <trkpt lat="47.61664" lon="20.88348667">
        <ele>132.3</ele>
        <time>2025-07-06T03:43:02Z</time>
      </trkpt>
      <trkpt lat="47.61664333" lon="20.88364667">
        <ele>132.2</ele>
        <time>2025-07-06T03:43:04Z</time>
      </trkpt>
      <trkpt lat="47.616645" lon="20.88379167">
        <ele>131.8</ele>
        <time>2025-07-06T03:43:06Z</time>
      </trkpt>
      <trkpt lat="47.61663667" lon="20.88395333">
        <ele>130</ele>
        <time>2025-07-06T03:43:09Z</time>
      </trkpt>
      <trkpt lat="47.616635" lon="20.88411">
        <ele>132.6</ele>
        <time>2025-07-06T03:43:49Z</time>
      </trkpt>
      <trkpt lat="47.61663333" lon="20.88429333">
        <ele>134.6</ele>
        <time>2025-07-06T03:43:53Z</time>
      </trkpt>
      <trkpt lat="47.61664167" lon="20.88443167">
        <ele>136.6</ele>
        <time>2025-07-06T03:43:55Z</time>
      </trkpt>
      <trkpt lat="47.61664" lon="20.88459167">
        <ele>137.7</ele>
        <time>2025-07-06T03:43:57Z</time>
      </trkpt>
      <trkpt lat="47.61664" lon="20.88477">
        <ele>137.5</ele>
        <time>2025-07-06T03:43:59Z</time>
      </trkpt>
      <trkpt lat="47.61663833" lon="20.884955">
        <ele>137.2</ele>
        <time>2025-07-06T03:44:01Z</time>
      </trkpt>
      <trkpt lat="47.61663333" lon="20.88516333">
        <ele>136.9</ele>
        <time>2025-07-06T03:44:03Z</time>
      </trkpt>
      <trkpt lat="47.61662667" lon="20.88540167">
        <ele>137.2</ele>
        <time>2025-07-06T03:44:05Z</time>
      </trkpt>
      <trkpt lat="47.616625" lon="20.88564167">
        <ele>135.8</ele>
        <time>2025-07-06T03:44:07Z</time>
      </trkpt>
      <trkpt lat="47.61662833" lon="20.88590333">
        <ele>132.8</ele>
        <time>2025-07-06T03:44:09Z</time>
      </trkpt>
      <trkpt lat="47.61663333" lon="20.88603833">
        <ele>132.4</ele>
        <time>2025-07-06T03:44:10Z</time>
      </trkpt>
      <trkpt lat="47.61664167" lon="20.88618667">
        <ele>132.1</ele>
        <time>2025-07-06T03:44:11Z</time>
      </trkpt>
      <trkpt lat="47.61664667" lon="20.88633167">
        <ele>131.6</ele>
        <time>2025-07-06T03:44:12Z</time>
      </trkpt>
      <trkpt lat="47.61665667" lon="20.886485">
        <ele>132.2</ele>
        <time>2025-07-06T03:44:13Z</time>
      </trkpt>
      <trkpt lat="47.61667167" lon="20.88663833">
        <ele>133.2</ele>
        <time>2025-07-06T03:44:14Z</time>
      </trkpt>
      <trkpt lat="47.61667833" lon="20.88677667">
        <ele>133.8</ele>
        <time>2025-07-06T03:44:15Z</time>
      </trkpt>
      <trkpt lat="47.61669" lon="20.886935">
        <ele>133.9</ele>
        <time>2025-07-06T03:44:16Z</time>
      </trkpt>
      <trkpt lat="47.616705" lon="20.887105">
        <ele>134</ele>
        <time>2025-07-06T03:44:17Z</time>
      </trkpt>
      <trkpt lat="47.616725" lon="20.88727333">
        <ele>133.8</ele>
        <time>2025-07-06T03:44:18Z</time>
      </trkpt>
      <trkpt lat="47.61674333" lon="20.88744833">
        <ele>133.1</ele>
        <time>2025-07-06T03:44:19Z</time>
      </trkpt>
      <trkpt lat="47.61675667" lon="20.88762333">
        <ele>132.8</ele>
        <time>2025-07-06T03:44:20Z</time>
      </trkpt>
      <trkpt lat="47.61675" lon="20.88780167">
        <ele>131.8</ele>
        <time>2025-07-06T03:44:21Z</time>
      </trkpt>
      <trkpt lat="47.61675667" lon="20.887995">
        <ele>130.7</ele>
        <time>2025-07-06T03:44:22Z</time>
      </trkpt>
      <trkpt lat="47.61677" lon="20.888195">
        <ele>130.2</ele>
        <time>2025-07-06T03:44:23Z</time>
      </trkpt>
      <trkpt lat="47.61678167" lon="20.88837833">
        <ele>129.4</ele>
        <time>2025-07-06T03:44:24Z</time>
      </trkpt>
      <trkpt lat="47.6168" lon="20.88856833">
        <ele>130.5</ele>
        <time>2025-07-06T03:44:25Z</time>
      </trkpt>
      <trkpt lat="47.61681" lon="20.88876833">
        <ele>130.1</ele>
        <time>2025-07-06T03:44:26Z</time>
      </trkpt>
      <trkpt lat="47.61682833" lon="20.88897167">
        <ele>129</ele>
        <time>2025-07-06T03:44:27Z</time>
      </trkpt>
      <trkpt lat="47.61684667" lon="20.889175">
        <ele>127.7</ele>
        <time>2025-07-06T03:44:28Z</time>
      </trkpt>
      <trkpt lat="47.61686333" lon="20.88938667">
        <ele>127.1</ele>
        <time>2025-07-06T03:44:29Z</time>
      </trkpt>
      <trkpt lat="47.61687333" lon="20.88959667">
        <ele>126.5</ele>
        <time>2025-07-06T03:44:30Z</time>
      </trkpt>
      <trkpt lat="47.61688833" lon="20.88981">
        <ele>125.5</ele>
        <time>2025-07-06T03:44:31Z</time>
      </trkpt>
      <trkpt lat="47.61693333" lon="20.890015">
        <ele>125.6</ele>
        <time>2025-07-06T03:44:32Z</time>
      </trkpt>
      <trkpt lat="47.61694167" lon="20.89021833">
        <ele>125.9</ele>
        <time>2025-07-06T03:44:33Z</time>
      </trkpt>
      <trkpt lat="47.61696167" lon="20.890435">
        <ele>125.9</ele>
        <time>2025-07-06T03:44:34Z</time>
      </trkpt>
      <trkpt lat="47.61698333" lon="20.89063667">
        <ele>126.8</ele>
        <time>2025-07-06T03:44:35Z</time>
      </trkpt>
      <trkpt lat="47.616995" lon="20.89085833">
        <ele>125.1</ele>
        <time>2025-07-06T03:44:36Z</time>
      </trkpt>
      <trkpt lat="47.61700833" lon="20.89108">
        <ele>124.9</ele>
        <time>2025-07-06T03:44:37Z</time>
      </trkpt>
      <trkpt lat="47.61701833" lon="20.89129667">
        <ele>124.9</ele>
        <time>2025-07-06T03:44:38Z</time>
      </trkpt>
      <trkpt lat="47.61703667" lon="20.89151333">
        <ele>124.5</ele>
        <time>2025-07-06T03:44:39Z</time>
      </trkpt>
      <trkpt lat="47.61704833" lon="20.89174333">
        <ele>123.6</ele>
        <time>2025-07-06T03:44:40Z</time>
      </trkpt>
      <trkpt lat="47.61707667" lon="20.89196167">
        <ele>122.9</ele>
        <time>2025-07-06T03:44:41Z</time>
      </trkpt>
      <trkpt lat="47.61709667" lon="20.892205">
        <ele>120.6</ele>
        <time>2025-07-06T03:44:42Z</time>
      </trkpt>
      <trkpt lat="47.61711167" lon="20.89244833">
        <ele>118.1</ele>
        <time>2025-07-06T03:44:43Z</time>
      </trkpt>
      <trkpt lat="47.61713" lon="20.89269167">
        <ele>115.7</ele>
        <time>2025-07-06T03:44:44Z</time>
      </trkpt>
      <trkpt lat="47.61715833" lon="20.89293">
        <ele>115.1</ele>
        <time>2025-07-06T03:44:45Z</time>
      </trkpt>
      <trkpt lat="47.61719667" lon="20.89318">
        <ele>114.3</ele>
        <time>2025-07-06T03:44:46Z</time>
      </trkpt>
      <trkpt lat="47.61722833" lon="20.89342667">
        <ele>114.4</ele>
        <time>2025-07-06T03:44:47Z</time>
      </trkpt>
      <trkpt lat="47.61724667" lon="20.89365667">
        <ele>115.1</ele>
        <time>2025-07-06T03:44:48Z</time>
      </trkpt>
      <trkpt lat="47.61727667" lon="20.8939">
        <ele>115.1</ele>
        <time>2025-07-06T03:44:49Z</time>
      </trkpt>
      <trkpt lat="47.617305" lon="20.89416">
        <ele>118.9</ele>
        <time>2025-07-06T03:44:50Z</time>
      </trkpt>
      <trkpt lat="47.61732333" lon="20.894415">
        <ele>121.9</ele>
        <time>2025-07-06T03:44:51Z</time>
      </trkpt>
      <trkpt lat="47.617345" lon="20.89465833">
        <ele>121.9</ele>
        <time>2025-07-06T03:44:52Z</time>
      </trkpt>
      <trkpt lat="47.61739" lon="20.89519833">
        <ele>121.2</ele>
        <time>2025-07-06T03:44:54Z</time>
      </trkpt>
      <trkpt lat="47.617425" lon="20.89546">
        <ele>118.4</ele>
        <time>2025-07-06T03:44:55Z</time>
      </trkpt>
      <trkpt lat="47.6175" lon="20.89601167">
        <ele>118.7</ele>
        <time>2025-07-06T03:44:57Z</time>
      </trkpt>
      <trkpt lat="47.61753" lon="20.89626333">
        <ele>119.6</ele>
        <time>2025-07-06T03:44:58Z</time>
      </trkpt>
      <trkpt lat="47.61755667" lon="20.896525">
        <ele>119.7</ele>
        <time>2025-07-06T03:44:59Z</time>
      </trkpt>
      <trkpt lat="47.617585" lon="20.89679">
        <ele>119.9</ele>
        <time>2025-07-06T03:45:00Z</time>
      </trkpt>
      <trkpt lat="47.61763333" lon="20.89732667">
        <ele>122.6</ele>
        <time>2025-07-06T03:45:02Z</time>
      </trkpt>
      <trkpt lat="47.617685" lon="20.89761167">
        <ele>126.4</ele>
        <time>2025-07-06T03:45:03Z</time>
      </trkpt>
      <trkpt lat="47.61771333" lon="20.89788667">
        <ele>127.6</ele>
        <time>2025-07-06T03:45:04Z</time>
      </trkpt>
      <trkpt lat="47.61774667" lon="20.898165">
        <ele>128.2</ele>
        <time>2025-07-06T03:45:05Z</time>
      </trkpt>
      <trkpt lat="47.61779833" lon="20.89868167">
        <ele>128.8</ele>
        <time>2025-07-06T03:45:07Z</time>
      </trkpt>
      <trkpt lat="47.61782333" lon="20.89893667">
        <ele>128.8</ele>
        <time>2025-07-06T03:45:08Z</time>
      </trkpt>
      <trkpt lat="47.61784833" lon="20.899195">
        <ele>127.9</ele>
        <time>2025-07-06T03:45:09Z</time>
      </trkpt>
      <trkpt lat="47.61788167" lon="20.89944">
        <ele>128.1</ele>
        <time>2025-07-06T03:45:10Z</time>
      </trkpt>
      <trkpt lat="47.617935" lon="20.89990667">
        <ele>126.6</ele>
        <time>2025-07-06T03:45:12Z</time>
      </trkpt>
      <trkpt lat="47.61795333" lon="20.90011167">
        <ele>126.7</ele>
        <time>2025-07-06T03:45:13Z</time>
      </trkpt>
      <trkpt lat="47.61797333" lon="20.900305">
        <ele>127.2</ele>
        <time>2025-07-06T03:45:14Z</time>
      </trkpt>
      <trkpt lat="47.617995" lon="20.90050833">
        <ele>127.2</ele>
        <time>2025-07-06T03:45:15Z</time>
      </trkpt>
      <trkpt lat="47.61801333" lon="20.90070833">
        <ele>127.2</ele>
        <time>2025-07-06T03:45:16Z</time>
      </trkpt>
      <trkpt lat="47.61803167" lon="20.90090333">
        <ele>127.2</ele>
        <time>2025-07-06T03:45:17Z</time>
      </trkpt>
      <trkpt lat="47.61805167" lon="20.90109167">
        <ele>127.8</ele>
        <time>2025-07-06T03:45:18Z</time>
      </trkpt>
      <trkpt lat="47.61807667" lon="20.90127833">
        <ele>128.5</ele>
        <time>2025-07-06T03:45:19Z</time>
      </trkpt>
      <trkpt lat="47.618095" lon="20.90145833">
        <ele>129.2</ele>
        <time>2025-07-06T03:45:20Z</time>
      </trkpt>
      <trkpt lat="47.61812" lon="20.90165333">
        <ele>129.5</ele>
        <time>2025-07-06T03:45:21Z</time>
      </trkpt>
      <trkpt lat="47.61813833" lon="20.90184">
        <ele>130.1</ele>
        <time>2025-07-06T03:45:22Z</time>
      </trkpt>
      <trkpt lat="47.61816167" lon="20.90203833">
        <ele>130.5</ele>
        <time>2025-07-06T03:45:23Z</time>
      </trkpt>
      <trkpt lat="47.61818333" lon="20.902245">
        <ele>130.5</ele>
        <time>2025-07-06T03:45:24Z</time>
      </trkpt>
      <trkpt lat="47.61820333" lon="20.902465">
        <ele>130.9</ele>
        <time>2025-07-06T03:45:25Z</time>
      </trkpt>
      <trkpt lat="47.61822333" lon="20.90268">
        <ele>132</ele>
        <time>2025-07-06T03:45:26Z</time>
      </trkpt>
      <trkpt lat="47.618255" lon="20.90289667">
        <ele>132.1</ele>
        <time>2025-07-06T03:45:27Z</time>
      </trkpt>
      <trkpt lat="47.61828333" lon="20.90313667">
        <ele>133.3</ele>
        <time>2025-07-06T03:45:28Z</time>
      </trkpt>
      <trkpt lat="47.61830167" lon="20.90335167">
        <ele>129.6</ele>
        <time>2025-07-06T03:45:29Z</time>
      </trkpt>
      <trkpt lat="47.61832167" lon="20.90357667">
        <ele>129.4</ele>
        <time>2025-07-06T03:45:30Z</time>
      </trkpt>
      <trkpt lat="47.61835667" lon="20.903795">
        <ele>130.5</ele>
        <time>2025-07-06T03:45:31Z</time>
      </trkpt>
      <trkpt lat="47.61837667" lon="20.904025">
        <ele>130.9</ele>
        <time>2025-07-06T03:45:32Z</time>
      </trkpt>
      <trkpt lat="47.61840667" lon="20.904255">
        <ele>130.7</ele>
        <time>2025-07-06T03:45:33Z</time>
      </trkpt>
      <trkpt lat="47.61843333" lon="20.90450167">
        <ele>130.5</ele>
        <time>2025-07-06T03:45:34Z</time>
      </trkpt>
      <trkpt lat="47.61846" lon="20.90472667">
        <ele>130</ele>
        <time>2025-07-06T03:45:35Z</time>
      </trkpt>
      <trkpt lat="47.61847" lon="20.90493">
        <ele>129.3</ele>
        <time>2025-07-06T03:45:36Z</time>
      </trkpt>
      <trkpt lat="47.618505" lon="20.90516333">
        <ele>129.4</ele>
        <time>2025-07-06T03:45:37Z</time>
      </trkpt>
      <trkpt lat="47.618525" lon="20.90539167">
        <ele>130.2</ele>
        <time>2025-07-06T03:45:38Z</time>
      </trkpt>
      <trkpt lat="47.61855167" lon="20.90562667">
        <ele>129.9</ele>
        <time>2025-07-06T03:45:39Z</time>
      </trkpt>
      <trkpt lat="47.61857167" lon="20.90586833">
        <ele>129.9</ele>
        <time>2025-07-06T03:45:40Z</time>
      </trkpt>
      <trkpt lat="47.61859333" lon="20.90611167">
        <ele>130.2</ele>
        <time>2025-07-06T03:45:41Z</time>
      </trkpt>
      <trkpt lat="47.61862" lon="20.90635">
        <ele>132.2</ele>
        <time>2025-07-06T03:45:42Z</time>
      </trkpt>
      <trkpt lat="47.618645" lon="20.90660333">
        <ele>131.9</ele>
        <time>2025-07-06T03:45:43Z</time>
      </trkpt>
      <trkpt lat="47.618695" lon="20.907125">
        <ele>132.3</ele>
        <time>2025-07-06T03:45:45Z</time>
      </trkpt>
      <trkpt lat="47.61871333" lon="20.90738333">
        <ele>132.6</ele>
        <time>2025-07-06T03:45:46Z</time>
      </trkpt>
      <trkpt lat="47.61875167" lon="20.90763833">
        <ele>135.5</ele>
        <time>2025-07-06T03:45:47Z</time>
      </trkpt>
      <trkpt lat="47.61878" lon="20.907915">
        <ele>135.4</ele>
        <time>2025-07-06T03:45:48Z</time>
      </trkpt>
      <trkpt lat="47.61881833" lon="20.90818333">
        <ele>134.8</ele>
        <time>2025-07-06T03:45:49Z</time>
      </trkpt>
      <trkpt lat="47.61884333" lon="20.90844667">
        <ele>136.3</ele>
        <time>2025-07-06T03:45:50Z</time>
      </trkpt>
      <trkpt lat="47.61886667" lon="20.908715">
        <ele>136.2</ele>
        <time>2025-07-06T03:45:51Z</time>
      </trkpt>
      <trkpt lat="47.618905" lon="20.908995">
        <ele>138.9</ele>
        <time>2025-07-06T03:45:52Z</time>
      </trkpt>
      <trkpt lat="47.61896167" lon="20.90955167">
        <ele>138.7</ele>
        <time>2025-07-06T03:45:54Z</time>
      </trkpt>
      <trkpt lat="47.618985" lon="20.90982833">
        <ele>138.2</ele>
        <time>2025-07-06T03:45:55Z</time>
      </trkpt>
      <trkpt lat="47.61901667" lon="20.91011167">
        <ele>138.6</ele>
        <time>2025-07-06T03:45:56Z</time>
      </trkpt>
      <trkpt lat="47.61904667" lon="20.91039">
        <ele>139.2</ele>
        <time>2025-07-06T03:45:57Z</time>
      </trkpt>
      <trkpt lat="47.619075" lon="20.91068333">
        <ele>138.6</ele>
        <time>2025-07-06T03:45:58Z</time>
      </trkpt>
      <trkpt lat="47.619105" lon="20.91097">
        <ele>138.7</ele>
        <time>2025-07-06T03:45:59Z</time>
      </trkpt>
      <trkpt lat="47.61914667" lon="20.911265">
        <ele>138.4</ele>
        <time>2025-07-06T03:46:00Z</time>
      </trkpt>
      <trkpt lat="47.61920167" lon="20.911845">
        <ele>138.2</ele>
        <time>2025-07-06T03:46:02Z</time>
      </trkpt>
      <trkpt lat="47.61922667" lon="20.91212333">
        <ele>136</ele>
        <time>2025-07-06T03:46:03Z</time>
      </trkpt>
      <trkpt lat="47.61925167" lon="20.91241">
        <ele>135.7</ele>
        <time>2025-07-06T03:46:04Z</time>
      </trkpt>
      <trkpt lat="47.6193" lon="20.91300167">
        <ele>134.8</ele>
        <time>2025-07-06T03:46:06Z</time>
      </trkpt>
      <trkpt lat="47.619325" lon="20.91328833">
        <ele>133.3</ele>
        <time>2025-07-06T03:46:07Z</time>
      </trkpt>
      <trkpt lat="47.61934833" lon="20.91358833">
        <ele>133</ele>
        <time>2025-07-06T03:46:08Z</time>
      </trkpt>
      <trkpt lat="47.61938" lon="20.91389833">
        <ele>132.9</ele>
        <time>2025-07-06T03:46:09Z</time>
      </trkpt>
      <trkpt lat="47.61941" lon="20.914205">
        <ele>133.6</ele>
        <time>2025-07-06T03:46:10Z</time>
      </trkpt>
      <trkpt lat="47.61944167" lon="20.91451167">
        <ele>133.6</ele>
        <time>2025-07-06T03:46:11Z</time>
      </trkpt>
      <trkpt lat="47.61948167" lon="20.91481333">
        <ele>133.7</ele>
        <time>2025-07-06T03:46:12Z</time>
      </trkpt>
      <trkpt lat="47.61952333" lon="20.91512167">
        <ele>133.8</ele>
        <time>2025-07-06T03:46:13Z</time>
      </trkpt>
      <trkpt lat="47.61955833" lon="20.91542833">
        <ele>134.1</ele>
        <time>2025-07-06T03:46:14Z</time>
      </trkpt>
      <trkpt lat="47.619605" lon="20.91572667">
        <ele>133</ele>
        <time>2025-07-06T03:46:15Z</time>
      </trkpt>
      <trkpt lat="47.61964167" lon="20.91604">
        <ele>132.8</ele>
        <time>2025-07-06T03:46:16Z</time>
      </trkpt>
      <trkpt lat="47.61966833" lon="20.91633833">
        <ele>133.5</ele>
        <time>2025-07-06T03:46:17Z</time>
      </trkpt>
      <trkpt lat="47.61969833" lon="20.91663667">
        <ele>133.5</ele>
        <time>2025-07-06T03:46:18Z</time>
      </trkpt>
      <trkpt lat="47.61974" lon="20.91692833">
        <ele>133.2</ele>
        <time>2025-07-06T03:46:19Z</time>
      </trkpt>
      <trkpt lat="47.61977833" lon="20.91722167">
        <ele>133.3</ele>
        <time>2025-07-06T03:46:20Z</time>
      </trkpt>
      <trkpt lat="47.61980333" lon="20.91752">
        <ele>133.3</ele>
        <time>2025-07-06T03:46:21Z</time>
      </trkpt>
      <trkpt lat="47.619835" lon="20.917815">
        <ele>133.7</ele>
        <time>2025-07-06T03:46:22Z</time>
      </trkpt>
      <trkpt lat="47.61986833" lon="20.91810833">
        <ele>133.9</ele>
        <time>2025-07-06T03:46:23Z</time>
      </trkpt>
      <trkpt lat="47.61990833" lon="20.91840667">
        <ele>134.3</ele>
        <time>2025-07-06T03:46:24Z</time>
      </trkpt>
      <trkpt lat="47.61993333" lon="20.9187">
        <ele>135</ele>
        <time>2025-07-06T03:46:25Z</time>
      </trkpt>
      <trkpt lat="47.61995833" lon="20.91899667">
        <ele>135.7</ele>
        <time>2025-07-06T03:46:26Z</time>
      </trkpt>
      <trkpt lat="47.61998667" lon="20.91928167">
        <ele>136.2</ele>
        <time>2025-07-06T03:46:27Z</time>
      </trkpt>
      <trkpt lat="47.62000667" lon="20.91956333">
        <ele>137.2</ele>
        <time>2025-07-06T03:46:28Z</time>
      </trkpt>
      <trkpt lat="47.62004667" lon="20.919865">
        <ele>137.9</ele>
        <time>2025-07-06T03:46:29Z</time>
      </trkpt>
      <trkpt lat="47.62007833" lon="20.92016667">
        <ele>138.3</ele>
        <time>2025-07-06T03:46:30Z</time>
      </trkpt>
      <trkpt lat="47.620105" lon="20.92044833">
        <ele>137</ele>
        <time>2025-07-06T03:46:31Z</time>
      </trkpt>
      <trkpt lat="47.62013667" lon="20.92072167">
        <ele>136.3</ele>
        <time>2025-07-06T03:46:32Z</time>
      </trkpt>
      <trkpt lat="47.62017167" lon="20.92102167">
        <ele>136.2</ele>
        <time>2025-07-06T03:46:33Z</time>
      </trkpt>
      <trkpt lat="47.62020333" lon="20.92132">
        <ele>136.5</ele>
        <time>2025-07-06T03:46:34Z</time>
      </trkpt>
      <trkpt lat="47.62022" lon="20.92157833">
        <ele>138.1</ele>
        <time>2025-07-06T03:46:35Z</time>
      </trkpt>
      <trkpt lat="47.62024833" lon="20.92186">
        <ele>138.2</ele>
        <time>2025-07-06T03:46:36Z</time>
      </trkpt>
      <trkpt lat="47.62026667" lon="20.92212667">
        <ele>138.4</ele>
        <time>2025-07-06T03:46:37Z</time>
      </trkpt>
      <trkpt lat="47.6203" lon="20.92240667">
        <ele>138</ele>
        <time>2025-07-06T03:46:38Z</time>
      </trkpt>
      <trkpt lat="47.620335" lon="20.922675">
        <ele>134.3</ele>
        <time>2025-07-06T03:46:39Z</time>
      </trkpt>
      <trkpt lat="47.62036167" lon="20.92296167">
        <ele>133.8</ele>
        <time>2025-07-06T03:46:40Z</time>
      </trkpt>
      <trkpt lat="47.62034833" lon="20.923225">
        <ele>132.1</ele>
        <time>2025-07-06T03:46:41Z</time>
      </trkpt>
      <trkpt lat="47.62037667" lon="20.92350167">
        <ele>131.7</ele>
        <time>2025-07-06T03:46:42Z</time>
      </trkpt>
      <trkpt lat="47.620415" lon="20.92377833">
        <ele>130.6</ele>
        <time>2025-07-06T03:46:43Z</time>
      </trkpt>
      <trkpt lat="47.62045" lon="20.92405667">
        <ele>130.2</ele>
        <time>2025-07-06T03:46:44Z</time>
      </trkpt>
      <trkpt lat="47.62048833" lon="20.92434167">
        <ele>131.6</ele>
        <time>2025-07-06T03:46:45Z</time>
      </trkpt>
      <trkpt lat="47.620525" lon="20.92462667">
        <ele>131.6</ele>
        <time>2025-07-06T03:46:46Z</time>
      </trkpt>
      <trkpt lat="47.62055833" lon="20.924905">
        <ele>131.2</ele>
        <time>2025-07-06T03:46:47Z</time>
      </trkpt>
      <trkpt lat="47.62059167" lon="20.92517667">
        <ele>130.9</ele>
        <time>2025-07-06T03:46:48Z</time>
      </trkpt>
      <trkpt lat="47.62062667" lon="20.92546333">
        <ele>130</ele>
        <time>2025-07-06T03:46:49Z</time>
      </trkpt>
      <trkpt lat="47.62065167" lon="20.92574667">
        <ele>129.8</ele>
        <time>2025-07-06T03:46:50Z</time>
      </trkpt>
      <trkpt lat="47.62069333" lon="20.92601167">
        <ele>130.3</ele>
        <time>2025-07-06T03:46:51Z</time>
      </trkpt>
      <trkpt lat="47.62073667" lon="20.92627833">
        <ele>129.6</ele>
        <time>2025-07-06T03:46:52Z</time>
      </trkpt>
      <trkpt lat="47.62076333" lon="20.92654167">
        <ele>129.8</ele>
        <time>2025-07-06T03:46:53Z</time>
      </trkpt>
      <trkpt lat="47.62078333" lon="20.926805">
        <ele>129.8</ele>
        <time>2025-07-06T03:46:54Z</time>
      </trkpt>
      <trkpt lat="47.620815" lon="20.92707833">
        <ele>127.8</ele>
        <time>2025-07-06T03:46:55Z</time>
      </trkpt>
      <trkpt lat="47.620845" lon="20.927345">
        <ele>127.5</ele>
        <time>2025-07-06T03:46:56Z</time>
      </trkpt>
      <trkpt lat="47.620875" lon="20.92762167">
        <ele>127.5</ele>
        <time>2025-07-06T03:46:57Z</time>
      </trkpt>
      <trkpt lat="47.62089833" lon="20.92789">
        <ele>127.6</ele>
        <time>2025-07-06T03:46:58Z</time>
      </trkpt>
      <trkpt lat="47.62092" lon="20.92815833">
        <ele>127.6</ele>
        <time>2025-07-06T03:46:59Z</time>
      </trkpt>
      <trkpt lat="47.62094667" lon="20.92843333">
        <ele>128.5</ele>
        <time>2025-07-06T03:47:00Z</time>
      </trkpt>
      <trkpt lat="47.62098667" lon="20.92870833">
        <ele>128.8</ele>
        <time>2025-07-06T03:47:01Z</time>
      </trkpt>
      <trkpt lat="47.62102333" lon="20.92898167">
        <ele>129.1</ele>
        <time>2025-07-06T03:47:02Z</time>
      </trkpt>
      <trkpt lat="47.62105833" lon="20.92925333">
        <ele>129.7</ele>
        <time>2025-07-06T03:47:03Z</time>
      </trkpt>
      <trkpt lat="47.62108667" lon="20.929515">
        <ele>129.9</ele>
        <time>2025-07-06T03:47:04Z</time>
      </trkpt>
      <trkpt lat="47.6211" lon="20.92977167">
        <ele>128.8</ele>
        <time>2025-07-06T03:47:05Z</time>
      </trkpt>
      <trkpt lat="47.62113167" lon="20.930035">
        <ele>127.4</ele>
        <time>2025-07-06T03:47:06Z</time>
      </trkpt>
      <trkpt lat="47.62114833" lon="20.93031">
        <ele>127.1</ele>
        <time>2025-07-06T03:47:07Z</time>
      </trkpt>
      <trkpt lat="47.62117833" lon="20.93058333">
        <ele>127</ele>
        <time>2025-07-06T03:47:08Z</time>
      </trkpt>
      <trkpt lat="47.621205" lon="20.93086167">
        <ele>127.3</ele>
        <time>2025-07-06T03:47:09Z</time>
      </trkpt>
      <trkpt lat="47.62123667" lon="20.93114">
        <ele>127.8</ele>
        <time>2025-07-06T03:47:10Z</time>
      </trkpt>
      <trkpt lat="47.62126667" lon="20.931425">
        <ele>128.1</ele>
        <time>2025-07-06T03:47:11Z</time>
      </trkpt>
      <trkpt lat="47.62130167" lon="20.9317">
        <ele>128.4</ele>
        <time>2025-07-06T03:47:12Z</time>
      </trkpt>
      <trkpt lat="47.621335" lon="20.93197667">
        <ele>128.8</ele>
        <time>2025-07-06T03:47:13Z</time>
      </trkpt>
      <trkpt lat="47.621375" lon="20.93224667">
        <ele>129.9</ele>
        <time>2025-07-06T03:47:14Z</time>
      </trkpt>
      <trkpt lat="47.62139833" lon="20.93253333">
        <ele>130.8</ele>
        <time>2025-07-06T03:47:15Z</time>
      </trkpt>
      <trkpt lat="47.621425" lon="20.93281833">
        <ele>130.6</ele>
        <time>2025-07-06T03:47:16Z</time>
      </trkpt>
      <trkpt lat="47.62145333" lon="20.9331">
        <ele>130.7</ele>
        <time>2025-07-06T03:47:17Z</time>
      </trkpt>
      <trkpt lat="47.62149" lon="20.93337667">
        <ele>130.6</ele>
        <time>2025-07-06T03:47:18Z</time>
      </trkpt>
      <trkpt lat="47.62152" lon="20.93365667">
        <ele>130.5</ele>
        <time>2025-07-06T03:47:19Z</time>
      </trkpt>
      <trkpt lat="47.621535" lon="20.93390667">
        <ele>130.5</ele>
        <time>2025-07-06T03:47:20Z</time>
      </trkpt>
      <trkpt lat="47.62155333" lon="20.93416333">
        <ele>130.4</ele>
        <time>2025-07-06T03:47:21Z</time>
      </trkpt>
      <trkpt lat="47.62158" lon="20.93442833">
        <ele>130.7</ele>
        <time>2025-07-06T03:47:22Z</time>
      </trkpt>
      <trkpt lat="47.62160667" lon="20.93470333">
        <ele>132.6</ele>
        <time>2025-07-06T03:47:23Z</time>
      </trkpt>
      <trkpt lat="47.62163667" lon="20.934975">
        <ele>133.7</ele>
        <time>2025-07-06T03:47:24Z</time>
      </trkpt>
      <trkpt lat="47.62167333" lon="20.93524167">
        <ele>134.8</ele>
        <time>2025-07-06T03:47:25Z</time>
      </trkpt>
      <trkpt lat="47.621695" lon="20.93551">
        <ele>136.3</ele>
        <time>2025-07-06T03:47:26Z</time>
      </trkpt>
      <trkpt lat="47.62172333" lon="20.93577">
        <ele>135.7</ele>
        <time>2025-07-06T03:47:27Z</time>
      </trkpt>
      <trkpt lat="47.62174833" lon="20.93603">
        <ele>135.6</ele>
        <time>2025-07-06T03:47:28Z</time>
      </trkpt>
      <trkpt lat="47.62177667" lon="20.93627667">
        <ele>136.2</ele>
        <time>2025-07-06T03:47:29Z</time>
      </trkpt>
      <trkpt lat="47.62180333" lon="20.93653167">
        <ele>135.9</ele>
        <time>2025-07-06T03:47:30Z</time>
      </trkpt>
      <trkpt lat="47.62183333" lon="20.93678667">
        <ele>135.7</ele>
        <time>2025-07-06T03:47:31Z</time>
      </trkpt>
      <trkpt lat="47.621865" lon="20.93705167">
        <ele>135.5</ele>
        <time>2025-07-06T03:47:32Z</time>
      </trkpt>
      <trkpt lat="47.62189333" lon="20.93731167">
        <ele>134.6</ele>
        <time>2025-07-06T03:47:33Z</time>
      </trkpt>
      <trkpt lat="47.62192333" lon="20.93755333">
        <ele>133.9</ele>
        <time>2025-07-06T03:47:34Z</time>
      </trkpt>
      <trkpt lat="47.62195333" lon="20.93778833">
        <ele>134.2</ele>
        <time>2025-07-06T03:47:35Z</time>
      </trkpt>
      <trkpt lat="47.62201667" lon="20.93804833">
        <ele>135.1</ele>
        <time>2025-07-06T03:47:36Z</time>
      </trkpt>
      <trkpt lat="47.62202833" lon="20.93827833">
        <ele>134.8</ele>
        <time>2025-07-06T03:47:37Z</time>
      </trkpt>
      <trkpt lat="47.62203833" lon="20.93850667">
        <ele>134.4</ele>
        <time>2025-07-06T03:47:38Z</time>
      </trkpt>
      <trkpt lat="47.62205333" lon="20.93874167">
        <ele>134.4</ele>
        <time>2025-07-06T03:47:39Z</time>
      </trkpt>
      <trkpt lat="47.622065" lon="20.93897167">
        <ele>133.6</ele>
        <time>2025-07-06T03:47:40Z</time>
      </trkpt>
      <trkpt lat="47.62208167" lon="20.93921167">
        <ele>134.1</ele>
        <time>2025-07-06T03:47:41Z</time>
      </trkpt>
      <trkpt lat="47.62210333" lon="20.93943667">
        <ele>134.9</ele>
        <time>2025-07-06T03:47:42Z</time>
      </trkpt>
      <trkpt lat="47.62212667" lon="20.93966667">
        <ele>136.2</ele>
        <time>2025-07-06T03:47:43Z</time>
      </trkpt>
      <trkpt lat="47.62215333" lon="20.939885">
        <ele>136.8</ele>
        <time>2025-07-06T03:47:44Z</time>
      </trkpt>
      <trkpt lat="47.62217667" lon="20.94010333">
        <ele>136.7</ele>
        <time>2025-07-06T03:47:45Z</time>
      </trkpt>
      <trkpt lat="47.62219167" lon="20.94032">
        <ele>137.3</ele>
        <time>2025-07-06T03:47:46Z</time>
      </trkpt>
      <trkpt lat="47.62220333" lon="20.94053667">
        <ele>137.3</ele>
        <time>2025-07-06T03:47:47Z</time>
      </trkpt>
      <trkpt lat="47.62222333" lon="20.940745">
        <ele>137.1</ele>
        <time>2025-07-06T03:47:48Z</time>
      </trkpt>
      <trkpt lat="47.62224667" lon="20.94096167">
        <ele>136.2</ele>
        <time>2025-07-06T03:47:49Z</time>
      </trkpt>
      <trkpt lat="47.622275" lon="20.94117667">
        <ele>135.6</ele>
        <time>2025-07-06T03:47:50Z</time>
      </trkpt>
      <trkpt lat="47.62230167" lon="20.94139">
        <ele>134.7</ele>
        <time>2025-07-06T03:47:51Z</time>
      </trkpt>
      <trkpt lat="47.62232" lon="20.9416">
        <ele>132.8</ele>
        <time>2025-07-06T03:47:52Z</time>
      </trkpt>
      <trkpt lat="47.62234667" lon="20.94181">
        <ele>132.2</ele>
        <time>2025-07-06T03:47:53Z</time>
      </trkpt>
      <trkpt lat="47.622385" lon="20.94202333">
        <ele>133.7</ele>
        <time>2025-07-06T03:47:54Z</time>
      </trkpt>
      <trkpt lat="47.62240167" lon="20.94222833">
        <ele>133.8</ele>
        <time>2025-07-06T03:47:55Z</time>
      </trkpt>
      <trkpt lat="47.62242167" lon="20.94243667">
        <ele>134.7</ele>
        <time>2025-07-06T03:47:56Z</time>
      </trkpt>
      <trkpt lat="47.62244667" lon="20.94263833">
        <ele>132.2</ele>
        <time>2025-07-06T03:47:57Z</time>
      </trkpt>
      <trkpt lat="47.62246833" lon="20.94285167">
        <ele>131.8</ele>
        <time>2025-07-06T03:47:58Z</time>
      </trkpt>
      <trkpt lat="47.62249" lon="20.94305667">
        <ele>130.4</ele>
        <time>2025-07-06T03:47:59Z</time>
      </trkpt>
      <trkpt lat="47.62251" lon="20.943255">
        <ele>130.4</ele>
        <time>2025-07-06T03:48:00Z</time>
      </trkpt>
      <trkpt lat="47.62252833" lon="20.943455">
        <ele>130.2</ele>
        <time>2025-07-06T03:48:01Z</time>
      </trkpt>
      <trkpt lat="47.62254" lon="20.943645">
        <ele>129.9</ele>
        <time>2025-07-06T03:48:02Z</time>
      </trkpt>
      <trkpt lat="47.62255167" lon="20.94382833">
        <ele>131</ele>
        <time>2025-07-06T03:48:03Z</time>
      </trkpt>
      <trkpt lat="47.62257333" lon="20.94402833">
        <ele>133.3</ele>
        <time>2025-07-06T03:48:04Z</time>
      </trkpt>
      <trkpt lat="47.622585" lon="20.94422167">
        <ele>134</ele>
        <time>2025-07-06T03:48:05Z</time>
      </trkpt>
      <trkpt lat="47.6226" lon="20.9444">
        <ele>134.7</ele>
        <time>2025-07-06T03:48:06Z</time>
      </trkpt>
      <trkpt lat="47.62261833" lon="20.944565">
        <ele>133.8</ele>
        <time>2025-07-06T03:48:07Z</time>
      </trkpt>
      <trkpt lat="47.62263667" lon="20.944745">
        <ele>133.7</ele>
        <time>2025-07-06T03:48:08Z</time>
      </trkpt>
      <trkpt lat="47.62265167" lon="20.94491167">
        <ele>132.7</ele>
        <time>2025-07-06T03:48:09Z</time>
      </trkpt>
      <trkpt lat="47.62266833" lon="20.94508667">
        <ele>132</ele>
        <time>2025-07-06T03:48:10Z</time>
      </trkpt>
      <trkpt lat="47.622695" lon="20.945255">
        <ele>131.4</ele>
        <time>2025-07-06T03:48:11Z</time>
      </trkpt>
      <trkpt lat="47.622715" lon="20.94542333">
        <ele>132.3</ele>
        <time>2025-07-06T03:48:12Z</time>
      </trkpt>
      <trkpt lat="47.62273833" lon="20.94558167">
        <ele>133.3</ele>
        <time>2025-07-06T03:48:13Z</time>
      </trkpt>
      <trkpt lat="47.62275667" lon="20.94574333">
        <ele>133.5</ele>
        <time>2025-07-06T03:48:14Z</time>
      </trkpt>
      <trkpt lat="47.622775" lon="20.94590167">
        <ele>133</ele>
        <time>2025-07-06T03:48:15Z</time>
      </trkpt>
      <trkpt lat="47.62279667" lon="20.94606167">
        <ele>132.6</ele>
        <time>2025-07-06T03:48:16Z</time>
      </trkpt>
      <trkpt lat="47.62281833" lon="20.94621833">
        <ele>132.4</ele>
        <time>2025-07-06T03:48:17Z</time>
      </trkpt>
      <trkpt lat="47.62283167" lon="20.946375">
        <ele>131.9</ele>
        <time>2025-07-06T03:48:18Z</time>
      </trkpt>
      <trkpt lat="47.62284667" lon="20.94653167">
        <ele>132.6</ele>
        <time>2025-07-06T03:48:19Z</time>
      </trkpt>
      <trkpt lat="47.62286333" lon="20.94668833">
        <ele>133</ele>
        <time>2025-07-06T03:48:20Z</time>
      </trkpt>
      <trkpt lat="47.62287667" lon="20.94682833">
        <ele>133.1</ele>
        <time>2025-07-06T03:48:21Z</time>
      </trkpt>
      <trkpt lat="47.62287333" lon="20.94697">
        <ele>134.1</ele>
        <time>2025-07-06T03:48:22Z</time>
      </trkpt>
      <trkpt lat="47.62287667" lon="20.94711333">
        <ele>135.5</ele>
        <time>2025-07-06T03:48:23Z</time>
      </trkpt>
      <trkpt lat="47.62289833" lon="20.94726167">
        <ele>136</ele>
        <time>2025-07-06T03:48:24Z</time>
      </trkpt>
      <trkpt lat="47.62292" lon="20.94740667">
        <ele>136.4</ele>
        <time>2025-07-06T03:48:25Z</time>
      </trkpt>
      <trkpt lat="47.62294" lon="20.94755167">
        <ele>135.8</ele>
        <time>2025-07-06T03:48:26Z</time>
      </trkpt>
      <trkpt lat="47.62295833" lon="20.94768833">
        <ele>135.4</ele>
        <time>2025-07-06T03:48:27Z</time>
      </trkpt>
      <trkpt lat="47.62297833" lon="20.94782167">
        <ele>135</ele>
        <time>2025-07-06T03:48:28Z</time>
      </trkpt>
      <trkpt lat="47.62299833" lon="20.947955">
        <ele>134.8</ele>
        <time>2025-07-06T03:48:29Z</time>
      </trkpt>
      <trkpt lat="47.62303" lon="20.94821333">
        <ele>134.5</ele>
        <time>2025-07-06T03:48:31Z</time>
      </trkpt>
      <trkpt lat="47.62306" lon="20.94847">
        <ele>134.6</ele>
        <time>2025-07-06T03:48:33Z</time>
      </trkpt>
      <trkpt lat="47.62308" lon="20.94871833">
        <ele>134.6</ele>
        <time>2025-07-06T03:48:35Z</time>
      </trkpt>
      <trkpt lat="47.62310333" lon="20.94893833">
        <ele>134.3</ele>
        <time>2025-07-06T03:48:37Z</time>
      </trkpt>
      <trkpt lat="47.62312667" lon="20.94914">
        <ele>133.8</ele>
        <time>2025-07-06T03:48:39Z</time>
      </trkpt>
      <trkpt lat="47.62315833" lon="20.94934667">
        <ele>132.7</ele>
        <time>2025-07-06T03:48:41Z</time>
      </trkpt>
      <trkpt lat="47.62319667" lon="20.94955">
        <ele>133</ele>
        <time>2025-07-06T03:48:43Z</time>
      </trkpt>
      <trkpt lat="47.623235" lon="20.94974833">
        <ele>132</ele>
        <time>2025-07-06T03:48:45Z</time>
      </trkpt>
      <trkpt lat="47.62326167" lon="20.94993667">
        <ele>130.9</ele>
        <time>2025-07-06T03:48:47Z</time>
      </trkpt>
      <trkpt lat="47.62328333" lon="20.95012167">
        <ele>130.5</ele>
        <time>2025-07-06T03:48:49Z</time>
      </trkpt>
      <trkpt lat="47.6233" lon="20.95029333">
        <ele>130.5</ele>
        <time>2025-07-06T03:48:51Z</time>
      </trkpt>
      <trkpt lat="47.6233" lon="20.95046333">
        <ele>130.7</ele>
        <time>2025-07-06T03:48:53Z</time>
      </trkpt>
      <trkpt lat="47.62331333" lon="20.95061833">
        <ele>130.2</ele>
        <time>2025-07-06T03:48:55Z</time>
      </trkpt>
      <trkpt lat="47.62333333" lon="20.950765">
        <ele>129</ele>
        <time>2025-07-06T03:48:57Z</time>
      </trkpt>
      <trkpt lat="47.623365" lon="20.95093333">
        <ele>129</ele>
        <time>2025-07-06T03:49:00Z</time>
      </trkpt>
      <trkpt lat="47.62337333" lon="20.951075">
        <ele>129.2</ele>
        <time>2025-07-06T03:50:24Z</time>
      </trkpt>
      <trkpt lat="47.62339333" lon="20.951235">
        <ele>129</ele>
        <time>2025-07-06T03:50:28Z</time>
      </trkpt>
      <trkpt lat="47.623435" lon="20.95144167">
        <ele>128.2</ele>
        <time>2025-07-06T03:50:31Z</time>
      </trkpt>
      <trkpt lat="47.62344333" lon="20.95161333">
        <ele>126.7</ele>
        <time>2025-07-06T03:50:33Z</time>
      </trkpt>
      <trkpt lat="47.62346" lon="20.95180167">
        <ele>126.8</ele>
        <time>2025-07-06T03:50:35Z</time>
      </trkpt>
      <trkpt lat="47.62348333" lon="20.95199">
        <ele>127.4</ele>
        <time>2025-07-06T03:50:37Z</time>
      </trkpt>
      <trkpt lat="47.62349833" lon="20.95218333">
        <ele>126.9</ele>
        <time>2025-07-06T03:50:39Z</time>
      </trkpt>
      <trkpt lat="47.623515" lon="20.95238">
        <ele>126.3</ele>
        <time>2025-07-06T03:50:41Z</time>
      </trkpt>
      <trkpt lat="47.62354" lon="20.95258333">
        <ele>125.6</ele>
        <time>2025-07-06T03:50:43Z</time>
      </trkpt>
      <trkpt lat="47.62355667" lon="20.95277333">
        <ele>124.5</ele>
        <time>2025-07-06T03:50:45Z</time>
      </trkpt>
      <trkpt lat="47.62357333" lon="20.95293833">
        <ele>124</ele>
        <time>2025-07-06T03:50:47Z</time>
      </trkpt>
      <trkpt lat="47.62358" lon="20.95309167">
        <ele>122.7</ele>
        <time>2025-07-06T03:50:49Z</time>
      </trkpt>
      <trkpt lat="47.62359" lon="20.95323333">
        <ele>122.2</ele>
        <time>2025-07-06T03:50:51Z</time>
      </trkpt>
      <trkpt lat="47.62359833" lon="20.95336667">
        <ele>123</ele>
        <time>2025-07-06T03:50:53Z</time>
      </trkpt>
      <trkpt lat="47.62361167" lon="20.953505">
        <ele>124.4</ele>
        <time>2025-07-06T03:50:55Z</time>
      </trkpt>
      <trkpt lat="47.62362833" lon="20.953665">
        <ele>125.2</ele>
        <time>2025-07-06T03:50:57Z</time>
      </trkpt>
      <trkpt lat="47.62364333" lon="20.953835">
        <ele>125.1</ele>
        <time>2025-07-06T03:50:59Z</time>
      </trkpt>
      <trkpt lat="47.62366833" lon="20.95401333">
        <ele>124.8</ele>
        <time>2025-07-06T03:51:01Z</time>
      </trkpt>
      <trkpt lat="47.62369" lon="20.95419167">
        <ele>124.6</ele>
        <time>2025-07-06T03:51:03Z</time>
      </trkpt>
      <trkpt lat="47.62371833" lon="20.95437667">
        <ele>124.2</ele>
        <time>2025-07-06T03:51:05Z</time>
      </trkpt>
      <trkpt lat="47.62374167" lon="20.95455833">
        <ele>126.9</ele>
        <time>2025-07-06T03:51:07Z</time>
      </trkpt>
      <trkpt lat="47.62375167" lon="20.954745">
        <ele>127.4</ele>
        <time>2025-07-06T03:51:09Z</time>
      </trkpt>
      <trkpt lat="47.62376833" lon="20.954945">
        <ele>127.8</ele>
        <time>2025-07-06T03:51:11Z</time>
      </trkpt>
      <trkpt lat="47.62378667" lon="20.95512833">
        <ele>128.3</ele>
        <time>2025-07-06T03:51:13Z</time>
      </trkpt>
      <trkpt lat="47.62381" lon="20.95531667">
        <ele>126.7</ele>
        <time>2025-07-06T03:51:15Z</time>
      </trkpt>
      <trkpt lat="47.62383" lon="20.95551167">
        <ele>126.1</ele>
        <time>2025-07-06T03:51:17Z</time>
      </trkpt>
      <trkpt lat="47.62386333" lon="20.955715">
        <ele>126.8</ele>
        <time>2025-07-06T03:51:19Z</time>
      </trkpt>
      <trkpt lat="47.62389333" lon="20.95593167">
        <ele>127.6</ele>
        <time>2025-07-06T03:51:21Z</time>
      </trkpt>
      <trkpt lat="47.62391833" lon="20.956145">
        <ele>129.8</ele>
        <time>2025-07-06T03:51:23Z</time>
      </trkpt>
      <trkpt lat="47.623935" lon="20.95636333">
        <ele>129.8</ele>
        <time>2025-07-06T03:51:25Z</time>
      </trkpt>
      <trkpt lat="47.62395167" lon="20.95659">
        <ele>130.3</ele>
        <time>2025-07-06T03:51:27Z</time>
      </trkpt>
      <trkpt lat="47.62397667" lon="20.956835">
        <ele>130.9</ele>
        <time>2025-07-06T03:51:29Z</time>
      </trkpt>
      <trkpt lat="47.624" lon="20.95709667">
        <ele>131.3</ele>
        <time>2025-07-06T03:51:31Z</time>
      </trkpt>
      <trkpt lat="47.624035" lon="20.95735667">
        <ele>132.1</ele>
        <time>2025-07-06T03:51:33Z</time>
      </trkpt>
      <trkpt lat="47.624075" lon="20.957585">
        <ele>131.4</ele>
        <time>2025-07-06T03:51:35Z</time>
      </trkpt>
      <trkpt lat="47.62410167" lon="20.95781333">
        <ele>131.3</ele>
        <time>2025-07-06T03:51:37Z</time>
      </trkpt>
      <trkpt lat="47.62413333" lon="20.95804">
        <ele>132.4</ele>
        <time>2025-07-06T03:51:39Z</time>
      </trkpt>
      <trkpt lat="47.62415333" lon="20.95825833">
        <ele>133.1</ele>
        <time>2025-07-06T03:51:41Z</time>
      </trkpt>
      <trkpt lat="47.62417833" lon="20.95848">
        <ele>132.7</ele>
        <time>2025-07-06T03:51:43Z</time>
      </trkpt>
      <trkpt lat="47.62420333" lon="20.95869333">
        <ele>132.6</ele>
        <time>2025-07-06T03:51:45Z</time>
      </trkpt>
      <trkpt lat="47.62422667" lon="20.9589">
        <ele>132.5</ele>
        <time>2025-07-06T03:51:47Z</time>
      </trkpt>
      <trkpt lat="47.624245" lon="20.95910833">
        <ele>132.9</ele>
        <time>2025-07-06T03:51:49Z</time>
      </trkpt>
      <trkpt lat="47.62425833" lon="20.959315">
        <ele>132.7</ele>
        <time>2025-07-06T03:51:51Z</time>
      </trkpt>
      <trkpt lat="47.62427167" lon="20.95950833">
        <ele>132.4</ele>
        <time>2025-07-06T03:51:53Z</time>
      </trkpt>
      <trkpt lat="47.62429" lon="20.9597">
        <ele>132</ele>
        <time>2025-07-06T03:51:55Z</time>
      </trkpt>
      <trkpt lat="47.62430667" lon="20.95988833">
        <ele>132.1</ele>
        <time>2025-07-06T03:51:57Z</time>
      </trkpt>
      <trkpt lat="47.62431833" lon="20.96006833">
        <ele>131.3</ele>
        <time>2025-07-06T03:51:59Z</time>
      </trkpt>
      <trkpt lat="47.62432833" lon="20.96024167">
        <ele>130.4</ele>
        <time>2025-07-06T03:52:01Z</time>
      </trkpt>
      <trkpt lat="47.624345" lon="20.96043667">
        <ele>130</ele>
        <time>2025-07-06T03:52:03Z</time>
      </trkpt>
      <trkpt lat="47.62436833" lon="20.960645">
        <ele>129.6</ele>
        <time>2025-07-06T03:52:05Z</time>
      </trkpt>
      <trkpt lat="47.624355" lon="20.96086667">
        <ele>128.2</ele>
        <time>2025-07-06T03:52:07Z</time>
      </trkpt>
      <trkpt lat="47.62435" lon="20.96107167">
        <ele>126.7</ele>
        <time>2025-07-06T03:52:09Z</time>
      </trkpt>
      <trkpt lat="47.62437" lon="20.96130167">
        <ele>126.7</ele>
        <time>2025-07-06T03:52:11Z</time>
      </trkpt>
      <trkpt lat="47.6244" lon="20.96153667">
        <ele>126.6</ele>
        <time>2025-07-06T03:52:13Z</time>
      </trkpt>
      <trkpt lat="47.62441833" lon="20.96177833">
        <ele>126.9</ele>
        <time>2025-07-06T03:52:15Z</time>
      </trkpt>
      <trkpt lat="47.62445333" lon="20.96201833">
        <ele>128</ele>
        <time>2025-07-06T03:52:17Z</time>
      </trkpt>
      <trkpt lat="47.62451" lon="20.96228167">
        <ele>130.2</ele>
        <time>2025-07-06T03:52:19Z</time>
      </trkpt>
      <trkpt lat="47.62453333" lon="20.96254333">
        <ele>131.2</ele>
        <time>2025-07-06T03:52:21Z</time>
      </trkpt>
      <trkpt lat="47.62456" lon="20.962805">
        <ele>130.6</ele>
        <time>2025-07-06T03:52:23Z</time>
      </trkpt>
      <trkpt lat="47.624585" lon="20.96307833">
        <ele>130.5</ele>
        <time>2025-07-06T03:52:25Z</time>
      </trkpt>
      <trkpt lat="47.62460167" lon="20.963215">
        <ele>130.7</ele>
        <time>2025-07-06T03:52:26Z</time>
      </trkpt>
      <trkpt lat="47.62462" lon="20.96334833">
        <ele>131.3</ele>
        <time>2025-07-06T03:52:27Z</time>
      </trkpt>
      <trkpt lat="47.62465167" lon="20.96361667">
        <ele>132.1</ele>
        <time>2025-07-06T03:52:29Z</time>
      </trkpt>
      <trkpt lat="47.62466333" lon="20.963755">
        <ele>132.1</ele>
        <time>2025-07-06T03:52:30Z</time>
      </trkpt>
      <trkpt lat="47.62467667" lon="20.96389333">
        <ele>131.8</ele>
        <time>2025-07-06T03:52:31Z</time>
      </trkpt>
      <trkpt lat="47.624695" lon="20.96402667">
        <ele>131.6</ele>
        <time>2025-07-06T03:52:32Z</time>
      </trkpt>
      <trkpt lat="47.62470667" lon="20.964175">
        <ele>131.1</ele>
        <time>2025-07-06T03:52:33Z</time>
      </trkpt>
      <trkpt lat="47.62472" lon="20.96432333">
        <ele>131</ele>
        <time>2025-07-06T03:52:34Z</time>
      </trkpt>
      <trkpt lat="47.62473833" lon="20.96446833">
        <ele>130</ele>
        <time>2025-07-06T03:52:35Z</time>
      </trkpt>
      <trkpt lat="47.62475833" lon="20.96461667">
        <ele>129.4</ele>
        <time>2025-07-06T03:52:36Z</time>
      </trkpt>
      <trkpt lat="47.62478667" lon="20.96476333">
        <ele>128.3</ele>
        <time>2025-07-06T03:52:37Z</time>
      </trkpt>
      <trkpt lat="47.62480167" lon="20.96492333">
        <ele>127.9</ele>
        <time>2025-07-06T03:52:38Z</time>
      </trkpt>
      <trkpt lat="47.62482167" lon="20.96507333">
        <ele>127.9</ele>
        <time>2025-07-06T03:52:39Z</time>
      </trkpt>
      <trkpt lat="47.62483" lon="20.96523667">
        <ele>128.5</ele>
        <time>2025-07-06T03:52:40Z</time>
      </trkpt>
      <trkpt lat="47.62485167" lon="20.96538">
        <ele>128</ele>
        <time>2025-07-06T03:52:41Z</time>
      </trkpt>
      <trkpt lat="47.62486667" lon="20.96554833">
        <ele>128.1</ele>
        <time>2025-07-06T03:52:42Z</time>
      </trkpt>
      <trkpt lat="47.62487833" lon="20.96571167">
        <ele>128.4</ele>
        <time>2025-07-06T03:52:43Z</time>
      </trkpt>
      <trkpt lat="47.624895" lon="20.96588667">
        <ele>128.7</ele>
        <time>2025-07-06T03:52:44Z</time>
      </trkpt>
      <trkpt lat="47.62490667" lon="20.96606333">
        <ele>129.7</ele>
        <time>2025-07-06T03:52:45Z</time>
      </trkpt>
      <trkpt lat="47.62492167" lon="20.96623667">
        <ele>130.7</ele>
        <time>2025-07-06T03:52:46Z</time>
      </trkpt>
      <trkpt lat="47.62493667" lon="20.96641">
        <ele>130.9</ele>
        <time>2025-07-06T03:52:47Z</time>
      </trkpt>
      <trkpt lat="47.62495333" lon="20.966595">
        <ele>131.2</ele>
        <time>2025-07-06T03:52:48Z</time>
      </trkpt>
      <trkpt lat="47.62496667" lon="20.96676333">
        <ele>131.4</ele>
        <time>2025-07-06T03:52:49Z</time>
      </trkpt>
      <trkpt lat="47.62497" lon="20.96692667">
        <ele>131.9</ele>
        <time>2025-07-06T03:52:50Z</time>
      </trkpt>
      <trkpt lat="47.62497167" lon="20.967095">
        <ele>132.5</ele>
        <time>2025-07-06T03:52:51Z</time>
      </trkpt>
      <trkpt lat="47.624975" lon="20.96726333">
        <ele>133.3</ele>
        <time>2025-07-06T03:52:52Z</time>
      </trkpt>
      <trkpt lat="47.62499667" lon="20.96744">
        <ele>141.4</ele>
        <time>2025-07-06T03:52:53Z</time>
      </trkpt>
      <trkpt lat="47.62498333" lon="20.96762833">
        <ele>141.8</ele>
        <time>2025-07-06T03:52:54Z</time>
      </trkpt>
      <trkpt lat="47.62501667" lon="20.96780167">
        <ele>145.5</ele>
        <time>2025-07-06T03:52:55Z</time>
      </trkpt>
      <trkpt lat="47.62501667" lon="20.96797833">
        <ele>145.9</ele>
        <time>2025-07-06T03:52:56Z</time>
      </trkpt>
      <trkpt lat="47.62501667" lon="20.96816">
        <ele>147.7</ele>
        <time>2025-07-06T03:52:57Z</time>
      </trkpt>
      <trkpt lat="47.62501333" lon="20.968355">
        <ele>145.3</ele>
        <time>2025-07-06T03:52:58Z</time>
      </trkpt>
      <trkpt lat="47.62499667" lon="20.96854667">
        <ele>145.5</ele>
        <time>2025-07-06T03:52:59Z</time>
      </trkpt>
      <trkpt lat="47.62497667" lon="20.96873333">
        <ele>145.4</ele>
        <time>2025-07-06T03:53:00Z</time>
      </trkpt>
      <trkpt lat="47.624945" lon="20.96891667">
        <ele>140.1</ele>
        <time>2025-07-06T03:53:01Z</time>
      </trkpt>
      <trkpt lat="47.62491833" lon="20.96909667">
        <ele>136.6</ele>
        <time>2025-07-06T03:53:02Z</time>
      </trkpt>
      <trkpt lat="47.62490167" lon="20.96929167">
        <ele>134.7</ele>
        <time>2025-07-06T03:53:03Z</time>
      </trkpt>
      <trkpt lat="47.62488" lon="20.96947833">
        <ele>135.2</ele>
        <time>2025-07-06T03:53:04Z</time>
      </trkpt>
      <trkpt lat="47.62486667" lon="20.96970667">
        <ele>129.8</ele>
        <time>2025-07-06T03:53:05Z</time>
      </trkpt>
      <trkpt lat="47.62483333" lon="20.96993167">
        <ele>126.7</ele>
        <time>2025-07-06T03:53:06Z</time>
      </trkpt>
      <trkpt lat="47.62479333" lon="20.97014">
        <ele>123.6</ele>
        <time>2025-07-06T03:53:07Z</time>
      </trkpt>
      <trkpt lat="47.624755" lon="20.97032667">
        <ele>124.7</ele>
        <time>2025-07-06T03:53:08Z</time>
      </trkpt>
      <trkpt lat="47.62473833" lon="20.97050333">
        <ele>125.9</ele>
        <time>2025-07-06T03:53:09Z</time>
      </trkpt>
      <trkpt lat="47.62471" lon="20.970665">
        <ele>124.5</ele>
        <time>2025-07-06T03:53:10Z</time>
      </trkpt>
      <trkpt lat="47.62467833" lon="20.97084167">
        <ele>122.8</ele>
        <time>2025-07-06T03:53:11Z</time>
      </trkpt>
      <trkpt lat="47.62462167" lon="20.97102167">
        <ele>121.3</ele>
        <time>2025-07-06T03:53:12Z</time>
      </trkpt>
      <trkpt lat="47.62458167" lon="20.97122333">
        <ele>124.2</ele>
        <time>2025-07-06T03:53:13Z</time>
      </trkpt>
      <trkpt lat="47.62457167" lon="20.97141667">
        <ele>127.7</ele>
        <time>2025-07-06T03:53:14Z</time>
      </trkpt>
      <trkpt lat="47.62453333" lon="20.97162333">
        <ele>130.3</ele>
        <time>2025-07-06T03:53:15Z</time>
      </trkpt>
      <trkpt lat="47.62449167" lon="20.971835">
        <ele>133.1</ele>
        <time>2025-07-06T03:53:16Z</time>
      </trkpt>
      <trkpt lat="47.62444667" lon="20.97204333">
        <ele>133.9</ele>
        <time>2025-07-06T03:53:17Z</time>
      </trkpt>
      <trkpt lat="47.62440167" lon="20.97225667">
        <ele>133.9</ele>
        <time>2025-07-06T03:53:18Z</time>
      </trkpt>
      <trkpt lat="47.62435333" lon="20.97247">
        <ele>134</ele>
        <time>2025-07-06T03:53:19Z</time>
      </trkpt>
      <trkpt lat="47.62431" lon="20.97267">
        <ele>133.8</ele>
        <time>2025-07-06T03:53:20Z</time>
      </trkpt>
      <trkpt lat="47.62426" lon="20.972875">
        <ele>133.4</ele>
        <time>2025-07-06T03:53:21Z</time>
      </trkpt>
      <trkpt lat="47.62421333" lon="20.97307833">
        <ele>132.8</ele>
        <time>2025-07-06T03:53:22Z</time>
      </trkpt>
      <trkpt lat="47.62416833" lon="20.97328667">
        <ele>132.7</ele>
        <time>2025-07-06T03:53:23Z</time>
      </trkpt>
      <trkpt lat="47.62414" lon="20.97349667">
        <ele>136.3</ele>
        <time>2025-07-06T03:53:24Z</time>
      </trkpt>
      <trkpt lat="47.6241" lon="20.97370333">
        <ele>136.3</ele>
        <time>2025-07-06T03:53:25Z</time>
      </trkpt>
      <trkpt lat="47.62406167" lon="20.97390333">
        <ele>137.6</ele>
        <time>2025-07-06T03:53:26Z</time>
      </trkpt>
      <trkpt lat="47.62401667" lon="20.974105">
        <ele>139.4</ele>
        <time>2025-07-06T03:53:27Z</time>
      </trkpt>
      <trkpt lat="47.62396833" lon="20.97432667">
        <ele>140</ele>
        <time>2025-07-06T03:53:28Z</time>
      </trkpt>
      <trkpt lat="47.62394167" lon="20.97455167">
        <ele>149.2</ele>
        <time>2025-07-06T03:53:29Z</time>
      </trkpt>
      <trkpt lat="47.62389333" lon="20.974765">
        <ele>149.1</ele>
        <time>2025-07-06T03:53:30Z</time>
      </trkpt>
      <trkpt lat="47.62384333" lon="20.97496833">
        <ele>149</ele>
        <time>2025-07-06T03:53:31Z</time>
      </trkpt>
      <trkpt lat="47.6238" lon="20.97519">
        <ele>148.8</ele>
        <time>2025-07-06T03:53:32Z</time>
      </trkpt>
      <trkpt lat="47.62375667" lon="20.97541667">
        <ele>148.9</ele>
        <time>2025-07-06T03:53:33Z</time>
      </trkpt>
      <trkpt lat="47.623715" lon="20.97565">
        <ele>149.6</ele>
        <time>2025-07-06T03:53:34Z</time>
      </trkpt>
      <trkpt lat="47.62367167" lon="20.975865">
        <ele>149.2</ele>
        <time>2025-07-06T03:53:35Z</time>
      </trkpt>
      <trkpt lat="47.623645" lon="20.97607333">
        <ele>148.6</ele>
        <time>2025-07-06T03:53:36Z</time>
      </trkpt>
      <trkpt lat="47.62361" lon="20.97628667">
        <ele>147.6</ele>
        <time>2025-07-06T03:53:37Z</time>
      </trkpt>
      <trkpt lat="47.62357" lon="20.97649333">
        <ele>146.7</ele>
        <time>2025-07-06T03:53:38Z</time>
      </trkpt>
      <trkpt lat="47.62352667" lon="20.97670667">
        <ele>146.2</ele>
        <time>2025-07-06T03:53:39Z</time>
      </trkpt>
      <trkpt lat="47.62348333" lon="20.97691333">
        <ele>146</ele>
        <time>2025-07-06T03:53:40Z</time>
      </trkpt>
      <trkpt lat="47.62344167" lon="20.97711333">
        <ele>145.9</ele>
        <time>2025-07-06T03:53:41Z</time>
      </trkpt>
      <trkpt lat="47.62339333" lon="20.97731667">
        <ele>146</ele>
        <time>2025-07-06T03:53:42Z</time>
      </trkpt>
      <trkpt lat="47.62334167" lon="20.97751667">
        <ele>140.7</ele>
        <time>2025-07-06T03:53:43Z</time>
      </trkpt>
      <trkpt lat="47.62329167" lon="20.97773">
        <ele>138.6</ele>
        <time>2025-07-06T03:53:44Z</time>
      </trkpt>
      <trkpt lat="47.62323833" lon="20.97794167">
        <ele>136.4</ele>
        <time>2025-07-06T03:53:45Z</time>
      </trkpt>
      <trkpt lat="47.62318833" lon="20.978145">
        <ele>137.3</ele>
        <time>2025-07-06T03:53:46Z</time>
      </trkpt>
      <trkpt lat="47.62315667" lon="20.97835333">
        <ele>137.5</ele>
        <time>2025-07-06T03:53:47Z</time>
      </trkpt>
      <trkpt lat="47.623115" lon="20.97856">
        <ele>137.2</ele>
        <time>2025-07-06T03:53:48Z</time>
      </trkpt>
      <trkpt lat="47.62306333" lon="20.978755">
        <ele>131.2</ele>
        <time>2025-07-06T03:53:49Z</time>
      </trkpt>
      <trkpt lat="47.623025" lon="20.97896167">
        <ele>131.1</ele>
        <time>2025-07-06T03:53:50Z</time>
      </trkpt>
      <trkpt lat="47.622975" lon="20.979165">
        <ele>130.9</ele>
        <time>2025-07-06T03:53:51Z</time>
      </trkpt>
      <trkpt lat="47.62293333" lon="20.97936333">
        <ele>130.8</ele>
        <time>2025-07-06T03:53:52Z</time>
      </trkpt>
      <trkpt lat="47.62289333" lon="20.97956167">
        <ele>130.5</ele>
        <time>2025-07-06T03:53:53Z</time>
      </trkpt>
      <trkpt lat="47.62286167" lon="20.97976">
        <ele>134.7</ele>
        <time>2025-07-06T03:53:54Z</time>
      </trkpt>
      <trkpt lat="47.62283333" lon="20.97996">
        <ele>137.5</ele>
        <time>2025-07-06T03:53:55Z</time>
      </trkpt>
      <trkpt lat="47.62280667" lon="20.98015667">
        <ele>139.1</ele>
        <time>2025-07-06T03:53:56Z</time>
      </trkpt>
      <trkpt lat="47.62277333" lon="20.98034833">
        <ele>139.7</ele>
        <time>2025-07-06T03:53:57Z</time>
      </trkpt>
      <trkpt lat="47.62273167" lon="20.98054333">
        <ele>140</ele>
        <time>2025-07-06T03:53:58Z</time>
      </trkpt>
      <trkpt lat="47.622695" lon="20.980745">
        <ele>139.4</ele>
        <time>2025-07-06T03:53:59Z</time>
      </trkpt>
      <trkpt lat="47.62264333" lon="20.980945">
        <ele>136.8</ele>
        <time>2025-07-06T03:54:00Z</time>
      </trkpt>
      <trkpt lat="47.62260333" lon="20.98116167">
        <ele>134.8</ele>
        <time>2025-07-06T03:54:01Z</time>
      </trkpt>
      <trkpt lat="47.62256167" lon="20.98135667">
        <ele>134.7</ele>
        <time>2025-07-06T03:54:02Z</time>
      </trkpt>
      <trkpt lat="47.622515" lon="20.98155667">
        <ele>134.5</ele>
        <time>2025-07-06T03:54:03Z</time>
      </trkpt>
      <trkpt lat="47.62246833" lon="20.98176167">
        <ele>132.5</ele>
        <time>2025-07-06T03:54:04Z</time>
      </trkpt>
      <trkpt lat="47.622445" lon="20.98194667">
        <ele>132.9</ele>
        <time>2025-07-06T03:54:05Z</time>
      </trkpt>
      <trkpt lat="47.62240833" lon="20.98213833">
        <ele>134.5</ele>
        <time>2025-07-06T03:54:06Z</time>
      </trkpt>
      <trkpt lat="47.62236833" lon="20.98233333">
        <ele>134.6</ele>
        <time>2025-07-06T03:54:07Z</time>
      </trkpt>
      <trkpt lat="47.62232667" lon="20.98252667">
        <ele>134.7</ele>
        <time>2025-07-06T03:54:08Z</time>
      </trkpt>
      <trkpt lat="47.622285" lon="20.98271667">
        <ele>135.4</ele>
        <time>2025-07-06T03:54:09Z</time>
      </trkpt>
      <trkpt lat="47.62224167" lon="20.98290167">
        <ele>135.9</ele>
        <time>2025-07-06T03:54:10Z</time>
      </trkpt>
      <trkpt lat="47.6222" lon="20.98308833">
        <ele>136.6</ele>
        <time>2025-07-06T03:54:11Z</time>
      </trkpt>
      <trkpt lat="47.62216167" lon="20.98327167">
        <ele>136.5</ele>
        <time>2025-07-06T03:54:12Z</time>
      </trkpt>
      <trkpt lat="47.62214667" lon="20.98346167">
        <ele>142.2</ele>
        <time>2025-07-06T03:54:13Z</time>
      </trkpt>
      <trkpt lat="47.62211833" lon="20.98365">
        <ele>143</ele>
        <time>2025-07-06T03:54:14Z</time>
      </trkpt>
      <trkpt lat="47.622085" lon="20.98382833">
        <ele>143.7</ele>
        <time>2025-07-06T03:54:15Z</time>
      </trkpt>
      <trkpt lat="47.62203667" lon="20.984025">
        <ele>142.2</ele>
        <time>2025-07-06T03:54:16Z</time>
      </trkpt>
      <trkpt lat="47.62200667" lon="20.98420833">
        <ele>141.6</ele>
        <time>2025-07-06T03:54:17Z</time>
      </trkpt>
      <trkpt lat="47.62196667" lon="20.98440333">
        <ele>143.1</ele>
        <time>2025-07-06T03:54:18Z</time>
      </trkpt>
      <trkpt lat="47.62192167" lon="20.984585">
        <ele>142.5</ele>
        <time>2025-07-06T03:54:19Z</time>
      </trkpt>
      <trkpt lat="47.62188" lon="20.98476333">
        <ele>142.3</ele>
        <time>2025-07-06T03:54:20Z</time>
      </trkpt>
      <trkpt lat="47.62184333" lon="20.98493667">
        <ele>143</ele>
        <time>2025-07-06T03:54:21Z</time>
      </trkpt>
      <trkpt lat="47.6218" lon="20.985115">
        <ele>142.8</ele>
        <time>2025-07-06T03:54:22Z</time>
      </trkpt>
      <trkpt lat="47.621765" lon="20.98528667">
        <ele>143.1</ele>
        <time>2025-07-06T03:54:23Z</time>
      </trkpt>
      <trkpt lat="47.62174333" lon="20.98545167">
        <ele>143.1</ele>
        <time>2025-07-06T03:54:24Z</time>
      </trkpt>
      <trkpt lat="47.62171333" lon="20.98562667">
        <ele>143.3</ele>
        <time>2025-07-06T03:54:25Z</time>
      </trkpt>
      <trkpt lat="47.62167833" lon="20.985795">
        <ele>143</ele>
        <time>2025-07-06T03:54:26Z</time>
      </trkpt>
      <trkpt lat="47.62164167" lon="20.98596667">
        <ele>143</ele>
        <time>2025-07-06T03:54:27Z</time>
      </trkpt>
      <trkpt lat="47.62160333" lon="20.98613667">
        <ele>142.2</ele>
        <time>2025-07-06T03:54:28Z</time>
      </trkpt>
      <trkpt lat="47.62157167" lon="20.98631333">
        <ele>142.3</ele>
        <time>2025-07-06T03:54:29Z</time>
      </trkpt>
      <trkpt lat="47.62154" lon="20.98648833">
        <ele>142.5</ele>
        <time>2025-07-06T03:54:30Z</time>
      </trkpt>
      <trkpt lat="47.62150833" lon="20.98666667">
        <ele>142.3</ele>
        <time>2025-07-06T03:54:31Z</time>
      </trkpt>
      <trkpt lat="47.62148333" lon="20.98684">
        <ele>142.5</ele>
        <time>2025-07-06T03:54:32Z</time>
      </trkpt>
      <trkpt lat="47.62145667" lon="20.987005">
        <ele>138.7</ele>
        <time>2025-07-06T03:54:33Z</time>
      </trkpt>
      <trkpt lat="47.621425" lon="20.987175">
        <ele>138.3</ele>
        <time>2025-07-06T03:54:34Z</time>
      </trkpt>
      <trkpt lat="47.62139" lon="20.98733">
        <ele>138.2</ele>
        <time>2025-07-06T03:54:35Z</time>
      </trkpt>
      <trkpt lat="47.62136" lon="20.98748333">
        <ele>138.1</ele>
        <time>2025-07-06T03:54:36Z</time>
      </trkpt>
      <trkpt lat="47.62132667" lon="20.98764333">
        <ele>137.4</ele>
        <time>2025-07-06T03:54:37Z</time>
      </trkpt>
      <trkpt lat="47.62129667" lon="20.98780667">
        <ele>136.6</ele>
        <time>2025-07-06T03:54:38Z</time>
      </trkpt>
      <trkpt lat="47.62126333" lon="20.98797167">
        <ele>136.2</ele>
        <time>2025-07-06T03:54:39Z</time>
      </trkpt>
      <trkpt lat="47.62122667" lon="20.988135">
        <ele>133.1</ele>
        <time>2025-07-06T03:54:40Z</time>
      </trkpt>
      <trkpt lat="47.62119167" lon="20.98829">
        <ele>132.6</ele>
        <time>2025-07-06T03:54:41Z</time>
      </trkpt>
      <trkpt lat="47.62115167" lon="20.98845167">
        <ele>132.4</ele>
        <time>2025-07-06T03:54:42Z</time>
      </trkpt>
      <trkpt lat="47.62111667" lon="20.98861167">
        <ele>133</ele>
        <time>2025-07-06T03:54:43Z</time>
      </trkpt>
      <trkpt lat="47.62108667" lon="20.988765">
        <ele>133.4</ele>
        <time>2025-07-06T03:54:44Z</time>
      </trkpt>
      <trkpt lat="47.62105833" lon="20.988925">
        <ele>133.5</ele>
        <time>2025-07-06T03:54:45Z</time>
      </trkpt>
      <trkpt lat="47.62103" lon="20.989085">
        <ele>134</ele>
        <time>2025-07-06T03:54:46Z</time>
      </trkpt>
      <trkpt lat="47.62100333" lon="20.98924333">
        <ele>134.9</ele>
        <time>2025-07-06T03:54:47Z</time>
      </trkpt>
      <trkpt lat="47.62097333" lon="20.98940833">
        <ele>135</ele>
        <time>2025-07-06T03:54:48Z</time>
      </trkpt>
      <trkpt lat="47.62093667" lon="20.98956833">
        <ele>135.2</ele>
        <time>2025-07-06T03:54:49Z</time>
      </trkpt>
      <trkpt lat="47.62090667" lon="20.98973333">
        <ele>135.9</ele>
        <time>2025-07-06T03:54:50Z</time>
      </trkpt>
      <trkpt lat="47.62087167" lon="20.98988667">
        <ele>136.7</ele>
        <time>2025-07-06T03:54:51Z</time>
      </trkpt>
      <trkpt lat="47.62084333" lon="20.99004667">
        <ele>137.1</ele>
        <time>2025-07-06T03:54:52Z</time>
      </trkpt>
      <trkpt lat="47.62081" lon="20.99020667">
        <ele>137.6</ele>
        <time>2025-07-06T03:54:53Z</time>
      </trkpt>
      <trkpt lat="47.62078667" lon="20.99035833">
        <ele>138.1</ele>
        <time>2025-07-06T03:54:54Z</time>
      </trkpt>
      <trkpt lat="47.62075333" lon="20.99050667">
        <ele>138.3</ele>
        <time>2025-07-06T03:54:55Z</time>
      </trkpt>
      <trkpt lat="47.62073167" lon="20.99065667">
        <ele>138.8</ele>
        <time>2025-07-06T03:54:56Z</time>
      </trkpt>
      <trkpt lat="47.62070333" lon="20.99081167">
        <ele>139.6</ele>
        <time>2025-07-06T03:54:57Z</time>
      </trkpt>
      <trkpt lat="47.620665" lon="20.99096667">
        <ele>139.9</ele>
        <time>2025-07-06T03:54:58Z</time>
      </trkpt>
      <trkpt lat="47.620625" lon="20.99113">
        <ele>139.2</ele>
        <time>2025-07-06T03:54:59Z</time>
      </trkpt>
      <trkpt lat="47.62059" lon="20.99127667">
        <ele>138.4</ele>
        <time>2025-07-06T03:55:00Z</time>
      </trkpt>
      <trkpt lat="47.62055833" lon="20.99142167">
        <ele>138.2</ele>
        <time>2025-07-06T03:55:01Z</time>
      </trkpt>
      <trkpt lat="47.62052833" lon="20.99157667">
        <ele>138.2</ele>
        <time>2025-07-06T03:55:02Z</time>
      </trkpt>
      <trkpt lat="47.6205" lon="20.99173667">
        <ele>140.4</ele>
        <time>2025-07-06T03:55:03Z</time>
      </trkpt>
      <trkpt lat="47.62047" lon="20.99188333">
        <ele>140.4</ele>
        <time>2025-07-06T03:55:04Z</time>
      </trkpt>
      <trkpt lat="47.62044" lon="20.99203167">
        <ele>141</ele>
        <time>2025-07-06T03:55:05Z</time>
      </trkpt>
      <trkpt lat="47.62041167" lon="20.99218333">
        <ele>141.9</ele>
        <time>2025-07-06T03:55:06Z</time>
      </trkpt>
      <trkpt lat="47.62038333" lon="20.99233333">
        <ele>142.8</ele>
        <time>2025-07-06T03:55:07Z</time>
      </trkpt>
      <trkpt lat="47.62036" lon="20.992485">
        <ele>142.9</ele>
        <time>2025-07-06T03:55:08Z</time>
      </trkpt>
      <trkpt lat="47.62034167" lon="20.99263667">
        <ele>143.2</ele>
        <time>2025-07-06T03:55:09Z</time>
      </trkpt>
      <trkpt lat="47.62031833" lon="20.99278">
        <ele>143.3</ele>
        <time>2025-07-06T03:55:10Z</time>
      </trkpt>
      <trkpt lat="47.62029167" lon="20.99292667">
        <ele>144</ele>
        <time>2025-07-06T03:55:11Z</time>
      </trkpt>
      <trkpt lat="47.62026167" lon="20.99307333">
        <ele>144.7</ele>
        <time>2025-07-06T03:55:12Z</time>
      </trkpt>
      <trkpt lat="47.620225" lon="20.99321167">
        <ele>145</ele>
        <time>2025-07-06T03:55:13Z</time>
      </trkpt>
      <trkpt lat="47.62018833" lon="20.993355">
        <ele>145.9</ele>
        <time>2025-07-06T03:55:14Z</time>
      </trkpt>
      <trkpt lat="47.62016333" lon="20.99349833">
        <ele>146</ele>
        <time>2025-07-06T03:55:15Z</time>
      </trkpt>
      <trkpt lat="47.62013833" lon="20.99364333">
        <ele>146.6</ele>
        <time>2025-07-06T03:55:16Z</time>
      </trkpt>
      <trkpt lat="47.62011" lon="20.99378667">
        <ele>146.6</ele>
        <time>2025-07-06T03:55:17Z</time>
      </trkpt>
      <trkpt lat="47.62008167" lon="20.993925">
        <ele>145.9</ele>
        <time>2025-07-06T03:55:18Z</time>
      </trkpt>
      <trkpt lat="47.62005333" lon="20.99407333">
        <ele>146.5</ele>
        <time>2025-07-06T03:55:19Z</time>
      </trkpt>
      <trkpt lat="47.62002" lon="20.99422333">
        <ele>146.6</ele>
        <time>2025-07-06T03:55:20Z</time>
      </trkpt>
      <trkpt lat="47.61999167" lon="20.994365">
        <ele>146.2</ele>
        <time>2025-07-06T03:55:21Z</time>
      </trkpt>
      <trkpt lat="47.61996" lon="20.994515">
        <ele>146.2</ele>
        <time>2025-07-06T03:55:22Z</time>
      </trkpt>
      <trkpt lat="47.61992833" lon="20.99466333">
        <ele>145.7</ele>
        <time>2025-07-06T03:55:23Z</time>
      </trkpt>
      <trkpt lat="47.61990333" lon="20.99480667">
        <ele>145.3</ele>
        <time>2025-07-06T03:55:24Z</time>
      </trkpt>
      <trkpt lat="47.61987333" lon="20.994955">
        <ele>144.9</ele>
        <time>2025-07-06T03:55:25Z</time>
      </trkpt>
      <trkpt lat="47.61983833" lon="20.99510333">
        <ele>144</ele>
        <time>2025-07-06T03:55:26Z</time>
      </trkpt>
      <trkpt lat="47.61981" lon="20.99524167">
        <ele>142.8</ele>
        <time>2025-07-06T03:55:27Z</time>
      </trkpt>
      <trkpt lat="47.61978" lon="20.99539">
        <ele>142.3</ele>
        <time>2025-07-06T03:55:28Z</time>
      </trkpt>
      <trkpt lat="47.61975167" lon="20.99553333">
        <ele>141.6</ele>
        <time>2025-07-06T03:55:29Z</time>
      </trkpt>
      <trkpt lat="47.61972" lon="20.99567833">
        <ele>141.5</ele>
        <time>2025-07-06T03:55:30Z</time>
      </trkpt>
      <trkpt lat="47.61967667" lon="20.99582167">
        <ele>141.3</ele>
        <time>2025-07-06T03:55:31Z</time>
      </trkpt>
      <trkpt lat="47.61964" lon="20.99596333">
        <ele>140.9</ele>
        <time>2025-07-06T03:55:32Z</time>
      </trkpt>
      <trkpt lat="47.61959667" lon="20.99611833">
        <ele>140.9</ele>
        <time>2025-07-06T03:55:33Z</time>
      </trkpt>
      <trkpt lat="47.61955" lon="20.99627667">
        <ele>140.8</ele>
        <time>2025-07-06T03:55:34Z</time>
      </trkpt>
      <trkpt lat="47.61951667" lon="20.996415">
        <ele>141.3</ele>
        <time>2025-07-06T03:55:35Z</time>
      </trkpt>
      <trkpt lat="47.61949333" lon="20.99656167">
        <ele>141.4</ele>
        <time>2025-07-06T03:55:36Z</time>
      </trkpt>
      <trkpt lat="47.61946667" lon="20.996705">
        <ele>141.1</ele>
        <time>2025-07-06T03:55:37Z</time>
      </trkpt>
      <trkpt lat="47.619435" lon="20.99685667">
        <ele>141.1</ele>
        <time>2025-07-06T03:55:38Z</time>
      </trkpt>
      <trkpt lat="47.61940667" lon="20.997005">
        <ele>141.1</ele>
        <time>2025-07-06T03:55:39Z</time>
      </trkpt>
      <trkpt lat="47.61938333" lon="20.99715333">
        <ele>141.1</ele>
        <time>2025-07-06T03:55:40Z</time>
      </trkpt>
      <trkpt lat="47.619355" lon="20.9973">
        <ele>140.6</ele>
        <time>2025-07-06T03:55:41Z</time>
      </trkpt>
      <trkpt lat="47.61932167" lon="20.99745">
        <ele>139.4</ele>
        <time>2025-07-06T03:55:42Z</time>
      </trkpt>
      <trkpt lat="47.61929167" lon="20.99759833">
        <ele>138.6</ele>
        <time>2025-07-06T03:55:43Z</time>
      </trkpt>
      <trkpt lat="47.61925833" lon="20.99774667">
        <ele>137.4</ele>
        <time>2025-07-06T03:55:44Z</time>
      </trkpt>
      <trkpt lat="47.61923167" lon="20.99789833">
        <ele>137</ele>
        <time>2025-07-06T03:55:45Z</time>
      </trkpt>
      <trkpt lat="47.61919833" lon="20.998055">
        <ele>136.5</ele>
        <time>2025-07-06T03:55:46Z</time>
      </trkpt>
      <trkpt lat="47.61916667" lon="20.99820833">
        <ele>136</ele>
        <time>2025-07-06T03:55:47Z</time>
      </trkpt>
      <trkpt lat="47.61914167" lon="20.99836667">
        <ele>135.9</ele>
        <time>2025-07-06T03:55:48Z</time>
      </trkpt>
      <trkpt lat="47.61910833" lon="20.99853333">
        <ele>136</ele>
        <time>2025-07-06T03:55:49Z</time>
      </trkpt>
      <trkpt lat="47.61907833" lon="20.99870833">
        <ele>136.9</ele>
        <time>2025-07-06T03:55:50Z</time>
      </trkpt>
      <trkpt lat="47.61904667" lon="20.99887667">
        <ele>137.7</ele>
        <time>2025-07-06T03:55:51Z</time>
      </trkpt>
      <trkpt lat="47.61900833" lon="20.99905167">
        <ele>138.2</ele>
        <time>2025-07-06T03:55:52Z</time>
      </trkpt>
      <trkpt lat="47.61897" lon="20.99922167">
        <ele>138.1</ele>
        <time>2025-07-06T03:55:53Z</time>
      </trkpt>
      <trkpt lat="47.61893167" lon="20.99938667">
        <ele>138.1</ele>
        <time>2025-07-06T03:55:54Z</time>
      </trkpt>
      <trkpt lat="47.61889333" lon="20.99955333">
        <ele>138.2</ele>
        <time>2025-07-06T03:55:55Z</time>
      </trkpt>
      <trkpt lat="47.61886333" lon="20.99972333">
        <ele>137.9</ele>
        <time>2025-07-06T03:55:56Z</time>
      </trkpt>
      <trkpt lat="47.61882167" lon="20.999885">
        <ele>136.8</ele>
        <time>2025-07-06T03:55:57Z</time>
      </trkpt>
      <trkpt lat="47.61879667" lon="21.00004333">
        <ele>136.4</ele>
        <time>2025-07-06T03:55:58Z</time>
      </trkpt>
      <trkpt lat="47.61876833" lon="21.00020167">
        <ele>135.9</ele>
        <time>2025-07-06T03:55:59Z</time>
      </trkpt>
      <trkpt lat="47.61874" lon="21.000365">
        <ele>135.6</ele>
        <time>2025-07-06T03:56:00Z</time>
      </trkpt>
      <trkpt lat="47.61870833" lon="21.000525">
        <ele>135.1</ele>
        <time>2025-07-06T03:56:01Z</time>
      </trkpt>
      <trkpt lat="47.61868" lon="21.00069">
        <ele>134.6</ele>
        <time>2025-07-06T03:56:02Z</time>
      </trkpt>
      <trkpt lat="47.61864833" lon="21.00085667">
        <ele>134</ele>
        <time>2025-07-06T03:56:03Z</time>
      </trkpt>
      <trkpt lat="47.61862833" lon="21.00101">
        <ele>132.3</ele>
        <time>2025-07-06T03:56:04Z</time>
      </trkpt>
      <trkpt lat="47.61859" lon="21.001185">
        <ele>132.2</ele>
        <time>2025-07-06T03:56:05Z</time>
      </trkpt>
      <trkpt lat="47.61855167" lon="21.001345">
        <ele>132</ele>
        <time>2025-07-06T03:56:06Z</time>
      </trkpt>
      <trkpt lat="47.618525" lon="21.00150667">
        <ele>132.6</ele>
        <time>2025-07-06T03:56:07Z</time>
      </trkpt>
      <trkpt lat="47.618495" lon="21.00166833">
        <ele>133</ele>
        <time>2025-07-06T03:56:08Z</time>
      </trkpt>
      <trkpt lat="47.618465" lon="21.00184667">
        <ele>133.3</ele>
        <time>2025-07-06T03:56:09Z</time>
      </trkpt>
      <trkpt lat="47.61843333" lon="21.002015">
        <ele>134.1</ele>
        <time>2025-07-06T03:56:10Z</time>
      </trkpt>
      <trkpt lat="47.61840333" lon="21.00219">
        <ele>134.8</ele>
        <time>2025-07-06T03:56:11Z</time>
      </trkpt>
      <trkpt lat="47.61836833" lon="21.00236833">
        <ele>135.5</ele>
        <time>2025-07-06T03:56:12Z</time>
      </trkpt>
      <trkpt lat="47.61833833" lon="21.00254333">
        <ele>136.1</ele>
        <time>2025-07-06T03:56:13Z</time>
      </trkpt>
      <trkpt lat="47.61831167" lon="21.00271333">
        <ele>136.8</ele>
        <time>2025-07-06T03:56:14Z</time>
      </trkpt>
      <trkpt lat="47.61827833" lon="21.00288667">
        <ele>137.3</ele>
        <time>2025-07-06T03:56:15Z</time>
      </trkpt>
      <trkpt lat="47.61824667" lon="21.00306">
        <ele>137.7</ele>
        <time>2025-07-06T03:56:16Z</time>
      </trkpt>
      <trkpt lat="47.618215" lon="21.003225">
        <ele>134.5</ele>
        <time>2025-07-06T03:56:17Z</time>
      </trkpt>
      <trkpt lat="47.61817833" lon="21.0034">
        <ele>134.6</ele>
        <time>2025-07-06T03:56:18Z</time>
      </trkpt>
      <trkpt lat="47.618145" lon="21.003575">
        <ele>134.9</ele>
        <time>2025-07-06T03:56:19Z</time>
      </trkpt>
      <trkpt lat="47.61811" lon="21.00374667">
        <ele>135.1</ele>
        <time>2025-07-06T03:56:20Z</time>
      </trkpt>
      <trkpt lat="47.61807667" lon="21.003915">
        <ele>135.2</ele>
        <time>2025-07-06T03:56:21Z</time>
      </trkpt>
      <trkpt lat="47.61804167" lon="21.004075">
        <ele>134.8</ele>
        <time>2025-07-06T03:56:22Z</time>
      </trkpt>
      <trkpt lat="47.61800167" lon="21.00424833">
        <ele>132.9</ele>
        <time>2025-07-06T03:56:23Z</time>
      </trkpt>
      <trkpt lat="47.61796333" lon="21.00443333">
        <ele>133.7</ele>
        <time>2025-07-06T03:56:24Z</time>
      </trkpt>
      <trkpt lat="47.61793333" lon="21.00460167">
        <ele>132</ele>
        <time>2025-07-06T03:56:25Z</time>
      </trkpt>
      <trkpt lat="47.61789" lon="21.00478667">
        <ele>131.9</ele>
        <time>2025-07-06T03:56:26Z</time>
      </trkpt>
      <trkpt lat="47.61785167" lon="21.00497">
        <ele>131.8</ele>
        <time>2025-07-06T03:56:27Z</time>
      </trkpt>
      <trkpt lat="47.61781167" lon="21.00516333">
        <ele>130.9</ele>
        <time>2025-07-06T03:56:28Z</time>
      </trkpt>
      <trkpt lat="47.61777" lon="21.00534833">
        <ele>130.9</ele>
        <time>2025-07-06T03:56:29Z</time>
      </trkpt>
      <trkpt lat="47.61772" lon="21.00553667">
        <ele>130.9</ele>
        <time>2025-07-06T03:56:30Z</time>
      </trkpt>
      <trkpt lat="47.61769333" lon="21.005705">
        <ele>131.5</ele>
        <time>2025-07-06T03:56:31Z</time>
      </trkpt>
      <trkpt lat="47.61765333" lon="21.00588167">
        <ele>131.8</ele>
        <time>2025-07-06T03:56:32Z</time>
      </trkpt>
      <trkpt lat="47.617615" lon="21.00605333">
        <ele>132.8</ele>
        <time>2025-07-06T03:56:33Z</time>
      </trkpt>
      <trkpt lat="47.61757" lon="21.00622667">
        <ele>132.5</ele>
        <time>2025-07-06T03:56:34Z</time>
      </trkpt>
      <trkpt lat="47.61753333" lon="21.00640667">
        <ele>132.5</ele>
        <time>2025-07-06T03:56:35Z</time>
      </trkpt>
      <trkpt lat="47.61749667" lon="21.00658167">
        <ele>132.6</ele>
        <time>2025-07-06T03:56:36Z</time>
      </trkpt>
      <trkpt lat="47.61745667" lon="21.00676833">
        <ele>132.5</ele>
        <time>2025-07-06T03:56:37Z</time>
      </trkpt>
      <trkpt lat="47.61741667" lon="21.00695">
        <ele>132.7</ele>
        <time>2025-07-06T03:56:38Z</time>
      </trkpt>
      <trkpt lat="47.61738333" lon="21.00714">
        <ele>132.9</ele>
        <time>2025-07-06T03:56:39Z</time>
      </trkpt>
      <trkpt lat="47.61735667" lon="21.00731167">
        <ele>133.2</ele>
        <time>2025-07-06T03:56:40Z</time>
      </trkpt>
      <trkpt lat="47.61733167" lon="21.00747167">
        <ele>132.6</ele>
        <time>2025-07-06T03:56:41Z</time>
      </trkpt>
      <trkpt lat="47.61730667" lon="21.00764">
        <ele>131.7</ele>
        <time>2025-07-06T03:56:42Z</time>
      </trkpt>
      <trkpt lat="47.61728" lon="21.00780667">
        <ele>131.2</ele>
        <time>2025-07-06T03:56:43Z</time>
      </trkpt>
      <trkpt lat="47.61724833" lon="21.00796667">
        <ele>130.4</ele>
        <time>2025-07-06T03:56:44Z</time>
      </trkpt>
      <trkpt lat="47.617215" lon="21.00812167">
        <ele>129.8</ele>
        <time>2025-07-06T03:56:45Z</time>
      </trkpt>
      <trkpt lat="47.61717667" lon="21.00828833">
        <ele>129.6</ele>
        <time>2025-07-06T03:56:46Z</time>
      </trkpt>
      <trkpt lat="47.61715167" lon="21.00843667">
        <ele>130</ele>
        <time>2025-07-06T03:56:47Z</time>
      </trkpt>
      <trkpt lat="47.61712167" lon="21.00859167">
        <ele>130.1</ele>
        <time>2025-07-06T03:56:48Z</time>
      </trkpt>
      <trkpt lat="47.61707667" lon="21.00876">
        <ele>130.2</ele>
        <time>2025-07-06T03:56:49Z</time>
      </trkpt>
      <trkpt lat="47.61704333" lon="21.00891833">
        <ele>130.4</ele>
        <time>2025-07-06T03:56:50Z</time>
      </trkpt>
      <trkpt lat="47.61701833" lon="21.00907833">
        <ele>130</ele>
        <time>2025-07-06T03:56:51Z</time>
      </trkpt>
      <trkpt lat="47.61699333" lon="21.00923">
        <ele>130</ele>
        <time>2025-07-06T03:56:52Z</time>
      </trkpt>
      <trkpt lat="47.61696833" lon="21.00938333">
        <ele>130</ele>
        <time>2025-07-06T03:56:53Z</time>
      </trkpt>
      <trkpt lat="47.616945" lon="21.00953">
        <ele>129.5</ele>
        <time>2025-07-06T03:56:54Z</time>
      </trkpt>
      <trkpt lat="47.616915" lon="21.00966667">
        <ele>128.6</ele>
        <time>2025-07-06T03:56:55Z</time>
      </trkpt>
      <trkpt lat="47.61687833" lon="21.009815">
        <ele>127.7</ele>
        <time>2025-07-06T03:56:56Z</time>
      </trkpt>
      <trkpt lat="47.61683833" lon="21.00997167">
        <ele>127.5</ele>
        <time>2025-07-06T03:56:57Z</time>
      </trkpt>
      <trkpt lat="47.61679833" lon="21.010135">
        <ele>126.5</ele>
        <time>2025-07-06T03:56:58Z</time>
      </trkpt>
      <trkpt lat="47.616755" lon="21.01029">
        <ele>126.3</ele>
        <time>2025-07-06T03:56:59Z</time>
      </trkpt>
      <trkpt lat="47.616725" lon="21.01043167">
        <ele>126.9</ele>
        <time>2025-07-06T03:57:00Z</time>
      </trkpt>
      <trkpt lat="47.61669333" lon="21.01057">
        <ele>127.6</ele>
        <time>2025-07-06T03:57:01Z</time>
      </trkpt>
      <trkpt lat="47.61666333" lon="21.01070833">
        <ele>127.9</ele>
        <time>2025-07-06T03:57:02Z</time>
      </trkpt>
      <trkpt lat="47.61661333" lon="21.01096667">
        <ele>128</ele>
        <time>2025-07-06T03:57:04Z</time>
      </trkpt>
      <trkpt lat="47.61656833" lon="21.01122667">
        <ele>127.9</ele>
        <time>2025-07-06T03:57:06Z</time>
      </trkpt>
      <trkpt lat="47.61652167" lon="21.011465">
        <ele>127.6</ele>
        <time>2025-07-06T03:57:08Z</time>
      </trkpt>
      <trkpt lat="47.61648" lon="21.0117">
        <ele>128.5</ele>
        <time>2025-07-06T03:57:10Z</time>
      </trkpt>
      <trkpt lat="47.616435" lon="21.011955">
        <ele>130</ele>
        <time>2025-07-06T03:57:12Z</time>
      </trkpt>
      <trkpt lat="47.61639333" lon="21.012195">
        <ele>130.6</ele>
        <time>2025-07-06T03:57:14Z</time>
      </trkpt>
      <trkpt lat="47.61635167" lon="21.01241833">
        <ele>129.9</ele>
        <time>2025-07-06T03:57:16Z</time>
      </trkpt>
      <trkpt lat="47.61630833" lon="21.01264667">
        <ele>127.9</ele>
        <time>2025-07-06T03:57:18Z</time>
      </trkpt>
      <trkpt lat="47.61629" lon="21.01277833">
        <ele>126.8</ele>
        <time>2025-07-06T03:57:19Z</time>
      </trkpt>
      <trkpt lat="47.616245" lon="21.01301">
        <ele>126.3</ele>
        <time>2025-07-06T03:57:21Z</time>
      </trkpt>
      <trkpt lat="47.616195" lon="21.01323167">
        <ele>125.8</ele>
        <time>2025-07-06T03:57:23Z</time>
      </trkpt>
      <trkpt lat="47.61615" lon="21.013445">
        <ele>125.4</ele>
        <time>2025-07-06T03:57:25Z</time>
      </trkpt>
      <trkpt lat="47.61609833" lon="21.01366167">
        <ele>126.3</ele>
        <time>2025-07-06T03:57:27Z</time>
      </trkpt>
      <trkpt lat="47.61604167" lon="21.01389333">
        <ele>125.7</ele>
        <time>2025-07-06T03:57:29Z</time>
      </trkpt>
      <trkpt lat="47.615995" lon="21.01412667">
        <ele>125.8</ele>
        <time>2025-07-06T03:57:31Z</time>
      </trkpt>
      <trkpt lat="47.61594667" lon="21.01437">
        <ele>126.6</ele>
        <time>2025-07-06T03:57:33Z</time>
      </trkpt>
      <trkpt lat="47.615905" lon="21.01459833">
        <ele>127.8</ele>
        <time>2025-07-06T03:57:35Z</time>
      </trkpt>
      <trkpt lat="47.61587333" lon="21.01481167">
        <ele>128.3</ele>
        <time>2025-07-06T03:57:37Z</time>
      </trkpt>
      <trkpt lat="47.61583" lon="21.015045">
        <ele>130.3</ele>
        <time>2025-07-06T03:57:39Z</time>
      </trkpt>
      <trkpt lat="47.61578833" lon="21.01527333">
        <ele>131.7</ele>
        <time>2025-07-06T03:57:41Z</time>
      </trkpt>
      <trkpt lat="47.615755" lon="21.01540333">
        <ele>130.3</ele>
        <time>2025-07-06T03:57:42Z</time>
      </trkpt>
      <trkpt lat="47.61571" lon="21.01564">
        <ele>130.4</ele>
        <time>2025-07-06T03:57:44Z</time>
      </trkpt>
      <trkpt lat="47.61566167" lon="21.01587833">
        <ele>129.3</ele>
        <time>2025-07-06T03:57:46Z</time>
      </trkpt>
      <trkpt lat="47.61562" lon="21.01612667">
        <ele>128</ele>
        <time>2025-07-06T03:57:48Z</time>
      </trkpt>
      <trkpt lat="47.61557" lon="21.01637">
        <ele>127.7</ele>
        <time>2025-07-06T03:57:50Z</time>
      </trkpt>
      <trkpt lat="47.61553667" lon="21.01649833">
        <ele>129.2</ele>
        <time>2025-07-06T03:57:51Z</time>
      </trkpt>
      <trkpt lat="47.61549667" lon="21.01675833">
        <ele>132.7</ele>
        <time>2025-07-06T03:57:53Z</time>
      </trkpt>
      <trkpt lat="47.61544833" lon="21.01700333">
        <ele>133.4</ele>
        <time>2025-07-06T03:57:55Z</time>
      </trkpt>
      <trkpt lat="47.61539667" lon="21.01724833">
        <ele>133.5</ele>
        <time>2025-07-06T03:57:57Z</time>
      </trkpt>
      <trkpt lat="47.61536333" lon="21.017375">
        <ele>134.2</ele>
        <time>2025-07-06T03:57:58Z</time>
      </trkpt>
      <trkpt lat="47.61531333" lon="21.01761167">
        <ele>132.5</ele>
        <time>2025-07-06T03:58:00Z</time>
      </trkpt>
      <trkpt lat="47.61529" lon="21.01774167">
        <ele>132.4</ele>
        <time>2025-07-06T03:58:01Z</time>
      </trkpt>
      <trkpt lat="47.615265" lon="21.01787">
        <ele>132.1</ele>
        <time>2025-07-06T03:58:02Z</time>
      </trkpt>
      <trkpt lat="47.61520667" lon="21.01811667">
        <ele>131.9</ele>
        <time>2025-07-06T03:58:04Z</time>
      </trkpt>
      <trkpt lat="47.61517" lon="21.018245">
        <ele>132</ele>
        <time>2025-07-06T03:58:05Z</time>
      </trkpt>
      <trkpt lat="47.61512333" lon="21.01850833">
        <ele>132.9</ele>
        <time>2025-07-06T03:58:07Z</time>
      </trkpt>
      <trkpt lat="47.61509" lon="21.01865833">
        <ele>134.2</ele>
        <time>2025-07-06T03:58:08Z</time>
      </trkpt>
      <trkpt lat="47.61506" lon="21.01879833">
        <ele>134.8</ele>
        <time>2025-07-06T03:58:09Z</time>
      </trkpt>
      <trkpt lat="47.61503" lon="21.01893">
        <ele>135.6</ele>
        <time>2025-07-06T03:58:10Z</time>
      </trkpt>
      <trkpt lat="47.61500333" lon="21.01907167">
        <ele>135.6</ele>
        <time>2025-07-06T03:58:11Z</time>
      </trkpt>
      <trkpt lat="47.61497333" lon="21.01921">
        <ele>136</ele>
        <time>2025-07-06T03:58:12Z</time>
      </trkpt>
      <trkpt lat="47.61494" lon="21.019365">
        <ele>136.9</ele>
        <time>2025-07-06T03:58:13Z</time>
      </trkpt>
      <trkpt lat="47.614915" lon="21.01950667">
        <ele>136.7</ele>
        <time>2025-07-06T03:58:14Z</time>
      </trkpt>
      <trkpt lat="47.61489167" lon="21.01965167">
        <ele>136.1</ele>
        <time>2025-07-06T03:58:15Z</time>
      </trkpt>
      <trkpt lat="47.614865" lon="21.0198">
        <ele>136.2</ele>
        <time>2025-07-06T03:58:16Z</time>
      </trkpt>
      <trkpt lat="47.61483667" lon="21.01995833">
        <ele>136</ele>
        <time>2025-07-06T03:58:17Z</time>
      </trkpt>
      <trkpt lat="47.614805" lon="21.02011333">
        <ele>135.9</ele>
        <time>2025-07-06T03:58:18Z</time>
      </trkpt>
      <trkpt lat="47.61477167" lon="21.02026833">
        <ele>135.8</ele>
        <time>2025-07-06T03:58:19Z</time>
      </trkpt>
      <trkpt lat="47.61474167" lon="21.020425">
        <ele>135.8</ele>
        <time>2025-07-06T03:58:20Z</time>
      </trkpt>
      <trkpt lat="47.614715" lon="21.02058167">
        <ele>136.5</ele>
        <time>2025-07-06T03:58:21Z</time>
      </trkpt>
      <trkpt lat="47.614685" lon="21.02074333">
        <ele>136.6</ele>
        <time>2025-07-06T03:58:22Z</time>
      </trkpt>
      <trkpt lat="47.61465833" lon="21.0209">
        <ele>137.2</ele>
        <time>2025-07-06T03:58:23Z</time>
      </trkpt>
      <trkpt lat="47.61462833" lon="21.02106">
        <ele>136.9</ele>
        <time>2025-07-06T03:58:24Z</time>
      </trkpt>
      <trkpt lat="47.614595" lon="21.021215">
        <ele>136.4</ele>
        <time>2025-07-06T03:58:25Z</time>
      </trkpt>
      <trkpt lat="47.61457" lon="21.02136833">
        <ele>135.8</ele>
        <time>2025-07-06T03:58:26Z</time>
      </trkpt>
      <trkpt lat="47.61453333" lon="21.02153167">
        <ele>135.1</ele>
        <time>2025-07-06T03:58:27Z</time>
      </trkpt>
      <trkpt lat="47.614505" lon="21.02169333">
        <ele>134.1</ele>
        <time>2025-07-06T03:58:28Z</time>
      </trkpt>
      <trkpt lat="47.61447167" lon="21.021865">
        <ele>133.5</ele>
        <time>2025-07-06T03:58:29Z</time>
      </trkpt>
      <trkpt lat="47.61443667" lon="21.02203833">
        <ele>132.8</ele>
        <time>2025-07-06T03:58:30Z</time>
      </trkpt>
      <trkpt lat="47.61440333" lon="21.02221167">
        <ele>132.8</ele>
        <time>2025-07-06T03:58:31Z</time>
      </trkpt>
      <trkpt lat="47.61436833" lon="21.022395">
        <ele>133</ele>
        <time>2025-07-06T03:58:32Z</time>
      </trkpt>
      <trkpt lat="47.61433333" lon="21.02257167">
        <ele>133.2</ele>
        <time>2025-07-06T03:58:33Z</time>
      </trkpt>
      <trkpt lat="47.61430167" lon="21.02274">
        <ele>133.7</ele>
        <time>2025-07-06T03:58:34Z</time>
      </trkpt>
      <trkpt lat="47.61427" lon="21.02290167">
        <ele>134.5</ele>
        <time>2025-07-06T03:58:35Z</time>
      </trkpt>
      <trkpt lat="47.61424167" lon="21.02307167">
        <ele>135.3</ele>
        <time>2025-07-06T03:58:36Z</time>
      </trkpt>
      <trkpt lat="47.61421167" lon="21.02323833">
        <ele>136.1</ele>
        <time>2025-07-06T03:58:37Z</time>
      </trkpt>
      <trkpt lat="47.61417167" lon="21.02341833">
        <ele>137</ele>
        <time>2025-07-06T03:58:38Z</time>
      </trkpt>
      <trkpt lat="47.61413167" lon="21.02359667">
        <ele>137.8</ele>
        <time>2025-07-06T03:58:39Z</time>
      </trkpt>
      <trkpt lat="47.61409167" lon="21.02378667">
        <ele>138.3</ele>
        <time>2025-07-06T03:58:40Z</time>
      </trkpt>
      <trkpt lat="47.614055" lon="21.02396667">
        <ele>138.2</ele>
        <time>2025-07-06T03:58:41Z</time>
      </trkpt>
      <trkpt lat="47.61402" lon="21.02414833">
        <ele>137.8</ele>
        <time>2025-07-06T03:58:42Z</time>
      </trkpt>
      <trkpt lat="47.61398333" lon="21.02433333">
        <ele>137.8</ele>
        <time>2025-07-06T03:58:43Z</time>
      </trkpt>
      <trkpt lat="47.61395167" lon="21.024525">
        <ele>138.3</ele>
        <time>2025-07-06T03:58:44Z</time>
      </trkpt>
      <trkpt lat="47.61392" lon="21.02471833">
        <ele>139</ele>
        <time>2025-07-06T03:58:45Z</time>
      </trkpt>
      <trkpt lat="47.61389" lon="21.02489667">
        <ele>139.5</ele>
        <time>2025-07-06T03:58:46Z</time>
      </trkpt>
      <trkpt lat="47.61385667" lon="21.02507833">
        <ele>139.6</ele>
        <time>2025-07-06T03:58:47Z</time>
      </trkpt>
      <trkpt lat="47.61381833" lon="21.02526667">
        <ele>139.4</ele>
        <time>2025-07-06T03:58:48Z</time>
      </trkpt>
      <trkpt lat="47.61377667" lon="21.02545667">
        <ele>139.4</ele>
        <time>2025-07-06T03:58:49Z</time>
      </trkpt>
      <trkpt lat="47.61373" lon="21.02565">
        <ele>138.9</ele>
        <time>2025-07-06T03:58:50Z</time>
      </trkpt>
      <trkpt lat="47.61368667" lon="21.02584667">
        <ele>138.7</ele>
        <time>2025-07-06T03:58:51Z</time>
      </trkpt>
      <trkpt lat="47.613645" lon="21.026045">
        <ele>138.9</ele>
        <time>2025-07-06T03:58:52Z</time>
      </trkpt>
      <trkpt lat="47.61360167" lon="21.02625333">
        <ele>139</ele>
        <time>2025-07-06T03:58:53Z</time>
      </trkpt>
      <trkpt lat="47.613555" lon="21.02646667">
        <ele>140</ele>
        <time>2025-07-06T03:58:54Z</time>
      </trkpt>
      <trkpt lat="47.61351333" lon="21.026665">
        <ele>140.3</ele>
        <time>2025-07-06T03:58:55Z</time>
      </trkpt>
      <trkpt lat="47.613475" lon="21.02686667">
        <ele>140.6</ele>
        <time>2025-07-06T03:58:56Z</time>
      </trkpt>
      <trkpt lat="47.61343667" lon="21.02706667">
        <ele>140.4</ele>
        <time>2025-07-06T03:58:57Z</time>
      </trkpt>
      <trkpt lat="47.61339333" lon="21.02726667">
        <ele>139.4</ele>
        <time>2025-07-06T03:58:58Z</time>
      </trkpt>
      <trkpt lat="47.61335167" lon="21.02746667">
        <ele>139</ele>
        <time>2025-07-06T03:58:59Z</time>
      </trkpt>
      <trkpt lat="47.613315" lon="21.02766667">
        <ele>138.4</ele>
        <time>2025-07-06T03:59:00Z</time>
      </trkpt>
      <trkpt lat="47.61328" lon="21.02785667">
        <ele>137.4</ele>
        <time>2025-07-06T03:59:01Z</time>
      </trkpt>
      <trkpt lat="47.613235" lon="21.02806167">
        <ele>136.7</ele>
        <time>2025-07-06T03:59:02Z</time>
      </trkpt>
      <trkpt lat="47.61319667" lon="21.02825667">
        <ele>136</ele>
        <time>2025-07-06T03:59:03Z</time>
      </trkpt>
      <trkpt lat="47.613145" lon="21.02846667">
        <ele>135.9</ele>
        <time>2025-07-06T03:59:04Z</time>
      </trkpt>
      <trkpt lat="47.61310833" lon="21.028665">
        <ele>135.8</ele>
        <time>2025-07-06T03:59:05Z</time>
      </trkpt>
      <trkpt lat="47.61305667" lon="21.02887">
        <ele>135.9</ele>
        <time>2025-07-06T03:59:06Z</time>
      </trkpt>
      <trkpt lat="47.61300667" lon="21.029075">
        <ele>135.8</ele>
        <time>2025-07-06T03:59:07Z</time>
      </trkpt>
      <trkpt lat="47.612975" lon="21.02927">
        <ele>134.1</ele>
        <time>2025-07-06T03:59:08Z</time>
      </trkpt>
      <trkpt lat="47.61293667" lon="21.02946333">
        <ele>134.6</ele>
        <time>2025-07-06T03:59:09Z</time>
      </trkpt>
      <trkpt lat="47.61289333" lon="21.029655">
        <ele>133.7</ele>
        <time>2025-07-06T03:59:10Z</time>
      </trkpt>
      <trkpt lat="47.61285" lon="21.02985667">
        <ele>134.4</ele>
        <time>2025-07-06T03:59:11Z</time>
      </trkpt>
      <trkpt lat="47.61281333" lon="21.03004333">
        <ele>132.7</ele>
        <time>2025-07-06T03:59:12Z</time>
      </trkpt>
      <trkpt lat="47.61278167" lon="21.03022833">
        <ele>132.4</ele>
        <time>2025-07-06T03:59:13Z</time>
      </trkpt>
      <trkpt lat="47.61275" lon="21.03041">
        <ele>133.3</ele>
        <time>2025-07-06T03:59:14Z</time>
      </trkpt>
      <trkpt lat="47.61272333" lon="21.030595">
        <ele>135.4</ele>
        <time>2025-07-06T03:59:15Z</time>
      </trkpt>
      <trkpt lat="47.612685" lon="21.03077667">
        <ele>135.7</ele>
        <time>2025-07-06T03:59:16Z</time>
      </trkpt>
      <trkpt lat="47.61266" lon="21.030955">
        <ele>135.5</ele>
        <time>2025-07-06T03:59:17Z</time>
      </trkpt>
      <trkpt lat="47.61262167" lon="21.03113833">
        <ele>136.1</ele>
        <time>2025-07-06T03:59:18Z</time>
      </trkpt>
      <trkpt lat="47.61257667" lon="21.03132167">
        <ele>133.5</ele>
        <time>2025-07-06T03:59:19Z</time>
      </trkpt>
      <trkpt lat="47.61253667" lon="21.03148333">
        <ele>132.5</ele>
        <time>2025-07-06T03:59:20Z</time>
      </trkpt>
      <trkpt lat="47.61249833" lon="21.031645">
        <ele>130.6</ele>
        <time>2025-07-06T03:59:21Z</time>
      </trkpt>
      <trkpt lat="47.612455" lon="21.03181667">
        <ele>129.8</ele>
        <time>2025-07-06T03:59:22Z</time>
      </trkpt>
      <trkpt lat="47.61241167" lon="21.03199167">
        <ele>129</ele>
        <time>2025-07-06T03:59:23Z</time>
      </trkpt>
      <trkpt lat="47.61238" lon="21.03216167">
        <ele>130.6</ele>
        <time>2025-07-06T03:59:24Z</time>
      </trkpt>
      <trkpt lat="47.61234667" lon="21.03233">
        <ele>131</ele>
        <time>2025-07-06T03:59:25Z</time>
      </trkpt>
      <trkpt lat="47.61231167" lon="21.03248833">
        <ele>130.4</ele>
        <time>2025-07-06T03:59:26Z</time>
      </trkpt>
      <trkpt lat="47.612275" lon="21.032665">
        <ele>130.7</ele>
        <time>2025-07-06T03:59:27Z</time>
      </trkpt>
      <trkpt lat="47.61224167" lon="21.03282833">
        <ele>131.2</ele>
        <time>2025-07-06T03:59:28Z</time>
      </trkpt>
      <trkpt lat="47.61220167" lon="21.03299167">
        <ele>131</ele>
        <time>2025-07-06T03:59:29Z</time>
      </trkpt>
      <trkpt lat="47.61216833" lon="21.03315333">
        <ele>130.6</ele>
        <time>2025-07-06T03:59:30Z</time>
      </trkpt>
      <trkpt lat="47.612135" lon="21.03331333">
        <ele>130.5</ele>
        <time>2025-07-06T03:59:31Z</time>
      </trkpt>
      <trkpt lat="47.61211333" lon="21.03346667">
        <ele>131.1</ele>
        <time>2025-07-06T03:59:32Z</time>
      </trkpt>
      <trkpt lat="47.61209" lon="21.03361667">
        <ele>131.4</ele>
        <time>2025-07-06T03:59:33Z</time>
      </trkpt>
      <trkpt lat="47.61206" lon="21.033765">
        <ele>131.2</ele>
        <time>2025-07-06T03:59:34Z</time>
      </trkpt>
      <trkpt lat="47.61203333" lon="21.033905">
        <ele>131</ele>
        <time>2025-07-06T03:59:35Z</time>
      </trkpt>
      <trkpt lat="47.612005" lon="21.03404167">
        <ele>130.9</ele>
        <time>2025-07-06T03:59:36Z</time>
      </trkpt>
      <trkpt lat="47.61197833" lon="21.034175">
        <ele>130.9</ele>
        <time>2025-07-06T03:59:37Z</time>
      </trkpt>
      <trkpt lat="47.61195167" lon="21.03431167">
        <ele>131</ele>
        <time>2025-07-06T03:59:38Z</time>
      </trkpt>
      <trkpt lat="47.61192833" lon="21.03445">
        <ele>131.3</ele>
        <time>2025-07-06T03:59:39Z</time>
      </trkpt>
      <trkpt lat="47.6119" lon="21.03458833">
        <ele>132.8</ele>
        <time>2025-07-06T03:59:40Z</time>
      </trkpt>
      <trkpt lat="47.61186833" lon="21.03472333">
        <ele>132.7</ele>
        <time>2025-07-06T03:59:41Z</time>
      </trkpt>
      <trkpt lat="47.611845" lon="21.03485667">
        <ele>132.5</ele>
        <time>2025-07-06T03:59:42Z</time>
      </trkpt>
      <trkpt lat="47.611815" lon="21.03501">
        <ele>133.1</ele>
        <time>2025-07-06T03:59:43Z</time>
      </trkpt>
      <trkpt lat="47.61179333" lon="21.03515333">
        <ele>133.1</ele>
        <time>2025-07-06T03:59:44Z</time>
      </trkpt>
      <trkpt lat="47.611775" lon="21.03529167">
        <ele>133.2</ele>
        <time>2025-07-06T03:59:45Z</time>
      </trkpt>
      <trkpt lat="47.61174667" lon="21.03543333">
        <ele>133.1</ele>
        <time>2025-07-06T03:59:46Z</time>
      </trkpt>
      <trkpt lat="47.61171333" lon="21.03557833">
        <ele>132.4</ele>
        <time>2025-07-06T03:59:47Z</time>
      </trkpt>
      <trkpt lat="47.61168333" lon="21.03572667">
        <ele>132.2</ele>
        <time>2025-07-06T03:59:48Z</time>
      </trkpt>
      <trkpt lat="47.61165167" lon="21.03587">
        <ele>132.6</ele>
        <time>2025-07-06T03:59:49Z</time>
      </trkpt>
      <trkpt lat="47.61162" lon="21.03601">
        <ele>132.6</ele>
        <time>2025-07-06T03:59:50Z</time>
      </trkpt>
      <trkpt lat="47.61159" lon="21.03614167">
        <ele>131.5</ele>
        <time>2025-07-06T03:59:51Z</time>
      </trkpt>
      <trkpt lat="47.61156" lon="21.03628667">
        <ele>131.4</ele>
        <time>2025-07-06T03:59:52Z</time>
      </trkpt>
      <trkpt lat="47.61152667" lon="21.03643833">
        <ele>131.5</ele>
        <time>2025-07-06T03:59:53Z</time>
      </trkpt>
      <trkpt lat="47.611505" lon="21.03656833">
        <ele>130.2</ele>
        <time>2025-07-06T03:59:54Z</time>
      </trkpt>
      <trkpt lat="47.61147167" lon="21.03672167">
        <ele>130.5</ele>
        <time>2025-07-06T03:59:55Z</time>
      </trkpt>
      <trkpt lat="47.61145" lon="21.03686167">
        <ele>129.5</ele>
        <time>2025-07-06T03:59:56Z</time>
      </trkpt>
      <trkpt lat="47.61142333" lon="21.03700167">
        <ele>129.4</ele>
        <time>2025-07-06T03:59:57Z</time>
      </trkpt>
      <trkpt lat="47.61136167" lon="21.03730167">
        <ele>130.5</ele>
        <time>2025-07-06T03:59:59Z</time>
      </trkpt>
      <trkpt lat="47.61133" lon="21.03745333">
        <ele>130.9</ele>
        <time>2025-07-06T04:00:00Z</time>
      </trkpt>
      <trkpt lat="47.61129667" lon="21.03760667">
        <ele>131.4</ele>
        <time>2025-07-06T04:00:01Z</time>
      </trkpt>
      <trkpt lat="47.611265" lon="21.037755">
        <ele>131.6</ele>
        <time>2025-07-06T04:00:02Z</time>
      </trkpt>
      <trkpt lat="47.61123333" lon="21.03791333">
        <ele>132.8</ele>
        <time>2025-07-06T04:00:03Z</time>
      </trkpt>
      <trkpt lat="47.61119333" lon="21.03806667">
        <ele>133.9</ele>
        <time>2025-07-06T04:00:04Z</time>
      </trkpt>
      <trkpt lat="47.611155" lon="21.03822667">
        <ele>134.8</ele>
        <time>2025-07-06T04:00:05Z</time>
      </trkpt>
      <trkpt lat="47.61112333" lon="21.038385">
        <ele>135.5</ele>
        <time>2025-07-06T04:00:06Z</time>
      </trkpt>
      <trkpt lat="47.611095" lon="21.038545">
        <ele>135.8</ele>
        <time>2025-07-06T04:00:07Z</time>
      </trkpt>
      <trkpt lat="47.61105833" lon="21.03871167">
        <ele>136.5</ele>
        <time>2025-07-06T04:00:08Z</time>
      </trkpt>
      <trkpt lat="47.61102833" lon="21.03887333">
        <ele>137.1</ele>
        <time>2025-07-06T04:00:09Z</time>
      </trkpt>
      <trkpt lat="47.61100167" lon="21.03902667">
        <ele>137</ele>
        <time>2025-07-06T04:00:10Z</time>
      </trkpt>
      <trkpt lat="47.61097667" lon="21.03918667">
        <ele>137.1</ele>
        <time>2025-07-06T04:00:11Z</time>
      </trkpt>
      <trkpt lat="47.61091833" lon="21.03949167">
        <ele>138</ele>
        <time>2025-07-06T04:00:13Z</time>
      </trkpt>
      <trkpt lat="47.61087" lon="21.03978833">
        <ele>137.4</ele>
        <time>2025-07-06T04:00:15Z</time>
      </trkpt>
      <trkpt lat="47.61084667" lon="21.03993333">
        <ele>137.3</ele>
        <time>2025-07-06T04:00:16Z</time>
      </trkpt>
      <trkpt lat="47.61082167" lon="21.04008333">
        <ele>137.1</ele>
        <time>2025-07-06T04:00:17Z</time>
      </trkpt>
      <trkpt lat="47.61080333" lon="21.04022667">
        <ele>136.9</ele>
        <time>2025-07-06T04:00:18Z</time>
      </trkpt>
      <trkpt lat="47.61078" lon="21.04036">
        <ele>138</ele>
        <time>2025-07-06T04:00:19Z</time>
      </trkpt>
      <trkpt lat="47.61076" lon="21.0405">
        <ele>138.8</ele>
        <time>2025-07-06T04:00:20Z</time>
      </trkpt>
      <trkpt lat="47.61073333" lon="21.04064">
        <ele>140.1</ele>
        <time>2025-07-06T04:00:21Z</time>
      </trkpt>
      <trkpt lat="47.610695" lon="21.04078833">
        <ele>140.3</ele>
        <time>2025-07-06T04:00:22Z</time>
      </trkpt>
      <trkpt lat="47.61065833" lon="21.040935">
        <ele>139.7</ele>
        <time>2025-07-06T04:00:23Z</time>
      </trkpt>
      <trkpt lat="47.61061833" lon="21.041095">
        <ele>138.6</ele>
        <time>2025-07-06T04:00:24Z</time>
      </trkpt>
      <trkpt lat="47.61057833" lon="21.04125333">
        <ele>138.3</ele>
        <time>2025-07-06T04:00:25Z</time>
      </trkpt>
      <trkpt lat="47.61054667" lon="21.04141">
        <ele>137.3</ele>
        <time>2025-07-06T04:00:26Z</time>
      </trkpt>
      <trkpt lat="47.610515" lon="21.04156">
        <ele>135.7</ele>
        <time>2025-07-06T04:00:27Z</time>
      </trkpt>
      <trkpt lat="47.610485" lon="21.04170833">
        <ele>134.5</ele>
        <time>2025-07-06T04:00:28Z</time>
      </trkpt>
      <trkpt lat="47.610455" lon="21.04185">
        <ele>133.5</ele>
        <time>2025-07-06T04:00:29Z</time>
      </trkpt>
      <trkpt lat="47.61042667" lon="21.04199833">
        <ele>133.1</ele>
        <time>2025-07-06T04:00:30Z</time>
      </trkpt>
      <trkpt lat="47.610395" lon="21.04214833">
        <ele>132.1</ele>
        <time>2025-07-06T04:00:31Z</time>
      </trkpt>
      <trkpt lat="47.61036333" lon="21.0423">
        <ele>131.4</ele>
        <time>2025-07-06T04:00:32Z</time>
      </trkpt>
      <trkpt lat="47.61033167" lon="21.04245333">
        <ele>130.4</ele>
        <time>2025-07-06T04:00:33Z</time>
      </trkpt>
      <trkpt lat="47.61029667" lon="21.04261333">
        <ele>130.2</ele>
        <time>2025-07-06T04:00:34Z</time>
      </trkpt>
      <trkpt lat="47.610265" lon="21.04277">
        <ele>130.4</ele>
        <time>2025-07-06T04:00:35Z</time>
      </trkpt>
      <trkpt lat="47.61023167" lon="21.04293">
        <ele>131.1</ele>
        <time>2025-07-06T04:00:36Z</time>
      </trkpt>
      <trkpt lat="47.61019667" lon="21.04308667">
        <ele>131</ele>
        <time>2025-07-06T04:00:37Z</time>
      </trkpt>
      <trkpt lat="47.61017" lon="21.04324833">
        <ele>130.7</ele>
        <time>2025-07-06T04:00:38Z</time>
      </trkpt>
      <trkpt lat="47.61013833" lon="21.043405">
        <ele>130.5</ele>
        <time>2025-07-06T04:00:39Z</time>
      </trkpt>
      <trkpt lat="47.61010833" lon="21.04356333">
        <ele>130</ele>
        <time>2025-07-06T04:00:40Z</time>
      </trkpt>
      <trkpt lat="47.61007667" lon="21.04371167">
        <ele>130.1</ele>
        <time>2025-07-06T04:00:41Z</time>
      </trkpt>
      <trkpt lat="47.61004333" lon="21.04386667">
        <ele>130.1</ele>
        <time>2025-07-06T04:00:42Z</time>
      </trkpt>
      <trkpt lat="47.61001333" lon="21.04402667">
        <ele>130.6</ele>
        <time>2025-07-06T04:00:43Z</time>
      </trkpt>
      <trkpt lat="47.609985" lon="21.04418833">
        <ele>131.1</ele>
        <time>2025-07-06T04:00:44Z</time>
      </trkpt>
      <trkpt lat="47.609955" lon="21.04434167">
        <ele>131.4</ele>
        <time>2025-07-06T04:00:45Z</time>
      </trkpt>
      <trkpt lat="47.609925" lon="21.04449667">
        <ele>132</ele>
        <time>2025-07-06T04:00:46Z</time>
      </trkpt>
      <trkpt lat="47.609895" lon="21.044655">
        <ele>132.7</ele>
        <time>2025-07-06T04:00:47Z</time>
      </trkpt>
      <trkpt lat="47.60986833" lon="21.04481333">
        <ele>133.5</ele>
        <time>2025-07-06T04:00:48Z</time>
      </trkpt>
      <trkpt lat="47.60984167" lon="21.04496833">
        <ele>134</ele>
        <time>2025-07-06T04:00:49Z</time>
      </trkpt>
      <trkpt lat="47.60981333" lon="21.04512333">
        <ele>134.1</ele>
        <time>2025-07-06T04:00:50Z</time>
      </trkpt>
      <trkpt lat="47.60978667" lon="21.045275">
        <ele>134.4</ele>
        <time>2025-07-06T04:00:51Z</time>
      </trkpt>
      <trkpt lat="47.60975667" lon="21.04542">
        <ele>134.4</ele>
        <time>2025-07-06T04:00:52Z</time>
      </trkpt>
      <trkpt lat="47.60972667" lon="21.04557">
        <ele>134.4</ele>
        <time>2025-07-06T04:00:53Z</time>
      </trkpt>
      <trkpt lat="47.609695" lon="21.045725">
        <ele>134.8</ele>
        <time>2025-07-06T04:00:54Z</time>
      </trkpt>
      <trkpt lat="47.60967333" lon="21.045885">
        <ele>134.6</ele>
        <time>2025-07-06T04:00:55Z</time>
      </trkpt>
      <trkpt lat="47.60964" lon="21.04605333">
        <ele>135.1</ele>
        <time>2025-07-06T04:00:56Z</time>
      </trkpt>
      <trkpt lat="47.60961" lon="21.046215">
        <ele>137.1</ele>
        <time>2025-07-06T04:00:57Z</time>
      </trkpt>
      <trkpt lat="47.60958" lon="21.04637833">
        <ele>138.5</ele>
        <time>2025-07-06T04:00:58Z</time>
      </trkpt>
      <trkpt lat="47.60954833" lon="21.04653667">
        <ele>139.3</ele>
        <time>2025-07-06T04:00:59Z</time>
      </trkpt>
      <trkpt lat="47.60951833" lon="21.04669667">
        <ele>139.1</ele>
        <time>2025-07-06T04:01:00Z</time>
      </trkpt>
      <trkpt lat="47.60948333" lon="21.04685667">
        <ele>137.7</ele>
        <time>2025-07-06T04:01:01Z</time>
      </trkpt>
      <trkpt lat="47.60945333" lon="21.04701167">
        <ele>136.3</ele>
        <time>2025-07-06T04:01:02Z</time>
      </trkpt>
      <trkpt lat="47.60941667" lon="21.04717333">
        <ele>134.9</ele>
        <time>2025-07-06T04:01:03Z</time>
      </trkpt>
      <trkpt lat="47.60937833" lon="21.04732833">
        <ele>133.3</ele>
        <time>2025-07-06T04:01:04Z</time>
      </trkpt>
      <trkpt lat="47.60934667" lon="21.04748333">
        <ele>132.6</ele>
        <time>2025-07-06T04:01:05Z</time>
      </trkpt>
      <trkpt lat="47.60931833" lon="21.04764333">
        <ele>132.5</ele>
        <time>2025-07-06T04:01:06Z</time>
      </trkpt>
      <trkpt lat="47.60929" lon="21.04779333">
        <ele>132.7</ele>
        <time>2025-07-06T04:01:07Z</time>
      </trkpt>
      <trkpt lat="47.60925833" lon="21.047945">
        <ele>132.5</ele>
        <time>2025-07-06T04:01:08Z</time>
      </trkpt>
      <trkpt lat="47.60922833" lon="21.048105">
        <ele>132.4</ele>
        <time>2025-07-06T04:01:09Z</time>
      </trkpt>
      <trkpt lat="47.6092" lon="21.04826333">
        <ele>132.6</ele>
        <time>2025-07-06T04:01:10Z</time>
      </trkpt>
      <trkpt lat="47.60916333" lon="21.04841833">
        <ele>132.6</ele>
        <time>2025-07-06T04:01:11Z</time>
      </trkpt>
      <trkpt lat="47.60913833" lon="21.04858667">
        <ele>132.6</ele>
        <time>2025-07-06T04:01:12Z</time>
      </trkpt>
      <trkpt lat="47.60910667" lon="21.04873">
        <ele>133</ele>
        <time>2025-07-06T04:01:13Z</time>
      </trkpt>
      <trkpt lat="47.609075" lon="21.04888333">
        <ele>133.1</ele>
        <time>2025-07-06T04:01:14Z</time>
      </trkpt>
      <trkpt lat="47.60904" lon="21.04902333">
        <ele>133.3</ele>
        <time>2025-07-06T04:01:15Z</time>
      </trkpt>
      <trkpt lat="47.60900667" lon="21.049185">
        <ele>133.9</ele>
        <time>2025-07-06T04:01:16Z</time>
      </trkpt>
      <trkpt lat="47.60897167" lon="21.04934667">
        <ele>134.5</ele>
        <time>2025-07-06T04:01:17Z</time>
      </trkpt>
      <trkpt lat="47.60893167" lon="21.049505">
        <ele>135.1</ele>
        <time>2025-07-06T04:01:18Z</time>
      </trkpt>
      <trkpt lat="47.60889333" lon="21.04966">
        <ele>135.5</ele>
        <time>2025-07-06T04:01:19Z</time>
      </trkpt>
      <trkpt lat="47.60885833" lon="21.04981">
        <ele>135.7</ele>
        <time>2025-07-06T04:01:20Z</time>
      </trkpt>
      <trkpt lat="47.60882833" lon="21.04997">
        <ele>135.6</ele>
        <time>2025-07-06T04:01:21Z</time>
      </trkpt>
      <trkpt lat="47.60880167" lon="21.05012167">
        <ele>135.4</ele>
        <time>2025-07-06T04:01:22Z</time>
      </trkpt>
      <trkpt lat="47.60877833" lon="21.05026833">
        <ele>135.1</ele>
        <time>2025-07-06T04:01:23Z</time>
      </trkpt>
      <trkpt lat="47.60873667" lon="21.05041333">
        <ele>134.5</ele>
        <time>2025-07-06T04:01:24Z</time>
      </trkpt>
      <trkpt lat="47.60869833" lon="21.05057">
        <ele>133.8</ele>
        <time>2025-07-06T04:01:25Z</time>
      </trkpt>
      <trkpt lat="47.60866167" lon="21.05072667">
        <ele>133.1</ele>
        <time>2025-07-06T04:01:26Z</time>
      </trkpt>
      <trkpt lat="47.60863" lon="21.05089333">
        <ele>132.2</ele>
        <time>2025-07-06T04:01:27Z</time>
      </trkpt>
      <trkpt lat="47.60860333" lon="21.05105833">
        <ele>130.8</ele>
        <time>2025-07-06T04:01:28Z</time>
      </trkpt>
      <trkpt lat="47.608575" lon="21.051225">
        <ele>129.3</ele>
        <time>2025-07-06T04:01:29Z</time>
      </trkpt>
      <trkpt lat="47.60855833" lon="21.05137667">
        <ele>126.8</ele>
        <time>2025-07-06T04:01:30Z</time>
      </trkpt>
      <trkpt lat="47.60853833" lon="21.05152">
        <ele>125.8</ele>
        <time>2025-07-06T04:01:31Z</time>
      </trkpt>
      <trkpt lat="47.60851333" lon="21.05168833">
        <ele>125.3</ele>
        <time>2025-07-06T04:01:32Z</time>
      </trkpt>
      <trkpt lat="47.60848" lon="21.05184833">
        <ele>124.7</ele>
        <time>2025-07-06T04:01:33Z</time>
      </trkpt>
      <trkpt lat="47.608445" lon="21.05201833">
        <ele>124.1</ele>
        <time>2025-07-06T04:01:34Z</time>
      </trkpt>
      <trkpt lat="47.60840833" lon="21.05218333">
        <ele>123.8</ele>
        <time>2025-07-06T04:01:35Z</time>
      </trkpt>
      <trkpt lat="47.60836167" lon="21.05235">
        <ele>123.8</ele>
        <time>2025-07-06T04:01:36Z</time>
      </trkpt>
      <trkpt lat="47.60832167" lon="21.05251333">
        <ele>123.9</ele>
        <time>2025-07-06T04:01:37Z</time>
      </trkpt>
      <trkpt lat="47.60828333" lon="21.05268167">
        <ele>124.2</ele>
        <time>2025-07-06T04:01:38Z</time>
      </trkpt>
      <trkpt lat="47.60825333" lon="21.05284">
        <ele>123.6</ele>
        <time>2025-07-06T04:01:39Z</time>
      </trkpt>
      <trkpt lat="47.60822" lon="21.053005">
        <ele>123.8</ele>
        <time>2025-07-06T04:01:40Z</time>
      </trkpt>
      <trkpt lat="47.60819" lon="21.05316">
        <ele>124</ele>
        <time>2025-07-06T04:01:41Z</time>
      </trkpt>
      <trkpt lat="47.60815833" lon="21.05331167">
        <ele>123.8</ele>
        <time>2025-07-06T04:01:42Z</time>
      </trkpt>
      <trkpt lat="47.608125" lon="21.05347333">
        <ele>123.4</ele>
        <time>2025-07-06T04:01:43Z</time>
      </trkpt>
      <trkpt lat="47.60809167" lon="21.05364167">
        <ele>123</ele>
        <time>2025-07-06T04:01:44Z</time>
      </trkpt>
      <trkpt lat="47.608055" lon="21.05381333">
        <ele>123.3</ele>
        <time>2025-07-06T04:01:45Z</time>
      </trkpt>
      <trkpt lat="47.60801167" lon="21.05399">
        <ele>123.6</ele>
        <time>2025-07-06T04:01:46Z</time>
      </trkpt>
      <trkpt lat="47.60797833" lon="21.05416333">
        <ele>124.1</ele>
        <time>2025-07-06T04:01:47Z</time>
      </trkpt>
      <trkpt lat="47.60794667" lon="21.05433167">
        <ele>124.8</ele>
        <time>2025-07-06T04:01:48Z</time>
      </trkpt>
      <trkpt lat="47.607915" lon="21.05450167">
        <ele>125.5</ele>
        <time>2025-07-06T04:01:49Z</time>
      </trkpt>
      <trkpt lat="47.60788" lon="21.05466">
        <ele>125.7</ele>
        <time>2025-07-06T04:01:50Z</time>
      </trkpt>
      <trkpt lat="47.60785333" lon="21.05481">
        <ele>126.1</ele>
        <time>2025-07-06T04:01:51Z</time>
      </trkpt>
      <trkpt lat="47.607825" lon="21.05496167">
        <ele>126.4</ele>
        <time>2025-07-06T04:01:52Z</time>
      </trkpt>
      <trkpt lat="47.607795" lon="21.05511833">
        <ele>126.9</ele>
        <time>2025-07-06T04:01:53Z</time>
      </trkpt>
      <trkpt lat="47.60776167" lon="21.05527167">
        <ele>127.5</ele>
        <time>2025-07-06T04:01:54Z</time>
      </trkpt>
      <trkpt lat="47.60772333" lon="21.05543833">
        <ele>127.1</ele>
        <time>2025-07-06T04:01:55Z</time>
      </trkpt>
      <trkpt lat="47.60769833" lon="21.05559667">
        <ele>127.1</ele>
        <time>2025-07-06T04:01:56Z</time>
      </trkpt>
      <trkpt lat="47.60767167" lon="21.055755">
        <ele>127.4</ele>
        <time>2025-07-06T04:01:57Z</time>
      </trkpt>
      <trkpt lat="47.60765" lon="21.05590833">
        <ele>127.4</ele>
        <time>2025-07-06T04:01:58Z</time>
      </trkpt>
      <trkpt lat="47.60762833" lon="21.05606667">
        <ele>128</ele>
        <time>2025-07-06T04:01:59Z</time>
      </trkpt>
      <trkpt lat="47.607595" lon="21.056235">
        <ele>128.3</ele>
        <time>2025-07-06T04:02:00Z</time>
      </trkpt>
      <trkpt lat="47.60755" lon="21.05640667">
        <ele>126.7</ele>
        <time>2025-07-06T04:02:01Z</time>
      </trkpt>
      <trkpt lat="47.607515" lon="21.05656667">
        <ele>126.8</ele>
        <time>2025-07-06T04:02:02Z</time>
      </trkpt>
      <trkpt lat="47.60747667" lon="21.056725">
        <ele>126.3</ele>
        <time>2025-07-06T04:02:03Z</time>
      </trkpt>
      <trkpt lat="47.60744" lon="21.056885">
        <ele>125.7</ele>
        <time>2025-07-06T04:02:04Z</time>
      </trkpt>
      <trkpt lat="47.60740667" lon="21.05704667">
        <ele>125.9</ele>
        <time>2025-07-06T04:02:05Z</time>
      </trkpt>
      <trkpt lat="47.60736833" lon="21.05720833">
        <ele>128.3</ele>
        <time>2025-07-06T04:02:06Z</time>
      </trkpt>
      <trkpt lat="47.60733333" lon="21.057365">
        <ele>128</ele>
        <time>2025-07-06T04:02:07Z</time>
      </trkpt>
      <trkpt lat="47.60729833" lon="21.05752">
        <ele>127.9</ele>
        <time>2025-07-06T04:02:08Z</time>
      </trkpt>
      <trkpt lat="47.607265" lon="21.05767667">
        <ele>127.7</ele>
        <time>2025-07-06T04:02:09Z</time>
      </trkpt>
      <trkpt lat="47.60723333" lon="21.05783833">
        <ele>127.4</ele>
        <time>2025-07-06T04:02:10Z</time>
      </trkpt>
      <trkpt lat="47.607205" lon="21.057985">
        <ele>127.1</ele>
        <time>2025-07-06T04:02:11Z</time>
      </trkpt>
      <trkpt lat="47.60717667" lon="21.05813833">
        <ele>126.5</ele>
        <time>2025-07-06T04:02:12Z</time>
      </trkpt>
      <trkpt lat="47.60714833" lon="21.05829167">
        <ele>126.3</ele>
        <time>2025-07-06T04:02:13Z</time>
      </trkpt>
      <trkpt lat="47.60712" lon="21.05845">
        <ele>126.2</ele>
        <time>2025-07-06T04:02:14Z</time>
      </trkpt>
      <trkpt lat="47.60709" lon="21.05861">
        <ele>126.1</ele>
        <time>2025-07-06T04:02:15Z</time>
      </trkpt>
      <trkpt lat="47.60705167" lon="21.05878">
        <ele>126</ele>
        <time>2025-07-06T04:02:16Z</time>
      </trkpt>
      <trkpt lat="47.60701833" lon="21.05895167">
        <ele>126.1</ele>
        <time>2025-07-06T04:02:17Z</time>
      </trkpt>
      <trkpt lat="47.60698667" lon="21.05911">
        <ele>126.6</ele>
        <time>2025-07-06T04:02:18Z</time>
      </trkpt>
      <trkpt lat="47.60696167" lon="21.05927">
        <ele>126.3</ele>
        <time>2025-07-06T04:02:19Z</time>
      </trkpt>
      <trkpt lat="47.60692833" lon="21.05943167">
        <ele>126.2</ele>
        <time>2025-07-06T04:02:20Z</time>
      </trkpt>
      <trkpt lat="47.60689" lon="21.05959333">
        <ele>126.5</ele>
        <time>2025-07-06T04:02:21Z</time>
      </trkpt>
      <trkpt lat="47.60684833" lon="21.059755">
        <ele>128.8</ele>
        <time>2025-07-06T04:02:22Z</time>
      </trkpt>
      <trkpt lat="47.606815" lon="21.05991833">
        <ele>129.9</ele>
        <time>2025-07-06T04:02:23Z</time>
      </trkpt>
      <trkpt lat="47.60678333" lon="21.06008333">
        <ele>130.3</ele>
        <time>2025-07-06T04:02:24Z</time>
      </trkpt>
      <trkpt lat="47.60674833" lon="21.06025">
        <ele>130.5</ele>
        <time>2025-07-06T04:02:25Z</time>
      </trkpt>
      <trkpt lat="47.60671167" lon="21.06041833">
        <ele>131</ele>
        <time>2025-07-06T04:02:26Z</time>
      </trkpt>
      <trkpt lat="47.606675" lon="21.060585">
        <ele>131.4</ele>
        <time>2025-07-06T04:02:27Z</time>
      </trkpt>
      <trkpt lat="47.60664" lon="21.060745">
        <ele>131.9</ele>
        <time>2025-07-06T04:02:28Z</time>
      </trkpt>
      <trkpt lat="47.606615" lon="21.06089833">
        <ele>132.1</ele>
        <time>2025-07-06T04:02:29Z</time>
      </trkpt>
      <trkpt lat="47.60658167" lon="21.06106167">
        <ele>132.4</ele>
        <time>2025-07-06T04:02:30Z</time>
      </trkpt>
      <trkpt lat="47.60655333" lon="21.06122667">
        <ele>132.5</ele>
        <time>2025-07-06T04:02:31Z</time>
      </trkpt>
      <trkpt lat="47.60652333" lon="21.06139333">
        <ele>132.9</ele>
        <time>2025-07-06T04:02:32Z</time>
      </trkpt>
      <trkpt lat="47.606495" lon="21.06156">
        <ele>133.2</ele>
        <time>2025-07-06T04:02:33Z</time>
      </trkpt>
      <trkpt lat="47.60646167" lon="21.06172">
        <ele>133.8</ele>
        <time>2025-07-06T04:02:34Z</time>
      </trkpt>
      <trkpt lat="47.606425" lon="21.06188">
        <ele>133.8</ele>
        <time>2025-07-06T04:02:35Z</time>
      </trkpt>
      <trkpt lat="47.60639167" lon="21.06205">
        <ele>136.2</ele>
        <time>2025-07-06T04:02:36Z</time>
      </trkpt>
      <trkpt lat="47.60634833" lon="21.06221667">
        <ele>134.8</ele>
        <time>2025-07-06T04:02:37Z</time>
      </trkpt>
      <trkpt lat="47.606305" lon="21.062385">
        <ele>133.7</ele>
        <time>2025-07-06T04:02:38Z</time>
      </trkpt>
      <trkpt lat="47.606265" lon="21.062555">
        <ele>133.4</ele>
        <time>2025-07-06T04:02:39Z</time>
      </trkpt>
      <trkpt lat="47.606225" lon="21.06272667">
        <ele>133.6</ele>
        <time>2025-07-06T04:02:40Z</time>
      </trkpt>
      <trkpt lat="47.60619" lon="21.06289667">
        <ele>133.1</ele>
        <time>2025-07-06T04:02:41Z</time>
      </trkpt>
      <trkpt lat="47.606155" lon="21.06308333">
        <ele>133.5</ele>
        <time>2025-07-06T04:02:42Z</time>
      </trkpt>
      <trkpt lat="47.60611667" lon="21.06326333">
        <ele>133.7</ele>
        <time>2025-07-06T04:02:43Z</time>
      </trkpt>
      <trkpt lat="47.60607833" lon="21.063445">
        <ele>133.7</ele>
        <time>2025-07-06T04:02:44Z</time>
      </trkpt>
      <trkpt lat="47.60604833" lon="21.063625">
        <ele>135.6</ele>
        <time>2025-07-06T04:02:45Z</time>
      </trkpt>
      <trkpt lat="47.60600833" lon="21.06380667">
        <ele>136.8</ele>
        <time>2025-07-06T04:02:46Z</time>
      </trkpt>
      <trkpt lat="47.60597333" lon="21.063995">
        <ele>137.2</ele>
        <time>2025-07-06T04:02:47Z</time>
      </trkpt>
      <trkpt lat="47.605935" lon="21.06418167">
        <ele>137.1</ele>
        <time>2025-07-06T04:02:48Z</time>
      </trkpt>
      <trkpt lat="47.60589667" lon="21.06437">
        <ele>138</ele>
        <time>2025-07-06T04:02:49Z</time>
      </trkpt>
      <trkpt lat="47.60585833" lon="21.06456">
        <ele>138.2</ele>
        <time>2025-07-06T04:02:50Z</time>
      </trkpt>
      <trkpt lat="47.605835" lon="21.06475167">
        <ele>142.3</ele>
        <time>2025-07-06T04:02:51Z</time>
      </trkpt>
      <trkpt lat="47.60579833" lon="21.06492667">
        <ele>141.8</ele>
        <time>2025-07-06T04:02:52Z</time>
      </trkpt>
      <trkpt lat="47.60576333" lon="21.06510667">
        <ele>141.2</ele>
        <time>2025-07-06T04:02:53Z</time>
      </trkpt>
      <trkpt lat="47.605725" lon="21.06530667">
        <ele>140.9</ele>
        <time>2025-07-06T04:02:54Z</time>
      </trkpt>
      <trkpt lat="47.605685" lon="21.06550833">
        <ele>140.9</ele>
        <time>2025-07-06T04:02:55Z</time>
      </trkpt>
      <trkpt lat="47.60564" lon="21.06571167">
        <ele>141.9</ele>
        <time>2025-07-06T04:02:56Z</time>
      </trkpt>
      <trkpt lat="47.60559667" lon="21.065925">
        <ele>142.3</ele>
        <time>2025-07-06T04:02:57Z</time>
      </trkpt>
      <trkpt lat="47.60556167" lon="21.066125">
        <ele>142.1</ele>
        <time>2025-07-06T04:02:58Z</time>
      </trkpt>
      <trkpt lat="47.605525" lon="21.06632667">
        <ele>141.4</ele>
        <time>2025-07-06T04:02:59Z</time>
      </trkpt>
      <trkpt lat="47.60549167" lon="21.06653167">
        <ele>140.8</ele>
        <time>2025-07-06T04:03:00Z</time>
      </trkpt>
      <trkpt lat="47.60545667" lon="21.06674167">
        <ele>140.5</ele>
        <time>2025-07-06T04:03:01Z</time>
      </trkpt>
      <trkpt lat="47.60541333" lon="21.06694833">
        <ele>140</ele>
        <time>2025-07-06T04:03:02Z</time>
      </trkpt>
      <trkpt lat="47.60536667" lon="21.06715667">
        <ele>140.1</ele>
        <time>2025-07-06T04:03:03Z</time>
      </trkpt>
      <trkpt lat="47.605315" lon="21.067355">
        <ele>139.1</ele>
        <time>2025-07-06T04:03:04Z</time>
      </trkpt>
      <trkpt lat="47.605275" lon="21.06754833">
        <ele>138.4</ele>
        <time>2025-07-06T04:03:05Z</time>
      </trkpt>
      <trkpt lat="47.60523333" lon="21.06775">
        <ele>137.9</ele>
        <time>2025-07-06T04:03:06Z</time>
      </trkpt>
      <trkpt lat="47.60518667" lon="21.06795833">
        <ele>137.3</ele>
        <time>2025-07-06T04:03:07Z</time>
      </trkpt>
      <trkpt lat="47.605145" lon="21.06817">
        <ele>136.7</ele>
        <time>2025-07-06T04:03:08Z</time>
      </trkpt>
      <trkpt lat="47.6051" lon="21.06838">
        <ele>137.4</ele>
        <time>2025-07-06T04:03:09Z</time>
      </trkpt>
      <trkpt lat="47.60505" lon="21.06858667">
        <ele>138.5</ele>
        <time>2025-07-06T04:03:10Z</time>
      </trkpt>
      <trkpt lat="47.60500833" lon="21.06879333">
        <ele>138.3</ele>
        <time>2025-07-06T04:03:11Z</time>
      </trkpt>
      <trkpt lat="47.60497333" lon="21.06900833">
        <ele>137.1</ele>
        <time>2025-07-06T04:03:12Z</time>
      </trkpt>
      <trkpt lat="47.60493" lon="21.06921667">
        <ele>137.1</ele>
        <time>2025-07-06T04:03:13Z</time>
      </trkpt>
      <trkpt lat="47.60487667" lon="21.06941167">
        <ele>136.9</ele>
        <time>2025-07-06T04:03:14Z</time>
      </trkpt>
      <trkpt lat="47.604835" lon="21.06961833">
        <ele>137.2</ele>
        <time>2025-07-06T04:03:15Z</time>
      </trkpt>
      <trkpt lat="47.6048" lon="21.06983">
        <ele>137.5</ele>
        <time>2025-07-06T04:03:16Z</time>
      </trkpt>
      <trkpt lat="47.60477" lon="21.07002833">
        <ele>137.6</ele>
        <time>2025-07-06T04:03:17Z</time>
      </trkpt>
      <trkpt lat="47.60473833" lon="21.07022">
        <ele>139.2</ele>
        <time>2025-07-06T04:03:18Z</time>
      </trkpt>
      <trkpt lat="47.60470167" lon="21.07042833">
        <ele>139.2</ele>
        <time>2025-07-06T04:03:19Z</time>
      </trkpt>
      <trkpt lat="47.60466" lon="21.07064167">
        <ele>139.1</ele>
        <time>2025-07-06T04:03:20Z</time>
      </trkpt>
      <trkpt lat="47.604605" lon="21.07085833">
        <ele>138.7</ele>
        <time>2025-07-06T04:03:21Z</time>
      </trkpt>
      <trkpt lat="47.60456333" lon="21.07105833">
        <ele>136.5</ele>
        <time>2025-07-06T04:03:22Z</time>
      </trkpt>
      <trkpt lat="47.60452833" lon="21.07126333">
        <ele>137.4</ele>
        <time>2025-07-06T04:03:23Z</time>
      </trkpt>
      <trkpt lat="47.604465" lon="21.07144667">
        <ele>139.6</ele>
        <time>2025-07-06T04:03:24Z</time>
      </trkpt>
      <trkpt lat="47.60441333" lon="21.07163167">
        <ele>143.4</ele>
        <time>2025-07-06T04:03:25Z</time>
      </trkpt>
      <trkpt lat="47.60437667" lon="21.07182333">
        <ele>142.7</ele>
        <time>2025-07-06T04:03:26Z</time>
      </trkpt>
      <trkpt lat="47.60434" lon="21.072">
        <ele>142.3</ele>
        <time>2025-07-06T04:03:27Z</time>
      </trkpt>
      <trkpt lat="47.60430667" lon="21.07217667">
        <ele>144.6</ele>
        <time>2025-07-06T04:03:28Z</time>
      </trkpt>
      <trkpt lat="47.60427667" lon="21.07234333">
        <ele>144.5</ele>
        <time>2025-07-06T04:03:29Z</time>
      </trkpt>
      <trkpt lat="47.60425" lon="21.0725">
        <ele>144</ele>
        <time>2025-07-06T04:03:30Z</time>
      </trkpt>
      <trkpt lat="47.604225" lon="21.07265">
        <ele>143.6</ele>
        <time>2025-07-06T04:03:31Z</time>
      </trkpt>
      <trkpt lat="47.60420833" lon="21.072785">
        <ele>142.4</ele>
        <time>2025-07-06T04:03:32Z</time>
      </trkpt>
      <trkpt lat="47.60416333" lon="21.07300833">
        <ele>141.8</ele>
        <time>2025-07-06T04:03:34Z</time>
      </trkpt>
      <trkpt lat="47.60413833" lon="21.07319167">
        <ele>142.6</ele>
        <time>2025-07-06T04:03:36Z</time>
      </trkpt>
      <trkpt lat="47.60409167" lon="21.07336167">
        <ele>142.8</ele>
        <time>2025-07-06T04:03:38Z</time>
      </trkpt>
      <trkpt lat="47.60405167" lon="21.07350333">
        <ele>142.8</ele>
        <time>2025-07-06T04:03:40Z</time>
      </trkpt>
      <trkpt lat="47.60400833" lon="21.07362333">
        <ele>141.5</ele>
        <time>2025-07-06T04:03:44Z</time>
      </trkpt>
      <trkpt lat="47.60400667" lon="21.07378">
        <ele>139.4</ele>
        <time>2025-07-06T04:04:10Z</time>
      </trkpt>
      <trkpt lat="47.60397833" lon="21.07396">
        <ele>139.5</ele>
        <time>2025-07-06T04:04:14Z</time>
      </trkpt>
      <trkpt lat="47.603935" lon="21.074185">
        <ele>139.2</ele>
        <time>2025-07-06T04:04:16Z</time>
      </trkpt>
      <trkpt lat="47.60388667" lon="21.07442667">
        <ele>138.7</ele>
        <time>2025-07-06T04:04:18Z</time>
      </trkpt>
      <trkpt lat="47.60386167" lon="21.07456667">
        <ele>138.3</ele>
        <time>2025-07-06T04:04:19Z</time>
      </trkpt>
      <trkpt lat="47.60383333" lon="21.074705">
        <ele>137.9</ele>
        <time>2025-07-06T04:04:20Z</time>
      </trkpt>
      <trkpt lat="47.603805" lon="21.07485167">
        <ele>137.5</ele>
        <time>2025-07-06T04:04:21Z</time>
      </trkpt>
      <trkpt lat="47.60377" lon="21.07500167">
        <ele>137.2</ele>
        <time>2025-07-06T04:04:22Z</time>
      </trkpt>
      <trkpt lat="47.60373" lon="21.07515833">
        <ele>135.9</ele>
        <time>2025-07-06T04:04:23Z</time>
      </trkpt>
      <trkpt lat="47.60369667" lon="21.07530833">
        <ele>135.3</ele>
        <time>2025-07-06T04:04:24Z</time>
      </trkpt>
      <trkpt lat="47.60365667" lon="21.075475">
        <ele>134.8</ele>
        <time>2025-07-06T04:04:25Z</time>
      </trkpt>
      <trkpt lat="47.60362333" lon="21.07564167">
        <ele>134.8</ele>
        <time>2025-07-06T04:04:26Z</time>
      </trkpt>
      <trkpt lat="47.60357667" lon="21.07581667">
        <ele>134.2</ele>
        <time>2025-07-06T04:04:27Z</time>
      </trkpt>
      <trkpt lat="47.60352" lon="21.07599667">
        <ele>133.6</ele>
        <time>2025-07-06T04:04:28Z</time>
      </trkpt>
      <trkpt lat="47.603475" lon="21.07616">
        <ele>134</ele>
        <time>2025-07-06T04:04:29Z</time>
      </trkpt>
      <trkpt lat="47.60343" lon="21.07633333">
        <ele>133.8</ele>
        <time>2025-07-06T04:04:30Z</time>
      </trkpt>
      <trkpt lat="47.60339167" lon="21.07651833">
        <ele>133.3</ele>
        <time>2025-07-06T04:04:31Z</time>
      </trkpt>
      <trkpt lat="47.60336167" lon="21.076715">
        <ele>134.2</ele>
        <time>2025-07-06T04:04:32Z</time>
      </trkpt>
      <trkpt lat="47.60331667" lon="21.07691">
        <ele>133.4</ele>
        <time>2025-07-06T04:04:33Z</time>
      </trkpt>
      <trkpt lat="47.60327833" lon="21.077095">
        <ele>133.1</ele>
        <time>2025-07-06T04:04:34Z</time>
      </trkpt>
      <trkpt lat="47.603235" lon="21.07727833">
        <ele>132.9</ele>
        <time>2025-07-06T04:04:35Z</time>
      </trkpt>
      <trkpt lat="47.60319" lon="21.07746">
        <ele>132.5</ele>
        <time>2025-07-06T04:04:36Z</time>
      </trkpt>
      <trkpt lat="47.60314833" lon="21.07764833">
        <ele>132</ele>
        <time>2025-07-06T04:04:37Z</time>
      </trkpt>
      <trkpt lat="47.60309333" lon="21.07784833">
        <ele>130.5</ele>
        <time>2025-07-06T04:04:38Z</time>
      </trkpt>
      <trkpt lat="47.60303167" lon="21.078045">
        <ele>129.5</ele>
        <time>2025-07-06T04:04:39Z</time>
      </trkpt>
      <trkpt lat="47.60299167" lon="21.078245">
        <ele>128.5</ele>
        <time>2025-07-06T04:04:40Z</time>
      </trkpt>
      <trkpt lat="47.60296667" lon="21.07846">
        <ele>129.7</ele>
        <time>2025-07-06T04:04:41Z</time>
      </trkpt>
      <trkpt lat="47.60293833" lon="21.07867667">
        <ele>130.2</ele>
        <time>2025-07-06T04:04:42Z</time>
      </trkpt>
      <trkpt lat="47.60289" lon="21.07889167">
        <ele>129.6</ele>
        <time>2025-07-06T04:04:43Z</time>
      </trkpt>
      <trkpt lat="47.60284333" lon="21.07911">
        <ele>129.5</ele>
        <time>2025-07-06T04:04:44Z</time>
      </trkpt>
      <trkpt lat="47.60280167" lon="21.07933">
        <ele>131.3</ele>
        <time>2025-07-06T04:04:45Z</time>
      </trkpt>
      <trkpt lat="47.60275167" lon="21.07955">
        <ele>132.6</ele>
        <time>2025-07-06T04:04:46Z</time>
      </trkpt>
      <trkpt lat="47.60269833" lon="21.07977">
        <ele>132.4</ele>
        <time>2025-07-06T04:04:47Z</time>
      </trkpt>
      <trkpt lat="47.60263667" lon="21.08">
        <ele>130.9</ele>
        <time>2025-07-06T04:04:48Z</time>
      </trkpt>
      <trkpt lat="47.60258667" lon="21.08023833">
        <ele>129.9</ele>
        <time>2025-07-06T04:04:49Z</time>
      </trkpt>
      <trkpt lat="47.602535" lon="21.08047667">
        <ele>129.8</ele>
        <time>2025-07-06T04:04:50Z</time>
      </trkpt>
      <trkpt lat="47.602485" lon="21.08071833">
        <ele>129.8</ele>
        <time>2025-07-06T04:04:51Z</time>
      </trkpt>
      <trkpt lat="47.60243333" lon="21.08095667">
        <ele>130.4</ele>
        <time>2025-07-06T04:04:52Z</time>
      </trkpt>
      <trkpt lat="47.60238167" lon="21.08119833">
        <ele>131.1</ele>
        <time>2025-07-06T04:04:53Z</time>
      </trkpt>
      <trkpt lat="47.60232167" lon="21.08145667">
        <ele>131</ele>
        <time>2025-07-06T04:04:54Z</time>
      </trkpt>
      <trkpt lat="47.60228667" lon="21.08170833">
        <ele>132.6</ele>
        <time>2025-07-06T04:04:55Z</time>
      </trkpt>
      <trkpt lat="47.60222833" lon="21.081965">
        <ele>132.7</ele>
        <time>2025-07-06T04:04:56Z</time>
      </trkpt>
      <trkpt lat="47.60217333" lon="21.08222167">
        <ele>132.8</ele>
        <time>2025-07-06T04:04:57Z</time>
      </trkpt>
      <trkpt lat="47.602115" lon="21.08248167">
        <ele>133</ele>
        <time>2025-07-06T04:04:58Z</time>
      </trkpt>
      <trkpt lat="47.60206" lon="21.08274167">
        <ele>133.2</ele>
        <time>2025-07-06T04:04:59Z</time>
      </trkpt>
      <trkpt lat="47.602025" lon="21.08298833">
        <ele>138.4</ele>
        <time>2025-07-06T04:05:00Z</time>
      </trkpt>
      <trkpt lat="47.60197167" lon="21.08324833">
        <ele>137.8</ele>
        <time>2025-07-06T04:05:01Z</time>
      </trkpt>
      <trkpt lat="47.60190667" lon="21.083515">
        <ele>136.3</ele>
        <time>2025-07-06T04:05:02Z</time>
      </trkpt>
      <trkpt lat="47.60186167" lon="21.08377667">
        <ele>134.3</ele>
        <time>2025-07-06T04:05:03Z</time>
      </trkpt>
      <trkpt lat="47.601805" lon="21.084045">
        <ele>135.1</ele>
        <time>2025-07-06T04:05:04Z</time>
      </trkpt>
      <trkpt lat="47.60174333" lon="21.08430333">
        <ele>135.4</ele>
        <time>2025-07-06T04:05:05Z</time>
      </trkpt>
      <trkpt lat="47.60168333" lon="21.08457833">
        <ele>135.2</ele>
        <time>2025-07-06T04:05:06Z</time>
      </trkpt>
      <trkpt lat="47.60163" lon="21.08485667">
        <ele>134.7</ele>
        <time>2025-07-06T04:05:07Z</time>
      </trkpt>
      <trkpt lat="47.601565" lon="21.08514333">
        <ele>133.9</ele>
        <time>2025-07-06T04:05:08Z</time>
      </trkpt>
      <trkpt lat="47.60149667" lon="21.08541833">
        <ele>134.9</ele>
        <time>2025-07-06T04:05:09Z</time>
      </trkpt>
      <trkpt lat="47.60141667" lon="21.08568333">
        <ele>134.4</ele>
        <time>2025-07-06T04:05:10Z</time>
      </trkpt>
      <trkpt lat="47.60135" lon="21.085955">
        <ele>136</ele>
        <time>2025-07-06T04:05:11Z</time>
      </trkpt>
      <trkpt lat="47.60129833" lon="21.08623167">
        <ele>135.5</ele>
        <time>2025-07-06T04:05:12Z</time>
      </trkpt>
      <trkpt lat="47.601235" lon="21.086505">
        <ele>135.2</ele>
        <time>2025-07-06T04:05:13Z</time>
      </trkpt>
      <trkpt lat="47.60118167" lon="21.08679333">
        <ele>136.1</ele>
        <time>2025-07-06T04:05:14Z</time>
      </trkpt>
      <trkpt lat="47.60113667" lon="21.08707833">
        <ele>137.1</ele>
        <time>2025-07-06T04:05:15Z</time>
      </trkpt>
      <trkpt lat="47.601065" lon="21.08736">
        <ele>138.2</ele>
        <time>2025-07-06T04:05:16Z</time>
      </trkpt>
      <trkpt lat="47.600995" lon="21.08764667">
        <ele>140.1</ele>
        <time>2025-07-06T04:05:17Z</time>
      </trkpt>
      <trkpt lat="47.60093167" lon="21.08792667">
        <ele>140.8</ele>
        <time>2025-07-06T04:05:18Z</time>
      </trkpt>
      <trkpt lat="47.600875" lon="21.08821167">
        <ele>141.2</ele>
        <time>2025-07-06T04:05:19Z</time>
      </trkpt>
      <trkpt lat="47.600825" lon="21.08850167">
        <ele>141.9</ele>
        <time>2025-07-06T04:05:20Z</time>
      </trkpt>
      <trkpt lat="47.60077" lon="21.088785">
        <ele>142.7</ele>
        <time>2025-07-06T04:05:21Z</time>
      </trkpt>
      <trkpt lat="47.60071167" lon="21.08906167">
        <ele>142.1</ele>
        <time>2025-07-06T04:05:22Z</time>
      </trkpt>
      <trkpt lat="47.60062667" lon="21.08930833">
        <ele>140.3</ele>
        <time>2025-07-06T04:05:23Z</time>
      </trkpt>
      <trkpt lat="47.60057167" lon="21.08955333">
        <ele>138.7</ele>
        <time>2025-07-06T04:05:24Z</time>
      </trkpt>
      <trkpt lat="47.60051667" lon="21.08981667">
        <ele>138.5</ele>
        <time>2025-07-06T04:05:25Z</time>
      </trkpt>
      <trkpt lat="47.60044" lon="21.09009">
        <ele>137.2</ele>
        <time>2025-07-06T04:05:26Z</time>
      </trkpt>
      <trkpt lat="47.600355" lon="21.09038167">
        <ele>135.7</ele>
        <time>2025-07-06T04:05:27Z</time>
      </trkpt>
      <trkpt lat="47.60029" lon="21.09066333">
        <ele>133</ele>
        <time>2025-07-06T04:05:28Z</time>
      </trkpt>
      <trkpt lat="47.600225" lon="21.090945">
        <ele>133</ele>
        <time>2025-07-06T04:05:29Z</time>
      </trkpt>
      <trkpt lat="47.60017667" lon="21.09123833">
        <ele>133.2</ele>
        <time>2025-07-06T04:05:30Z</time>
      </trkpt>
      <trkpt lat="47.60011667" lon="21.09153">
        <ele>133.2</ele>
        <time>2025-07-06T04:05:31Z</time>
      </trkpt>
      <trkpt lat="47.600055" lon="21.09180833">
        <ele>133.1</ele>
        <time>2025-07-06T04:05:32Z</time>
      </trkpt>
      <trkpt lat="47.59998667" lon="21.09208667">
        <ele>133.3</ele>
        <time>2025-07-06T04:05:33Z</time>
      </trkpt>
      <trkpt lat="47.59991167" lon="21.09236667">
        <ele>133.7</ele>
        <time>2025-07-06T04:05:34Z</time>
      </trkpt>
      <trkpt lat="47.59984167" lon="21.09265">
        <ele>134.2</ele>
        <time>2025-07-06T04:05:35Z</time>
      </trkpt>
      <trkpt lat="47.59977667" lon="21.09293667">
        <ele>134.8</ele>
        <time>2025-07-06T04:05:36Z</time>
      </trkpt>
      <trkpt lat="47.59971667" lon="21.093215">
        <ele>134.7</ele>
        <time>2025-07-06T04:05:37Z</time>
      </trkpt>
      <trkpt lat="47.599665" lon="21.093495">
        <ele>134.4</ele>
        <time>2025-07-06T04:05:38Z</time>
      </trkpt>
      <trkpt lat="47.59960667" lon="21.09376833">
        <ele>133.8</ele>
        <time>2025-07-06T04:05:39Z</time>
      </trkpt>
      <trkpt lat="47.599545" lon="21.09404">
        <ele>133.6</ele>
        <time>2025-07-06T04:05:40Z</time>
      </trkpt>
      <trkpt lat="47.59948667" lon="21.094325">
        <ele>132.8</ele>
        <time>2025-07-06T04:05:41Z</time>
      </trkpt>
      <trkpt lat="47.59943167" lon="21.09460333">
        <ele>131.5</ele>
        <time>2025-07-06T04:05:42Z</time>
      </trkpt>
      <trkpt lat="47.59938" lon="21.094885">
        <ele>129.6</ele>
        <time>2025-07-06T04:05:43Z</time>
      </trkpt>
      <trkpt lat="47.59928667" lon="21.095175">
        <ele>128.8</ele>
        <time>2025-07-06T04:05:44Z</time>
      </trkpt>
      <trkpt lat="47.59922333" lon="21.09546833">
        <ele>130.2</ele>
        <time>2025-07-06T04:05:45Z</time>
      </trkpt>
      <trkpt lat="47.59916" lon="21.09575">
        <ele>128.7</ele>
        <time>2025-07-06T04:05:46Z</time>
      </trkpt>
      <trkpt lat="47.59909" lon="21.09603167">
        <ele>127</ele>
        <time>2025-07-06T04:05:47Z</time>
      </trkpt>
      <trkpt lat="47.59903167" lon="21.09632667">
        <ele>126.3</ele>
        <time>2025-07-06T04:05:48Z</time>
      </trkpt>
      <trkpt lat="47.59897833" lon="21.09660333">
        <ele>130.5</ele>
        <time>2025-07-06T04:05:49Z</time>
      </trkpt>
      <trkpt lat="47.59892167" lon="21.09688333">
        <ele>129.7</ele>
        <time>2025-07-06T04:05:50Z</time>
      </trkpt>
      <trkpt lat="47.59886167" lon="21.09716667">
        <ele>129</ele>
        <time>2025-07-06T04:05:51Z</time>
      </trkpt>
      <trkpt lat="47.59879333" lon="21.09745833">
        <ele>127.8</ele>
        <time>2025-07-06T04:05:52Z</time>
      </trkpt>
      <trkpt lat="47.59873167" lon="21.09771833">
        <ele>130.4</ele>
        <time>2025-07-06T04:05:53Z</time>
      </trkpt>
      <trkpt lat="47.59866333" lon="21.09797667">
        <ele>129.9</ele>
        <time>2025-07-06T04:05:54Z</time>
      </trkpt>
      <trkpt lat="47.59859167" lon="21.09825833">
        <ele>129.9</ele>
        <time>2025-07-06T04:05:55Z</time>
      </trkpt>
      <trkpt lat="47.59853" lon="21.09853833">
        <ele>129.3</ele>
        <time>2025-07-06T04:05:56Z</time>
      </trkpt>
      <trkpt lat="47.598465" lon="21.098815">
        <ele>128.9</ele>
        <time>2025-07-06T04:05:57Z</time>
      </trkpt>
      <trkpt lat="47.59839667" lon="21.09911">
        <ele>128.4</ele>
        <time>2025-07-06T04:05:58Z</time>
      </trkpt>
      <trkpt lat="47.59834" lon="21.09938833">
        <ele>127.3</ele>
        <time>2025-07-06T04:05:59Z</time>
      </trkpt>
      <trkpt lat="47.59827333" lon="21.09966667">
        <ele>127.2</ele>
        <time>2025-07-06T04:06:00Z</time>
      </trkpt>
      <trkpt lat="47.59822" lon="21.09994167">
        <ele>127</ele>
        <time>2025-07-06T04:06:01Z</time>
      </trkpt>
      <trkpt lat="47.59816333" lon="21.100215">
        <ele>126.7</ele>
        <time>2025-07-06T04:06:02Z</time>
      </trkpt>
      <trkpt lat="47.59811167" lon="21.10049333">
        <ele>126.2</ele>
        <time>2025-07-06T04:06:03Z</time>
      </trkpt>
      <trkpt lat="47.59805333" lon="21.10077333">
        <ele>126.2</ele>
        <time>2025-07-06T04:06:04Z</time>
      </trkpt>
      <trkpt lat="47.59799333" lon="21.10105">
        <ele>126</ele>
        <time>2025-07-06T04:06:05Z</time>
      </trkpt>
      <trkpt lat="47.59793167" lon="21.101325">
        <ele>126.6</ele>
        <time>2025-07-06T04:06:06Z</time>
      </trkpt>
      <trkpt lat="47.59786667" lon="21.10160667">
        <ele>127.1</ele>
        <time>2025-07-06T04:06:07Z</time>
      </trkpt>
      <trkpt lat="47.59779667" lon="21.101895">
        <ele>128.1</ele>
        <time>2025-07-06T04:06:08Z</time>
      </trkpt>
      <trkpt lat="47.59773167" lon="21.102175">
        <ele>128.6</ele>
        <time>2025-07-06T04:06:09Z</time>
      </trkpt>
      <trkpt lat="47.59766667" lon="21.10246667">
        <ele>134.8</ele>
        <time>2025-07-06T04:06:10Z</time>
      </trkpt>
      <trkpt lat="47.59761" lon="21.10274">
        <ele>134.6</ele>
        <time>2025-07-06T04:06:11Z</time>
      </trkpt>
      <trkpt lat="47.59756" lon="21.103005">
        <ele>136.3</ele>
        <time>2025-07-06T04:06:12Z</time>
      </trkpt>
      <trkpt lat="47.59750333" lon="21.103285">
        <ele>135.7</ele>
        <time>2025-07-06T04:06:13Z</time>
      </trkpt>
      <trkpt lat="47.59742667" lon="21.10356667">
        <ele>134.9</ele>
        <time>2025-07-06T04:06:14Z</time>
      </trkpt>
      <trkpt lat="47.59735" lon="21.103855">
        <ele>133.7</ele>
        <time>2025-07-06T04:06:15Z</time>
      </trkpt>
      <trkpt lat="47.59728333" lon="21.104135">
        <ele>132.8</ele>
        <time>2025-07-06T04:06:16Z</time>
      </trkpt>
      <trkpt lat="47.597225" lon="21.104415">
        <ele>132.4</ele>
        <time>2025-07-06T04:06:17Z</time>
      </trkpt>
      <trkpt lat="47.597195" lon="21.10467333">
        <ele>137.7</ele>
        <time>2025-07-06T04:06:18Z</time>
      </trkpt>
      <trkpt lat="47.597135" lon="21.10494167">
        <ele>137.5</ele>
        <time>2025-07-06T04:06:19Z</time>
      </trkpt>
      <trkpt lat="47.59706833" lon="21.10522333">
        <ele>137</ele>
        <time>2025-07-06T04:06:20Z</time>
      </trkpt>
      <trkpt lat="47.597" lon="21.1055">
        <ele>137.2</ele>
        <time>2025-07-06T04:06:21Z</time>
      </trkpt>
      <trkpt lat="47.59694833" lon="21.10576167">
        <ele>138.1</ele>
        <time>2025-07-06T04:06:22Z</time>
      </trkpt>
      <trkpt lat="47.59688" lon="21.10603333">
        <ele>138.2</ele>
        <time>2025-07-06T04:06:23Z</time>
      </trkpt>
      <trkpt lat="47.59682667" lon="21.10631">
        <ele>138.2</ele>
        <time>2025-07-06T04:06:24Z</time>
      </trkpt>
      <trkpt lat="47.596765" lon="21.10658333">
        <ele>138.1</ele>
        <time>2025-07-06T04:06:25Z</time>
      </trkpt>
      <trkpt lat="47.59670333" lon="21.10685833">
        <ele>137.8</ele>
        <time>2025-07-06T04:06:26Z</time>
      </trkpt>
      <trkpt lat="47.59664" lon="21.10712667">
        <ele>141.3</ele>
        <time>2025-07-06T04:06:27Z</time>
      </trkpt>
      <trkpt lat="47.59657667" lon="21.10740167">
        <ele>141.9</ele>
        <time>2025-07-06T04:06:28Z</time>
      </trkpt>
      <trkpt lat="47.59651" lon="21.10767667">
        <ele>142.6</ele>
        <time>2025-07-06T04:06:29Z</time>
      </trkpt>
      <trkpt lat="47.59644667" lon="21.10794667">
        <ele>143</ele>
        <time>2025-07-06T04:06:30Z</time>
      </trkpt>
      <trkpt lat="47.59637833" lon="21.10822833">
        <ele>143.6</ele>
        <time>2025-07-06T04:06:31Z</time>
      </trkpt>
      <trkpt lat="47.59631833" lon="21.10851167">
        <ele>143.6</ele>
        <time>2025-07-06T04:06:32Z</time>
      </trkpt>
      <trkpt lat="47.59629333" lon="21.10882">
        <ele>151.4</ele>
        <time>2025-07-06T04:06:33Z</time>
      </trkpt>
      <trkpt lat="47.59625" lon="21.10907833">
        <ele>142.5</ele>
        <time>2025-07-06T04:06:34Z</time>
      </trkpt>
      <trkpt lat="47.59618" lon="21.10935167">
        <ele>142.9</ele>
        <time>2025-07-06T04:06:35Z</time>
      </trkpt>
      <trkpt lat="47.59613333" lon="21.10961167">
        <ele>140.2</ele>
        <time>2025-07-06T04:06:36Z</time>
      </trkpt>
      <trkpt lat="47.5961" lon="21.10988167">
        <ele>138.7</ele>
        <time>2025-07-06T04:06:37Z</time>
      </trkpt>
      <trkpt lat="47.59604333" lon="21.11014167">
        <ele>133.8</ele>
        <time>2025-07-06T04:06:38Z</time>
      </trkpt>
      <trkpt lat="47.59595833" lon="21.11040667">
        <ele>127.6</ele>
        <time>2025-07-06T04:06:39Z</time>
      </trkpt>
      <trkpt lat="47.59587" lon="21.11067667">
        <ele>124</ele>
        <time>2025-07-06T04:06:40Z</time>
      </trkpt>
      <trkpt lat="47.5958" lon="21.11095">
        <ele>125.5</ele>
        <time>2025-07-06T04:06:41Z</time>
      </trkpt>
      <trkpt lat="47.59574" lon="21.11122167">
        <ele>125.5</ele>
        <time>2025-07-06T04:06:42Z</time>
      </trkpt>
      <trkpt lat="47.595685" lon="21.11149167">
        <ele>125.9</ele>
        <time>2025-07-06T04:06:43Z</time>
      </trkpt>
      <trkpt lat="47.59562167" lon="21.11176333">
        <ele>126.5</ele>
        <time>2025-07-06T04:06:44Z</time>
      </trkpt>
      <trkpt lat="47.59556833" lon="21.11202667">
        <ele>126.8</ele>
        <time>2025-07-06T04:06:45Z</time>
      </trkpt>
      <trkpt lat="47.59551333" lon="21.11230333">
        <ele>128.5</ele>
        <time>2025-07-06T04:06:46Z</time>
      </trkpt>
      <trkpt lat="47.59545167" lon="21.11257333">
        <ele>129.9</ele>
        <time>2025-07-06T04:06:47Z</time>
      </trkpt>
      <trkpt lat="47.59538167" lon="21.11284833">
        <ele>131.1</ele>
        <time>2025-07-06T04:06:48Z</time>
      </trkpt>
      <trkpt lat="47.59531667" lon="21.11313167">
        <ele>131.4</ele>
        <time>2025-07-06T04:06:49Z</time>
      </trkpt>
      <trkpt lat="47.59526667" lon="21.11340667">
        <ele>133.9</ele>
        <time>2025-07-06T04:06:50Z</time>
      </trkpt>
      <trkpt lat="47.595215" lon="21.11368">
        <ele>136</ele>
        <time>2025-07-06T04:06:51Z</time>
      </trkpt>
      <trkpt lat="47.59515" lon="21.11396167">
        <ele>136.4</ele>
        <time>2025-07-06T04:06:52Z</time>
      </trkpt>
      <trkpt lat="47.59510667" lon="21.11424">
        <ele>139.3</ele>
        <time>2025-07-06T04:06:53Z</time>
      </trkpt>
      <trkpt lat="47.59504" lon="21.11451833">
        <ele>139.5</ele>
        <time>2025-07-06T04:06:54Z</time>
      </trkpt>
      <trkpt lat="47.59497167" lon="21.114795">
        <ele>140</ele>
        <time>2025-07-06T04:06:55Z</time>
      </trkpt>
      <trkpt lat="47.59490667" lon="21.11507">
        <ele>139.5</ele>
        <time>2025-07-06T04:06:56Z</time>
      </trkpt>
      <trkpt lat="47.59483333" lon="21.11534667">
        <ele>136.9</ele>
        <time>2025-07-06T04:06:57Z</time>
      </trkpt>
      <trkpt lat="47.59476" lon="21.115625">
        <ele>138.1</ele>
        <time>2025-07-06T04:06:58Z</time>
      </trkpt>
      <trkpt lat="47.59469167" lon="21.11589667">
        <ele>138.9</ele>
        <time>2025-07-06T04:06:59Z</time>
      </trkpt>
      <trkpt lat="47.59463333" lon="21.11616333">
        <ele>139.8</ele>
        <time>2025-07-06T04:07:00Z</time>
      </trkpt>
      <trkpt lat="47.59458" lon="21.11642333">
        <ele>136.7</ele>
        <time>2025-07-06T04:07:01Z</time>
      </trkpt>
      <trkpt lat="47.59452167" lon="21.11669167">
        <ele>134</ele>
        <time>2025-07-06T04:07:02Z</time>
      </trkpt>
      <trkpt lat="47.59445833" lon="21.11697">
        <ele>134</ele>
        <time>2025-07-06T04:07:03Z</time>
      </trkpt>
      <trkpt lat="47.59436167" lon="21.117255">
        <ele>133</ele>
        <time>2025-07-06T04:07:04Z</time>
      </trkpt>
      <trkpt lat="47.59428833" lon="21.11753333">
        <ele>133.4</ele>
        <time>2025-07-06T04:07:05Z</time>
      </trkpt>
      <trkpt lat="47.59426" lon="21.11781">
        <ele>141.3</ele>
        <time>2025-07-06T04:07:06Z</time>
      </trkpt>
      <trkpt lat="47.59419667" lon="21.11808167">
        <ele>140.4</ele>
        <time>2025-07-06T04:07:07Z</time>
      </trkpt>
      <trkpt lat="47.59413167" lon="21.118345">
        <ele>139.2</ele>
        <time>2025-07-06T04:07:08Z</time>
      </trkpt>
      <trkpt lat="47.59407333" lon="21.118625">
        <ele>137.6</ele>
        <time>2025-07-06T04:07:09Z</time>
      </trkpt>
      <trkpt lat="47.59401167" lon="21.11890667">
        <ele>135.9</ele>
        <time>2025-07-06T04:07:10Z</time>
      </trkpt>
      <trkpt lat="47.59394833" lon="21.11918">
        <ele>133.6</ele>
        <time>2025-07-06T04:07:11Z</time>
      </trkpt>
      <trkpt lat="47.59391333" lon="21.119445">
        <ele>142.2</ele>
        <time>2025-07-06T04:07:12Z</time>
      </trkpt>
      <trkpt lat="47.59385833" lon="21.11969333">
        <ele>142.8</ele>
        <time>2025-07-06T04:07:13Z</time>
      </trkpt>
      <trkpt lat="47.59378833" lon="21.11995667">
        <ele>141.6</ele>
        <time>2025-07-06T04:07:14Z</time>
      </trkpt>
      <trkpt lat="47.59372167" lon="21.12022">
        <ele>141.5</ele>
        <time>2025-07-06T04:07:15Z</time>
      </trkpt>
      <trkpt lat="47.59367833" lon="21.12049167">
        <ele>140.3</ele>
        <time>2025-07-06T04:07:16Z</time>
      </trkpt>
      <trkpt lat="47.59361667" lon="21.120765">
        <ele>140.2</ele>
        <time>2025-07-06T04:07:17Z</time>
      </trkpt>
      <trkpt lat="47.593555" lon="21.121045">
        <ele>140.4</ele>
        <time>2025-07-06T04:07:18Z</time>
      </trkpt>
      <trkpt lat="47.59350167" lon="21.12132333">
        <ele>140.1</ele>
        <time>2025-07-06T04:07:19Z</time>
      </trkpt>
      <trkpt lat="47.59345167" lon="21.121595">
        <ele>139.9</ele>
        <time>2025-07-06T04:07:20Z</time>
      </trkpt>
      <trkpt lat="47.59339833" lon="21.12186333">
        <ele>140.4</ele>
        <time>2025-07-06T04:07:21Z</time>
      </trkpt>
      <trkpt lat="47.59333833" lon="21.12213167">
        <ele>140.9</ele>
        <time>2025-07-06T04:07:22Z</time>
      </trkpt>
      <trkpt lat="47.59327833" lon="21.12240333">
        <ele>139.5</ele>
        <time>2025-07-06T04:07:23Z</time>
      </trkpt>
      <trkpt lat="47.59321167" lon="21.12268333">
        <ele>138.7</ele>
        <time>2025-07-06T04:07:24Z</time>
      </trkpt>
      <trkpt lat="47.59314333" lon="21.12296333">
        <ele>137.5</ele>
        <time>2025-07-06T04:07:25Z</time>
      </trkpt>
      <trkpt lat="47.59307667" lon="21.12324">
        <ele>136.2</ele>
        <time>2025-07-06T04:07:26Z</time>
      </trkpt>
      <trkpt lat="47.59301667" lon="21.123505">
        <ele>132.9</ele>
        <time>2025-07-06T04:07:27Z</time>
      </trkpt>
      <trkpt lat="47.59295333" lon="21.12377167">
        <ele>131.9</ele>
        <time>2025-07-06T04:07:28Z</time>
      </trkpt>
      <trkpt lat="47.592895" lon="21.12402833">
        <ele>128.1</ele>
        <time>2025-07-06T04:07:29Z</time>
      </trkpt>
      <trkpt lat="47.59281833" lon="21.124315">
        <ele>127.6</ele>
        <time>2025-07-06T04:07:30Z</time>
      </trkpt>
      <trkpt lat="47.59275833" lon="21.12458">
        <ele>127.5</ele>
        <time>2025-07-06T04:07:31Z</time>
      </trkpt>
      <trkpt lat="47.59270167" lon="21.12484167">
        <ele>128.2</ele>
        <time>2025-07-06T04:07:32Z</time>
      </trkpt>
      <trkpt lat="47.59264667" lon="21.12510833">
        <ele>128.8</ele>
        <time>2025-07-06T04:07:33Z</time>
      </trkpt>
      <trkpt lat="47.59258833" lon="21.12537833">
        <ele>129.2</ele>
        <time>2025-07-06T04:07:34Z</time>
      </trkpt>
      <trkpt lat="47.59253" lon="21.12565333">
        <ele>129.8</ele>
        <time>2025-07-06T04:07:35Z</time>
      </trkpt>
      <trkpt lat="47.59248167" lon="21.12591833">
        <ele>132</ele>
        <time>2025-07-06T04:07:36Z</time>
      </trkpt>
      <trkpt lat="47.59241833" lon="21.12618333">
        <ele>133.2</ele>
        <time>2025-07-06T04:07:37Z</time>
      </trkpt>
      <trkpt lat="47.59235667" lon="21.12646">
        <ele>134.1</ele>
        <time>2025-07-06T04:07:38Z</time>
      </trkpt>
      <trkpt lat="47.59229167" lon="21.126745">
        <ele>135.6</ele>
        <time>2025-07-06T04:07:39Z</time>
      </trkpt>
      <trkpt lat="47.592255" lon="21.127005">
        <ele>137.9</ele>
        <time>2025-07-06T04:07:40Z</time>
      </trkpt>
      <trkpt lat="47.59218833" lon="21.12728">
        <ele>139</ele>
        <time>2025-07-06T04:07:41Z</time>
      </trkpt>
      <trkpt lat="47.59212833" lon="21.12755167">
        <ele>139.4</ele>
        <time>2025-07-06T04:07:42Z</time>
      </trkpt>
      <trkpt lat="47.59207333" lon="21.12782">
        <ele>139.5</ele>
        <time>2025-07-06T04:07:43Z</time>
      </trkpt>
      <trkpt lat="47.59201333" lon="21.12808333">
        <ele>139.5</ele>
        <time>2025-07-06T04:07:44Z</time>
      </trkpt>
      <trkpt lat="47.59195333" lon="21.12836">
        <ele>141.1</ele>
        <time>2025-07-06T04:07:45Z</time>
      </trkpt>
      <trkpt lat="47.59189" lon="21.128635">
        <ele>141.8</ele>
        <time>2025-07-06T04:07:46Z</time>
      </trkpt>
      <trkpt lat="47.59183" lon="21.1289">
        <ele>141.7</ele>
        <time>2025-07-06T04:07:47Z</time>
      </trkpt>
      <trkpt lat="47.59177333" lon="21.12916">
        <ele>141.6</ele>
        <time>2025-07-06T04:07:48Z</time>
      </trkpt>
      <trkpt lat="47.59170833" lon="21.129435">
        <ele>141.5</ele>
        <time>2025-07-06T04:07:49Z</time>
      </trkpt>
      <trkpt lat="47.59163667" lon="21.12970833">
        <ele>141.9</ele>
        <time>2025-07-06T04:07:50Z</time>
      </trkpt>
      <trkpt lat="47.59157667" lon="21.129975">
        <ele>142</ele>
        <time>2025-07-06T04:07:51Z</time>
      </trkpt>
      <trkpt lat="47.59148667" lon="21.13024667">
        <ele>133.4</ele>
        <time>2025-07-06T04:07:52Z</time>
      </trkpt>
      <trkpt lat="47.59141" lon="21.13054">
        <ele>132.1</ele>
        <time>2025-07-06T04:07:53Z</time>
      </trkpt>
      <trkpt lat="47.591365" lon="21.13081333">
        <ele>129.9</ele>
        <time>2025-07-06T04:07:54Z</time>
      </trkpt>
      <trkpt lat="47.59133833" lon="21.13109">
        <ele>132.9</ele>
        <time>2025-07-06T04:07:55Z</time>
      </trkpt>
      <trkpt lat="47.59129167" lon="21.13136333">
        <ele>133.6</ele>
        <time>2025-07-06T04:07:56Z</time>
      </trkpt>
      <trkpt lat="47.59123167" lon="21.13163833">
        <ele>135.2</ele>
        <time>2025-07-06T04:07:57Z</time>
      </trkpt>
      <trkpt lat="47.59117667" lon="21.13193667">
        <ele>133.5</ele>
        <time>2025-07-06T04:07:58Z</time>
      </trkpt>
      <trkpt lat="47.59114167" lon="21.132165">
        <ele>130.9</ele>
        <time>2025-07-06T04:07:59Z</time>
      </trkpt>
      <trkpt lat="47.59106833" lon="21.13244">
        <ele>128.5</ele>
        <time>2025-07-06T04:08:00Z</time>
      </trkpt>
      <trkpt lat="47.59099833" lon="21.13272">
        <ele>128.5</ele>
        <time>2025-07-06T04:08:01Z</time>
      </trkpt>
      <trkpt lat="47.590925" lon="21.13301">
        <ele>128.4</ele>
        <time>2025-07-06T04:08:02Z</time>
      </trkpt>
      <trkpt lat="47.59086833" lon="21.1333">
        <ele>128.1</ele>
        <time>2025-07-06T04:08:03Z</time>
      </trkpt>
      <trkpt lat="47.59082167" lon="21.13357333">
        <ele>127.5</ele>
        <time>2025-07-06T04:08:04Z</time>
      </trkpt>
      <trkpt lat="47.590775" lon="21.13385333">
        <ele>131.5</ele>
        <time>2025-07-06T04:08:05Z</time>
      </trkpt>
      <trkpt lat="47.59071333" lon="21.13412">
        <ele>130.5</ele>
        <time>2025-07-06T04:08:06Z</time>
      </trkpt>
      <trkpt lat="47.59065167" lon="21.13439167">
        <ele>130.2</ele>
        <time>2025-07-06T04:08:07Z</time>
      </trkpt>
      <trkpt lat="47.59059167" lon="21.13466167">
        <ele>130.1</ele>
        <time>2025-07-06T04:08:08Z</time>
      </trkpt>
      <trkpt lat="47.590535" lon="21.13493333">
        <ele>130</ele>
        <time>2025-07-06T04:08:09Z</time>
      </trkpt>
      <trkpt lat="47.59045333" lon="21.13519833">
        <ele>133.1</ele>
        <time>2025-07-06T04:08:10Z</time>
      </trkpt>
      <trkpt lat="47.59038833" lon="21.13547">
        <ele>133.8</ele>
        <time>2025-07-06T04:08:11Z</time>
      </trkpt>
      <trkpt lat="47.59034" lon="21.13571833">
        <ele>134.4</ele>
        <time>2025-07-06T04:08:12Z</time>
      </trkpt>
      <trkpt lat="47.59028667" lon="21.13598667">
        <ele>132.7</ele>
        <time>2025-07-06T04:08:13Z</time>
      </trkpt>
      <trkpt lat="47.59022833" lon="21.136265">
        <ele>131.3</ele>
        <time>2025-07-06T04:08:14Z</time>
      </trkpt>
      <trkpt lat="47.59014333" lon="21.136545">
        <ele>132.5</ele>
        <time>2025-07-06T04:08:15Z</time>
      </trkpt>
      <trkpt lat="47.59007833" lon="21.13681">
        <ele>137.2</ele>
        <time>2025-07-06T04:08:16Z</time>
      </trkpt>
      <trkpt lat="47.59002" lon="21.13705167">
        <ele>141</ele>
        <time>2025-07-06T04:08:17Z</time>
      </trkpt>
      <trkpt lat="47.58996667" lon="21.13732">
        <ele>140.7</ele>
        <time>2025-07-06T04:08:18Z</time>
      </trkpt>
      <trkpt lat="47.58992167" lon="21.13757">
        <ele>140.7</ele>
        <time>2025-07-06T04:08:19Z</time>
      </trkpt>
      <trkpt lat="47.58985833" lon="21.13783333">
        <ele>141</ele>
        <time>2025-07-06T04:08:20Z</time>
      </trkpt>
      <trkpt lat="47.58979" lon="21.1381">
        <ele>140.7</ele>
        <time>2025-07-06T04:08:21Z</time>
      </trkpt>
      <trkpt lat="47.58972333" lon="21.13835667">
        <ele>139.9</ele>
        <time>2025-07-06T04:08:22Z</time>
      </trkpt>
      <trkpt lat="47.58966" lon="21.13862167">
        <ele>139.3</ele>
        <time>2025-07-06T04:08:23Z</time>
      </trkpt>
      <trkpt lat="47.5896" lon="21.13887833">
        <ele>138.6</ele>
        <time>2025-07-06T04:08:24Z</time>
      </trkpt>
      <trkpt lat="47.58954167" lon="21.13914">
        <ele>138.2</ele>
        <time>2025-07-06T04:08:25Z</time>
      </trkpt>
      <trkpt lat="47.58947667" lon="21.13941333">
        <ele>137.7</ele>
        <time>2025-07-06T04:08:26Z</time>
      </trkpt>
      <trkpt lat="47.58941" lon="21.139675">
        <ele>136.9</ele>
        <time>2025-07-06T04:08:27Z</time>
      </trkpt>
      <trkpt lat="47.58934667" lon="21.13995667">
        <ele>136.2</ele>
        <time>2025-07-06T04:08:28Z</time>
      </trkpt>
      <trkpt lat="47.58928833" lon="21.14022333">
        <ele>135.8</ele>
        <time>2025-07-06T04:08:29Z</time>
      </trkpt>
      <trkpt lat="47.58923167" lon="21.14046833">
        <ele>135.3</ele>
        <time>2025-07-06T04:08:30Z</time>
      </trkpt>
      <trkpt lat="47.58917167" lon="21.140715">
        <ele>134.8</ele>
        <time>2025-07-06T04:08:31Z</time>
      </trkpt>
      <trkpt lat="47.58911667" lon="21.14095333">
        <ele>134.4</ele>
        <time>2025-07-06T04:08:32Z</time>
      </trkpt>
      <trkpt lat="47.58906167" lon="21.14118">
        <ele>133.9</ele>
        <time>2025-07-06T04:08:33Z</time>
      </trkpt>
      <trkpt lat="47.58900833" lon="21.14141333">
        <ele>133.5</ele>
        <time>2025-07-06T04:08:34Z</time>
      </trkpt>
      <trkpt lat="47.58896833" lon="21.14165">
        <ele>133</ele>
        <time>2025-07-06T04:08:35Z</time>
      </trkpt>
      <trkpt lat="47.58891833" lon="21.14189167">
        <ele>132.7</ele>
        <time>2025-07-06T04:08:36Z</time>
      </trkpt>
      <trkpt lat="47.58886167" lon="21.14211667">
        <ele>132.3</ele>
        <time>2025-07-06T04:08:37Z</time>
      </trkpt>
      <trkpt lat="47.58880167" lon="21.14235">
        <ele>132.4</ele>
        <time>2025-07-06T04:08:38Z</time>
      </trkpt>
      <trkpt lat="47.58874667" lon="21.14256">
        <ele>132.2</ele>
        <time>2025-07-06T04:08:39Z</time>
      </trkpt>
      <trkpt lat="47.58869" lon="21.142815">
        <ele>131.8</ele>
        <time>2025-07-06T04:08:40Z</time>
      </trkpt>
      <trkpt lat="47.588625" lon="21.14304333">
        <ele>130.7</ele>
        <time>2025-07-06T04:08:41Z</time>
      </trkpt>
      <trkpt lat="47.58856167" lon="21.14326667">
        <ele>129.5</ele>
        <time>2025-07-06T04:08:42Z</time>
      </trkpt>
      <trkpt lat="47.588505" lon="21.14349333">
        <ele>128.2</ele>
        <time>2025-07-06T04:08:43Z</time>
      </trkpt>
      <trkpt lat="47.58846333" lon="21.14371167">
        <ele>127.9</ele>
        <time>2025-07-06T04:08:44Z</time>
      </trkpt>
      <trkpt lat="47.58843167" lon="21.14391833">
        <ele>129.1</ele>
        <time>2025-07-06T04:08:45Z</time>
      </trkpt>
      <trkpt lat="47.58838667" lon="21.144115">
        <ele>128.9</ele>
        <time>2025-07-06T04:08:46Z</time>
      </trkpt>
      <trkpt lat="47.588345" lon="21.14431333">
        <ele>127.5</ele>
        <time>2025-07-06T04:08:47Z</time>
      </trkpt>
      <trkpt lat="47.58832167" lon="21.14448">
        <ele>137.2</ele>
        <time>2025-07-06T04:08:48Z</time>
      </trkpt>
      <trkpt lat="47.58832167" lon="21.14468167">
        <ele>141.9</ele>
        <time>2025-07-06T04:08:49Z</time>
      </trkpt>
      <trkpt lat="47.58831" lon="21.14485667">
        <ele>139</ele>
        <time>2025-07-06T04:08:50Z</time>
      </trkpt>
      <trkpt lat="47.58828667" lon="21.14503667">
        <ele>136.3</ele>
        <time>2025-07-06T04:08:51Z</time>
      </trkpt>
      <trkpt lat="47.58825333" lon="21.1452">
        <ele>136.1</ele>
        <time>2025-07-06T04:08:52Z</time>
      </trkpt>
      <trkpt lat="47.58820333" lon="21.14536833">
        <ele>136.4</ele>
        <time>2025-07-06T04:08:53Z</time>
      </trkpt>
      <trkpt lat="47.58817167" lon="21.14553">
        <ele>133.5</ele>
        <time>2025-07-06T04:08:54Z</time>
      </trkpt>
      <trkpt lat="47.58814833" lon="21.14570833">
        <ele>132.6</ele>
        <time>2025-07-06T04:08:55Z</time>
      </trkpt>
      <trkpt lat="47.588145" lon="21.14587167">
        <ele>132.2</ele>
        <time>2025-07-06T04:08:56Z</time>
      </trkpt>
      <trkpt lat="47.588115" lon="21.14603">
        <ele>131.7</ele>
        <time>2025-07-06T04:08:57Z</time>
      </trkpt>
      <trkpt lat="47.58807667" lon="21.14618833">
        <ele>130.9</ele>
        <time>2025-07-06T04:08:58Z</time>
      </trkpt>
      <trkpt lat="47.588035" lon="21.14634">
        <ele>130.8</ele>
        <time>2025-07-06T04:08:59Z</time>
      </trkpt>
      <trkpt lat="47.588005" lon="21.146495">
        <ele>133.8</ele>
        <time>2025-07-06T04:09:00Z</time>
      </trkpt>
      <trkpt lat="47.58796333" lon="21.146645">
        <ele>135.6</ele>
        <time>2025-07-06T04:09:01Z</time>
      </trkpt>
      <trkpt lat="47.58792333" lon="21.146795">
        <ele>137.3</ele>
        <time>2025-07-06T04:09:02Z</time>
      </trkpt>
      <trkpt lat="47.58788" lon="21.14694833">
        <ele>137.4</ele>
        <time>2025-07-06T04:09:03Z</time>
      </trkpt>
      <trkpt lat="47.587825" lon="21.14712167">
        <ele>137.4</ele>
        <time>2025-07-06T04:09:04Z</time>
      </trkpt>
      <trkpt lat="47.58777167" lon="21.147295">
        <ele>137.2</ele>
        <time>2025-07-06T04:09:05Z</time>
      </trkpt>
      <trkpt lat="47.58772167" lon="21.14746333">
        <ele>137.1</ele>
        <time>2025-07-06T04:09:06Z</time>
      </trkpt>
      <trkpt lat="47.58768667" lon="21.14760833">
        <ele>137</ele>
        <time>2025-07-06T04:09:07Z</time>
      </trkpt>
      <trkpt lat="47.58765167" lon="21.14774833">
        <ele>137.2</ele>
        <time>2025-07-06T04:09:08Z</time>
      </trkpt>
      <trkpt lat="47.58762167" lon="21.14788667">
        <ele>137.3</ele>
        <time>2025-07-06T04:09:09Z</time>
      </trkpt>
      <trkpt lat="47.58756167" lon="21.14810833">
        <ele>137.7</ele>
        <time>2025-07-06T04:09:11Z</time>
      </trkpt>
      <trkpt lat="47.58749833" lon="21.14835333">
        <ele>137.6</ele>
        <time>2025-07-06T04:09:13Z</time>
      </trkpt>
      <trkpt lat="47.587435" lon="21.148605">
        <ele>137.6</ele>
        <time>2025-07-06T04:09:15Z</time>
      </trkpt>
      <trkpt lat="47.58740667" lon="21.14873167">
        <ele>137.4</ele>
        <time>2025-07-06T04:09:16Z</time>
      </trkpt>
      <trkpt lat="47.58735167" lon="21.14896333">
        <ele>137</ele>
        <time>2025-07-06T04:09:18Z</time>
      </trkpt>
      <trkpt lat="47.58729833" lon="21.14921333">
        <ele>137.1</ele>
        <time>2025-07-06T04:09:20Z</time>
      </trkpt>
      <trkpt lat="47.58727667" lon="21.14934833">
        <ele>136.3</ele>
        <time>2025-07-06T04:09:21Z</time>
      </trkpt>
      <trkpt lat="47.58724667" lon="21.14948833">
        <ele>136.2</ele>
        <time>2025-07-06T04:09:22Z</time>
      </trkpt>
      <trkpt lat="47.587215" lon="21.14964167">
        <ele>136.5</ele>
        <time>2025-07-06T04:09:23Z</time>
      </trkpt>
      <trkpt lat="47.58718833" lon="21.14979667">
        <ele>136.4</ele>
        <time>2025-07-06T04:09:24Z</time>
      </trkpt>
      <trkpt lat="47.58715833" lon="21.14995333">
        <ele>135.9</ele>
        <time>2025-07-06T04:09:25Z</time>
      </trkpt>
      <trkpt lat="47.58713333" lon="21.15010333">
        <ele>135.2</ele>
        <time>2025-07-06T04:09:26Z</time>
      </trkpt>
      <trkpt lat="47.58709833" lon="21.15025167">
        <ele>135.3</ele>
        <time>2025-07-06T04:09:27Z</time>
      </trkpt>
      <trkpt lat="47.58705667" lon="21.15041333">
        <ele>134.9</ele>
        <time>2025-07-06T04:09:28Z</time>
      </trkpt>
      <trkpt lat="47.58702333" lon="21.15057333">
        <ele>135.5</ele>
        <time>2025-07-06T04:09:29Z</time>
      </trkpt>
      <trkpt lat="47.58699167" lon="21.15073167">
        <ele>134.8</ele>
        <time>2025-07-06T04:09:30Z</time>
      </trkpt>
      <trkpt lat="47.58694833" lon="21.15091167">
        <ele>134.6</ele>
        <time>2025-07-06T04:09:31Z</time>
      </trkpt>
      <trkpt lat="47.58691833" lon="21.15108833">
        <ele>134.5</ele>
        <time>2025-07-06T04:09:32Z</time>
      </trkpt>
      <trkpt lat="47.58688667" lon="21.151255">
        <ele>134.5</ele>
        <time>2025-07-06T04:09:33Z</time>
      </trkpt>
      <trkpt lat="47.586855" lon="21.151425">
        <ele>134.4</ele>
        <time>2025-07-06T04:09:34Z</time>
      </trkpt>
      <trkpt lat="47.58681167" lon="21.151585">
        <ele>134.4</ele>
        <time>2025-07-06T04:09:35Z</time>
      </trkpt>
      <trkpt lat="47.586785" lon="21.15173833">
        <ele>134.3</ele>
        <time>2025-07-06T04:09:36Z</time>
      </trkpt>
      <trkpt lat="47.58675667" lon="21.15189">
        <ele>134.2</ele>
        <time>2025-07-06T04:09:37Z</time>
      </trkpt>
      <trkpt lat="47.58672333" lon="21.152035">
        <ele>134.1</ele>
        <time>2025-07-06T04:09:38Z</time>
      </trkpt>
      <trkpt lat="47.58667667" lon="21.15218167">
        <ele>133.6</ele>
        <time>2025-07-06T04:09:39Z</time>
      </trkpt>
      <trkpt lat="47.586645" lon="21.15232667">
        <ele>133.7</ele>
        <time>2025-07-06T04:09:40Z</time>
      </trkpt>
      <trkpt lat="47.58660667" lon="21.152465">
        <ele>133.7</ele>
        <time>2025-07-06T04:09:41Z</time>
      </trkpt>
      <trkpt lat="47.58654167" lon="21.15272167">
        <ele>133.7</ele>
        <time>2025-07-06T04:09:43Z</time>
      </trkpt>
      <trkpt lat="47.58647833" lon="21.15296">
        <ele>132.8</ele>
        <time>2025-07-06T04:09:45Z</time>
      </trkpt>
      <trkpt lat="47.58643" lon="21.15318">
        <ele>132.8</ele>
        <time>2025-07-06T04:09:47Z</time>
      </trkpt>
      <trkpt lat="47.58638167" lon="21.15338">
        <ele>133.9</ele>
        <time>2025-07-06T04:09:49Z</time>
      </trkpt>
      <trkpt lat="47.58634833" lon="21.15357667">
        <ele>134.1</ele>
        <time>2025-07-06T04:09:51Z</time>
      </trkpt>
      <trkpt lat="47.58632833" lon="21.15373667">
        <ele>134.8</ele>
        <time>2025-07-06T04:09:53Z</time>
      </trkpt>
      <trkpt lat="47.58630167" lon="21.15391833">
        <ele>139.4</ele>
        <time>2025-07-06T04:09:56Z</time>
      </trkpt>
      <trkpt lat="47.58627333" lon="21.15407">
        <ele>141.5</ele>
        <time>2025-07-06T04:10:00Z</time>
      </trkpt>
      <trkpt lat="47.58618833" lon="21.15412333">
        <ele>133.5</ele>
        <time>2025-07-06T04:10:29Z</time>
      </trkpt>
    </trkseg>
  </trk>
</gpx>