<?xml version='1.0' encoding='UTF-8' standalone='yes' ?>
<gpx xmlns="http://www.topografix.com/GPX/1/1" xmlns:geotracker="http://ilyabogdanovich.com/gpx/extensions/geotracker" xmlns:xsi="http://www.w3.org/2001/XMLSchema-instance" xsi:schemaLocation="http://www.topografix.com/GPX/1/1 http://www.topografix.com/GPX/1/1/gpx.xsd" version="1.1" creator="Recorded in Geo Tracker for Android from Ilya Bogdanovich">
  <metadata>
    <name>t_0711_01</name>
    <author>
      <name>Recorded in Geo Tracker for Android from Ilya Bogdanovich</name>
      <link href="https://play.google.com/store/apps/details?id=com.ilyabogdanovich.geotracker" />
    </author>
    <link href="https://play.google.com/store/apps/details?id=com.ilyabogdanovich.geotracker" />
    <time>2025-07-11T05:58:59Z</time>
  </metadata>
  <wpt lat="48.09864167" lon="20.8106">
    <ele>160.5</ele>
    <time>2025-07-11T06:44:18Z</time>
    <name>Stop for ~2 min</name>
    <desc>Elevation: 161 m
Time from start: 00:45:18
Distance from start: 55,17 km</desc>
    <extensions>
      <geotracker:meta visited="1" />
    </extensions>
  </wpt>
  <trk>
    <name>t_0711_01</name>
    <src>Recorded in Geo Tracker for Android from Ilya Bogdanovich</src>
    <link href="https://play.google.com/store/apps/details?id=com.ilyabogdanovich.geotracker" />
    <extensions>
      <geotracker:meta>
        <geotracker:length>170642.84</geotracker:length>
        <geotracker:duration>7529179</geotracker:duration>
        <geotracker:creationtime>2025-07-11T05:58:59Z</geotracker:creationtime>
        <geotracker:activity>0</geotracker:activity>
      </geotracker:meta>
    </extensions>
    <trkseg>
      <trkpt lat="48.11006667" lon="21.40291833">
        <ele>147.1</ele>
        <time>2025-07-11T05:59:04Z</time>
      </trkpt>
      <trkpt lat="48.10993833" lon="21.40277833">
        <ele>147</ele>
        <time>2025-07-11T05:59:05Z</time>
      </trkpt>
      <trkpt lat="48.10980667" lon="21.40258167">
        <ele>146.8</ele>
        <time>2025-07-11T05:59:06Z</time>
      </trkpt>
      <trkpt lat="48.10968333" lon="21.40241333">
        <ele>146.7</ele>
        <time>2025-07-11T05:59:07Z</time>
      </trkpt>
      <trkpt lat="48.10955" lon="21.40221">
        <ele>146.6</ele>
        <time>2025-07-11T05:59:08Z</time>
      </trkpt>
      <trkpt lat="48.10941833" lon="21.40200667">
        <ele>146.4</ele>
        <time>2025-07-11T05:59:09Z</time>
      </trkpt>
      <trkpt lat="48.10928" lon="21.40178333">
        <ele>146.4</ele>
        <time>2025-07-11T05:59:10Z</time>
      </trkpt>
      <trkpt lat="48.10913667" lon="21.40154333">
        <ele>146.3</ele>
        <time>2025-07-11T05:59:11Z</time>
      </trkpt>
      <trkpt lat="48.108995" lon="21.40129333">
        <ele>146.4</ele>
        <time>2025-07-11T05:59:12Z</time>
      </trkpt>
      <trkpt lat="48.10885333" lon="21.40104833">
        <ele>146.7</ele>
        <time>2025-07-11T05:59:13Z</time>
      </trkpt>
      <trkpt lat="48.10872167" lon="21.40079167">
        <ele>146.4</ele>
        <time>2025-07-11T05:59:14Z</time>
      </trkpt>
      <trkpt lat="48.108595" lon="21.400525">
        <ele>146.7</ele>
        <time>2025-07-11T05:59:15Z</time>
      </trkpt>
      <trkpt lat="48.108455" lon="21.40025167">
        <ele>146.5</ele>
        <time>2025-07-11T05:59:16Z</time>
      </trkpt>
      <trkpt lat="48.10831" lon="21.39995833">
        <ele>147</ele>
        <time>2025-07-11T05:59:17Z</time>
      </trkpt>
      <trkpt lat="48.107915" lon="21.39909333">
        <ele>147.9</ele>
        <time>2025-07-11T05:59:20Z</time>
      </trkpt>
      <trkpt lat="48.10777833" lon="21.39877833">
        <ele>147.6</ele>
        <time>2025-07-11T05:59:21Z</time>
      </trkpt>
      <trkpt lat="48.10764667" lon="21.39846167">
        <ele>147.5</ele>
        <time>2025-07-11T05:59:22Z</time>
      </trkpt>
      <trkpt lat="48.10751667" lon="21.39814833">
        <ele>147.3</ele>
        <time>2025-07-11T05:59:23Z</time>
      </trkpt>
      <trkpt lat="48.10739" lon="21.39782833">
        <ele>146.8</ele>
        <time>2025-07-11T05:59:24Z</time>
      </trkpt>
      <trkpt lat="48.10725" lon="21.39749667">
        <ele>147</ele>
        <time>2025-07-11T05:59:25Z</time>
      </trkpt>
      <trkpt lat="48.10712167" lon="21.39717833">
        <ele>147</ele>
        <time>2025-07-11T05:59:26Z</time>
      </trkpt>
      <trkpt lat="48.10698" lon="21.396845">
        <ele>146.9</ele>
        <time>2025-07-11T05:59:27Z</time>
      </trkpt>
      <trkpt lat="48.10683833" lon="21.39650833">
        <ele>147.2</ele>
        <time>2025-07-11T05:59:28Z</time>
      </trkpt>
      <trkpt lat="48.10669333" lon="21.39616833">
        <ele>146.7</ele>
        <time>2025-07-11T05:59:29Z</time>
      </trkpt>
      <trkpt lat="48.10654667" lon="21.39583">
        <ele>146</ele>
        <time>2025-07-11T05:59:30Z</time>
      </trkpt>
      <trkpt lat="48.1064" lon="21.39549">
        <ele>145.5</ele>
        <time>2025-07-11T05:59:31Z</time>
      </trkpt>
      <trkpt lat="48.10625667" lon="21.39513">
        <ele>145</ele>
        <time>2025-07-11T05:59:32Z</time>
      </trkpt>
      <trkpt lat="48.106095" lon="21.39479167">
        <ele>147.1</ele>
        <time>2025-07-11T05:59:33Z</time>
      </trkpt>
      <trkpt lat="48.10593667" lon="21.39443333">
        <ele>147.9</ele>
        <time>2025-07-11T05:59:34Z</time>
      </trkpt>
      <trkpt lat="48.10577333" lon="21.39407333">
        <ele>148.5</ele>
        <time>2025-07-11T05:59:35Z</time>
      </trkpt>
      <trkpt lat="48.10561" lon="21.39370667">
        <ele>149.1</ele>
        <time>2025-07-11T05:59:36Z</time>
      </trkpt>
      <trkpt lat="48.10545333" lon="21.39334833">
        <ele>149.8</ele>
        <time>2025-07-11T05:59:37Z</time>
      </trkpt>
      <trkpt lat="48.10529333" lon="21.39296833">
        <ele>148.9</ele>
        <time>2025-07-11T05:59:38Z</time>
      </trkpt>
      <trkpt lat="48.10514" lon="21.39258167">
        <ele>148.3</ele>
        <time>2025-07-11T05:59:39Z</time>
      </trkpt>
      <trkpt lat="48.10499833" lon="21.392205">
        <ele>147.9</ele>
        <time>2025-07-11T05:59:40Z</time>
      </trkpt>
      <trkpt lat="48.10486833" lon="21.391815">
        <ele>147.8</ele>
        <time>2025-07-11T05:59:41Z</time>
      </trkpt>
      <trkpt lat="48.10474667" lon="21.391425">
        <ele>147.6</ele>
        <time>2025-07-11T05:59:42Z</time>
      </trkpt>
      <trkpt lat="48.10463167" lon="21.39102833">
        <ele>146.5</ele>
        <time>2025-07-11T05:59:43Z</time>
      </trkpt>
      <trkpt lat="48.10451333" lon="21.39061333">
        <ele>147.8</ele>
        <time>2025-07-11T05:59:44Z</time>
      </trkpt>
      <trkpt lat="48.10441167" lon="21.39018">
        <ele>147.9</ele>
        <time>2025-07-11T05:59:45Z</time>
      </trkpt>
      <trkpt lat="48.1042" lon="21.38889">
        <ele>146.1</ele>
        <time>2025-07-11T05:59:48Z</time>
      </trkpt>
      <trkpt lat="48.10414" lon="21.38845">
        <ele>145.9</ele>
        <time>2025-07-11T05:59:49Z</time>
      </trkpt>
      <trkpt lat="48.10409" lon="21.38800167">
        <ele>145.4</ele>
        <time>2025-07-11T05:59:50Z</time>
      </trkpt>
      <trkpt lat="48.104055" lon="21.38755333">
        <ele>145.6</ele>
        <time>2025-07-11T05:59:51Z</time>
      </trkpt>
      <trkpt lat="48.10401333" lon="21.38711333">
        <ele>146.8</ele>
        <time>2025-07-11T05:59:52Z</time>
      </trkpt>
      <trkpt lat="48.103985" lon="21.38667">
        <ele>147.8</ele>
        <time>2025-07-11T05:59:53Z</time>
      </trkpt>
      <trkpt lat="48.10397167" lon="21.38623167">
        <ele>148.2</ele>
        <time>2025-07-11T05:59:54Z</time>
      </trkpt>
      <trkpt lat="48.10397333" lon="21.38579">
        <ele>148</ele>
        <time>2025-07-11T05:59:55Z</time>
      </trkpt>
      <trkpt lat="48.10397333" lon="21.38534333">
        <ele>147.2</ele>
        <time>2025-07-11T05:59:56Z</time>
      </trkpt>
      <trkpt lat="48.10397833" lon="21.38445667">
        <ele>147.4</ele>
        <time>2025-07-11T05:59:58Z</time>
      </trkpt>
      <trkpt lat="48.10397667" lon="21.38402667">
        <ele>147.9</ele>
        <time>2025-07-11T05:59:59Z</time>
      </trkpt>
      <trkpt lat="48.103965" lon="21.38359333">
        <ele>148.4</ele>
        <time>2025-07-11T06:00:00Z</time>
      </trkpt>
      <trkpt lat="48.103955" lon="21.38316">
        <ele>147.7</ele>
        <time>2025-07-11T06:00:01Z</time>
      </trkpt>
      <trkpt lat="48.10394667" lon="21.38272333">
        <ele>147.9</ele>
        <time>2025-07-11T06:00:02Z</time>
      </trkpt>
      <trkpt lat="48.10394667" lon="21.38229167">
        <ele>148.5</ele>
        <time>2025-07-11T06:00:03Z</time>
      </trkpt>
      <trkpt lat="48.10394333" lon="21.38187167">
        <ele>148.6</ele>
        <time>2025-07-11T06:00:04Z</time>
      </trkpt>
      <trkpt lat="48.10393333" lon="21.38146">
        <ele>148.4</ele>
        <time>2025-07-11T06:00:05Z</time>
      </trkpt>
      <trkpt lat="48.103915" lon="21.38105333">
        <ele>147.8</ele>
        <time>2025-07-11T06:00:06Z</time>
      </trkpt>
      <trkpt lat="48.10390833" lon="21.380645">
        <ele>148.3</ele>
        <time>2025-07-11T06:00:07Z</time>
      </trkpt>
      <trkpt lat="48.10390167" lon="21.38025167">
        <ele>147.4</ele>
        <time>2025-07-11T06:00:08Z</time>
      </trkpt>
      <trkpt lat="48.10390333" lon="21.37986">
        <ele>147.2</ele>
        <time>2025-07-11T06:00:09Z</time>
      </trkpt>
      <trkpt lat="48.10389833" lon="21.37947333">
        <ele>147</ele>
        <time>2025-07-11T06:00:10Z</time>
      </trkpt>
      <trkpt lat="48.10388667" lon="21.37908333">
        <ele>146.9</ele>
        <time>2025-07-11T06:00:11Z</time>
      </trkpt>
      <trkpt lat="48.103875" lon="21.37870167">
        <ele>147.1</ele>
        <time>2025-07-11T06:00:12Z</time>
      </trkpt>
      <trkpt lat="48.10386667" lon="21.37831833">
        <ele>147.7</ele>
        <time>2025-07-11T06:00:13Z</time>
      </trkpt>
      <trkpt lat="48.10385667" lon="21.37794667">
        <ele>147.7</ele>
        <time>2025-07-11T06:00:14Z</time>
      </trkpt>
      <trkpt lat="48.103845" lon="21.37757333">
        <ele>148.3</ele>
        <time>2025-07-11T06:00:15Z</time>
      </trkpt>
      <trkpt lat="48.10383333" lon="21.3772">
        <ele>148.7</ele>
        <time>2025-07-11T06:00:16Z</time>
      </trkpt>
      <trkpt lat="48.103825" lon="21.37682167">
        <ele>149</ele>
        <time>2025-07-11T06:00:17Z</time>
      </trkpt>
      <trkpt lat="48.10382" lon="21.376445">
        <ele>149.6</ele>
        <time>2025-07-11T06:00:18Z</time>
      </trkpt>
      <trkpt lat="48.10383" lon="21.37608">
        <ele>149.6</ele>
        <time>2025-07-11T06:00:19Z</time>
      </trkpt>
      <trkpt lat="48.10384167" lon="21.37571167">
        <ele>150.3</ele>
        <time>2025-07-11T06:00:20Z</time>
      </trkpt>
      <trkpt lat="48.103855" lon="21.37534167">
        <ele>151</ele>
        <time>2025-07-11T06:00:21Z</time>
      </trkpt>
      <trkpt lat="48.10388" lon="21.37496833">
        <ele>150.6</ele>
        <time>2025-07-11T06:00:22Z</time>
      </trkpt>
      <trkpt lat="48.10390167" lon="21.37459833">
        <ele>149.7</ele>
        <time>2025-07-11T06:00:23Z</time>
      </trkpt>
      <trkpt lat="48.10393" lon="21.37423">
        <ele>149.1</ele>
        <time>2025-07-11T06:00:24Z</time>
      </trkpt>
      <trkpt lat="48.10396333" lon="21.37386">
        <ele>147.8</ele>
        <time>2025-07-11T06:00:25Z</time>
      </trkpt>
      <trkpt lat="48.10400333" lon="21.373495">
        <ele>147.7</ele>
        <time>2025-07-11T06:00:26Z</time>
      </trkpt>
      <trkpt lat="48.10404" lon="21.37313">
        <ele>148.6</ele>
        <time>2025-07-11T06:00:27Z</time>
      </trkpt>
      <trkpt lat="48.10409333" lon="21.372765">
        <ele>149.3</ele>
        <time>2025-07-11T06:00:28Z</time>
      </trkpt>
      <trkpt lat="48.104145" lon="21.37240667">
        <ele>148.9</ele>
        <time>2025-07-11T06:00:29Z</time>
      </trkpt>
      <trkpt lat="48.10420833" lon="21.372055">
        <ele>148.4</ele>
        <time>2025-07-11T06:00:30Z</time>
      </trkpt>
      <trkpt lat="48.10428" lon="21.37168833">
        <ele>147.6</ele>
        <time>2025-07-11T06:00:31Z</time>
      </trkpt>
      <trkpt lat="48.10434833" lon="21.37132667">
        <ele>147.3</ele>
        <time>2025-07-11T06:00:32Z</time>
      </trkpt>
      <trkpt lat="48.10441833" lon="21.37096">
        <ele>147.2</ele>
        <time>2025-07-11T06:00:33Z</time>
      </trkpt>
      <trkpt lat="48.10449167" lon="21.37059833">
        <ele>147.6</ele>
        <time>2025-07-11T06:00:34Z</time>
      </trkpt>
      <trkpt lat="48.10457667" lon="21.37023833">
        <ele>148.4</ele>
        <time>2025-07-11T06:00:35Z</time>
      </trkpt>
      <trkpt lat="48.10466833" lon="21.369875">
        <ele>148.6</ele>
        <time>2025-07-11T06:00:36Z</time>
      </trkpt>
      <trkpt lat="48.10476167" lon="21.36950667">
        <ele>149.3</ele>
        <time>2025-07-11T06:00:37Z</time>
      </trkpt>
      <trkpt lat="48.104855" lon="21.36912833">
        <ele>148.9</ele>
        <time>2025-07-11T06:00:38Z</time>
      </trkpt>
      <trkpt lat="48.10495833" lon="21.36875667">
        <ele>149</ele>
        <time>2025-07-11T06:00:39Z</time>
      </trkpt>
      <trkpt lat="48.10507" lon="21.36838167">
        <ele>147.3</ele>
        <time>2025-07-11T06:00:40Z</time>
      </trkpt>
      <trkpt lat="48.10516" lon="21.368005">
        <ele>146.7</ele>
        <time>2025-07-11T06:00:41Z</time>
      </trkpt>
      <trkpt lat="48.10525667" lon="21.36762333">
        <ele>146.7</ele>
        <time>2025-07-11T06:00:42Z</time>
      </trkpt>
      <trkpt lat="48.10537" lon="21.36723667">
        <ele>145.1</ele>
        <time>2025-07-11T06:00:43Z</time>
      </trkpt>
      <trkpt lat="48.10547167" lon="21.36684667">
        <ele>146.2</ele>
        <time>2025-07-11T06:00:44Z</time>
      </trkpt>
      <trkpt lat="48.10558333" lon="21.36645667">
        <ele>145.8</ele>
        <time>2025-07-11T06:00:45Z</time>
      </trkpt>
      <trkpt lat="48.10569167" lon="21.36606667">
        <ele>145.2</ele>
        <time>2025-07-11T06:00:46Z</time>
      </trkpt>
      <trkpt lat="48.10579" lon="21.36567167">
        <ele>145.6</ele>
        <time>2025-07-11T06:00:47Z</time>
      </trkpt>
      <trkpt lat="48.10588833" lon="21.36527">
        <ele>146.1</ele>
        <time>2025-07-11T06:00:48Z</time>
      </trkpt>
      <trkpt lat="48.10598167" lon="21.36486167">
        <ele>146.3</ele>
        <time>2025-07-11T06:00:49Z</time>
      </trkpt>
      <trkpt lat="48.10609667" lon="21.36444833">
        <ele>146.8</ele>
        <time>2025-07-11T06:00:50Z</time>
      </trkpt>
      <trkpt lat="48.10620833" lon="21.36404167">
        <ele>146.9</ele>
        <time>2025-07-11T06:00:51Z</time>
      </trkpt>
      <trkpt lat="48.10631833" lon="21.36363333">
        <ele>146.4</ele>
        <time>2025-07-11T06:00:52Z</time>
      </trkpt>
      <trkpt lat="48.10643833" lon="21.36322333">
        <ele>145.4</ele>
        <time>2025-07-11T06:00:53Z</time>
      </trkpt>
      <trkpt lat="48.10654" lon="21.36280667">
        <ele>145.6</ele>
        <time>2025-07-11T06:00:54Z</time>
      </trkpt>
      <trkpt lat="48.10665167" lon="21.36239167">
        <ele>145.5</ele>
        <time>2025-07-11T06:00:55Z</time>
      </trkpt>
      <trkpt lat="48.10675" lon="21.361975">
        <ele>145.1</ele>
        <time>2025-07-11T06:00:56Z</time>
      </trkpt>
      <trkpt lat="48.10686" lon="21.36155333">
        <ele>145.2</ele>
        <time>2025-07-11T06:00:57Z</time>
      </trkpt>
      <trkpt lat="48.10698167" lon="21.36115667">
        <ele>144.6</ele>
        <time>2025-07-11T06:00:58Z</time>
      </trkpt>
      <trkpt lat="48.10710333" lon="21.360755">
        <ele>144.9</ele>
        <time>2025-07-11T06:00:59Z</time>
      </trkpt>
      <trkpt lat="48.10722333" lon="21.36035167">
        <ele>144.3</ele>
        <time>2025-07-11T06:01:00Z</time>
      </trkpt>
      <trkpt lat="48.10735667" lon="21.35997833">
        <ele>143.6</ele>
        <time>2025-07-11T06:01:01Z</time>
      </trkpt>
      <trkpt lat="48.10750167" lon="21.35958833">
        <ele>143.4</ele>
        <time>2025-07-11T06:01:02Z</time>
      </trkpt>
      <trkpt lat="48.10766" lon="21.359215">
        <ele>142.8</ele>
        <time>2025-07-11T06:01:03Z</time>
      </trkpt>
      <trkpt lat="48.10784167" lon="21.358835">
        <ele>142.2</ele>
        <time>2025-07-11T06:01:04Z</time>
      </trkpt>
      <trkpt lat="48.10801333" lon="21.35847">
        <ele>142.2</ele>
        <time>2025-07-11T06:01:05Z</time>
      </trkpt>
      <trkpt lat="48.10820333" lon="21.35811">
        <ele>143.3</ele>
        <time>2025-07-11T06:01:06Z</time>
      </trkpt>
      <trkpt lat="48.10839167" lon="21.35775333">
        <ele>143.5</ele>
        <time>2025-07-11T06:01:07Z</time>
      </trkpt>
      <trkpt lat="48.1086" lon="21.35742667">
        <ele>143.3</ele>
        <time>2025-07-11T06:01:08Z</time>
      </trkpt>
      <trkpt lat="48.10879833" lon="21.35710667">
        <ele>143.3</ele>
        <time>2025-07-11T06:01:09Z</time>
      </trkpt>
      <trkpt lat="48.10899667" lon="21.35679333">
        <ele>143.6</ele>
        <time>2025-07-11T06:01:10Z</time>
      </trkpt>
      <trkpt lat="48.10921333" lon="21.35649">
        <ele>144</ele>
        <time>2025-07-11T06:01:11Z</time>
      </trkpt>
      <trkpt lat="48.10943667" lon="21.35619167">
        <ele>143.9</ele>
        <time>2025-07-11T06:01:12Z</time>
      </trkpt>
      <trkpt lat="48.10967" lon="21.35590333">
        <ele>144.9</ele>
        <time>2025-07-11T06:01:13Z</time>
      </trkpt>
      <trkpt lat="48.10991167" lon="21.35563667">
        <ele>143.2</ele>
        <time>2025-07-11T06:01:14Z</time>
      </trkpt>
      <trkpt lat="48.11014" lon="21.35537333">
        <ele>143.6</ele>
        <time>2025-07-11T06:01:15Z</time>
      </trkpt>
      <trkpt lat="48.11036833" lon="21.35512">
        <ele>143.2</ele>
        <time>2025-07-11T06:01:16Z</time>
      </trkpt>
      <trkpt lat="48.110615" lon="21.35487167">
        <ele>141.1</ele>
        <time>2025-07-11T06:01:17Z</time>
      </trkpt>
      <trkpt lat="48.11086667" lon="21.35461833">
        <ele>140.4</ele>
        <time>2025-07-11T06:01:18Z</time>
      </trkpt>
      <trkpt lat="48.11110833" lon="21.35436333">
        <ele>139.2</ele>
        <time>2025-07-11T06:01:19Z</time>
      </trkpt>
      <trkpt lat="48.11135667" lon="21.35410833">
        <ele>139</ele>
        <time>2025-07-11T06:01:20Z</time>
      </trkpt>
      <trkpt lat="48.111595" lon="21.35385833">
        <ele>137.3</ele>
        <time>2025-07-11T06:01:21Z</time>
      </trkpt>
      <trkpt lat="48.111835" lon="21.35361167">
        <ele>137</ele>
        <time>2025-07-11T06:01:22Z</time>
      </trkpt>
      <trkpt lat="48.11207333" lon="21.35336667">
        <ele>136.1</ele>
        <time>2025-07-11T06:01:23Z</time>
      </trkpt>
      <trkpt lat="48.1123" lon="21.35312167">
        <ele>136.5</ele>
        <time>2025-07-11T06:01:24Z</time>
      </trkpt>
      <trkpt lat="48.11253" lon="21.352885">
        <ele>137.8</ele>
        <time>2025-07-11T06:01:25Z</time>
      </trkpt>
      <trkpt lat="48.11275167" lon="21.35267667">
        <ele>136.7</ele>
        <time>2025-07-11T06:01:26Z</time>
      </trkpt>
      <trkpt lat="48.11295667" lon="21.35245">
        <ele>137.3</ele>
        <time>2025-07-11T06:01:27Z</time>
      </trkpt>
      <trkpt lat="48.11316333" lon="21.352225">
        <ele>138.7</ele>
        <time>2025-07-11T06:01:28Z</time>
      </trkpt>
      <trkpt lat="48.11337667" lon="21.352005">
        <ele>138.9</ele>
        <time>2025-07-11T06:01:29Z</time>
      </trkpt>
      <trkpt lat="48.11357667" lon="21.351785">
        <ele>140.5</ele>
        <time>2025-07-11T06:01:30Z</time>
      </trkpt>
      <trkpt lat="48.11377333" lon="21.351585">
        <ele>138.6</ele>
        <time>2025-07-11T06:01:31Z</time>
      </trkpt>
      <trkpt lat="48.11396667" lon="21.351385">
        <ele>138.5</ele>
        <time>2025-07-11T06:01:32Z</time>
      </trkpt>
      <trkpt lat="48.11415333" lon="21.35119">
        <ele>139.2</ele>
        <time>2025-07-11T06:01:33Z</time>
      </trkpt>
      <trkpt lat="48.114345" lon="21.351">
        <ele>140</ele>
        <time>2025-07-11T06:01:34Z</time>
      </trkpt>
      <trkpt lat="48.11452" lon="21.350805">
        <ele>139.7</ele>
        <time>2025-07-11T06:01:35Z</time>
      </trkpt>
      <trkpt lat="48.114695" lon="21.35061">
        <ele>140.3</ele>
        <time>2025-07-11T06:01:36Z</time>
      </trkpt>
      <trkpt lat="48.11487167" lon="21.35042833">
        <ele>140.5</ele>
        <time>2025-07-11T06:01:37Z</time>
      </trkpt>
      <trkpt lat="48.11503667" lon="21.35025333">
        <ele>140.8</ele>
        <time>2025-07-11T06:01:38Z</time>
      </trkpt>
      <trkpt lat="48.11520167" lon="21.35008167">
        <ele>140.9</ele>
        <time>2025-07-11T06:01:39Z</time>
      </trkpt>
      <trkpt lat="48.11535667" lon="21.34991667">
        <ele>140.8</ele>
        <time>2025-07-11T06:01:40Z</time>
      </trkpt>
      <trkpt lat="48.11550833" lon="21.349755">
        <ele>139.4</ele>
        <time>2025-07-11T06:01:41Z</time>
      </trkpt>
      <trkpt lat="48.11565" lon="21.3496">
        <ele>139.1</ele>
        <time>2025-07-11T06:01:42Z</time>
      </trkpt>
      <trkpt lat="48.11579" lon="21.34945">
        <ele>138.5</ele>
        <time>2025-07-11T06:01:43Z</time>
      </trkpt>
      <trkpt lat="48.11593167" lon="21.349315">
        <ele>137.9</ele>
        <time>2025-07-11T06:01:44Z</time>
      </trkpt>
      <trkpt lat="48.11608667" lon="21.34916">
        <ele>138</ele>
        <time>2025-07-11T06:01:45Z</time>
      </trkpt>
      <trkpt lat="48.11622333" lon="21.349005">
        <ele>138.3</ele>
        <time>2025-07-11T06:01:46Z</time>
      </trkpt>
      <trkpt lat="48.11635" lon="21.34885833">
        <ele>138.2</ele>
        <time>2025-07-11T06:01:47Z</time>
      </trkpt>
      <trkpt lat="48.11647333" lon="21.34873833">
        <ele>138.8</ele>
        <time>2025-07-11T06:01:48Z</time>
      </trkpt>
      <trkpt lat="48.11658833" lon="21.34861333">
        <ele>139.4</ele>
        <time>2025-07-11T06:01:49Z</time>
      </trkpt>
      <trkpt lat="48.11668667" lon="21.34851167">
        <ele>141</ele>
        <time>2025-07-11T06:01:50Z</time>
      </trkpt>
      <trkpt lat="48.11679167" lon="21.34840833">
        <ele>141.3</ele>
        <time>2025-07-11T06:01:51Z</time>
      </trkpt>
      <trkpt lat="48.11689667" lon="21.34830167">
        <ele>141.1</ele>
        <time>2025-07-11T06:01:52Z</time>
      </trkpt>
      <trkpt lat="48.11699167" lon="21.34819833">
        <ele>140.3</ele>
        <time>2025-07-11T06:01:53Z</time>
      </trkpt>
      <trkpt lat="48.11707833" lon="21.34810167">
        <ele>139.5</ele>
        <time>2025-07-11T06:01:54Z</time>
      </trkpt>
      <trkpt lat="48.117165" lon="21.34800833">
        <ele>139.1</ele>
        <time>2025-07-11T06:01:55Z</time>
      </trkpt>
      <trkpt lat="48.11724833" lon="21.34792667">
        <ele>138.7</ele>
        <time>2025-07-11T06:01:56Z</time>
      </trkpt>
      <trkpt lat="48.11733" lon="21.34784333">
        <ele>137.6</ele>
        <time>2025-07-11T06:01:57Z</time>
      </trkpt>
      <trkpt lat="48.11741333" lon="21.34775333">
        <ele>136.6</ele>
        <time>2025-07-11T06:01:58Z</time>
      </trkpt>
      <trkpt lat="48.11749667" lon="21.34767">
        <ele>135.3</ele>
        <time>2025-07-11T06:01:59Z</time>
      </trkpt>
      <trkpt lat="48.11756667" lon="21.34758">
        <ele>134.3</ele>
        <time>2025-07-11T06:02:00Z</time>
      </trkpt>
      <trkpt lat="48.1177" lon="21.34741167">
        <ele>133</ele>
        <time>2025-07-11T06:02:02Z</time>
      </trkpt>
      <trkpt lat="48.11784333" lon="21.34723667">
        <ele>132.5</ele>
        <time>2025-07-11T06:02:04Z</time>
      </trkpt>
      <trkpt lat="48.11791833" lon="21.34715333">
        <ele>132.7</ele>
        <time>2025-07-11T06:02:05Z</time>
      </trkpt>
      <trkpt lat="48.11799" lon="21.34706833">
        <ele>132.4</ele>
        <time>2025-07-11T06:02:06Z</time>
      </trkpt>
      <trkpt lat="48.11806667" lon="21.346995">
        <ele>132.2</ele>
        <time>2025-07-11T06:02:07Z</time>
      </trkpt>
      <trkpt lat="48.118215" lon="21.34684">
        <ele>132.9</ele>
        <time>2025-07-11T06:02:09Z</time>
      </trkpt>
      <trkpt lat="48.11829" lon="21.34676167">
        <ele>133</ele>
        <time>2025-07-11T06:02:10Z</time>
      </trkpt>
      <trkpt lat="48.11836667" lon="21.346685">
        <ele>133.6</ele>
        <time>2025-07-11T06:02:11Z</time>
      </trkpt>
      <trkpt lat="48.11850667" lon="21.34653167">
        <ele>133.7</ele>
        <time>2025-07-11T06:02:13Z</time>
      </trkpt>
      <trkpt lat="48.11858" lon="21.34645167">
        <ele>133.7</ele>
        <time>2025-07-11T06:02:14Z</time>
      </trkpt>
      <trkpt lat="48.118655" lon="21.34637167">
        <ele>134</ele>
        <time>2025-07-11T06:02:15Z</time>
      </trkpt>
      <trkpt lat="48.11873167" lon="21.346295">
        <ele>134.3</ele>
        <time>2025-07-11T06:02:16Z</time>
      </trkpt>
      <trkpt lat="48.11880667" lon="21.34621167">
        <ele>134.1</ele>
        <time>2025-07-11T06:02:17Z</time>
      </trkpt>
      <trkpt lat="48.11888667" lon="21.34615">
        <ele>134.1</ele>
        <time>2025-07-11T06:02:18Z</time>
      </trkpt>
      <trkpt lat="48.118965" lon="21.34607833">
        <ele>134.2</ele>
        <time>2025-07-11T06:02:19Z</time>
      </trkpt>
      <trkpt lat="48.11904667" lon="21.34600333">
        <ele>134.4</ele>
        <time>2025-07-11T06:02:20Z</time>
      </trkpt>
      <trkpt lat="48.11913167" lon="21.34593">
        <ele>134.3</ele>
        <time>2025-07-11T06:02:21Z</time>
      </trkpt>
      <trkpt lat="48.11922" lon="21.34586833">
        <ele>133.8</ele>
        <time>2025-07-11T06:02:22Z</time>
      </trkpt>
      <trkpt lat="48.11930167" lon="21.34581167">
        <ele>133.3</ele>
        <time>2025-07-11T06:02:23Z</time>
      </trkpt>
      <trkpt lat="48.11937667" lon="21.34573667">
        <ele>133.8</ele>
        <time>2025-07-11T06:02:24Z</time>
      </trkpt>
      <trkpt lat="48.11945333" lon="21.34565333">
        <ele>133.6</ele>
        <time>2025-07-11T06:02:25Z</time>
      </trkpt>
      <trkpt lat="48.11953333" lon="21.34556833">
        <ele>132.9</ele>
        <time>2025-07-11T06:02:26Z</time>
      </trkpt>
      <trkpt lat="48.11960667" lon="21.34548333">
        <ele>133.4</ele>
        <time>2025-07-11T06:02:27Z</time>
      </trkpt>
      <trkpt lat="48.11968167" lon="21.34540667">
        <ele>133</ele>
        <time>2025-07-11T06:02:28Z</time>
      </trkpt>
      <trkpt lat="48.11975667" lon="21.34532667">
        <ele>132.7</ele>
        <time>2025-07-11T06:02:29Z</time>
      </trkpt>
      <trkpt lat="48.11983333" lon="21.34525">
        <ele>132.8</ele>
        <time>2025-07-11T06:02:30Z</time>
      </trkpt>
      <trkpt lat="48.11990667" lon="21.34517167">
        <ele>132.5</ele>
        <time>2025-07-11T06:02:31Z</time>
      </trkpt>
      <trkpt lat="48.11998167" lon="21.345095">
        <ele>132.1</ele>
        <time>2025-07-11T06:02:32Z</time>
      </trkpt>
      <trkpt lat="48.12013" lon="21.34493833">
        <ele>132.9</ele>
        <time>2025-07-11T06:02:34Z</time>
      </trkpt>
      <trkpt lat="48.120285" lon="21.34479667">
        <ele>134.3</ele>
        <time>2025-07-11T06:02:36Z</time>
      </trkpt>
      <trkpt lat="48.12036167" lon="21.34472167">
        <ele>135</ele>
        <time>2025-07-11T06:02:37Z</time>
      </trkpt>
      <trkpt lat="48.12044" lon="21.344655">
        <ele>135.2</ele>
        <time>2025-07-11T06:02:38Z</time>
      </trkpt>
      <trkpt lat="48.12058667" lon="21.34450667">
        <ele>134.7</ele>
        <time>2025-07-11T06:02:40Z</time>
      </trkpt>
      <trkpt lat="48.12066333" lon="21.34443">
        <ele>135</ele>
        <time>2025-07-11T06:02:41Z</time>
      </trkpt>
      <trkpt lat="48.12073833" lon="21.34435333">
        <ele>135.6</ele>
        <time>2025-07-11T06:02:42Z</time>
      </trkpt>
      <trkpt lat="48.12087833" lon="21.34419667">
        <ele>135.7</ele>
        <time>2025-07-11T06:02:44Z</time>
      </trkpt>
      <trkpt lat="48.12102333" lon="21.34404333">
        <ele>135.4</ele>
        <time>2025-07-11T06:02:46Z</time>
      </trkpt>
      <trkpt lat="48.1211" lon="21.34396667">
        <ele>135.7</ele>
        <time>2025-07-11T06:02:47Z</time>
      </trkpt>
      <trkpt lat="48.12117667" lon="21.34389333">
        <ele>135.7</ele>
        <time>2025-07-11T06:02:48Z</time>
      </trkpt>
      <trkpt lat="48.12132" lon="21.34374167">
        <ele>135.3</ele>
        <time>2025-07-11T06:02:50Z</time>
      </trkpt>
      <trkpt lat="48.12145833" lon="21.34359333">
        <ele>135.2</ele>
        <time>2025-07-11T06:02:52Z</time>
      </trkpt>
      <trkpt lat="48.12160333" lon="21.34345">
        <ele>135.2</ele>
        <time>2025-07-11T06:02:54Z</time>
      </trkpt>
      <trkpt lat="48.12168333" lon="21.343375">
        <ele>135.3</ele>
        <time>2025-07-11T06:02:55Z</time>
      </trkpt>
      <trkpt lat="48.121825" lon="21.34322667">
        <ele>136.6</ele>
        <time>2025-07-11T06:02:57Z</time>
      </trkpt>
      <trkpt lat="48.1219" lon="21.343145">
        <ele>136.8</ele>
        <time>2025-07-11T06:02:58Z</time>
      </trkpt>
      <trkpt lat="48.121975" lon="21.34307">
        <ele>136.9</ele>
        <time>2025-07-11T06:02:59Z</time>
      </trkpt>
      <trkpt lat="48.122125" lon="21.34291833">
        <ele>137.5</ele>
        <time>2025-07-11T06:03:01Z</time>
      </trkpt>
      <trkpt lat="48.12220167" lon="21.34284">
        <ele>137.8</ele>
        <time>2025-07-11T06:03:02Z</time>
      </trkpt>
      <trkpt lat="48.12227667" lon="21.342765">
        <ele>137.9</ele>
        <time>2025-07-11T06:03:03Z</time>
      </trkpt>
      <trkpt lat="48.12242667" lon="21.34261333">
        <ele>136.7</ele>
        <time>2025-07-11T06:03:05Z</time>
      </trkpt>
      <trkpt lat="48.12250167" lon="21.34253833">
        <ele>137.2</ele>
        <time>2025-07-11T06:03:06Z</time>
      </trkpt>
      <trkpt lat="48.12263833" lon="21.34239333">
        <ele>137.9</ele>
        <time>2025-07-11T06:03:08Z</time>
      </trkpt>
      <trkpt lat="48.12276667" lon="21.34224">
        <ele>139.9</ele>
        <time>2025-07-11T06:03:10Z</time>
      </trkpt>
      <trkpt lat="48.12288667" lon="21.34211333">
        <ele>138.9</ele>
        <time>2025-07-11T06:03:12Z</time>
      </trkpt>
      <trkpt lat="48.122995" lon="21.34199333">
        <ele>138.1</ele>
        <time>2025-07-11T06:03:14Z</time>
      </trkpt>
      <trkpt lat="48.12310167" lon="21.34188333">
        <ele>136.8</ele>
        <time>2025-07-11T06:03:16Z</time>
      </trkpt>
      <trkpt lat="48.12319" lon="21.34179667">
        <ele>135.7</ele>
        <time>2025-07-11T06:03:18Z</time>
      </trkpt>
      <trkpt lat="48.12327" lon="21.34171">
        <ele>135</ele>
        <time>2025-07-11T06:03:20Z</time>
      </trkpt>
      <trkpt lat="48.12336833" lon="21.341605">
        <ele>134.9</ele>
        <time>2025-07-11T06:03:23Z</time>
      </trkpt>
      <trkpt lat="48.12346833" lon="21.34149167">
        <ele>134.3</ele>
        <time>2025-07-11T06:03:36Z</time>
      </trkpt>
      <trkpt lat="48.123555" lon="21.34140167">
        <ele>133.4</ele>
        <time>2025-07-11T06:03:38Z</time>
      </trkpt>
      <trkpt lat="48.12365667" lon="21.34131167">
        <ele>132.1</ele>
        <time>2025-07-11T06:03:40Z</time>
      </trkpt>
      <trkpt lat="48.12373333" lon="21.34124">
        <ele>132.4</ele>
        <time>2025-07-11T06:03:42Z</time>
      </trkpt>
      <trkpt lat="48.123805" lon="21.34114667">
        <ele>132.8</ele>
        <time>2025-07-11T06:03:48Z</time>
      </trkpt>
      <trkpt lat="48.12390833" lon="21.34104833">
        <ele>134.2</ele>
        <time>2025-07-11T06:03:51Z</time>
      </trkpt>
      <trkpt lat="48.12401333" lon="21.34096167">
        <ele>136.5</ele>
        <time>2025-07-11T06:03:55Z</time>
      </trkpt>
      <trkpt lat="48.12410833" lon="21.34085167">
        <ele>137.5</ele>
        <time>2025-07-11T06:04:19Z</time>
      </trkpt>
      <trkpt lat="48.12422833" lon="21.340735">
        <ele>136.8</ele>
        <time>2025-07-11T06:05:02Z</time>
      </trkpt>
      <trkpt lat="48.124315" lon="21.34067167">
        <ele>137.7</ele>
        <time>2025-07-11T06:06:39Z</time>
      </trkpt>
      <trkpt lat="48.12457833" lon="21.34039667">
        <ele>137.6</ele>
        <time>2025-07-11T06:06:46Z</time>
      </trkpt>
      <trkpt lat="48.12466" lon="21.34032833">
        <ele>138.3</ele>
        <time>2025-07-11T06:06:47Z</time>
      </trkpt>
      <trkpt lat="48.12481333" lon="21.3402">
        <ele>139.3</ele>
        <time>2025-07-11T06:06:49Z</time>
      </trkpt>
      <trkpt lat="48.12496167" lon="21.34005167">
        <ele>139.6</ele>
        <time>2025-07-11T06:06:51Z</time>
      </trkpt>
      <trkpt lat="48.12511167" lon="21.33990833">
        <ele>139.9</ele>
        <time>2025-07-11T06:06:53Z</time>
      </trkpt>
      <trkpt lat="48.12526" lon="21.339755">
        <ele>141.3</ele>
        <time>2025-07-11T06:06:55Z</time>
      </trkpt>
      <trkpt lat="48.12540667" lon="21.33961333">
        <ele>141.9</ele>
        <time>2025-07-11T06:06:57Z</time>
      </trkpt>
      <trkpt lat="48.12556333" lon="21.33947">
        <ele>142.7</ele>
        <time>2025-07-11T06:06:59Z</time>
      </trkpt>
      <trkpt lat="48.12571167" lon="21.33933333">
        <ele>144.7</ele>
        <time>2025-07-11T06:07:01Z</time>
      </trkpt>
      <trkpt lat="48.12586333" lon="21.33921333">
        <ele>144.8</ele>
        <time>2025-07-11T06:07:03Z</time>
      </trkpt>
      <trkpt lat="48.12601" lon="21.33908333">
        <ele>145.2</ele>
        <time>2025-07-11T06:07:05Z</time>
      </trkpt>
      <trkpt lat="48.12615333" lon="21.33894">
        <ele>144.1</ele>
        <time>2025-07-11T06:07:07Z</time>
      </trkpt>
      <trkpt lat="48.12623167" lon="21.33886667">
        <ele>143.9</ele>
        <time>2025-07-11T06:07:08Z</time>
      </trkpt>
      <trkpt lat="48.12630667" lon="21.33878667">
        <ele>143.8</ele>
        <time>2025-07-11T06:07:09Z</time>
      </trkpt>
      <trkpt lat="48.12638167" lon="21.33869833">
        <ele>143.7</ele>
        <time>2025-07-11T06:07:10Z</time>
      </trkpt>
      <trkpt lat="48.12651833" lon="21.33854167">
        <ele>143.6</ele>
        <time>2025-07-11T06:07:12Z</time>
      </trkpt>
      <trkpt lat="48.12665167" lon="21.33837667">
        <ele>144.1</ele>
        <time>2025-07-11T06:07:14Z</time>
      </trkpt>
      <trkpt lat="48.12678333" lon="21.33821333">
        <ele>142.4</ele>
        <time>2025-07-11T06:07:16Z</time>
      </trkpt>
      <trkpt lat="48.12692667" lon="21.33808833">
        <ele>142.2</ele>
        <time>2025-07-11T06:07:18Z</time>
      </trkpt>
      <trkpt lat="48.12707333" lon="21.33796333">
        <ele>143.2</ele>
        <time>2025-07-11T06:07:20Z</time>
      </trkpt>
      <trkpt lat="48.127215" lon="21.33783167">
        <ele>143.7</ele>
        <time>2025-07-11T06:07:22Z</time>
      </trkpt>
      <trkpt lat="48.12735167" lon="21.33770167">
        <ele>145.1</ele>
        <time>2025-07-11T06:07:24Z</time>
      </trkpt>
      <trkpt lat="48.1275" lon="21.33755833">
        <ele>145.1</ele>
        <time>2025-07-11T06:07:26Z</time>
      </trkpt>
      <trkpt lat="48.12758167" lon="21.33749167">
        <ele>145.3</ele>
        <time>2025-07-11T06:07:27Z</time>
      </trkpt>
      <trkpt lat="48.12773333" lon="21.33735333">
        <ele>144.3</ele>
        <time>2025-07-11T06:07:29Z</time>
      </trkpt>
      <trkpt lat="48.12781333" lon="21.33727667">
        <ele>143.8</ele>
        <time>2025-07-11T06:07:30Z</time>
      </trkpt>
      <trkpt lat="48.12789" lon="21.33719833">
        <ele>143.9</ele>
        <time>2025-07-11T06:07:31Z</time>
      </trkpt>
      <trkpt lat="48.12796833" lon="21.33711667">
        <ele>144</ele>
        <time>2025-07-11T06:07:32Z</time>
      </trkpt>
      <trkpt lat="48.128045" lon="21.33703833">
        <ele>144.6</ele>
        <time>2025-07-11T06:07:33Z</time>
      </trkpt>
      <trkpt lat="48.12812667" lon="21.33696667">
        <ele>144.9</ele>
        <time>2025-07-11T06:07:34Z</time>
      </trkpt>
      <trkpt lat="48.12821167" lon="21.3369">
        <ele>144.3</ele>
        <time>2025-07-11T06:07:35Z</time>
      </trkpt>
      <trkpt lat="48.12830167" lon="21.33682">
        <ele>143.8</ele>
        <time>2025-07-11T06:07:36Z</time>
      </trkpt>
      <trkpt lat="48.12838667" lon="21.33673333">
        <ele>144.1</ele>
        <time>2025-07-11T06:07:37Z</time>
      </trkpt>
      <trkpt lat="48.12848" lon="21.33664667">
        <ele>144.1</ele>
        <time>2025-07-11T06:07:38Z</time>
      </trkpt>
      <trkpt lat="48.12856833" lon="21.33656167">
        <ele>144.8</ele>
        <time>2025-07-11T06:07:39Z</time>
      </trkpt>
      <trkpt lat="48.12866833" lon="21.33646667">
        <ele>144.4</ele>
        <time>2025-07-11T06:07:40Z</time>
      </trkpt>
      <trkpt lat="48.12877167" lon="21.33637167">
        <ele>143</ele>
        <time>2025-07-11T06:07:41Z</time>
      </trkpt>
      <trkpt lat="48.12888333" lon="21.33626833">
        <ele>142.5</ele>
        <time>2025-07-11T06:07:42Z</time>
      </trkpt>
      <trkpt lat="48.12899667" lon="21.33616">
        <ele>142.6</ele>
        <time>2025-07-11T06:07:43Z</time>
      </trkpt>
      <trkpt lat="48.12912167" lon="21.33604833">
        <ele>143.3</ele>
        <time>2025-07-11T06:07:44Z</time>
      </trkpt>
      <trkpt lat="48.12925167" lon="21.33594">
        <ele>144.1</ele>
        <time>2025-07-11T06:07:45Z</time>
      </trkpt>
      <trkpt lat="48.12937333" lon="21.33582167">
        <ele>143.8</ele>
        <time>2025-07-11T06:07:46Z</time>
      </trkpt>
      <trkpt lat="48.129515" lon="21.33570167">
        <ele>144.5</ele>
        <time>2025-07-11T06:07:47Z</time>
      </trkpt>
      <trkpt lat="48.12964167" lon="21.33559667">
        <ele>143.8</ele>
        <time>2025-07-11T06:07:48Z</time>
      </trkpt>
      <trkpt lat="48.129785" lon="21.33546">
        <ele>143.4</ele>
        <time>2025-07-11T06:07:49Z</time>
      </trkpt>
      <trkpt lat="48.12994167" lon="21.33532167">
        <ele>143</ele>
        <time>2025-07-11T06:07:50Z</time>
      </trkpt>
      <trkpt lat="48.13009833" lon="21.33519333">
        <ele>142.6</ele>
        <time>2025-07-11T06:07:51Z</time>
      </trkpt>
      <trkpt lat="48.13025167" lon="21.335075">
        <ele>142.8</ele>
        <time>2025-07-11T06:07:52Z</time>
      </trkpt>
      <trkpt lat="48.13041833" lon="21.33494667">
        <ele>142.2</ele>
        <time>2025-07-11T06:07:53Z</time>
      </trkpt>
      <trkpt lat="48.13058833" lon="21.33481">
        <ele>141.3</ele>
        <time>2025-07-11T06:07:54Z</time>
      </trkpt>
      <trkpt lat="48.13076833" lon="21.33467833">
        <ele>140.5</ele>
        <time>2025-07-11T06:07:55Z</time>
      </trkpt>
      <trkpt lat="48.130955" lon="21.334545">
        <ele>141.2</ele>
        <time>2025-07-11T06:07:56Z</time>
      </trkpt>
      <trkpt lat="48.131155" lon="21.334415">
        <ele>142.1</ele>
        <time>2025-07-11T06:07:57Z</time>
      </trkpt>
      <trkpt lat="48.13135667" lon="21.33429167">
        <ele>142.6</ele>
        <time>2025-07-11T06:07:58Z</time>
      </trkpt>
      <trkpt lat="48.13157" lon="21.334175">
        <ele>143</ele>
        <time>2025-07-11T06:07:59Z</time>
      </trkpt>
      <trkpt lat="48.13177833" lon="21.33404167">
        <ele>144.4</ele>
        <time>2025-07-11T06:08:00Z</time>
      </trkpt>
      <trkpt lat="48.13199667" lon="21.33392333">
        <ele>144.4</ele>
        <time>2025-07-11T06:08:01Z</time>
      </trkpt>
      <trkpt lat="48.13222667" lon="21.33379833">
        <ele>144.5</ele>
        <time>2025-07-11T06:08:02Z</time>
      </trkpt>
      <trkpt lat="48.13247333" lon="21.33367833">
        <ele>144.4</ele>
        <time>2025-07-11T06:08:03Z</time>
      </trkpt>
      <trkpt lat="48.13272" lon="21.33358167">
        <ele>143.7</ele>
        <time>2025-07-11T06:08:04Z</time>
      </trkpt>
      <trkpt lat="48.132975" lon="21.33347833">
        <ele>144.5</ele>
        <time>2025-07-11T06:08:05Z</time>
      </trkpt>
      <trkpt lat="48.13322" lon="21.33337333">
        <ele>145.2</ele>
        <time>2025-07-11T06:08:06Z</time>
      </trkpt>
      <trkpt lat="48.133485" lon="21.33328">
        <ele>144.5</ele>
        <time>2025-07-11T06:08:07Z</time>
      </trkpt>
      <trkpt lat="48.13375333" lon="21.33320167">
        <ele>144</ele>
        <time>2025-07-11T06:08:08Z</time>
      </trkpt>
      <trkpt lat="48.13403" lon="21.333125">
        <ele>143.6</ele>
        <time>2025-07-11T06:08:09Z</time>
      </trkpt>
      <trkpt lat="48.13429667" lon="21.33305333">
        <ele>143.5</ele>
        <time>2025-07-11T06:08:10Z</time>
      </trkpt>
      <trkpt lat="48.134575" lon="21.33297833">
        <ele>143</ele>
        <time>2025-07-11T06:08:11Z</time>
      </trkpt>
      <trkpt lat="48.13485167" lon="21.33292667">
        <ele>143.6</ele>
        <time>2025-07-11T06:08:12Z</time>
      </trkpt>
      <trkpt lat="48.13512833" lon="21.33286167">
        <ele>142.8</ele>
        <time>2025-07-11T06:08:13Z</time>
      </trkpt>
      <trkpt lat="48.13541833" lon="21.332795">
        <ele>143</ele>
        <time>2025-07-11T06:08:14Z</time>
      </trkpt>
      <trkpt lat="48.135705" lon="21.33271833">
        <ele>143.4</ele>
        <time>2025-07-11T06:08:15Z</time>
      </trkpt>
      <trkpt lat="48.13599333" lon="21.33264333">
        <ele>143.8</ele>
        <time>2025-07-11T06:08:16Z</time>
      </trkpt>
      <trkpt lat="48.13628667" lon="21.33255833">
        <ele>144</ele>
        <time>2025-07-11T06:08:17Z</time>
      </trkpt>
      <trkpt lat="48.13658833" lon="21.33246333">
        <ele>144</ele>
        <time>2025-07-11T06:08:18Z</time>
      </trkpt>
      <trkpt lat="48.13688667" lon="21.33238333">
        <ele>144.7</ele>
        <time>2025-07-11T06:08:19Z</time>
      </trkpt>
      <trkpt lat="48.13717" lon="21.33228">
        <ele>145.5</ele>
        <time>2025-07-11T06:08:20Z</time>
      </trkpt>
      <trkpt lat="48.13746333" lon="21.33217333">
        <ele>145.4</ele>
        <time>2025-07-11T06:08:21Z</time>
      </trkpt>
      <trkpt lat="48.13775" lon="21.33205167">
        <ele>145</ele>
        <time>2025-07-11T06:08:22Z</time>
      </trkpt>
      <trkpt lat="48.13803667" lon="21.33192167">
        <ele>145.7</ele>
        <time>2025-07-11T06:08:23Z</time>
      </trkpt>
      <trkpt lat="48.13831833" lon="21.33178833">
        <ele>146.1</ele>
        <time>2025-07-11T06:08:24Z</time>
      </trkpt>
      <trkpt lat="48.13860167" lon="21.33163333">
        <ele>146.2</ele>
        <time>2025-07-11T06:08:25Z</time>
      </trkpt>
      <trkpt lat="48.13888667" lon="21.33146833">
        <ele>146.4</ele>
        <time>2025-07-11T06:08:26Z</time>
      </trkpt>
      <trkpt lat="48.139165" lon="21.33130333">
        <ele>145.4</ele>
        <time>2025-07-11T06:08:27Z</time>
      </trkpt>
      <trkpt lat="48.139445" lon="21.33112">
        <ele>145</ele>
        <time>2025-07-11T06:08:28Z</time>
      </trkpt>
      <trkpt lat="48.13970667" lon="21.330925">
        <ele>144.3</ele>
        <time>2025-07-11T06:08:29Z</time>
      </trkpt>
      <trkpt lat="48.139985" lon="21.33071333">
        <ele>144.1</ele>
        <time>2025-07-11T06:08:30Z</time>
      </trkpt>
      <trkpt lat="48.140255" lon="21.33050333">
        <ele>144.5</ele>
        <time>2025-07-11T06:08:31Z</time>
      </trkpt>
      <trkpt lat="48.14051167" lon="21.330285">
        <ele>144.7</ele>
        <time>2025-07-11T06:08:32Z</time>
      </trkpt>
      <trkpt lat="48.14077" lon="21.33005167">
        <ele>145.2</ele>
        <time>2025-07-11T06:08:33Z</time>
      </trkpt>
      <trkpt lat="48.141025" lon="21.32981">
        <ele>145.4</ele>
        <time>2025-07-11T06:08:34Z</time>
      </trkpt>
      <trkpt lat="48.14126833" lon="21.32955167">
        <ele>147.8</ele>
        <time>2025-07-11T06:08:35Z</time>
      </trkpt>
      <trkpt lat="48.14151" lon="21.3293">
        <ele>147.5</ele>
        <time>2025-07-11T06:08:36Z</time>
      </trkpt>
      <trkpt lat="48.14175167" lon="21.32901667">
        <ele>146.7</ele>
        <time>2025-07-11T06:08:37Z</time>
      </trkpt>
      <trkpt lat="48.141985" lon="21.32876">
        <ele>145.4</ele>
        <time>2025-07-11T06:08:38Z</time>
      </trkpt>
      <trkpt lat="48.14222333" lon="21.32848667">
        <ele>144.6</ele>
        <time>2025-07-11T06:08:39Z</time>
      </trkpt>
      <trkpt lat="48.142455" lon="21.32820833">
        <ele>143.6</ele>
        <time>2025-07-11T06:08:40Z</time>
      </trkpt>
      <trkpt lat="48.14267" lon="21.32793333">
        <ele>143.5</ele>
        <time>2025-07-11T06:08:41Z</time>
      </trkpt>
      <trkpt lat="48.14287833" lon="21.32764333">
        <ele>143.2</ele>
        <time>2025-07-11T06:08:42Z</time>
      </trkpt>
      <trkpt lat="48.14308333" lon="21.32735167">
        <ele>146.2</ele>
        <time>2025-07-11T06:08:43Z</time>
      </trkpt>
      <trkpt lat="48.14328167" lon="21.32706833">
        <ele>148.8</ele>
        <time>2025-07-11T06:08:44Z</time>
      </trkpt>
      <trkpt lat="48.143475" lon="21.32676833">
        <ele>149.7</ele>
        <time>2025-07-11T06:08:45Z</time>
      </trkpt>
      <trkpt lat="48.14366" lon="21.32646667">
        <ele>148.9</ele>
        <time>2025-07-11T06:08:46Z</time>
      </trkpt>
      <trkpt lat="48.14383167" lon="21.32617667">
        <ele>149.1</ele>
        <time>2025-07-11T06:08:47Z</time>
      </trkpt>
      <trkpt lat="48.14399333" lon="21.325895">
        <ele>150.5</ele>
        <time>2025-07-11T06:08:48Z</time>
      </trkpt>
      <trkpt lat="48.14415333" lon="21.3256">
        <ele>148.5</ele>
        <time>2025-07-11T06:08:49Z</time>
      </trkpt>
      <trkpt lat="48.14432167" lon="21.32528167">
        <ele>148</ele>
        <time>2025-07-11T06:08:50Z</time>
      </trkpt>
      <trkpt lat="48.144475" lon="21.32496167">
        <ele>146.4</ele>
        <time>2025-07-11T06:08:51Z</time>
      </trkpt>
      <trkpt lat="48.14463333" lon="21.324645">
        <ele>151</ele>
        <time>2025-07-11T06:08:52Z</time>
      </trkpt>
      <trkpt lat="48.14478833" lon="21.32434167">
        <ele>153.5</ele>
        <time>2025-07-11T06:08:53Z</time>
      </trkpt>
      <trkpt lat="48.14492667" lon="21.32402667">
        <ele>152.9</ele>
        <time>2025-07-11T06:08:54Z</time>
      </trkpt>
      <trkpt lat="48.14506167" lon="21.32370333">
        <ele>150.8</ele>
        <time>2025-07-11T06:08:55Z</time>
      </trkpt>
      <trkpt lat="48.14518667" lon="21.32336333">
        <ele>149.8</ele>
        <time>2025-07-11T06:08:56Z</time>
      </trkpt>
      <trkpt lat="48.14530833" lon="21.32303167">
        <ele>147.2</ele>
        <time>2025-07-11T06:08:57Z</time>
      </trkpt>
      <trkpt lat="48.145435" lon="21.32269">
        <ele>146.7</ele>
        <time>2025-07-11T06:08:58Z</time>
      </trkpt>
      <trkpt lat="48.14554667" lon="21.32235167">
        <ele>146.8</ele>
        <time>2025-07-11T06:08:59Z</time>
      </trkpt>
      <trkpt lat="48.14565667" lon="21.32200167">
        <ele>146.3</ele>
        <time>2025-07-11T06:09:00Z</time>
      </trkpt>
      <trkpt lat="48.14577333" lon="21.32167167">
        <ele>145.7</ele>
        <time>2025-07-11T06:09:01Z</time>
      </trkpt>
      <trkpt lat="48.14589167" lon="21.32134167">
        <ele>144.2</ele>
        <time>2025-07-11T06:09:02Z</time>
      </trkpt>
      <trkpt lat="48.14601333" lon="21.321005">
        <ele>144</ele>
        <time>2025-07-11T06:09:03Z</time>
      </trkpt>
      <trkpt lat="48.14612833" lon="21.32067">
        <ele>142.5</ele>
        <time>2025-07-11T06:09:04Z</time>
      </trkpt>
      <trkpt lat="48.14624667" lon="21.32033833">
        <ele>142.2</ele>
        <time>2025-07-11T06:09:05Z</time>
      </trkpt>
      <trkpt lat="48.146365" lon="21.32000833">
        <ele>141.4</ele>
        <time>2025-07-11T06:09:06Z</time>
      </trkpt>
      <trkpt lat="48.14649667" lon="21.31968333">
        <ele>141</ele>
        <time>2025-07-11T06:09:07Z</time>
      </trkpt>
      <trkpt lat="48.14662333" lon="21.31935833">
        <ele>140</ele>
        <time>2025-07-11T06:09:08Z</time>
      </trkpt>
      <trkpt lat="48.14674167" lon="21.31905">
        <ele>140.1</ele>
        <time>2025-07-11T06:09:09Z</time>
      </trkpt>
      <trkpt lat="48.14685167" lon="21.31874">
        <ele>142.2</ele>
        <time>2025-07-11T06:09:10Z</time>
      </trkpt>
      <trkpt lat="48.14696667" lon="21.31843667">
        <ele>143.3</ele>
        <time>2025-07-11T06:09:11Z</time>
      </trkpt>
      <trkpt lat="48.14708" lon="21.31813333">
        <ele>142.8</ele>
        <time>2025-07-11T06:09:12Z</time>
      </trkpt>
      <trkpt lat="48.147195" lon="21.31781833">
        <ele>142.6</ele>
        <time>2025-07-11T06:09:13Z</time>
      </trkpt>
      <trkpt lat="48.14732667" lon="21.31751167">
        <ele>143.6</ele>
        <time>2025-07-11T06:09:14Z</time>
      </trkpt>
      <trkpt lat="48.14744167" lon="21.31721667">
        <ele>145</ele>
        <time>2025-07-11T06:09:15Z</time>
      </trkpt>
      <trkpt lat="48.14754833" lon="21.316935">
        <ele>146.6</ele>
        <time>2025-07-11T06:09:16Z</time>
      </trkpt>
      <trkpt lat="48.147655" lon="21.31665167">
        <ele>146</ele>
        <time>2025-07-11T06:09:17Z</time>
      </trkpt>
      <trkpt lat="48.14775667" lon="21.31637833">
        <ele>144.3</ele>
        <time>2025-07-11T06:09:18Z</time>
      </trkpt>
      <trkpt lat="48.14785833" lon="21.31611667">
        <ele>144</ele>
        <time>2025-07-11T06:09:19Z</time>
      </trkpt>
      <trkpt lat="48.14796167" lon="21.315865">
        <ele>143.1</ele>
        <time>2025-07-11T06:09:20Z</time>
      </trkpt>
      <trkpt lat="48.14806167" lon="21.31561667">
        <ele>143.6</ele>
        <time>2025-07-11T06:09:21Z</time>
      </trkpt>
      <trkpt lat="48.14816" lon="21.315355">
        <ele>143.5</ele>
        <time>2025-07-11T06:09:22Z</time>
      </trkpt>
      <trkpt lat="48.14825833" lon="21.31509">
        <ele>143.9</ele>
        <time>2025-07-11T06:09:23Z</time>
      </trkpt>
      <trkpt lat="48.14836833" lon="21.31481">
        <ele>144.5</ele>
        <time>2025-07-11T06:09:24Z</time>
      </trkpt>
      <trkpt lat="48.14846833" lon="21.31453667">
        <ele>144.6</ele>
        <time>2025-07-11T06:09:25Z</time>
      </trkpt>
      <trkpt lat="48.14856833" lon="21.314265">
        <ele>145.1</ele>
        <time>2025-07-11T06:09:26Z</time>
      </trkpt>
      <trkpt lat="48.14866667" lon="21.313985">
        <ele>146</ele>
        <time>2025-07-11T06:09:27Z</time>
      </trkpt>
      <trkpt lat="48.14876333" lon="21.31372167">
        <ele>146.3</ele>
        <time>2025-07-11T06:09:28Z</time>
      </trkpt>
      <trkpt lat="48.14886333" lon="21.31346833">
        <ele>146.3</ele>
        <time>2025-07-11T06:09:29Z</time>
      </trkpt>
      <trkpt lat="48.14896333" lon="21.313205">
        <ele>146.5</ele>
        <time>2025-07-11T06:09:30Z</time>
      </trkpt>
      <trkpt lat="48.14906667" lon="21.31295">
        <ele>147</ele>
        <time>2025-07-11T06:09:31Z</time>
      </trkpt>
      <trkpt lat="48.149165" lon="21.312685">
        <ele>146.9</ele>
        <time>2025-07-11T06:09:32Z</time>
      </trkpt>
      <trkpt lat="48.14926167" lon="21.31242833">
        <ele>147.9</ele>
        <time>2025-07-11T06:09:33Z</time>
      </trkpt>
      <trkpt lat="48.14936167" lon="21.31217667">
        <ele>147.6</ele>
        <time>2025-07-11T06:09:34Z</time>
      </trkpt>
      <trkpt lat="48.14946" lon="21.31191667">
        <ele>146.1</ele>
        <time>2025-07-11T06:09:35Z</time>
      </trkpt>
      <trkpt lat="48.14955333" lon="21.31165333">
        <ele>146.1</ele>
        <time>2025-07-11T06:09:36Z</time>
      </trkpt>
      <trkpt lat="48.149655" lon="21.31138167">
        <ele>145.4</ele>
        <time>2025-07-11T06:09:37Z</time>
      </trkpt>
      <trkpt lat="48.14975833" lon="21.31111167">
        <ele>144.2</ele>
        <time>2025-07-11T06:09:38Z</time>
      </trkpt>
      <trkpt lat="48.149855" lon="21.31085">
        <ele>144</ele>
        <time>2025-07-11T06:09:39Z</time>
      </trkpt>
      <trkpt lat="48.14995833" lon="21.31058">
        <ele>144.4</ele>
        <time>2025-07-11T06:09:40Z</time>
      </trkpt>
      <trkpt lat="48.15005833" lon="21.31030833">
        <ele>144.7</ele>
        <time>2025-07-11T06:09:41Z</time>
      </trkpt>
      <trkpt lat="48.15017167" lon="21.310025">
        <ele>147.3</ele>
        <time>2025-07-11T06:09:42Z</time>
      </trkpt>
      <trkpt lat="48.150285" lon="21.30973833">
        <ele>150.9</ele>
        <time>2025-07-11T06:09:43Z</time>
      </trkpt>
      <trkpt lat="48.15039333" lon="21.30945">
        <ele>150.3</ele>
        <time>2025-07-11T06:09:44Z</time>
      </trkpt>
      <trkpt lat="48.15051" lon="21.30914833">
        <ele>150</ele>
        <time>2025-07-11T06:09:45Z</time>
      </trkpt>
      <trkpt lat="48.150625" lon="21.30883667">
        <ele>150.2</ele>
        <time>2025-07-11T06:09:46Z</time>
      </trkpt>
      <trkpt lat="48.15074833" lon="21.30852667">
        <ele>152.4</ele>
        <time>2025-07-11T06:09:47Z</time>
      </trkpt>
      <trkpt lat="48.15086" lon="21.30822167">
        <ele>152.7</ele>
        <time>2025-07-11T06:09:48Z</time>
      </trkpt>
      <trkpt lat="48.150975" lon="21.307905">
        <ele>151.7</ele>
        <time>2025-07-11T06:09:49Z</time>
      </trkpt>
      <trkpt lat="48.15109833" lon="21.30758333">
        <ele>148.3</ele>
        <time>2025-07-11T06:09:50Z</time>
      </trkpt>
      <trkpt lat="48.15122833" lon="21.30725167">
        <ele>147.4</ele>
        <time>2025-07-11T06:09:51Z</time>
      </trkpt>
      <trkpt lat="48.151355" lon="21.30691">
        <ele>147.3</ele>
        <time>2025-07-11T06:09:52Z</time>
      </trkpt>
      <trkpt lat="48.15147833" lon="21.306575">
        <ele>147.2</ele>
        <time>2025-07-11T06:09:53Z</time>
      </trkpt>
      <trkpt lat="48.15161167" lon="21.30621667">
        <ele>145.4</ele>
        <time>2025-07-11T06:09:54Z</time>
      </trkpt>
      <trkpt lat="48.15173667" lon="21.305865">
        <ele>145.1</ele>
        <time>2025-07-11T06:09:55Z</time>
      </trkpt>
      <trkpt lat="48.15186667" lon="21.30551667">
        <ele>145.9</ele>
        <time>2025-07-11T06:09:56Z</time>
      </trkpt>
      <trkpt lat="48.15199333" lon="21.30514833">
        <ele>144.8</ele>
        <time>2025-07-11T06:09:57Z</time>
      </trkpt>
      <trkpt lat="48.15211667" lon="21.30477667">
        <ele>145.4</ele>
        <time>2025-07-11T06:09:58Z</time>
      </trkpt>
      <trkpt lat="48.15224167" lon="21.30438">
        <ele>145.4</ele>
        <time>2025-07-11T06:09:59Z</time>
      </trkpt>
      <trkpt lat="48.15236333" lon="21.30397833">
        <ele>145.4</ele>
        <time>2025-07-11T06:10:00Z</time>
      </trkpt>
      <trkpt lat="48.15248" lon="21.30358333">
        <ele>145.7</ele>
        <time>2025-07-11T06:10:01Z</time>
      </trkpt>
      <trkpt lat="48.15258833" lon="21.30317167">
        <ele>146.9</ele>
        <time>2025-07-11T06:10:02Z</time>
      </trkpt>
      <trkpt lat="48.15269167" lon="21.30275667">
        <ele>146.9</ele>
        <time>2025-07-11T06:10:03Z</time>
      </trkpt>
      <trkpt lat="48.15279" lon="21.30235">
        <ele>146.4</ele>
        <time>2025-07-11T06:10:04Z</time>
      </trkpt>
      <trkpt lat="48.15288167" lon="21.30192167">
        <ele>146.6</ele>
        <time>2025-07-11T06:10:05Z</time>
      </trkpt>
      <trkpt lat="48.15296333" lon="21.30149167">
        <ele>146.5</ele>
        <time>2025-07-11T06:10:06Z</time>
      </trkpt>
      <trkpt lat="48.15304" lon="21.30105667">
        <ele>146</ele>
        <time>2025-07-11T06:10:07Z</time>
      </trkpt>
      <trkpt lat="48.153115" lon="21.30062">
        <ele>143.7</ele>
        <time>2025-07-11T06:10:08Z</time>
      </trkpt>
      <trkpt lat="48.15317667" lon="21.30018667">
        <ele>143.4</ele>
        <time>2025-07-11T06:10:09Z</time>
      </trkpt>
      <trkpt lat="48.15323667" lon="21.29974667">
        <ele>144.5</ele>
        <time>2025-07-11T06:10:10Z</time>
      </trkpt>
      <trkpt lat="48.153305" lon="21.29930667">
        <ele>145.5</ele>
        <time>2025-07-11T06:10:11Z</time>
      </trkpt>
      <trkpt lat="48.15336833" lon="21.29887167">
        <ele>146.3</ele>
        <time>2025-07-11T06:10:12Z</time>
      </trkpt>
      <trkpt lat="48.15343333" lon="21.298435">
        <ele>146.8</ele>
        <time>2025-07-11T06:10:13Z</time>
      </trkpt>
      <trkpt lat="48.15350167" lon="21.29799833">
        <ele>146.5</ele>
        <time>2025-07-11T06:10:14Z</time>
      </trkpt>
      <trkpt lat="48.15356167" lon="21.29755167">
        <ele>146.4</ele>
        <time>2025-07-11T06:10:15Z</time>
      </trkpt>
      <trkpt lat="48.153625" lon="21.297115">
        <ele>146.1</ele>
        <time>2025-07-11T06:10:16Z</time>
      </trkpt>
      <trkpt lat="48.15368667" lon="21.29667167">
        <ele>145.4</ele>
        <time>2025-07-11T06:10:17Z</time>
      </trkpt>
      <trkpt lat="48.15374667" lon="21.29624333">
        <ele>144.5</ele>
        <time>2025-07-11T06:10:18Z</time>
      </trkpt>
      <trkpt lat="48.15381" lon="21.2958">
        <ele>144.5</ele>
        <time>2025-07-11T06:10:19Z</time>
      </trkpt>
      <trkpt lat="48.15386667" lon="21.29536">
        <ele>145.5</ele>
        <time>2025-07-11T06:10:20Z</time>
      </trkpt>
      <trkpt lat="48.15392333" lon="21.29492">
        <ele>145.7</ele>
        <time>2025-07-11T06:10:21Z</time>
      </trkpt>
      <trkpt lat="48.15398333" lon="21.29448833">
        <ele>145.7</ele>
        <time>2025-07-11T06:10:22Z</time>
      </trkpt>
      <trkpt lat="48.15404667" lon="21.29405">
        <ele>145.7</ele>
        <time>2025-07-11T06:10:23Z</time>
      </trkpt>
      <trkpt lat="48.15410167" lon="21.29361167">
        <ele>146</ele>
        <time>2025-07-11T06:10:24Z</time>
      </trkpt>
      <trkpt lat="48.15417667" lon="21.29317167">
        <ele>146.8</ele>
        <time>2025-07-11T06:10:25Z</time>
      </trkpt>
      <trkpt lat="48.15423667" lon="21.29273167">
        <ele>146.7</ele>
        <time>2025-07-11T06:10:26Z</time>
      </trkpt>
      <trkpt lat="48.15429833" lon="21.29229333">
        <ele>147.1</ele>
        <time>2025-07-11T06:10:27Z</time>
      </trkpt>
      <trkpt lat="48.15434167" lon="21.29185833">
        <ele>147.1</ele>
        <time>2025-07-11T06:10:28Z</time>
      </trkpt>
      <trkpt lat="48.15438333" lon="21.29141667">
        <ele>147.3</ele>
        <time>2025-07-11T06:10:29Z</time>
      </trkpt>
      <trkpt lat="48.15443333" lon="21.29098333">
        <ele>147.2</ele>
        <time>2025-07-11T06:10:30Z</time>
      </trkpt>
      <trkpt lat="48.154485" lon="21.29055667">
        <ele>148.2</ele>
        <time>2025-07-11T06:10:31Z</time>
      </trkpt>
      <trkpt lat="48.154535" lon="21.29013667">
        <ele>148.4</ele>
        <time>2025-07-11T06:10:32Z</time>
      </trkpt>
      <trkpt lat="48.15458" lon="21.28971667">
        <ele>148.5</ele>
        <time>2025-07-11T06:10:33Z</time>
      </trkpt>
      <trkpt lat="48.15462833" lon="21.28931333">
        <ele>148</ele>
        <time>2025-07-11T06:10:34Z</time>
      </trkpt>
      <trkpt lat="48.154675" lon="21.28892">
        <ele>148.1</ele>
        <time>2025-07-11T06:10:35Z</time>
      </trkpt>
      <trkpt lat="48.15470667" lon="21.288525">
        <ele>146.8</ele>
        <time>2025-07-11T06:10:36Z</time>
      </trkpt>
      <trkpt lat="48.15475167" lon="21.288135">
        <ele>147.6</ele>
        <time>2025-07-11T06:10:37Z</time>
      </trkpt>
      <trkpt lat="48.15479667" lon="21.287745">
        <ele>147.4</ele>
        <time>2025-07-11T06:10:38Z</time>
      </trkpt>
      <trkpt lat="48.15484" lon="21.28736167">
        <ele>147.3</ele>
        <time>2025-07-11T06:10:39Z</time>
      </trkpt>
      <trkpt lat="48.15488333" lon="21.28697">
        <ele>148.3</ele>
        <time>2025-07-11T06:10:40Z</time>
      </trkpt>
      <trkpt lat="48.15492833" lon="21.28658833">
        <ele>148.6</ele>
        <time>2025-07-11T06:10:41Z</time>
      </trkpt>
      <trkpt lat="48.15496667" lon="21.28621333">
        <ele>148.7</ele>
        <time>2025-07-11T06:10:42Z</time>
      </trkpt>
      <trkpt lat="48.15500833" lon="21.28583667">
        <ele>149.6</ele>
        <time>2025-07-11T06:10:43Z</time>
      </trkpt>
      <trkpt lat="48.15505167" lon="21.28546333">
        <ele>149.7</ele>
        <time>2025-07-11T06:10:44Z</time>
      </trkpt>
      <trkpt lat="48.155095" lon="21.28508667">
        <ele>150.1</ele>
        <time>2025-07-11T06:10:45Z</time>
      </trkpt>
      <trkpt lat="48.15513" lon="21.28470833">
        <ele>150.1</ele>
        <time>2025-07-11T06:10:46Z</time>
      </trkpt>
      <trkpt lat="48.15517167" lon="21.28432833">
        <ele>149.6</ele>
        <time>2025-07-11T06:10:47Z</time>
      </trkpt>
      <trkpt lat="48.155215" lon="21.28394833">
        <ele>149.4</ele>
        <time>2025-07-11T06:10:48Z</time>
      </trkpt>
      <trkpt lat="48.15525" lon="21.28357667">
        <ele>148.8</ele>
        <time>2025-07-11T06:10:49Z</time>
      </trkpt>
      <trkpt lat="48.15527833" lon="21.28320333">
        <ele>147.7</ele>
        <time>2025-07-11T06:10:50Z</time>
      </trkpt>
      <trkpt lat="48.155315" lon="21.28281833">
        <ele>146.8</ele>
        <time>2025-07-11T06:10:51Z</time>
      </trkpt>
      <trkpt lat="48.15536" lon="21.282445">
        <ele>146.8</ele>
        <time>2025-07-11T06:10:52Z</time>
      </trkpt>
      <trkpt lat="48.15539333" lon="21.28207333">
        <ele>146.7</ele>
        <time>2025-07-11T06:10:53Z</time>
      </trkpt>
      <trkpt lat="48.155425" lon="21.28170667">
        <ele>146.3</ele>
        <time>2025-07-11T06:10:54Z</time>
      </trkpt>
      <trkpt lat="48.15546" lon="21.28133667">
        <ele>145.7</ele>
        <time>2025-07-11T06:10:55Z</time>
      </trkpt>
      <trkpt lat="48.15549333" lon="21.28096167">
        <ele>145.2</ele>
        <time>2025-07-11T06:10:56Z</time>
      </trkpt>
      <trkpt lat="48.15552833" lon="21.280585">
        <ele>145.2</ele>
        <time>2025-07-11T06:10:57Z</time>
      </trkpt>
      <trkpt lat="48.15556333" lon="21.280215">
        <ele>145.3</ele>
        <time>2025-07-11T06:10:58Z</time>
      </trkpt>
      <trkpt lat="48.15560167" lon="21.279855">
        <ele>146.2</ele>
        <time>2025-07-11T06:10:59Z</time>
      </trkpt>
      <trkpt lat="48.15564333" lon="21.27948167">
        <ele>146.4</ele>
        <time>2025-07-11T06:11:00Z</time>
      </trkpt>
      <trkpt lat="48.155685" lon="21.27911167">
        <ele>146.5</ele>
        <time>2025-07-11T06:11:01Z</time>
      </trkpt>
      <trkpt lat="48.155725" lon="21.27874833">
        <ele>146.3</ele>
        <time>2025-07-11T06:11:02Z</time>
      </trkpt>
      <trkpt lat="48.15576333" lon="21.27838667">
        <ele>148.1</ele>
        <time>2025-07-11T06:11:03Z</time>
      </trkpt>
      <trkpt lat="48.15581" lon="21.278025">
        <ele>149.3</ele>
        <time>2025-07-11T06:11:04Z</time>
      </trkpt>
      <trkpt lat="48.155845" lon="21.27766833">
        <ele>149.3</ele>
        <time>2025-07-11T06:11:05Z</time>
      </trkpt>
      <trkpt lat="48.15588167" lon="21.27732">
        <ele>149.1</ele>
        <time>2025-07-11T06:11:06Z</time>
      </trkpt>
      <trkpt lat="48.15592" lon="21.27698667">
        <ele>149.2</ele>
        <time>2025-07-11T06:11:07Z</time>
      </trkpt>
      <trkpt lat="48.15595667" lon="21.27665167">
        <ele>149.4</ele>
        <time>2025-07-11T06:11:08Z</time>
      </trkpt>
      <trkpt lat="48.15599333" lon="21.276315">
        <ele>149.9</ele>
        <time>2025-07-11T06:11:09Z</time>
      </trkpt>
      <trkpt lat="48.15602667" lon="21.27599333">
        <ele>149.4</ele>
        <time>2025-07-11T06:11:10Z</time>
      </trkpt>
      <trkpt lat="48.15605833" lon="21.27568167">
        <ele>149.4</ele>
        <time>2025-07-11T06:11:11Z</time>
      </trkpt>
      <trkpt lat="48.15609333" lon="21.275365">
        <ele>148.5</ele>
        <time>2025-07-11T06:11:12Z</time>
      </trkpt>
      <trkpt lat="48.15612833" lon="21.27505">
        <ele>147.6</ele>
        <time>2025-07-11T06:11:13Z</time>
      </trkpt>
      <trkpt lat="48.15616" lon="21.274735">
        <ele>147</ele>
        <time>2025-07-11T06:11:14Z</time>
      </trkpt>
      <trkpt lat="48.15618833" lon="21.27443333">
        <ele>146.7</ele>
        <time>2025-07-11T06:11:15Z</time>
      </trkpt>
      <trkpt lat="48.156225" lon="21.27412667">
        <ele>148</ele>
        <time>2025-07-11T06:11:16Z</time>
      </trkpt>
      <trkpt lat="48.156255" lon="21.27382833">
        <ele>147.1</ele>
        <time>2025-07-11T06:11:17Z</time>
      </trkpt>
      <trkpt lat="48.15629167" lon="21.27353167">
        <ele>146.8</ele>
        <time>2025-07-11T06:11:18Z</time>
      </trkpt>
      <trkpt lat="48.15632167" lon="21.27322167">
        <ele>147.9</ele>
        <time>2025-07-11T06:11:19Z</time>
      </trkpt>
      <trkpt lat="48.15635167" lon="21.27291833">
        <ele>147.5</ele>
        <time>2025-07-11T06:11:20Z</time>
      </trkpt>
      <trkpt lat="48.15638833" lon="21.27261167">
        <ele>148</ele>
        <time>2025-07-11T06:11:21Z</time>
      </trkpt>
      <trkpt lat="48.156425" lon="21.27230667">
        <ele>148.4</ele>
        <time>2025-07-11T06:11:22Z</time>
      </trkpt>
      <trkpt lat="48.15646" lon="21.27200167">
        <ele>149.3</ele>
        <time>2025-07-11T06:11:23Z</time>
      </trkpt>
      <trkpt lat="48.156495" lon="21.271695">
        <ele>149.8</ele>
        <time>2025-07-11T06:11:24Z</time>
      </trkpt>
      <trkpt lat="48.15653" lon="21.27139167">
        <ele>149.9</ele>
        <time>2025-07-11T06:11:25Z</time>
      </trkpt>
      <trkpt lat="48.15656667" lon="21.27109667">
        <ele>150</ele>
        <time>2025-07-11T06:11:26Z</time>
      </trkpt>
      <trkpt lat="48.15660167" lon="21.270795">
        <ele>150.6</ele>
        <time>2025-07-11T06:11:27Z</time>
      </trkpt>
      <trkpt lat="48.15662833" lon="21.270495">
        <ele>150.1</ele>
        <time>2025-07-11T06:11:28Z</time>
      </trkpt>
      <trkpt lat="48.156655" lon="21.27019333">
        <ele>149.9</ele>
        <time>2025-07-11T06:11:29Z</time>
      </trkpt>
      <trkpt lat="48.15668667" lon="21.2699">
        <ele>150.1</ele>
        <time>2025-07-11T06:11:30Z</time>
      </trkpt>
      <trkpt lat="48.15671833" lon="21.26960333">
        <ele>150.1</ele>
        <time>2025-07-11T06:11:31Z</time>
      </trkpt>
      <trkpt lat="48.15675" lon="21.26930667">
        <ele>149.6</ele>
        <time>2025-07-11T06:11:32Z</time>
      </trkpt>
      <trkpt lat="48.156775" lon="21.26900833">
        <ele>149.5</ele>
        <time>2025-07-11T06:11:33Z</time>
      </trkpt>
      <trkpt lat="48.15681833" lon="21.26871">
        <ele>150.3</ele>
        <time>2025-07-11T06:11:34Z</time>
      </trkpt>
      <trkpt lat="48.15686167" lon="21.268415">
        <ele>151.2</ele>
        <time>2025-07-11T06:11:35Z</time>
      </trkpt>
      <trkpt lat="48.156895" lon="21.26811833">
        <ele>151.5</ele>
        <time>2025-07-11T06:11:36Z</time>
      </trkpt>
      <trkpt lat="48.15692833" lon="21.26782167">
        <ele>152</ele>
        <time>2025-07-11T06:11:37Z</time>
      </trkpt>
      <trkpt lat="48.15695667" lon="21.26753333">
        <ele>151.8</ele>
        <time>2025-07-11T06:11:38Z</time>
      </trkpt>
      <trkpt lat="48.15698833" lon="21.26723833">
        <ele>150.7</ele>
        <time>2025-07-11T06:11:39Z</time>
      </trkpt>
      <trkpt lat="48.15701833" lon="21.26694">
        <ele>149.8</ele>
        <time>2025-07-11T06:11:40Z</time>
      </trkpt>
      <trkpt lat="48.15704833" lon="21.26664333">
        <ele>149.8</ele>
        <time>2025-07-11T06:11:41Z</time>
      </trkpt>
      <trkpt lat="48.15707667" lon="21.26635167">
        <ele>149.3</ele>
        <time>2025-07-11T06:11:42Z</time>
      </trkpt>
      <trkpt lat="48.157105" lon="21.26605">
        <ele>149</ele>
        <time>2025-07-11T06:11:43Z</time>
      </trkpt>
      <trkpt lat="48.15713833" lon="21.26575667">
        <ele>149.6</ele>
        <time>2025-07-11T06:11:44Z</time>
      </trkpt>
      <trkpt lat="48.157175" lon="21.26546">
        <ele>150.3</ele>
        <time>2025-07-11T06:11:45Z</time>
      </trkpt>
      <trkpt lat="48.157205" lon="21.26516167">
        <ele>150.2</ele>
        <time>2025-07-11T06:11:46Z</time>
      </trkpt>
      <trkpt lat="48.15723167" lon="21.26486833">
        <ele>149.6</ele>
        <time>2025-07-11T06:11:47Z</time>
      </trkpt>
      <trkpt lat="48.15725833" lon="21.26457667">
        <ele>149.5</ele>
        <time>2025-07-11T06:11:48Z</time>
      </trkpt>
      <trkpt lat="48.15729" lon="21.26428833">
        <ele>149.2</ele>
        <time>2025-07-11T06:11:49Z</time>
      </trkpt>
      <trkpt lat="48.15731833" lon="21.263995">
        <ele>148.7</ele>
        <time>2025-07-11T06:11:50Z</time>
      </trkpt>
      <trkpt lat="48.15735333" lon="21.26370167">
        <ele>149.3</ele>
        <time>2025-07-11T06:11:51Z</time>
      </trkpt>
      <trkpt lat="48.157385" lon="21.263405">
        <ele>148.7</ele>
        <time>2025-07-11T06:11:52Z</time>
      </trkpt>
      <trkpt lat="48.157415" lon="21.26311">
        <ele>149.3</ele>
        <time>2025-07-11T06:11:53Z</time>
      </trkpt>
      <trkpt lat="48.15745333" lon="21.26281833">
        <ele>149.3</ele>
        <time>2025-07-11T06:11:54Z</time>
      </trkpt>
      <trkpt lat="48.15748833" lon="21.26252833">
        <ele>149.6</ele>
        <time>2025-07-11T06:11:55Z</time>
      </trkpt>
      <trkpt lat="48.15752333" lon="21.26222667">
        <ele>150.5</ele>
        <time>2025-07-11T06:11:56Z</time>
      </trkpt>
      <trkpt lat="48.15755333" lon="21.26193167">
        <ele>150.4</ele>
        <time>2025-07-11T06:11:57Z</time>
      </trkpt>
      <trkpt lat="48.157585" lon="21.26163667">
        <ele>150.3</ele>
        <time>2025-07-11T06:11:58Z</time>
      </trkpt>
      <trkpt lat="48.15761833" lon="21.26134">
        <ele>150.7</ele>
        <time>2025-07-11T06:11:59Z</time>
      </trkpt>
      <trkpt lat="48.15765167" lon="21.26104833">
        <ele>151</ele>
        <time>2025-07-11T06:12:00Z</time>
      </trkpt>
      <trkpt lat="48.15768333" lon="21.26074833">
        <ele>152</ele>
        <time>2025-07-11T06:12:01Z</time>
      </trkpt>
      <trkpt lat="48.15770833" lon="21.26045667">
        <ele>152.9</ele>
        <time>2025-07-11T06:12:02Z</time>
      </trkpt>
      <trkpt lat="48.15774667" lon="21.26016">
        <ele>154.4</ele>
        <time>2025-07-11T06:12:03Z</time>
      </trkpt>
      <trkpt lat="48.15778" lon="21.25986833">
        <ele>152.8</ele>
        <time>2025-07-11T06:12:04Z</time>
      </trkpt>
      <trkpt lat="48.15781333" lon="21.25957833">
        <ele>151.8</ele>
        <time>2025-07-11T06:12:05Z</time>
      </trkpt>
      <trkpt lat="48.15784833" lon="21.25928833">
        <ele>149.5</ele>
        <time>2025-07-11T06:12:06Z</time>
      </trkpt>
      <trkpt lat="48.15788" lon="21.25899167">
        <ele>149.4</ele>
        <time>2025-07-11T06:12:07Z</time>
      </trkpt>
      <trkpt lat="48.15790667" lon="21.25869833">
        <ele>149.1</ele>
        <time>2025-07-11T06:12:08Z</time>
      </trkpt>
      <trkpt lat="48.15793" lon="21.258405">
        <ele>148.2</ele>
        <time>2025-07-11T06:12:09Z</time>
      </trkpt>
      <trkpt lat="48.15796" lon="21.258105">
        <ele>147.9</ele>
        <time>2025-07-11T06:12:10Z</time>
      </trkpt>
      <trkpt lat="48.157995" lon="21.25782">
        <ele>146.9</ele>
        <time>2025-07-11T06:12:11Z</time>
      </trkpt>
      <trkpt lat="48.158025" lon="21.25754167">
        <ele>146.7</ele>
        <time>2025-07-11T06:12:12Z</time>
      </trkpt>
      <trkpt lat="48.15805667" lon="21.257255">
        <ele>147.4</ele>
        <time>2025-07-11T06:12:13Z</time>
      </trkpt>
      <trkpt lat="48.15808" lon="21.25696667">
        <ele>147.8</ele>
        <time>2025-07-11T06:12:14Z</time>
      </trkpt>
      <trkpt lat="48.15811" lon="21.25667167">
        <ele>147.4</ele>
        <time>2025-07-11T06:12:15Z</time>
      </trkpt>
      <trkpt lat="48.158145" lon="21.25638833">
        <ele>147.2</ele>
        <time>2025-07-11T06:12:16Z</time>
      </trkpt>
      <trkpt lat="48.15818167" lon="21.25609">
        <ele>147.4</ele>
        <time>2025-07-11T06:12:17Z</time>
      </trkpt>
      <trkpt lat="48.15822" lon="21.25579">
        <ele>146.7</ele>
        <time>2025-07-11T06:12:18Z</time>
      </trkpt>
      <trkpt lat="48.15825" lon="21.25549167">
        <ele>147.4</ele>
        <time>2025-07-11T06:12:19Z</time>
      </trkpt>
      <trkpt lat="48.15828667" lon="21.255195">
        <ele>146.7</ele>
        <time>2025-07-11T06:12:20Z</time>
      </trkpt>
      <trkpt lat="48.158325" lon="21.2549">
        <ele>146.7</ele>
        <time>2025-07-11T06:12:21Z</time>
      </trkpt>
      <trkpt lat="48.15836667" lon="21.254595">
        <ele>147.6</ele>
        <time>2025-07-11T06:12:22Z</time>
      </trkpt>
      <trkpt lat="48.15840333" lon="21.25428333">
        <ele>146.4</ele>
        <time>2025-07-11T06:12:23Z</time>
      </trkpt>
      <trkpt lat="48.15844167" lon="21.25396667">
        <ele>145.7</ele>
        <time>2025-07-11T06:12:24Z</time>
      </trkpt>
      <trkpt lat="48.15847833" lon="21.25364167">
        <ele>144.5</ele>
        <time>2025-07-11T06:12:25Z</time>
      </trkpt>
      <trkpt lat="48.15850833" lon="21.25331167">
        <ele>144.5</ele>
        <time>2025-07-11T06:12:26Z</time>
      </trkpt>
      <trkpt lat="48.15854167" lon="21.25297833">
        <ele>144.6</ele>
        <time>2025-07-11T06:12:27Z</time>
      </trkpt>
      <trkpt lat="48.158575" lon="21.25264667">
        <ele>144.2</ele>
        <time>2025-07-11T06:12:28Z</time>
      </trkpt>
      <trkpt lat="48.15861333" lon="21.252295">
        <ele>143.9</ele>
        <time>2025-07-11T06:12:29Z</time>
      </trkpt>
      <trkpt lat="48.158655" lon="21.25193667">
        <ele>142.5</ele>
        <time>2025-07-11T06:12:30Z</time>
      </trkpt>
      <trkpt lat="48.15869167" lon="21.25157333">
        <ele>141.9</ele>
        <time>2025-07-11T06:12:31Z</time>
      </trkpt>
      <trkpt lat="48.15875" lon="21.2512">
        <ele>144.7</ele>
        <time>2025-07-11T06:12:32Z</time>
      </trkpt>
      <trkpt lat="48.15879" lon="21.25081167">
        <ele>147.2</ele>
        <time>2025-07-11T06:12:33Z</time>
      </trkpt>
      <trkpt lat="48.15882667" lon="21.250435">
        <ele>147.8</ele>
        <time>2025-07-11T06:12:34Z</time>
      </trkpt>
      <trkpt lat="48.158865" lon="21.25004333">
        <ele>147.5</ele>
        <time>2025-07-11T06:12:35Z</time>
      </trkpt>
      <trkpt lat="48.15889833" lon="21.24963667">
        <ele>146.5</ele>
        <time>2025-07-11T06:12:36Z</time>
      </trkpt>
      <trkpt lat="48.158945" lon="21.24922667">
        <ele>147.8</ele>
        <time>2025-07-11T06:12:37Z</time>
      </trkpt>
      <trkpt lat="48.158985" lon="21.24882167">
        <ele>147.8</ele>
        <time>2025-07-11T06:12:38Z</time>
      </trkpt>
      <trkpt lat="48.15903333" lon="21.24840167">
        <ele>148.9</ele>
        <time>2025-07-11T06:12:39Z</time>
      </trkpt>
      <trkpt lat="48.15907" lon="21.24797833">
        <ele>147.6</ele>
        <time>2025-07-11T06:12:40Z</time>
      </trkpt>
      <trkpt lat="48.15912833" lon="21.24755833">
        <ele>147.9</ele>
        <time>2025-07-11T06:12:41Z</time>
      </trkpt>
      <trkpt lat="48.15916833" lon="21.24713">
        <ele>147.7</ele>
        <time>2025-07-11T06:12:42Z</time>
      </trkpt>
      <trkpt lat="48.15920833" lon="21.246705">
        <ele>147.6</ele>
        <time>2025-07-11T06:12:43Z</time>
      </trkpt>
      <trkpt lat="48.15926" lon="21.24628333">
        <ele>148.6</ele>
        <time>2025-07-11T06:12:44Z</time>
      </trkpt>
      <trkpt lat="48.159305" lon="21.245855">
        <ele>149</ele>
        <time>2025-07-11T06:12:45Z</time>
      </trkpt>
      <trkpt lat="48.15936" lon="21.24542">
        <ele>149.1</ele>
        <time>2025-07-11T06:12:46Z</time>
      </trkpt>
      <trkpt lat="48.15939833" lon="21.24499167">
        <ele>148.3</ele>
        <time>2025-07-11T06:12:47Z</time>
      </trkpt>
      <trkpt lat="48.159445" lon="21.24456667">
        <ele>147.2</ele>
        <time>2025-07-11T06:12:48Z</time>
      </trkpt>
      <trkpt lat="48.15949333" lon="21.24413667">
        <ele>147.9</ele>
        <time>2025-07-11T06:12:49Z</time>
      </trkpt>
      <trkpt lat="48.159535" lon="21.24370833">
        <ele>147.8</ele>
        <time>2025-07-11T06:12:50Z</time>
      </trkpt>
      <trkpt lat="48.15957333" lon="21.24328333">
        <ele>147.7</ele>
        <time>2025-07-11T06:12:51Z</time>
      </trkpt>
      <trkpt lat="48.159635" lon="21.242865">
        <ele>148.6</ele>
        <time>2025-07-11T06:12:52Z</time>
      </trkpt>
      <trkpt lat="48.15968333" lon="21.242445">
        <ele>148.5</ele>
        <time>2025-07-11T06:12:53Z</time>
      </trkpt>
      <trkpt lat="48.15973333" lon="21.24202333">
        <ele>148.5</ele>
        <time>2025-07-11T06:12:54Z</time>
      </trkpt>
      <trkpt lat="48.159775" lon="21.24160667">
        <ele>148.1</ele>
        <time>2025-07-11T06:12:55Z</time>
      </trkpt>
      <trkpt lat="48.15982667" lon="21.24119">
        <ele>149.3</ele>
        <time>2025-07-11T06:12:56Z</time>
      </trkpt>
      <trkpt lat="48.159875" lon="21.24077167">
        <ele>150.4</ele>
        <time>2025-07-11T06:12:57Z</time>
      </trkpt>
      <trkpt lat="48.15992667" lon="21.24033667">
        <ele>150.9</ele>
        <time>2025-07-11T06:12:58Z</time>
      </trkpt>
      <trkpt lat="48.15997167" lon="21.23992167">
        <ele>151.4</ele>
        <time>2025-07-11T06:12:59Z</time>
      </trkpt>
      <trkpt lat="48.16001667" lon="21.23950667">
        <ele>151.6</ele>
        <time>2025-07-11T06:13:00Z</time>
      </trkpt>
      <trkpt lat="48.16006" lon="21.23908667">
        <ele>151.3</ele>
        <time>2025-07-11T06:13:01Z</time>
      </trkpt>
      <trkpt lat="48.160105" lon="21.238675">
        <ele>151.5</ele>
        <time>2025-07-11T06:13:02Z</time>
      </trkpt>
      <trkpt lat="48.16014667" lon="21.238265">
        <ele>151.4</ele>
        <time>2025-07-11T06:13:03Z</time>
      </trkpt>
      <trkpt lat="48.1602" lon="21.23784333">
        <ele>150.4</ele>
        <time>2025-07-11T06:13:04Z</time>
      </trkpt>
      <trkpt lat="48.16024167" lon="21.23742667">
        <ele>149.9</ele>
        <time>2025-07-11T06:13:05Z</time>
      </trkpt>
      <trkpt lat="48.16028333" lon="21.23700833">
        <ele>150.6</ele>
        <time>2025-07-11T06:13:06Z</time>
      </trkpt>
      <trkpt lat="48.16033167" lon="21.236605">
        <ele>151.6</ele>
        <time>2025-07-11T06:13:07Z</time>
      </trkpt>
      <trkpt lat="48.160385" lon="21.23620833">
        <ele>151.6</ele>
        <time>2025-07-11T06:13:08Z</time>
      </trkpt>
      <trkpt lat="48.16043167" lon="21.23580667">
        <ele>151.8</ele>
        <time>2025-07-11T06:13:09Z</time>
      </trkpt>
      <trkpt lat="48.16047833" lon="21.23540833">
        <ele>151.6</ele>
        <time>2025-07-11T06:13:10Z</time>
      </trkpt>
      <trkpt lat="48.16051833" lon="21.23501167">
        <ele>153.1</ele>
        <time>2025-07-11T06:13:11Z</time>
      </trkpt>
      <trkpt lat="48.16056" lon="21.23462833">
        <ele>152.8</ele>
        <time>2025-07-11T06:13:12Z</time>
      </trkpt>
      <trkpt lat="48.16060333" lon="21.23425">
        <ele>152.8</ele>
        <time>2025-07-11T06:13:13Z</time>
      </trkpt>
      <trkpt lat="48.160645" lon="21.23386833">
        <ele>154.1</ele>
        <time>2025-07-11T06:13:14Z</time>
      </trkpt>
      <trkpt lat="48.160685" lon="21.233505">
        <ele>153.7</ele>
        <time>2025-07-11T06:13:15Z</time>
      </trkpt>
      <trkpt lat="48.16072333" lon="21.233145">
        <ele>153.7</ele>
        <time>2025-07-11T06:13:16Z</time>
      </trkpt>
      <trkpt lat="48.16076" lon="21.23278833">
        <ele>153.4</ele>
        <time>2025-07-11T06:13:17Z</time>
      </trkpt>
      <trkpt lat="48.16079667" lon="21.23243167">
        <ele>153.3</ele>
        <time>2025-07-11T06:13:18Z</time>
      </trkpt>
      <trkpt lat="48.16083667" lon="21.23207833">
        <ele>154.2</ele>
        <time>2025-07-11T06:13:19Z</time>
      </trkpt>
      <trkpt lat="48.16087" lon="21.23174333">
        <ele>153.9</ele>
        <time>2025-07-11T06:13:20Z</time>
      </trkpt>
      <trkpt lat="48.16088833" lon="21.23140167">
        <ele>153.5</ele>
        <time>2025-07-11T06:13:21Z</time>
      </trkpt>
      <trkpt lat="48.16091167" lon="21.23106667">
        <ele>152.3</ele>
        <time>2025-07-11T06:13:22Z</time>
      </trkpt>
      <trkpt lat="48.16094333" lon="21.23074833">
        <ele>150.2</ele>
        <time>2025-07-11T06:13:23Z</time>
      </trkpt>
      <trkpt lat="48.16096667" lon="21.23043">
        <ele>149.9</ele>
        <time>2025-07-11T06:13:24Z</time>
      </trkpt>
      <trkpt lat="48.16099167" lon="21.23011">
        <ele>150.3</ele>
        <time>2025-07-11T06:13:25Z</time>
      </trkpt>
      <trkpt lat="48.16104667" lon="21.22981">
        <ele>151.5</ele>
        <time>2025-07-11T06:13:26Z</time>
      </trkpt>
      <trkpt lat="48.16108" lon="21.22951">
        <ele>151.2</ele>
        <time>2025-07-11T06:13:27Z</time>
      </trkpt>
      <trkpt lat="48.161115" lon="21.22921833">
        <ele>150.7</ele>
        <time>2025-07-11T06:13:28Z</time>
      </trkpt>
      <trkpt lat="48.16115667" lon="21.22893">
        <ele>150.6</ele>
        <time>2025-07-11T06:13:29Z</time>
      </trkpt>
      <trkpt lat="48.16119667" lon="21.22865">
        <ele>151.5</ele>
        <time>2025-07-11T06:13:30Z</time>
      </trkpt>
      <trkpt lat="48.16121833" lon="21.22836833">
        <ele>152</ele>
        <time>2025-07-11T06:13:31Z</time>
      </trkpt>
      <trkpt lat="48.16122833" lon="21.22809333">
        <ele>151.4</ele>
        <time>2025-07-11T06:13:32Z</time>
      </trkpt>
      <trkpt lat="48.16124833" lon="21.22783167">
        <ele>151.1</ele>
        <time>2025-07-11T06:13:33Z</time>
      </trkpt>
      <trkpt lat="48.16125667" lon="21.22757">
        <ele>150.5</ele>
        <time>2025-07-11T06:13:34Z</time>
      </trkpt>
      <trkpt lat="48.16125833" lon="21.227305">
        <ele>149.8</ele>
        <time>2025-07-11T06:13:35Z</time>
      </trkpt>
      <trkpt lat="48.16125667" lon="21.22704667">
        <ele>150.5</ele>
        <time>2025-07-11T06:13:36Z</time>
      </trkpt>
      <trkpt lat="48.16125167" lon="21.22680167">
        <ele>149.3</ele>
        <time>2025-07-11T06:13:37Z</time>
      </trkpt>
      <trkpt lat="48.16124333" lon="21.22656167">
        <ele>149.5</ele>
        <time>2025-07-11T06:13:38Z</time>
      </trkpt>
      <trkpt lat="48.16123167" lon="21.226335">
        <ele>148.8</ele>
        <time>2025-07-11T06:13:39Z</time>
      </trkpt>
      <trkpt lat="48.161225" lon="21.22611">
        <ele>148.8</ele>
        <time>2025-07-11T06:13:40Z</time>
      </trkpt>
      <trkpt lat="48.16121167" lon="21.22588333">
        <ele>149.2</ele>
        <time>2025-07-11T06:13:41Z</time>
      </trkpt>
      <trkpt lat="48.16118333" lon="21.22566833">
        <ele>149.3</ele>
        <time>2025-07-11T06:13:42Z</time>
      </trkpt>
      <trkpt lat="48.16115667" lon="21.225455">
        <ele>149.8</ele>
        <time>2025-07-11T06:13:43Z</time>
      </trkpt>
      <trkpt lat="48.16112833" lon="21.225255">
        <ele>149.9</ele>
        <time>2025-07-11T06:13:44Z</time>
      </trkpt>
      <trkpt lat="48.16110167" lon="21.22506667">
        <ele>149.9</ele>
        <time>2025-07-11T06:13:45Z</time>
      </trkpt>
      <trkpt lat="48.16108667" lon="21.22487167">
        <ele>148.8</ele>
        <time>2025-07-11T06:13:46Z</time>
      </trkpt>
      <trkpt lat="48.161055" lon="21.22468333">
        <ele>149.1</ele>
        <time>2025-07-11T06:13:47Z</time>
      </trkpt>
      <trkpt lat="48.16103" lon="21.22450167">
        <ele>151.1</ele>
        <time>2025-07-11T06:13:48Z</time>
      </trkpt>
      <trkpt lat="48.16100333" lon="21.22433">
        <ele>152.3</ele>
        <time>2025-07-11T06:13:49Z</time>
      </trkpt>
      <trkpt lat="48.16096" lon="21.22416167">
        <ele>152.1</ele>
        <time>2025-07-11T06:13:50Z</time>
      </trkpt>
      <trkpt lat="48.160925" lon="21.22399167">
        <ele>151.5</ele>
        <time>2025-07-11T06:13:51Z</time>
      </trkpt>
      <trkpt lat="48.16089167" lon="21.22382833">
        <ele>150.8</ele>
        <time>2025-07-11T06:13:52Z</time>
      </trkpt>
      <trkpt lat="48.16085167" lon="21.223665">
        <ele>150.5</ele>
        <time>2025-07-11T06:13:53Z</time>
      </trkpt>
      <trkpt lat="48.16081333" lon="21.22351">
        <ele>150.4</ele>
        <time>2025-07-11T06:13:54Z</time>
      </trkpt>
      <trkpt lat="48.16076667" lon="21.22336">
        <ele>150.6</ele>
        <time>2025-07-11T06:13:55Z</time>
      </trkpt>
      <trkpt lat="48.160725" lon="21.22321667">
        <ele>150.5</ele>
        <time>2025-07-11T06:13:56Z</time>
      </trkpt>
      <trkpt lat="48.16068667" lon="21.22307">
        <ele>149.6</ele>
        <time>2025-07-11T06:13:57Z</time>
      </trkpt>
      <trkpt lat="48.16065" lon="21.22293333">
        <ele>149.6</ele>
        <time>2025-07-11T06:13:58Z</time>
      </trkpt>
      <trkpt lat="48.16061333" lon="21.22280667">
        <ele>149.1</ele>
        <time>2025-07-11T06:13:59Z</time>
      </trkpt>
      <trkpt lat="48.16057667" lon="21.22268">
        <ele>149</ele>
        <time>2025-07-11T06:14:00Z</time>
      </trkpt>
      <trkpt lat="48.16049667" lon="21.22245167">
        <ele>149.5</ele>
        <time>2025-07-11T06:14:02Z</time>
      </trkpt>
      <trkpt lat="48.16041" lon="21.22223333">
        <ele>149.7</ele>
        <time>2025-07-11T06:14:04Z</time>
      </trkpt>
      <trkpt lat="48.16033333" lon="21.22203833">
        <ele>149.5</ele>
        <time>2025-07-11T06:14:06Z</time>
      </trkpt>
      <trkpt lat="48.16024333" lon="21.221845">
        <ele>148.3</ele>
        <time>2025-07-11T06:14:08Z</time>
      </trkpt>
      <trkpt lat="48.16015833" lon="21.22166167">
        <ele>147.8</ele>
        <time>2025-07-11T06:14:10Z</time>
      </trkpt>
      <trkpt lat="48.16009333" lon="21.22148167">
        <ele>145.7</ele>
        <time>2025-07-11T06:14:12Z</time>
      </trkpt>
      <trkpt lat="48.16000833" lon="21.22131">
        <ele>144.4</ele>
        <time>2025-07-11T06:14:14Z</time>
      </trkpt>
      <trkpt lat="48.159925" lon="21.22113667">
        <ele>143.6</ele>
        <time>2025-07-11T06:14:16Z</time>
      </trkpt>
      <trkpt lat="48.15984167" lon="21.22096333">
        <ele>142.6</ele>
        <time>2025-07-11T06:14:18Z</time>
      </trkpt>
      <trkpt lat="48.15975333" lon="21.22079">
        <ele>141.6</ele>
        <time>2025-07-11T06:14:20Z</time>
      </trkpt>
      <trkpt lat="48.15967" lon="21.22061833">
        <ele>142.1</ele>
        <time>2025-07-11T06:14:22Z</time>
      </trkpt>
      <trkpt lat="48.15956333" lon="21.22047333">
        <ele>142.1</ele>
        <time>2025-07-11T06:14:24Z</time>
      </trkpt>
      <trkpt lat="48.15947167" lon="21.22030833">
        <ele>143.2</ele>
        <time>2025-07-11T06:14:26Z</time>
      </trkpt>
      <trkpt lat="48.15937333" lon="21.22015">
        <ele>144.4</ele>
        <time>2025-07-11T06:14:28Z</time>
      </trkpt>
      <trkpt lat="48.159265" lon="21.21998333">
        <ele>145.2</ele>
        <time>2025-07-11T06:14:30Z</time>
      </trkpt>
      <trkpt lat="48.159155" lon="21.21980833">
        <ele>145.9</ele>
        <time>2025-07-11T06:14:32Z</time>
      </trkpt>
      <trkpt lat="48.15904" lon="21.219635">
        <ele>146.7</ele>
        <time>2025-07-11T06:14:34Z</time>
      </trkpt>
      <trkpt lat="48.15891833" lon="21.219455">
        <ele>146.3</ele>
        <time>2025-07-11T06:14:36Z</time>
      </trkpt>
      <trkpt lat="48.15881167" lon="21.21928667">
        <ele>146.2</ele>
        <time>2025-07-11T06:14:38Z</time>
      </trkpt>
      <trkpt lat="48.15870333" lon="21.21910833">
        <ele>146.6</ele>
        <time>2025-07-11T06:14:40Z</time>
      </trkpt>
      <trkpt lat="48.15859167" lon="21.21890833">
        <ele>146.6</ele>
        <time>2025-07-11T06:14:42Z</time>
      </trkpt>
      <trkpt lat="48.15846333" lon="21.21872833">
        <ele>147.6</ele>
        <time>2025-07-11T06:14:44Z</time>
      </trkpt>
      <trkpt lat="48.15835667" lon="21.21855833">
        <ele>148</ele>
        <time>2025-07-11T06:14:46Z</time>
      </trkpt>
      <trkpt lat="48.158245" lon="21.21839">
        <ele>147.7</ele>
        <time>2025-07-11T06:14:48Z</time>
      </trkpt>
      <trkpt lat="48.15813833" lon="21.21823667">
        <ele>146.1</ele>
        <time>2025-07-11T06:14:50Z</time>
      </trkpt>
      <trkpt lat="48.15803" lon="21.21807667">
        <ele>145.9</ele>
        <time>2025-07-11T06:14:52Z</time>
      </trkpt>
      <trkpt lat="48.15792167" lon="21.217915">
        <ele>143.4</ele>
        <time>2025-07-11T06:14:54Z</time>
      </trkpt>
      <trkpt lat="48.157795" lon="21.21775167">
        <ele>141</ele>
        <time>2025-07-11T06:14:56Z</time>
      </trkpt>
      <trkpt lat="48.15768333" lon="21.217575">
        <ele>138.6</ele>
        <time>2025-07-11T06:14:58Z</time>
      </trkpt>
      <trkpt lat="48.15757167" lon="21.21740667">
        <ele>137.1</ele>
        <time>2025-07-11T06:15:00Z</time>
      </trkpt>
      <trkpt lat="48.15746" lon="21.21722667">
        <ele>135.8</ele>
        <time>2025-07-11T06:15:02Z</time>
      </trkpt>
      <trkpt lat="48.15734667" lon="21.21704">
        <ele>136</ele>
        <time>2025-07-11T06:15:04Z</time>
      </trkpt>
      <trkpt lat="48.15723333" lon="21.21685667">
        <ele>135.9</ele>
        <time>2025-07-11T06:15:06Z</time>
      </trkpt>
      <trkpt lat="48.15713667" lon="21.21669333">
        <ele>136.3</ele>
        <time>2025-07-11T06:15:08Z</time>
      </trkpt>
      <trkpt lat="48.15704" lon="21.21654">
        <ele>136.9</ele>
        <time>2025-07-11T06:15:10Z</time>
      </trkpt>
      <trkpt lat="48.15693167" lon="21.21637833">
        <ele>138.7</ele>
        <time>2025-07-11T06:15:12Z</time>
      </trkpt>
      <trkpt lat="48.15683333" lon="21.21622833">
        <ele>139.6</ele>
        <time>2025-07-11T06:15:14Z</time>
      </trkpt>
      <trkpt lat="48.15673" lon="21.21605167">
        <ele>139.2</ele>
        <time>2025-07-11T06:15:16Z</time>
      </trkpt>
      <trkpt lat="48.15663667" lon="21.21591">
        <ele>139.5</ele>
        <time>2025-07-11T06:15:18Z</time>
      </trkpt>
      <trkpt lat="48.15654833" lon="21.21576667">
        <ele>139.7</ele>
        <time>2025-07-11T06:15:20Z</time>
      </trkpt>
      <trkpt lat="48.15646667" lon="21.215635">
        <ele>139.3</ele>
        <time>2025-07-11T06:15:22Z</time>
      </trkpt>
      <trkpt lat="48.156375" lon="21.21552333">
        <ele>139</ele>
        <time>2025-07-11T06:15:24Z</time>
      </trkpt>
      <trkpt lat="48.1563" lon="21.215415">
        <ele>138.9</ele>
        <time>2025-07-11T06:15:26Z</time>
      </trkpt>
      <trkpt lat="48.15622" lon="21.215305">
        <ele>137.8</ele>
        <time>2025-07-11T06:15:28Z</time>
      </trkpt>
      <trkpt lat="48.15614333" lon="21.21520833">
        <ele>138.9</ele>
        <time>2025-07-11T06:15:30Z</time>
      </trkpt>
      <trkpt lat="48.156065" lon="21.21510667">
        <ele>139.7</ele>
        <time>2025-07-11T06:15:32Z</time>
      </trkpt>
      <trkpt lat="48.15598333" lon="21.21501">
        <ele>140.7</ele>
        <time>2025-07-11T06:15:34Z</time>
      </trkpt>
      <trkpt lat="48.15591333" lon="21.21490333">
        <ele>141</ele>
        <time>2025-07-11T06:15:36Z</time>
      </trkpt>
      <trkpt lat="48.15583833" lon="21.21479167">
        <ele>140.4</ele>
        <time>2025-07-11T06:15:38Z</time>
      </trkpt>
      <trkpt lat="48.155765" lon="21.21468333">
        <ele>139.4</ele>
        <time>2025-07-11T06:15:40Z</time>
      </trkpt>
      <trkpt lat="48.15568833" lon="21.21457333">
        <ele>138.8</ele>
        <time>2025-07-11T06:15:42Z</time>
      </trkpt>
      <trkpt lat="48.15561667" lon="21.21446333">
        <ele>138.2</ele>
        <time>2025-07-11T06:15:44Z</time>
      </trkpt>
      <trkpt lat="48.15554833" lon="21.214355">
        <ele>137.6</ele>
        <time>2025-07-11T06:15:46Z</time>
      </trkpt>
      <trkpt lat="48.15547" lon="21.21423667">
        <ele>136.6</ele>
        <time>2025-07-11T06:15:49Z</time>
      </trkpt>
      <trkpt lat="48.15540667" lon="21.21409167">
        <ele>140</ele>
        <time>2025-07-11T06:17:32Z</time>
      </trkpt>
      <trkpt lat="48.155335" lon="21.21395333">
        <ele>139.5</ele>
        <time>2025-07-11T06:17:35Z</time>
      </trkpt>
      <trkpt lat="48.15521167" lon="21.21376167">
        <ele>139.7</ele>
        <time>2025-07-11T06:17:38Z</time>
      </trkpt>
      <trkpt lat="48.15509667" lon="21.21361333">
        <ele>140</ele>
        <time>2025-07-11T06:17:40Z</time>
      </trkpt>
      <trkpt lat="48.154965" lon="21.21343833">
        <ele>140.5</ele>
        <time>2025-07-11T06:17:42Z</time>
      </trkpt>
      <trkpt lat="48.15489667" lon="21.21333833">
        <ele>140.6</ele>
        <time>2025-07-11T06:17:43Z</time>
      </trkpt>
      <trkpt lat="48.15482333" lon="21.21324667">
        <ele>141.4</ele>
        <time>2025-07-11T06:17:44Z</time>
      </trkpt>
      <trkpt lat="48.15475167" lon="21.21314167">
        <ele>141.3</ele>
        <time>2025-07-11T06:17:45Z</time>
      </trkpt>
      <trkpt lat="48.15468667" lon="21.21303667">
        <ele>141.4</ele>
        <time>2025-07-11T06:17:46Z</time>
      </trkpt>
      <trkpt lat="48.154625" lon="21.21292167">
        <ele>140.9</ele>
        <time>2025-07-11T06:17:47Z</time>
      </trkpt>
      <trkpt lat="48.15456167" lon="21.21280833">
        <ele>139.3</ele>
        <time>2025-07-11T06:17:48Z</time>
      </trkpt>
      <trkpt lat="48.15449667" lon="21.21270667">
        <ele>138.3</ele>
        <time>2025-07-11T06:17:49Z</time>
      </trkpt>
      <trkpt lat="48.15443" lon="21.21260167">
        <ele>136.9</ele>
        <time>2025-07-11T06:17:50Z</time>
      </trkpt>
      <trkpt lat="48.15436667" lon="21.21250167">
        <ele>135</ele>
        <time>2025-07-11T06:17:51Z</time>
      </trkpt>
      <trkpt lat="48.15430167" lon="21.21240167">
        <ele>134</ele>
        <time>2025-07-11T06:17:52Z</time>
      </trkpt>
      <trkpt lat="48.154235" lon="21.21230667">
        <ele>133.7</ele>
        <time>2025-07-11T06:17:53Z</time>
      </trkpt>
      <trkpt lat="48.15416833" lon="21.21221">
        <ele>133.7</ele>
        <time>2025-07-11T06:17:54Z</time>
      </trkpt>
      <trkpt lat="48.15409667" lon="21.21211667">
        <ele>133.7</ele>
        <time>2025-07-11T06:17:55Z</time>
      </trkpt>
      <trkpt lat="48.15403167" lon="21.21202167">
        <ele>133.6</ele>
        <time>2025-07-11T06:17:56Z</time>
      </trkpt>
      <trkpt lat="48.15396333" lon="21.21192833">
        <ele>133.5</ele>
        <time>2025-07-11T06:17:57Z</time>
      </trkpt>
      <trkpt lat="48.15389833" lon="21.21182667">
        <ele>133.8</ele>
        <time>2025-07-11T06:17:58Z</time>
      </trkpt>
      <trkpt lat="48.15383" lon="21.211725">
        <ele>133.7</ele>
        <time>2025-07-11T06:17:59Z</time>
      </trkpt>
      <trkpt lat="48.15370833" lon="21.21153833">
        <ele>133.6</ele>
        <time>2025-07-11T06:18:01Z</time>
      </trkpt>
      <trkpt lat="48.15364667" lon="21.21143833">
        <ele>134.2</ele>
        <time>2025-07-11T06:18:02Z</time>
      </trkpt>
      <trkpt lat="48.15358333" lon="21.21133833">
        <ele>134</ele>
        <time>2025-07-11T06:18:03Z</time>
      </trkpt>
      <trkpt lat="48.15351833" lon="21.21124333">
        <ele>134.1</ele>
        <time>2025-07-11T06:18:04Z</time>
      </trkpt>
      <trkpt lat="48.15339833" lon="21.21103667">
        <ele>135.1</ele>
        <time>2025-07-11T06:18:06Z</time>
      </trkpt>
      <trkpt lat="48.15333333" lon="21.21093667">
        <ele>136.1</ele>
        <time>2025-07-11T06:18:07Z</time>
      </trkpt>
      <trkpt lat="48.15327" lon="21.21084">
        <ele>136.3</ele>
        <time>2025-07-11T06:18:08Z</time>
      </trkpt>
      <trkpt lat="48.15314333" lon="21.21065333">
        <ele>137.3</ele>
        <time>2025-07-11T06:18:10Z</time>
      </trkpt>
      <trkpt lat="48.15302167" lon="21.21046833">
        <ele>135.9</ele>
        <time>2025-07-11T06:18:12Z</time>
      </trkpt>
      <trkpt lat="48.15289667" lon="21.210285">
        <ele>135.6</ele>
        <time>2025-07-11T06:18:14Z</time>
      </trkpt>
      <trkpt lat="48.15277333" lon="21.21009833">
        <ele>135.2</ele>
        <time>2025-07-11T06:18:16Z</time>
      </trkpt>
      <trkpt lat="48.15265333" lon="21.20991">
        <ele>135</ele>
        <time>2025-07-11T06:18:18Z</time>
      </trkpt>
      <trkpt lat="48.15258833" lon="21.20981">
        <ele>134.5</ele>
        <time>2025-07-11T06:18:19Z</time>
      </trkpt>
      <trkpt lat="48.15252333" lon="21.20971667">
        <ele>133.8</ele>
        <time>2025-07-11T06:18:20Z</time>
      </trkpt>
      <trkpt lat="48.15245667" lon="21.20961833">
        <ele>133.7</ele>
        <time>2025-07-11T06:18:21Z</time>
      </trkpt>
      <trkpt lat="48.15239333" lon="21.20951833">
        <ele>133.9</ele>
        <time>2025-07-11T06:18:22Z</time>
      </trkpt>
      <trkpt lat="48.15227667" lon="21.209325">
        <ele>134.7</ele>
        <time>2025-07-11T06:18:24Z</time>
      </trkpt>
      <trkpt lat="48.15221333" lon="21.20922333">
        <ele>134.6</ele>
        <time>2025-07-11T06:18:25Z</time>
      </trkpt>
      <trkpt lat="48.152085" lon="21.20902667">
        <ele>134.6</ele>
        <time>2025-07-11T06:18:27Z</time>
      </trkpt>
      <trkpt lat="48.15201333" lon="21.20893167">
        <ele>135.2</ele>
        <time>2025-07-11T06:18:28Z</time>
      </trkpt>
      <trkpt lat="48.15194167" lon="21.20883667">
        <ele>135.9</ele>
        <time>2025-07-11T06:18:29Z</time>
      </trkpt>
      <trkpt lat="48.15187667" lon="21.20873667">
        <ele>136.2</ele>
        <time>2025-07-11T06:18:30Z</time>
      </trkpt>
      <trkpt lat="48.15181" lon="21.20863333">
        <ele>136.5</ele>
        <time>2025-07-11T06:18:31Z</time>
      </trkpt>
      <trkpt lat="48.15173833" lon="21.20852833">
        <ele>136.8</ele>
        <time>2025-07-11T06:18:32Z</time>
      </trkpt>
      <trkpt lat="48.15166833" lon="21.20843">
        <ele>136.9</ele>
        <time>2025-07-11T06:18:33Z</time>
      </trkpt>
      <trkpt lat="48.15160167" lon="21.20833">
        <ele>137.2</ele>
        <time>2025-07-11T06:18:34Z</time>
      </trkpt>
      <trkpt lat="48.15153667" lon="21.208225">
        <ele>137.7</ele>
        <time>2025-07-11T06:18:35Z</time>
      </trkpt>
      <trkpt lat="48.151465" lon="21.208125">
        <ele>137.9</ele>
        <time>2025-07-11T06:18:36Z</time>
      </trkpt>
      <trkpt lat="48.151395" lon="21.20802167">
        <ele>137.8</ele>
        <time>2025-07-11T06:18:37Z</time>
      </trkpt>
      <trkpt lat="48.151325" lon="21.20792">
        <ele>137.5</ele>
        <time>2025-07-11T06:18:38Z</time>
      </trkpt>
      <trkpt lat="48.15125" lon="21.207815">
        <ele>136.8</ele>
        <time>2025-07-11T06:18:39Z</time>
      </trkpt>
      <trkpt lat="48.15118167" lon="21.20770667">
        <ele>136.3</ele>
        <time>2025-07-11T06:18:40Z</time>
      </trkpt>
      <trkpt lat="48.15112" lon="21.20760333">
        <ele>136.3</ele>
        <time>2025-07-11T06:18:41Z</time>
      </trkpt>
      <trkpt lat="48.15105" lon="21.20750667">
        <ele>136.5</ele>
        <time>2025-07-11T06:18:42Z</time>
      </trkpt>
      <trkpt lat="48.15098" lon="21.20740667">
        <ele>136.7</ele>
        <time>2025-07-11T06:18:43Z</time>
      </trkpt>
      <trkpt lat="48.15091333" lon="21.20730833">
        <ele>136.7</ele>
        <time>2025-07-11T06:18:44Z</time>
      </trkpt>
      <trkpt lat="48.150845" lon="21.20720333">
        <ele>136.7</ele>
        <time>2025-07-11T06:18:45Z</time>
      </trkpt>
      <trkpt lat="48.15078" lon="21.20710667">
        <ele>136.7</ele>
        <time>2025-07-11T06:18:46Z</time>
      </trkpt>
      <trkpt lat="48.15071167" lon="21.207005">
        <ele>136.7</ele>
        <time>2025-07-11T06:18:47Z</time>
      </trkpt>
      <trkpt lat="48.15064333" lon="21.20690667">
        <ele>136.3</ele>
        <time>2025-07-11T06:18:48Z</time>
      </trkpt>
      <trkpt lat="48.15057667" lon="21.206805">
        <ele>136.6</ele>
        <time>2025-07-11T06:18:49Z</time>
      </trkpt>
      <trkpt lat="48.15050833" lon="21.20670667">
        <ele>137.4</ele>
        <time>2025-07-11T06:18:50Z</time>
      </trkpt>
      <trkpt lat="48.15044333" lon="21.20661167">
        <ele>136.8</ele>
        <time>2025-07-11T06:18:51Z</time>
      </trkpt>
      <trkpt lat="48.15038167" lon="21.20650667">
        <ele>136.8</ele>
        <time>2025-07-11T06:18:52Z</time>
      </trkpt>
      <trkpt lat="48.15031667" lon="21.20641167">
        <ele>137.1</ele>
        <time>2025-07-11T06:18:53Z</time>
      </trkpt>
      <trkpt lat="48.15024833" lon="21.20632">
        <ele>136.9</ele>
        <time>2025-07-11T06:18:54Z</time>
      </trkpt>
      <trkpt lat="48.15017833" lon="21.20621833">
        <ele>137.1</ele>
        <time>2025-07-11T06:18:55Z</time>
      </trkpt>
      <trkpt lat="48.15011" lon="21.206125">
        <ele>137.3</ele>
        <time>2025-07-11T06:18:56Z</time>
      </trkpt>
      <trkpt lat="48.15004333" lon="21.20602833">
        <ele>137.5</ele>
        <time>2025-07-11T06:18:57Z</time>
      </trkpt>
      <trkpt lat="48.14991833" lon="21.20583667">
        <ele>138.1</ele>
        <time>2025-07-11T06:18:59Z</time>
      </trkpt>
      <trkpt lat="48.14984833" lon="21.20573667">
        <ele>138.2</ele>
        <time>2025-07-11T06:19:00Z</time>
      </trkpt>
      <trkpt lat="48.14978" lon="21.20564">
        <ele>138.2</ele>
        <time>2025-07-11T06:19:01Z</time>
      </trkpt>
      <trkpt lat="48.14971167" lon="21.20554167">
        <ele>138.1</ele>
        <time>2025-07-11T06:19:02Z</time>
      </trkpt>
      <trkpt lat="48.14964833" lon="21.205445">
        <ele>138.1</ele>
        <time>2025-07-11T06:19:03Z</time>
      </trkpt>
      <trkpt lat="48.14958333" lon="21.20533667">
        <ele>138.7</ele>
        <time>2025-07-11T06:19:04Z</time>
      </trkpt>
      <trkpt lat="48.14946" lon="21.205135">
        <ele>141.2</ele>
        <time>2025-07-11T06:19:06Z</time>
      </trkpt>
      <trkpt lat="48.14939333" lon="21.20503167">
        <ele>142.3</ele>
        <time>2025-07-11T06:19:07Z</time>
      </trkpt>
      <trkpt lat="48.14932167" lon="21.20492333">
        <ele>143.8</ele>
        <time>2025-07-11T06:19:08Z</time>
      </trkpt>
      <trkpt lat="48.149255" lon="21.20482">
        <ele>143.8</ele>
        <time>2025-07-11T06:19:09Z</time>
      </trkpt>
      <trkpt lat="48.14919" lon="21.20471833">
        <ele>144.3</ele>
        <time>2025-07-11T06:19:10Z</time>
      </trkpt>
      <trkpt lat="48.14912167" lon="21.20461833">
        <ele>144.8</ele>
        <time>2025-07-11T06:19:11Z</time>
      </trkpt>
      <trkpt lat="48.149055" lon="21.20452167">
        <ele>144.8</ele>
        <time>2025-07-11T06:19:12Z</time>
      </trkpt>
      <trkpt lat="48.14893167" lon="21.204345">
        <ele>144.7</ele>
        <time>2025-07-11T06:19:14Z</time>
      </trkpt>
      <trkpt lat="48.14886833" lon="21.20423">
        <ele>145.3</ele>
        <time>2025-07-11T06:19:15Z</time>
      </trkpt>
      <trkpt lat="48.14880167" lon="21.20413167">
        <ele>145.2</ele>
        <time>2025-07-11T06:19:16Z</time>
      </trkpt>
      <trkpt lat="48.14873833" lon="21.20402833">
        <ele>147.3</ele>
        <time>2025-07-11T06:19:17Z</time>
      </trkpt>
      <trkpt lat="48.14866833" lon="21.20392333">
        <ele>146.5</ele>
        <time>2025-07-11T06:19:18Z</time>
      </trkpt>
      <trkpt lat="48.14859167" lon="21.20382333">
        <ele>145.2</ele>
        <time>2025-07-11T06:19:19Z</time>
      </trkpt>
      <trkpt lat="48.14852667" lon="21.20371333">
        <ele>144.4</ele>
        <time>2025-07-11T06:19:20Z</time>
      </trkpt>
      <trkpt lat="48.14845833" lon="21.20359667">
        <ele>144.7</ele>
        <time>2025-07-11T06:19:21Z</time>
      </trkpt>
      <trkpt lat="48.148385" lon="21.203475">
        <ele>144.8</ele>
        <time>2025-07-11T06:19:22Z</time>
      </trkpt>
      <trkpt lat="48.148315" lon="21.20336333">
        <ele>145.5</ele>
        <time>2025-07-11T06:19:23Z</time>
      </trkpt>
      <trkpt lat="48.14824333" lon="21.20324667">
        <ele>144.6</ele>
        <time>2025-07-11T06:19:24Z</time>
      </trkpt>
      <trkpt lat="48.148165" lon="21.20312333">
        <ele>144.3</ele>
        <time>2025-07-11T06:19:25Z</time>
      </trkpt>
      <trkpt lat="48.14808333" lon="21.20297833">
        <ele>142.9</ele>
        <time>2025-07-11T06:19:26Z</time>
      </trkpt>
      <trkpt lat="48.147995" lon="21.20283833">
        <ele>142.9</ele>
        <time>2025-07-11T06:19:27Z</time>
      </trkpt>
      <trkpt lat="48.147895" lon="21.20270167">
        <ele>142.2</ele>
        <time>2025-07-11T06:19:28Z</time>
      </trkpt>
      <trkpt lat="48.14779667" lon="21.20256">
        <ele>141.3</ele>
        <time>2025-07-11T06:19:29Z</time>
      </trkpt>
      <trkpt lat="48.14769333" lon="21.2024">
        <ele>140.8</ele>
        <time>2025-07-11T06:19:30Z</time>
      </trkpt>
      <trkpt lat="48.14759" lon="21.20224">
        <ele>140.5</ele>
        <time>2025-07-11T06:19:31Z</time>
      </trkpt>
      <trkpt lat="48.14748" lon="21.20208667">
        <ele>141</ele>
        <time>2025-07-11T06:19:32Z</time>
      </trkpt>
      <trkpt lat="48.14736833" lon="21.20192333">
        <ele>141.5</ele>
        <time>2025-07-11T06:19:33Z</time>
      </trkpt>
      <trkpt lat="48.14724667" lon="21.201745">
        <ele>141.4</ele>
        <time>2025-07-11T06:19:34Z</time>
      </trkpt>
      <trkpt lat="48.14711667" lon="21.20156167">
        <ele>141.2</ele>
        <time>2025-07-11T06:19:35Z</time>
      </trkpt>
      <trkpt lat="48.14698667" lon="21.20137167">
        <ele>141.3</ele>
        <time>2025-07-11T06:19:36Z</time>
      </trkpt>
      <trkpt lat="48.14685167" lon="21.20117667">
        <ele>141</ele>
        <time>2025-07-11T06:19:37Z</time>
      </trkpt>
      <trkpt lat="48.14671667" lon="21.20097667">
        <ele>140.9</ele>
        <time>2025-07-11T06:19:38Z</time>
      </trkpt>
      <trkpt lat="48.14658" lon="21.20078">
        <ele>141.2</ele>
        <time>2025-07-11T06:19:39Z</time>
      </trkpt>
      <trkpt lat="48.14644833" lon="21.200575">
        <ele>141</ele>
        <time>2025-07-11T06:19:40Z</time>
      </trkpt>
      <trkpt lat="48.14630167" lon="21.20034833">
        <ele>140.8</ele>
        <time>2025-07-11T06:19:41Z</time>
      </trkpt>
      <trkpt lat="48.14615333" lon="21.200115">
        <ele>141.5</ele>
        <time>2025-07-11T06:19:42Z</time>
      </trkpt>
      <trkpt lat="48.146" lon="21.19988333">
        <ele>141.6</ele>
        <time>2025-07-11T06:19:43Z</time>
      </trkpt>
      <trkpt lat="48.145835" lon="21.19964167">
        <ele>141.6</ele>
        <time>2025-07-11T06:19:44Z</time>
      </trkpt>
      <trkpt lat="48.14567" lon="21.199405">
        <ele>141.5</ele>
        <time>2025-07-11T06:19:45Z</time>
      </trkpt>
      <trkpt lat="48.14550167" lon="21.19915333">
        <ele>141.1</ele>
        <time>2025-07-11T06:19:46Z</time>
      </trkpt>
      <trkpt lat="48.14533667" lon="21.198895">
        <ele>140.7</ele>
        <time>2025-07-11T06:19:47Z</time>
      </trkpt>
      <trkpt lat="48.14516833" lon="21.198635">
        <ele>140.9</ele>
        <time>2025-07-11T06:19:48Z</time>
      </trkpt>
      <trkpt lat="48.14499833" lon="21.19836833">
        <ele>141</ele>
        <time>2025-07-11T06:19:49Z</time>
      </trkpt>
      <trkpt lat="48.144835" lon="21.198095">
        <ele>140.5</ele>
        <time>2025-07-11T06:19:50Z</time>
      </trkpt>
      <trkpt lat="48.14465833" lon="21.19781833">
        <ele>140.5</ele>
        <time>2025-07-11T06:19:51Z</time>
      </trkpt>
      <trkpt lat="48.14447667" lon="21.19753833">
        <ele>140.2</ele>
        <time>2025-07-11T06:19:52Z</time>
      </trkpt>
      <trkpt lat="48.144265" lon="21.19724">
        <ele>144</ele>
        <time>2025-07-11T06:19:53Z</time>
      </trkpt>
      <trkpt lat="48.14407167" lon="21.19696167">
        <ele>144</ele>
        <time>2025-07-11T06:19:54Z</time>
      </trkpt>
      <trkpt lat="48.14387" lon="21.19667167">
        <ele>144.1</ele>
        <time>2025-07-11T06:19:55Z</time>
      </trkpt>
      <trkpt lat="48.14365833" lon="21.19637833">
        <ele>146.2</ele>
        <time>2025-07-11T06:19:56Z</time>
      </trkpt>
      <trkpt lat="48.14346667" lon="21.19607833">
        <ele>145.6</ele>
        <time>2025-07-11T06:19:57Z</time>
      </trkpt>
      <trkpt lat="48.14326833" lon="21.19577667">
        <ele>145.5</ele>
        <time>2025-07-11T06:19:58Z</time>
      </trkpt>
      <trkpt lat="48.14307667" lon="21.19546833">
        <ele>144.9</ele>
        <time>2025-07-11T06:19:59Z</time>
      </trkpt>
      <trkpt lat="48.14288" lon="21.19514667">
        <ele>141.6</ele>
        <time>2025-07-11T06:20:00Z</time>
      </trkpt>
      <trkpt lat="48.14268833" lon="21.19484">
        <ele>141</ele>
        <time>2025-07-11T06:20:01Z</time>
      </trkpt>
      <trkpt lat="48.14249" lon="21.19454167">
        <ele>140.8</ele>
        <time>2025-07-11T06:20:02Z</time>
      </trkpt>
      <trkpt lat="48.14229" lon="21.19422833">
        <ele>140.2</ele>
        <time>2025-07-11T06:20:03Z</time>
      </trkpt>
      <trkpt lat="48.14208833" lon="21.19391333">
        <ele>139.7</ele>
        <time>2025-07-11T06:20:04Z</time>
      </trkpt>
      <trkpt lat="48.14187167" lon="21.19360167">
        <ele>139.5</ele>
        <time>2025-07-11T06:20:05Z</time>
      </trkpt>
      <trkpt lat="48.14165833" lon="21.19329667">
        <ele>139.8</ele>
        <time>2025-07-11T06:20:06Z</time>
      </trkpt>
      <trkpt lat="48.14145" lon="21.19299">
        <ele>140.4</ele>
        <time>2025-07-11T06:20:07Z</time>
      </trkpt>
      <trkpt lat="48.14124333" lon="21.19268167">
        <ele>141.2</ele>
        <time>2025-07-11T06:20:08Z</time>
      </trkpt>
      <trkpt lat="48.14103" lon="21.19237">
        <ele>140.8</ele>
        <time>2025-07-11T06:20:09Z</time>
      </trkpt>
      <trkpt lat="48.140815" lon="21.192065">
        <ele>142.2</ele>
        <time>2025-07-11T06:20:10Z</time>
      </trkpt>
      <trkpt lat="48.140605" lon="21.19173333">
        <ele>142.3</ele>
        <time>2025-07-11T06:20:11Z</time>
      </trkpt>
      <trkpt lat="48.14039" lon="21.191415">
        <ele>141.9</ele>
        <time>2025-07-11T06:20:12Z</time>
      </trkpt>
      <trkpt lat="48.14017167" lon="21.19110167">
        <ele>140.6</ele>
        <time>2025-07-11T06:20:13Z</time>
      </trkpt>
      <trkpt lat="48.13996" lon="21.19078833">
        <ele>139.1</ele>
        <time>2025-07-11T06:20:14Z</time>
      </trkpt>
      <trkpt lat="48.13974833" lon="21.19047833">
        <ele>138.9</ele>
        <time>2025-07-11T06:20:15Z</time>
      </trkpt>
      <trkpt lat="48.139535" lon="21.19016333">
        <ele>138.7</ele>
        <time>2025-07-11T06:20:16Z</time>
      </trkpt>
      <trkpt lat="48.13931833" lon="21.18984333">
        <ele>138.5</ele>
        <time>2025-07-11T06:20:17Z</time>
      </trkpt>
      <trkpt lat="48.13911" lon="21.18953833">
        <ele>137</ele>
        <time>2025-07-11T06:20:18Z</time>
      </trkpt>
      <trkpt lat="48.1389" lon="21.18921333">
        <ele>136.9</ele>
        <time>2025-07-11T06:20:19Z</time>
      </trkpt>
      <trkpt lat="48.13869667" lon="21.18888833">
        <ele>135.9</ele>
        <time>2025-07-11T06:20:20Z</time>
      </trkpt>
      <trkpt lat="48.13848833" lon="21.18856167">
        <ele>135.1</ele>
        <time>2025-07-11T06:20:21Z</time>
      </trkpt>
      <trkpt lat="48.13828" lon="21.18823833">
        <ele>136.2</ele>
        <time>2025-07-11T06:20:22Z</time>
      </trkpt>
      <trkpt lat="48.13806833" lon="21.18791">
        <ele>138.2</ele>
        <time>2025-07-11T06:20:23Z</time>
      </trkpt>
      <trkpt lat="48.13785667" lon="21.18758667">
        <ele>138.7</ele>
        <time>2025-07-11T06:20:24Z</time>
      </trkpt>
      <trkpt lat="48.13765" lon="21.18727167">
        <ele>141.7</ele>
        <time>2025-07-11T06:20:25Z</time>
      </trkpt>
      <trkpt lat="48.13744" lon="21.18695333">
        <ele>139.9</ele>
        <time>2025-07-11T06:20:26Z</time>
      </trkpt>
      <trkpt lat="48.13723" lon="21.18663833">
        <ele>139.3</ele>
        <time>2025-07-11T06:20:27Z</time>
      </trkpt>
      <trkpt lat="48.13701333" lon="21.18632333">
        <ele>138.7</ele>
        <time>2025-07-11T06:20:28Z</time>
      </trkpt>
      <trkpt lat="48.1368" lon="21.18600833">
        <ele>138.2</ele>
        <time>2025-07-11T06:20:29Z</time>
      </trkpt>
      <trkpt lat="48.13658833" lon="21.18569667">
        <ele>138</ele>
        <time>2025-07-11T06:20:30Z</time>
      </trkpt>
      <trkpt lat="48.136375" lon="21.18538333">
        <ele>137.5</ele>
        <time>2025-07-11T06:20:31Z</time>
      </trkpt>
      <trkpt lat="48.136165" lon="21.18506667">
        <ele>137.3</ele>
        <time>2025-07-11T06:20:32Z</time>
      </trkpt>
      <trkpt lat="48.13594833" lon="21.184745">
        <ele>137</ele>
        <time>2025-07-11T06:20:33Z</time>
      </trkpt>
      <trkpt lat="48.13573" lon="21.18442">
        <ele>136.6</ele>
        <time>2025-07-11T06:20:34Z</time>
      </trkpt>
      <trkpt lat="48.13551833" lon="21.18410167">
        <ele>136.2</ele>
        <time>2025-07-11T06:20:35Z</time>
      </trkpt>
      <trkpt lat="48.13530833" lon="21.18378333">
        <ele>136.1</ele>
        <time>2025-07-11T06:20:36Z</time>
      </trkpt>
      <trkpt lat="48.13511167" lon="21.18346167">
        <ele>139.5</ele>
        <time>2025-07-11T06:20:37Z</time>
      </trkpt>
      <trkpt lat="48.13489667" lon="21.18315167">
        <ele>138.7</ele>
        <time>2025-07-11T06:20:38Z</time>
      </trkpt>
      <trkpt lat="48.13468333" lon="21.18282833">
        <ele>138.6</ele>
        <time>2025-07-11T06:20:39Z</time>
      </trkpt>
      <trkpt lat="48.13446667" lon="21.18250833">
        <ele>138.8</ele>
        <time>2025-07-11T06:20:40Z</time>
      </trkpt>
      <trkpt lat="48.13425" lon="21.18218167">
        <ele>138.9</ele>
        <time>2025-07-11T06:20:41Z</time>
      </trkpt>
      <trkpt lat="48.13403333" lon="21.18186167">
        <ele>138.4</ele>
        <time>2025-07-11T06:20:42Z</time>
      </trkpt>
      <trkpt lat="48.13381333" lon="21.181535">
        <ele>137.7</ele>
        <time>2025-07-11T06:20:43Z</time>
      </trkpt>
      <trkpt lat="48.1336" lon="21.18122">
        <ele>137.7</ele>
        <time>2025-07-11T06:20:44Z</time>
      </trkpt>
      <trkpt lat="48.13338833" lon="21.18091167">
        <ele>138.5</ele>
        <time>2025-07-11T06:20:45Z</time>
      </trkpt>
      <trkpt lat="48.13317667" lon="21.18059833">
        <ele>138.4</ele>
        <time>2025-07-11T06:20:46Z</time>
      </trkpt>
      <trkpt lat="48.132965" lon="21.18028">
        <ele>138.5</ele>
        <time>2025-07-11T06:20:47Z</time>
      </trkpt>
      <trkpt lat="48.13275667" lon="21.17995">
        <ele>138.7</ele>
        <time>2025-07-11T06:20:48Z</time>
      </trkpt>
      <trkpt lat="48.13254167" lon="21.17963667">
        <ele>139.4</ele>
        <time>2025-07-11T06:20:49Z</time>
      </trkpt>
      <trkpt lat="48.13233167" lon="21.17932">
        <ele>139.7</ele>
        <time>2025-07-11T06:20:50Z</time>
      </trkpt>
      <trkpt lat="48.13212667" lon="21.17900667">
        <ele>140.4</ele>
        <time>2025-07-11T06:20:51Z</time>
      </trkpt>
      <trkpt lat="48.13193" lon="21.17870167">
        <ele>141.1</ele>
        <time>2025-07-11T06:20:52Z</time>
      </trkpt>
      <trkpt lat="48.13172833" lon="21.17838667">
        <ele>142.1</ele>
        <time>2025-07-11T06:20:53Z</time>
      </trkpt>
      <trkpt lat="48.13152" lon="21.17807">
        <ele>142.7</ele>
        <time>2025-07-11T06:20:54Z</time>
      </trkpt>
      <trkpt lat="48.13131" lon="21.17775167">
        <ele>142.8</ele>
        <time>2025-07-11T06:20:55Z</time>
      </trkpt>
      <trkpt lat="48.1311" lon="21.17743833">
        <ele>143.3</ele>
        <time>2025-07-11T06:20:56Z</time>
      </trkpt>
      <trkpt lat="48.13088" lon="21.17711667">
        <ele>142.4</ele>
        <time>2025-07-11T06:20:57Z</time>
      </trkpt>
      <trkpt lat="48.13066667" lon="21.17678667">
        <ele>142.6</ele>
        <time>2025-07-11T06:20:58Z</time>
      </trkpt>
      <trkpt lat="48.13045667" lon="21.17646333">
        <ele>141.6</ele>
        <time>2025-07-11T06:20:59Z</time>
      </trkpt>
      <trkpt lat="48.13024333" lon="21.17614667">
        <ele>141.3</ele>
        <time>2025-07-11T06:21:00Z</time>
      </trkpt>
      <trkpt lat="48.130035" lon="21.17583333">
        <ele>140.5</ele>
        <time>2025-07-11T06:21:01Z</time>
      </trkpt>
      <trkpt lat="48.12982667" lon="21.17551667">
        <ele>139.9</ele>
        <time>2025-07-11T06:21:02Z</time>
      </trkpt>
      <trkpt lat="48.12962833" lon="21.175195">
        <ele>139.8</ele>
        <time>2025-07-11T06:21:03Z</time>
      </trkpt>
      <trkpt lat="48.12942333" lon="21.174885">
        <ele>140.6</ele>
        <time>2025-07-11T06:21:04Z</time>
      </trkpt>
      <trkpt lat="48.12920833" lon="21.17456833">
        <ele>142.2</ele>
        <time>2025-07-11T06:21:05Z</time>
      </trkpt>
      <trkpt lat="48.12900333" lon="21.17425833">
        <ele>143.4</ele>
        <time>2025-07-11T06:21:06Z</time>
      </trkpt>
      <trkpt lat="48.12880333" lon="21.173945">
        <ele>142.9</ele>
        <time>2025-07-11T06:21:07Z</time>
      </trkpt>
      <trkpt lat="48.12859667" lon="21.17362167">
        <ele>143.7</ele>
        <time>2025-07-11T06:21:08Z</time>
      </trkpt>
      <trkpt lat="48.12839" lon="21.17330167">
        <ele>145.3</ele>
        <time>2025-07-11T06:21:09Z</time>
      </trkpt>
      <trkpt lat="48.12817833" lon="21.17298833">
        <ele>145.8</ele>
        <time>2025-07-11T06:21:10Z</time>
      </trkpt>
      <trkpt lat="48.12796333" lon="21.172675">
        <ele>145.1</ele>
        <time>2025-07-11T06:21:11Z</time>
      </trkpt>
      <trkpt lat="48.12774667" lon="21.17235333">
        <ele>145.1</ele>
        <time>2025-07-11T06:21:12Z</time>
      </trkpt>
      <trkpt lat="48.12752833" lon="21.17202667">
        <ele>145.8</ele>
        <time>2025-07-11T06:21:13Z</time>
      </trkpt>
      <trkpt lat="48.127315" lon="21.171715">
        <ele>144.9</ele>
        <time>2025-07-11T06:21:14Z</time>
      </trkpt>
      <trkpt lat="48.12709667" lon="21.17139333">
        <ele>144.4</ele>
        <time>2025-07-11T06:21:15Z</time>
      </trkpt>
      <trkpt lat="48.12688833" lon="21.17105667">
        <ele>145</ele>
        <time>2025-07-11T06:21:16Z</time>
      </trkpt>
      <trkpt lat="48.12668833" lon="21.170755">
        <ele>144.7</ele>
        <time>2025-07-11T06:21:17Z</time>
      </trkpt>
      <trkpt lat="48.126485" lon="21.17044167">
        <ele>146</ele>
        <time>2025-07-11T06:21:18Z</time>
      </trkpt>
      <trkpt lat="48.12627667" lon="21.17013167">
        <ele>145.7</ele>
        <time>2025-07-11T06:21:19Z</time>
      </trkpt>
      <trkpt lat="48.126065" lon="21.16981667">
        <ele>145</ele>
        <time>2025-07-11T06:21:20Z</time>
      </trkpt>
      <trkpt lat="48.12584167" lon="21.16950333">
        <ele>143.4</ele>
        <time>2025-07-11T06:21:21Z</time>
      </trkpt>
      <trkpt lat="48.12562167" lon="21.169175">
        <ele>141.7</ele>
        <time>2025-07-11T06:21:22Z</time>
      </trkpt>
      <trkpt lat="48.12541" lon="21.16886333">
        <ele>141</ele>
        <time>2025-07-11T06:21:23Z</time>
      </trkpt>
      <trkpt lat="48.12519667" lon="21.16854167">
        <ele>141</ele>
        <time>2025-07-11T06:21:24Z</time>
      </trkpt>
      <trkpt lat="48.12498333" lon="21.16824">
        <ele>140.6</ele>
        <time>2025-07-11T06:21:25Z</time>
      </trkpt>
      <trkpt lat="48.12478" lon="21.167925">
        <ele>141.5</ele>
        <time>2025-07-11T06:21:26Z</time>
      </trkpt>
      <trkpt lat="48.12457833" lon="21.16760833">
        <ele>142.4</ele>
        <time>2025-07-11T06:21:27Z</time>
      </trkpt>
      <trkpt lat="48.12437167" lon="21.16728333">
        <ele>143.4</ele>
        <time>2025-07-11T06:21:28Z</time>
      </trkpt>
      <trkpt lat="48.12416667" lon="21.16695833">
        <ele>144.3</ele>
        <time>2025-07-11T06:21:29Z</time>
      </trkpt>
      <trkpt lat="48.123955" lon="21.16663833">
        <ele>144.1</ele>
        <time>2025-07-11T06:21:30Z</time>
      </trkpt>
      <trkpt lat="48.123745" lon="21.16632833">
        <ele>144.7</ele>
        <time>2025-07-11T06:21:31Z</time>
      </trkpt>
      <trkpt lat="48.12351833" lon="21.166015">
        <ele>143.1</ele>
        <time>2025-07-11T06:21:32Z</time>
      </trkpt>
      <trkpt lat="48.123315" lon="21.1657">
        <ele>144.4</ele>
        <time>2025-07-11T06:21:33Z</time>
      </trkpt>
      <trkpt lat="48.12310833" lon="21.16538167">
        <ele>144.8</ele>
        <time>2025-07-11T06:21:34Z</time>
      </trkpt>
      <trkpt lat="48.12289667" lon="21.16506167">
        <ele>145.1</ele>
        <time>2025-07-11T06:21:35Z</time>
      </trkpt>
      <trkpt lat="48.12268333" lon="21.16474">
        <ele>144.3</ele>
        <time>2025-07-11T06:21:36Z</time>
      </trkpt>
      <trkpt lat="48.12247333" lon="21.16442">
        <ele>144.1</ele>
        <time>2025-07-11T06:21:37Z</time>
      </trkpt>
      <trkpt lat="48.12227" lon="21.16410833">
        <ele>144.4</ele>
        <time>2025-07-11T06:21:38Z</time>
      </trkpt>
      <trkpt lat="48.122065" lon="21.16379333">
        <ele>144.5</ele>
        <time>2025-07-11T06:21:39Z</time>
      </trkpt>
      <trkpt lat="48.12185" lon="21.163475">
        <ele>143.9</ele>
        <time>2025-07-11T06:21:40Z</time>
      </trkpt>
      <trkpt lat="48.12163667" lon="21.16315167">
        <ele>143.9</ele>
        <time>2025-07-11T06:21:41Z</time>
      </trkpt>
      <trkpt lat="48.12142333" lon="21.16283333">
        <ele>141.7</ele>
        <time>2025-07-11T06:21:42Z</time>
      </trkpt>
      <trkpt lat="48.12121333" lon="21.16251667">
        <ele>142.2</ele>
        <time>2025-07-11T06:21:43Z</time>
      </trkpt>
      <trkpt lat="48.12100667" lon="21.16220333">
        <ele>142.8</ele>
        <time>2025-07-11T06:21:44Z</time>
      </trkpt>
      <trkpt lat="48.120795" lon="21.161885">
        <ele>142.8</ele>
        <time>2025-07-11T06:21:45Z</time>
      </trkpt>
      <trkpt lat="48.120575" lon="21.16156333">
        <ele>141.7</ele>
        <time>2025-07-11T06:21:46Z</time>
      </trkpt>
      <trkpt lat="48.12036" lon="21.16124167">
        <ele>141.5</ele>
        <time>2025-07-11T06:21:47Z</time>
      </trkpt>
      <trkpt lat="48.12015" lon="21.160925">
        <ele>141.2</ele>
        <time>2025-07-11T06:21:48Z</time>
      </trkpt>
      <trkpt lat="48.11994333" lon="21.16059833">
        <ele>142.7</ele>
        <time>2025-07-11T06:21:49Z</time>
      </trkpt>
      <trkpt lat="48.11973667" lon="21.16027833">
        <ele>144.9</ele>
        <time>2025-07-11T06:21:50Z</time>
      </trkpt>
      <trkpt lat="48.11952" lon="21.15995833">
        <ele>143.8</ele>
        <time>2025-07-11T06:21:51Z</time>
      </trkpt>
      <trkpt lat="48.11930833" lon="21.15964167">
        <ele>144.3</ele>
        <time>2025-07-11T06:21:52Z</time>
      </trkpt>
      <trkpt lat="48.11909667" lon="21.15932167">
        <ele>144.2</ele>
        <time>2025-07-11T06:21:53Z</time>
      </trkpt>
      <trkpt lat="48.118885" lon="21.15900167">
        <ele>144.3</ele>
        <time>2025-07-11T06:21:54Z</time>
      </trkpt>
      <trkpt lat="48.11866667" lon="21.15868333">
        <ele>144.6</ele>
        <time>2025-07-11T06:21:55Z</time>
      </trkpt>
      <trkpt lat="48.11846" lon="21.15837333">
        <ele>143.3</ele>
        <time>2025-07-11T06:21:56Z</time>
      </trkpt>
      <trkpt lat="48.11824167" lon="21.15805667">
        <ele>142.8</ele>
        <time>2025-07-11T06:21:57Z</time>
      </trkpt>
      <trkpt lat="48.11803" lon="21.15774333">
        <ele>142.4</ele>
        <time>2025-07-11T06:21:58Z</time>
      </trkpt>
      <trkpt lat="48.11781833" lon="21.15742667">
        <ele>142.1</ele>
        <time>2025-07-11T06:21:59Z</time>
      </trkpt>
      <trkpt lat="48.11759833" lon="21.15710167">
        <ele>142.9</ele>
        <time>2025-07-11T06:22:00Z</time>
      </trkpt>
      <trkpt lat="48.117385" lon="21.15677667">
        <ele>142.8</ele>
        <time>2025-07-11T06:22:01Z</time>
      </trkpt>
      <trkpt lat="48.11717667" lon="21.15646333">
        <ele>142.7</ele>
        <time>2025-07-11T06:22:02Z</time>
      </trkpt>
      <trkpt lat="48.11697" lon="21.15614833">
        <ele>143.3</ele>
        <time>2025-07-11T06:22:03Z</time>
      </trkpt>
      <trkpt lat="48.11675833" lon="21.155825">
        <ele>143.1</ele>
        <time>2025-07-11T06:22:04Z</time>
      </trkpt>
      <trkpt lat="48.11654833" lon="21.15550833">
        <ele>142.4</ele>
        <time>2025-07-11T06:22:05Z</time>
      </trkpt>
      <trkpt lat="48.11634" lon="21.15519167">
        <ele>143.1</ele>
        <time>2025-07-11T06:22:06Z</time>
      </trkpt>
      <trkpt lat="48.11612667" lon="21.15486167">
        <ele>142.4</ele>
        <time>2025-07-11T06:22:07Z</time>
      </trkpt>
      <trkpt lat="48.11591667" lon="21.154535">
        <ele>140.1</ele>
        <time>2025-07-11T06:22:08Z</time>
      </trkpt>
      <trkpt lat="48.11570833" lon="21.15421833">
        <ele>139.3</ele>
        <time>2025-07-11T06:22:09Z</time>
      </trkpt>
      <trkpt lat="48.1155" lon="21.15389167">
        <ele>139.2</ele>
        <time>2025-07-11T06:22:10Z</time>
      </trkpt>
      <trkpt lat="48.11529167" lon="21.15357667">
        <ele>139.1</ele>
        <time>2025-07-11T06:22:11Z</time>
      </trkpt>
      <trkpt lat="48.11507167" lon="21.15326">
        <ele>139.2</ele>
        <time>2025-07-11T06:22:12Z</time>
      </trkpt>
      <trkpt lat="48.11486" lon="21.15295">
        <ele>141.1</ele>
        <time>2025-07-11T06:22:13Z</time>
      </trkpt>
      <trkpt lat="48.11465167" lon="21.152635">
        <ele>141</ele>
        <time>2025-07-11T06:22:14Z</time>
      </trkpt>
      <trkpt lat="48.11444667" lon="21.15232167">
        <ele>140.3</ele>
        <time>2025-07-11T06:22:15Z</time>
      </trkpt>
      <trkpt lat="48.11423667" lon="21.152015">
        <ele>140.3</ele>
        <time>2025-07-11T06:22:16Z</time>
      </trkpt>
      <trkpt lat="48.11403167" lon="21.15170667">
        <ele>140.5</ele>
        <time>2025-07-11T06:22:17Z</time>
      </trkpt>
      <trkpt lat="48.11382167" lon="21.15139333">
        <ele>140.1</ele>
        <time>2025-07-11T06:22:18Z</time>
      </trkpt>
      <trkpt lat="48.11360833" lon="21.15108167">
        <ele>140.3</ele>
        <time>2025-07-11T06:22:19Z</time>
      </trkpt>
      <trkpt lat="48.11339667" lon="21.150765">
        <ele>140.2</ele>
        <time>2025-07-11T06:22:20Z</time>
      </trkpt>
      <trkpt lat="48.113185" lon="21.15044667">
        <ele>140.2</ele>
        <time>2025-07-11T06:22:21Z</time>
      </trkpt>
      <trkpt lat="48.112975" lon="21.15012667">
        <ele>140.2</ele>
        <time>2025-07-11T06:22:22Z</time>
      </trkpt>
      <trkpt lat="48.11276667" lon="21.14981">
        <ele>140.6</ele>
        <time>2025-07-11T06:22:23Z</time>
      </trkpt>
      <trkpt lat="48.11255333" lon="21.14948667">
        <ele>141.6</ele>
        <time>2025-07-11T06:22:24Z</time>
      </trkpt>
      <trkpt lat="48.11234667" lon="21.14917">
        <ele>141.8</ele>
        <time>2025-07-11T06:22:25Z</time>
      </trkpt>
      <trkpt lat="48.11213333" lon="21.14884833">
        <ele>141.8</ele>
        <time>2025-07-11T06:22:26Z</time>
      </trkpt>
      <trkpt lat="48.111925" lon="21.14853333">
        <ele>142.2</ele>
        <time>2025-07-11T06:22:27Z</time>
      </trkpt>
      <trkpt lat="48.11171167" lon="21.14821333">
        <ele>142.3</ele>
        <time>2025-07-11T06:22:28Z</time>
      </trkpt>
      <trkpt lat="48.111495" lon="21.147885">
        <ele>141.6</ele>
        <time>2025-07-11T06:22:29Z</time>
      </trkpt>
      <trkpt lat="48.11129167" lon="21.14756">
        <ele>141.3</ele>
        <time>2025-07-11T06:22:30Z</time>
      </trkpt>
      <trkpt lat="48.11108167" lon="21.14724">
        <ele>141.3</ele>
        <time>2025-07-11T06:22:31Z</time>
      </trkpt>
      <trkpt lat="48.110865" lon="21.14691667">
        <ele>141.4</ele>
        <time>2025-07-11T06:22:32Z</time>
      </trkpt>
      <trkpt lat="48.11065167" lon="21.1466">
        <ele>142.1</ele>
        <time>2025-07-11T06:22:33Z</time>
      </trkpt>
      <trkpt lat="48.11043833" lon="21.14626667">
        <ele>142.9</ele>
        <time>2025-07-11T06:22:34Z</time>
      </trkpt>
      <trkpt lat="48.11022833" lon="21.14595333">
        <ele>143</ele>
        <time>2025-07-11T06:22:35Z</time>
      </trkpt>
      <trkpt lat="48.11002" lon="21.14563333">
        <ele>143.9</ele>
        <time>2025-07-11T06:22:36Z</time>
      </trkpt>
      <trkpt lat="48.10981167" lon="21.14531167">
        <ele>144.6</ele>
        <time>2025-07-11T06:22:37Z</time>
      </trkpt>
      <trkpt lat="48.10959833" lon="21.145005">
        <ele>142.3</ele>
        <time>2025-07-11T06:22:38Z</time>
      </trkpt>
      <trkpt lat="48.10938333" lon="21.144685">
        <ele>141.9</ele>
        <time>2025-07-11T06:22:39Z</time>
      </trkpt>
      <trkpt lat="48.10916833" lon="21.14437833">
        <ele>140.3</ele>
        <time>2025-07-11T06:22:40Z</time>
      </trkpt>
      <trkpt lat="48.10897333" lon="21.14406">
        <ele>139.8</ele>
        <time>2025-07-11T06:22:41Z</time>
      </trkpt>
      <trkpt lat="48.10875667" lon="21.143755">
        <ele>139.3</ele>
        <time>2025-07-11T06:22:42Z</time>
      </trkpt>
      <trkpt lat="48.10856167" lon="21.14343833">
        <ele>139.4</ele>
        <time>2025-07-11T06:22:43Z</time>
      </trkpt>
      <trkpt lat="48.10836333" lon="21.14312333">
        <ele>139.2</ele>
        <time>2025-07-11T06:22:44Z</time>
      </trkpt>
      <trkpt lat="48.108155" lon="21.14280333">
        <ele>138.3</ele>
        <time>2025-07-11T06:22:45Z</time>
      </trkpt>
      <trkpt lat="48.10795333" lon="21.142485">
        <ele>138.5</ele>
        <time>2025-07-11T06:22:46Z</time>
      </trkpt>
      <trkpt lat="48.10773833" lon="21.14214667">
        <ele>136.3</ele>
        <time>2025-07-11T06:22:47Z</time>
      </trkpt>
      <trkpt lat="48.10752833" lon="21.14182667">
        <ele>137</ele>
        <time>2025-07-11T06:22:48Z</time>
      </trkpt>
      <trkpt lat="48.10732167" lon="21.14151667">
        <ele>136.4</ele>
        <time>2025-07-11T06:22:49Z</time>
      </trkpt>
      <trkpt lat="48.10710833" lon="21.14119833">
        <ele>137.1</ele>
        <time>2025-07-11T06:22:50Z</time>
      </trkpt>
      <trkpt lat="48.10689667" lon="21.14087833">
        <ele>139.5</ele>
        <time>2025-07-11T06:22:51Z</time>
      </trkpt>
      <trkpt lat="48.10668333" lon="21.14054667">
        <ele>138.5</ele>
        <time>2025-07-11T06:22:52Z</time>
      </trkpt>
      <trkpt lat="48.10648167" lon="21.14024167">
        <ele>137.8</ele>
        <time>2025-07-11T06:22:53Z</time>
      </trkpt>
      <trkpt lat="48.10627" lon="21.13992">
        <ele>137.3</ele>
        <time>2025-07-11T06:22:54Z</time>
      </trkpt>
      <trkpt lat="48.106065" lon="21.1396">
        <ele>141.2</ele>
        <time>2025-07-11T06:22:55Z</time>
      </trkpt>
      <trkpt lat="48.10585" lon="21.13928667">
        <ele>140.7</ele>
        <time>2025-07-11T06:22:56Z</time>
      </trkpt>
      <trkpt lat="48.10563167" lon="21.13898167">
        <ele>140.4</ele>
        <time>2025-07-11T06:22:57Z</time>
      </trkpt>
      <trkpt lat="48.105415" lon="21.13866667">
        <ele>141</ele>
        <time>2025-07-11T06:22:58Z</time>
      </trkpt>
      <trkpt lat="48.10520333" lon="21.13834833">
        <ele>142.5</ele>
        <time>2025-07-11T06:22:59Z</time>
      </trkpt>
      <trkpt lat="48.104995" lon="21.138025">
        <ele>143.9</ele>
        <time>2025-07-11T06:23:00Z</time>
      </trkpt>
      <trkpt lat="48.10478833" lon="21.13770667">
        <ele>144.8</ele>
        <time>2025-07-11T06:23:01Z</time>
      </trkpt>
      <trkpt lat="48.10457833" lon="21.13738">
        <ele>146</ele>
        <time>2025-07-11T06:23:02Z</time>
      </trkpt>
      <trkpt lat="48.10436333" lon="21.13706833">
        <ele>146.2</ele>
        <time>2025-07-11T06:23:03Z</time>
      </trkpt>
      <trkpt lat="48.104145" lon="21.136765">
        <ele>145.9</ele>
        <time>2025-07-11T06:23:04Z</time>
      </trkpt>
      <trkpt lat="48.10392333" lon="21.13647167">
        <ele>145.4</ele>
        <time>2025-07-11T06:23:05Z</time>
      </trkpt>
      <trkpt lat="48.10369667" lon="21.13619333">
        <ele>144.4</ele>
        <time>2025-07-11T06:23:06Z</time>
      </trkpt>
      <trkpt lat="48.10345167" lon="21.13591833">
        <ele>146.3</ele>
        <time>2025-07-11T06:23:07Z</time>
      </trkpt>
      <trkpt lat="48.10321167" lon="21.13564">
        <ele>146.6</ele>
        <time>2025-07-11T06:23:08Z</time>
      </trkpt>
      <trkpt lat="48.10296667" lon="21.13538">
        <ele>146.3</ele>
        <time>2025-07-11T06:23:09Z</time>
      </trkpt>
      <trkpt lat="48.102715" lon="21.135145">
        <ele>145</ele>
        <time>2025-07-11T06:23:10Z</time>
      </trkpt>
      <trkpt lat="48.10244667" lon="21.13491">
        <ele>144.3</ele>
        <time>2025-07-11T06:23:11Z</time>
      </trkpt>
      <trkpt lat="48.102185" lon="21.13468333">
        <ele>143.6</ele>
        <time>2025-07-11T06:23:12Z</time>
      </trkpt>
      <trkpt lat="48.101905" lon="21.13447333">
        <ele>141.7</ele>
        <time>2025-07-11T06:23:13Z</time>
      </trkpt>
      <trkpt lat="48.10164167" lon="21.13425833">
        <ele>141.7</ele>
        <time>2025-07-11T06:23:14Z</time>
      </trkpt>
      <trkpt lat="48.10136833" lon="21.13405">
        <ele>141</ele>
        <time>2025-07-11T06:23:15Z</time>
      </trkpt>
      <trkpt lat="48.10111167" lon="21.13386">
        <ele>139.8</ele>
        <time>2025-07-11T06:23:16Z</time>
      </trkpt>
      <trkpt lat="48.10083333" lon="21.13369">
        <ele>139.6</ele>
        <time>2025-07-11T06:23:17Z</time>
      </trkpt>
      <trkpt lat="48.100555" lon="21.13353333">
        <ele>139.5</ele>
        <time>2025-07-11T06:23:18Z</time>
      </trkpt>
      <trkpt lat="48.100255" lon="21.13337833">
        <ele>142.6</ele>
        <time>2025-07-11T06:23:19Z</time>
      </trkpt>
      <trkpt lat="48.09995167" lon="21.13322">
        <ele>146.6</ele>
        <time>2025-07-11T06:23:20Z</time>
      </trkpt>
      <trkpt lat="48.09968667" lon="21.133055">
        <ele>146.2</ele>
        <time>2025-07-11T06:23:21Z</time>
      </trkpt>
      <trkpt lat="48.09942167" lon="21.13289">
        <ele>146.8</ele>
        <time>2025-07-11T06:23:22Z</time>
      </trkpt>
      <trkpt lat="48.09913667" lon="21.13273833">
        <ele>146.6</ele>
        <time>2025-07-11T06:23:23Z</time>
      </trkpt>
      <trkpt lat="48.09883667" lon="21.13261167">
        <ele>143.9</ele>
        <time>2025-07-11T06:23:24Z</time>
      </trkpt>
      <trkpt lat="48.09854333" lon="21.13246667">
        <ele>142.6</ele>
        <time>2025-07-11T06:23:25Z</time>
      </trkpt>
      <trkpt lat="48.09825333" lon="21.13231833">
        <ele>142.2</ele>
        <time>2025-07-11T06:23:26Z</time>
      </trkpt>
      <trkpt lat="48.09797333" lon="21.13218">
        <ele>141.9</ele>
        <time>2025-07-11T06:23:27Z</time>
      </trkpt>
      <trkpt lat="48.09768833" lon="21.132035">
        <ele>141.8</ele>
        <time>2025-07-11T06:23:28Z</time>
      </trkpt>
      <trkpt lat="48.09740167" lon="21.13189333">
        <ele>142</ele>
        <time>2025-07-11T06:23:29Z</time>
      </trkpt>
      <trkpt lat="48.09711333" lon="21.13175">
        <ele>141.4</ele>
        <time>2025-07-11T06:23:30Z</time>
      </trkpt>
      <trkpt lat="48.09683" lon="21.13160333">
        <ele>140.9</ele>
        <time>2025-07-11T06:23:31Z</time>
      </trkpt>
      <trkpt lat="48.09654833" lon="21.131455">
        <ele>140.8</ele>
        <time>2025-07-11T06:23:32Z</time>
      </trkpt>
      <trkpt lat="48.09626" lon="21.1313">
        <ele>141.5</ele>
        <time>2025-07-11T06:23:33Z</time>
      </trkpt>
      <trkpt lat="48.09597667" lon="21.13114333">
        <ele>141.6</ele>
        <time>2025-07-11T06:23:34Z</time>
      </trkpt>
      <trkpt lat="48.095705" lon="21.13099667">
        <ele>142.3</ele>
        <time>2025-07-11T06:23:35Z</time>
      </trkpt>
      <trkpt lat="48.09541667" lon="21.130835">
        <ele>142.5</ele>
        <time>2025-07-11T06:23:36Z</time>
      </trkpt>
      <trkpt lat="48.095135" lon="21.13067833">
        <ele>142.4</ele>
        <time>2025-07-11T06:23:37Z</time>
      </trkpt>
      <trkpt lat="48.09485" lon="21.13053833">
        <ele>142.4</ele>
        <time>2025-07-11T06:23:38Z</time>
      </trkpt>
      <trkpt lat="48.09457667" lon="21.13039333">
        <ele>143.1</ele>
        <time>2025-07-11T06:23:39Z</time>
      </trkpt>
      <trkpt lat="48.09429333" lon="21.13024333">
        <ele>143.6</ele>
        <time>2025-07-11T06:23:40Z</time>
      </trkpt>
      <trkpt lat="48.09401667" lon="21.13009333">
        <ele>143.9</ele>
        <time>2025-07-11T06:23:41Z</time>
      </trkpt>
      <trkpt lat="48.09373833" lon="21.12994167">
        <ele>143.9</ele>
        <time>2025-07-11T06:23:42Z</time>
      </trkpt>
      <trkpt lat="48.09345833" lon="21.129795">
        <ele>143.4</ele>
        <time>2025-07-11T06:23:43Z</time>
      </trkpt>
      <trkpt lat="48.09318167" lon="21.12964">
        <ele>143.6</ele>
        <time>2025-07-11T06:23:44Z</time>
      </trkpt>
      <trkpt lat="48.09290333" lon="21.1295">
        <ele>142.8</ele>
        <time>2025-07-11T06:23:45Z</time>
      </trkpt>
      <trkpt lat="48.09261833" lon="21.12935333">
        <ele>141.8</ele>
        <time>2025-07-11T06:23:46Z</time>
      </trkpt>
      <trkpt lat="48.09233" lon="21.12920167">
        <ele>140</ele>
        <time>2025-07-11T06:23:47Z</time>
      </trkpt>
      <trkpt lat="48.09204333" lon="21.129055">
        <ele>137.8</ele>
        <time>2025-07-11T06:23:48Z</time>
      </trkpt>
      <trkpt lat="48.091755" lon="21.12891333">
        <ele>137.8</ele>
        <time>2025-07-11T06:23:49Z</time>
      </trkpt>
      <trkpt lat="48.09147" lon="21.12875167">
        <ele>136.4</ele>
        <time>2025-07-11T06:23:50Z</time>
      </trkpt>
      <trkpt lat="48.09119667" lon="21.12859833">
        <ele>137.2</ele>
        <time>2025-07-11T06:23:51Z</time>
      </trkpt>
      <trkpt lat="48.09091833" lon="21.12844833">
        <ele>138.6</ele>
        <time>2025-07-11T06:23:52Z</time>
      </trkpt>
      <trkpt lat="48.090625" lon="21.1283">
        <ele>139.6</ele>
        <time>2025-07-11T06:23:53Z</time>
      </trkpt>
      <trkpt lat="48.09034167" lon="21.12815333">
        <ele>140.1</ele>
        <time>2025-07-11T06:23:54Z</time>
      </trkpt>
      <trkpt lat="48.090055" lon="21.128">
        <ele>140.7</ele>
        <time>2025-07-11T06:23:55Z</time>
      </trkpt>
      <trkpt lat="48.08978167" lon="21.12783833">
        <ele>141.8</ele>
        <time>2025-07-11T06:23:56Z</time>
      </trkpt>
      <trkpt lat="48.089485" lon="21.12768167">
        <ele>141.8</ele>
        <time>2025-07-11T06:23:57Z</time>
      </trkpt>
      <trkpt lat="48.0892" lon="21.12755">
        <ele>141.7</ele>
        <time>2025-07-11T06:23:58Z</time>
      </trkpt>
      <trkpt lat="48.08891333" lon="21.12740833">
        <ele>140.7</ele>
        <time>2025-07-11T06:23:59Z</time>
      </trkpt>
      <trkpt lat="48.08862667" lon="21.12727833">
        <ele>138.2</ele>
        <time>2025-07-11T06:24:00Z</time>
      </trkpt>
      <trkpt lat="48.08834" lon="21.12712">
        <ele>137</ele>
        <time>2025-07-11T06:24:01Z</time>
      </trkpt>
      <trkpt lat="48.08805667" lon="21.126965">
        <ele>137.5</ele>
        <time>2025-07-11T06:24:02Z</time>
      </trkpt>
      <trkpt lat="48.08777833" lon="21.12682833">
        <ele>137.4</ele>
        <time>2025-07-11T06:24:03Z</time>
      </trkpt>
      <trkpt lat="48.08750167" lon="21.12668">
        <ele>137.8</ele>
        <time>2025-07-11T06:24:04Z</time>
      </trkpt>
      <trkpt lat="48.08722" lon="21.12652833">
        <ele>138.8</ele>
        <time>2025-07-11T06:24:05Z</time>
      </trkpt>
      <trkpt lat="48.086915" lon="21.126385">
        <ele>137.6</ele>
        <time>2025-07-11T06:24:06Z</time>
      </trkpt>
      <trkpt lat="48.08663167" lon="21.12624333">
        <ele>137.6</ele>
        <time>2025-07-11T06:24:07Z</time>
      </trkpt>
      <trkpt lat="48.08635" lon="21.12608833">
        <ele>137.3</ele>
        <time>2025-07-11T06:24:08Z</time>
      </trkpt>
      <trkpt lat="48.08607333" lon="21.12594167">
        <ele>137.2</ele>
        <time>2025-07-11T06:24:09Z</time>
      </trkpt>
      <trkpt lat="48.08579167" lon="21.12579667">
        <ele>138.3</ele>
        <time>2025-07-11T06:24:10Z</time>
      </trkpt>
      <trkpt lat="48.08551667" lon="21.12564333">
        <ele>139.2</ele>
        <time>2025-07-11T06:24:11Z</time>
      </trkpt>
      <trkpt lat="48.08523667" lon="21.12549333">
        <ele>140.1</ele>
        <time>2025-07-11T06:24:12Z</time>
      </trkpt>
      <trkpt lat="48.08495667" lon="21.12533833">
        <ele>141.4</ele>
        <time>2025-07-11T06:24:13Z</time>
      </trkpt>
      <trkpt lat="48.08467833" lon="21.125185">
        <ele>142.3</ele>
        <time>2025-07-11T06:24:14Z</time>
      </trkpt>
      <trkpt lat="48.08439667" lon="21.12503167">
        <ele>142.1</ele>
        <time>2025-07-11T06:24:15Z</time>
      </trkpt>
      <trkpt lat="48.08411333" lon="21.124885">
        <ele>141.7</ele>
        <time>2025-07-11T06:24:16Z</time>
      </trkpt>
      <trkpt lat="48.08382833" lon="21.124745">
        <ele>141.9</ele>
        <time>2025-07-11T06:24:17Z</time>
      </trkpt>
      <trkpt lat="48.08354167" lon="21.12459167">
        <ele>143.4</ele>
        <time>2025-07-11T06:24:18Z</time>
      </trkpt>
      <trkpt lat="48.08326167" lon="21.124445">
        <ele>143.2</ele>
        <time>2025-07-11T06:24:19Z</time>
      </trkpt>
      <trkpt lat="48.08298" lon="21.1243">
        <ele>144.6</ele>
        <time>2025-07-11T06:24:20Z</time>
      </trkpt>
      <trkpt lat="48.082695" lon="21.124155">
        <ele>144.3</ele>
        <time>2025-07-11T06:24:21Z</time>
      </trkpt>
      <trkpt lat="48.08240833" lon="21.12401">
        <ele>143.7</ele>
        <time>2025-07-11T06:24:22Z</time>
      </trkpt>
      <trkpt lat="48.08212667" lon="21.12386333">
        <ele>143.1</ele>
        <time>2025-07-11T06:24:23Z</time>
      </trkpt>
      <trkpt lat="48.081845" lon="21.12372">
        <ele>143.4</ele>
        <time>2025-07-11T06:24:24Z</time>
      </trkpt>
      <trkpt lat="48.081565" lon="21.12357167">
        <ele>143</ele>
        <time>2025-07-11T06:24:25Z</time>
      </trkpt>
      <trkpt lat="48.081285" lon="21.12342">
        <ele>142.1</ele>
        <time>2025-07-11T06:24:26Z</time>
      </trkpt>
      <trkpt lat="48.081" lon="21.12326833">
        <ele>141.8</ele>
        <time>2025-07-11T06:24:27Z</time>
      </trkpt>
      <trkpt lat="48.08072" lon="21.123115">
        <ele>141.2</ele>
        <time>2025-07-11T06:24:28Z</time>
      </trkpt>
      <trkpt lat="48.08044167" lon="21.12297167">
        <ele>141.3</ele>
        <time>2025-07-11T06:24:29Z</time>
      </trkpt>
      <trkpt lat="48.08015667" lon="21.12282167">
        <ele>141.7</ele>
        <time>2025-07-11T06:24:30Z</time>
      </trkpt>
      <trkpt lat="48.07987" lon="21.12266667">
        <ele>141.5</ele>
        <time>2025-07-11T06:24:31Z</time>
      </trkpt>
      <trkpt lat="48.07958667" lon="21.12251667">
        <ele>140.1</ele>
        <time>2025-07-11T06:24:32Z</time>
      </trkpt>
      <trkpt lat="48.07930667" lon="21.12236833">
        <ele>139.7</ele>
        <time>2025-07-11T06:24:33Z</time>
      </trkpt>
      <trkpt lat="48.07902667" lon="21.12222833">
        <ele>139.7</ele>
        <time>2025-07-11T06:24:34Z</time>
      </trkpt>
      <trkpt lat="48.07873667" lon="21.12207833">
        <ele>140.1</ele>
        <time>2025-07-11T06:24:35Z</time>
      </trkpt>
      <trkpt lat="48.07845167" lon="21.12193333">
        <ele>140.8</ele>
        <time>2025-07-11T06:24:36Z</time>
      </trkpt>
      <trkpt lat="48.078175" lon="21.121785">
        <ele>140.6</ele>
        <time>2025-07-11T06:24:37Z</time>
      </trkpt>
      <trkpt lat="48.07789333" lon="21.12163667">
        <ele>141.4</ele>
        <time>2025-07-11T06:24:38Z</time>
      </trkpt>
      <trkpt lat="48.07760667" lon="21.12148167">
        <ele>141.4</ele>
        <time>2025-07-11T06:24:39Z</time>
      </trkpt>
      <trkpt lat="48.07732" lon="21.12132667">
        <ele>142.1</ele>
        <time>2025-07-11T06:24:40Z</time>
      </trkpt>
      <trkpt lat="48.07703833" lon="21.12117333">
        <ele>141.5</ele>
        <time>2025-07-11T06:24:41Z</time>
      </trkpt>
      <trkpt lat="48.07675833" lon="21.121025">
        <ele>141.3</ele>
        <time>2025-07-11T06:24:42Z</time>
      </trkpt>
      <trkpt lat="48.07647833" lon="21.12087333">
        <ele>142.3</ele>
        <time>2025-07-11T06:24:43Z</time>
      </trkpt>
      <trkpt lat="48.07619667" lon="21.12073167">
        <ele>142.7</ele>
        <time>2025-07-11T06:24:44Z</time>
      </trkpt>
      <trkpt lat="48.07591" lon="21.12058833">
        <ele>143.3</ele>
        <time>2025-07-11T06:24:45Z</time>
      </trkpt>
      <trkpt lat="48.075625" lon="21.12043667">
        <ele>143</ele>
        <time>2025-07-11T06:24:46Z</time>
      </trkpt>
      <trkpt lat="48.07534667" lon="21.12029833">
        <ele>143.1</ele>
        <time>2025-07-11T06:24:47Z</time>
      </trkpt>
      <trkpt lat="48.07506667" lon="21.12015333">
        <ele>143.6</ele>
        <time>2025-07-11T06:24:48Z</time>
      </trkpt>
      <trkpt lat="48.07478833" lon="21.12000667">
        <ele>144.8</ele>
        <time>2025-07-11T06:24:49Z</time>
      </trkpt>
      <trkpt lat="48.0745" lon="21.11986333">
        <ele>145.2</ele>
        <time>2025-07-11T06:24:50Z</time>
      </trkpt>
      <trkpt lat="48.07421667" lon="21.11971">
        <ele>145.2</ele>
        <time>2025-07-11T06:24:51Z</time>
      </trkpt>
      <trkpt lat="48.07393167" lon="21.119555">
        <ele>144.7</ele>
        <time>2025-07-11T06:24:52Z</time>
      </trkpt>
      <trkpt lat="48.073655" lon="21.119405">
        <ele>144.4</ele>
        <time>2025-07-11T06:24:53Z</time>
      </trkpt>
      <trkpt lat="48.073375" lon="21.11925667">
        <ele>144.4</ele>
        <time>2025-07-11T06:24:54Z</time>
      </trkpt>
      <trkpt lat="48.07309667" lon="21.11911">
        <ele>144.1</ele>
        <time>2025-07-11T06:24:55Z</time>
      </trkpt>
      <trkpt lat="48.07281333" lon="21.11896167">
        <ele>143.6</ele>
        <time>2025-07-11T06:24:56Z</time>
      </trkpt>
      <trkpt lat="48.07253333" lon="21.11881167">
        <ele>143.1</ele>
        <time>2025-07-11T06:24:57Z</time>
      </trkpt>
      <trkpt lat="48.07225" lon="21.11866">
        <ele>143.4</ele>
        <time>2025-07-11T06:24:58Z</time>
      </trkpt>
      <trkpt lat="48.07196167" lon="21.11851167">
        <ele>143.6</ele>
        <time>2025-07-11T06:24:59Z</time>
      </trkpt>
      <trkpt lat="48.07168167" lon="21.118365">
        <ele>144.6</ele>
        <time>2025-07-11T06:25:00Z</time>
      </trkpt>
      <trkpt lat="48.0714" lon="21.11821667">
        <ele>144.4</ele>
        <time>2025-07-11T06:25:01Z</time>
      </trkpt>
      <trkpt lat="48.071115" lon="21.118065">
        <ele>144.4</ele>
        <time>2025-07-11T06:25:02Z</time>
      </trkpt>
      <trkpt lat="48.070835" lon="21.11791667">
        <ele>143.9</ele>
        <time>2025-07-11T06:25:03Z</time>
      </trkpt>
      <trkpt lat="48.07055833" lon="21.11777">
        <ele>144.4</ele>
        <time>2025-07-11T06:25:04Z</time>
      </trkpt>
      <trkpt lat="48.07028" lon="21.11762667">
        <ele>144.7</ele>
        <time>2025-07-11T06:25:05Z</time>
      </trkpt>
      <trkpt lat="48.07000333" lon="21.11747667">
        <ele>145.1</ele>
        <time>2025-07-11T06:25:06Z</time>
      </trkpt>
      <trkpt lat="48.06972167" lon="21.11731167">
        <ele>144.9</ele>
        <time>2025-07-11T06:25:07Z</time>
      </trkpt>
      <trkpt lat="48.069435" lon="21.11714667">
        <ele>146.1</ele>
        <time>2025-07-11T06:25:08Z</time>
      </trkpt>
      <trkpt lat="48.06915833" lon="21.11697333">
        <ele>145.4</ele>
        <time>2025-07-11T06:25:09Z</time>
      </trkpt>
      <trkpt lat="48.068885" lon="21.116785">
        <ele>144.9</ele>
        <time>2025-07-11T06:25:10Z</time>
      </trkpt>
      <trkpt lat="48.06861833" lon="21.11658667">
        <ele>144.6</ele>
        <time>2025-07-11T06:25:11Z</time>
      </trkpt>
      <trkpt lat="48.06835833" lon="21.11638">
        <ele>144</ele>
        <time>2025-07-11T06:25:12Z</time>
      </trkpt>
      <trkpt lat="48.0681" lon="21.11616">
        <ele>144.4</ele>
        <time>2025-07-11T06:25:13Z</time>
      </trkpt>
      <trkpt lat="48.06784333" lon="21.11592833">
        <ele>144.7</ele>
        <time>2025-07-11T06:25:14Z</time>
      </trkpt>
      <trkpt lat="48.06759333" lon="21.11570333">
        <ele>144.9</ele>
        <time>2025-07-11T06:25:15Z</time>
      </trkpt>
      <trkpt lat="48.06734" lon="21.11546333">
        <ele>146.1</ele>
        <time>2025-07-11T06:25:16Z</time>
      </trkpt>
      <trkpt lat="48.06708833" lon="21.115215">
        <ele>147</ele>
        <time>2025-07-11T06:25:17Z</time>
      </trkpt>
      <trkpt lat="48.06683333" lon="21.11496333">
        <ele>148.2</ele>
        <time>2025-07-11T06:25:18Z</time>
      </trkpt>
      <trkpt lat="48.06658667" lon="21.114715">
        <ele>146.8</ele>
        <time>2025-07-11T06:25:19Z</time>
      </trkpt>
      <trkpt lat="48.06634167" lon="21.11446667">
        <ele>147.4</ele>
        <time>2025-07-11T06:25:20Z</time>
      </trkpt>
      <trkpt lat="48.06584167" lon="21.11396833">
        <ele>148.3</ele>
        <time>2025-07-11T06:25:22Z</time>
      </trkpt>
      <trkpt lat="48.06559333" lon="21.11371667">
        <ele>148.7</ele>
        <time>2025-07-11T06:25:23Z</time>
      </trkpt>
      <trkpt lat="48.06534" lon="21.11347">
        <ele>148.1</ele>
        <time>2025-07-11T06:25:24Z</time>
      </trkpt>
      <trkpt lat="48.064845" lon="21.11298">
        <ele>147.4</ele>
        <time>2025-07-11T06:25:26Z</time>
      </trkpt>
      <trkpt lat="48.06459833" lon="21.11273333">
        <ele>147</ele>
        <time>2025-07-11T06:25:27Z</time>
      </trkpt>
      <trkpt lat="48.06435667" lon="21.11249">
        <ele>147.1</ele>
        <time>2025-07-11T06:25:28Z</time>
      </trkpt>
      <trkpt lat="48.06410167" lon="21.11223833">
        <ele>148.3</ele>
        <time>2025-07-11T06:25:29Z</time>
      </trkpt>
      <trkpt lat="48.06385" lon="21.11198667">
        <ele>148.8</ele>
        <time>2025-07-11T06:25:30Z</time>
      </trkpt>
      <trkpt lat="48.06335" lon="21.11148333">
        <ele>150</ele>
        <time>2025-07-11T06:25:32Z</time>
      </trkpt>
      <trkpt lat="48.06309667" lon="21.11123333">
        <ele>150</ele>
        <time>2025-07-11T06:25:33Z</time>
      </trkpt>
      <trkpt lat="48.062845" lon="21.11098">
        <ele>149.7</ele>
        <time>2025-07-11T06:25:34Z</time>
      </trkpt>
      <trkpt lat="48.06235" lon="21.11045667">
        <ele>147.1</ele>
        <time>2025-07-11T06:25:36Z</time>
      </trkpt>
      <trkpt lat="48.06187167" lon="21.10991333">
        <ele>148</ele>
        <time>2025-07-11T06:25:38Z</time>
      </trkpt>
      <trkpt lat="48.06165" lon="21.10962167">
        <ele>149</ele>
        <time>2025-07-11T06:25:39Z</time>
      </trkpt>
      <trkpt lat="48.06121833" lon="21.10900167">
        <ele>147.7</ele>
        <time>2025-07-11T06:25:41Z</time>
      </trkpt>
      <trkpt lat="48.061015" lon="21.10868667">
        <ele>148.3</ele>
        <time>2025-07-11T06:25:42Z</time>
      </trkpt>
      <trkpt lat="48.06081333" lon="21.108355">
        <ele>148.9</ele>
        <time>2025-07-11T06:25:43Z</time>
      </trkpt>
      <trkpt lat="48.060415" lon="21.10769167">
        <ele>147</ele>
        <time>2025-07-11T06:25:45Z</time>
      </trkpt>
      <trkpt lat="48.06021667" lon="21.107355">
        <ele>146.6</ele>
        <time>2025-07-11T06:25:46Z</time>
      </trkpt>
      <trkpt lat="48.06002" lon="21.10701667">
        <ele>146.2</ele>
        <time>2025-07-11T06:25:47Z</time>
      </trkpt>
      <trkpt lat="48.05981333" lon="21.10668167">
        <ele>145.1</ele>
        <time>2025-07-11T06:25:48Z</time>
      </trkpt>
      <trkpt lat="48.05942333" lon="21.10601833">
        <ele>147.9</ele>
        <time>2025-07-11T06:25:50Z</time>
      </trkpt>
      <trkpt lat="48.05923" lon="21.10569167">
        <ele>148.7</ele>
        <time>2025-07-11T06:25:51Z</time>
      </trkpt>
      <trkpt lat="48.05902667" lon="21.10535333">
        <ele>151.8</ele>
        <time>2025-07-11T06:25:52Z</time>
      </trkpt>
      <trkpt lat="48.05883" lon="21.10501667">
        <ele>152.3</ele>
        <time>2025-07-11T06:25:53Z</time>
      </trkpt>
      <trkpt lat="48.05864" lon="21.10468167">
        <ele>153.7</ele>
        <time>2025-07-11T06:25:54Z</time>
      </trkpt>
      <trkpt lat="48.05846" lon="21.10435167">
        <ele>153.5</ele>
        <time>2025-07-11T06:25:55Z</time>
      </trkpt>
      <trkpt lat="48.05827" lon="21.104015">
        <ele>153.9</ele>
        <time>2025-07-11T06:25:56Z</time>
      </trkpt>
      <trkpt lat="48.05807333" lon="21.10367833">
        <ele>154.1</ele>
        <time>2025-07-11T06:25:57Z</time>
      </trkpt>
      <trkpt lat="48.05788167" lon="21.10334">
        <ele>155</ele>
        <time>2025-07-11T06:25:58Z</time>
      </trkpt>
      <trkpt lat="48.05768167" lon="21.103005">
        <ele>154.4</ele>
        <time>2025-07-11T06:25:59Z</time>
      </trkpt>
      <trkpt lat="48.05749167" lon="21.10266833">
        <ele>154.4</ele>
        <time>2025-07-11T06:26:00Z</time>
      </trkpt>
      <trkpt lat="48.05729667" lon="21.10233">
        <ele>154.3</ele>
        <time>2025-07-11T06:26:01Z</time>
      </trkpt>
      <trkpt lat="48.05710333" lon="21.10199">
        <ele>153.7</ele>
        <time>2025-07-11T06:26:02Z</time>
      </trkpt>
      <trkpt lat="48.05691" lon="21.101655">
        <ele>154</ele>
        <time>2025-07-11T06:26:03Z</time>
      </trkpt>
      <trkpt lat="48.05671333" lon="21.10132333">
        <ele>153.8</ele>
        <time>2025-07-11T06:26:04Z</time>
      </trkpt>
      <trkpt lat="48.05651333" lon="21.100985">
        <ele>152.8</ele>
        <time>2025-07-11T06:26:05Z</time>
      </trkpt>
      <trkpt lat="48.05631333" lon="21.10065167">
        <ele>153.3</ele>
        <time>2025-07-11T06:26:06Z</time>
      </trkpt>
      <trkpt lat="48.05611167" lon="21.10031333">
        <ele>153.7</ele>
        <time>2025-07-11T06:26:07Z</time>
      </trkpt>
      <trkpt lat="48.05590833" lon="21.09997">
        <ele>153.7</ele>
        <time>2025-07-11T06:26:08Z</time>
      </trkpt>
      <trkpt lat="48.05572" lon="21.099635">
        <ele>154.4</ele>
        <time>2025-07-11T06:26:09Z</time>
      </trkpt>
      <trkpt lat="48.055525" lon="21.099305">
        <ele>153.5</ele>
        <time>2025-07-11T06:26:10Z</time>
      </trkpt>
      <trkpt lat="48.05532667" lon="21.098965">
        <ele>153.3</ele>
        <time>2025-07-11T06:26:11Z</time>
      </trkpt>
      <trkpt lat="48.05513" lon="21.09863">
        <ele>153.5</ele>
        <time>2025-07-11T06:26:12Z</time>
      </trkpt>
      <trkpt lat="48.054925" lon="21.09829333">
        <ele>152.9</ele>
        <time>2025-07-11T06:26:13Z</time>
      </trkpt>
      <trkpt lat="48.054725" lon="21.097955">
        <ele>152.9</ele>
        <time>2025-07-11T06:26:14Z</time>
      </trkpt>
      <trkpt lat="48.05452833" lon="21.09762">
        <ele>153</ele>
        <time>2025-07-11T06:26:15Z</time>
      </trkpt>
      <trkpt lat="48.05433333" lon="21.09728333">
        <ele>152.9</ele>
        <time>2025-07-11T06:26:16Z</time>
      </trkpt>
      <trkpt lat="48.05413667" lon="21.096945">
        <ele>152.2</ele>
        <time>2025-07-11T06:26:17Z</time>
      </trkpt>
      <trkpt lat="48.05394" lon="21.09660833">
        <ele>153.3</ele>
        <time>2025-07-11T06:26:18Z</time>
      </trkpt>
      <trkpt lat="48.05374333" lon="21.09626333">
        <ele>153.2</ele>
        <time>2025-07-11T06:26:19Z</time>
      </trkpt>
      <trkpt lat="48.05355167" lon="21.09592667">
        <ele>155</ele>
        <time>2025-07-11T06:26:20Z</time>
      </trkpt>
      <trkpt lat="48.05335833" lon="21.09558833">
        <ele>155.5</ele>
        <time>2025-07-11T06:26:21Z</time>
      </trkpt>
      <trkpt lat="48.053155" lon="21.09525333">
        <ele>153.9</ele>
        <time>2025-07-11T06:26:22Z</time>
      </trkpt>
      <trkpt lat="48.052955" lon="21.094905">
        <ele>153.2</ele>
        <time>2025-07-11T06:26:23Z</time>
      </trkpt>
      <trkpt lat="48.052755" lon="21.09456667">
        <ele>149.2</ele>
        <time>2025-07-11T06:26:24Z</time>
      </trkpt>
      <trkpt lat="48.05255667" lon="21.09422833">
        <ele>147.6</ele>
        <time>2025-07-11T06:26:25Z</time>
      </trkpt>
      <trkpt lat="48.05235333" lon="21.09388833">
        <ele>149.6</ele>
        <time>2025-07-11T06:26:26Z</time>
      </trkpt>
      <trkpt lat="48.05215333" lon="21.09355667">
        <ele>149.9</ele>
        <time>2025-07-11T06:26:27Z</time>
      </trkpt>
      <trkpt lat="48.05196" lon="21.09321833">
        <ele>149.4</ele>
        <time>2025-07-11T06:26:28Z</time>
      </trkpt>
      <trkpt lat="48.05174667" lon="21.09287333">
        <ele>147.5</ele>
        <time>2025-07-11T06:26:29Z</time>
      </trkpt>
      <trkpt lat="48.05155167" lon="21.09253667">
        <ele>148.3</ele>
        <time>2025-07-11T06:26:30Z</time>
      </trkpt>
      <trkpt lat="48.051355" lon="21.0922">
        <ele>148.2</ele>
        <time>2025-07-11T06:26:31Z</time>
      </trkpt>
      <trkpt lat="48.05115833" lon="21.091865">
        <ele>147.3</ele>
        <time>2025-07-11T06:26:32Z</time>
      </trkpt>
      <trkpt lat="48.050965" lon="21.09153">
        <ele>146.7</ele>
        <time>2025-07-11T06:26:33Z</time>
      </trkpt>
      <trkpt lat="48.05078" lon="21.09121167">
        <ele>147.2</ele>
        <time>2025-07-11T06:26:34Z</time>
      </trkpt>
      <trkpt lat="48.05057667" lon="21.09086833">
        <ele>146.5</ele>
        <time>2025-07-11T06:26:35Z</time>
      </trkpt>
      <trkpt lat="48.05037833" lon="21.090535">
        <ele>147.6</ele>
        <time>2025-07-11T06:26:36Z</time>
      </trkpt>
      <trkpt lat="48.05017833" lon="21.09019833">
        <ele>148.1</ele>
        <time>2025-07-11T06:26:37Z</time>
      </trkpt>
      <trkpt lat="48.04998833" lon="21.08985667">
        <ele>148.9</ele>
        <time>2025-07-11T06:26:38Z</time>
      </trkpt>
      <trkpt lat="48.04979333" lon="21.08950833">
        <ele>150.2</ele>
        <time>2025-07-11T06:26:39Z</time>
      </trkpt>
      <trkpt lat="48.04959" lon="21.08917">
        <ele>149.9</ele>
        <time>2025-07-11T06:26:40Z</time>
      </trkpt>
      <trkpt lat="48.04939167" lon="21.08883">
        <ele>149.4</ele>
        <time>2025-07-11T06:26:41Z</time>
      </trkpt>
      <trkpt lat="48.049195" lon="21.08850167">
        <ele>150.8</ele>
        <time>2025-07-11T06:26:42Z</time>
      </trkpt>
      <trkpt lat="48.04899667" lon="21.088165">
        <ele>150.4</ele>
        <time>2025-07-11T06:26:43Z</time>
      </trkpt>
      <trkpt lat="48.04880167" lon="21.08782333">
        <ele>150.5</ele>
        <time>2025-07-11T06:26:44Z</time>
      </trkpt>
      <trkpt lat="48.04861167" lon="21.08749333">
        <ele>151.9</ele>
        <time>2025-07-11T06:26:45Z</time>
      </trkpt>
      <trkpt lat="48.04842" lon="21.08716">
        <ele>152.2</ele>
        <time>2025-07-11T06:26:46Z</time>
      </trkpt>
      <trkpt lat="48.048215" lon="21.08682">
        <ele>151.7</ele>
        <time>2025-07-11T06:26:47Z</time>
      </trkpt>
      <trkpt lat="48.04801833" lon="21.086485">
        <ele>151.7</ele>
        <time>2025-07-11T06:26:48Z</time>
      </trkpt>
      <trkpt lat="48.04782667" lon="21.08614333">
        <ele>153.5</ele>
        <time>2025-07-11T06:26:49Z</time>
      </trkpt>
      <trkpt lat="48.047625" lon="21.085805">
        <ele>153.3</ele>
        <time>2025-07-11T06:26:50Z</time>
      </trkpt>
      <trkpt lat="48.04742167" lon="21.08547">
        <ele>152</ele>
        <time>2025-07-11T06:26:51Z</time>
      </trkpt>
      <trkpt lat="48.04722333" lon="21.08513833">
        <ele>152.5</ele>
        <time>2025-07-11T06:26:52Z</time>
      </trkpt>
      <trkpt lat="48.04702667" lon="21.08479833">
        <ele>152.5</ele>
        <time>2025-07-11T06:26:53Z</time>
      </trkpt>
      <trkpt lat="48.04682833" lon="21.08445833">
        <ele>152.6</ele>
        <time>2025-07-11T06:26:54Z</time>
      </trkpt>
      <trkpt lat="48.046635" lon="21.08411667">
        <ele>152.8</ele>
        <time>2025-07-11T06:26:55Z</time>
      </trkpt>
      <trkpt lat="48.04643667" lon="21.08378">
        <ele>152</ele>
        <time>2025-07-11T06:26:56Z</time>
      </trkpt>
      <trkpt lat="48.04624333" lon="21.08344833">
        <ele>151.2</ele>
        <time>2025-07-11T06:26:57Z</time>
      </trkpt>
      <trkpt lat="48.046045" lon="21.08311667">
        <ele>151.5</ele>
        <time>2025-07-11T06:26:58Z</time>
      </trkpt>
      <trkpt lat="48.04585" lon="21.08278833">
        <ele>151.6</ele>
        <time>2025-07-11T06:26:59Z</time>
      </trkpt>
      <trkpt lat="48.04565667" lon="21.08245">
        <ele>151.2</ele>
        <time>2025-07-11T06:27:00Z</time>
      </trkpt>
      <trkpt lat="48.045455" lon="21.08212167">
        <ele>150.9</ele>
        <time>2025-07-11T06:27:01Z</time>
      </trkpt>
      <trkpt lat="48.045265" lon="21.08177833">
        <ele>152.5</ele>
        <time>2025-07-11T06:27:02Z</time>
      </trkpt>
      <trkpt lat="48.04506167" lon="21.08144667">
        <ele>152</ele>
        <time>2025-07-11T06:27:03Z</time>
      </trkpt>
      <trkpt lat="48.044855" lon="21.081115">
        <ele>152</ele>
        <time>2025-07-11T06:27:04Z</time>
      </trkpt>
      <trkpt lat="48.04465833" lon="21.080775">
        <ele>151.7</ele>
        <time>2025-07-11T06:27:05Z</time>
      </trkpt>
      <trkpt lat="48.04445333" lon="21.08043833">
        <ele>150.8</ele>
        <time>2025-07-11T06:27:06Z</time>
      </trkpt>
      <trkpt lat="48.04426667" lon="21.08008833">
        <ele>150.3</ele>
        <time>2025-07-11T06:27:07Z</time>
      </trkpt>
      <trkpt lat="48.04409167" lon="21.079735">
        <ele>150.8</ele>
        <time>2025-07-11T06:27:08Z</time>
      </trkpt>
      <trkpt lat="48.043905" lon="21.079385">
        <ele>149.9</ele>
        <time>2025-07-11T06:27:09Z</time>
      </trkpt>
      <trkpt lat="48.04373167" lon="21.079025">
        <ele>149.6</ele>
        <time>2025-07-11T06:27:10Z</time>
      </trkpt>
      <trkpt lat="48.04356833" lon="21.07864">
        <ele>150.1</ele>
        <time>2025-07-11T06:27:11Z</time>
      </trkpt>
      <trkpt lat="48.04341167" lon="21.07825833">
        <ele>148.9</ele>
        <time>2025-07-11T06:27:12Z</time>
      </trkpt>
      <trkpt lat="48.043255" lon="21.07789333">
        <ele>149.7</ele>
        <time>2025-07-11T06:27:13Z</time>
      </trkpt>
      <trkpt lat="48.04310667" lon="21.07751">
        <ele>149.8</ele>
        <time>2025-07-11T06:27:14Z</time>
      </trkpt>
      <trkpt lat="48.04296167" lon="21.07711833">
        <ele>149.8</ele>
        <time>2025-07-11T06:27:15Z</time>
      </trkpt>
      <trkpt lat="48.042805" lon="21.07673">
        <ele>149.3</ele>
        <time>2025-07-11T06:27:16Z</time>
      </trkpt>
      <trkpt lat="48.04265667" lon="21.07634833">
        <ele>148.7</ele>
        <time>2025-07-11T06:27:17Z</time>
      </trkpt>
      <trkpt lat="48.04250333" lon="21.07596167">
        <ele>149.3</ele>
        <time>2025-07-11T06:27:18Z</time>
      </trkpt>
      <trkpt lat="48.04235333" lon="21.07556833">
        <ele>149.8</ele>
        <time>2025-07-11T06:27:19Z</time>
      </trkpt>
      <trkpt lat="48.04220333" lon="21.07518333">
        <ele>149.5</ele>
        <time>2025-07-11T06:27:20Z</time>
      </trkpt>
      <trkpt lat="48.04205167" lon="21.07479">
        <ele>150.1</ele>
        <time>2025-07-11T06:27:21Z</time>
      </trkpt>
      <trkpt lat="48.04190667" lon="21.0744">
        <ele>150.9</ele>
        <time>2025-07-11T06:27:22Z</time>
      </trkpt>
      <trkpt lat="48.04176167" lon="21.07401667">
        <ele>151.5</ele>
        <time>2025-07-11T06:27:23Z</time>
      </trkpt>
      <trkpt lat="48.04160833" lon="21.07362">
        <ele>152.2</ele>
        <time>2025-07-11T06:27:24Z</time>
      </trkpt>
      <trkpt lat="48.041455" lon="21.07322333">
        <ele>152</ele>
        <time>2025-07-11T06:27:25Z</time>
      </trkpt>
      <trkpt lat="48.041305" lon="21.07283">
        <ele>151.6</ele>
        <time>2025-07-11T06:27:26Z</time>
      </trkpt>
      <trkpt lat="48.041155" lon="21.07244">
        <ele>151.5</ele>
        <time>2025-07-11T06:27:27Z</time>
      </trkpt>
      <trkpt lat="48.04100333" lon="21.07204833">
        <ele>151.6</ele>
        <time>2025-07-11T06:27:28Z</time>
      </trkpt>
      <trkpt lat="48.04086333" lon="21.07166">
        <ele>150.8</ele>
        <time>2025-07-11T06:27:29Z</time>
      </trkpt>
      <trkpt lat="48.040725" lon="21.071265">
        <ele>151.8</ele>
        <time>2025-07-11T06:27:30Z</time>
      </trkpt>
      <trkpt lat="48.04058667" lon="21.070875">
        <ele>150.3</ele>
        <time>2025-07-11T06:27:31Z</time>
      </trkpt>
      <trkpt lat="48.04045833" lon="21.07047667">
        <ele>149.7</ele>
        <time>2025-07-11T06:27:32Z</time>
      </trkpt>
      <trkpt lat="48.04033167" lon="21.070075">
        <ele>149</ele>
        <time>2025-07-11T06:27:33Z</time>
      </trkpt>
      <trkpt lat="48.04021833" lon="21.06964667">
        <ele>150.2</ele>
        <time>2025-07-11T06:27:34Z</time>
      </trkpt>
      <trkpt lat="48.04010333" lon="21.06923167">
        <ele>149.5</ele>
        <time>2025-07-11T06:27:35Z</time>
      </trkpt>
      <trkpt lat="48.039995" lon="21.068805">
        <ele>148.1</ele>
        <time>2025-07-11T06:27:36Z</time>
      </trkpt>
      <trkpt lat="48.039905" lon="21.06839667">
        <ele>147</ele>
        <time>2025-07-11T06:27:37Z</time>
      </trkpt>
      <trkpt lat="48.03983333" lon="21.06798">
        <ele>146.4</ele>
        <time>2025-07-11T06:27:38Z</time>
      </trkpt>
      <trkpt lat="48.03975833" lon="21.067555">
        <ele>146.3</ele>
        <time>2025-07-11T06:27:39Z</time>
      </trkpt>
      <trkpt lat="48.039695" lon="21.067135">
        <ele>146.5</ele>
        <time>2025-07-11T06:27:40Z</time>
      </trkpt>
      <trkpt lat="48.03963" lon="21.0667">
        <ele>146.2</ele>
        <time>2025-07-11T06:27:41Z</time>
      </trkpt>
      <trkpt lat="48.03957" lon="21.06624833">
        <ele>146.1</ele>
        <time>2025-07-11T06:27:42Z</time>
      </trkpt>
      <trkpt lat="48.03952667" lon="21.06579667">
        <ele>146.1</ele>
        <time>2025-07-11T06:27:43Z</time>
      </trkpt>
      <trkpt lat="48.039505" lon="21.06536167">
        <ele>147.1</ele>
        <time>2025-07-11T06:27:44Z</time>
      </trkpt>
      <trkpt lat="48.03948" lon="21.06491667">
        <ele>148.7</ele>
        <time>2025-07-11T06:27:45Z</time>
      </trkpt>
      <trkpt lat="48.03945333" lon="21.06447833">
        <ele>151.1</ele>
        <time>2025-07-11T06:27:46Z</time>
      </trkpt>
      <trkpt lat="48.03944167" lon="21.064025">
        <ele>149.6</ele>
        <time>2025-07-11T06:27:47Z</time>
      </trkpt>
      <trkpt lat="48.03942667" lon="21.063575">
        <ele>150.1</ele>
        <time>2025-07-11T06:27:48Z</time>
      </trkpt>
      <trkpt lat="48.03944" lon="21.06312">
        <ele>150.9</ele>
        <time>2025-07-11T06:27:49Z</time>
      </trkpt>
      <trkpt lat="48.039445" lon="21.06266833">
        <ele>150.9</ele>
        <time>2025-07-11T06:27:50Z</time>
      </trkpt>
      <trkpt lat="48.039455" lon="21.06223">
        <ele>148.5</ele>
        <time>2025-07-11T06:27:51Z</time>
      </trkpt>
      <trkpt lat="48.03947667" lon="21.06178167">
        <ele>148.9</ele>
        <time>2025-07-11T06:27:52Z</time>
      </trkpt>
      <trkpt lat="48.03949333" lon="21.06133">
        <ele>148.6</ele>
        <time>2025-07-11T06:27:53Z</time>
      </trkpt>
      <trkpt lat="48.03951" lon="21.06088333">
        <ele>149.2</ele>
        <time>2025-07-11T06:27:54Z</time>
      </trkpt>
      <trkpt lat="48.03952667" lon="21.06043333">
        <ele>150</ele>
        <time>2025-07-11T06:27:55Z</time>
      </trkpt>
      <trkpt lat="48.03953833" lon="21.05998167">
        <ele>150.3</ele>
        <time>2025-07-11T06:27:56Z</time>
      </trkpt>
      <trkpt lat="48.03954667" lon="21.05953833">
        <ele>150</ele>
        <time>2025-07-11T06:27:57Z</time>
      </trkpt>
      <trkpt lat="48.039565" lon="21.0591">
        <ele>149.3</ele>
        <time>2025-07-11T06:27:58Z</time>
      </trkpt>
      <trkpt lat="48.039575" lon="21.05865">
        <ele>148.7</ele>
        <time>2025-07-11T06:27:59Z</time>
      </trkpt>
      <trkpt lat="48.03959" lon="21.05819167">
        <ele>148.1</ele>
        <time>2025-07-11T06:28:00Z</time>
      </trkpt>
      <trkpt lat="48.03960167" lon="21.05774333">
        <ele>148.3</ele>
        <time>2025-07-11T06:28:01Z</time>
      </trkpt>
      <trkpt lat="48.039605" lon="21.0573">
        <ele>147.8</ele>
        <time>2025-07-11T06:28:02Z</time>
      </trkpt>
      <trkpt lat="48.03961167" lon="21.05685">
        <ele>149</ele>
        <time>2025-07-11T06:28:03Z</time>
      </trkpt>
      <trkpt lat="48.03962" lon="21.05641167">
        <ele>149.6</ele>
        <time>2025-07-11T06:28:04Z</time>
      </trkpt>
      <trkpt lat="48.03962833" lon="21.05597">
        <ele>149.5</ele>
        <time>2025-07-11T06:28:05Z</time>
      </trkpt>
      <trkpt lat="48.03963833" lon="21.05553">
        <ele>150.2</ele>
        <time>2025-07-11T06:28:06Z</time>
      </trkpt>
      <trkpt lat="48.03964667" lon="21.05508333">
        <ele>150.2</ele>
        <time>2025-07-11T06:28:07Z</time>
      </trkpt>
      <trkpt lat="48.03966" lon="21.05463">
        <ele>149.7</ele>
        <time>2025-07-11T06:28:08Z</time>
      </trkpt>
      <trkpt lat="48.03967667" lon="21.054185">
        <ele>148.3</ele>
        <time>2025-07-11T06:28:09Z</time>
      </trkpt>
      <trkpt lat="48.03969167" lon="21.05373833">
        <ele>148.8</ele>
        <time>2025-07-11T06:28:10Z</time>
      </trkpt>
      <trkpt lat="48.03970667" lon="21.05328667">
        <ele>149.3</ele>
        <time>2025-07-11T06:28:11Z</time>
      </trkpt>
      <trkpt lat="48.03972333" lon="21.05283667">
        <ele>150.1</ele>
        <time>2025-07-11T06:28:12Z</time>
      </trkpt>
      <trkpt lat="48.03972667" lon="21.05238833">
        <ele>148.4</ele>
        <time>2025-07-11T06:28:13Z</time>
      </trkpt>
      <trkpt lat="48.03974167" lon="21.05194333">
        <ele>149.4</ele>
        <time>2025-07-11T06:28:14Z</time>
      </trkpt>
      <trkpt lat="48.03974667" lon="21.05151167">
        <ele>148</ele>
        <time>2025-07-11T06:28:15Z</time>
      </trkpt>
      <trkpt lat="48.039755" lon="21.05107333">
        <ele>147.7</ele>
        <time>2025-07-11T06:28:16Z</time>
      </trkpt>
      <trkpt lat="48.03975833" lon="21.05063">
        <ele>148.3</ele>
        <time>2025-07-11T06:28:17Z</time>
      </trkpt>
      <trkpt lat="48.03976167" lon="21.05018">
        <ele>148.6</ele>
        <time>2025-07-11T06:28:18Z</time>
      </trkpt>
      <trkpt lat="48.03977667" lon="21.049735">
        <ele>147.1</ele>
        <time>2025-07-11T06:28:19Z</time>
      </trkpt>
      <trkpt lat="48.03979333" lon="21.049295">
        <ele>147.4</ele>
        <time>2025-07-11T06:28:20Z</time>
      </trkpt>
      <trkpt lat="48.03980833" lon="21.04885">
        <ele>147.4</ele>
        <time>2025-07-11T06:28:21Z</time>
      </trkpt>
      <trkpt lat="48.03981833" lon="21.04840167">
        <ele>147.8</ele>
        <time>2025-07-11T06:28:22Z</time>
      </trkpt>
      <trkpt lat="48.03983167" lon="21.04795167">
        <ele>148.1</ele>
        <time>2025-07-11T06:28:23Z</time>
      </trkpt>
      <trkpt lat="48.03984833" lon="21.04749167">
        <ele>148.7</ele>
        <time>2025-07-11T06:28:24Z</time>
      </trkpt>
      <trkpt lat="48.03986167" lon="21.04704667">
        <ele>149.4</ele>
        <time>2025-07-11T06:28:25Z</time>
      </trkpt>
      <trkpt lat="48.039875" lon="21.0466">
        <ele>149.7</ele>
        <time>2025-07-11T06:28:26Z</time>
      </trkpt>
      <trkpt lat="48.03988833" lon="21.04614833">
        <ele>150.3</ele>
        <time>2025-07-11T06:28:27Z</time>
      </trkpt>
      <trkpt lat="48.03989833" lon="21.04569833">
        <ele>150.4</ele>
        <time>2025-07-11T06:28:28Z</time>
      </trkpt>
      <trkpt lat="48.03991" lon="21.04525333">
        <ele>150.5</ele>
        <time>2025-07-11T06:28:29Z</time>
      </trkpt>
      <trkpt lat="48.039915" lon="21.04481167">
        <ele>150.1</ele>
        <time>2025-07-11T06:28:30Z</time>
      </trkpt>
      <trkpt lat="48.03993333" lon="21.04437167">
        <ele>148.5</ele>
        <time>2025-07-11T06:28:31Z</time>
      </trkpt>
      <trkpt lat="48.03994833" lon="21.04392333">
        <ele>148.3</ele>
        <time>2025-07-11T06:28:32Z</time>
      </trkpt>
      <trkpt lat="48.03996" lon="21.04347333">
        <ele>148.3</ele>
        <time>2025-07-11T06:28:33Z</time>
      </trkpt>
      <trkpt lat="48.03997333" lon="21.04301333">
        <ele>148.3</ele>
        <time>2025-07-11T06:28:34Z</time>
      </trkpt>
      <trkpt lat="48.039985" lon="21.04256167">
        <ele>149.2</ele>
        <time>2025-07-11T06:28:35Z</time>
      </trkpt>
      <trkpt lat="48.03999333" lon="21.042115">
        <ele>150.3</ele>
        <time>2025-07-11T06:28:36Z</time>
      </trkpt>
      <trkpt lat="48.03999833" lon="21.04166833">
        <ele>151.1</ele>
        <time>2025-07-11T06:28:37Z</time>
      </trkpt>
      <trkpt lat="48.04001167" lon="21.04121333">
        <ele>151.3</ele>
        <time>2025-07-11T06:28:38Z</time>
      </trkpt>
      <trkpt lat="48.040025" lon="21.040765">
        <ele>150.2</ele>
        <time>2025-07-11T06:28:39Z</time>
      </trkpt>
      <trkpt lat="48.04003833" lon="21.040315">
        <ele>149.7</ele>
        <time>2025-07-11T06:28:40Z</time>
      </trkpt>
      <trkpt lat="48.04004667" lon="21.03986833">
        <ele>149.6</ele>
        <time>2025-07-11T06:28:41Z</time>
      </trkpt>
      <trkpt lat="48.040055" lon="21.039425">
        <ele>149.3</ele>
        <time>2025-07-11T06:28:42Z</time>
      </trkpt>
      <trkpt lat="48.04006333" lon="21.03898167">
        <ele>149</ele>
        <time>2025-07-11T06:28:43Z</time>
      </trkpt>
      <trkpt lat="48.040075" lon="21.03853167">
        <ele>148.8</ele>
        <time>2025-07-11T06:28:44Z</time>
      </trkpt>
      <trkpt lat="48.04009" lon="21.038085">
        <ele>149</ele>
        <time>2025-07-11T06:28:45Z</time>
      </trkpt>
      <trkpt lat="48.040095" lon="21.037635">
        <ele>148.7</ele>
        <time>2025-07-11T06:28:46Z</time>
      </trkpt>
      <trkpt lat="48.04011333" lon="21.03719667">
        <ele>149.1</ele>
        <time>2025-07-11T06:28:47Z</time>
      </trkpt>
      <trkpt lat="48.04013167" lon="21.03675833">
        <ele>149.9</ele>
        <time>2025-07-11T06:28:48Z</time>
      </trkpt>
      <trkpt lat="48.04013833" lon="21.03632">
        <ele>150.4</ele>
        <time>2025-07-11T06:28:49Z</time>
      </trkpt>
      <trkpt lat="48.04014667" lon="21.03587333">
        <ele>150.2</ele>
        <time>2025-07-11T06:28:50Z</time>
      </trkpt>
      <trkpt lat="48.04015667" lon="21.035425">
        <ele>148.7</ele>
        <time>2025-07-11T06:28:51Z</time>
      </trkpt>
      <trkpt lat="48.04016333" lon="21.03497833">
        <ele>148.4</ele>
        <time>2025-07-11T06:28:52Z</time>
      </trkpt>
      <trkpt lat="48.04017833" lon="21.03452">
        <ele>148.7</ele>
        <time>2025-07-11T06:28:53Z</time>
      </trkpt>
      <trkpt lat="48.04019333" lon="21.03407333">
        <ele>148.5</ele>
        <time>2025-07-11T06:28:54Z</time>
      </trkpt>
      <trkpt lat="48.04019833" lon="21.03362833">
        <ele>148.7</ele>
        <time>2025-07-11T06:28:55Z</time>
      </trkpt>
      <trkpt lat="48.04021" lon="21.03318667">
        <ele>149</ele>
        <time>2025-07-11T06:28:56Z</time>
      </trkpt>
      <trkpt lat="48.04022" lon="21.032745">
        <ele>148.8</ele>
        <time>2025-07-11T06:28:57Z</time>
      </trkpt>
      <trkpt lat="48.04023167" lon="21.03229333">
        <ele>148.9</ele>
        <time>2025-07-11T06:28:58Z</time>
      </trkpt>
      <trkpt lat="48.04024167" lon="21.03184333">
        <ele>150.8</ele>
        <time>2025-07-11T06:28:59Z</time>
      </trkpt>
      <trkpt lat="48.04026" lon="21.03139833">
        <ele>150.9</ele>
        <time>2025-07-11T06:29:00Z</time>
      </trkpt>
      <trkpt lat="48.04027333" lon="21.03096833">
        <ele>151.9</ele>
        <time>2025-07-11T06:29:01Z</time>
      </trkpt>
      <trkpt lat="48.04029167" lon="21.03051167">
        <ele>152.1</ele>
        <time>2025-07-11T06:29:02Z</time>
      </trkpt>
      <trkpt lat="48.04029333" lon="21.03006167">
        <ele>152.9</ele>
        <time>2025-07-11T06:29:03Z</time>
      </trkpt>
      <trkpt lat="48.04029833" lon="21.02961667">
        <ele>152.9</ele>
        <time>2025-07-11T06:29:04Z</time>
      </trkpt>
      <trkpt lat="48.04031" lon="21.02916167">
        <ele>152.8</ele>
        <time>2025-07-11T06:29:05Z</time>
      </trkpt>
      <trkpt lat="48.04032667" lon="21.02872667">
        <ele>152.8</ele>
        <time>2025-07-11T06:29:06Z</time>
      </trkpt>
      <trkpt lat="48.04035167" lon="21.02826333">
        <ele>156</ele>
        <time>2025-07-11T06:29:07Z</time>
      </trkpt>
      <trkpt lat="48.04038167" lon="21.02782167">
        <ele>155.3</ele>
        <time>2025-07-11T06:29:08Z</time>
      </trkpt>
      <trkpt lat="48.04040833" lon="21.02738">
        <ele>154.5</ele>
        <time>2025-07-11T06:29:09Z</time>
      </trkpt>
      <trkpt lat="48.04045333" lon="21.026935">
        <ele>155.1</ele>
        <time>2025-07-11T06:29:10Z</time>
      </trkpt>
      <trkpt lat="48.040505" lon="21.02649833">
        <ele>154.8</ele>
        <time>2025-07-11T06:29:11Z</time>
      </trkpt>
      <trkpt lat="48.04056167" lon="21.02606667">
        <ele>156</ele>
        <time>2025-07-11T06:29:12Z</time>
      </trkpt>
      <trkpt lat="48.04063167" lon="21.02564">
        <ele>153.9</ele>
        <time>2025-07-11T06:29:13Z</time>
      </trkpt>
      <trkpt lat="48.0407" lon="21.02520667">
        <ele>152.5</ele>
        <time>2025-07-11T06:29:14Z</time>
      </trkpt>
      <trkpt lat="48.04077833" lon="21.02478167">
        <ele>150.6</ele>
        <time>2025-07-11T06:29:15Z</time>
      </trkpt>
      <trkpt lat="48.04086833" lon="21.02434667">
        <ele>147.6</ele>
        <time>2025-07-11T06:29:16Z</time>
      </trkpt>
      <trkpt lat="48.04096" lon="21.02393">
        <ele>146.1</ele>
        <time>2025-07-11T06:29:17Z</time>
      </trkpt>
      <trkpt lat="48.04106167" lon="21.02352667">
        <ele>145.5</ele>
        <time>2025-07-11T06:29:18Z</time>
      </trkpt>
      <trkpt lat="48.04117" lon="21.02311333">
        <ele>146.4</ele>
        <time>2025-07-11T06:29:19Z</time>
      </trkpt>
      <trkpt lat="48.04128" lon="21.02271">
        <ele>146.3</ele>
        <time>2025-07-11T06:29:20Z</time>
      </trkpt>
      <trkpt lat="48.04138833" lon="21.02228333">
        <ele>147.9</ele>
        <time>2025-07-11T06:29:21Z</time>
      </trkpt>
      <trkpt lat="48.0415" lon="21.02186">
        <ele>148.5</ele>
        <time>2025-07-11T06:29:22Z</time>
      </trkpt>
      <trkpt lat="48.04161667" lon="21.021445">
        <ele>149.9</ele>
        <time>2025-07-11T06:29:23Z</time>
      </trkpt>
      <trkpt lat="48.04172667" lon="21.02103333">
        <ele>149.8</ele>
        <time>2025-07-11T06:29:24Z</time>
      </trkpt>
      <trkpt lat="48.041845" lon="21.02061667">
        <ele>150.8</ele>
        <time>2025-07-11T06:29:25Z</time>
      </trkpt>
      <trkpt lat="48.04196" lon="21.02019667">
        <ele>151.5</ele>
        <time>2025-07-11T06:29:26Z</time>
      </trkpt>
      <trkpt lat="48.04207167" lon="21.01978333">
        <ele>151.5</ele>
        <time>2025-07-11T06:29:27Z</time>
      </trkpt>
      <trkpt lat="48.042185" lon="21.01938333">
        <ele>151.8</ele>
        <time>2025-07-11T06:29:28Z</time>
      </trkpt>
      <trkpt lat="48.042295" lon="21.01897833">
        <ele>150.9</ele>
        <time>2025-07-11T06:29:29Z</time>
      </trkpt>
      <trkpt lat="48.04240833" lon="21.01857667">
        <ele>151.2</ele>
        <time>2025-07-11T06:29:30Z</time>
      </trkpt>
      <trkpt lat="48.04252" lon="21.018165">
        <ele>151.7</ele>
        <time>2025-07-11T06:29:31Z</time>
      </trkpt>
      <trkpt lat="48.04263333" lon="21.01774167">
        <ele>151.7</ele>
        <time>2025-07-11T06:29:32Z</time>
      </trkpt>
      <trkpt lat="48.04274167" lon="21.01733">
        <ele>152.1</ele>
        <time>2025-07-11T06:29:33Z</time>
      </trkpt>
      <trkpt lat="48.04284667" lon="21.01692833">
        <ele>152.8</ele>
        <time>2025-07-11T06:29:34Z</time>
      </trkpt>
      <trkpt lat="48.04296333" lon="21.01651167">
        <ele>151.9</ele>
        <time>2025-07-11T06:29:35Z</time>
      </trkpt>
      <trkpt lat="48.04307333" lon="21.01610167">
        <ele>151.3</ele>
        <time>2025-07-11T06:29:36Z</time>
      </trkpt>
      <trkpt lat="48.04319" lon="21.01568333">
        <ele>150.7</ele>
        <time>2025-07-11T06:29:37Z</time>
      </trkpt>
      <trkpt lat="48.0433" lon="21.01527">
        <ele>150</ele>
        <time>2025-07-11T06:29:38Z</time>
      </trkpt>
      <trkpt lat="48.04341333" lon="21.01485667">
        <ele>150.2</ele>
        <time>2025-07-11T06:29:39Z</time>
      </trkpt>
      <trkpt lat="48.043525" lon="21.01444667">
        <ele>150</ele>
        <time>2025-07-11T06:29:40Z</time>
      </trkpt>
      <trkpt lat="48.04363667" lon="21.01402667">
        <ele>150.6</ele>
        <time>2025-07-11T06:29:41Z</time>
      </trkpt>
      <trkpt lat="48.04375167" lon="21.01360667">
        <ele>150.6</ele>
        <time>2025-07-11T06:29:42Z</time>
      </trkpt>
      <trkpt lat="48.04386667" lon="21.01319">
        <ele>149.5</ele>
        <time>2025-07-11T06:29:43Z</time>
      </trkpt>
      <trkpt lat="48.04398" lon="21.012775">
        <ele>149.1</ele>
        <time>2025-07-11T06:29:44Z</time>
      </trkpt>
      <trkpt lat="48.04409" lon="21.01236">
        <ele>148.7</ele>
        <time>2025-07-11T06:29:45Z</time>
      </trkpt>
      <trkpt lat="48.04420833" lon="21.01194333">
        <ele>149.5</ele>
        <time>2025-07-11T06:29:46Z</time>
      </trkpt>
      <trkpt lat="48.04431667" lon="21.01152833">
        <ele>149.6</ele>
        <time>2025-07-11T06:29:47Z</time>
      </trkpt>
      <trkpt lat="48.04442667" lon="21.01111667">
        <ele>149.1</ele>
        <time>2025-07-11T06:29:48Z</time>
      </trkpt>
      <trkpt lat="48.04454167" lon="21.01070333">
        <ele>149.2</ele>
        <time>2025-07-11T06:29:49Z</time>
      </trkpt>
      <trkpt lat="48.04465167" lon="21.010295">
        <ele>148.3</ele>
        <time>2025-07-11T06:29:50Z</time>
      </trkpt>
      <trkpt lat="48.04476333" lon="21.00988667">
        <ele>148.1</ele>
        <time>2025-07-11T06:29:51Z</time>
      </trkpt>
      <trkpt lat="48.04487667" lon="21.009475">
        <ele>147.6</ele>
        <time>2025-07-11T06:29:52Z</time>
      </trkpt>
      <trkpt lat="48.04499667" lon="21.00905667">
        <ele>147.1</ele>
        <time>2025-07-11T06:29:53Z</time>
      </trkpt>
      <trkpt lat="48.04511" lon="21.008645">
        <ele>147.2</ele>
        <time>2025-07-11T06:29:54Z</time>
      </trkpt>
      <trkpt lat="48.04522" lon="21.00824167">
        <ele>147.1</ele>
        <time>2025-07-11T06:29:55Z</time>
      </trkpt>
      <trkpt lat="48.045325" lon="21.007825">
        <ele>147.1</ele>
        <time>2025-07-11T06:29:56Z</time>
      </trkpt>
      <trkpt lat="48.04543667" lon="21.007415">
        <ele>148.1</ele>
        <time>2025-07-11T06:29:57Z</time>
      </trkpt>
      <trkpt lat="48.04555167" lon="21.00699833">
        <ele>148.6</ele>
        <time>2025-07-11T06:29:58Z</time>
      </trkpt>
      <trkpt lat="48.04567167" lon="21.00658667">
        <ele>148.9</ele>
        <time>2025-07-11T06:29:59Z</time>
      </trkpt>
      <trkpt lat="48.04578" lon="21.00616167">
        <ele>149.4</ele>
        <time>2025-07-11T06:30:00Z</time>
      </trkpt>
      <trkpt lat="48.045885" lon="21.00573833">
        <ele>151.9</ele>
        <time>2025-07-11T06:30:01Z</time>
      </trkpt>
      <trkpt lat="48.046" lon="21.00531333">
        <ele>152.2</ele>
        <time>2025-07-11T06:30:02Z</time>
      </trkpt>
      <trkpt lat="48.04611833" lon="21.00489333">
        <ele>152.5</ele>
        <time>2025-07-11T06:30:03Z</time>
      </trkpt>
      <trkpt lat="48.04623" lon="21.00447667">
        <ele>152.1</ele>
        <time>2025-07-11T06:30:04Z</time>
      </trkpt>
      <trkpt lat="48.04634667" lon="21.00406667">
        <ele>152.2</ele>
        <time>2025-07-11T06:30:05Z</time>
      </trkpt>
      <trkpt lat="48.04645667" lon="21.00365333">
        <ele>152</ele>
        <time>2025-07-11T06:30:06Z</time>
      </trkpt>
      <trkpt lat="48.04657333" lon="21.00323667">
        <ele>152.5</ele>
        <time>2025-07-11T06:30:07Z</time>
      </trkpt>
      <trkpt lat="48.046685" lon="21.00282">
        <ele>154.5</ele>
        <time>2025-07-11T06:30:08Z</time>
      </trkpt>
      <trkpt lat="48.04679" lon="21.00241667">
        <ele>154.3</ele>
        <time>2025-07-11T06:30:09Z</time>
      </trkpt>
      <trkpt lat="48.04690667" lon="21.00200333">
        <ele>154.7</ele>
        <time>2025-07-11T06:30:10Z</time>
      </trkpt>
      <trkpt lat="48.04702167" lon="21.00159167">
        <ele>154.6</ele>
        <time>2025-07-11T06:30:11Z</time>
      </trkpt>
      <trkpt lat="48.04713167" lon="21.001185">
        <ele>154.2</ele>
        <time>2025-07-11T06:30:12Z</time>
      </trkpt>
      <trkpt lat="48.047245" lon="21.00077667">
        <ele>153.2</ele>
        <time>2025-07-11T06:30:13Z</time>
      </trkpt>
      <trkpt lat="48.047355" lon="21.00036333">
        <ele>153</ele>
        <time>2025-07-11T06:30:14Z</time>
      </trkpt>
      <trkpt lat="48.047465" lon="20.99995">
        <ele>153.1</ele>
        <time>2025-07-11T06:30:15Z</time>
      </trkpt>
      <trkpt lat="48.04758333" lon="20.99953833">
        <ele>152.9</ele>
        <time>2025-07-11T06:30:16Z</time>
      </trkpt>
      <trkpt lat="48.04769667" lon="20.99911833">
        <ele>153.5</ele>
        <time>2025-07-11T06:30:17Z</time>
      </trkpt>
      <trkpt lat="48.04780333" lon="20.99870833">
        <ele>153.6</ele>
        <time>2025-07-11T06:30:18Z</time>
      </trkpt>
      <trkpt lat="48.04791167" lon="20.99830333">
        <ele>153.2</ele>
        <time>2025-07-11T06:30:19Z</time>
      </trkpt>
      <trkpt lat="48.04802667" lon="20.99788833">
        <ele>153.4</ele>
        <time>2025-07-11T06:30:20Z</time>
      </trkpt>
      <trkpt lat="48.04813833" lon="20.99747167">
        <ele>153.8</ele>
        <time>2025-07-11T06:30:21Z</time>
      </trkpt>
      <trkpt lat="48.048255" lon="20.99706333">
        <ele>153.8</ele>
        <time>2025-07-11T06:30:22Z</time>
      </trkpt>
      <trkpt lat="48.048365" lon="20.99665333">
        <ele>154</ele>
        <time>2025-07-11T06:30:23Z</time>
      </trkpt>
      <trkpt lat="48.048475" lon="20.99623833">
        <ele>154.6</ele>
        <time>2025-07-11T06:30:24Z</time>
      </trkpt>
      <trkpt lat="48.048575" lon="20.99583833">
        <ele>155.4</ele>
        <time>2025-07-11T06:30:25Z</time>
      </trkpt>
      <trkpt lat="48.048685" lon="20.995425">
        <ele>155</ele>
        <time>2025-07-11T06:30:26Z</time>
      </trkpt>
      <trkpt lat="48.04880167" lon="20.99501333">
        <ele>154.6</ele>
        <time>2025-07-11T06:30:27Z</time>
      </trkpt>
      <trkpt lat="48.04891333" lon="20.99461">
        <ele>154.5</ele>
        <time>2025-07-11T06:30:28Z</time>
      </trkpt>
      <trkpt lat="48.04902333" lon="20.994205">
        <ele>154.6</ele>
        <time>2025-07-11T06:30:29Z</time>
      </trkpt>
      <trkpt lat="48.04913" lon="20.99380333">
        <ele>154.2</ele>
        <time>2025-07-11T06:30:30Z</time>
      </trkpt>
      <trkpt lat="48.04924333" lon="20.99340833">
        <ele>152</ele>
        <time>2025-07-11T06:30:31Z</time>
      </trkpt>
      <trkpt lat="48.04935833" lon="20.99301167">
        <ele>150</ele>
        <time>2025-07-11T06:30:32Z</time>
      </trkpt>
      <trkpt lat="48.04946667" lon="20.99260667">
        <ele>149.8</ele>
        <time>2025-07-11T06:30:33Z</time>
      </trkpt>
      <trkpt lat="48.049575" lon="20.99220833">
        <ele>150.5</ele>
        <time>2025-07-11T06:30:34Z</time>
      </trkpt>
      <trkpt lat="48.049685" lon="20.991815">
        <ele>151</ele>
        <time>2025-07-11T06:30:35Z</time>
      </trkpt>
      <trkpt lat="48.049785" lon="20.991425">
        <ele>150.8</ele>
        <time>2025-07-11T06:30:36Z</time>
      </trkpt>
      <trkpt lat="48.04988333" lon="20.991055">
        <ele>151.1</ele>
        <time>2025-07-11T06:30:37Z</time>
      </trkpt>
      <trkpt lat="48.04999167" lon="20.99068167">
        <ele>151</ele>
        <time>2025-07-11T06:30:38Z</time>
      </trkpt>
      <trkpt lat="48.05008667" lon="20.99031667">
        <ele>150.6</ele>
        <time>2025-07-11T06:30:39Z</time>
      </trkpt>
      <trkpt lat="48.05019" lon="20.98996">
        <ele>151.2</ele>
        <time>2025-07-11T06:30:40Z</time>
      </trkpt>
      <trkpt lat="48.05028167" lon="20.98962333">
        <ele>150.5</ele>
        <time>2025-07-11T06:30:41Z</time>
      </trkpt>
      <trkpt lat="48.05037333" lon="20.98926833">
        <ele>151.1</ele>
        <time>2025-07-11T06:30:42Z</time>
      </trkpt>
      <trkpt lat="48.05047167" lon="20.988925">
        <ele>151.6</ele>
        <time>2025-07-11T06:30:43Z</time>
      </trkpt>
      <trkpt lat="48.05056333" lon="20.98858833">
        <ele>150.9</ele>
        <time>2025-07-11T06:30:44Z</time>
      </trkpt>
      <trkpt lat="48.05065167" lon="20.98825833">
        <ele>150</ele>
        <time>2025-07-11T06:30:45Z</time>
      </trkpt>
      <trkpt lat="48.05073667" lon="20.98793167">
        <ele>150.1</ele>
        <time>2025-07-11T06:30:46Z</time>
      </trkpt>
      <trkpt lat="48.05082" lon="20.98760167">
        <ele>150.8</ele>
        <time>2025-07-11T06:30:47Z</time>
      </trkpt>
      <trkpt lat="48.05090333" lon="20.98728667">
        <ele>150.9</ele>
        <time>2025-07-11T06:30:48Z</time>
      </trkpt>
      <trkpt lat="48.05098667" lon="20.98697167">
        <ele>151.2</ele>
        <time>2025-07-11T06:30:49Z</time>
      </trkpt>
      <trkpt lat="48.05106333" lon="20.98665833">
        <ele>151.3</ele>
        <time>2025-07-11T06:30:50Z</time>
      </trkpt>
      <trkpt lat="48.051145" lon="20.98635167">
        <ele>152.1</ele>
        <time>2025-07-11T06:30:51Z</time>
      </trkpt>
      <trkpt lat="48.05122167" lon="20.986065">
        <ele>156.5</ele>
        <time>2025-07-11T06:30:52Z</time>
      </trkpt>
      <trkpt lat="48.05130667" lon="20.985775">
        <ele>156.4</ele>
        <time>2025-07-11T06:30:53Z</time>
      </trkpt>
      <trkpt lat="48.05138167" lon="20.98548167">
        <ele>155.4</ele>
        <time>2025-07-11T06:30:54Z</time>
      </trkpt>
      <trkpt lat="48.05145833" lon="20.98519667">
        <ele>156</ele>
        <time>2025-07-11T06:30:55Z</time>
      </trkpt>
      <trkpt lat="48.05154833" lon="20.98492">
        <ele>156.2</ele>
        <time>2025-07-11T06:30:56Z</time>
      </trkpt>
      <trkpt lat="48.05162167" lon="20.98463167">
        <ele>156.7</ele>
        <time>2025-07-11T06:30:57Z</time>
      </trkpt>
      <trkpt lat="48.051705" lon="20.984335">
        <ele>156</ele>
        <time>2025-07-11T06:30:58Z</time>
      </trkpt>
      <trkpt lat="48.05178333" lon="20.98404667">
        <ele>155.9</ele>
        <time>2025-07-11T06:30:59Z</time>
      </trkpt>
      <trkpt lat="48.05185833" lon="20.98376167">
        <ele>156.5</ele>
        <time>2025-07-11T06:31:00Z</time>
      </trkpt>
      <trkpt lat="48.05194333" lon="20.98348333">
        <ele>156.6</ele>
        <time>2025-07-11T06:31:01Z</time>
      </trkpt>
      <trkpt lat="48.05202333" lon="20.98320667">
        <ele>157.2</ele>
        <time>2025-07-11T06:31:02Z</time>
      </trkpt>
      <trkpt lat="48.05209667" lon="20.98291833">
        <ele>155.9</ele>
        <time>2025-07-11T06:31:03Z</time>
      </trkpt>
      <trkpt lat="48.05217" lon="20.98263833">
        <ele>155.4</ele>
        <time>2025-07-11T06:31:04Z</time>
      </trkpt>
      <trkpt lat="48.052245" lon="20.98235">
        <ele>154.8</ele>
        <time>2025-07-11T06:31:05Z</time>
      </trkpt>
      <trkpt lat="48.05232667" lon="20.98206333">
        <ele>155</ele>
        <time>2025-07-11T06:31:06Z</time>
      </trkpt>
      <trkpt lat="48.05240333" lon="20.98179">
        <ele>156.1</ele>
        <time>2025-07-11T06:31:07Z</time>
      </trkpt>
      <trkpt lat="48.05247333" lon="20.98150667">
        <ele>156.7</ele>
        <time>2025-07-11T06:31:08Z</time>
      </trkpt>
      <trkpt lat="48.05255167" lon="20.981225">
        <ele>156.9</ele>
        <time>2025-07-11T06:31:09Z</time>
      </trkpt>
      <trkpt lat="48.05262" lon="20.98094">
        <ele>156.8</ele>
        <time>2025-07-11T06:31:10Z</time>
      </trkpt>
      <trkpt lat="48.05269" lon="20.98066333">
        <ele>156</ele>
        <time>2025-07-11T06:31:11Z</time>
      </trkpt>
      <trkpt lat="48.05276" lon="20.98038833">
        <ele>155.4</ele>
        <time>2025-07-11T06:31:12Z</time>
      </trkpt>
      <trkpt lat="48.05284" lon="20.98011">
        <ele>154.4</ele>
        <time>2025-07-11T06:31:13Z</time>
      </trkpt>
      <trkpt lat="48.05292" lon="20.97983833">
        <ele>154.1</ele>
        <time>2025-07-11T06:31:14Z</time>
      </trkpt>
      <trkpt lat="48.05300167" lon="20.97956667">
        <ele>155</ele>
        <time>2025-07-11T06:31:15Z</time>
      </trkpt>
      <trkpt lat="48.05308167" lon="20.979295">
        <ele>155.7</ele>
        <time>2025-07-11T06:31:16Z</time>
      </trkpt>
      <trkpt lat="48.05315667" lon="20.97902">
        <ele>155.5</ele>
        <time>2025-07-11T06:31:17Z</time>
      </trkpt>
      <trkpt lat="48.053235" lon="20.97874833">
        <ele>156.7</ele>
        <time>2025-07-11T06:31:18Z</time>
      </trkpt>
      <trkpt lat="48.05330833" lon="20.97846833">
        <ele>157.4</ele>
        <time>2025-07-11T06:31:19Z</time>
      </trkpt>
      <trkpt lat="48.05337667" lon="20.978185">
        <ele>157</ele>
        <time>2025-07-11T06:31:20Z</time>
      </trkpt>
      <trkpt lat="48.05345167" lon="20.97791333">
        <ele>155.5</ele>
        <time>2025-07-11T06:31:21Z</time>
      </trkpt>
      <trkpt lat="48.05352" lon="20.97764">
        <ele>155.7</ele>
        <time>2025-07-11T06:31:22Z</time>
      </trkpt>
      <trkpt lat="48.05359" lon="20.97735833">
        <ele>155.1</ele>
        <time>2025-07-11T06:31:23Z</time>
      </trkpt>
      <trkpt lat="48.05366" lon="20.977085">
        <ele>154.7</ele>
        <time>2025-07-11T06:31:24Z</time>
      </trkpt>
      <trkpt lat="48.05374333" lon="20.97682167">
        <ele>154.5</ele>
        <time>2025-07-11T06:31:25Z</time>
      </trkpt>
      <trkpt lat="48.05381667" lon="20.97655667">
        <ele>153.1</ele>
        <time>2025-07-11T06:31:26Z</time>
      </trkpt>
      <trkpt lat="48.05388833" lon="20.97627333">
        <ele>154</ele>
        <time>2025-07-11T06:31:27Z</time>
      </trkpt>
      <trkpt lat="48.05395667" lon="20.97601">
        <ele>153.3</ele>
        <time>2025-07-11T06:31:28Z</time>
      </trkpt>
      <trkpt lat="48.054035" lon="20.97573167">
        <ele>153.6</ele>
        <time>2025-07-11T06:31:29Z</time>
      </trkpt>
      <trkpt lat="48.05411667" lon="20.97545833">
        <ele>153.3</ele>
        <time>2025-07-11T06:31:30Z</time>
      </trkpt>
      <trkpt lat="48.054195" lon="20.975195">
        <ele>153.1</ele>
        <time>2025-07-11T06:31:31Z</time>
      </trkpt>
      <trkpt lat="48.05426833" lon="20.97490667">
        <ele>153.6</ele>
        <time>2025-07-11T06:31:32Z</time>
      </trkpt>
      <trkpt lat="48.05434333" lon="20.97462667">
        <ele>153.9</ele>
        <time>2025-07-11T06:31:33Z</time>
      </trkpt>
      <trkpt lat="48.05441833" lon="20.97434833">
        <ele>153.7</ele>
        <time>2025-07-11T06:31:34Z</time>
      </trkpt>
      <trkpt lat="48.05450167" lon="20.97405667">
        <ele>154.6</ele>
        <time>2025-07-11T06:31:35Z</time>
      </trkpt>
      <trkpt lat="48.05457833" lon="20.97377167">
        <ele>154.9</ele>
        <time>2025-07-11T06:31:36Z</time>
      </trkpt>
      <trkpt lat="48.05465667" lon="20.97347333">
        <ele>155.3</ele>
        <time>2025-07-11T06:31:37Z</time>
      </trkpt>
      <trkpt lat="48.054735" lon="20.973175">
        <ele>155.6</ele>
        <time>2025-07-11T06:31:38Z</time>
      </trkpt>
      <trkpt lat="48.05481833" lon="20.972875">
        <ele>155.5</ele>
        <time>2025-07-11T06:31:39Z</time>
      </trkpt>
      <trkpt lat="48.05490333" lon="20.972565">
        <ele>155.5</ele>
        <time>2025-07-11T06:31:40Z</time>
      </trkpt>
      <trkpt lat="48.05498667" lon="20.97225333">
        <ele>157.2</ele>
        <time>2025-07-11T06:31:41Z</time>
      </trkpt>
      <trkpt lat="48.05507" lon="20.97195">
        <ele>157.2</ele>
        <time>2025-07-11T06:31:42Z</time>
      </trkpt>
      <trkpt lat="48.05515333" lon="20.971645">
        <ele>156.9</ele>
        <time>2025-07-11T06:31:43Z</time>
      </trkpt>
      <trkpt lat="48.05523667" lon="20.97135333">
        <ele>156.2</ele>
        <time>2025-07-11T06:31:44Z</time>
      </trkpt>
      <trkpt lat="48.05531667" lon="20.97106167">
        <ele>154.7</ele>
        <time>2025-07-11T06:31:45Z</time>
      </trkpt>
      <trkpt lat="48.055395" lon="20.97077333">
        <ele>153.5</ele>
        <time>2025-07-11T06:31:46Z</time>
      </trkpt>
      <trkpt lat="48.055485" lon="20.97047667">
        <ele>152.5</ele>
        <time>2025-07-11T06:31:47Z</time>
      </trkpt>
      <trkpt lat="48.05557" lon="20.97018">
        <ele>152.2</ele>
        <time>2025-07-11T06:31:48Z</time>
      </trkpt>
      <trkpt lat="48.05564333" lon="20.96987667">
        <ele>153</ele>
        <time>2025-07-11T06:31:49Z</time>
      </trkpt>
      <trkpt lat="48.05572833" lon="20.96957">
        <ele>151.6</ele>
        <time>2025-07-11T06:31:50Z</time>
      </trkpt>
      <trkpt lat="48.05581" lon="20.969265">
        <ele>152</ele>
        <time>2025-07-11T06:31:51Z</time>
      </trkpt>
      <trkpt lat="48.05588333" lon="20.96895">
        <ele>151.9</ele>
        <time>2025-07-11T06:31:52Z</time>
      </trkpt>
      <trkpt lat="48.05596167" lon="20.96864167">
        <ele>152.5</ele>
        <time>2025-07-11T06:31:53Z</time>
      </trkpt>
      <trkpt lat="48.056045" lon="20.96833333">
        <ele>151.7</ele>
        <time>2025-07-11T06:31:54Z</time>
      </trkpt>
      <trkpt lat="48.05613833" lon="20.96801667">
        <ele>151.1</ele>
        <time>2025-07-11T06:31:55Z</time>
      </trkpt>
      <trkpt lat="48.05621833" lon="20.96771167">
        <ele>151.5</ele>
        <time>2025-07-11T06:31:56Z</time>
      </trkpt>
      <trkpt lat="48.056295" lon="20.96741167">
        <ele>152.5</ele>
        <time>2025-07-11T06:31:57Z</time>
      </trkpt>
      <trkpt lat="48.05637333" lon="20.967105">
        <ele>152.5</ele>
        <time>2025-07-11T06:31:58Z</time>
      </trkpt>
      <trkpt lat="48.05645333" lon="20.96679833">
        <ele>152.8</ele>
        <time>2025-07-11T06:31:59Z</time>
      </trkpt>
      <trkpt lat="48.05653833" lon="20.96649667">
        <ele>153.3</ele>
        <time>2025-07-11T06:32:00Z</time>
      </trkpt>
      <trkpt lat="48.05661833" lon="20.96619333">
        <ele>154</ele>
        <time>2025-07-11T06:32:01Z</time>
      </trkpt>
      <trkpt lat="48.05670333" lon="20.96589167">
        <ele>154.6</ele>
        <time>2025-07-11T06:32:02Z</time>
      </trkpt>
      <trkpt lat="48.05677333" lon="20.96557833">
        <ele>154.5</ele>
        <time>2025-07-11T06:32:03Z</time>
      </trkpt>
      <trkpt lat="48.05686" lon="20.96527167">
        <ele>155.5</ele>
        <time>2025-07-11T06:32:04Z</time>
      </trkpt>
      <trkpt lat="48.056945" lon="20.96496333">
        <ele>155.4</ele>
        <time>2025-07-11T06:32:05Z</time>
      </trkpt>
      <trkpt lat="48.05702667" lon="20.96464667">
        <ele>154.5</ele>
        <time>2025-07-11T06:32:06Z</time>
      </trkpt>
      <trkpt lat="48.05710667" lon="20.96433">
        <ele>153.4</ele>
        <time>2025-07-11T06:32:07Z</time>
      </trkpt>
      <trkpt lat="48.05719333" lon="20.96400833">
        <ele>153.2</ele>
        <time>2025-07-11T06:32:08Z</time>
      </trkpt>
      <trkpt lat="48.057275" lon="20.963695">
        <ele>154.2</ele>
        <time>2025-07-11T06:32:09Z</time>
      </trkpt>
      <trkpt lat="48.05736" lon="20.96337">
        <ele>154.5</ele>
        <time>2025-07-11T06:32:10Z</time>
      </trkpt>
      <trkpt lat="48.057445" lon="20.96304167">
        <ele>153.9</ele>
        <time>2025-07-11T06:32:11Z</time>
      </trkpt>
      <trkpt lat="48.05753667" lon="20.96271667">
        <ele>154.5</ele>
        <time>2025-07-11T06:32:12Z</time>
      </trkpt>
      <trkpt lat="48.057625" lon="20.96238167">
        <ele>155.1</ele>
        <time>2025-07-11T06:32:13Z</time>
      </trkpt>
      <trkpt lat="48.05771667" lon="20.96204833">
        <ele>154.1</ele>
        <time>2025-07-11T06:32:14Z</time>
      </trkpt>
      <trkpt lat="48.05780667" lon="20.96171167">
        <ele>154.5</ele>
        <time>2025-07-11T06:32:15Z</time>
      </trkpt>
      <trkpt lat="48.05789667" lon="20.96136667">
        <ele>154.5</ele>
        <time>2025-07-11T06:32:16Z</time>
      </trkpt>
      <trkpt lat="48.05799167" lon="20.96102333">
        <ele>154</ele>
        <time>2025-07-11T06:32:17Z</time>
      </trkpt>
      <trkpt lat="48.05809" lon="20.96067167">
        <ele>154</ele>
        <time>2025-07-11T06:32:18Z</time>
      </trkpt>
      <trkpt lat="48.05818833" lon="20.96032167">
        <ele>154.9</ele>
        <time>2025-07-11T06:32:19Z</time>
      </trkpt>
      <trkpt lat="48.05829" lon="20.95996167">
        <ele>154.9</ele>
        <time>2025-07-11T06:32:20Z</time>
      </trkpt>
      <trkpt lat="48.05838833" lon="20.95960833">
        <ele>155.3</ele>
        <time>2025-07-11T06:32:21Z</time>
      </trkpt>
      <trkpt lat="48.05849333" lon="20.95924667">
        <ele>155.9</ele>
        <time>2025-07-11T06:32:22Z</time>
      </trkpt>
      <trkpt lat="48.058595" lon="20.95888667">
        <ele>156.6</ele>
        <time>2025-07-11T06:32:23Z</time>
      </trkpt>
      <trkpt lat="48.05868833" lon="20.95854167">
        <ele>156.7</ele>
        <time>2025-07-11T06:32:24Z</time>
      </trkpt>
      <trkpt lat="48.05878833" lon="20.958175">
        <ele>157.2</ele>
        <time>2025-07-11T06:32:25Z</time>
      </trkpt>
      <trkpt lat="48.05888333" lon="20.95781667">
        <ele>158.3</ele>
        <time>2025-07-11T06:32:26Z</time>
      </trkpt>
      <trkpt lat="48.05898167" lon="20.957465">
        <ele>158</ele>
        <time>2025-07-11T06:32:27Z</time>
      </trkpt>
      <trkpt lat="48.05907667" lon="20.9571">
        <ele>157.9</ele>
        <time>2025-07-11T06:32:28Z</time>
      </trkpt>
      <trkpt lat="48.05917" lon="20.95672167">
        <ele>157.7</ele>
        <time>2025-07-11T06:32:29Z</time>
      </trkpt>
      <trkpt lat="48.05926333" lon="20.95634">
        <ele>158</ele>
        <time>2025-07-11T06:32:30Z</time>
      </trkpt>
      <trkpt lat="48.05937" lon="20.95596167">
        <ele>156.5</ele>
        <time>2025-07-11T06:32:31Z</time>
      </trkpt>
      <trkpt lat="48.05947333" lon="20.95557833">
        <ele>155.2</ele>
        <time>2025-07-11T06:32:32Z</time>
      </trkpt>
      <trkpt lat="48.05957333" lon="20.9552">
        <ele>153.6</ele>
        <time>2025-07-11T06:32:33Z</time>
      </trkpt>
      <trkpt lat="48.05967833" lon="20.95481">
        <ele>153.3</ele>
        <time>2025-07-11T06:32:34Z</time>
      </trkpt>
      <trkpt lat="48.05979" lon="20.95441">
        <ele>152.9</ele>
        <time>2025-07-11T06:32:35Z</time>
      </trkpt>
      <trkpt lat="48.05990333" lon="20.954005">
        <ele>153.6</ele>
        <time>2025-07-11T06:32:36Z</time>
      </trkpt>
      <trkpt lat="48.06000833" lon="20.95361333">
        <ele>155.4</ele>
        <time>2025-07-11T06:32:37Z</time>
      </trkpt>
      <trkpt lat="48.06011667" lon="20.95321333">
        <ele>155.4</ele>
        <time>2025-07-11T06:32:38Z</time>
      </trkpt>
      <trkpt lat="48.06023167" lon="20.95281667">
        <ele>156.3</ele>
        <time>2025-07-11T06:32:39Z</time>
      </trkpt>
      <trkpt lat="48.06034" lon="20.95241333">
        <ele>156.5</ele>
        <time>2025-07-11T06:32:40Z</time>
      </trkpt>
      <trkpt lat="48.06044833" lon="20.952005">
        <ele>156.4</ele>
        <time>2025-07-11T06:32:41Z</time>
      </trkpt>
      <trkpt lat="48.060555" lon="20.95159333">
        <ele>154.4</ele>
        <time>2025-07-11T06:32:42Z</time>
      </trkpt>
      <trkpt lat="48.06066167" lon="20.95118167">
        <ele>153.6</ele>
        <time>2025-07-11T06:32:43Z</time>
      </trkpt>
      <trkpt lat="48.06076667" lon="20.95076333">
        <ele>153.2</ele>
        <time>2025-07-11T06:32:44Z</time>
      </trkpt>
      <trkpt lat="48.06088333" lon="20.95035833">
        <ele>151.9</ele>
        <time>2025-07-11T06:32:45Z</time>
      </trkpt>
      <trkpt lat="48.06099833" lon="20.949945">
        <ele>151.9</ele>
        <time>2025-07-11T06:32:46Z</time>
      </trkpt>
      <trkpt lat="48.06111" lon="20.94953">
        <ele>151.8</ele>
        <time>2025-07-11T06:32:47Z</time>
      </trkpt>
      <trkpt lat="48.06122333" lon="20.94911">
        <ele>151.9</ele>
        <time>2025-07-11T06:32:48Z</time>
      </trkpt>
      <trkpt lat="48.06134167" lon="20.94869833">
        <ele>151.5</ele>
        <time>2025-07-11T06:32:49Z</time>
      </trkpt>
      <trkpt lat="48.06145167" lon="20.94829">
        <ele>152</ele>
        <time>2025-07-11T06:32:50Z</time>
      </trkpt>
      <trkpt lat="48.06157" lon="20.947875">
        <ele>152.1</ele>
        <time>2025-07-11T06:32:51Z</time>
      </trkpt>
      <trkpt lat="48.06167667" lon="20.947455">
        <ele>151.3</ele>
        <time>2025-07-11T06:32:52Z</time>
      </trkpt>
      <trkpt lat="48.06178833" lon="20.947035">
        <ele>151.6</ele>
        <time>2025-07-11T06:32:53Z</time>
      </trkpt>
      <trkpt lat="48.06190333" lon="20.94662">
        <ele>151.1</ele>
        <time>2025-07-11T06:32:54Z</time>
      </trkpt>
      <trkpt lat="48.06201167" lon="20.94620667">
        <ele>151.3</ele>
        <time>2025-07-11T06:32:55Z</time>
      </trkpt>
      <trkpt lat="48.06212833" lon="20.94578833">
        <ele>151.1</ele>
        <time>2025-07-11T06:32:56Z</time>
      </trkpt>
      <trkpt lat="48.062235" lon="20.94536833">
        <ele>151.5</ele>
        <time>2025-07-11T06:32:57Z</time>
      </trkpt>
      <trkpt lat="48.06234" lon="20.94495833">
        <ele>150.7</ele>
        <time>2025-07-11T06:32:58Z</time>
      </trkpt>
      <trkpt lat="48.06245" lon="20.94454">
        <ele>149.7</ele>
        <time>2025-07-11T06:32:59Z</time>
      </trkpt>
      <trkpt lat="48.06256" lon="20.94413">
        <ele>149.7</ele>
        <time>2025-07-11T06:33:00Z</time>
      </trkpt>
      <trkpt lat="48.06268" lon="20.94371833">
        <ele>150</ele>
        <time>2025-07-11T06:33:01Z</time>
      </trkpt>
      <trkpt lat="48.062795" lon="20.9433">
        <ele>150</ele>
        <time>2025-07-11T06:33:02Z</time>
      </trkpt>
      <trkpt lat="48.06291" lon="20.942885">
        <ele>149.6</ele>
        <time>2025-07-11T06:33:03Z</time>
      </trkpt>
      <trkpt lat="48.06301667" lon="20.94246167">
        <ele>149.4</ele>
        <time>2025-07-11T06:33:04Z</time>
      </trkpt>
      <trkpt lat="48.063135" lon="20.94204167">
        <ele>149.6</ele>
        <time>2025-07-11T06:33:05Z</time>
      </trkpt>
      <trkpt lat="48.06325" lon="20.94163">
        <ele>148.6</ele>
        <time>2025-07-11T06:33:06Z</time>
      </trkpt>
      <trkpt lat="48.063365" lon="20.94121833">
        <ele>145.4</ele>
        <time>2025-07-11T06:33:07Z</time>
      </trkpt>
      <trkpt lat="48.06347667" lon="20.94080667">
        <ele>145.5</ele>
        <time>2025-07-11T06:33:08Z</time>
      </trkpt>
      <trkpt lat="48.06358833" lon="20.94039833">
        <ele>144.3</ele>
        <time>2025-07-11T06:33:09Z</time>
      </trkpt>
      <trkpt lat="48.06370167" lon="20.93998">
        <ele>144</ele>
        <time>2025-07-11T06:33:10Z</time>
      </trkpt>
      <trkpt lat="48.06381333" lon="20.93956833">
        <ele>145.1</ele>
        <time>2025-07-11T06:33:11Z</time>
      </trkpt>
      <trkpt lat="48.063925" lon="20.939155">
        <ele>145.2</ele>
        <time>2025-07-11T06:33:12Z</time>
      </trkpt>
      <trkpt lat="48.06404167" lon="20.93874833">
        <ele>146.8</ele>
        <time>2025-07-11T06:33:13Z</time>
      </trkpt>
      <trkpt lat="48.06415333" lon="20.93833167">
        <ele>147.1</ele>
        <time>2025-07-11T06:33:14Z</time>
      </trkpt>
      <trkpt lat="48.06426667" lon="20.93792167">
        <ele>147.9</ele>
        <time>2025-07-11T06:33:15Z</time>
      </trkpt>
      <trkpt lat="48.06438" lon="20.93750833">
        <ele>149.3</ele>
        <time>2025-07-11T06:33:16Z</time>
      </trkpt>
      <trkpt lat="48.06449333" lon="20.93709">
        <ele>150.5</ele>
        <time>2025-07-11T06:33:17Z</time>
      </trkpt>
      <trkpt lat="48.06460833" lon="20.93669">
        <ele>150.6</ele>
        <time>2025-07-11T06:33:18Z</time>
      </trkpt>
      <trkpt lat="48.06471833" lon="20.93628167">
        <ele>150.9</ele>
        <time>2025-07-11T06:33:19Z</time>
      </trkpt>
      <trkpt lat="48.06483" lon="20.93586333">
        <ele>151.7</ele>
        <time>2025-07-11T06:33:20Z</time>
      </trkpt>
      <trkpt lat="48.06493833" lon="20.93544667">
        <ele>152.3</ele>
        <time>2025-07-11T06:33:21Z</time>
      </trkpt>
      <trkpt lat="48.06505167" lon="20.93502833">
        <ele>153</ele>
        <time>2025-07-11T06:33:22Z</time>
      </trkpt>
      <trkpt lat="48.06516167" lon="20.93461333">
        <ele>153.8</ele>
        <time>2025-07-11T06:33:23Z</time>
      </trkpt>
      <trkpt lat="48.06527667" lon="20.93419667">
        <ele>154.6</ele>
        <time>2025-07-11T06:33:24Z</time>
      </trkpt>
      <trkpt lat="48.06538667" lon="20.93378667">
        <ele>154.5</ele>
        <time>2025-07-11T06:33:25Z</time>
      </trkpt>
      <trkpt lat="48.06549667" lon="20.93336">
        <ele>154.8</ele>
        <time>2025-07-11T06:33:26Z</time>
      </trkpt>
      <trkpt lat="48.06562" lon="20.932935">
        <ele>155.8</ele>
        <time>2025-07-11T06:33:27Z</time>
      </trkpt>
      <trkpt lat="48.06573" lon="20.93251833">
        <ele>155.8</ele>
        <time>2025-07-11T06:33:28Z</time>
      </trkpt>
      <trkpt lat="48.065845" lon="20.93209833">
        <ele>156.1</ele>
        <time>2025-07-11T06:33:29Z</time>
      </trkpt>
      <trkpt lat="48.06595167" lon="20.93169167">
        <ele>156.1</ele>
        <time>2025-07-11T06:33:30Z</time>
      </trkpt>
      <trkpt lat="48.06606333" lon="20.93127833">
        <ele>156.6</ele>
        <time>2025-07-11T06:33:31Z</time>
      </trkpt>
      <trkpt lat="48.06617167" lon="20.93087">
        <ele>157.1</ele>
        <time>2025-07-11T06:33:32Z</time>
      </trkpt>
      <trkpt lat="48.066285" lon="20.93045167">
        <ele>157</ele>
        <time>2025-07-11T06:33:33Z</time>
      </trkpt>
      <trkpt lat="48.06640833" lon="20.93004333">
        <ele>156</ele>
        <time>2025-07-11T06:33:34Z</time>
      </trkpt>
      <trkpt lat="48.066525" lon="20.92962333">
        <ele>155.3</ele>
        <time>2025-07-11T06:33:35Z</time>
      </trkpt>
      <trkpt lat="48.06663333" lon="20.92920667">
        <ele>155</ele>
        <time>2025-07-11T06:33:36Z</time>
      </trkpt>
      <trkpt lat="48.066745" lon="20.928795">
        <ele>153.8</ele>
        <time>2025-07-11T06:33:37Z</time>
      </trkpt>
      <trkpt lat="48.06685333" lon="20.92838833">
        <ele>153.5</ele>
        <time>2025-07-11T06:33:38Z</time>
      </trkpt>
      <trkpt lat="48.06696167" lon="20.92797">
        <ele>153.7</ele>
        <time>2025-07-11T06:33:39Z</time>
      </trkpt>
      <trkpt lat="48.06707333" lon="20.92754167">
        <ele>153.2</ele>
        <time>2025-07-11T06:33:40Z</time>
      </trkpt>
      <trkpt lat="48.06718667" lon="20.92712167">
        <ele>154.6</ele>
        <time>2025-07-11T06:33:41Z</time>
      </trkpt>
      <trkpt lat="48.06730833" lon="20.92669667">
        <ele>154.5</ele>
        <time>2025-07-11T06:33:42Z</time>
      </trkpt>
      <trkpt lat="48.06742167" lon="20.926295">
        <ele>154.3</ele>
        <time>2025-07-11T06:33:43Z</time>
      </trkpt>
      <trkpt lat="48.06753" lon="20.925885">
        <ele>154</ele>
        <time>2025-07-11T06:33:44Z</time>
      </trkpt>
      <trkpt lat="48.06764" lon="20.92547">
        <ele>153.5</ele>
        <time>2025-07-11T06:33:45Z</time>
      </trkpt>
      <trkpt lat="48.06775167" lon="20.925055">
        <ele>153.3</ele>
        <time>2025-07-11T06:33:46Z</time>
      </trkpt>
      <trkpt lat="48.06785833" lon="20.92464333">
        <ele>153</ele>
        <time>2025-07-11T06:33:47Z</time>
      </trkpt>
      <trkpt lat="48.067975" lon="20.92422333">
        <ele>153.2</ele>
        <time>2025-07-11T06:33:48Z</time>
      </trkpt>
      <trkpt lat="48.06808333" lon="20.92382167">
        <ele>153.7</ele>
        <time>2025-07-11T06:33:49Z</time>
      </trkpt>
      <trkpt lat="48.068195" lon="20.92341333">
        <ele>155.1</ele>
        <time>2025-07-11T06:33:50Z</time>
      </trkpt>
      <trkpt lat="48.068305" lon="20.923">
        <ele>155.2</ele>
        <time>2025-07-11T06:33:51Z</time>
      </trkpt>
      <trkpt lat="48.06841167" lon="20.92258333">
        <ele>155.5</ele>
        <time>2025-07-11T06:33:52Z</time>
      </trkpt>
      <trkpt lat="48.06852" lon="20.92216333">
        <ele>156.3</ele>
        <time>2025-07-11T06:33:53Z</time>
      </trkpt>
      <trkpt lat="48.068635" lon="20.92175167">
        <ele>156.3</ele>
        <time>2025-07-11T06:33:54Z</time>
      </trkpt>
      <trkpt lat="48.068745" lon="20.92134833">
        <ele>156.1</ele>
        <time>2025-07-11T06:33:55Z</time>
      </trkpt>
      <trkpt lat="48.06885833" lon="20.92094">
        <ele>156.4</ele>
        <time>2025-07-11T06:33:56Z</time>
      </trkpt>
      <trkpt lat="48.06896833" lon="20.92051833">
        <ele>154.7</ele>
        <time>2025-07-11T06:33:57Z</time>
      </trkpt>
      <trkpt lat="48.06908167" lon="20.920105">
        <ele>153.2</ele>
        <time>2025-07-11T06:33:58Z</time>
      </trkpt>
      <trkpt lat="48.06919167" lon="20.919695">
        <ele>151.9</ele>
        <time>2025-07-11T06:33:59Z</time>
      </trkpt>
      <trkpt lat="48.069305" lon="20.919285">
        <ele>153.4</ele>
        <time>2025-07-11T06:34:00Z</time>
      </trkpt>
      <trkpt lat="48.06942" lon="20.918885">
        <ele>154.9</ele>
        <time>2025-07-11T06:34:01Z</time>
      </trkpt>
      <trkpt lat="48.06953167" lon="20.91848333">
        <ele>156</ele>
        <time>2025-07-11T06:34:02Z</time>
      </trkpt>
      <trkpt lat="48.06964" lon="20.91807333">
        <ele>156.4</ele>
        <time>2025-07-11T06:34:03Z</time>
      </trkpt>
      <trkpt lat="48.06974833" lon="20.91766833">
        <ele>157</ele>
        <time>2025-07-11T06:34:04Z</time>
      </trkpt>
      <trkpt lat="48.06985833" lon="20.91724667">
        <ele>157.5</ele>
        <time>2025-07-11T06:34:05Z</time>
      </trkpt>
      <trkpt lat="48.06996667" lon="20.916835">
        <ele>157.1</ele>
        <time>2025-07-11T06:34:06Z</time>
      </trkpt>
      <trkpt lat="48.070075" lon="20.916435">
        <ele>157.5</ele>
        <time>2025-07-11T06:34:07Z</time>
      </trkpt>
      <trkpt lat="48.07017833" lon="20.91603667">
        <ele>158.9</ele>
        <time>2025-07-11T06:34:08Z</time>
      </trkpt>
      <trkpt lat="48.07028333" lon="20.91563">
        <ele>159</ele>
        <time>2025-07-11T06:34:09Z</time>
      </trkpt>
      <trkpt lat="48.0704" lon="20.915215">
        <ele>160.2</ele>
        <time>2025-07-11T06:34:10Z</time>
      </trkpt>
      <trkpt lat="48.07051" lon="20.91481167">
        <ele>159.9</ele>
        <time>2025-07-11T06:34:11Z</time>
      </trkpt>
      <trkpt lat="48.07061667" lon="20.91440667">
        <ele>158.4</ele>
        <time>2025-07-11T06:34:12Z</time>
      </trkpt>
      <trkpt lat="48.070725" lon="20.91399333">
        <ele>157.8</ele>
        <time>2025-07-11T06:34:13Z</time>
      </trkpt>
      <trkpt lat="48.07083167" lon="20.91359">
        <ele>157.4</ele>
        <time>2025-07-11T06:34:14Z</time>
      </trkpt>
      <trkpt lat="48.07094167" lon="20.91318667">
        <ele>158.1</ele>
        <time>2025-07-11T06:34:15Z</time>
      </trkpt>
      <trkpt lat="48.071055" lon="20.912785">
        <ele>158.2</ele>
        <time>2025-07-11T06:34:16Z</time>
      </trkpt>
      <trkpt lat="48.07116833" lon="20.91237833">
        <ele>157.6</ele>
        <time>2025-07-11T06:34:17Z</time>
      </trkpt>
      <trkpt lat="48.07128167" lon="20.91198">
        <ele>157.7</ele>
        <time>2025-07-11T06:34:18Z</time>
      </trkpt>
      <trkpt lat="48.07139333" lon="20.91158667">
        <ele>158</ele>
        <time>2025-07-11T06:34:19Z</time>
      </trkpt>
      <trkpt lat="48.07150333" lon="20.91118333">
        <ele>157.7</ele>
        <time>2025-07-11T06:34:20Z</time>
      </trkpt>
      <trkpt lat="48.07160333" lon="20.91078333">
        <ele>156.9</ele>
        <time>2025-07-11T06:34:21Z</time>
      </trkpt>
      <trkpt lat="48.071705" lon="20.91038167">
        <ele>156.2</ele>
        <time>2025-07-11T06:34:22Z</time>
      </trkpt>
      <trkpt lat="48.071815" lon="20.90998167">
        <ele>155.4</ele>
        <time>2025-07-11T06:34:23Z</time>
      </trkpt>
      <trkpt lat="48.07192167" lon="20.90957333">
        <ele>155.2</ele>
        <time>2025-07-11T06:34:24Z</time>
      </trkpt>
      <trkpt lat="48.07203667" lon="20.90916667">
        <ele>155.4</ele>
        <time>2025-07-11T06:34:25Z</time>
      </trkpt>
      <trkpt lat="48.07214167" lon="20.90877667">
        <ele>155.4</ele>
        <time>2025-07-11T06:34:26Z</time>
      </trkpt>
      <trkpt lat="48.072255" lon="20.908385">
        <ele>155.7</ele>
        <time>2025-07-11T06:34:27Z</time>
      </trkpt>
      <trkpt lat="48.07235833" lon="20.907995">
        <ele>156.1</ele>
        <time>2025-07-11T06:34:28Z</time>
      </trkpt>
      <trkpt lat="48.07246167" lon="20.90762">
        <ele>155.6</ele>
        <time>2025-07-11T06:34:29Z</time>
      </trkpt>
      <trkpt lat="48.07256" lon="20.90724167">
        <ele>155.3</ele>
        <time>2025-07-11T06:34:30Z</time>
      </trkpt>
      <trkpt lat="48.07266" lon="20.906865">
        <ele>154.8</ele>
        <time>2025-07-11T06:34:31Z</time>
      </trkpt>
      <trkpt lat="48.07275833" lon="20.90649">
        <ele>155.5</ele>
        <time>2025-07-11T06:34:32Z</time>
      </trkpt>
      <trkpt lat="48.07285667" lon="20.906125">
        <ele>155.4</ele>
        <time>2025-07-11T06:34:33Z</time>
      </trkpt>
      <trkpt lat="48.07295667" lon="20.90575667">
        <ele>156</ele>
        <time>2025-07-11T06:34:34Z</time>
      </trkpt>
      <trkpt lat="48.07305833" lon="20.90539833">
        <ele>157.1</ele>
        <time>2025-07-11T06:34:35Z</time>
      </trkpt>
      <trkpt lat="48.07315333" lon="20.90504833">
        <ele>157.9</ele>
        <time>2025-07-11T06:34:36Z</time>
      </trkpt>
      <trkpt lat="48.07325333" lon="20.90469333">
        <ele>158.5</ele>
        <time>2025-07-11T06:34:37Z</time>
      </trkpt>
      <trkpt lat="48.07334667" lon="20.904335">
        <ele>157</ele>
        <time>2025-07-11T06:34:38Z</time>
      </trkpt>
      <trkpt lat="48.07344667" lon="20.90398333">
        <ele>155.5</ele>
        <time>2025-07-11T06:34:39Z</time>
      </trkpt>
      <trkpt lat="48.07354333" lon="20.90362167">
        <ele>156.6</ele>
        <time>2025-07-11T06:34:40Z</time>
      </trkpt>
      <trkpt lat="48.07364167" lon="20.903255">
        <ele>156.4</ele>
        <time>2025-07-11T06:34:41Z</time>
      </trkpt>
      <trkpt lat="48.07373667" lon="20.90291">
        <ele>155.2</ele>
        <time>2025-07-11T06:34:42Z</time>
      </trkpt>
      <trkpt lat="48.07383333" lon="20.90254833">
        <ele>155.2</ele>
        <time>2025-07-11T06:34:43Z</time>
      </trkpt>
      <trkpt lat="48.07392833" lon="20.90219">
        <ele>155.6</ele>
        <time>2025-07-11T06:34:44Z</time>
      </trkpt>
      <trkpt lat="48.07403" lon="20.90182833">
        <ele>155.8</ele>
        <time>2025-07-11T06:34:45Z</time>
      </trkpt>
      <trkpt lat="48.074125" lon="20.90147">
        <ele>155.6</ele>
        <time>2025-07-11T06:34:46Z</time>
      </trkpt>
      <trkpt lat="48.07421333" lon="20.90111833">
        <ele>154.8</ele>
        <time>2025-07-11T06:34:47Z</time>
      </trkpt>
      <trkpt lat="48.07431167" lon="20.90076833">
        <ele>154.6</ele>
        <time>2025-07-11T06:34:48Z</time>
      </trkpt>
      <trkpt lat="48.07441" lon="20.90041333">
        <ele>155</ele>
        <time>2025-07-11T06:34:49Z</time>
      </trkpt>
      <trkpt lat="48.07450167" lon="20.90006167">
        <ele>155.5</ele>
        <time>2025-07-11T06:34:50Z</time>
      </trkpt>
      <trkpt lat="48.07459667" lon="20.89971833">
        <ele>155</ele>
        <time>2025-07-11T06:34:51Z</time>
      </trkpt>
      <trkpt lat="48.07469167" lon="20.89936333">
        <ele>154.5</ele>
        <time>2025-07-11T06:34:52Z</time>
      </trkpt>
      <trkpt lat="48.07478667" lon="20.89900667">
        <ele>154.7</ele>
        <time>2025-07-11T06:34:53Z</time>
      </trkpt>
      <trkpt lat="48.07487667" lon="20.89865667">
        <ele>154.8</ele>
        <time>2025-07-11T06:34:54Z</time>
      </trkpt>
      <trkpt lat="48.07497" lon="20.89830667">
        <ele>154.5</ele>
        <time>2025-07-11T06:34:55Z</time>
      </trkpt>
      <trkpt lat="48.07506167" lon="20.897955">
        <ele>154.3</ele>
        <time>2025-07-11T06:34:56Z</time>
      </trkpt>
      <trkpt lat="48.07515667" lon="20.89760833">
        <ele>153.9</ele>
        <time>2025-07-11T06:34:57Z</time>
      </trkpt>
      <trkpt lat="48.07525167" lon="20.89725333">
        <ele>153.8</ele>
        <time>2025-07-11T06:34:58Z</time>
      </trkpt>
      <trkpt lat="48.07535333" lon="20.89689833">
        <ele>152.8</ele>
        <time>2025-07-11T06:34:59Z</time>
      </trkpt>
      <trkpt lat="48.07544667" lon="20.89655">
        <ele>153.1</ele>
        <time>2025-07-11T06:35:00Z</time>
      </trkpt>
      <trkpt lat="48.07554" lon="20.89621">
        <ele>153.4</ele>
        <time>2025-07-11T06:35:01Z</time>
      </trkpt>
      <trkpt lat="48.075635" lon="20.89586667">
        <ele>151.6</ele>
        <time>2025-07-11T06:35:02Z</time>
      </trkpt>
      <trkpt lat="48.075725" lon="20.89552167">
        <ele>151.9</ele>
        <time>2025-07-11T06:35:03Z</time>
      </trkpt>
      <trkpt lat="48.07581333" lon="20.89517">
        <ele>153</ele>
        <time>2025-07-11T06:35:04Z</time>
      </trkpt>
      <trkpt lat="48.07590167" lon="20.89482833">
        <ele>153.6</ele>
        <time>2025-07-11T06:35:05Z</time>
      </trkpt>
      <trkpt lat="48.07598833" lon="20.89447833">
        <ele>154.3</ele>
        <time>2025-07-11T06:35:06Z</time>
      </trkpt>
      <trkpt lat="48.07608667" lon="20.89413667">
        <ele>154.7</ele>
        <time>2025-07-11T06:35:07Z</time>
      </trkpt>
      <trkpt lat="48.076185" lon="20.89379333">
        <ele>155.2</ele>
        <time>2025-07-11T06:35:08Z</time>
      </trkpt>
      <trkpt lat="48.07628667" lon="20.893445">
        <ele>155.4</ele>
        <time>2025-07-11T06:35:09Z</time>
      </trkpt>
      <trkpt lat="48.07639167" lon="20.89310333">
        <ele>155.3</ele>
        <time>2025-07-11T06:35:10Z</time>
      </trkpt>
      <trkpt lat="48.07648833" lon="20.89277">
        <ele>154.2</ele>
        <time>2025-07-11T06:35:11Z</time>
      </trkpt>
      <trkpt lat="48.07658667" lon="20.89243">
        <ele>153.1</ele>
        <time>2025-07-11T06:35:12Z</time>
      </trkpt>
      <trkpt lat="48.07667" lon="20.89209333">
        <ele>152.3</ele>
        <time>2025-07-11T06:35:13Z</time>
      </trkpt>
      <trkpt lat="48.07675833" lon="20.89174333">
        <ele>153.2</ele>
        <time>2025-07-11T06:35:14Z</time>
      </trkpt>
      <trkpt lat="48.07684833" lon="20.89140333">
        <ele>154.4</ele>
        <time>2025-07-11T06:35:15Z</time>
      </trkpt>
      <trkpt lat="48.07694167" lon="20.891065">
        <ele>154.9</ele>
        <time>2025-07-11T06:35:16Z</time>
      </trkpt>
      <trkpt lat="48.07702833" lon="20.890725">
        <ele>154.6</ele>
        <time>2025-07-11T06:35:17Z</time>
      </trkpt>
      <trkpt lat="48.07712167" lon="20.89038167">
        <ele>154.1</ele>
        <time>2025-07-11T06:35:18Z</time>
      </trkpt>
      <trkpt lat="48.07720667" lon="20.89005">
        <ele>153.9</ele>
        <time>2025-07-11T06:35:19Z</time>
      </trkpt>
      <trkpt lat="48.077295" lon="20.889715">
        <ele>154.2</ele>
        <time>2025-07-11T06:35:20Z</time>
      </trkpt>
      <trkpt lat="48.07738" lon="20.889385">
        <ele>154</ele>
        <time>2025-07-11T06:35:21Z</time>
      </trkpt>
      <trkpt lat="48.07746833" lon="20.88905833">
        <ele>153.4</ele>
        <time>2025-07-11T06:35:22Z</time>
      </trkpt>
      <trkpt lat="48.07756667" lon="20.88872833">
        <ele>152.4</ele>
        <time>2025-07-11T06:35:23Z</time>
      </trkpt>
      <trkpt lat="48.07766333" lon="20.88839833">
        <ele>151.5</ele>
        <time>2025-07-11T06:35:24Z</time>
      </trkpt>
      <trkpt lat="48.07775167" lon="20.888065">
        <ele>150.9</ele>
        <time>2025-07-11T06:35:25Z</time>
      </trkpt>
      <trkpt lat="48.07785333" lon="20.88771667">
        <ele>149.6</ele>
        <time>2025-07-11T06:35:26Z</time>
      </trkpt>
      <trkpt lat="48.07794167" lon="20.88737333">
        <ele>151.3</ele>
        <time>2025-07-11T06:35:27Z</time>
      </trkpt>
      <trkpt lat="48.07803" lon="20.88705333">
        <ele>151.3</ele>
        <time>2025-07-11T06:35:28Z</time>
      </trkpt>
      <trkpt lat="48.078115" lon="20.886725">
        <ele>151.6</ele>
        <time>2025-07-11T06:35:29Z</time>
      </trkpt>
      <trkpt lat="48.07820833" lon="20.88639667">
        <ele>151.3</ele>
        <time>2025-07-11T06:35:30Z</time>
      </trkpt>
      <trkpt lat="48.07829667" lon="20.88605167">
        <ele>153.3</ele>
        <time>2025-07-11T06:35:31Z</time>
      </trkpt>
      <trkpt lat="48.07838833" lon="20.88571333">
        <ele>153.8</ele>
        <time>2025-07-11T06:35:32Z</time>
      </trkpt>
      <trkpt lat="48.07848167" lon="20.885375">
        <ele>154</ele>
        <time>2025-07-11T06:35:33Z</time>
      </trkpt>
      <trkpt lat="48.07856333" lon="20.88505">
        <ele>154.2</ele>
        <time>2025-07-11T06:35:34Z</time>
      </trkpt>
      <trkpt lat="48.07864833" lon="20.88472667">
        <ele>154.3</ele>
        <time>2025-07-11T06:35:35Z</time>
      </trkpt>
      <trkpt lat="48.07873167" lon="20.88440167">
        <ele>155.2</ele>
        <time>2025-07-11T06:35:36Z</time>
      </trkpt>
      <trkpt lat="48.078825" lon="20.88406667">
        <ele>153.8</ele>
        <time>2025-07-11T06:35:37Z</time>
      </trkpt>
      <trkpt lat="48.07891" lon="20.88374167">
        <ele>153.7</ele>
        <time>2025-07-11T06:35:38Z</time>
      </trkpt>
      <trkpt lat="48.07899333" lon="20.88341333">
        <ele>153.9</ele>
        <time>2025-07-11T06:35:39Z</time>
      </trkpt>
      <trkpt lat="48.07908167" lon="20.88307833">
        <ele>155</ele>
        <time>2025-07-11T06:35:40Z</time>
      </trkpt>
      <trkpt lat="48.07917333" lon="20.88274667">
        <ele>156</ele>
        <time>2025-07-11T06:35:41Z</time>
      </trkpt>
      <trkpt lat="48.07926667" lon="20.882425">
        <ele>156.6</ele>
        <time>2025-07-11T06:35:42Z</time>
      </trkpt>
      <trkpt lat="48.07935667" lon="20.88211">
        <ele>155.8</ele>
        <time>2025-07-11T06:35:43Z</time>
      </trkpt>
      <trkpt lat="48.07943667" lon="20.88179333">
        <ele>156.9</ele>
        <time>2025-07-11T06:35:44Z</time>
      </trkpt>
      <trkpt lat="48.07952" lon="20.88147333">
        <ele>157.5</ele>
        <time>2025-07-11T06:35:45Z</time>
      </trkpt>
      <trkpt lat="48.07960833" lon="20.88114667">
        <ele>157.7</ele>
        <time>2025-07-11T06:35:46Z</time>
      </trkpt>
      <trkpt lat="48.07969667" lon="20.88082667">
        <ele>157.4</ele>
        <time>2025-07-11T06:35:47Z</time>
      </trkpt>
      <trkpt lat="48.07979" lon="20.88049833">
        <ele>155.3</ele>
        <time>2025-07-11T06:35:48Z</time>
      </trkpt>
      <trkpt lat="48.07987667" lon="20.880155">
        <ele>156.5</ele>
        <time>2025-07-11T06:35:49Z</time>
      </trkpt>
      <trkpt lat="48.07997167" lon="20.87982">
        <ele>156.2</ele>
        <time>2025-07-11T06:35:50Z</time>
      </trkpt>
      <trkpt lat="48.080065" lon="20.87948">
        <ele>155.6</ele>
        <time>2025-07-11T06:35:51Z</time>
      </trkpt>
      <trkpt lat="48.08015" lon="20.87914">
        <ele>155.5</ele>
        <time>2025-07-11T06:35:52Z</time>
      </trkpt>
      <trkpt lat="48.08024167" lon="20.87880833">
        <ele>154.2</ele>
        <time>2025-07-11T06:35:53Z</time>
      </trkpt>
      <trkpt lat="48.080335" lon="20.87846667">
        <ele>153.2</ele>
        <time>2025-07-11T06:35:54Z</time>
      </trkpt>
      <trkpt lat="48.08042833" lon="20.87810833">
        <ele>153.2</ele>
        <time>2025-07-11T06:35:55Z</time>
      </trkpt>
      <trkpt lat="48.08051833" lon="20.87775333">
        <ele>153.8</ele>
        <time>2025-07-11T06:35:56Z</time>
      </trkpt>
      <trkpt lat="48.08062" lon="20.877405">
        <ele>154.2</ele>
        <time>2025-07-11T06:35:57Z</time>
      </trkpt>
      <trkpt lat="48.08071667" lon="20.87704167">
        <ele>156</ele>
        <time>2025-07-11T06:35:58Z</time>
      </trkpt>
      <trkpt lat="48.080815" lon="20.876675">
        <ele>156.7</ele>
        <time>2025-07-11T06:35:59Z</time>
      </trkpt>
      <trkpt lat="48.08092167" lon="20.87631167">
        <ele>158.4</ele>
        <time>2025-07-11T06:36:00Z</time>
      </trkpt>
      <trkpt lat="48.08102333" lon="20.875935">
        <ele>158.7</ele>
        <time>2025-07-11T06:36:01Z</time>
      </trkpt>
      <trkpt lat="48.08113" lon="20.87556">
        <ele>159.2</ele>
        <time>2025-07-11T06:36:02Z</time>
      </trkpt>
      <trkpt lat="48.08123" lon="20.875185">
        <ele>159.5</ele>
        <time>2025-07-11T06:36:03Z</time>
      </trkpt>
      <trkpt lat="48.081335" lon="20.87481">
        <ele>159</ele>
        <time>2025-07-11T06:36:04Z</time>
      </trkpt>
      <trkpt lat="48.08144" lon="20.874455">
        <ele>157.4</ele>
        <time>2025-07-11T06:36:05Z</time>
      </trkpt>
      <trkpt lat="48.08153667" lon="20.87408667">
        <ele>157.2</ele>
        <time>2025-07-11T06:36:06Z</time>
      </trkpt>
      <trkpt lat="48.081635" lon="20.87371333">
        <ele>156.8</ele>
        <time>2025-07-11T06:36:07Z</time>
      </trkpt>
      <trkpt lat="48.08174" lon="20.87333833">
        <ele>157.4</ele>
        <time>2025-07-11T06:36:08Z</time>
      </trkpt>
      <trkpt lat="48.08183833" lon="20.87297">
        <ele>159.2</ele>
        <time>2025-07-11T06:36:09Z</time>
      </trkpt>
      <trkpt lat="48.081935" lon="20.87260333">
        <ele>159.5</ele>
        <time>2025-07-11T06:36:10Z</time>
      </trkpt>
      <trkpt lat="48.08203333" lon="20.87223">
        <ele>159.2</ele>
        <time>2025-07-11T06:36:11Z</time>
      </trkpt>
      <trkpt lat="48.08213" lon="20.87186">
        <ele>158.7</ele>
        <time>2025-07-11T06:36:12Z</time>
      </trkpt>
      <trkpt lat="48.08221833" lon="20.87149333">
        <ele>157.2</ele>
        <time>2025-07-11T06:36:13Z</time>
      </trkpt>
      <trkpt lat="48.08231" lon="20.87113">
        <ele>156.6</ele>
        <time>2025-07-11T06:36:14Z</time>
      </trkpt>
      <trkpt lat="48.082405" lon="20.87075333">
        <ele>156.1</ele>
        <time>2025-07-11T06:36:15Z</time>
      </trkpt>
      <trkpt lat="48.08250833" lon="20.87039">
        <ele>156.6</ele>
        <time>2025-07-11T06:36:16Z</time>
      </trkpt>
      <trkpt lat="48.08260333" lon="20.87002167">
        <ele>156.3</ele>
        <time>2025-07-11T06:36:17Z</time>
      </trkpt>
      <trkpt lat="48.08270333" lon="20.86965">
        <ele>157.4</ele>
        <time>2025-07-11T06:36:18Z</time>
      </trkpt>
      <trkpt lat="48.08279833" lon="20.869295">
        <ele>158.4</ele>
        <time>2025-07-11T06:36:19Z</time>
      </trkpt>
      <trkpt lat="48.08289333" lon="20.868935">
        <ele>158.4</ele>
        <time>2025-07-11T06:36:20Z</time>
      </trkpt>
      <trkpt lat="48.08299167" lon="20.86857">
        <ele>158.4</ele>
        <time>2025-07-11T06:36:21Z</time>
      </trkpt>
      <trkpt lat="48.08309167" lon="20.86820167">
        <ele>158.2</ele>
        <time>2025-07-11T06:36:22Z</time>
      </trkpt>
      <trkpt lat="48.08319333" lon="20.86783833">
        <ele>158.6</ele>
        <time>2025-07-11T06:36:23Z</time>
      </trkpt>
      <trkpt lat="48.083295" lon="20.867475">
        <ele>158.8</ele>
        <time>2025-07-11T06:36:24Z</time>
      </trkpt>
      <trkpt lat="48.08339167" lon="20.86711667">
        <ele>158</ele>
        <time>2025-07-11T06:36:25Z</time>
      </trkpt>
      <trkpt lat="48.08349333" lon="20.86673833">
        <ele>157.9</ele>
        <time>2025-07-11T06:36:26Z</time>
      </trkpt>
      <trkpt lat="48.083595" lon="20.86637333">
        <ele>157.8</ele>
        <time>2025-07-11T06:36:27Z</time>
      </trkpt>
      <trkpt lat="48.08369" lon="20.86601667">
        <ele>157</ele>
        <time>2025-07-11T06:36:28Z</time>
      </trkpt>
      <trkpt lat="48.08379167" lon="20.86565">
        <ele>156.7</ele>
        <time>2025-07-11T06:36:29Z</time>
      </trkpt>
      <trkpt lat="48.08389167" lon="20.86529">
        <ele>156.6</ele>
        <time>2025-07-11T06:36:30Z</time>
      </trkpt>
      <trkpt lat="48.08399" lon="20.86493">
        <ele>157</ele>
        <time>2025-07-11T06:36:31Z</time>
      </trkpt>
      <trkpt lat="48.08409167" lon="20.86456333">
        <ele>157.5</ele>
        <time>2025-07-11T06:36:32Z</time>
      </trkpt>
      <trkpt lat="48.08419167" lon="20.86419833">
        <ele>157.1</ele>
        <time>2025-07-11T06:36:33Z</time>
      </trkpt>
      <trkpt lat="48.08429333" lon="20.86384">
        <ele>157.2</ele>
        <time>2025-07-11T06:36:34Z</time>
      </trkpt>
      <trkpt lat="48.08438833" lon="20.86348333">
        <ele>157.4</ele>
        <time>2025-07-11T06:36:35Z</time>
      </trkpt>
      <trkpt lat="48.08447833" lon="20.86312833">
        <ele>157.8</ele>
        <time>2025-07-11T06:36:36Z</time>
      </trkpt>
      <trkpt lat="48.08456833" lon="20.86277833">
        <ele>156.3</ele>
        <time>2025-07-11T06:36:37Z</time>
      </trkpt>
      <trkpt lat="48.08466667" lon="20.86242333">
        <ele>157</ele>
        <time>2025-07-11T06:36:38Z</time>
      </trkpt>
      <trkpt lat="48.08476333" lon="20.86207167">
        <ele>157.4</ele>
        <time>2025-07-11T06:36:39Z</time>
      </trkpt>
      <trkpt lat="48.084855" lon="20.86171167">
        <ele>157.8</ele>
        <time>2025-07-11T06:36:40Z</time>
      </trkpt>
      <trkpt lat="48.08494667" lon="20.86135667">
        <ele>158.2</ele>
        <time>2025-07-11T06:36:41Z</time>
      </trkpt>
      <trkpt lat="48.08503833" lon="20.861005">
        <ele>156.9</ele>
        <time>2025-07-11T06:36:42Z</time>
      </trkpt>
      <trkpt lat="48.08513333" lon="20.86065333">
        <ele>158</ele>
        <time>2025-07-11T06:36:43Z</time>
      </trkpt>
      <trkpt lat="48.08522833" lon="20.86030333">
        <ele>158.1</ele>
        <time>2025-07-11T06:36:44Z</time>
      </trkpt>
      <trkpt lat="48.08532333" lon="20.859955">
        <ele>158.3</ele>
        <time>2025-07-11T06:36:45Z</time>
      </trkpt>
      <trkpt lat="48.08541833" lon="20.85961">
        <ele>157.8</ele>
        <time>2025-07-11T06:36:46Z</time>
      </trkpt>
      <trkpt lat="48.085515" lon="20.85925833">
        <ele>156.9</ele>
        <time>2025-07-11T06:36:47Z</time>
      </trkpt>
      <trkpt lat="48.08560333" lon="20.85892667">
        <ele>157.1</ele>
        <time>2025-07-11T06:36:48Z</time>
      </trkpt>
      <trkpt lat="48.08569833" lon="20.85859167">
        <ele>156.7</ele>
        <time>2025-07-11T06:36:49Z</time>
      </trkpt>
      <trkpt lat="48.08579167" lon="20.85825833">
        <ele>157.2</ele>
        <time>2025-07-11T06:36:50Z</time>
      </trkpt>
      <trkpt lat="48.085875" lon="20.85793167">
        <ele>157.5</ele>
        <time>2025-07-11T06:36:51Z</time>
      </trkpt>
      <trkpt lat="48.08596333" lon="20.85761">
        <ele>158.2</ele>
        <time>2025-07-11T06:36:52Z</time>
      </trkpt>
      <trkpt lat="48.08605" lon="20.85730167">
        <ele>158.9</ele>
        <time>2025-07-11T06:36:53Z</time>
      </trkpt>
      <trkpt lat="48.086135" lon="20.85699833">
        <ele>158.9</ele>
        <time>2025-07-11T06:36:54Z</time>
      </trkpt>
      <trkpt lat="48.08621" lon="20.85669">
        <ele>160.5</ele>
        <time>2025-07-11T06:36:55Z</time>
      </trkpt>
      <trkpt lat="48.08629167" lon="20.85639167">
        <ele>160.3</ele>
        <time>2025-07-11T06:36:56Z</time>
      </trkpt>
      <trkpt lat="48.08636333" lon="20.85610333">
        <ele>160.8</ele>
        <time>2025-07-11T06:36:57Z</time>
      </trkpt>
      <trkpt lat="48.08644" lon="20.85581667">
        <ele>160.7</ele>
        <time>2025-07-11T06:36:58Z</time>
      </trkpt>
      <trkpt lat="48.08651167" lon="20.85554">
        <ele>160.3</ele>
        <time>2025-07-11T06:36:59Z</time>
      </trkpt>
      <trkpt lat="48.086585" lon="20.85526667">
        <ele>160.7</ele>
        <time>2025-07-11T06:37:00Z</time>
      </trkpt>
      <trkpt lat="48.08666167" lon="20.855">
        <ele>160.3</ele>
        <time>2025-07-11T06:37:01Z</time>
      </trkpt>
      <trkpt lat="48.086725" lon="20.85474667">
        <ele>160.3</ele>
        <time>2025-07-11T06:37:02Z</time>
      </trkpt>
      <trkpt lat="48.086795" lon="20.85448667">
        <ele>159.3</ele>
        <time>2025-07-11T06:37:03Z</time>
      </trkpt>
      <trkpt lat="48.08686" lon="20.85423167">
        <ele>159.8</ele>
        <time>2025-07-11T06:37:04Z</time>
      </trkpt>
      <trkpt lat="48.08693667" lon="20.853975">
        <ele>159.3</ele>
        <time>2025-07-11T06:37:05Z</time>
      </trkpt>
      <trkpt lat="48.08700833" lon="20.853715">
        <ele>159</ele>
        <time>2025-07-11T06:37:06Z</time>
      </trkpt>
      <trkpt lat="48.08708333" lon="20.85346167">
        <ele>158</ele>
        <time>2025-07-11T06:37:07Z</time>
      </trkpt>
      <trkpt lat="48.087155" lon="20.85321667">
        <ele>157.3</ele>
        <time>2025-07-11T06:37:08Z</time>
      </trkpt>
      <trkpt lat="48.08722167" lon="20.85296167">
        <ele>156.9</ele>
        <time>2025-07-11T06:37:09Z</time>
      </trkpt>
      <trkpt lat="48.08728" lon="20.85271333">
        <ele>156.5</ele>
        <time>2025-07-11T06:37:10Z</time>
      </trkpt>
      <trkpt lat="48.08735333" lon="20.85246833">
        <ele>156</ele>
        <time>2025-07-11T06:37:11Z</time>
      </trkpt>
      <trkpt lat="48.087425" lon="20.85222833">
        <ele>155</ele>
        <time>2025-07-11T06:37:12Z</time>
      </trkpt>
      <trkpt lat="48.08749" lon="20.85199167">
        <ele>153.4</ele>
        <time>2025-07-11T06:37:13Z</time>
      </trkpt>
      <trkpt lat="48.08755667" lon="20.85176167">
        <ele>151.9</ele>
        <time>2025-07-11T06:37:14Z</time>
      </trkpt>
      <trkpt lat="48.08762333" lon="20.85153">
        <ele>151.1</ele>
        <time>2025-07-11T06:37:15Z</time>
      </trkpt>
      <trkpt lat="48.087695" lon="20.85130667">
        <ele>150.2</ele>
        <time>2025-07-11T06:37:16Z</time>
      </trkpt>
      <trkpt lat="48.087775" lon="20.85108667">
        <ele>150.7</ele>
        <time>2025-07-11T06:37:17Z</time>
      </trkpt>
      <trkpt lat="48.08785167" lon="20.85086667">
        <ele>150.5</ele>
        <time>2025-07-11T06:37:18Z</time>
      </trkpt>
      <trkpt lat="48.087925" lon="20.85064833">
        <ele>151.3</ele>
        <time>2025-07-11T06:37:19Z</time>
      </trkpt>
      <trkpt lat="48.08800167" lon="20.85043">
        <ele>151.7</ele>
        <time>2025-07-11T06:37:20Z</time>
      </trkpt>
      <trkpt lat="48.08807833" lon="20.85021833">
        <ele>151.8</ele>
        <time>2025-07-11T06:37:21Z</time>
      </trkpt>
      <trkpt lat="48.08815333" lon="20.85000667">
        <ele>151.8</ele>
        <time>2025-07-11T06:37:22Z</time>
      </trkpt>
      <trkpt lat="48.088235" lon="20.849805">
        <ele>151.8</ele>
        <time>2025-07-11T06:37:23Z</time>
      </trkpt>
      <trkpt lat="48.08830833" lon="20.84959667">
        <ele>152.5</ele>
        <time>2025-07-11T06:37:24Z</time>
      </trkpt>
      <trkpt lat="48.08838667" lon="20.84936667">
        <ele>153</ele>
        <time>2025-07-11T06:37:25Z</time>
      </trkpt>
      <trkpt lat="48.08846" lon="20.84915167">
        <ele>154</ele>
        <time>2025-07-11T06:37:26Z</time>
      </trkpt>
      <trkpt lat="48.08853167" lon="20.84895833">
        <ele>156</ele>
        <time>2025-07-11T06:37:27Z</time>
      </trkpt>
      <trkpt lat="48.08860833" lon="20.84875333">
        <ele>157</ele>
        <time>2025-07-11T06:37:28Z</time>
      </trkpt>
      <trkpt lat="48.08868833" lon="20.84854167">
        <ele>158.4</ele>
        <time>2025-07-11T06:37:29Z</time>
      </trkpt>
      <trkpt lat="48.08876833" lon="20.848355">
        <ele>158.9</ele>
        <time>2025-07-11T06:37:30Z</time>
      </trkpt>
      <trkpt lat="48.08884833" lon="20.84817">
        <ele>158.3</ele>
        <time>2025-07-11T06:37:31Z</time>
      </trkpt>
      <trkpt lat="48.08893" lon="20.84798833">
        <ele>156.9</ele>
        <time>2025-07-11T06:37:32Z</time>
      </trkpt>
      <trkpt lat="48.089015" lon="20.84780333">
        <ele>155.7</ele>
        <time>2025-07-11T06:37:33Z</time>
      </trkpt>
      <trkpt lat="48.089095" lon="20.84761167">
        <ele>153.9</ele>
        <time>2025-07-11T06:37:34Z</time>
      </trkpt>
      <trkpt lat="48.08918167" lon="20.84742167">
        <ele>154.3</ele>
        <time>2025-07-11T06:37:35Z</time>
      </trkpt>
      <trkpt lat="48.08926667" lon="20.84722667">
        <ele>155.4</ele>
        <time>2025-07-11T06:37:36Z</time>
      </trkpt>
      <trkpt lat="48.08936333" lon="20.84702667">
        <ele>156.1</ele>
        <time>2025-07-11T06:37:37Z</time>
      </trkpt>
      <trkpt lat="48.08946167" lon="20.84682167">
        <ele>154.3</ele>
        <time>2025-07-11T06:37:38Z</time>
      </trkpt>
      <trkpt lat="48.089565" lon="20.84663">
        <ele>154.1</ele>
        <time>2025-07-11T06:37:39Z</time>
      </trkpt>
      <trkpt lat="48.08966167" lon="20.84644833">
        <ele>155</ele>
        <time>2025-07-11T06:37:40Z</time>
      </trkpt>
      <trkpt lat="48.089755" lon="20.846275">
        <ele>156.9</ele>
        <time>2025-07-11T06:37:41Z</time>
      </trkpt>
      <trkpt lat="48.08985833" lon="20.84608333">
        <ele>156.5</ele>
        <time>2025-07-11T06:37:42Z</time>
      </trkpt>
      <trkpt lat="48.08995167" lon="20.84590333">
        <ele>156.9</ele>
        <time>2025-07-11T06:37:43Z</time>
      </trkpt>
      <trkpt lat="48.09004833" lon="20.84572167">
        <ele>156.7</ele>
        <time>2025-07-11T06:37:44Z</time>
      </trkpt>
      <trkpt lat="48.09015" lon="20.84553833">
        <ele>156.7</ele>
        <time>2025-07-11T06:37:45Z</time>
      </trkpt>
      <trkpt lat="48.090255" lon="20.84536">
        <ele>155.9</ele>
        <time>2025-07-11T06:37:46Z</time>
      </trkpt>
      <trkpt lat="48.09035833" lon="20.84518833">
        <ele>155.5</ele>
        <time>2025-07-11T06:37:47Z</time>
      </trkpt>
      <trkpt lat="48.09045833" lon="20.845025">
        <ele>155.2</ele>
        <time>2025-07-11T06:37:48Z</time>
      </trkpt>
      <trkpt lat="48.09056333" lon="20.844855">
        <ele>154.5</ele>
        <time>2025-07-11T06:37:49Z</time>
      </trkpt>
      <trkpt lat="48.090665" lon="20.84468">
        <ele>155</ele>
        <time>2025-07-11T06:37:50Z</time>
      </trkpt>
      <trkpt lat="48.09076167" lon="20.84450833">
        <ele>155.6</ele>
        <time>2025-07-11T06:37:51Z</time>
      </trkpt>
      <trkpt lat="48.09086167" lon="20.84433833">
        <ele>155.7</ele>
        <time>2025-07-11T06:37:52Z</time>
      </trkpt>
      <trkpt lat="48.09096667" lon="20.84416833">
        <ele>156</ele>
        <time>2025-07-11T06:37:53Z</time>
      </trkpt>
      <trkpt lat="48.09107333" lon="20.844">
        <ele>156.4</ele>
        <time>2025-07-11T06:37:54Z</time>
      </trkpt>
      <trkpt lat="48.09117667" lon="20.843825">
        <ele>157.4</ele>
        <time>2025-07-11T06:37:55Z</time>
      </trkpt>
      <trkpt lat="48.09128" lon="20.84365333">
        <ele>158.3</ele>
        <time>2025-07-11T06:37:56Z</time>
      </trkpt>
      <trkpt lat="48.09138667" lon="20.84348167">
        <ele>158.5</ele>
        <time>2025-07-11T06:37:57Z</time>
      </trkpt>
      <trkpt lat="48.09149167" lon="20.84331">
        <ele>158.6</ele>
        <time>2025-07-11T06:37:58Z</time>
      </trkpt>
      <trkpt lat="48.09159667" lon="20.84313833">
        <ele>158.7</ele>
        <time>2025-07-11T06:37:59Z</time>
      </trkpt>
      <trkpt lat="48.09170167" lon="20.84296667">
        <ele>158.7</ele>
        <time>2025-07-11T06:38:00Z</time>
      </trkpt>
      <trkpt lat="48.09180667" lon="20.842795">
        <ele>157.2</ele>
        <time>2025-07-11T06:38:01Z</time>
      </trkpt>
      <trkpt lat="48.09190833" lon="20.84262667">
        <ele>157.2</ele>
        <time>2025-07-11T06:38:02Z</time>
      </trkpt>
      <trkpt lat="48.092005" lon="20.84246333">
        <ele>157.5</ele>
        <time>2025-07-11T06:38:03Z</time>
      </trkpt>
      <trkpt lat="48.09210667" lon="20.84229833">
        <ele>157.5</ele>
        <time>2025-07-11T06:38:04Z</time>
      </trkpt>
      <trkpt lat="48.09221" lon="20.84212833">
        <ele>158</ele>
        <time>2025-07-11T06:38:05Z</time>
      </trkpt>
      <trkpt lat="48.09230833" lon="20.84196167">
        <ele>158.2</ele>
        <time>2025-07-11T06:38:06Z</time>
      </trkpt>
      <trkpt lat="48.09240333" lon="20.841795">
        <ele>158.7</ele>
        <time>2025-07-11T06:38:07Z</time>
      </trkpt>
      <trkpt lat="48.09250667" lon="20.84162833">
        <ele>157.3</ele>
        <time>2025-07-11T06:38:08Z</time>
      </trkpt>
      <trkpt lat="48.09260333" lon="20.841455">
        <ele>157.2</ele>
        <time>2025-07-11T06:38:09Z</time>
      </trkpt>
      <trkpt lat="48.09271333" lon="20.84127667">
        <ele>156.6</ele>
        <time>2025-07-11T06:38:10Z</time>
      </trkpt>
      <trkpt lat="48.09281833" lon="20.84111">
        <ele>154.9</ele>
        <time>2025-07-11T06:38:11Z</time>
      </trkpt>
      <trkpt lat="48.092925" lon="20.84093167">
        <ele>155.7</ele>
        <time>2025-07-11T06:38:12Z</time>
      </trkpt>
      <trkpt lat="48.09303167" lon="20.84076667">
        <ele>156.1</ele>
        <time>2025-07-11T06:38:13Z</time>
      </trkpt>
      <trkpt lat="48.093125" lon="20.84061333">
        <ele>155.2</ele>
        <time>2025-07-11T06:38:14Z</time>
      </trkpt>
      <trkpt lat="48.09322333" lon="20.84044333">
        <ele>155</ele>
        <time>2025-07-11T06:38:15Z</time>
      </trkpt>
      <trkpt lat="48.09331833" lon="20.840285">
        <ele>154.7</ele>
        <time>2025-07-11T06:38:16Z</time>
      </trkpt>
      <trkpt lat="48.09342167" lon="20.840125">
        <ele>155.1</ele>
        <time>2025-07-11T06:38:17Z</time>
      </trkpt>
      <trkpt lat="48.09351833" lon="20.83995833">
        <ele>155.4</ele>
        <time>2025-07-11T06:38:18Z</time>
      </trkpt>
      <trkpt lat="48.09361333" lon="20.83979833">
        <ele>154.6</ele>
        <time>2025-07-11T06:38:19Z</time>
      </trkpt>
      <trkpt lat="48.09371333" lon="20.839635">
        <ele>154.4</ele>
        <time>2025-07-11T06:38:20Z</time>
      </trkpt>
      <trkpt lat="48.093805" lon="20.83946833">
        <ele>155.9</ele>
        <time>2025-07-11T06:38:21Z</time>
      </trkpt>
      <trkpt lat="48.093905" lon="20.83930167">
        <ele>156.2</ele>
        <time>2025-07-11T06:38:22Z</time>
      </trkpt>
      <trkpt lat="48.09400667" lon="20.83914167">
        <ele>155.4</ele>
        <time>2025-07-11T06:38:23Z</time>
      </trkpt>
      <trkpt lat="48.09410333" lon="20.83897667">
        <ele>155.9</ele>
        <time>2025-07-11T06:38:24Z</time>
      </trkpt>
      <trkpt lat="48.09420333" lon="20.83880833">
        <ele>156</ele>
        <time>2025-07-11T06:38:25Z</time>
      </trkpt>
      <trkpt lat="48.09430333" lon="20.83864333">
        <ele>155.9</ele>
        <time>2025-07-11T06:38:26Z</time>
      </trkpt>
      <trkpt lat="48.09439833" lon="20.83847167">
        <ele>156.1</ele>
        <time>2025-07-11T06:38:27Z</time>
      </trkpt>
      <trkpt lat="48.09449833" lon="20.83830333">
        <ele>156.2</ele>
        <time>2025-07-11T06:38:28Z</time>
      </trkpt>
      <trkpt lat="48.09459667" lon="20.838145">
        <ele>154.9</ele>
        <time>2025-07-11T06:38:29Z</time>
      </trkpt>
      <trkpt lat="48.09469667" lon="20.837985">
        <ele>153.8</ele>
        <time>2025-07-11T06:38:30Z</time>
      </trkpt>
      <trkpt lat="48.094785" lon="20.837825">
        <ele>154.4</ele>
        <time>2025-07-11T06:38:31Z</time>
      </trkpt>
      <trkpt lat="48.09488833" lon="20.83765667">
        <ele>155.2</ele>
        <time>2025-07-11T06:38:32Z</time>
      </trkpt>
      <trkpt lat="48.09498833" lon="20.837495">
        <ele>155.1</ele>
        <time>2025-07-11T06:38:33Z</time>
      </trkpt>
      <trkpt lat="48.09508333" lon="20.83734167">
        <ele>153.8</ele>
        <time>2025-07-11T06:38:34Z</time>
      </trkpt>
      <trkpt lat="48.09518" lon="20.83718333">
        <ele>152.7</ele>
        <time>2025-07-11T06:38:35Z</time>
      </trkpt>
      <trkpt lat="48.095285" lon="20.83701667">
        <ele>152.2</ele>
        <time>2025-07-11T06:38:36Z</time>
      </trkpt>
      <trkpt lat="48.09538167" lon="20.83684833">
        <ele>149.9</ele>
        <time>2025-07-11T06:38:37Z</time>
      </trkpt>
      <trkpt lat="48.09547833" lon="20.83669333">
        <ele>150.2</ele>
        <time>2025-07-11T06:38:38Z</time>
      </trkpt>
      <trkpt lat="48.09557667" lon="20.83652667">
        <ele>150.3</ele>
        <time>2025-07-11T06:38:39Z</time>
      </trkpt>
      <trkpt lat="48.09566667" lon="20.83635333">
        <ele>151.3</ele>
        <time>2025-07-11T06:38:40Z</time>
      </trkpt>
      <trkpt lat="48.09576667" lon="20.83618667">
        <ele>151.3</ele>
        <time>2025-07-11T06:38:41Z</time>
      </trkpt>
      <trkpt lat="48.09586667" lon="20.83602667">
        <ele>152.1</ele>
        <time>2025-07-11T06:38:42Z</time>
      </trkpt>
      <trkpt lat="48.09596333" lon="20.83587333">
        <ele>152.6</ele>
        <time>2025-07-11T06:38:43Z</time>
      </trkpt>
      <trkpt lat="48.09606333" lon="20.83571667">
        <ele>152.9</ele>
        <time>2025-07-11T06:38:44Z</time>
      </trkpt>
      <trkpt lat="48.09616" lon="20.83556">
        <ele>150.3</ele>
        <time>2025-07-11T06:38:45Z</time>
      </trkpt>
      <trkpt lat="48.09626" lon="20.835395">
        <ele>150.9</ele>
        <time>2025-07-11T06:38:46Z</time>
      </trkpt>
      <trkpt lat="48.09635" lon="20.83523833">
        <ele>151.4</ele>
        <time>2025-07-11T06:38:47Z</time>
      </trkpt>
      <trkpt lat="48.096445" lon="20.83508">
        <ele>151.4</ele>
        <time>2025-07-11T06:38:48Z</time>
      </trkpt>
      <trkpt lat="48.09654333" lon="20.83491833">
        <ele>152.1</ele>
        <time>2025-07-11T06:38:49Z</time>
      </trkpt>
      <trkpt lat="48.09663833" lon="20.83477">
        <ele>151.5</ele>
        <time>2025-07-11T06:38:50Z</time>
      </trkpt>
      <trkpt lat="48.09673167" lon="20.834615">
        <ele>151.7</ele>
        <time>2025-07-11T06:38:51Z</time>
      </trkpt>
      <trkpt lat="48.096825" lon="20.83446">
        <ele>151.9</ele>
        <time>2025-07-11T06:38:52Z</time>
      </trkpt>
      <trkpt lat="48.096925" lon="20.83430833">
        <ele>151.8</ele>
        <time>2025-07-11T06:38:53Z</time>
      </trkpt>
      <trkpt lat="48.09701833" lon="20.83415">
        <ele>152.7</ele>
        <time>2025-07-11T06:38:54Z</time>
      </trkpt>
      <trkpt lat="48.09711" lon="20.83399333">
        <ele>153.3</ele>
        <time>2025-07-11T06:38:55Z</time>
      </trkpt>
      <trkpt lat="48.097205" lon="20.83383333">
        <ele>154</ele>
        <time>2025-07-11T06:38:56Z</time>
      </trkpt>
      <trkpt lat="48.09729833" lon="20.83368">
        <ele>153.7</ele>
        <time>2025-07-11T06:38:57Z</time>
      </trkpt>
      <trkpt lat="48.09739" lon="20.83352667">
        <ele>154.3</ele>
        <time>2025-07-11T06:38:58Z</time>
      </trkpt>
      <trkpt lat="48.097485" lon="20.833375">
        <ele>154.5</ele>
        <time>2025-07-11T06:38:59Z</time>
      </trkpt>
      <trkpt lat="48.09758" lon="20.83321833">
        <ele>154.4</ele>
        <time>2025-07-11T06:39:00Z</time>
      </trkpt>
      <trkpt lat="48.09767667" lon="20.83306167">
        <ele>154</ele>
        <time>2025-07-11T06:39:01Z</time>
      </trkpt>
      <trkpt lat="48.09777167" lon="20.83290667">
        <ele>153.4</ele>
        <time>2025-07-11T06:39:02Z</time>
      </trkpt>
      <trkpt lat="48.09786833" lon="20.83275167">
        <ele>153</ele>
        <time>2025-07-11T06:39:03Z</time>
      </trkpt>
      <trkpt lat="48.09796" lon="20.83258833">
        <ele>153.2</ele>
        <time>2025-07-11T06:39:04Z</time>
      </trkpt>
      <trkpt lat="48.09805" lon="20.83242833">
        <ele>152.8</ele>
        <time>2025-07-11T06:39:05Z</time>
      </trkpt>
      <trkpt lat="48.09813833" lon="20.832265">
        <ele>152.6</ele>
        <time>2025-07-11T06:39:06Z</time>
      </trkpt>
      <trkpt lat="48.098235" lon="20.8321">
        <ele>152</ele>
        <time>2025-07-11T06:39:07Z</time>
      </trkpt>
      <trkpt lat="48.09832333" lon="20.83194833">
        <ele>151.8</ele>
        <time>2025-07-11T06:39:08Z</time>
      </trkpt>
      <trkpt lat="48.09840833" lon="20.83179333">
        <ele>152.3</ele>
        <time>2025-07-11T06:39:09Z</time>
      </trkpt>
      <trkpt lat="48.09849167" lon="20.831635">
        <ele>153.6</ele>
        <time>2025-07-11T06:39:10Z</time>
      </trkpt>
      <trkpt lat="48.09857167" lon="20.83146167">
        <ele>156.2</ele>
        <time>2025-07-11T06:39:11Z</time>
      </trkpt>
      <trkpt lat="48.09864833" lon="20.83129667">
        <ele>156.5</ele>
        <time>2025-07-11T06:39:12Z</time>
      </trkpt>
      <trkpt lat="48.09872167" lon="20.83113167">
        <ele>156.5</ele>
        <time>2025-07-11T06:39:13Z</time>
      </trkpt>
      <trkpt lat="48.09878333" lon="20.830975">
        <ele>156.9</ele>
        <time>2025-07-11T06:39:14Z</time>
      </trkpt>
      <trkpt lat="48.09884667" lon="20.8308">
        <ele>156.7</ele>
        <time>2025-07-11T06:39:15Z</time>
      </trkpt>
      <trkpt lat="48.09890833" lon="20.83062">
        <ele>157.2</ele>
        <time>2025-07-11T06:39:16Z</time>
      </trkpt>
      <trkpt lat="48.09896833" lon="20.830445">
        <ele>158.1</ele>
        <time>2025-07-11T06:39:17Z</time>
      </trkpt>
      <trkpt lat="48.09902833" lon="20.830265">
        <ele>159.6</ele>
        <time>2025-07-11T06:39:18Z</time>
      </trkpt>
      <trkpt lat="48.09908" lon="20.83008667">
        <ele>160</ele>
        <time>2025-07-11T06:39:19Z</time>
      </trkpt>
      <trkpt lat="48.099135" lon="20.82991167">
        <ele>158.9</ele>
        <time>2025-07-11T06:39:20Z</time>
      </trkpt>
      <trkpt lat="48.09918667" lon="20.82974333">
        <ele>158.5</ele>
        <time>2025-07-11T06:39:21Z</time>
      </trkpt>
      <trkpt lat="48.09922833" lon="20.829585">
        <ele>158.6</ele>
        <time>2025-07-11T06:39:22Z</time>
      </trkpt>
      <trkpt lat="48.099265" lon="20.82943167">
        <ele>159.3</ele>
        <time>2025-07-11T06:39:23Z</time>
      </trkpt>
      <trkpt lat="48.09929667" lon="20.829285">
        <ele>160.2</ele>
        <time>2025-07-11T06:39:24Z</time>
      </trkpt>
      <trkpt lat="48.09933167" lon="20.82914167">
        <ele>160.9</ele>
        <time>2025-07-11T06:39:25Z</time>
      </trkpt>
      <trkpt lat="48.099365" lon="20.82900333">
        <ele>161.8</ele>
        <time>2025-07-11T06:39:26Z</time>
      </trkpt>
      <trkpt lat="48.09939333" lon="20.82886833">
        <ele>162.9</ele>
        <time>2025-07-11T06:39:27Z</time>
      </trkpt>
      <trkpt lat="48.09943333" lon="20.82861">
        <ele>162.8</ele>
        <time>2025-07-11T06:39:29Z</time>
      </trkpt>
      <trkpt lat="48.09945167" lon="20.828475">
        <ele>163.2</ele>
        <time>2025-07-11T06:39:30Z</time>
      </trkpt>
      <trkpt lat="48.09948333" lon="20.82822167">
        <ele>163</ele>
        <time>2025-07-11T06:39:32Z</time>
      </trkpt>
      <trkpt lat="48.09951167" lon="20.82797333">
        <ele>163.2</ele>
        <time>2025-07-11T06:39:34Z</time>
      </trkpt>
      <trkpt lat="48.09954" lon="20.82771333">
        <ele>162.7</ele>
        <time>2025-07-11T06:39:36Z</time>
      </trkpt>
      <trkpt lat="48.09956167" lon="20.82746167">
        <ele>162.4</ele>
        <time>2025-07-11T06:39:38Z</time>
      </trkpt>
      <trkpt lat="48.09958" lon="20.82720167">
        <ele>162.9</ele>
        <time>2025-07-11T06:39:40Z</time>
      </trkpt>
      <trkpt lat="48.09960833" lon="20.82694333">
        <ele>161.9</ele>
        <time>2025-07-11T06:39:42Z</time>
      </trkpt>
      <trkpt lat="48.09961667" lon="20.82680833">
        <ele>162</ele>
        <time>2025-07-11T06:39:43Z</time>
      </trkpt>
      <trkpt lat="48.099635" lon="20.82654333">
        <ele>161.4</ele>
        <time>2025-07-11T06:39:45Z</time>
      </trkpt>
      <trkpt lat="48.09965833" lon="20.82629167">
        <ele>161.3</ele>
        <time>2025-07-11T06:39:47Z</time>
      </trkpt>
      <trkpt lat="48.09967833" lon="20.82604833">
        <ele>160.6</ele>
        <time>2025-07-11T06:39:49Z</time>
      </trkpt>
      <trkpt lat="48.099705" lon="20.82580333">
        <ele>159.2</ele>
        <time>2025-07-11T06:39:51Z</time>
      </trkpt>
      <trkpt lat="48.09973167" lon="20.825555">
        <ele>159.1</ele>
        <time>2025-07-11T06:39:53Z</time>
      </trkpt>
      <trkpt lat="48.09974667" lon="20.82532">
        <ele>159</ele>
        <time>2025-07-11T06:39:55Z</time>
      </trkpt>
      <trkpt lat="48.09976333" lon="20.82508167">
        <ele>158.7</ele>
        <time>2025-07-11T06:39:57Z</time>
      </trkpt>
      <trkpt lat="48.09978833" lon="20.82484">
        <ele>159.4</ele>
        <time>2025-07-11T06:39:59Z</time>
      </trkpt>
      <trkpt lat="48.09981" lon="20.82460167">
        <ele>159.2</ele>
        <time>2025-07-11T06:40:01Z</time>
      </trkpt>
      <trkpt lat="48.099835" lon="20.82435333">
        <ele>158.9</ele>
        <time>2025-07-11T06:40:03Z</time>
      </trkpt>
      <trkpt lat="48.09986" lon="20.82411">
        <ele>158.4</ele>
        <time>2025-07-11T06:40:05Z</time>
      </trkpt>
      <trkpt lat="48.09987167" lon="20.823975">
        <ele>158.2</ele>
        <time>2025-07-11T06:40:06Z</time>
      </trkpt>
      <trkpt lat="48.09989333" lon="20.82371167">
        <ele>159</ele>
        <time>2025-07-11T06:40:08Z</time>
      </trkpt>
      <trkpt lat="48.09993" lon="20.82347">
        <ele>158.2</ele>
        <time>2025-07-11T06:40:10Z</time>
      </trkpt>
      <trkpt lat="48.09994" lon="20.823335">
        <ele>158.8</ele>
        <time>2025-07-11T06:40:11Z</time>
      </trkpt>
      <trkpt lat="48.09996667" lon="20.823085">
        <ele>158.4</ele>
        <time>2025-07-11T06:40:13Z</time>
      </trkpt>
      <trkpt lat="48.099975" lon="20.822945">
        <ele>159.2</ele>
        <time>2025-07-11T06:40:14Z</time>
      </trkpt>
      <trkpt lat="48.09998667" lon="20.82268333">
        <ele>160</ele>
        <time>2025-07-11T06:40:16Z</time>
      </trkpt>
      <trkpt lat="48.09998667" lon="20.82228667">
        <ele>159.9</ele>
        <time>2025-07-11T06:40:19Z</time>
      </trkpt>
      <trkpt lat="48.09997833" lon="20.82214833">
        <ele>160.4</ele>
        <time>2025-07-11T06:40:20Z</time>
      </trkpt>
      <trkpt lat="48.09996833" lon="20.82175667">
        <ele>164.8</ele>
        <time>2025-07-11T06:40:23Z</time>
      </trkpt>
      <trkpt lat="48.099975" lon="20.8215">
        <ele>163.6</ele>
        <time>2025-07-11T06:40:25Z</time>
      </trkpt>
      <trkpt lat="48.09997167" lon="20.82124833">
        <ele>160.7</ele>
        <time>2025-07-11T06:40:27Z</time>
      </trkpt>
      <trkpt lat="48.099965" lon="20.82101333">
        <ele>159.2</ele>
        <time>2025-07-11T06:40:29Z</time>
      </trkpt>
      <trkpt lat="48.09995833" lon="20.82067667">
        <ele>158.3</ele>
        <time>2025-07-11T06:40:32Z</time>
      </trkpt>
      <trkpt lat="48.09995333" lon="20.82043333">
        <ele>158.8</ele>
        <time>2025-07-11T06:40:34Z</time>
      </trkpt>
      <trkpt lat="48.09993" lon="20.82019">
        <ele>158.7</ele>
        <time>2025-07-11T06:40:36Z</time>
      </trkpt>
      <trkpt lat="48.09991333" lon="20.81995333">
        <ele>159.7</ele>
        <time>2025-07-11T06:40:38Z</time>
      </trkpt>
      <trkpt lat="48.09988" lon="20.81972333">
        <ele>159.8</ele>
        <time>2025-07-11T06:40:40Z</time>
      </trkpt>
      <trkpt lat="48.09985" lon="20.819495">
        <ele>159.3</ele>
        <time>2025-07-11T06:40:42Z</time>
      </trkpt>
      <trkpt lat="48.09982333" lon="20.81926167">
        <ele>159.4</ele>
        <time>2025-07-11T06:40:44Z</time>
      </trkpt>
      <trkpt lat="48.09979333" lon="20.81903">
        <ele>158.4</ele>
        <time>2025-07-11T06:40:46Z</time>
      </trkpt>
      <trkpt lat="48.099765" lon="20.81879667">
        <ele>158.6</ele>
        <time>2025-07-11T06:40:48Z</time>
      </trkpt>
      <trkpt lat="48.09973833" lon="20.81857333">
        <ele>158.2</ele>
        <time>2025-07-11T06:40:50Z</time>
      </trkpt>
      <trkpt lat="48.09971" lon="20.81834167">
        <ele>157.3</ele>
        <time>2025-07-11T06:40:52Z</time>
      </trkpt>
      <trkpt lat="48.09967833" lon="20.81811333">
        <ele>157.4</ele>
        <time>2025-07-11T06:40:54Z</time>
      </trkpt>
      <trkpt lat="48.09964833" lon="20.81788833">
        <ele>158.1</ele>
        <time>2025-07-11T06:40:56Z</time>
      </trkpt>
      <trkpt lat="48.09962167" lon="20.81766333">
        <ele>159.2</ele>
        <time>2025-07-11T06:40:58Z</time>
      </trkpt>
      <trkpt lat="48.09959667" lon="20.81744167">
        <ele>160.1</ele>
        <time>2025-07-11T06:41:00Z</time>
      </trkpt>
      <trkpt lat="48.09956667" lon="20.81722667">
        <ele>161.2</ele>
        <time>2025-07-11T06:41:02Z</time>
      </trkpt>
      <trkpt lat="48.09953833" lon="20.81702333">
        <ele>161.5</ele>
        <time>2025-07-11T06:41:04Z</time>
      </trkpt>
      <trkpt lat="48.09951333" lon="20.81683167">
        <ele>160.7</ele>
        <time>2025-07-11T06:41:06Z</time>
      </trkpt>
      <trkpt lat="48.09948333" lon="20.81663667">
        <ele>159.5</ele>
        <time>2025-07-11T06:41:08Z</time>
      </trkpt>
      <trkpt lat="48.09945667" lon="20.81642333">
        <ele>158.7</ele>
        <time>2025-07-11T06:41:10Z</time>
      </trkpt>
      <trkpt lat="48.09942667" lon="20.816205">
        <ele>158.2</ele>
        <time>2025-07-11T06:41:12Z</time>
      </trkpt>
      <trkpt lat="48.09939833" lon="20.81599">
        <ele>157.9</ele>
        <time>2025-07-11T06:41:14Z</time>
      </trkpt>
      <trkpt lat="48.09936667" lon="20.81578167">
        <ele>158.7</ele>
        <time>2025-07-11T06:41:16Z</time>
      </trkpt>
      <trkpt lat="48.09934833" lon="20.81558833">
        <ele>158.9</ele>
        <time>2025-07-11T06:41:18Z</time>
      </trkpt>
      <trkpt lat="48.09933833" lon="20.81540333">
        <ele>159.6</ele>
        <time>2025-07-11T06:41:20Z</time>
      </trkpt>
      <trkpt lat="48.09932667" lon="20.81520833">
        <ele>159.1</ele>
        <time>2025-07-11T06:41:22Z</time>
      </trkpt>
      <trkpt lat="48.09931833" lon="20.81501333">
        <ele>159.6</ele>
        <time>2025-07-11T06:41:24Z</time>
      </trkpt>
      <trkpt lat="48.09929333" lon="20.81482">
        <ele>158.4</ele>
        <time>2025-07-11T06:41:26Z</time>
      </trkpt>
      <trkpt lat="48.09926167" lon="20.81462">
        <ele>158.7</ele>
        <time>2025-07-11T06:41:28Z</time>
      </trkpt>
      <trkpt lat="48.09921833" lon="20.81441833">
        <ele>160.5</ele>
        <time>2025-07-11T06:41:30Z</time>
      </trkpt>
      <trkpt lat="48.099205" lon="20.81420667">
        <ele>160.9</ele>
        <time>2025-07-11T06:41:32Z</time>
      </trkpt>
      <trkpt lat="48.09918167" lon="20.81401">
        <ele>161</ele>
        <time>2025-07-11T06:41:34Z</time>
      </trkpt>
      <trkpt lat="48.09915" lon="20.81381667">
        <ele>160.7</ele>
        <time>2025-07-11T06:41:36Z</time>
      </trkpt>
      <trkpt lat="48.09912" lon="20.81361667">
        <ele>160.2</ele>
        <time>2025-07-11T06:41:38Z</time>
      </trkpt>
      <trkpt lat="48.09909333" lon="20.81341833">
        <ele>160.7</ele>
        <time>2025-07-11T06:41:40Z</time>
      </trkpt>
      <trkpt lat="48.09906667" lon="20.81320167">
        <ele>160.8</ele>
        <time>2025-07-11T06:41:42Z</time>
      </trkpt>
      <trkpt lat="48.09904333" lon="20.813">
        <ele>160.7</ele>
        <time>2025-07-11T06:41:44Z</time>
      </trkpt>
      <trkpt lat="48.09900833" lon="20.81281833">
        <ele>162</ele>
        <time>2025-07-11T06:41:46Z</time>
      </trkpt>
      <trkpt lat="48.09898667" lon="20.81264">
        <ele>161.4</ele>
        <time>2025-07-11T06:41:48Z</time>
      </trkpt>
      <trkpt lat="48.09896167" lon="20.81247">
        <ele>160.6</ele>
        <time>2025-07-11T06:41:50Z</time>
      </trkpt>
      <trkpt lat="48.09893667" lon="20.812295">
        <ele>160.4</ele>
        <time>2025-07-11T06:41:52Z</time>
      </trkpt>
      <trkpt lat="48.09891333" lon="20.81211167">
        <ele>159.8</ele>
        <time>2025-07-11T06:41:54Z</time>
      </trkpt>
      <trkpt lat="48.09888667" lon="20.81193167">
        <ele>157.3</ele>
        <time>2025-07-11T06:41:56Z</time>
      </trkpt>
      <trkpt lat="48.098855" lon="20.81174833">
        <ele>155.5</ele>
        <time>2025-07-11T06:41:58Z</time>
      </trkpt>
      <trkpt lat="48.09881833" lon="20.81158">
        <ele>154.1</ele>
        <time>2025-07-11T06:42:00Z</time>
      </trkpt>
      <trkpt lat="48.09878667" lon="20.81141">
        <ele>154.3</ele>
        <time>2025-07-11T06:42:02Z</time>
      </trkpt>
      <trkpt lat="48.09875833" lon="20.811235">
        <ele>155</ele>
        <time>2025-07-11T06:42:04Z</time>
      </trkpt>
      <trkpt lat="48.09874" lon="20.81108">
        <ele>154.5</ele>
        <time>2025-07-11T06:42:06Z</time>
      </trkpt>
      <trkpt lat="48.09871667" lon="20.81094">
        <ele>154.2</ele>
        <time>2025-07-11T06:42:08Z</time>
      </trkpt>
      <trkpt lat="48.09870333" lon="20.81078167">
        <ele>154.6</ele>
        <time>2025-07-11T06:42:11Z</time>
      </trkpt>
      <trkpt lat="48.09867833" lon="20.81063667">
        <ele>156.4</ele>
        <time>2025-07-11T06:42:17Z</time>
      </trkpt>
      <trkpt lat="48.09864167" lon="20.8106">
        <ele>160.5</ele>
        <time>2025-07-11T06:44:18Z</time>
      </trkpt>
      <trkpt lat="48.09859833" lon="20.81022">
        <ele>161.9</ele>
        <time>2025-07-11T06:45:13Z</time>
      </trkpt>
      <trkpt lat="48.09858667" lon="20.81005">
        <ele>161</ele>
        <time>2025-07-11T06:45:15Z</time>
      </trkpt>
      <trkpt lat="48.098575" lon="20.80983667">
        <ele>158.9</ele>
        <time>2025-07-11T06:45:17Z</time>
      </trkpt>
      <trkpt lat="48.098565" lon="20.80963167">
        <ele>155.7</ele>
        <time>2025-07-11T06:45:19Z</time>
      </trkpt>
      <trkpt lat="48.09854333" lon="20.80943167">
        <ele>154</ele>
        <time>2025-07-11T06:45:21Z</time>
      </trkpt>
      <trkpt lat="48.09851167" lon="20.80922667">
        <ele>153.9</ele>
        <time>2025-07-11T06:45:23Z</time>
      </trkpt>
      <trkpt lat="48.09848167" lon="20.80902667">
        <ele>153.9</ele>
        <time>2025-07-11T06:45:25Z</time>
      </trkpt>
      <trkpt lat="48.09844833" lon="20.80883167">
        <ele>155.7</ele>
        <time>2025-07-11T06:45:27Z</time>
      </trkpt>
      <trkpt lat="48.09842667" lon="20.80864833">
        <ele>157.1</ele>
        <time>2025-07-11T06:45:29Z</time>
      </trkpt>
      <trkpt lat="48.09840833" lon="20.80846833">
        <ele>158.9</ele>
        <time>2025-07-11T06:45:31Z</time>
      </trkpt>
      <trkpt lat="48.09839" lon="20.80831">
        <ele>160.3</ele>
        <time>2025-07-11T06:45:33Z</time>
      </trkpt>
      <trkpt lat="48.09836833" lon="20.80817167">
        <ele>160.7</ele>
        <time>2025-07-11T06:45:35Z</time>
      </trkpt>
      <trkpt lat="48.09833667" lon="20.80798833">
        <ele>162.4</ele>
        <time>2025-07-11T06:45:38Z</time>
      </trkpt>
      <trkpt lat="48.09831167" lon="20.807825">
        <ele>162.4</ele>
        <time>2025-07-11T06:45:41Z</time>
      </trkpt>
      <trkpt lat="48.09829167" lon="20.80766667">
        <ele>162.3</ele>
        <time>2025-07-11T06:45:44Z</time>
      </trkpt>
      <trkpt lat="48.09826167" lon="20.8075">
        <ele>161.9</ele>
        <time>2025-07-11T06:45:47Z</time>
      </trkpt>
      <trkpt lat="48.09824167" lon="20.807365">
        <ele>161.3</ele>
        <time>2025-07-11T06:45:49Z</time>
      </trkpt>
      <trkpt lat="48.09822167" lon="20.80722667">
        <ele>161.3</ele>
        <time>2025-07-11T06:45:51Z</time>
      </trkpt>
      <trkpt lat="48.09820167" lon="20.807075">
        <ele>160.9</ele>
        <time>2025-07-11T06:45:53Z</time>
      </trkpt>
      <trkpt lat="48.09817" lon="20.80694">
        <ele>160.3</ele>
        <time>2025-07-11T06:45:55Z</time>
      </trkpt>
      <trkpt lat="48.09814" lon="20.806805">
        <ele>160.5</ele>
        <time>2025-07-11T06:45:57Z</time>
      </trkpt>
      <trkpt lat="48.09810833" lon="20.80665333">
        <ele>161</ele>
        <time>2025-07-11T06:45:59Z</time>
      </trkpt>
      <trkpt lat="48.09808667" lon="20.80652167">
        <ele>161.9</ele>
        <time>2025-07-11T06:46:01Z</time>
      </trkpt>
      <trkpt lat="48.09806" lon="20.80638167">
        <ele>161.8</ele>
        <time>2025-07-11T06:46:03Z</time>
      </trkpt>
      <trkpt lat="48.098025" lon="20.80623333">
        <ele>162.8</ele>
        <time>2025-07-11T06:46:05Z</time>
      </trkpt>
      <trkpt lat="48.09799" lon="20.80607667">
        <ele>162.8</ele>
        <time>2025-07-11T06:46:07Z</time>
      </trkpt>
      <trkpt lat="48.09795833" lon="20.80593833">
        <ele>161.8</ele>
        <time>2025-07-11T06:46:09Z</time>
      </trkpt>
      <trkpt lat="48.09793167" lon="20.80579333">
        <ele>160.9</ele>
        <time>2025-07-11T06:46:11Z</time>
      </trkpt>
      <trkpt lat="48.09790333" lon="20.80564833">
        <ele>160.7</ele>
        <time>2025-07-11T06:46:13Z</time>
      </trkpt>
      <trkpt lat="48.09788167" lon="20.80551">
        <ele>161.4</ele>
        <time>2025-07-11T06:46:15Z</time>
      </trkpt>
      <trkpt lat="48.097865" lon="20.80537167">
        <ele>162.3</ele>
        <time>2025-07-11T06:46:17Z</time>
      </trkpt>
      <trkpt lat="48.09785167" lon="20.80521333">
        <ele>161.8</ele>
        <time>2025-07-11T06:46:19Z</time>
      </trkpt>
      <trkpt lat="48.09783167" lon="20.80504667">
        <ele>162.4</ele>
        <time>2025-07-11T06:46:21Z</time>
      </trkpt>
      <trkpt lat="48.09779833" lon="20.80487833">
        <ele>163</ele>
        <time>2025-07-11T06:46:23Z</time>
      </trkpt>
      <trkpt lat="48.09775" lon="20.80469333">
        <ele>162.9</ele>
        <time>2025-07-11T06:46:25Z</time>
      </trkpt>
      <trkpt lat="48.097695" lon="20.80451">
        <ele>162</ele>
        <time>2025-07-11T06:46:27Z</time>
      </trkpt>
      <trkpt lat="48.09762833" lon="20.80431833">
        <ele>160</ele>
        <time>2025-07-11T06:46:29Z</time>
      </trkpt>
      <trkpt lat="48.09754833" lon="20.804135">
        <ele>159.1</ele>
        <time>2025-07-11T06:46:31Z</time>
      </trkpt>
      <trkpt lat="48.097475" lon="20.80394167">
        <ele>158.4</ele>
        <time>2025-07-11T06:46:33Z</time>
      </trkpt>
      <trkpt lat="48.09741833" lon="20.80374833">
        <ele>158.2</ele>
        <time>2025-07-11T06:46:35Z</time>
      </trkpt>
      <trkpt lat="48.097345" lon="20.803565">
        <ele>158.9</ele>
        <time>2025-07-11T06:46:37Z</time>
      </trkpt>
      <trkpt lat="48.09725833" lon="20.80339833">
        <ele>159.5</ele>
        <time>2025-07-11T06:46:39Z</time>
      </trkpt>
      <trkpt lat="48.09716167" lon="20.80322667">
        <ele>159.6</ele>
        <time>2025-07-11T06:46:41Z</time>
      </trkpt>
      <trkpt lat="48.09705833" lon="20.80307">
        <ele>161.4</ele>
        <time>2025-07-11T06:46:43Z</time>
      </trkpt>
      <trkpt lat="48.09696167" lon="20.80291667">
        <ele>162.1</ele>
        <time>2025-07-11T06:46:45Z</time>
      </trkpt>
      <trkpt lat="48.09685167" lon="20.80275833">
        <ele>160.9</ele>
        <time>2025-07-11T06:46:47Z</time>
      </trkpt>
      <trkpt lat="48.096775" lon="20.802685">
        <ele>161.7</ele>
        <time>2025-07-11T06:46:48Z</time>
      </trkpt>
      <trkpt lat="48.09670333" lon="20.80259833">
        <ele>162.5</ele>
        <time>2025-07-11T06:46:49Z</time>
      </trkpt>
      <trkpt lat="48.09662833" lon="20.80251667">
        <ele>163.4</ele>
        <time>2025-07-11T06:46:50Z</time>
      </trkpt>
      <trkpt lat="48.09655" lon="20.802435">
        <ele>163.7</ele>
        <time>2025-07-11T06:46:51Z</time>
      </trkpt>
      <trkpt lat="48.09646667" lon="20.80235">
        <ele>164.7</ele>
        <time>2025-07-11T06:46:52Z</time>
      </trkpt>
      <trkpt lat="48.09638833" lon="20.80227667">
        <ele>165.7</ele>
        <time>2025-07-11T06:46:53Z</time>
      </trkpt>
      <trkpt lat="48.09626" lon="20.80216">
        <ele>166.2</ele>
        <time>2025-07-11T06:46:55Z</time>
      </trkpt>
      <trkpt lat="48.09613" lon="20.80206833">
        <ele>166.4</ele>
        <time>2025-07-11T06:46:57Z</time>
      </trkpt>
      <trkpt lat="48.09600167" lon="20.801975">
        <ele>166.6</ele>
        <time>2025-07-11T06:46:59Z</time>
      </trkpt>
      <trkpt lat="48.09588667" lon="20.80191167">
        <ele>166.1</ele>
        <time>2025-07-11T06:47:01Z</time>
      </trkpt>
      <trkpt lat="48.09577167" lon="20.80186167">
        <ele>165.8</ele>
        <time>2025-07-11T06:47:03Z</time>
      </trkpt>
      <trkpt lat="48.09563167" lon="20.801825">
        <ele>163.9</ele>
        <time>2025-07-11T06:47:06Z</time>
      </trkpt>
      <trkpt lat="48.09551833" lon="20.80176667">
        <ele>164.6</ele>
        <time>2025-07-11T06:47:08Z</time>
      </trkpt>
      <trkpt lat="48.09542333" lon="20.80167167">
        <ele>163.7</ele>
        <time>2025-07-11T06:47:10Z</time>
      </trkpt>
      <trkpt lat="48.09531667" lon="20.80158833">
        <ele>163</ele>
        <time>2025-07-11T06:47:12Z</time>
      </trkpt>
      <trkpt lat="48.09521" lon="20.80154">
        <ele>163.1</ele>
        <time>2025-07-11T06:47:14Z</time>
      </trkpt>
      <trkpt lat="48.09509667" lon="20.80150833">
        <ele>162.7</ele>
        <time>2025-07-11T06:47:16Z</time>
      </trkpt>
      <trkpt lat="48.09498833" lon="20.801485">
        <ele>161.3</ele>
        <time>2025-07-11T06:47:18Z</time>
      </trkpt>
      <trkpt lat="48.09488667" lon="20.80148333">
        <ele>160</ele>
        <time>2025-07-11T06:47:20Z</time>
      </trkpt>
      <trkpt lat="48.09479" lon="20.801465">
        <ele>158.8</ele>
        <time>2025-07-11T06:47:22Z</time>
      </trkpt>
      <trkpt lat="48.09468333" lon="20.80144333">
        <ele>156.5</ele>
        <time>2025-07-11T06:47:24Z</time>
      </trkpt>
      <trkpt lat="48.09455667" lon="20.80143333">
        <ele>155.7</ele>
        <time>2025-07-11T06:47:26Z</time>
      </trkpt>
      <trkpt lat="48.09445833" lon="20.80142">
        <ele>154.1</ele>
        <time>2025-07-11T06:47:28Z</time>
      </trkpt>
      <trkpt lat="48.09434333" lon="20.80141667">
        <ele>153.9</ele>
        <time>2025-07-11T06:47:30Z</time>
      </trkpt>
      <trkpt lat="48.09421" lon="20.80141167">
        <ele>153</ele>
        <time>2025-07-11T06:47:32Z</time>
      </trkpt>
      <trkpt lat="48.09407167" lon="20.80139667">
        <ele>152.6</ele>
        <time>2025-07-11T06:47:34Z</time>
      </trkpt>
      <trkpt lat="48.09392333" lon="20.80137833">
        <ele>151.9</ele>
        <time>2025-07-11T06:47:36Z</time>
      </trkpt>
      <trkpt lat="48.09383333" lon="20.80136167">
        <ele>152.3</ele>
        <time>2025-07-11T06:47:37Z</time>
      </trkpt>
      <trkpt lat="48.09373167" lon="20.80134">
        <ele>153.1</ele>
        <time>2025-07-11T06:47:38Z</time>
      </trkpt>
      <trkpt lat="48.093635" lon="20.801325">
        <ele>152.6</ele>
        <time>2025-07-11T06:47:39Z</time>
      </trkpt>
      <trkpt lat="48.09354167" lon="20.80131">
        <ele>153.2</ele>
        <time>2025-07-11T06:47:40Z</time>
      </trkpt>
      <trkpt lat="48.09345" lon="20.80129833">
        <ele>152.9</ele>
        <time>2025-07-11T06:47:41Z</time>
      </trkpt>
      <trkpt lat="48.093345" lon="20.80128">
        <ele>153.6</ele>
        <time>2025-07-11T06:47:42Z</time>
      </trkpt>
      <trkpt lat="48.09324667" lon="20.80126333">
        <ele>154.1</ele>
        <time>2025-07-11T06:47:43Z</time>
      </trkpt>
      <trkpt lat="48.09306" lon="20.80124167">
        <ele>153.6</ele>
        <time>2025-07-11T06:47:45Z</time>
      </trkpt>
      <trkpt lat="48.09296833" lon="20.80123">
        <ele>153.7</ele>
        <time>2025-07-11T06:47:46Z</time>
      </trkpt>
      <trkpt lat="48.09287167" lon="20.80121333">
        <ele>154.4</ele>
        <time>2025-07-11T06:47:47Z</time>
      </trkpt>
      <trkpt lat="48.09277833" lon="20.80119333">
        <ele>154.4</ele>
        <time>2025-07-11T06:47:48Z</time>
      </trkpt>
      <trkpt lat="48.09260333" lon="20.801135">
        <ele>154.5</ele>
        <time>2025-07-11T06:47:50Z</time>
      </trkpt>
      <trkpt lat="48.09243667" lon="20.80106167">
        <ele>153.7</ele>
        <time>2025-07-11T06:47:52Z</time>
      </trkpt>
      <trkpt lat="48.09234667" lon="20.80103333">
        <ele>153</ele>
        <time>2025-07-11T06:47:53Z</time>
      </trkpt>
      <trkpt lat="48.09225167" lon="20.80099833">
        <ele>152.6</ele>
        <time>2025-07-11T06:47:54Z</time>
      </trkpt>
      <trkpt lat="48.09215667" lon="20.80097167">
        <ele>150.9</ele>
        <time>2025-07-11T06:47:55Z</time>
      </trkpt>
      <trkpt lat="48.092065" lon="20.80094833">
        <ele>150.5</ele>
        <time>2025-07-11T06:47:56Z</time>
      </trkpt>
      <trkpt lat="48.091975" lon="20.80092">
        <ele>150.8</ele>
        <time>2025-07-11T06:47:57Z</time>
      </trkpt>
      <trkpt lat="48.09188667" lon="20.80088167">
        <ele>151.2</ele>
        <time>2025-07-11T06:47:58Z</time>
      </trkpt>
      <trkpt lat="48.09179833" lon="20.80085333">
        <ele>151.6</ele>
        <time>2025-07-11T06:47:59Z</time>
      </trkpt>
      <trkpt lat="48.091705" lon="20.80083167">
        <ele>152.4</ele>
        <time>2025-07-11T06:48:00Z</time>
      </trkpt>
      <trkpt lat="48.09161333" lon="20.80079167">
        <ele>152.1</ele>
        <time>2025-07-11T06:48:01Z</time>
      </trkpt>
      <trkpt lat="48.09152" lon="20.80076167">
        <ele>151.9</ele>
        <time>2025-07-11T06:48:02Z</time>
      </trkpt>
      <trkpt lat="48.09135333" lon="20.80072">
        <ele>153.7</ele>
        <time>2025-07-11T06:48:04Z</time>
      </trkpt>
      <trkpt lat="48.09117833" lon="20.80067">
        <ele>155</ele>
        <time>2025-07-11T06:48:06Z</time>
      </trkpt>
      <trkpt lat="48.091005" lon="20.80061167">
        <ele>156.5</ele>
        <time>2025-07-11T06:48:08Z</time>
      </trkpt>
      <trkpt lat="48.090825" lon="20.80056">
        <ele>156.7</ele>
        <time>2025-07-11T06:48:10Z</time>
      </trkpt>
      <trkpt lat="48.09072333" lon="20.80052">
        <ele>157</ele>
        <time>2025-07-11T06:48:11Z</time>
      </trkpt>
      <trkpt lat="48.09063167" lon="20.800475">
        <ele>157.7</ele>
        <time>2025-07-11T06:48:12Z</time>
      </trkpt>
      <trkpt lat="48.09053667" lon="20.80043833">
        <ele>157.8</ele>
        <time>2025-07-11T06:48:13Z</time>
      </trkpt>
      <trkpt lat="48.09044167" lon="20.800405">
        <ele>157.8</ele>
        <time>2025-07-11T06:48:14Z</time>
      </trkpt>
      <trkpt lat="48.09035" lon="20.80037167">
        <ele>157.6</ele>
        <time>2025-07-11T06:48:15Z</time>
      </trkpt>
      <trkpt lat="48.090255" lon="20.80034">
        <ele>157.5</ele>
        <time>2025-07-11T06:48:16Z</time>
      </trkpt>
      <trkpt lat="48.090155" lon="20.80030333">
        <ele>157.2</ele>
        <time>2025-07-11T06:48:17Z</time>
      </trkpt>
      <trkpt lat="48.09004333" lon="20.80026667">
        <ele>157.2</ele>
        <time>2025-07-11T06:48:18Z</time>
      </trkpt>
      <trkpt lat="48.08992833" lon="20.800235">
        <ele>157.2</ele>
        <time>2025-07-11T06:48:19Z</time>
      </trkpt>
      <trkpt lat="48.08982667" lon="20.80019">
        <ele>158.3</ele>
        <time>2025-07-11T06:48:20Z</time>
      </trkpt>
      <trkpt lat="48.089715" lon="20.80014167">
        <ele>158.1</ele>
        <time>2025-07-11T06:48:21Z</time>
      </trkpt>
      <trkpt lat="48.089605" lon="20.80009833">
        <ele>158</ele>
        <time>2025-07-11T06:48:22Z</time>
      </trkpt>
      <trkpt lat="48.08948" lon="20.80005">
        <ele>158.8</ele>
        <time>2025-07-11T06:48:23Z</time>
      </trkpt>
      <trkpt lat="48.089345" lon="20.79999833">
        <ele>159.1</ele>
        <time>2025-07-11T06:48:24Z</time>
      </trkpt>
      <trkpt lat="48.08921" lon="20.799935">
        <ele>159.2</ele>
        <time>2025-07-11T06:48:25Z</time>
      </trkpt>
      <trkpt lat="48.08907833" lon="20.79987667">
        <ele>160</ele>
        <time>2025-07-11T06:48:26Z</time>
      </trkpt>
      <trkpt lat="48.08891" lon="20.79982167">
        <ele>158.4</ele>
        <time>2025-07-11T06:48:27Z</time>
      </trkpt>
      <trkpt lat="48.08876333" lon="20.79978">
        <ele>159.2</ele>
        <time>2025-07-11T06:48:28Z</time>
      </trkpt>
      <trkpt lat="48.08861667" lon="20.79973333">
        <ele>159.4</ele>
        <time>2025-07-11T06:48:29Z</time>
      </trkpt>
      <trkpt lat="48.088455" lon="20.799675">
        <ele>158.9</ele>
        <time>2025-07-11T06:48:30Z</time>
      </trkpt>
      <trkpt lat="48.08829833" lon="20.799615">
        <ele>158.7</ele>
        <time>2025-07-11T06:48:31Z</time>
      </trkpt>
      <trkpt lat="48.08814833" lon="20.799555">
        <ele>158.7</ele>
        <time>2025-07-11T06:48:32Z</time>
      </trkpt>
      <trkpt lat="48.088005" lon="20.79950333">
        <ele>158.5</ele>
        <time>2025-07-11T06:48:33Z</time>
      </trkpt>
      <trkpt lat="48.08786" lon="20.79945">
        <ele>158.5</ele>
        <time>2025-07-11T06:48:34Z</time>
      </trkpt>
      <trkpt lat="48.08769833" lon="20.7994">
        <ele>159</ele>
        <time>2025-07-11T06:48:35Z</time>
      </trkpt>
      <trkpt lat="48.08754" lon="20.79934833">
        <ele>160.1</ele>
        <time>2025-07-11T06:48:36Z</time>
      </trkpt>
      <trkpt lat="48.08737833" lon="20.79930333">
        <ele>161.1</ele>
        <time>2025-07-11T06:48:37Z</time>
      </trkpt>
      <trkpt lat="48.087215" lon="20.79923667">
        <ele>163.6</ele>
        <time>2025-07-11T06:48:38Z</time>
      </trkpt>
      <trkpt lat="48.08704667" lon="20.79917833">
        <ele>164</ele>
        <time>2025-07-11T06:48:39Z</time>
      </trkpt>
      <trkpt lat="48.08688833" lon="20.799125">
        <ele>162.3</ele>
        <time>2025-07-11T06:48:40Z</time>
      </trkpt>
      <trkpt lat="48.08674167" lon="20.79907333">
        <ele>162.7</ele>
        <time>2025-07-11T06:48:41Z</time>
      </trkpt>
      <trkpt lat="48.08659333" lon="20.79902833">
        <ele>161.6</ele>
        <time>2025-07-11T06:48:42Z</time>
      </trkpt>
      <trkpt lat="48.08643667" lon="20.79897167">
        <ele>161.4</ele>
        <time>2025-07-11T06:48:43Z</time>
      </trkpt>
      <trkpt lat="48.08627833" lon="20.79891">
        <ele>161.7</ele>
        <time>2025-07-11T06:48:44Z</time>
      </trkpt>
      <trkpt lat="48.08612" lon="20.79885167">
        <ele>161.9</ele>
        <time>2025-07-11T06:48:45Z</time>
      </trkpt>
      <trkpt lat="48.08594833" lon="20.79877833">
        <ele>162.1</ele>
        <time>2025-07-11T06:48:46Z</time>
      </trkpt>
      <trkpt lat="48.08577" lon="20.79872333">
        <ele>162.1</ele>
        <time>2025-07-11T06:48:47Z</time>
      </trkpt>
      <trkpt lat="48.08559" lon="20.79866333">
        <ele>164</ele>
        <time>2025-07-11T06:48:48Z</time>
      </trkpt>
      <trkpt lat="48.085405" lon="20.79861167">
        <ele>164.9</ele>
        <time>2025-07-11T06:48:49Z</time>
      </trkpt>
      <trkpt lat="48.085225" lon="20.79857333">
        <ele>165.7</ele>
        <time>2025-07-11T06:48:50Z</time>
      </trkpt>
      <trkpt lat="48.08505333" lon="20.79854">
        <ele>166.4</ele>
        <time>2025-07-11T06:48:51Z</time>
      </trkpt>
      <trkpt lat="48.08488667" lon="20.798525">
        <ele>167.2</ele>
        <time>2025-07-11T06:48:52Z</time>
      </trkpt>
      <trkpt lat="48.08470333" lon="20.798515">
        <ele>166.5</ele>
        <time>2025-07-11T06:48:53Z</time>
      </trkpt>
      <trkpt lat="48.08451167" lon="20.79850833">
        <ele>166.3</ele>
        <time>2025-07-11T06:48:54Z</time>
      </trkpt>
      <trkpt lat="48.084325" lon="20.79851">
        <ele>166.1</ele>
        <time>2025-07-11T06:48:55Z</time>
      </trkpt>
      <trkpt lat="48.084135" lon="20.79852333">
        <ele>165.3</ele>
        <time>2025-07-11T06:48:56Z</time>
      </trkpt>
      <trkpt lat="48.08393667" lon="20.79854167">
        <ele>164.9</ele>
        <time>2025-07-11T06:48:57Z</time>
      </trkpt>
      <trkpt lat="48.08373833" lon="20.79858">
        <ele>163.9</ele>
        <time>2025-07-11T06:48:58Z</time>
      </trkpt>
      <trkpt lat="48.08354667" lon="20.79862667">
        <ele>164.6</ele>
        <time>2025-07-11T06:48:59Z</time>
      </trkpt>
      <trkpt lat="48.08335333" lon="20.79868167">
        <ele>164.8</ele>
        <time>2025-07-11T06:49:00Z</time>
      </trkpt>
      <trkpt lat="48.08315" lon="20.79874167">
        <ele>163.7</ele>
        <time>2025-07-11T06:49:01Z</time>
      </trkpt>
      <trkpt lat="48.08296167" lon="20.79881167">
        <ele>165</ele>
        <time>2025-07-11T06:49:02Z</time>
      </trkpt>
      <trkpt lat="48.082775" lon="20.798895">
        <ele>164.7</ele>
        <time>2025-07-11T06:49:03Z</time>
      </trkpt>
      <trkpt lat="48.08257333" lon="20.79898833">
        <ele>164.7</ele>
        <time>2025-07-11T06:49:04Z</time>
      </trkpt>
      <trkpt lat="48.08236833" lon="20.79909">
        <ele>164.4</ele>
        <time>2025-07-11T06:49:05Z</time>
      </trkpt>
      <trkpt lat="48.082165" lon="20.79919667">
        <ele>164.2</ele>
        <time>2025-07-11T06:49:06Z</time>
      </trkpt>
      <trkpt lat="48.08198167" lon="20.79930333">
        <ele>165.3</ele>
        <time>2025-07-11T06:49:07Z</time>
      </trkpt>
      <trkpt lat="48.08179667" lon="20.79941833">
        <ele>165.1</ele>
        <time>2025-07-11T06:49:08Z</time>
      </trkpt>
      <trkpt lat="48.08159167" lon="20.79954167">
        <ele>165.1</ele>
        <time>2025-07-11T06:49:09Z</time>
      </trkpt>
      <trkpt lat="48.08139667" lon="20.79967833">
        <ele>165.2</ele>
        <time>2025-07-11T06:49:10Z</time>
      </trkpt>
      <trkpt lat="48.08117667" lon="20.79979667">
        <ele>164.9</ele>
        <time>2025-07-11T06:49:11Z</time>
      </trkpt>
      <trkpt lat="48.080945" lon="20.79990833">
        <ele>163.9</ele>
        <time>2025-07-11T06:49:12Z</time>
      </trkpt>
      <trkpt lat="48.08073" lon="20.80003167">
        <ele>162.9</ele>
        <time>2025-07-11T06:49:13Z</time>
      </trkpt>
      <trkpt lat="48.08052333" lon="20.800165">
        <ele>159.7</ele>
        <time>2025-07-11T06:49:14Z</time>
      </trkpt>
      <trkpt lat="48.080285" lon="20.80029">
        <ele>159.6</ele>
        <time>2025-07-11T06:49:15Z</time>
      </trkpt>
      <trkpt lat="48.080075" lon="20.800425">
        <ele>161.4</ele>
        <time>2025-07-11T06:49:16Z</time>
      </trkpt>
      <trkpt lat="48.07986167" lon="20.80056167">
        <ele>162.7</ele>
        <time>2025-07-11T06:49:17Z</time>
      </trkpt>
      <trkpt lat="48.07963" lon="20.80068">
        <ele>163.1</ele>
        <time>2025-07-11T06:49:18Z</time>
      </trkpt>
      <trkpt lat="48.07939833" lon="20.80081">
        <ele>163.4</ele>
        <time>2025-07-11T06:49:19Z</time>
      </trkpt>
      <trkpt lat="48.07916667" lon="20.80094833">
        <ele>162.8</ele>
        <time>2025-07-11T06:49:20Z</time>
      </trkpt>
      <trkpt lat="48.07892833" lon="20.80108333">
        <ele>163.2</ele>
        <time>2025-07-11T06:49:21Z</time>
      </trkpt>
      <trkpt lat="48.07868833" lon="20.801215">
        <ele>163.7</ele>
        <time>2025-07-11T06:49:22Z</time>
      </trkpt>
      <trkpt lat="48.078445" lon="20.801355">
        <ele>164</ele>
        <time>2025-07-11T06:49:23Z</time>
      </trkpt>
      <trkpt lat="48.0782" lon="20.801495">
        <ele>164.1</ele>
        <time>2025-07-11T06:49:24Z</time>
      </trkpt>
      <trkpt lat="48.07796667" lon="20.80164333">
        <ele>164.2</ele>
        <time>2025-07-11T06:49:25Z</time>
      </trkpt>
      <trkpt lat="48.07773" lon="20.80177333">
        <ele>164.4</ele>
        <time>2025-07-11T06:49:26Z</time>
      </trkpt>
      <trkpt lat="48.07749833" lon="20.80191333">
        <ele>165.5</ele>
        <time>2025-07-11T06:49:27Z</time>
      </trkpt>
      <trkpt lat="48.07725333" lon="20.80206667">
        <ele>165.8</ele>
        <time>2025-07-11T06:49:28Z</time>
      </trkpt>
      <trkpt lat="48.07700333" lon="20.802215">
        <ele>164.8</ele>
        <time>2025-07-11T06:49:29Z</time>
      </trkpt>
      <trkpt lat="48.07675167" lon="20.80235333">
        <ele>162.9</ele>
        <time>2025-07-11T06:49:30Z</time>
      </trkpt>
      <trkpt lat="48.07649" lon="20.802505">
        <ele>162.7</ele>
        <time>2025-07-11T06:49:31Z</time>
      </trkpt>
      <trkpt lat="48.07622333" lon="20.80266">
        <ele>163.1</ele>
        <time>2025-07-11T06:49:32Z</time>
      </trkpt>
      <trkpt lat="48.07595667" lon="20.80281167">
        <ele>163</ele>
        <time>2025-07-11T06:49:33Z</time>
      </trkpt>
      <trkpt lat="48.07567667" lon="20.80297">
        <ele>160.6</ele>
        <time>2025-07-11T06:49:34Z</time>
      </trkpt>
      <trkpt lat="48.07539667" lon="20.80311667">
        <ele>160.5</ele>
        <time>2025-07-11T06:49:35Z</time>
      </trkpt>
      <trkpt lat="48.07511833" lon="20.80327333">
        <ele>159.4</ele>
        <time>2025-07-11T06:49:36Z</time>
      </trkpt>
      <trkpt lat="48.07484833" lon="20.80342333">
        <ele>158.7</ele>
        <time>2025-07-11T06:49:37Z</time>
      </trkpt>
      <trkpt lat="48.07457833" lon="20.80357833">
        <ele>158.3</ele>
        <time>2025-07-11T06:49:38Z</time>
      </trkpt>
      <trkpt lat="48.07430833" lon="20.80371833">
        <ele>157.6</ele>
        <time>2025-07-11T06:49:39Z</time>
      </trkpt>
      <trkpt lat="48.07404167" lon="20.803875">
        <ele>162.2</ele>
        <time>2025-07-11T06:49:40Z</time>
      </trkpt>
      <trkpt lat="48.07376" lon="20.80401">
        <ele>161.8</ele>
        <time>2025-07-11T06:49:41Z</time>
      </trkpt>
      <trkpt lat="48.07348333" lon="20.80416833">
        <ele>162</ele>
        <time>2025-07-11T06:49:42Z</time>
      </trkpt>
      <trkpt lat="48.07319667" lon="20.80438167">
        <ele>163.1</ele>
        <time>2025-07-11T06:49:43Z</time>
      </trkpt>
      <trkpt lat="48.07292" lon="20.80456333">
        <ele>162.9</ele>
        <time>2025-07-11T06:49:44Z</time>
      </trkpt>
      <trkpt lat="48.072645" lon="20.80471333">
        <ele>161.1</ele>
        <time>2025-07-11T06:49:45Z</time>
      </trkpt>
      <trkpt lat="48.07239333" lon="20.80485167">
        <ele>160.8</ele>
        <time>2025-07-11T06:49:46Z</time>
      </trkpt>
      <trkpt lat="48.07212" lon="20.804975">
        <ele>161.2</ele>
        <time>2025-07-11T06:49:47Z</time>
      </trkpt>
      <trkpt lat="48.07184167" lon="20.80512333">
        <ele>160</ele>
        <time>2025-07-11T06:49:48Z</time>
      </trkpt>
      <trkpt lat="48.07156" lon="20.80527167">
        <ele>159.4</ele>
        <time>2025-07-11T06:49:49Z</time>
      </trkpt>
      <trkpt lat="48.07128333" lon="20.80542833">
        <ele>160</ele>
        <time>2025-07-11T06:49:50Z</time>
      </trkpt>
      <trkpt lat="48.071005" lon="20.805585">
        <ele>160</ele>
        <time>2025-07-11T06:49:51Z</time>
      </trkpt>
      <trkpt lat="48.070725" lon="20.805745">
        <ele>160</ele>
        <time>2025-07-11T06:49:52Z</time>
      </trkpt>
      <trkpt lat="48.07047333" lon="20.80588667">
        <ele>160.6</ele>
        <time>2025-07-11T06:49:53Z</time>
      </trkpt>
      <trkpt lat="48.07019833" lon="20.80605">
        <ele>160.9</ele>
        <time>2025-07-11T06:49:54Z</time>
      </trkpt>
      <trkpt lat="48.06993833" lon="20.80619333">
        <ele>157.5</ele>
        <time>2025-07-11T06:49:55Z</time>
      </trkpt>
      <trkpt lat="48.069655" lon="20.806365">
        <ele>158</ele>
        <time>2025-07-11T06:49:56Z</time>
      </trkpt>
      <trkpt lat="48.06937333" lon="20.80652833">
        <ele>158.9</ele>
        <time>2025-07-11T06:49:57Z</time>
      </trkpt>
      <trkpt lat="48.06909167" lon="20.80665667">
        <ele>169</ele>
        <time>2025-07-11T06:49:58Z</time>
      </trkpt>
      <trkpt lat="48.06879667" lon="20.806835">
        <ele>167.3</ele>
        <time>2025-07-11T06:49:59Z</time>
      </trkpt>
      <trkpt lat="48.06851333" lon="20.80699333">
        <ele>167.8</ele>
        <time>2025-07-11T06:50:00Z</time>
      </trkpt>
      <trkpt lat="48.06823" lon="20.80715">
        <ele>168.5</ele>
        <time>2025-07-11T06:50:01Z</time>
      </trkpt>
      <trkpt lat="48.06794833" lon="20.80732167">
        <ele>169</ele>
        <time>2025-07-11T06:50:02Z</time>
      </trkpt>
      <trkpt lat="48.06766667" lon="20.80748667">
        <ele>170.4</ele>
        <time>2025-07-11T06:50:03Z</time>
      </trkpt>
      <trkpt lat="48.06737167" lon="20.80765167">
        <ele>171.7</ele>
        <time>2025-07-11T06:50:04Z</time>
      </trkpt>
      <trkpt lat="48.06708333" lon="20.807815">
        <ele>171.9</ele>
        <time>2025-07-11T06:50:05Z</time>
      </trkpt>
      <trkpt lat="48.06679833" lon="20.80799833">
        <ele>172.9</ele>
        <time>2025-07-11T06:50:06Z</time>
      </trkpt>
      <trkpt lat="48.066505" lon="20.80816">
        <ele>173.7</ele>
        <time>2025-07-11T06:50:07Z</time>
      </trkpt>
      <trkpt lat="48.066215" lon="20.80833167">
        <ele>172.4</ele>
        <time>2025-07-11T06:50:08Z</time>
      </trkpt>
      <trkpt lat="48.065915" lon="20.80852833">
        <ele>169.2</ele>
        <time>2025-07-11T06:50:09Z</time>
      </trkpt>
      <trkpt lat="48.06564167" lon="20.80868667">
        <ele>167.5</ele>
        <time>2025-07-11T06:50:10Z</time>
      </trkpt>
      <trkpt lat="48.06536" lon="20.80885167">
        <ele>162.5</ele>
        <time>2025-07-11T06:50:11Z</time>
      </trkpt>
      <trkpt lat="48.065085" lon="20.80901333">
        <ele>161.6</ele>
        <time>2025-07-11T06:50:12Z</time>
      </trkpt>
      <trkpt lat="48.06478167" lon="20.80920667">
        <ele>158.5</ele>
        <time>2025-07-11T06:50:13Z</time>
      </trkpt>
      <trkpt lat="48.0645" lon="20.80938">
        <ele>158.3</ele>
        <time>2025-07-11T06:50:14Z</time>
      </trkpt>
      <trkpt lat="48.06421333" lon="20.80953833">
        <ele>158.2</ele>
        <time>2025-07-11T06:50:15Z</time>
      </trkpt>
      <trkpt lat="48.06393833" lon="20.80969">
        <ele>159.1</ele>
        <time>2025-07-11T06:50:16Z</time>
      </trkpt>
      <trkpt lat="48.063665" lon="20.80984167">
        <ele>157.9</ele>
        <time>2025-07-11T06:50:17Z</time>
      </trkpt>
      <trkpt lat="48.06339167" lon="20.80999333">
        <ele>155.7</ele>
        <time>2025-07-11T06:50:18Z</time>
      </trkpt>
      <trkpt lat="48.063105" lon="20.81014833">
        <ele>156.2</ele>
        <time>2025-07-11T06:50:19Z</time>
      </trkpt>
      <trkpt lat="48.06283333" lon="20.81029833">
        <ele>157.1</ele>
        <time>2025-07-11T06:50:20Z</time>
      </trkpt>
      <trkpt lat="48.06255833" lon="20.81045833">
        <ele>156.4</ele>
        <time>2025-07-11T06:50:21Z</time>
      </trkpt>
      <trkpt lat="48.06228667" lon="20.81061833">
        <ele>156.1</ele>
        <time>2025-07-11T06:50:22Z</time>
      </trkpt>
      <trkpt lat="48.06201167" lon="20.81077833">
        <ele>155.7</ele>
        <time>2025-07-11T06:50:23Z</time>
      </trkpt>
      <trkpt lat="48.06173167" lon="20.81094">
        <ele>156.8</ele>
        <time>2025-07-11T06:50:24Z</time>
      </trkpt>
      <trkpt lat="48.06144333" lon="20.81109667">
        <ele>156.2</ele>
        <time>2025-07-11T06:50:25Z</time>
      </trkpt>
      <trkpt lat="48.06116667" lon="20.81123833">
        <ele>155.9</ele>
        <time>2025-07-11T06:50:26Z</time>
      </trkpt>
      <trkpt lat="48.06089" lon="20.81139333">
        <ele>156.1</ele>
        <time>2025-07-11T06:50:27Z</time>
      </trkpt>
      <trkpt lat="48.06061167" lon="20.81154167">
        <ele>157.2</ele>
        <time>2025-07-11T06:50:28Z</time>
      </trkpt>
      <trkpt lat="48.06033" lon="20.81170167">
        <ele>157.4</ele>
        <time>2025-07-11T06:50:29Z</time>
      </trkpt>
      <trkpt lat="48.060055" lon="20.81186833">
        <ele>158</ele>
        <time>2025-07-11T06:50:30Z</time>
      </trkpt>
      <trkpt lat="48.05978" lon="20.81201833">
        <ele>158.7</ele>
        <time>2025-07-11T06:50:31Z</time>
      </trkpt>
      <trkpt lat="48.059505" lon="20.81218">
        <ele>159.4</ele>
        <time>2025-07-11T06:50:32Z</time>
      </trkpt>
      <trkpt lat="48.05920667" lon="20.81234667">
        <ele>160.2</ele>
        <time>2025-07-11T06:50:33Z</time>
      </trkpt>
      <trkpt lat="48.05890167" lon="20.81252167">
        <ele>159.4</ele>
        <time>2025-07-11T06:50:34Z</time>
      </trkpt>
      <trkpt lat="48.05862" lon="20.81268667">
        <ele>159.9</ele>
        <time>2025-07-11T06:50:35Z</time>
      </trkpt>
      <trkpt lat="48.05832667" lon="20.81284833">
        <ele>159.8</ele>
        <time>2025-07-11T06:50:36Z</time>
      </trkpt>
      <trkpt lat="48.058035" lon="20.81301667">
        <ele>159.3</ele>
        <time>2025-07-11T06:50:37Z</time>
      </trkpt>
      <trkpt lat="48.05775167" lon="20.81318">
        <ele>159.3</ele>
        <time>2025-07-11T06:50:38Z</time>
      </trkpt>
      <trkpt lat="48.057475" lon="20.81334667">
        <ele>160.2</ele>
        <time>2025-07-11T06:50:39Z</time>
      </trkpt>
      <trkpt lat="48.05719833" lon="20.813505">
        <ele>160.5</ele>
        <time>2025-07-11T06:50:40Z</time>
      </trkpt>
      <trkpt lat="48.056925" lon="20.81365333">
        <ele>161</ele>
        <time>2025-07-11T06:50:41Z</time>
      </trkpt>
      <trkpt lat="48.05662167" lon="20.81384667">
        <ele>156.7</ele>
        <time>2025-07-11T06:50:42Z</time>
      </trkpt>
      <trkpt lat="48.05635333" lon="20.81401833">
        <ele>156.4</ele>
        <time>2025-07-11T06:50:43Z</time>
      </trkpt>
      <trkpt lat="48.05607" lon="20.81416667">
        <ele>157</ele>
        <time>2025-07-11T06:50:44Z</time>
      </trkpt>
      <trkpt lat="48.05579" lon="20.81432">
        <ele>157.9</ele>
        <time>2025-07-11T06:50:45Z</time>
      </trkpt>
      <trkpt lat="48.055505" lon="20.814485">
        <ele>158.1</ele>
        <time>2025-07-11T06:50:46Z</time>
      </trkpt>
      <trkpt lat="48.05522333" lon="20.814645">
        <ele>157.8</ele>
        <time>2025-07-11T06:50:47Z</time>
      </trkpt>
      <trkpt lat="48.054945" lon="20.81480167">
        <ele>158</ele>
        <time>2025-07-11T06:50:48Z</time>
      </trkpt>
      <trkpt lat="48.05466167" lon="20.81496333">
        <ele>158</ele>
        <time>2025-07-11T06:50:49Z</time>
      </trkpt>
      <trkpt lat="48.054385" lon="20.81512333">
        <ele>158.1</ele>
        <time>2025-07-11T06:50:50Z</time>
      </trkpt>
      <trkpt lat="48.05409333" lon="20.815285">
        <ele>159.3</ele>
        <time>2025-07-11T06:50:51Z</time>
      </trkpt>
      <trkpt lat="48.05382333" lon="20.81543667">
        <ele>159.6</ele>
        <time>2025-07-11T06:50:52Z</time>
      </trkpt>
      <trkpt lat="48.05355667" lon="20.81558333">
        <ele>159.3</ele>
        <time>2025-07-11T06:50:53Z</time>
      </trkpt>
      <trkpt lat="48.05330833" lon="20.81570667">
        <ele>157.2</ele>
        <time>2025-07-11T06:50:54Z</time>
      </trkpt>
      <trkpt lat="48.053035" lon="20.815835">
        <ele>154</ele>
        <time>2025-07-11T06:50:55Z</time>
      </trkpt>
      <trkpt lat="48.05276667" lon="20.81596667">
        <ele>153.1</ele>
        <time>2025-07-11T06:50:56Z</time>
      </trkpt>
      <trkpt lat="48.052495" lon="20.816135">
        <ele>153.7</ele>
        <time>2025-07-11T06:50:57Z</time>
      </trkpt>
      <trkpt lat="48.05221833" lon="20.81628333">
        <ele>157.1</ele>
        <time>2025-07-11T06:50:58Z</time>
      </trkpt>
      <trkpt lat="48.05196667" lon="20.81642833">
        <ele>161.5</ele>
        <time>2025-07-11T06:50:59Z</time>
      </trkpt>
      <trkpt lat="48.05168833" lon="20.81659333">
        <ele>161.8</ele>
        <time>2025-07-11T06:51:00Z</time>
      </trkpt>
      <trkpt lat="48.05140667" lon="20.81677167">
        <ele>161.4</ele>
        <time>2025-07-11T06:51:01Z</time>
      </trkpt>
      <trkpt lat="48.05109" lon="20.81699333">
        <ele>165</ele>
        <time>2025-07-11T06:51:02Z</time>
      </trkpt>
      <trkpt lat="48.05082833" lon="20.81717667">
        <ele>164.6</ele>
        <time>2025-07-11T06:51:03Z</time>
      </trkpt>
      <trkpt lat="48.05056167" lon="20.81736167">
        <ele>163.8</ele>
        <time>2025-07-11T06:51:04Z</time>
      </trkpt>
      <trkpt lat="48.05027833" lon="20.81753">
        <ele>162.1</ele>
        <time>2025-07-11T06:51:05Z</time>
      </trkpt>
      <trkpt lat="48.049995" lon="20.81769">
        <ele>162.1</ele>
        <time>2025-07-11T06:51:06Z</time>
      </trkpt>
      <trkpt lat="48.04971" lon="20.817855">
        <ele>163.5</ele>
        <time>2025-07-11T06:51:07Z</time>
      </trkpt>
      <trkpt lat="48.04942333" lon="20.81800167">
        <ele>163.3</ele>
        <time>2025-07-11T06:51:08Z</time>
      </trkpt>
      <trkpt lat="48.049125" lon="20.81817667">
        <ele>160.9</ele>
        <time>2025-07-11T06:51:09Z</time>
      </trkpt>
      <trkpt lat="48.048845" lon="20.81833167">
        <ele>160.8</ele>
        <time>2025-07-11T06:51:10Z</time>
      </trkpt>
      <trkpt lat="48.04855833" lon="20.81849167">
        <ele>160.6</ele>
        <time>2025-07-11T06:51:11Z</time>
      </trkpt>
      <trkpt lat="48.04828167" lon="20.81865167">
        <ele>160.2</ele>
        <time>2025-07-11T06:51:12Z</time>
      </trkpt>
      <trkpt lat="48.048005" lon="20.81881167">
        <ele>160.1</ele>
        <time>2025-07-11T06:51:13Z</time>
      </trkpt>
      <trkpt lat="48.04772667" lon="20.818975">
        <ele>161.7</ele>
        <time>2025-07-11T06:51:14Z</time>
      </trkpt>
      <trkpt lat="48.047445" lon="20.81914">
        <ele>163.3</ele>
        <time>2025-07-11T06:51:15Z</time>
      </trkpt>
      <trkpt lat="48.04714667" lon="20.81932">
        <ele>167.9</ele>
        <time>2025-07-11T06:51:16Z</time>
      </trkpt>
      <trkpt lat="48.046865" lon="20.819485">
        <ele>168.1</ele>
        <time>2025-07-11T06:51:17Z</time>
      </trkpt>
      <trkpt lat="48.04657167" lon="20.81967167">
        <ele>168.5</ele>
        <time>2025-07-11T06:51:18Z</time>
      </trkpt>
      <trkpt lat="48.04629833" lon="20.81982833">
        <ele>165.7</ele>
        <time>2025-07-11T06:51:19Z</time>
      </trkpt>
      <trkpt lat="48.04601667" lon="20.81999167">
        <ele>165.5</ele>
        <time>2025-07-11T06:51:20Z</time>
      </trkpt>
      <trkpt lat="48.04573833" lon="20.82015">
        <ele>165.5</ele>
        <time>2025-07-11T06:51:21Z</time>
      </trkpt>
      <trkpt lat="48.045455" lon="20.82031333">
        <ele>158.8</ele>
        <time>2025-07-11T06:51:22Z</time>
      </trkpt>
      <trkpt lat="48.04519667" lon="20.82044167">
        <ele>154.2</ele>
        <time>2025-07-11T06:51:23Z</time>
      </trkpt>
      <trkpt lat="48.04493167" lon="20.82058667">
        <ele>151.8</ele>
        <time>2025-07-11T06:51:24Z</time>
      </trkpt>
      <trkpt lat="48.04464333" lon="20.82075667">
        <ele>151.9</ele>
        <time>2025-07-11T06:51:25Z</time>
      </trkpt>
      <trkpt lat="48.04435833" lon="20.820925">
        <ele>152.3</ele>
        <time>2025-07-11T06:51:26Z</time>
      </trkpt>
      <trkpt lat="48.044055" lon="20.82110333">
        <ele>161.6</ele>
        <time>2025-07-11T06:51:27Z</time>
      </trkpt>
      <trkpt lat="48.04375667" lon="20.82129167">
        <ele>152.9</ele>
        <time>2025-07-11T06:51:28Z</time>
      </trkpt>
      <trkpt lat="48.043465" lon="20.82146667">
        <ele>152.5</ele>
        <time>2025-07-11T06:51:29Z</time>
      </trkpt>
      <trkpt lat="48.043165" lon="20.82164333">
        <ele>152.1</ele>
        <time>2025-07-11T06:51:30Z</time>
      </trkpt>
      <trkpt lat="48.04287" lon="20.821815">
        <ele>151.3</ele>
        <time>2025-07-11T06:51:31Z</time>
      </trkpt>
      <trkpt lat="48.042585" lon="20.82199167">
        <ele>151.2</ele>
        <time>2025-07-11T06:51:32Z</time>
      </trkpt>
      <trkpt lat="48.042305" lon="20.82215">
        <ele>150.4</ele>
        <time>2025-07-11T06:51:33Z</time>
      </trkpt>
      <trkpt lat="48.04205167" lon="20.82230333">
        <ele>149.7</ele>
        <time>2025-07-11T06:51:34Z</time>
      </trkpt>
      <trkpt lat="48.04176333" lon="20.82246333">
        <ele>145.2</ele>
        <time>2025-07-11T06:51:35Z</time>
      </trkpt>
      <trkpt lat="48.04148" lon="20.82262333">
        <ele>142.9</ele>
        <time>2025-07-11T06:51:36Z</time>
      </trkpt>
      <trkpt lat="48.0412" lon="20.822785">
        <ele>142.8</ele>
        <time>2025-07-11T06:51:37Z</time>
      </trkpt>
      <trkpt lat="48.04091833" lon="20.82294667">
        <ele>138.9</ele>
        <time>2025-07-11T06:51:38Z</time>
      </trkpt>
      <trkpt lat="48.04063333" lon="20.82311667">
        <ele>138.8</ele>
        <time>2025-07-11T06:51:39Z</time>
      </trkpt>
      <trkpt lat="48.04035" lon="20.82328">
        <ele>138.8</ele>
        <time>2025-07-11T06:51:40Z</time>
      </trkpt>
      <trkpt lat="48.04007333" lon="20.82344">
        <ele>138.7</ele>
        <time>2025-07-11T06:51:41Z</time>
      </trkpt>
      <trkpt lat="48.03981667" lon="20.82358333">
        <ele>141.8</ele>
        <time>2025-07-11T06:51:42Z</time>
      </trkpt>
      <trkpt lat="48.03954333" lon="20.82374833">
        <ele>142.3</ele>
        <time>2025-07-11T06:51:43Z</time>
      </trkpt>
      <trkpt lat="48.03926833" lon="20.82390667">
        <ele>142.4</ele>
        <time>2025-07-11T06:51:44Z</time>
      </trkpt>
      <trkpt lat="48.03899333" lon="20.82405833">
        <ele>142.5</ele>
        <time>2025-07-11T06:51:45Z</time>
      </trkpt>
      <trkpt lat="48.03871833" lon="20.82420833">
        <ele>142.7</ele>
        <time>2025-07-11T06:51:46Z</time>
      </trkpt>
      <trkpt lat="48.03844" lon="20.824355">
        <ele>143.2</ele>
        <time>2025-07-11T06:51:47Z</time>
      </trkpt>
      <trkpt lat="48.03815833" lon="20.82451">
        <ele>143.5</ele>
        <time>2025-07-11T06:51:48Z</time>
      </trkpt>
      <trkpt lat="48.03787833" lon="20.82466333">
        <ele>143.7</ele>
        <time>2025-07-11T06:51:49Z</time>
      </trkpt>
      <trkpt lat="48.037595" lon="20.82482167">
        <ele>143.6</ele>
        <time>2025-07-11T06:51:50Z</time>
      </trkpt>
      <trkpt lat="48.037305" lon="20.82497333">
        <ele>143.2</ele>
        <time>2025-07-11T06:51:51Z</time>
      </trkpt>
      <trkpt lat="48.03702667" lon="20.82513333">
        <ele>143</ele>
        <time>2025-07-11T06:51:52Z</time>
      </trkpt>
      <trkpt lat="48.03675833" lon="20.82527167">
        <ele>142.5</ele>
        <time>2025-07-11T06:51:53Z</time>
      </trkpt>
      <trkpt lat="48.03648833" lon="20.825415">
        <ele>142</ele>
        <time>2025-07-11T06:51:54Z</time>
      </trkpt>
      <trkpt lat="48.03622333" lon="20.82555">
        <ele>142.1</ele>
        <time>2025-07-11T06:51:55Z</time>
      </trkpt>
      <trkpt lat="48.03597167" lon="20.82569333">
        <ele>142.8</ele>
        <time>2025-07-11T06:51:56Z</time>
      </trkpt>
      <trkpt lat="48.03569333" lon="20.82586">
        <ele>142.6</ele>
        <time>2025-07-11T06:51:57Z</time>
      </trkpt>
      <trkpt lat="48.03541333" lon="20.82602833">
        <ele>142.6</ele>
        <time>2025-07-11T06:51:58Z</time>
      </trkpt>
      <trkpt lat="48.03513167" lon="20.82619667">
        <ele>142.5</ele>
        <time>2025-07-11T06:51:59Z</time>
      </trkpt>
      <trkpt lat="48.03485333" lon="20.82635667">
        <ele>142.5</ele>
        <time>2025-07-11T06:52:00Z</time>
      </trkpt>
      <trkpt lat="48.03458" lon="20.82651833">
        <ele>142.7</ele>
        <time>2025-07-11T06:52:01Z</time>
      </trkpt>
      <trkpt lat="48.03429833" lon="20.82668333">
        <ele>143.6</ele>
        <time>2025-07-11T06:52:02Z</time>
      </trkpt>
      <trkpt lat="48.03404167" lon="20.82680667">
        <ele>157.6</ele>
        <time>2025-07-11T06:52:03Z</time>
      </trkpt>
      <trkpt lat="48.03376333" lon="20.82696833">
        <ele>157.6</ele>
        <time>2025-07-11T06:52:04Z</time>
      </trkpt>
      <trkpt lat="48.03350167" lon="20.82711333">
        <ele>157.6</ele>
        <time>2025-07-11T06:52:05Z</time>
      </trkpt>
      <trkpt lat="48.03322" lon="20.82724833">
        <ele>158.7</ele>
        <time>2025-07-11T06:52:06Z</time>
      </trkpt>
      <trkpt lat="48.03296333" lon="20.82739167">
        <ele>157.7</ele>
        <time>2025-07-11T06:52:07Z</time>
      </trkpt>
      <trkpt lat="48.032695" lon="20.827545">
        <ele>159.7</ele>
        <time>2025-07-11T06:52:08Z</time>
      </trkpt>
      <trkpt lat="48.03241167" lon="20.82770167">
        <ele>160.1</ele>
        <time>2025-07-11T06:52:09Z</time>
      </trkpt>
      <trkpt lat="48.03212" lon="20.82787167">
        <ele>161.6</ele>
        <time>2025-07-11T06:52:10Z</time>
      </trkpt>
      <trkpt lat="48.031815" lon="20.82803333">
        <ele>165.4</ele>
        <time>2025-07-11T06:52:11Z</time>
      </trkpt>
      <trkpt lat="48.03154167" lon="20.82819">
        <ele>165.3</ele>
        <time>2025-07-11T06:52:12Z</time>
      </trkpt>
      <trkpt lat="48.03127333" lon="20.82834333">
        <ele>165.2</ele>
        <time>2025-07-11T06:52:13Z</time>
      </trkpt>
      <trkpt lat="48.03099167" lon="20.82851833">
        <ele>163.4</ele>
        <time>2025-07-11T06:52:14Z</time>
      </trkpt>
      <trkpt lat="48.03071" lon="20.82868667">
        <ele>162.6</ele>
        <time>2025-07-11T06:52:15Z</time>
      </trkpt>
      <trkpt lat="48.03042833" lon="20.82885833">
        <ele>162.5</ele>
        <time>2025-07-11T06:52:16Z</time>
      </trkpt>
      <trkpt lat="48.03015833" lon="20.82902333">
        <ele>160.6</ele>
        <time>2025-07-11T06:52:17Z</time>
      </trkpt>
      <trkpt lat="48.02989" lon="20.82918667">
        <ele>159.8</ele>
        <time>2025-07-11T06:52:18Z</time>
      </trkpt>
      <trkpt lat="48.02961333" lon="20.82935">
        <ele>159.6</ele>
        <time>2025-07-11T06:52:19Z</time>
      </trkpt>
      <trkpt lat="48.029335" lon="20.82951333">
        <ele>159.6</ele>
        <time>2025-07-11T06:52:20Z</time>
      </trkpt>
      <trkpt lat="48.02906167" lon="20.82966167">
        <ele>159.9</ele>
        <time>2025-07-11T06:52:21Z</time>
      </trkpt>
      <trkpt lat="48.02878667" lon="20.829805">
        <ele>160</ele>
        <time>2025-07-11T06:52:22Z</time>
      </trkpt>
      <trkpt lat="48.02850833" lon="20.82995667">
        <ele>159.3</ele>
        <time>2025-07-11T06:52:23Z</time>
      </trkpt>
      <trkpt lat="48.02822833" lon="20.83012833">
        <ele>159.3</ele>
        <time>2025-07-11T06:52:24Z</time>
      </trkpt>
      <trkpt lat="48.027955" lon="20.83029667">
        <ele>159.1</ele>
        <time>2025-07-11T06:52:25Z</time>
      </trkpt>
      <trkpt lat="48.02764833" lon="20.83048">
        <ele>158.8</ele>
        <time>2025-07-11T06:52:26Z</time>
      </trkpt>
      <trkpt lat="48.02736833" lon="20.83063667">
        <ele>159.3</ele>
        <time>2025-07-11T06:52:27Z</time>
      </trkpt>
      <trkpt lat="48.02708667" lon="20.83079">
        <ele>161.9</ele>
        <time>2025-07-11T06:52:28Z</time>
      </trkpt>
      <trkpt lat="48.02681333" lon="20.83095167">
        <ele>161.3</ele>
        <time>2025-07-11T06:52:29Z</time>
      </trkpt>
      <trkpt lat="48.02654833" lon="20.8311">
        <ele>160.4</ele>
        <time>2025-07-11T06:52:30Z</time>
      </trkpt>
      <trkpt lat="48.02627833" lon="20.83125333">
        <ele>159.7</ele>
        <time>2025-07-11T06:52:31Z</time>
      </trkpt>
      <trkpt lat="48.02600667" lon="20.831425">
        <ele>158.7</ele>
        <time>2025-07-11T06:52:32Z</time>
      </trkpt>
      <trkpt lat="48.02573667" lon="20.83158333">
        <ele>158.3</ele>
        <time>2025-07-11T06:52:33Z</time>
      </trkpt>
      <trkpt lat="48.02546667" lon="20.83173667">
        <ele>157.9</ele>
        <time>2025-07-11T06:52:34Z</time>
      </trkpt>
      <trkpt lat="48.02519667" lon="20.83188">
        <ele>158.1</ele>
        <time>2025-07-11T06:52:35Z</time>
      </trkpt>
      <trkpt lat="48.024925" lon="20.83201833">
        <ele>161.9</ele>
        <time>2025-07-11T06:52:36Z</time>
      </trkpt>
      <trkpt lat="48.02464" lon="20.83218">
        <ele>162.1</ele>
        <time>2025-07-11T06:52:37Z</time>
      </trkpt>
      <trkpt lat="48.02436333" lon="20.83233333">
        <ele>161.8</ele>
        <time>2025-07-11T06:52:38Z</time>
      </trkpt>
      <trkpt lat="48.02409" lon="20.832495">
        <ele>161.3</ele>
        <time>2025-07-11T06:52:39Z</time>
      </trkpt>
      <trkpt lat="48.023815" lon="20.83265333">
        <ele>160.8</ele>
        <time>2025-07-11T06:52:40Z</time>
      </trkpt>
      <trkpt lat="48.023535" lon="20.832815">
        <ele>159.9</ele>
        <time>2025-07-11T06:52:41Z</time>
      </trkpt>
      <trkpt lat="48.023255" lon="20.83298833">
        <ele>159.1</ele>
        <time>2025-07-11T06:52:42Z</time>
      </trkpt>
      <trkpt lat="48.02297333" lon="20.83316167">
        <ele>154.4</ele>
        <time>2025-07-11T06:52:43Z</time>
      </trkpt>
      <trkpt lat="48.02268833" lon="20.83333167">
        <ele>154</ele>
        <time>2025-07-11T06:52:44Z</time>
      </trkpt>
      <trkpt lat="48.02238167" lon="20.83352">
        <ele>148.4</ele>
        <time>2025-07-11T06:52:45Z</time>
      </trkpt>
      <trkpt lat="48.022105" lon="20.83369">
        <ele>149.1</ele>
        <time>2025-07-11T06:52:46Z</time>
      </trkpt>
      <trkpt lat="48.02182167" lon="20.833855">
        <ele>147.1</ele>
        <time>2025-07-11T06:52:47Z</time>
      </trkpt>
      <trkpt lat="48.021545" lon="20.83401">
        <ele>147.5</ele>
        <time>2025-07-11T06:52:48Z</time>
      </trkpt>
      <trkpt lat="48.02126833" lon="20.83415667">
        <ele>148.1</ele>
        <time>2025-07-11T06:52:49Z</time>
      </trkpt>
      <trkpt lat="48.02099" lon="20.83431667">
        <ele>149.2</ele>
        <time>2025-07-11T06:52:50Z</time>
      </trkpt>
      <trkpt lat="48.020705" lon="20.83448667">
        <ele>146.4</ele>
        <time>2025-07-11T06:52:51Z</time>
      </trkpt>
      <trkpt lat="48.02041167" lon="20.83466833">
        <ele>144.5</ele>
        <time>2025-07-11T06:52:52Z</time>
      </trkpt>
      <trkpt lat="48.020135" lon="20.83482">
        <ele>144.8</ele>
        <time>2025-07-11T06:52:53Z</time>
      </trkpt>
      <trkpt lat="48.01985" lon="20.83499667">
        <ele>144.6</ele>
        <time>2025-07-11T06:52:54Z</time>
      </trkpt>
      <trkpt lat="48.01957333" lon="20.83516333">
        <ele>145</ele>
        <time>2025-07-11T06:52:55Z</time>
      </trkpt>
      <trkpt lat="48.01929833" lon="20.835325">
        <ele>145.4</ele>
        <time>2025-07-11T06:52:56Z</time>
      </trkpt>
      <trkpt lat="48.01900333" lon="20.83549167">
        <ele>146</ele>
        <time>2025-07-11T06:52:57Z</time>
      </trkpt>
      <trkpt lat="48.01871833" lon="20.83565333">
        <ele>146.6</ele>
        <time>2025-07-11T06:52:58Z</time>
      </trkpt>
      <trkpt lat="48.01843333" lon="20.83582833">
        <ele>146.1</ele>
        <time>2025-07-11T06:52:59Z</time>
      </trkpt>
      <trkpt lat="48.01816667" lon="20.83597833">
        <ele>147</ele>
        <time>2025-07-11T06:53:00Z</time>
      </trkpt>
      <trkpt lat="48.0179" lon="20.836115">
        <ele>147.2</ele>
        <time>2025-07-11T06:53:01Z</time>
      </trkpt>
      <trkpt lat="48.01762667" lon="20.83627667">
        <ele>147.8</ele>
        <time>2025-07-11T06:53:02Z</time>
      </trkpt>
      <trkpt lat="48.01731833" lon="20.83645167">
        <ele>148</ele>
        <time>2025-07-11T06:53:03Z</time>
      </trkpt>
      <trkpt lat="48.017045" lon="20.83660333">
        <ele>148.6</ele>
        <time>2025-07-11T06:53:04Z</time>
      </trkpt>
      <trkpt lat="48.01674667" lon="20.83677167">
        <ele>149.7</ele>
        <time>2025-07-11T06:53:05Z</time>
      </trkpt>
      <trkpt lat="48.01645667" lon="20.83693167">
        <ele>149.7</ele>
        <time>2025-07-11T06:53:06Z</time>
      </trkpt>
      <trkpt lat="48.01617833" lon="20.83709">
        <ele>149.8</ele>
        <time>2025-07-11T06:53:07Z</time>
      </trkpt>
      <trkpt lat="48.01589667" lon="20.83723667">
        <ele>149.1</ele>
        <time>2025-07-11T06:53:08Z</time>
      </trkpt>
      <trkpt lat="48.01560667" lon="20.83739667">
        <ele>150.5</ele>
        <time>2025-07-11T06:53:09Z</time>
      </trkpt>
      <trkpt lat="48.01532" lon="20.83756333">
        <ele>151.7</ele>
        <time>2025-07-11T06:53:10Z</time>
      </trkpt>
      <trkpt lat="48.01504167" lon="20.83773833">
        <ele>150.9</ele>
        <time>2025-07-11T06:53:11Z</time>
      </trkpt>
      <trkpt lat="48.01476167" lon="20.83790667">
        <ele>152</ele>
        <time>2025-07-11T06:53:12Z</time>
      </trkpt>
      <trkpt lat="48.01448667" lon="20.83805167">
        <ele>153.9</ele>
        <time>2025-07-11T06:53:13Z</time>
      </trkpt>
      <trkpt lat="48.01419833" lon="20.838215">
        <ele>150.2</ele>
        <time>2025-07-11T06:53:14Z</time>
      </trkpt>
      <trkpt lat="48.01392333" lon="20.838365">
        <ele>151.2</ele>
        <time>2025-07-11T06:53:15Z</time>
      </trkpt>
      <trkpt lat="48.01364167" lon="20.83853167">
        <ele>151.7</ele>
        <time>2025-07-11T06:53:16Z</time>
      </trkpt>
      <trkpt lat="48.01335833" lon="20.83869833">
        <ele>152.7</ele>
        <time>2025-07-11T06:53:17Z</time>
      </trkpt>
      <trkpt lat="48.01305167" lon="20.83887333">
        <ele>152.6</ele>
        <time>2025-07-11T06:53:18Z</time>
      </trkpt>
      <trkpt lat="48.01275167" lon="20.83904667">
        <ele>152.5</ele>
        <time>2025-07-11T06:53:19Z</time>
      </trkpt>
      <trkpt lat="48.01247" lon="20.83920333">
        <ele>152.7</ele>
        <time>2025-07-11T06:53:20Z</time>
      </trkpt>
      <trkpt lat="48.012195" lon="20.83935">
        <ele>152.5</ele>
        <time>2025-07-11T06:53:21Z</time>
      </trkpt>
      <trkpt lat="48.01192333" lon="20.839505">
        <ele>153.1</ele>
        <time>2025-07-11T06:53:22Z</time>
      </trkpt>
      <trkpt lat="48.01164667" lon="20.83966667">
        <ele>151.8</ele>
        <time>2025-07-11T06:53:23Z</time>
      </trkpt>
      <trkpt lat="48.01137" lon="20.83982333">
        <ele>149.9</ele>
        <time>2025-07-11T06:53:24Z</time>
      </trkpt>
      <trkpt lat="48.01109" lon="20.83998667">
        <ele>149</ele>
        <time>2025-07-11T06:53:25Z</time>
      </trkpt>
      <trkpt lat="48.01082333" lon="20.84017667">
        <ele>148.6</ele>
        <time>2025-07-11T06:53:26Z</time>
      </trkpt>
      <trkpt lat="48.01054667" lon="20.840335">
        <ele>148.8</ele>
        <time>2025-07-11T06:53:27Z</time>
      </trkpt>
      <trkpt lat="48.01027167" lon="20.84049667">
        <ele>148.9</ele>
        <time>2025-07-11T06:53:28Z</time>
      </trkpt>
      <trkpt lat="48.01000833" lon="20.84064833">
        <ele>149.8</ele>
        <time>2025-07-11T06:53:29Z</time>
      </trkpt>
      <trkpt lat="48.00973167" lon="20.84081">
        <ele>150</ele>
        <time>2025-07-11T06:53:30Z</time>
      </trkpt>
      <trkpt lat="48.00945167" lon="20.84097167">
        <ele>150.1</ele>
        <time>2025-07-11T06:53:31Z</time>
      </trkpt>
      <trkpt lat="48.009175" lon="20.84112667">
        <ele>152.4</ele>
        <time>2025-07-11T06:53:32Z</time>
      </trkpt>
      <trkpt lat="48.0089" lon="20.84127">
        <ele>153</ele>
        <time>2025-07-11T06:53:33Z</time>
      </trkpt>
      <trkpt lat="48.00862333" lon="20.84140667">
        <ele>153.1</ele>
        <time>2025-07-11T06:53:34Z</time>
      </trkpt>
      <trkpt lat="48.00834167" lon="20.84153667">
        <ele>153.2</ele>
        <time>2025-07-11T06:53:35Z</time>
      </trkpt>
      <trkpt lat="48.00806667" lon="20.841645">
        <ele>154.9</ele>
        <time>2025-07-11T06:53:36Z</time>
      </trkpt>
      <trkpt lat="48.00778" lon="20.84176">
        <ele>154.9</ele>
        <time>2025-07-11T06:53:37Z</time>
      </trkpt>
      <trkpt lat="48.00749333" lon="20.84185">
        <ele>154.3</ele>
        <time>2025-07-11T06:53:38Z</time>
      </trkpt>
      <trkpt lat="48.0072" lon="20.84193167">
        <ele>153.9</ele>
        <time>2025-07-11T06:53:39Z</time>
      </trkpt>
      <trkpt lat="48.00690667" lon="20.84202167">
        <ele>152.9</ele>
        <time>2025-07-11T06:53:40Z</time>
      </trkpt>
      <trkpt lat="48.00662333" lon="20.842105">
        <ele>152.1</ele>
        <time>2025-07-11T06:53:41Z</time>
      </trkpt>
      <trkpt lat="48.00633667" lon="20.84217">
        <ele>151.5</ele>
        <time>2025-07-11T06:53:42Z</time>
      </trkpt>
      <trkpt lat="48.00604667" lon="20.84223">
        <ele>151.1</ele>
        <time>2025-07-11T06:53:43Z</time>
      </trkpt>
      <trkpt lat="48.00575833" lon="20.84227167">
        <ele>150.7</ele>
        <time>2025-07-11T06:53:44Z</time>
      </trkpt>
      <trkpt lat="48.00551" lon="20.84227667">
        <ele>154.3</ele>
        <time>2025-07-11T06:53:45Z</time>
      </trkpt>
      <trkpt lat="48.005245" lon="20.842285">
        <ele>159</ele>
        <time>2025-07-11T06:53:46Z</time>
      </trkpt>
      <trkpt lat="48.004965" lon="20.84229167">
        <ele>159.2</ele>
        <time>2025-07-11T06:53:47Z</time>
      </trkpt>
      <trkpt lat="48.004685" lon="20.842295">
        <ele>159.6</ele>
        <time>2025-07-11T06:53:48Z</time>
      </trkpt>
      <trkpt lat="48.00440667" lon="20.8423">
        <ele>159.3</ele>
        <time>2025-07-11T06:53:49Z</time>
      </trkpt>
      <trkpt lat="48.00413167" lon="20.84228333">
        <ele>159.9</ele>
        <time>2025-07-11T06:53:50Z</time>
      </trkpt>
      <trkpt lat="48.00386" lon="20.84227333">
        <ele>161.1</ele>
        <time>2025-07-11T06:53:51Z</time>
      </trkpt>
      <trkpt lat="48.00359333" lon="20.84224">
        <ele>161.2</ele>
        <time>2025-07-11T06:53:52Z</time>
      </trkpt>
      <trkpt lat="48.00333667" lon="20.842205">
        <ele>160.6</ele>
        <time>2025-07-11T06:53:53Z</time>
      </trkpt>
      <trkpt lat="48.00309167" lon="20.84217833">
        <ele>160.4</ele>
        <time>2025-07-11T06:53:54Z</time>
      </trkpt>
      <trkpt lat="48.00284" lon="20.842155">
        <ele>159.3</ele>
        <time>2025-07-11T06:53:55Z</time>
      </trkpt>
      <trkpt lat="48.00260167" lon="20.8421">
        <ele>157.6</ele>
        <time>2025-07-11T06:53:56Z</time>
      </trkpt>
      <trkpt lat="48.002365" lon="20.84205167">
        <ele>159.7</ele>
        <time>2025-07-11T06:53:57Z</time>
      </trkpt>
      <trkpt lat="48.002105" lon="20.842">
        <ele>157.9</ele>
        <time>2025-07-11T06:53:58Z</time>
      </trkpt>
      <trkpt lat="48.00186167" lon="20.84195167">
        <ele>157.2</ele>
        <time>2025-07-11T06:53:59Z</time>
      </trkpt>
      <trkpt lat="48.00159667" lon="20.84191">
        <ele>156.2</ele>
        <time>2025-07-11T06:54:00Z</time>
      </trkpt>
      <trkpt lat="48.00135833" lon="20.84186667">
        <ele>156.2</ele>
        <time>2025-07-11T06:54:01Z</time>
      </trkpt>
      <trkpt lat="48.001115" lon="20.84182333">
        <ele>156.8</ele>
        <time>2025-07-11T06:54:02Z</time>
      </trkpt>
      <trkpt lat="48.00087167" lon="20.84178667">
        <ele>155.3</ele>
        <time>2025-07-11T06:54:03Z</time>
      </trkpt>
      <trkpt lat="48.000635" lon="20.84175833">
        <ele>154.4</ele>
        <time>2025-07-11T06:54:04Z</time>
      </trkpt>
      <trkpt lat="48.000395" lon="20.84172333">
        <ele>154</ele>
        <time>2025-07-11T06:54:05Z</time>
      </trkpt>
      <trkpt lat="48.000155" lon="20.84169167">
        <ele>152.5</ele>
        <time>2025-07-11T06:54:06Z</time>
      </trkpt>
      <trkpt lat="47.99992" lon="20.84168">
        <ele>153</ele>
        <time>2025-07-11T06:54:07Z</time>
      </trkpt>
      <trkpt lat="47.9997" lon="20.84164">
        <ele>152.9</ele>
        <time>2025-07-11T06:54:08Z</time>
      </trkpt>
      <trkpt lat="47.99947" lon="20.84160667">
        <ele>153.7</ele>
        <time>2025-07-11T06:54:09Z</time>
      </trkpt>
      <trkpt lat="47.99925333" lon="20.84156667">
        <ele>153.2</ele>
        <time>2025-07-11T06:54:10Z</time>
      </trkpt>
      <trkpt lat="47.99903167" lon="20.84153167">
        <ele>152.6</ele>
        <time>2025-07-11T06:54:11Z</time>
      </trkpt>
      <trkpt lat="47.99881167" lon="20.84149167">
        <ele>151.5</ele>
        <time>2025-07-11T06:54:12Z</time>
      </trkpt>
      <trkpt lat="47.998595" lon="20.84146167">
        <ele>150.5</ele>
        <time>2025-07-11T06:54:13Z</time>
      </trkpt>
      <trkpt lat="47.99838167" lon="20.84142167">
        <ele>148.8</ele>
        <time>2025-07-11T06:54:14Z</time>
      </trkpt>
      <trkpt lat="47.99816167" lon="20.841395">
        <ele>148.4</ele>
        <time>2025-07-11T06:54:15Z</time>
      </trkpt>
      <trkpt lat="47.99793167" lon="20.84134667">
        <ele>147.7</ele>
        <time>2025-07-11T06:54:16Z</time>
      </trkpt>
      <trkpt lat="47.99770667" lon="20.841315">
        <ele>148.2</ele>
        <time>2025-07-11T06:54:17Z</time>
      </trkpt>
      <trkpt lat="47.99748333" lon="20.84128333">
        <ele>148.9</ele>
        <time>2025-07-11T06:54:18Z</time>
      </trkpt>
      <trkpt lat="47.99725833" lon="20.84124833">
        <ele>149.6</ele>
        <time>2025-07-11T06:54:19Z</time>
      </trkpt>
      <trkpt lat="47.99704167" lon="20.84120167">
        <ele>149.8</ele>
        <time>2025-07-11T06:54:20Z</time>
      </trkpt>
      <trkpt lat="47.99682667" lon="20.84116333">
        <ele>150.1</ele>
        <time>2025-07-11T06:54:21Z</time>
      </trkpt>
      <trkpt lat="47.99661" lon="20.841125">
        <ele>150.1</ele>
        <time>2025-07-11T06:54:22Z</time>
      </trkpt>
      <trkpt lat="47.996395" lon="20.841085">
        <ele>150</ele>
        <time>2025-07-11T06:54:23Z</time>
      </trkpt>
      <trkpt lat="47.996175" lon="20.84104">
        <ele>150.1</ele>
        <time>2025-07-11T06:54:24Z</time>
      </trkpt>
      <trkpt lat="47.99595333" lon="20.841">
        <ele>150.4</ele>
        <time>2025-07-11T06:54:25Z</time>
      </trkpt>
      <trkpt lat="47.995745" lon="20.84097">
        <ele>149.9</ele>
        <time>2025-07-11T06:54:26Z</time>
      </trkpt>
      <trkpt lat="47.995525" lon="20.840935">
        <ele>150.9</ele>
        <time>2025-07-11T06:54:27Z</time>
      </trkpt>
      <trkpt lat="47.99529667" lon="20.84090333">
        <ele>150.6</ele>
        <time>2025-07-11T06:54:28Z</time>
      </trkpt>
      <trkpt lat="47.99507" lon="20.84086667">
        <ele>150.7</ele>
        <time>2025-07-11T06:54:29Z</time>
      </trkpt>
      <trkpt lat="47.99484667" lon="20.84082667">
        <ele>150.5</ele>
        <time>2025-07-11T06:54:30Z</time>
      </trkpt>
      <trkpt lat="47.99463167" lon="20.840785">
        <ele>152.1</ele>
        <time>2025-07-11T06:54:31Z</time>
      </trkpt>
      <trkpt lat="47.99440167" lon="20.84074167">
        <ele>151.5</ele>
        <time>2025-07-11T06:54:32Z</time>
      </trkpt>
      <trkpt lat="47.99418333" lon="20.84070833">
        <ele>149</ele>
        <time>2025-07-11T06:54:33Z</time>
      </trkpt>
      <trkpt lat="47.99397333" lon="20.84069">
        <ele>149.8</ele>
        <time>2025-07-11T06:54:34Z</time>
      </trkpt>
      <trkpt lat="47.99376" lon="20.840655">
        <ele>150.5</ele>
        <time>2025-07-11T06:54:35Z</time>
      </trkpt>
      <trkpt lat="47.993555" lon="20.84062667">
        <ele>151.4</ele>
        <time>2025-07-11T06:54:36Z</time>
      </trkpt>
      <trkpt lat="47.99333" lon="20.84059167">
        <ele>152</ele>
        <time>2025-07-11T06:54:37Z</time>
      </trkpt>
      <trkpt lat="47.99311167" lon="20.84055333">
        <ele>152.8</ele>
        <time>2025-07-11T06:54:38Z</time>
      </trkpt>
      <trkpt lat="47.99289333" lon="20.840515">
        <ele>153.1</ele>
        <time>2025-07-11T06:54:39Z</time>
      </trkpt>
      <trkpt lat="47.99266667" lon="20.84047833">
        <ele>153.4</ele>
        <time>2025-07-11T06:54:40Z</time>
      </trkpt>
      <trkpt lat="47.99244833" lon="20.84044833">
        <ele>157.1</ele>
        <time>2025-07-11T06:54:41Z</time>
      </trkpt>
      <trkpt lat="47.99223333" lon="20.84041667">
        <ele>157.1</ele>
        <time>2025-07-11T06:54:42Z</time>
      </trkpt>
      <trkpt lat="47.99201333" lon="20.84038">
        <ele>157.3</ele>
        <time>2025-07-11T06:54:43Z</time>
      </trkpt>
      <trkpt lat="47.99180667" lon="20.84034833">
        <ele>157</ele>
        <time>2025-07-11T06:54:44Z</time>
      </trkpt>
      <trkpt lat="47.99157667" lon="20.84032">
        <ele>157.1</ele>
        <time>2025-07-11T06:54:45Z</time>
      </trkpt>
      <trkpt lat="47.99136333" lon="20.84029167">
        <ele>157.4</ele>
        <time>2025-07-11T06:54:46Z</time>
      </trkpt>
      <trkpt lat="47.99114833" lon="20.84024">
        <ele>157.4</ele>
        <time>2025-07-11T06:54:47Z</time>
      </trkpt>
      <trkpt lat="47.99090333" lon="20.84020833">
        <ele>153.7</ele>
        <time>2025-07-11T06:54:48Z</time>
      </trkpt>
      <trkpt lat="47.99066167" lon="20.840185">
        <ele>152.6</ele>
        <time>2025-07-11T06:54:49Z</time>
      </trkpt>
      <trkpt lat="47.990425" lon="20.84014667">
        <ele>151.3</ele>
        <time>2025-07-11T06:54:50Z</time>
      </trkpt>
      <trkpt lat="47.99018667" lon="20.84009667">
        <ele>150.1</ele>
        <time>2025-07-11T06:54:51Z</time>
      </trkpt>
      <trkpt lat="47.98996333" lon="20.84005667">
        <ele>148.9</ele>
        <time>2025-07-11T06:54:52Z</time>
      </trkpt>
      <trkpt lat="47.98973" lon="20.84001667">
        <ele>148.6</ele>
        <time>2025-07-11T06:54:53Z</time>
      </trkpt>
      <trkpt lat="47.98948833" lon="20.83997667">
        <ele>148.3</ele>
        <time>2025-07-11T06:54:54Z</time>
      </trkpt>
      <trkpt lat="47.98924333" lon="20.83993833">
        <ele>148.2</ele>
        <time>2025-07-11T06:54:55Z</time>
      </trkpt>
      <trkpt lat="47.98900667" lon="20.83989833">
        <ele>148.1</ele>
        <time>2025-07-11T06:54:56Z</time>
      </trkpt>
      <trkpt lat="47.98876833" lon="20.83985333">
        <ele>148.6</ele>
        <time>2025-07-11T06:54:57Z</time>
      </trkpt>
      <trkpt lat="47.98853833" lon="20.83982">
        <ele>150.6</ele>
        <time>2025-07-11T06:54:58Z</time>
      </trkpt>
      <trkpt lat="47.98829667" lon="20.83978167">
        <ele>151.6</ele>
        <time>2025-07-11T06:54:59Z</time>
      </trkpt>
      <trkpt lat="47.98805167" lon="20.83974667">
        <ele>152</ele>
        <time>2025-07-11T06:55:00Z</time>
      </trkpt>
      <trkpt lat="47.98780667" lon="20.83970833">
        <ele>151.8</ele>
        <time>2025-07-11T06:55:01Z</time>
      </trkpt>
      <trkpt lat="47.98755833" lon="20.83966">
        <ele>151.1</ele>
        <time>2025-07-11T06:55:02Z</time>
      </trkpt>
      <trkpt lat="47.987295" lon="20.839615">
        <ele>149.5</ele>
        <time>2025-07-11T06:55:03Z</time>
      </trkpt>
      <trkpt lat="47.98703667" lon="20.839575">
        <ele>149</ele>
        <time>2025-07-11T06:55:04Z</time>
      </trkpt>
      <trkpt lat="47.98677833" lon="20.83953833">
        <ele>148.6</ele>
        <time>2025-07-11T06:55:05Z</time>
      </trkpt>
      <trkpt lat="47.98651167" lon="20.839495">
        <ele>148</ele>
        <time>2025-07-11T06:55:06Z</time>
      </trkpt>
      <trkpt lat="47.98625167" lon="20.83945167">
        <ele>147.5</ele>
        <time>2025-07-11T06:55:07Z</time>
      </trkpt>
      <trkpt lat="47.98598333" lon="20.83941167">
        <ele>147.9</ele>
        <time>2025-07-11T06:55:08Z</time>
      </trkpt>
      <trkpt lat="47.98570833" lon="20.83937">
        <ele>148</ele>
        <time>2025-07-11T06:55:09Z</time>
      </trkpt>
      <trkpt lat="47.98543333" lon="20.839315">
        <ele>147.8</ele>
        <time>2025-07-11T06:55:10Z</time>
      </trkpt>
      <trkpt lat="47.98514667" lon="20.839285">
        <ele>147.6</ele>
        <time>2025-07-11T06:55:11Z</time>
      </trkpt>
      <trkpt lat="47.984855" lon="20.839235">
        <ele>148.3</ele>
        <time>2025-07-11T06:55:12Z</time>
      </trkpt>
      <trkpt lat="47.98457167" lon="20.83918833">
        <ele>147.3</ele>
        <time>2025-07-11T06:55:13Z</time>
      </trkpt>
      <trkpt lat="47.98428167" lon="20.83913333">
        <ele>148.3</ele>
        <time>2025-07-11T06:55:14Z</time>
      </trkpt>
      <trkpt lat="47.98399667" lon="20.83909">
        <ele>148.8</ele>
        <time>2025-07-11T06:55:15Z</time>
      </trkpt>
      <trkpt lat="47.98370333" lon="20.83904833">
        <ele>148.9</ele>
        <time>2025-07-11T06:55:16Z</time>
      </trkpt>
      <trkpt lat="47.98341667" lon="20.839005">
        <ele>148.8</ele>
        <time>2025-07-11T06:55:17Z</time>
      </trkpt>
      <trkpt lat="47.98312667" lon="20.83895833">
        <ele>148.4</ele>
        <time>2025-07-11T06:55:18Z</time>
      </trkpt>
      <trkpt lat="47.98284" lon="20.83890667">
        <ele>148.5</ele>
        <time>2025-07-11T06:55:19Z</time>
      </trkpt>
      <trkpt lat="47.98255167" lon="20.83886">
        <ele>149.5</ele>
        <time>2025-07-11T06:55:20Z</time>
      </trkpt>
      <trkpt lat="47.98226167" lon="20.83881667">
        <ele>149.9</ele>
        <time>2025-07-11T06:55:21Z</time>
      </trkpt>
      <trkpt lat="47.98196833" lon="20.83876333">
        <ele>150.5</ele>
        <time>2025-07-11T06:55:22Z</time>
      </trkpt>
      <trkpt lat="47.98167833" lon="20.83870167">
        <ele>149.9</ele>
        <time>2025-07-11T06:55:23Z</time>
      </trkpt>
      <trkpt lat="47.98138" lon="20.83866333">
        <ele>149.5</ele>
        <time>2025-07-11T06:55:24Z</time>
      </trkpt>
      <trkpt lat="47.98108333" lon="20.83862167">
        <ele>148.4</ele>
        <time>2025-07-11T06:55:25Z</time>
      </trkpt>
      <trkpt lat="47.98078167" lon="20.83856667">
        <ele>148.8</ele>
        <time>2025-07-11T06:55:26Z</time>
      </trkpt>
      <trkpt lat="47.98048167" lon="20.838515">
        <ele>147.8</ele>
        <time>2025-07-11T06:55:27Z</time>
      </trkpt>
      <trkpt lat="47.980185" lon="20.83847">
        <ele>148.2</ele>
        <time>2025-07-11T06:55:28Z</time>
      </trkpt>
      <trkpt lat="47.979895" lon="20.83842667">
        <ele>149.7</ele>
        <time>2025-07-11T06:55:29Z</time>
      </trkpt>
      <trkpt lat="47.97959833" lon="20.83837167">
        <ele>150.9</ele>
        <time>2025-07-11T06:55:30Z</time>
      </trkpt>
      <trkpt lat="47.979305" lon="20.83833167">
        <ele>151.1</ele>
        <time>2025-07-11T06:55:31Z</time>
      </trkpt>
      <trkpt lat="47.97901333" lon="20.83828833">
        <ele>151.1</ele>
        <time>2025-07-11T06:55:32Z</time>
      </trkpt>
      <trkpt lat="47.978715" lon="20.83824167">
        <ele>150.3</ele>
        <time>2025-07-11T06:55:33Z</time>
      </trkpt>
      <trkpt lat="47.97841333" lon="20.838185">
        <ele>147.9</ele>
        <time>2025-07-11T06:55:34Z</time>
      </trkpt>
      <trkpt lat="47.97811667" lon="20.83813333">
        <ele>148</ele>
        <time>2025-07-11T06:55:35Z</time>
      </trkpt>
      <trkpt lat="47.97782333" lon="20.83808333">
        <ele>147.3</ele>
        <time>2025-07-11T06:55:36Z</time>
      </trkpt>
      <trkpt lat="47.97751833" lon="20.83803333">
        <ele>147.8</ele>
        <time>2025-07-11T06:55:37Z</time>
      </trkpt>
      <trkpt lat="47.97721667" lon="20.83798833">
        <ele>148.6</ele>
        <time>2025-07-11T06:55:38Z</time>
      </trkpt>
      <trkpt lat="47.97690833" lon="20.83793667">
        <ele>148.7</ele>
        <time>2025-07-11T06:55:39Z</time>
      </trkpt>
      <trkpt lat="47.97660333" lon="20.837895">
        <ele>148.9</ele>
        <time>2025-07-11T06:55:40Z</time>
      </trkpt>
      <trkpt lat="47.9763" lon="20.837845">
        <ele>146.6</ele>
        <time>2025-07-11T06:55:41Z</time>
      </trkpt>
      <trkpt lat="47.97599667" lon="20.8378">
        <ele>147.3</ele>
        <time>2025-07-11T06:55:42Z</time>
      </trkpt>
      <trkpt lat="47.97569667" lon="20.83776">
        <ele>148</ele>
        <time>2025-07-11T06:55:43Z</time>
      </trkpt>
      <trkpt lat="47.97539333" lon="20.83770667">
        <ele>148.3</ele>
        <time>2025-07-11T06:55:44Z</time>
      </trkpt>
      <trkpt lat="47.97509333" lon="20.837655">
        <ele>145.2</ele>
        <time>2025-07-11T06:55:45Z</time>
      </trkpt>
      <trkpt lat="47.97479167" lon="20.83760333">
        <ele>144.2</ele>
        <time>2025-07-11T06:55:46Z</time>
      </trkpt>
      <trkpt lat="47.974505" lon="20.83755">
        <ele>144.7</ele>
        <time>2025-07-11T06:55:47Z</time>
      </trkpt>
      <trkpt lat="47.97421167" lon="20.83750167">
        <ele>146.1</ele>
        <time>2025-07-11T06:55:48Z</time>
      </trkpt>
      <trkpt lat="47.97391167" lon="20.83745">
        <ele>145.9</ele>
        <time>2025-07-11T06:55:49Z</time>
      </trkpt>
      <trkpt lat="47.97361833" lon="20.83740167">
        <ele>146.8</ele>
        <time>2025-07-11T06:55:50Z</time>
      </trkpt>
      <trkpt lat="47.97332333" lon="20.83734833">
        <ele>147.9</ele>
        <time>2025-07-11T06:55:51Z</time>
      </trkpt>
      <trkpt lat="47.97303" lon="20.83730167">
        <ele>147.9</ele>
        <time>2025-07-11T06:55:52Z</time>
      </trkpt>
      <trkpt lat="47.97273333" lon="20.83724833">
        <ele>148.3</ele>
        <time>2025-07-11T06:55:53Z</time>
      </trkpt>
      <trkpt lat="47.97244" lon="20.8372">
        <ele>148.7</ele>
        <time>2025-07-11T06:55:54Z</time>
      </trkpt>
      <trkpt lat="47.97214" lon="20.83715167">
        <ele>149.5</ele>
        <time>2025-07-11T06:55:55Z</time>
      </trkpt>
      <trkpt lat="47.97184833" lon="20.83710833">
        <ele>148.6</ele>
        <time>2025-07-11T06:55:56Z</time>
      </trkpt>
      <trkpt lat="47.97155" lon="20.83706333">
        <ele>149.6</ele>
        <time>2025-07-11T06:55:57Z</time>
      </trkpt>
      <trkpt lat="47.97125" lon="20.83701333">
        <ele>149.8</ele>
        <time>2025-07-11T06:55:58Z</time>
      </trkpt>
      <trkpt lat="47.97095" lon="20.836965">
        <ele>149.3</ele>
        <time>2025-07-11T06:55:59Z</time>
      </trkpt>
      <trkpt lat="47.970655" lon="20.83691833">
        <ele>149</ele>
        <time>2025-07-11T06:56:00Z</time>
      </trkpt>
      <trkpt lat="47.97035667" lon="20.83687667">
        <ele>146.9</ele>
        <time>2025-07-11T06:56:01Z</time>
      </trkpt>
      <trkpt lat="47.97005667" lon="20.83682833">
        <ele>147.1</ele>
        <time>2025-07-11T06:56:02Z</time>
      </trkpt>
      <trkpt lat="47.96976167" lon="20.836785">
        <ele>147.2</ele>
        <time>2025-07-11T06:56:03Z</time>
      </trkpt>
      <trkpt lat="47.96946333" lon="20.83673667">
        <ele>147.4</ele>
        <time>2025-07-11T06:56:04Z</time>
      </trkpt>
      <trkpt lat="47.96917" lon="20.83669">
        <ele>147.9</ele>
        <time>2025-07-11T06:56:05Z</time>
      </trkpt>
      <trkpt lat="47.96887" lon="20.83664667">
        <ele>147.9</ele>
        <time>2025-07-11T06:56:06Z</time>
      </trkpt>
      <trkpt lat="47.96857667" lon="20.83659667">
        <ele>146.4</ele>
        <time>2025-07-11T06:56:07Z</time>
      </trkpt>
      <trkpt lat="47.968285" lon="20.83654667">
        <ele>146.9</ele>
        <time>2025-07-11T06:56:08Z</time>
      </trkpt>
      <trkpt lat="47.96799667" lon="20.83650167">
        <ele>147.4</ele>
        <time>2025-07-11T06:56:09Z</time>
      </trkpt>
      <trkpt lat="47.96770667" lon="20.83645333">
        <ele>147.6</ele>
        <time>2025-07-11T06:56:10Z</time>
      </trkpt>
      <trkpt lat="47.96740833" lon="20.836405">
        <ele>146.7</ele>
        <time>2025-07-11T06:56:11Z</time>
      </trkpt>
      <trkpt lat="47.96711333" lon="20.83635667">
        <ele>147.6</ele>
        <time>2025-07-11T06:56:12Z</time>
      </trkpt>
      <trkpt lat="47.96682333" lon="20.83630833">
        <ele>149.7</ele>
        <time>2025-07-11T06:56:13Z</time>
      </trkpt>
      <trkpt lat="47.96652667" lon="20.83627833">
        <ele>152.3</ele>
        <time>2025-07-11T06:56:14Z</time>
      </trkpt>
      <trkpt lat="47.96622" lon="20.83623">
        <ele>151.8</ele>
        <time>2025-07-11T06:56:15Z</time>
      </trkpt>
      <trkpt lat="47.96591167" lon="20.83617833">
        <ele>153.1</ele>
        <time>2025-07-11T06:56:16Z</time>
      </trkpt>
      <trkpt lat="47.96560833" lon="20.83613167">
        <ele>153.3</ele>
        <time>2025-07-11T06:56:17Z</time>
      </trkpt>
      <trkpt lat="47.96529833" lon="20.83608167">
        <ele>153.6</ele>
        <time>2025-07-11T06:56:18Z</time>
      </trkpt>
      <trkpt lat="47.96499833" lon="20.83603">
        <ele>151.7</ele>
        <time>2025-07-11T06:56:19Z</time>
      </trkpt>
      <trkpt lat="47.96469667" lon="20.83598333">
        <ele>150.5</ele>
        <time>2025-07-11T06:56:20Z</time>
      </trkpt>
      <trkpt lat="47.96439667" lon="20.83593667">
        <ele>150.6</ele>
        <time>2025-07-11T06:56:21Z</time>
      </trkpt>
      <trkpt lat="47.96409833" lon="20.835885">
        <ele>150.5</ele>
        <time>2025-07-11T06:56:22Z</time>
      </trkpt>
      <trkpt lat="47.9638" lon="20.83583167">
        <ele>149.9</ele>
        <time>2025-07-11T06:56:23Z</time>
      </trkpt>
      <trkpt lat="47.96351167" lon="20.83578667">
        <ele>148.4</ele>
        <time>2025-07-11T06:56:24Z</time>
      </trkpt>
      <trkpt lat="47.96322333" lon="20.835735">
        <ele>147.7</ele>
        <time>2025-07-11T06:56:25Z</time>
      </trkpt>
      <trkpt lat="47.96292333" lon="20.83568667">
        <ele>146.5</ele>
        <time>2025-07-11T06:56:26Z</time>
      </trkpt>
      <trkpt lat="47.96262333" lon="20.83564">
        <ele>146.8</ele>
        <time>2025-07-11T06:56:27Z</time>
      </trkpt>
      <trkpt lat="47.962325" lon="20.83559">
        <ele>146.3</ele>
        <time>2025-07-11T06:56:28Z</time>
      </trkpt>
      <trkpt lat="47.962035" lon="20.83553833">
        <ele>146.7</ele>
        <time>2025-07-11T06:56:29Z</time>
      </trkpt>
      <trkpt lat="47.96174" lon="20.83549167">
        <ele>147.9</ele>
        <time>2025-07-11T06:56:30Z</time>
      </trkpt>
      <trkpt lat="47.96144333" lon="20.83543833">
        <ele>148.5</ele>
        <time>2025-07-11T06:56:31Z</time>
      </trkpt>
      <trkpt lat="47.96114" lon="20.83539667">
        <ele>148.6</ele>
        <time>2025-07-11T06:56:32Z</time>
      </trkpt>
      <trkpt lat="47.960845" lon="20.83535">
        <ele>148.5</ele>
        <time>2025-07-11T06:56:33Z</time>
      </trkpt>
      <trkpt lat="47.96054667" lon="20.835305">
        <ele>148.7</ele>
        <time>2025-07-11T06:56:34Z</time>
      </trkpt>
      <trkpt lat="47.96024833" lon="20.83525667">
        <ele>148.5</ele>
        <time>2025-07-11T06:56:35Z</time>
      </trkpt>
      <trkpt lat="47.95994667" lon="20.83521">
        <ele>149.4</ele>
        <time>2025-07-11T06:56:36Z</time>
      </trkpt>
      <trkpt lat="47.95964167" lon="20.83516167">
        <ele>148.5</ele>
        <time>2025-07-11T06:56:37Z</time>
      </trkpt>
      <trkpt lat="47.95934333" lon="20.83511667">
        <ele>147.4</ele>
        <time>2025-07-11T06:56:38Z</time>
      </trkpt>
      <trkpt lat="47.95906" lon="20.835065">
        <ele>147.4</ele>
        <time>2025-07-11T06:56:39Z</time>
      </trkpt>
      <trkpt lat="47.95845167" lon="20.834955">
        <ele>146.9</ele>
        <time>2025-07-11T06:56:41Z</time>
      </trkpt>
      <trkpt lat="47.95815667" lon="20.83489833">
        <ele>147.2</ele>
        <time>2025-07-11T06:56:42Z</time>
      </trkpt>
      <trkpt lat="47.95786167" lon="20.83484667">
        <ele>146.9</ele>
        <time>2025-07-11T06:56:43Z</time>
      </trkpt>
      <trkpt lat="47.95756833" lon="20.83480167">
        <ele>146.4</ele>
        <time>2025-07-11T06:56:44Z</time>
      </trkpt>
      <trkpt lat="47.95696333" lon="20.83471667">
        <ele>145.3</ele>
        <time>2025-07-11T06:56:46Z</time>
      </trkpt>
      <trkpt lat="47.95667" lon="20.83466333">
        <ele>145</ele>
        <time>2025-07-11T06:56:47Z</time>
      </trkpt>
      <trkpt lat="47.956375" lon="20.83461667">
        <ele>144.7</ele>
        <time>2025-07-11T06:56:48Z</time>
      </trkpt>
      <trkpt lat="47.95607333" lon="20.83457333">
        <ele>145</ele>
        <time>2025-07-11T06:56:49Z</time>
      </trkpt>
      <trkpt lat="47.95577167" lon="20.83452333">
        <ele>145.4</ele>
        <time>2025-07-11T06:56:50Z</time>
      </trkpt>
      <trkpt lat="47.95547333" lon="20.83447167">
        <ele>145.3</ele>
        <time>2025-07-11T06:56:51Z</time>
      </trkpt>
      <trkpt lat="47.95517167" lon="20.83442333">
        <ele>144.7</ele>
        <time>2025-07-11T06:56:52Z</time>
      </trkpt>
      <trkpt lat="47.95487667" lon="20.83437833">
        <ele>144.5</ele>
        <time>2025-07-11T06:56:53Z</time>
      </trkpt>
      <trkpt lat="47.954575" lon="20.83433667">
        <ele>144.5</ele>
        <time>2025-07-11T06:56:54Z</time>
      </trkpt>
      <trkpt lat="47.95427167" lon="20.834295">
        <ele>145.5</ele>
        <time>2025-07-11T06:56:55Z</time>
      </trkpt>
      <trkpt lat="47.95397667" lon="20.83425">
        <ele>146.1</ele>
        <time>2025-07-11T06:56:56Z</time>
      </trkpt>
      <trkpt lat="47.953685" lon="20.8342">
        <ele>145.8</ele>
        <time>2025-07-11T06:56:57Z</time>
      </trkpt>
      <trkpt lat="47.953395" lon="20.834155">
        <ele>146.1</ele>
        <time>2025-07-11T06:56:58Z</time>
      </trkpt>
      <trkpt lat="47.95310167" lon="20.834115">
        <ele>145.8</ele>
        <time>2025-07-11T06:56:59Z</time>
      </trkpt>
      <trkpt lat="47.95280667" lon="20.83406167">
        <ele>145.2</ele>
        <time>2025-07-11T06:57:00Z</time>
      </trkpt>
      <trkpt lat="47.95250833" lon="20.83401833">
        <ele>145.3</ele>
        <time>2025-07-11T06:57:01Z</time>
      </trkpt>
      <trkpt lat="47.952195" lon="20.83396833">
        <ele>145.2</ele>
        <time>2025-07-11T06:57:02Z</time>
      </trkpt>
      <trkpt lat="47.95188667" lon="20.83392">
        <ele>145.1</ele>
        <time>2025-07-11T06:57:03Z</time>
      </trkpt>
      <trkpt lat="47.95158333" lon="20.83387">
        <ele>145.4</ele>
        <time>2025-07-11T06:57:04Z</time>
      </trkpt>
      <trkpt lat="47.95128333" lon="20.833825">
        <ele>143.5</ele>
        <time>2025-07-11T06:57:05Z</time>
      </trkpt>
      <trkpt lat="47.95098167" lon="20.83377667">
        <ele>142.9</ele>
        <time>2025-07-11T06:57:06Z</time>
      </trkpt>
      <trkpt lat="47.95069" lon="20.83373">
        <ele>141.6</ele>
        <time>2025-07-11T06:57:07Z</time>
      </trkpt>
      <trkpt lat="47.95039833" lon="20.83368167">
        <ele>141.5</ele>
        <time>2025-07-11T06:57:08Z</time>
      </trkpt>
      <trkpt lat="47.95010167" lon="20.83363167">
        <ele>140.8</ele>
        <time>2025-07-11T06:57:09Z</time>
      </trkpt>
      <trkpt lat="47.9498" lon="20.83358333">
        <ele>142</ele>
        <time>2025-07-11T06:57:10Z</time>
      </trkpt>
      <trkpt lat="47.94950833" lon="20.83353333">
        <ele>142.1</ele>
        <time>2025-07-11T06:57:11Z</time>
      </trkpt>
      <trkpt lat="47.94921667" lon="20.833485">
        <ele>142.1</ele>
        <time>2025-07-11T06:57:12Z</time>
      </trkpt>
      <trkpt lat="47.94891833" lon="20.83343667">
        <ele>141.9</ele>
        <time>2025-07-11T06:57:13Z</time>
      </trkpt>
      <trkpt lat="47.94862167" lon="20.83338167">
        <ele>141.4</ele>
        <time>2025-07-11T06:57:14Z</time>
      </trkpt>
      <trkpt lat="47.948325" lon="20.83333333">
        <ele>141.2</ele>
        <time>2025-07-11T06:57:15Z</time>
      </trkpt>
      <trkpt lat="47.94803" lon="20.833285">
        <ele>141.8</ele>
        <time>2025-07-11T06:57:16Z</time>
      </trkpt>
      <trkpt lat="47.94774" lon="20.83324167">
        <ele>141.7</ele>
        <time>2025-07-11T06:57:17Z</time>
      </trkpt>
      <trkpt lat="47.94744667" lon="20.83319333">
        <ele>141.1</ele>
        <time>2025-07-11T06:57:18Z</time>
      </trkpt>
      <trkpt lat="47.94714333" lon="20.83314">
        <ele>142</ele>
        <time>2025-07-11T06:57:19Z</time>
      </trkpt>
      <trkpt lat="47.94683833" lon="20.833095">
        <ele>142.7</ele>
        <time>2025-07-11T06:57:20Z</time>
      </trkpt>
      <trkpt lat="47.94653833" lon="20.833045">
        <ele>143.1</ele>
        <time>2025-07-11T06:57:21Z</time>
      </trkpt>
      <trkpt lat="47.946235" lon="20.83299667">
        <ele>144.2</ele>
        <time>2025-07-11T06:57:22Z</time>
      </trkpt>
      <trkpt lat="47.94593833" lon="20.83295">
        <ele>144.9</ele>
        <time>2025-07-11T06:57:23Z</time>
      </trkpt>
      <trkpt lat="47.94563333" lon="20.83291667">
        <ele>144.8</ele>
        <time>2025-07-11T06:57:24Z</time>
      </trkpt>
      <trkpt lat="47.94533833" lon="20.83288">
        <ele>146</ele>
        <time>2025-07-11T06:57:25Z</time>
      </trkpt>
      <trkpt lat="47.94503333" lon="20.83283667">
        <ele>147.6</ele>
        <time>2025-07-11T06:57:26Z</time>
      </trkpt>
      <trkpt lat="47.94473833" lon="20.832795">
        <ele>148.8</ele>
        <time>2025-07-11T06:57:27Z</time>
      </trkpt>
      <trkpt lat="47.94445" lon="20.83274">
        <ele>146.5</ele>
        <time>2025-07-11T06:57:28Z</time>
      </trkpt>
      <trkpt lat="47.94415167" lon="20.83268167">
        <ele>146.7</ele>
        <time>2025-07-11T06:57:29Z</time>
      </trkpt>
      <trkpt lat="47.94386333" lon="20.83262333">
        <ele>146.8</ele>
        <time>2025-07-11T06:57:30Z</time>
      </trkpt>
      <trkpt lat="47.94356833" lon="20.83255">
        <ele>147.1</ele>
        <time>2025-07-11T06:57:31Z</time>
      </trkpt>
      <trkpt lat="47.94328167" lon="20.83246333">
        <ele>147.6</ele>
        <time>2025-07-11T06:57:32Z</time>
      </trkpt>
      <trkpt lat="47.94299333" lon="20.83237167">
        <ele>148.5</ele>
        <time>2025-07-11T06:57:33Z</time>
      </trkpt>
      <trkpt lat="47.9427" lon="20.83227">
        <ele>148.8</ele>
        <time>2025-07-11T06:57:34Z</time>
      </trkpt>
      <trkpt lat="47.942405" lon="20.832165">
        <ele>149.2</ele>
        <time>2025-07-11T06:57:35Z</time>
      </trkpt>
      <trkpt lat="47.94210833" lon="20.83204">
        <ele>149.8</ele>
        <time>2025-07-11T06:57:36Z</time>
      </trkpt>
      <trkpt lat="47.94182" lon="20.83192167">
        <ele>150.6</ele>
        <time>2025-07-11T06:57:37Z</time>
      </trkpt>
      <trkpt lat="47.94153" lon="20.83179333">
        <ele>150.8</ele>
        <time>2025-07-11T06:57:38Z</time>
      </trkpt>
      <trkpt lat="47.94125333" lon="20.83166">
        <ele>150.2</ele>
        <time>2025-07-11T06:57:39Z</time>
      </trkpt>
      <trkpt lat="47.940975" lon="20.83151">
        <ele>150.6</ele>
        <time>2025-07-11T06:57:40Z</time>
      </trkpt>
      <trkpt lat="47.940695" lon="20.83134833">
        <ele>150.7</ele>
        <time>2025-07-11T06:57:41Z</time>
      </trkpt>
      <trkpt lat="47.94041167" lon="20.83117">
        <ele>150.9</ele>
        <time>2025-07-11T06:57:42Z</time>
      </trkpt>
      <trkpt lat="47.940135" lon="20.83099333">
        <ele>153.4</ele>
        <time>2025-07-11T06:57:43Z</time>
      </trkpt>
      <trkpt lat="47.93986167" lon="20.83081333">
        <ele>153.3</ele>
        <time>2025-07-11T06:57:44Z</time>
      </trkpt>
      <trkpt lat="47.93959667" lon="20.83060833">
        <ele>154.2</ele>
        <time>2025-07-11T06:57:45Z</time>
      </trkpt>
      <trkpt lat="47.93933333" lon="20.83039167">
        <ele>155.6</ele>
        <time>2025-07-11T06:57:46Z</time>
      </trkpt>
      <trkpt lat="47.93908167" lon="20.83018833">
        <ele>154.3</ele>
        <time>2025-07-11T06:57:47Z</time>
      </trkpt>
      <trkpt lat="47.93882833" lon="20.82997833">
        <ele>151.6</ele>
        <time>2025-07-11T06:57:48Z</time>
      </trkpt>
      <trkpt lat="47.93857833" lon="20.82974167">
        <ele>151.1</ele>
        <time>2025-07-11T06:57:49Z</time>
      </trkpt>
      <trkpt lat="47.938325" lon="20.829505">
        <ele>151.2</ele>
        <time>2025-07-11T06:57:50Z</time>
      </trkpt>
      <trkpt lat="47.93806667" lon="20.82926333">
        <ele>151.9</ele>
        <time>2025-07-11T06:57:51Z</time>
      </trkpt>
      <trkpt lat="47.93780333" lon="20.82902667">
        <ele>151.4</ele>
        <time>2025-07-11T06:57:52Z</time>
      </trkpt>
      <trkpt lat="47.93753667" lon="20.82879333">
        <ele>150.5</ele>
        <time>2025-07-11T06:57:53Z</time>
      </trkpt>
      <trkpt lat="47.93727333" lon="20.82856333">
        <ele>150.7</ele>
        <time>2025-07-11T06:57:54Z</time>
      </trkpt>
      <trkpt lat="47.93701" lon="20.82832833">
        <ele>149.7</ele>
        <time>2025-07-11T06:57:55Z</time>
      </trkpt>
      <trkpt lat="47.93675333" lon="20.82810333">
        <ele>149.8</ele>
        <time>2025-07-11T06:57:56Z</time>
      </trkpt>
      <trkpt lat="47.936495" lon="20.82788">
        <ele>150</ele>
        <time>2025-07-11T06:57:57Z</time>
      </trkpt>
      <trkpt lat="47.93624333" lon="20.82765">
        <ele>149.2</ele>
        <time>2025-07-11T06:57:58Z</time>
      </trkpt>
      <trkpt lat="47.93598167" lon="20.827425">
        <ele>148.7</ele>
        <time>2025-07-11T06:57:59Z</time>
      </trkpt>
      <trkpt lat="47.93573" lon="20.82720333">
        <ele>146.9</ele>
        <time>2025-07-11T06:58:00Z</time>
      </trkpt>
      <trkpt lat="47.93547833" lon="20.82698">
        <ele>147.2</ele>
        <time>2025-07-11T06:58:01Z</time>
      </trkpt>
      <trkpt lat="47.93523" lon="20.82676">
        <ele>143.9</ele>
        <time>2025-07-11T06:58:02Z</time>
      </trkpt>
      <trkpt lat="47.93497833" lon="20.82652833">
        <ele>144.4</ele>
        <time>2025-07-11T06:58:03Z</time>
      </trkpt>
      <trkpt lat="47.934725" lon="20.82630667">
        <ele>144.7</ele>
        <time>2025-07-11T06:58:04Z</time>
      </trkpt>
      <trkpt lat="47.93447" lon="20.826085">
        <ele>144.4</ele>
        <time>2025-07-11T06:58:05Z</time>
      </trkpt>
      <trkpt lat="47.93420833" lon="20.82586167">
        <ele>143.7</ele>
        <time>2025-07-11T06:58:06Z</time>
      </trkpt>
      <trkpt lat="47.93393833" lon="20.825615">
        <ele>144</ele>
        <time>2025-07-11T06:58:07Z</time>
      </trkpt>
      <trkpt lat="47.93367833" lon="20.82537833">
        <ele>141.6</ele>
        <time>2025-07-11T06:58:08Z</time>
      </trkpt>
      <trkpt lat="47.933415" lon="20.825145">
        <ele>140.2</ele>
        <time>2025-07-11T06:58:09Z</time>
      </trkpt>
      <trkpt lat="47.93315" lon="20.82492667">
        <ele>139.6</ele>
        <time>2025-07-11T06:58:10Z</time>
      </trkpt>
      <trkpt lat="47.93288833" lon="20.82470167">
        <ele>138.9</ele>
        <time>2025-07-11T06:58:11Z</time>
      </trkpt>
      <trkpt lat="47.93264" lon="20.82446">
        <ele>138.6</ele>
        <time>2025-07-11T06:58:12Z</time>
      </trkpt>
      <trkpt lat="47.93238167" lon="20.82424">
        <ele>138.3</ele>
        <time>2025-07-11T06:58:13Z</time>
      </trkpt>
      <trkpt lat="47.93213167" lon="20.82400333">
        <ele>139.5</ele>
        <time>2025-07-11T06:58:14Z</time>
      </trkpt>
      <trkpt lat="47.93187667" lon="20.82376833">
        <ele>141.1</ele>
        <time>2025-07-11T06:58:15Z</time>
      </trkpt>
      <trkpt lat="47.93161667" lon="20.82354333">
        <ele>142.2</ele>
        <time>2025-07-11T06:58:16Z</time>
      </trkpt>
      <trkpt lat="47.93136167" lon="20.82330833">
        <ele>143.5</ele>
        <time>2025-07-11T06:58:17Z</time>
      </trkpt>
      <trkpt lat="47.93110167" lon="20.82306667">
        <ele>144.5</ele>
        <time>2025-07-11T06:58:18Z</time>
      </trkpt>
      <trkpt lat="47.93084667" lon="20.82283667">
        <ele>145.5</ele>
        <time>2025-07-11T06:58:19Z</time>
      </trkpt>
      <trkpt lat="47.93059167" lon="20.822605">
        <ele>145.9</ele>
        <time>2025-07-11T06:58:20Z</time>
      </trkpt>
      <trkpt lat="47.93033333" lon="20.822375">
        <ele>146.5</ele>
        <time>2025-07-11T06:58:21Z</time>
      </trkpt>
      <trkpt lat="47.93007667" lon="20.822145">
        <ele>146.9</ele>
        <time>2025-07-11T06:58:22Z</time>
      </trkpt>
      <trkpt lat="47.92982167" lon="20.82192">
        <ele>148.3</ele>
        <time>2025-07-11T06:58:23Z</time>
      </trkpt>
      <trkpt lat="47.92956833" lon="20.82168667">
        <ele>151.1</ele>
        <time>2025-07-11T06:58:24Z</time>
      </trkpt>
      <trkpt lat="47.92931333" lon="20.82146">
        <ele>151</ele>
        <time>2025-07-11T06:58:25Z</time>
      </trkpt>
      <trkpt lat="47.92906" lon="20.82122667">
        <ele>151.3</ele>
        <time>2025-07-11T06:58:26Z</time>
      </trkpt>
      <trkpt lat="47.928805" lon="20.82099667">
        <ele>151.6</ele>
        <time>2025-07-11T06:58:27Z</time>
      </trkpt>
      <trkpt lat="47.92854667" lon="20.82076333">
        <ele>152.5</ele>
        <time>2025-07-11T06:58:28Z</time>
      </trkpt>
      <trkpt lat="47.928285" lon="20.82053667">
        <ele>153</ele>
        <time>2025-07-11T06:58:29Z</time>
      </trkpt>
      <trkpt lat="47.92802833" lon="20.820305">
        <ele>152.9</ele>
        <time>2025-07-11T06:58:30Z</time>
      </trkpt>
      <trkpt lat="47.92777333" lon="20.82007667">
        <ele>152.3</ele>
        <time>2025-07-11T06:58:31Z</time>
      </trkpt>
      <trkpt lat="47.92751667" lon="20.81984833">
        <ele>152</ele>
        <time>2025-07-11T06:58:32Z</time>
      </trkpt>
      <trkpt lat="47.927265" lon="20.81961833">
        <ele>151</ele>
        <time>2025-07-11T06:58:33Z</time>
      </trkpt>
      <trkpt lat="47.92700833" lon="20.81939167">
        <ele>149.7</ele>
        <time>2025-07-11T06:58:34Z</time>
      </trkpt>
      <trkpt lat="47.92675667" lon="20.81916333">
        <ele>149.9</ele>
        <time>2025-07-11T06:58:35Z</time>
      </trkpt>
      <trkpt lat="47.92649833" lon="20.81893333">
        <ele>149.9</ele>
        <time>2025-07-11T06:58:36Z</time>
      </trkpt>
      <trkpt lat="47.926245" lon="20.81869333">
        <ele>150.2</ele>
        <time>2025-07-11T06:58:37Z</time>
      </trkpt>
      <trkpt lat="47.92599167" lon="20.81846">
        <ele>150.3</ele>
        <time>2025-07-11T06:58:38Z</time>
      </trkpt>
      <trkpt lat="47.92574" lon="20.81822333">
        <ele>150.6</ele>
        <time>2025-07-11T06:58:39Z</time>
      </trkpt>
      <trkpt lat="47.92548833" lon="20.81799833">
        <ele>150.8</ele>
        <time>2025-07-11T06:58:40Z</time>
      </trkpt>
      <trkpt lat="47.92522667" lon="20.817765">
        <ele>150.2</ele>
        <time>2025-07-11T06:58:41Z</time>
      </trkpt>
      <trkpt lat="47.92495833" lon="20.81752833">
        <ele>153</ele>
        <time>2025-07-11T06:58:42Z</time>
      </trkpt>
      <trkpt lat="47.92469833" lon="20.81729333">
        <ele>152</ele>
        <time>2025-07-11T06:58:43Z</time>
      </trkpt>
      <trkpt lat="47.92443667" lon="20.817065">
        <ele>151.4</ele>
        <time>2025-07-11T06:58:44Z</time>
      </trkpt>
      <trkpt lat="47.92418" lon="20.81682667">
        <ele>150.3</ele>
        <time>2025-07-11T06:58:45Z</time>
      </trkpt>
      <trkpt lat="47.923925" lon="20.816585">
        <ele>149.8</ele>
        <time>2025-07-11T06:58:46Z</time>
      </trkpt>
      <trkpt lat="47.92367333" lon="20.81636">
        <ele>147.6</ele>
        <time>2025-07-11T06:58:47Z</time>
      </trkpt>
      <trkpt lat="47.92341833" lon="20.81613667">
        <ele>147.5</ele>
        <time>2025-07-11T06:58:48Z</time>
      </trkpt>
      <trkpt lat="47.92316" lon="20.81590833">
        <ele>146.6</ele>
        <time>2025-07-11T06:58:49Z</time>
      </trkpt>
      <trkpt lat="47.92290333" lon="20.81568">
        <ele>148.5</ele>
        <time>2025-07-11T06:58:50Z</time>
      </trkpt>
      <trkpt lat="47.922645" lon="20.81545">
        <ele>148.6</ele>
        <time>2025-07-11T06:58:51Z</time>
      </trkpt>
      <trkpt lat="47.922385" lon="20.81522">
        <ele>148.5</ele>
        <time>2025-07-11T06:58:52Z</time>
      </trkpt>
      <trkpt lat="47.922125" lon="20.81498833">
        <ele>148.8</ele>
        <time>2025-07-11T06:58:53Z</time>
      </trkpt>
      <trkpt lat="47.92186833" lon="20.81476333">
        <ele>148.6</ele>
        <time>2025-07-11T06:58:54Z</time>
      </trkpt>
      <trkpt lat="47.921605" lon="20.81452667">
        <ele>149.1</ele>
        <time>2025-07-11T06:58:55Z</time>
      </trkpt>
      <trkpt lat="47.92134667" lon="20.8143">
        <ele>148.2</ele>
        <time>2025-07-11T06:58:56Z</time>
      </trkpt>
      <trkpt lat="47.92109333" lon="20.81407167">
        <ele>149.6</ele>
        <time>2025-07-11T06:58:57Z</time>
      </trkpt>
      <trkpt lat="47.92084" lon="20.81384333">
        <ele>149.9</ele>
        <time>2025-07-11T06:58:58Z</time>
      </trkpt>
      <trkpt lat="47.92057833" lon="20.81361">
        <ele>151.2</ele>
        <time>2025-07-11T06:58:59Z</time>
      </trkpt>
      <trkpt lat="47.92032167" lon="20.81337667">
        <ele>151.6</ele>
        <time>2025-07-11T06:59:00Z</time>
      </trkpt>
      <trkpt lat="47.920065" lon="20.81314">
        <ele>152</ele>
        <time>2025-07-11T06:59:01Z</time>
      </trkpt>
      <trkpt lat="47.91980833" lon="20.81290833">
        <ele>152.5</ele>
        <time>2025-07-11T06:59:02Z</time>
      </trkpt>
      <trkpt lat="47.91955167" lon="20.81268333">
        <ele>152.5</ele>
        <time>2025-07-11T06:59:03Z</time>
      </trkpt>
      <trkpt lat="47.91929333" lon="20.81245333">
        <ele>151.3</ele>
        <time>2025-07-11T06:59:04Z</time>
      </trkpt>
      <trkpt lat="47.919035" lon="20.81223167">
        <ele>151.3</ele>
        <time>2025-07-11T06:59:05Z</time>
      </trkpt>
      <trkpt lat="47.91878" lon="20.81200333">
        <ele>151.5</ele>
        <time>2025-07-11T06:59:06Z</time>
      </trkpt>
      <trkpt lat="47.91852667" lon="20.81177167">
        <ele>153</ele>
        <time>2025-07-11T06:59:07Z</time>
      </trkpt>
      <trkpt lat="47.91827" lon="20.81153833">
        <ele>154.1</ele>
        <time>2025-07-11T06:59:08Z</time>
      </trkpt>
      <trkpt lat="47.91802" lon="20.81130667">
        <ele>153.8</ele>
        <time>2025-07-11T06:59:09Z</time>
      </trkpt>
      <trkpt lat="47.91775833" lon="20.81107833">
        <ele>151.6</ele>
        <time>2025-07-11T06:59:10Z</time>
      </trkpt>
      <trkpt lat="47.91749333" lon="20.81084833">
        <ele>150.1</ele>
        <time>2025-07-11T06:59:11Z</time>
      </trkpt>
      <trkpt lat="47.91723333" lon="20.81062167">
        <ele>149.6</ele>
        <time>2025-07-11T06:59:12Z</time>
      </trkpt>
      <trkpt lat="47.916975" lon="20.81038833">
        <ele>148.9</ele>
        <time>2025-07-11T06:59:13Z</time>
      </trkpt>
      <trkpt lat="47.91672" lon="20.81016333">
        <ele>148.8</ele>
        <time>2025-07-11T06:59:14Z</time>
      </trkpt>
      <trkpt lat="47.916465" lon="20.80993667">
        <ele>148.6</ele>
        <time>2025-07-11T06:59:15Z</time>
      </trkpt>
      <trkpt lat="47.91621167" lon="20.80970667">
        <ele>148.6</ele>
        <time>2025-07-11T06:59:16Z</time>
      </trkpt>
      <trkpt lat="47.91595833" lon="20.80947667">
        <ele>148.3</ele>
        <time>2025-07-11T06:59:17Z</time>
      </trkpt>
      <trkpt lat="47.91569833" lon="20.80924667">
        <ele>148.3</ele>
        <time>2025-07-11T06:59:18Z</time>
      </trkpt>
      <trkpt lat="47.915425" lon="20.80901167">
        <ele>147.6</ele>
        <time>2025-07-11T06:59:19Z</time>
      </trkpt>
      <trkpt lat="47.915165" lon="20.80878167">
        <ele>148.4</ele>
        <time>2025-07-11T06:59:20Z</time>
      </trkpt>
      <trkpt lat="47.91491167" lon="20.808555">
        <ele>147.6</ele>
        <time>2025-07-11T06:59:21Z</time>
      </trkpt>
      <trkpt lat="47.914665" lon="20.80833333">
        <ele>147.8</ele>
        <time>2025-07-11T06:59:22Z</time>
      </trkpt>
      <trkpt lat="47.91440833" lon="20.80810833">
        <ele>147.6</ele>
        <time>2025-07-11T06:59:23Z</time>
      </trkpt>
      <trkpt lat="47.914155" lon="20.80787833">
        <ele>149.9</ele>
        <time>2025-07-11T06:59:24Z</time>
      </trkpt>
      <trkpt lat="47.91390167" lon="20.80764667">
        <ele>151.3</ele>
        <time>2025-07-11T06:59:25Z</time>
      </trkpt>
      <trkpt lat="47.91364667" lon="20.80741">
        <ele>151.3</ele>
        <time>2025-07-11T06:59:26Z</time>
      </trkpt>
      <trkpt lat="47.913385" lon="20.80718167">
        <ele>151.2</ele>
        <time>2025-07-11T06:59:27Z</time>
      </trkpt>
      <trkpt lat="47.91313" lon="20.80695333">
        <ele>151.2</ele>
        <time>2025-07-11T06:59:28Z</time>
      </trkpt>
      <trkpt lat="47.912875" lon="20.806725">
        <ele>151.1</ele>
        <time>2025-07-11T06:59:29Z</time>
      </trkpt>
      <trkpt lat="47.91262167" lon="20.80649167">
        <ele>150.9</ele>
        <time>2025-07-11T06:59:30Z</time>
      </trkpt>
      <trkpt lat="47.91237167" lon="20.80625">
        <ele>151.3</ele>
        <time>2025-07-11T06:59:31Z</time>
      </trkpt>
      <trkpt lat="47.91212667" lon="20.806">
        <ele>154.2</ele>
        <time>2025-07-11T06:59:32Z</time>
      </trkpt>
      <trkpt lat="47.911875" lon="20.80574833">
        <ele>154.5</ele>
        <time>2025-07-11T06:59:33Z</time>
      </trkpt>
      <trkpt lat="47.91163667" lon="20.80548667">
        <ele>155.9</ele>
        <time>2025-07-11T06:59:34Z</time>
      </trkpt>
      <trkpt lat="47.911395" lon="20.80522167">
        <ele>156.6</ele>
        <time>2025-07-11T06:59:35Z</time>
      </trkpt>
      <trkpt lat="47.91116167" lon="20.80495">
        <ele>157.2</ele>
        <time>2025-07-11T06:59:36Z</time>
      </trkpt>
      <trkpt lat="47.910925" lon="20.80467333">
        <ele>153.6</ele>
        <time>2025-07-11T06:59:37Z</time>
      </trkpt>
      <trkpt lat="47.910705" lon="20.80437833">
        <ele>153.8</ele>
        <time>2025-07-11T06:59:38Z</time>
      </trkpt>
      <trkpt lat="47.910475" lon="20.80407167">
        <ele>153.7</ele>
        <time>2025-07-11T06:59:39Z</time>
      </trkpt>
      <trkpt lat="47.910255" lon="20.80377333">
        <ele>149</ele>
        <time>2025-07-11T06:59:40Z</time>
      </trkpt>
      <trkpt lat="47.91003833" lon="20.80345333">
        <ele>150.6</ele>
        <time>2025-07-11T06:59:41Z</time>
      </trkpt>
      <trkpt lat="47.90983167" lon="20.80313333">
        <ele>151.1</ele>
        <time>2025-07-11T06:59:42Z</time>
      </trkpt>
      <trkpt lat="47.90963333" lon="20.80281167">
        <ele>150.2</ele>
        <time>2025-07-11T06:59:43Z</time>
      </trkpt>
      <trkpt lat="47.90943833" lon="20.80248167">
        <ele>151.1</ele>
        <time>2025-07-11T06:59:44Z</time>
      </trkpt>
      <trkpt lat="47.90924667" lon="20.80214833">
        <ele>151.4</ele>
        <time>2025-07-11T06:59:45Z</time>
      </trkpt>
      <trkpt lat="47.90905333" lon="20.801815">
        <ele>152.6</ele>
        <time>2025-07-11T06:59:46Z</time>
      </trkpt>
      <trkpt lat="47.90887667" lon="20.80146667">
        <ele>154.2</ele>
        <time>2025-07-11T06:59:47Z</time>
      </trkpt>
      <trkpt lat="47.90869167" lon="20.80111833">
        <ele>152</ele>
        <time>2025-07-11T06:59:48Z</time>
      </trkpt>
      <trkpt lat="47.90851" lon="20.80076667">
        <ele>151.5</ele>
        <time>2025-07-11T06:59:49Z</time>
      </trkpt>
      <trkpt lat="47.90834" lon="20.80039833">
        <ele>150.8</ele>
        <time>2025-07-11T06:59:50Z</time>
      </trkpt>
      <trkpt lat="47.90816667" lon="20.800035">
        <ele>150.2</ele>
        <time>2025-07-11T06:59:51Z</time>
      </trkpt>
      <trkpt lat="47.90799333" lon="20.79967333">
        <ele>149.9</ele>
        <time>2025-07-11T06:59:52Z</time>
      </trkpt>
      <trkpt lat="47.90781333" lon="20.79930833">
        <ele>149.6</ele>
        <time>2025-07-11T06:59:53Z</time>
      </trkpt>
      <trkpt lat="47.90764" lon="20.79894167">
        <ele>149.9</ele>
        <time>2025-07-11T06:59:54Z</time>
      </trkpt>
      <trkpt lat="47.90747" lon="20.79857667">
        <ele>149.4</ele>
        <time>2025-07-11T06:59:55Z</time>
      </trkpt>
      <trkpt lat="47.90729333" lon="20.79820333">
        <ele>149.9</ele>
        <time>2025-07-11T06:59:56Z</time>
      </trkpt>
      <trkpt lat="47.90712167" lon="20.79784833">
        <ele>149.8</ele>
        <time>2025-07-11T06:59:57Z</time>
      </trkpt>
      <trkpt lat="47.90695333" lon="20.79749">
        <ele>150.8</ele>
        <time>2025-07-11T06:59:58Z</time>
      </trkpt>
      <trkpt lat="47.90678333" lon="20.797135">
        <ele>151.3</ele>
        <time>2025-07-11T06:59:59Z</time>
      </trkpt>
      <trkpt lat="47.90661" lon="20.79677">
        <ele>150.5</ele>
        <time>2025-07-11T07:00:00Z</time>
      </trkpt>
      <trkpt lat="47.90644" lon="20.79641667">
        <ele>150.9</ele>
        <time>2025-07-11T07:00:01Z</time>
      </trkpt>
      <trkpt lat="47.90627" lon="20.79605833">
        <ele>149.9</ele>
        <time>2025-07-11T07:00:02Z</time>
      </trkpt>
      <trkpt lat="47.90609667" lon="20.79570167">
        <ele>148.7</ele>
        <time>2025-07-11T07:00:03Z</time>
      </trkpt>
      <trkpt lat="47.90592" lon="20.79533333">
        <ele>146.9</ele>
        <time>2025-07-11T07:00:04Z</time>
      </trkpt>
      <trkpt lat="47.90575333" lon="20.79498333">
        <ele>145.8</ele>
        <time>2025-07-11T07:00:05Z</time>
      </trkpt>
      <trkpt lat="47.90558167" lon="20.79463667">
        <ele>146.4</ele>
        <time>2025-07-11T07:00:06Z</time>
      </trkpt>
      <trkpt lat="47.90540833" lon="20.79427">
        <ele>146.1</ele>
        <time>2025-07-11T07:00:07Z</time>
      </trkpt>
      <trkpt lat="47.90523833" lon="20.79390333">
        <ele>147</ele>
        <time>2025-07-11T07:00:08Z</time>
      </trkpt>
      <trkpt lat="47.905055" lon="20.79354333">
        <ele>147.7</ele>
        <time>2025-07-11T07:00:09Z</time>
      </trkpt>
      <trkpt lat="47.90487667" lon="20.79316833">
        <ele>147.9</ele>
        <time>2025-07-11T07:00:10Z</time>
      </trkpt>
      <trkpt lat="47.90469333" lon="20.7928">
        <ele>148.7</ele>
        <time>2025-07-11T07:00:11Z</time>
      </trkpt>
      <trkpt lat="47.90451" lon="20.79243667">
        <ele>151.6</ele>
        <time>2025-07-11T07:00:12Z</time>
      </trkpt>
      <trkpt lat="47.904335" lon="20.79207833">
        <ele>151.9</ele>
        <time>2025-07-11T07:00:13Z</time>
      </trkpt>
      <trkpt lat="47.90416333" lon="20.79171167">
        <ele>153</ele>
        <time>2025-07-11T07:00:14Z</time>
      </trkpt>
      <trkpt lat="47.90399167" lon="20.79135333">
        <ele>153.9</ele>
        <time>2025-07-11T07:00:15Z</time>
      </trkpt>
      <trkpt lat="47.90381333" lon="20.79099">
        <ele>155.8</ele>
        <time>2025-07-11T07:00:16Z</time>
      </trkpt>
      <trkpt lat="47.90363833" lon="20.79061667">
        <ele>157.8</ele>
        <time>2025-07-11T07:00:17Z</time>
      </trkpt>
      <trkpt lat="47.90346" lon="20.79026">
        <ele>156.7</ele>
        <time>2025-07-11T07:00:18Z</time>
      </trkpt>
      <trkpt lat="47.90329167" lon="20.78989833">
        <ele>157.5</ele>
        <time>2025-07-11T07:00:19Z</time>
      </trkpt>
      <trkpt lat="47.90311833" lon="20.78953167">
        <ele>157.5</ele>
        <time>2025-07-11T07:00:20Z</time>
      </trkpt>
      <trkpt lat="47.90294333" lon="20.789165">
        <ele>157.2</ele>
        <time>2025-07-11T07:00:21Z</time>
      </trkpt>
      <trkpt lat="47.90276333" lon="20.78881333">
        <ele>154.3</ele>
        <time>2025-07-11T07:00:22Z</time>
      </trkpt>
      <trkpt lat="47.90259667" lon="20.788465">
        <ele>153.1</ele>
        <time>2025-07-11T07:00:23Z</time>
      </trkpt>
      <trkpt lat="47.90243167" lon="20.78810167">
        <ele>150.9</ele>
        <time>2025-07-11T07:00:24Z</time>
      </trkpt>
      <trkpt lat="47.90226333" lon="20.78773667">
        <ele>151.7</ele>
        <time>2025-07-11T07:00:25Z</time>
      </trkpt>
      <trkpt lat="47.90208667" lon="20.787375">
        <ele>153.8</ele>
        <time>2025-07-11T07:00:26Z</time>
      </trkpt>
      <trkpt lat="47.90191333" lon="20.78702333">
        <ele>154.2</ele>
        <time>2025-07-11T07:00:27Z</time>
      </trkpt>
      <trkpt lat="47.90174333" lon="20.786675">
        <ele>153.3</ele>
        <time>2025-07-11T07:00:28Z</time>
      </trkpt>
      <trkpt lat="47.901565" lon="20.78631333">
        <ele>153.9</ele>
        <time>2025-07-11T07:00:29Z</time>
      </trkpt>
      <trkpt lat="47.90138833" lon="20.78594667">
        <ele>155.3</ele>
        <time>2025-07-11T07:00:30Z</time>
      </trkpt>
      <trkpt lat="47.901205" lon="20.78558167">
        <ele>155.7</ele>
        <time>2025-07-11T07:00:31Z</time>
      </trkpt>
      <trkpt lat="47.90103167" lon="20.78521667">
        <ele>156.1</ele>
        <time>2025-07-11T07:00:32Z</time>
      </trkpt>
      <trkpt lat="47.90085667" lon="20.78485">
        <ele>156.4</ele>
        <time>2025-07-11T07:00:33Z</time>
      </trkpt>
      <trkpt lat="47.90068167" lon="20.784495">
        <ele>156.6</ele>
        <time>2025-07-11T07:00:34Z</time>
      </trkpt>
      <trkpt lat="47.90051167" lon="20.78413">
        <ele>156.8</ele>
        <time>2025-07-11T07:00:35Z</time>
      </trkpt>
      <trkpt lat="47.90033167" lon="20.783765">
        <ele>157</ele>
        <time>2025-07-11T07:00:36Z</time>
      </trkpt>
      <trkpt lat="47.90016333" lon="20.7834">
        <ele>157.1</ele>
        <time>2025-07-11T07:00:37Z</time>
      </trkpt>
      <trkpt lat="47.89999333" lon="20.78304">
        <ele>157.6</ele>
        <time>2025-07-11T07:00:38Z</time>
      </trkpt>
      <trkpt lat="47.89981667" lon="20.78267833">
        <ele>158</ele>
        <time>2025-07-11T07:00:39Z</time>
      </trkpt>
      <trkpt lat="47.89964333" lon="20.78232333">
        <ele>156.5</ele>
        <time>2025-07-11T07:00:40Z</time>
      </trkpt>
      <trkpt lat="47.89946667" lon="20.78197167">
        <ele>156.4</ele>
        <time>2025-07-11T07:00:41Z</time>
      </trkpt>
      <trkpt lat="47.89929167" lon="20.78161">
        <ele>155.1</ele>
        <time>2025-07-11T07:00:42Z</time>
      </trkpt>
      <trkpt lat="47.89911833" lon="20.78124833">
        <ele>154.9</ele>
        <time>2025-07-11T07:00:43Z</time>
      </trkpt>
      <trkpt lat="47.89894833" lon="20.78088333">
        <ele>155</ele>
        <time>2025-07-11T07:00:44Z</time>
      </trkpt>
      <trkpt lat="47.89878167" lon="20.78052167">
        <ele>154.8</ele>
        <time>2025-07-11T07:00:45Z</time>
      </trkpt>
      <trkpt lat="47.89860833" lon="20.78015833">
        <ele>154.7</ele>
        <time>2025-07-11T07:00:46Z</time>
      </trkpt>
      <trkpt lat="47.89842833" lon="20.7798">
        <ele>154.8</ele>
        <time>2025-07-11T07:00:47Z</time>
      </trkpt>
      <trkpt lat="47.89825833" lon="20.77943833">
        <ele>154.8</ele>
        <time>2025-07-11T07:00:48Z</time>
      </trkpt>
      <trkpt lat="47.89808" lon="20.77909">
        <ele>153.7</ele>
        <time>2025-07-11T07:00:49Z</time>
      </trkpt>
      <trkpt lat="47.897905" lon="20.778715">
        <ele>152.9</ele>
        <time>2025-07-11T07:00:50Z</time>
      </trkpt>
      <trkpt lat="47.89773" lon="20.77834667">
        <ele>152</ele>
        <time>2025-07-11T07:00:51Z</time>
      </trkpt>
      <trkpt lat="47.89755167" lon="20.777975">
        <ele>152.4</ele>
        <time>2025-07-11T07:00:52Z</time>
      </trkpt>
      <trkpt lat="47.89737833" lon="20.77762">
        <ele>155</ele>
        <time>2025-07-11T07:00:53Z</time>
      </trkpt>
      <trkpt lat="47.89720333" lon="20.77726333">
        <ele>157.3</ele>
        <time>2025-07-11T07:00:54Z</time>
      </trkpt>
      <trkpt lat="47.89702333" lon="20.77689833">
        <ele>158.2</ele>
        <time>2025-07-11T07:00:55Z</time>
      </trkpt>
      <trkpt lat="47.896845" lon="20.77654667">
        <ele>157.1</ele>
        <time>2025-07-11T07:00:56Z</time>
      </trkpt>
      <trkpt lat="47.89666333" lon="20.77619167">
        <ele>157.3</ele>
        <time>2025-07-11T07:00:57Z</time>
      </trkpt>
      <trkpt lat="47.89649333" lon="20.77582667">
        <ele>156.4</ele>
        <time>2025-07-11T07:00:58Z</time>
      </trkpt>
      <trkpt lat="47.89632" lon="20.77545333">
        <ele>158.1</ele>
        <time>2025-07-11T07:00:59Z</time>
      </trkpt>
      <trkpt lat="47.89614833" lon="20.77509167">
        <ele>160.3</ele>
        <time>2025-07-11T07:01:00Z</time>
      </trkpt>
      <trkpt lat="47.89597167" lon="20.77473">
        <ele>163.5</ele>
        <time>2025-07-11T07:01:01Z</time>
      </trkpt>
      <trkpt lat="47.89579167" lon="20.77437167">
        <ele>165.4</ele>
        <time>2025-07-11T07:01:02Z</time>
      </trkpt>
      <trkpt lat="47.89561667" lon="20.77399833">
        <ele>167.4</ele>
        <time>2025-07-11T07:01:03Z</time>
      </trkpt>
      <trkpt lat="47.89544167" lon="20.773625">
        <ele>168.6</ele>
        <time>2025-07-11T07:01:04Z</time>
      </trkpt>
      <trkpt lat="47.89525833" lon="20.77326167">
        <ele>168.9</ele>
        <time>2025-07-11T07:01:05Z</time>
      </trkpt>
      <trkpt lat="47.895085" lon="20.77288833">
        <ele>170.2</ele>
        <time>2025-07-11T07:01:06Z</time>
      </trkpt>
      <trkpt lat="47.89491333" lon="20.77251667">
        <ele>171.3</ele>
        <time>2025-07-11T07:01:07Z</time>
      </trkpt>
      <trkpt lat="47.89474" lon="20.77214667">
        <ele>172.3</ele>
        <time>2025-07-11T07:01:08Z</time>
      </trkpt>
      <trkpt lat="47.89456833" lon="20.771785">
        <ele>169.7</ele>
        <time>2025-07-11T07:01:09Z</time>
      </trkpt>
      <trkpt lat="47.89439667" lon="20.77143167">
        <ele>167.9</ele>
        <time>2025-07-11T07:01:10Z</time>
      </trkpt>
      <trkpt lat="47.89421833" lon="20.77107167">
        <ele>168.1</ele>
        <time>2025-07-11T07:01:11Z</time>
      </trkpt>
      <trkpt lat="47.89404833" lon="20.77070667">
        <ele>166</ele>
        <time>2025-07-11T07:01:12Z</time>
      </trkpt>
      <trkpt lat="47.893865" lon="20.77033333">
        <ele>161</ele>
        <time>2025-07-11T07:01:13Z</time>
      </trkpt>
      <trkpt lat="47.893685" lon="20.76995833">
        <ele>160.9</ele>
        <time>2025-07-11T07:01:14Z</time>
      </trkpt>
      <trkpt lat="47.89352167" lon="20.7696">
        <ele>161</ele>
        <time>2025-07-11T07:01:15Z</time>
      </trkpt>
      <trkpt lat="47.89335333" lon="20.76922833">
        <ele>160.9</ele>
        <time>2025-07-11T07:01:16Z</time>
      </trkpt>
      <trkpt lat="47.89318667" lon="20.76885167">
        <ele>160.3</ele>
        <time>2025-07-11T07:01:17Z</time>
      </trkpt>
      <trkpt lat="47.89302" lon="20.76849167">
        <ele>160.1</ele>
        <time>2025-07-11T07:01:18Z</time>
      </trkpt>
      <trkpt lat="47.89283833" lon="20.76812">
        <ele>158.4</ele>
        <time>2025-07-11T07:01:19Z</time>
      </trkpt>
      <trkpt lat="47.89265667" lon="20.76775333">
        <ele>158.1</ele>
        <time>2025-07-11T07:01:20Z</time>
      </trkpt>
      <trkpt lat="47.89248" lon="20.76738333">
        <ele>158.1</ele>
        <time>2025-07-11T07:01:21Z</time>
      </trkpt>
      <trkpt lat="47.89230167" lon="20.76702167">
        <ele>158.3</ele>
        <time>2025-07-11T07:01:22Z</time>
      </trkpt>
      <trkpt lat="47.89213167" lon="20.76666833">
        <ele>158.2</ele>
        <time>2025-07-11T07:01:23Z</time>
      </trkpt>
      <trkpt lat="47.89196333" lon="20.766315">
        <ele>157.7</ele>
        <time>2025-07-11T07:01:24Z</time>
      </trkpt>
      <trkpt lat="47.8918" lon="20.76595333">
        <ele>157</ele>
        <time>2025-07-11T07:01:25Z</time>
      </trkpt>
      <trkpt lat="47.89162833" lon="20.76558667">
        <ele>158.5</ele>
        <time>2025-07-11T07:01:26Z</time>
      </trkpt>
      <trkpt lat="47.89144833" lon="20.76520833">
        <ele>159.1</ele>
        <time>2025-07-11T07:01:27Z</time>
      </trkpt>
      <trkpt lat="47.89127" lon="20.76483833">
        <ele>159.2</ele>
        <time>2025-07-11T07:01:28Z</time>
      </trkpt>
      <trkpt lat="47.891095" lon="20.76447333">
        <ele>157.5</ele>
        <time>2025-07-11T07:01:29Z</time>
      </trkpt>
      <trkpt lat="47.89092167" lon="20.76410167">
        <ele>157.5</ele>
        <time>2025-07-11T07:01:30Z</time>
      </trkpt>
      <trkpt lat="47.89075" lon="20.76374167">
        <ele>157.8</ele>
        <time>2025-07-11T07:01:31Z</time>
      </trkpt>
      <trkpt lat="47.89057167" lon="20.76339333">
        <ele>158.6</ele>
        <time>2025-07-11T07:01:32Z</time>
      </trkpt>
      <trkpt lat="47.89038667" lon="20.763025">
        <ele>159.3</ele>
        <time>2025-07-11T07:01:33Z</time>
      </trkpt>
      <trkpt lat="47.8902" lon="20.762675">
        <ele>157.4</ele>
        <time>2025-07-11T07:01:34Z</time>
      </trkpt>
      <trkpt lat="47.89001" lon="20.76231167">
        <ele>157</ele>
        <time>2025-07-11T07:01:35Z</time>
      </trkpt>
      <trkpt lat="47.88983333" lon="20.76195333">
        <ele>156.7</ele>
        <time>2025-07-11T07:01:36Z</time>
      </trkpt>
      <trkpt lat="47.88966" lon="20.76159833">
        <ele>156.7</ele>
        <time>2025-07-11T07:01:37Z</time>
      </trkpt>
      <trkpt lat="47.88947667" lon="20.76123833">
        <ele>156.1</ele>
        <time>2025-07-11T07:01:38Z</time>
      </trkpt>
      <trkpt lat="47.88929833" lon="20.76086">
        <ele>158.2</ele>
        <time>2025-07-11T07:01:39Z</time>
      </trkpt>
      <trkpt lat="47.88912" lon="20.760495">
        <ele>159.7</ele>
        <time>2025-07-11T07:01:40Z</time>
      </trkpt>
      <trkpt lat="47.88894167" lon="20.76012667">
        <ele>159.8</ele>
        <time>2025-07-11T07:01:41Z</time>
      </trkpt>
      <trkpt lat="47.88876333" lon="20.75976833">
        <ele>159.5</ele>
        <time>2025-07-11T07:01:42Z</time>
      </trkpt>
      <trkpt lat="47.88859333" lon="20.75940167">
        <ele>158.8</ele>
        <time>2025-07-11T07:01:43Z</time>
      </trkpt>
      <trkpt lat="47.88842167" lon="20.75904667">
        <ele>157.8</ele>
        <time>2025-07-11T07:01:44Z</time>
      </trkpt>
      <trkpt lat="47.88825" lon="20.75868167">
        <ele>156.4</ele>
        <time>2025-07-11T07:01:45Z</time>
      </trkpt>
      <trkpt lat="47.88806833" lon="20.758315">
        <ele>155.3</ele>
        <time>2025-07-11T07:01:46Z</time>
      </trkpt>
      <trkpt lat="47.88788167" lon="20.75795833">
        <ele>152.9</ele>
        <time>2025-07-11T07:01:47Z</time>
      </trkpt>
      <trkpt lat="47.88771333" lon="20.75759667">
        <ele>152.7</ele>
        <time>2025-07-11T07:01:48Z</time>
      </trkpt>
      <trkpt lat="47.88754333" lon="20.75724667">
        <ele>153</ele>
        <time>2025-07-11T07:01:49Z</time>
      </trkpt>
      <trkpt lat="47.88736667" lon="20.75690333">
        <ele>152.3</ele>
        <time>2025-07-11T07:01:50Z</time>
      </trkpt>
      <trkpt lat="47.887195" lon="20.75653667">
        <ele>150.2</ele>
        <time>2025-07-11T07:01:51Z</time>
      </trkpt>
      <trkpt lat="47.88702333" lon="20.75617667">
        <ele>148.6</ele>
        <time>2025-07-11T07:01:52Z</time>
      </trkpt>
      <trkpt lat="47.886845" lon="20.755805">
        <ele>148.7</ele>
        <time>2025-07-11T07:01:53Z</time>
      </trkpt>
      <trkpt lat="47.88668167" lon="20.75544833">
        <ele>146.9</ele>
        <time>2025-07-11T07:01:54Z</time>
      </trkpt>
      <trkpt lat="47.88652167" lon="20.75509167">
        <ele>148.8</ele>
        <time>2025-07-11T07:01:55Z</time>
      </trkpt>
      <trkpt lat="47.88635167" lon="20.754735">
        <ele>147.2</ele>
        <time>2025-07-11T07:01:56Z</time>
      </trkpt>
      <trkpt lat="47.886165" lon="20.75437">
        <ele>144.8</ele>
        <time>2025-07-11T07:01:57Z</time>
      </trkpt>
      <trkpt lat="47.88599" lon="20.75401167">
        <ele>144.2</ele>
        <time>2025-07-11T07:01:58Z</time>
      </trkpt>
      <trkpt lat="47.88582833" lon="20.75364333">
        <ele>142.8</ele>
        <time>2025-07-11T07:01:59Z</time>
      </trkpt>
      <trkpt lat="47.88565833" lon="20.753275">
        <ele>143.3</ele>
        <time>2025-07-11T07:02:00Z</time>
      </trkpt>
      <trkpt lat="47.88548333" lon="20.752925">
        <ele>142.4</ele>
        <time>2025-07-11T07:02:01Z</time>
      </trkpt>
      <trkpt lat="47.885295" lon="20.75256333">
        <ele>144.6</ele>
        <time>2025-07-11T07:02:02Z</time>
      </trkpt>
      <trkpt lat="47.885125" lon="20.75219333">
        <ele>144.1</ele>
        <time>2025-07-11T07:02:03Z</time>
      </trkpt>
      <trkpt lat="47.88495167" lon="20.751835">
        <ele>144</ele>
        <time>2025-07-11T07:02:04Z</time>
      </trkpt>
      <trkpt lat="47.88478333" lon="20.751495">
        <ele>147.7</ele>
        <time>2025-07-11T07:02:05Z</time>
      </trkpt>
      <trkpt lat="47.88461167" lon="20.751145">
        <ele>150</ele>
        <time>2025-07-11T07:02:06Z</time>
      </trkpt>
      <trkpt lat="47.88443833" lon="20.75078333">
        <ele>151.4</ele>
        <time>2025-07-11T07:02:07Z</time>
      </trkpt>
      <trkpt lat="47.88426167" lon="20.750425">
        <ele>153.2</ele>
        <time>2025-07-11T07:02:08Z</time>
      </trkpt>
      <trkpt lat="47.88407833" lon="20.75006667">
        <ele>155</ele>
        <time>2025-07-11T07:02:09Z</time>
      </trkpt>
      <trkpt lat="47.8839" lon="20.74970833">
        <ele>156.3</ele>
        <time>2025-07-11T07:02:10Z</time>
      </trkpt>
      <trkpt lat="47.88372833" lon="20.74933833">
        <ele>157.9</ele>
        <time>2025-07-11T07:02:11Z</time>
      </trkpt>
      <trkpt lat="47.88355333" lon="20.748975">
        <ele>161.6</ele>
        <time>2025-07-11T07:02:12Z</time>
      </trkpt>
      <trkpt lat="47.88337667" lon="20.74862667">
        <ele>163.6</ele>
        <time>2025-07-11T07:02:13Z</time>
      </trkpt>
      <trkpt lat="47.88319167" lon="20.74826667">
        <ele>163.8</ele>
        <time>2025-07-11T07:02:14Z</time>
      </trkpt>
      <trkpt lat="47.88301833" lon="20.747895">
        <ele>163.9</ele>
        <time>2025-07-11T07:02:15Z</time>
      </trkpt>
      <trkpt lat="47.88284667" lon="20.74754167">
        <ele>163.4</ele>
        <time>2025-07-11T07:02:16Z</time>
      </trkpt>
      <trkpt lat="47.88267167" lon="20.747185">
        <ele>163.1</ele>
        <time>2025-07-11T07:02:17Z</time>
      </trkpt>
      <trkpt lat="47.88249833" lon="20.746825">
        <ele>161.2</ele>
        <time>2025-07-11T07:02:18Z</time>
      </trkpt>
      <trkpt lat="47.882325" lon="20.746465">
        <ele>161.5</ele>
        <time>2025-07-11T07:02:19Z</time>
      </trkpt>
      <trkpt lat="47.88215167" lon="20.74610333">
        <ele>161.5</ele>
        <time>2025-07-11T07:02:20Z</time>
      </trkpt>
      <trkpt lat="47.88198" lon="20.74573667">
        <ele>161.4</ele>
        <time>2025-07-11T07:02:21Z</time>
      </trkpt>
      <trkpt lat="47.88180833" lon="20.74537667">
        <ele>160.2</ele>
        <time>2025-07-11T07:02:22Z</time>
      </trkpt>
      <trkpt lat="47.881645" lon="20.74501167">
        <ele>157.5</ele>
        <time>2025-07-11T07:02:23Z</time>
      </trkpt>
      <trkpt lat="47.88146833" lon="20.74465333">
        <ele>156.9</ele>
        <time>2025-07-11T07:02:24Z</time>
      </trkpt>
      <trkpt lat="47.8813" lon="20.74429833">
        <ele>156.4</ele>
        <time>2025-07-11T07:02:25Z</time>
      </trkpt>
      <trkpt lat="47.881125" lon="20.74394333">
        <ele>154.3</ele>
        <time>2025-07-11T07:02:26Z</time>
      </trkpt>
      <trkpt lat="47.880955" lon="20.74357833">
        <ele>154</ele>
        <time>2025-07-11T07:02:27Z</time>
      </trkpt>
      <trkpt lat="47.88077167" lon="20.74321">
        <ele>151</ele>
        <time>2025-07-11T07:02:28Z</time>
      </trkpt>
      <trkpt lat="47.88060333" lon="20.74285">
        <ele>150.4</ele>
        <time>2025-07-11T07:02:29Z</time>
      </trkpt>
      <trkpt lat="47.88043333" lon="20.74248833">
        <ele>150.1</ele>
        <time>2025-07-11T07:02:30Z</time>
      </trkpt>
      <trkpt lat="47.88025833" lon="20.742115">
        <ele>150</ele>
        <time>2025-07-11T07:02:31Z</time>
      </trkpt>
      <trkpt lat="47.88007667" lon="20.74174833">
        <ele>150.8</ele>
        <time>2025-07-11T07:02:32Z</time>
      </trkpt>
      <trkpt lat="47.87989333" lon="20.74138667">
        <ele>151.7</ele>
        <time>2025-07-11T07:02:33Z</time>
      </trkpt>
      <trkpt lat="47.87971333" lon="20.74103333">
        <ele>152.6</ele>
        <time>2025-07-11T07:02:34Z</time>
      </trkpt>
      <trkpt lat="47.87954" lon="20.74066667">
        <ele>152.9</ele>
        <time>2025-07-11T07:02:35Z</time>
      </trkpt>
      <trkpt lat="47.87936667" lon="20.740295">
        <ele>154</ele>
        <time>2025-07-11T07:02:36Z</time>
      </trkpt>
      <trkpt lat="47.879185" lon="20.73994667">
        <ele>153.5</ele>
        <time>2025-07-11T07:02:37Z</time>
      </trkpt>
      <trkpt lat="47.879015" lon="20.73958667">
        <ele>153.6</ele>
        <time>2025-07-11T07:02:38Z</time>
      </trkpt>
      <trkpt lat="47.87883" lon="20.73923333">
        <ele>152.7</ele>
        <time>2025-07-11T07:02:39Z</time>
      </trkpt>
      <trkpt lat="47.87865667" lon="20.73888">
        <ele>153.1</ele>
        <time>2025-07-11T07:02:40Z</time>
      </trkpt>
      <trkpt lat="47.87849" lon="20.73851667">
        <ele>153.9</ele>
        <time>2025-07-11T07:02:41Z</time>
      </trkpt>
      <trkpt lat="47.87832" lon="20.73815833">
        <ele>154.2</ele>
        <time>2025-07-11T07:02:42Z</time>
      </trkpt>
      <trkpt lat="47.87814333" lon="20.737795">
        <ele>153.1</ele>
        <time>2025-07-11T07:02:43Z</time>
      </trkpt>
      <trkpt lat="47.87796333" lon="20.737435">
        <ele>153.3</ele>
        <time>2025-07-11T07:02:44Z</time>
      </trkpt>
      <trkpt lat="47.87778667" lon="20.73707333">
        <ele>153.6</ele>
        <time>2025-07-11T07:02:45Z</time>
      </trkpt>
      <trkpt lat="47.87761833" lon="20.73672">
        <ele>153.7</ele>
        <time>2025-07-11T07:02:46Z</time>
      </trkpt>
      <trkpt lat="47.87743833" lon="20.73635667">
        <ele>153.3</ele>
        <time>2025-07-11T07:02:47Z</time>
      </trkpt>
      <trkpt lat="47.87726667" lon="20.73599833">
        <ele>153.1</ele>
        <time>2025-07-11T07:02:48Z</time>
      </trkpt>
      <trkpt lat="47.87709667" lon="20.73564333">
        <ele>153</ele>
        <time>2025-07-11T07:02:49Z</time>
      </trkpt>
      <trkpt lat="47.87691167" lon="20.73528667">
        <ele>153.5</ele>
        <time>2025-07-11T07:02:50Z</time>
      </trkpt>
      <trkpt lat="47.87673167" lon="20.73492833">
        <ele>154.8</ele>
        <time>2025-07-11T07:02:51Z</time>
      </trkpt>
      <trkpt lat="47.87655833" lon="20.734565">
        <ele>155.1</ele>
        <time>2025-07-11T07:02:52Z</time>
      </trkpt>
      <trkpt lat="47.87639167" lon="20.73420833">
        <ele>155</ele>
        <time>2025-07-11T07:02:53Z</time>
      </trkpt>
      <trkpt lat="47.87622" lon="20.73383333">
        <ele>156.5</ele>
        <time>2025-07-11T07:02:54Z</time>
      </trkpt>
      <trkpt lat="47.87604167" lon="20.73346333">
        <ele>156.5</ele>
        <time>2025-07-11T07:02:55Z</time>
      </trkpt>
      <trkpt lat="47.875865" lon="20.73310667">
        <ele>156.9</ele>
        <time>2025-07-11T07:02:56Z</time>
      </trkpt>
      <trkpt lat="47.875685" lon="20.73275">
        <ele>157.2</ele>
        <time>2025-07-11T07:02:57Z</time>
      </trkpt>
      <trkpt lat="47.87551167" lon="20.73238667">
        <ele>157.2</ele>
        <time>2025-07-11T07:02:58Z</time>
      </trkpt>
      <trkpt lat="47.87534333" lon="20.73203">
        <ele>157.4</ele>
        <time>2025-07-11T07:02:59Z</time>
      </trkpt>
      <trkpt lat="47.875175" lon="20.73167333">
        <ele>157.3</ele>
        <time>2025-07-11T07:03:00Z</time>
      </trkpt>
      <trkpt lat="47.87499667" lon="20.73131333">
        <ele>156.6</ele>
        <time>2025-07-11T07:03:01Z</time>
      </trkpt>
      <trkpt lat="47.87482" lon="20.73094667">
        <ele>155.4</ele>
        <time>2025-07-11T07:03:02Z</time>
      </trkpt>
      <trkpt lat="47.87464667" lon="20.73057333">
        <ele>155</ele>
        <time>2025-07-11T07:03:03Z</time>
      </trkpt>
      <trkpt lat="47.87446667" lon="20.730205">
        <ele>152.9</ele>
        <time>2025-07-11T07:03:04Z</time>
      </trkpt>
      <trkpt lat="47.874295" lon="20.72983167">
        <ele>152.5</ele>
        <time>2025-07-11T07:03:05Z</time>
      </trkpt>
      <trkpt lat="47.87411833" lon="20.729465">
        <ele>152.7</ele>
        <time>2025-07-11T07:03:06Z</time>
      </trkpt>
      <trkpt lat="47.87394667" lon="20.72910833">
        <ele>152.8</ele>
        <time>2025-07-11T07:03:07Z</time>
      </trkpt>
      <trkpt lat="47.87377167" lon="20.728755">
        <ele>154.3</ele>
        <time>2025-07-11T07:03:08Z</time>
      </trkpt>
      <trkpt lat="47.8736" lon="20.72839833">
        <ele>155.8</ele>
        <time>2025-07-11T07:03:09Z</time>
      </trkpt>
      <trkpt lat="47.873425" lon="20.72803333">
        <ele>155.9</ele>
        <time>2025-07-11T07:03:10Z</time>
      </trkpt>
      <trkpt lat="47.87324833" lon="20.72767333">
        <ele>156.1</ele>
        <time>2025-07-11T07:03:11Z</time>
      </trkpt>
      <trkpt lat="47.873075" lon="20.72732167">
        <ele>157.1</ele>
        <time>2025-07-11T07:03:12Z</time>
      </trkpt>
      <trkpt lat="47.872905" lon="20.72696167">
        <ele>157</ele>
        <time>2025-07-11T07:03:13Z</time>
      </trkpt>
      <trkpt lat="47.872735" lon="20.72659833">
        <ele>156.9</ele>
        <time>2025-07-11T07:03:14Z</time>
      </trkpt>
      <trkpt lat="47.87256" lon="20.72623667">
        <ele>156.9</ele>
        <time>2025-07-11T07:03:15Z</time>
      </trkpt>
      <trkpt lat="47.87239" lon="20.72588333">
        <ele>157.4</ele>
        <time>2025-07-11T07:03:16Z</time>
      </trkpt>
      <trkpt lat="47.872215" lon="20.72552667">
        <ele>157.5</ele>
        <time>2025-07-11T07:03:17Z</time>
      </trkpt>
      <trkpt lat="47.87204333" lon="20.72517167">
        <ele>157.6</ele>
        <time>2025-07-11T07:03:18Z</time>
      </trkpt>
      <trkpt lat="47.87187333" lon="20.72482167">
        <ele>157.5</ele>
        <time>2025-07-11T07:03:19Z</time>
      </trkpt>
      <trkpt lat="47.8717" lon="20.72446833">
        <ele>157.6</ele>
        <time>2025-07-11T07:03:20Z</time>
      </trkpt>
      <trkpt lat="47.87152833" lon="20.72411167">
        <ele>157.7</ele>
        <time>2025-07-11T07:03:21Z</time>
      </trkpt>
      <trkpt lat="47.87135667" lon="20.72374167">
        <ele>157.4</ele>
        <time>2025-07-11T07:03:22Z</time>
      </trkpt>
      <trkpt lat="47.871185" lon="20.72338167">
        <ele>155.9</ele>
        <time>2025-07-11T07:03:23Z</time>
      </trkpt>
      <trkpt lat="47.87101" lon="20.723015">
        <ele>155.8</ele>
        <time>2025-07-11T07:03:24Z</time>
      </trkpt>
      <trkpt lat="47.87083" lon="20.72265833">
        <ele>154.7</ele>
        <time>2025-07-11T07:03:25Z</time>
      </trkpt>
      <trkpt lat="47.87065" lon="20.722305">
        <ele>154.6</ele>
        <time>2025-07-11T07:03:26Z</time>
      </trkpt>
      <trkpt lat="47.87046833" lon="20.72195333">
        <ele>155.2</ele>
        <time>2025-07-11T07:03:27Z</time>
      </trkpt>
      <trkpt lat="47.87029167" lon="20.72160167">
        <ele>155.3</ele>
        <time>2025-07-11T07:03:28Z</time>
      </trkpt>
      <trkpt lat="47.87012667" lon="20.72124333">
        <ele>154.6</ele>
        <time>2025-07-11T07:03:29Z</time>
      </trkpt>
      <trkpt lat="47.869955" lon="20.72087167">
        <ele>155.4</ele>
        <time>2025-07-11T07:03:30Z</time>
      </trkpt>
      <trkpt lat="47.86978833" lon="20.72049667">
        <ele>157</ele>
        <time>2025-07-11T07:03:31Z</time>
      </trkpt>
      <trkpt lat="47.869615" lon="20.72012833">
        <ele>156.6</ele>
        <time>2025-07-11T07:03:32Z</time>
      </trkpt>
      <trkpt lat="47.86943" lon="20.719765">
        <ele>157</ele>
        <time>2025-07-11T07:03:33Z</time>
      </trkpt>
      <trkpt lat="47.86925667" lon="20.71940333">
        <ele>157.3</ele>
        <time>2025-07-11T07:03:34Z</time>
      </trkpt>
      <trkpt lat="47.86908333" lon="20.71903667">
        <ele>157</ele>
        <time>2025-07-11T07:03:35Z</time>
      </trkpt>
      <trkpt lat="47.86891" lon="20.71866667">
        <ele>156.9</ele>
        <time>2025-07-11T07:03:36Z</time>
      </trkpt>
      <trkpt lat="47.86874" lon="20.7183">
        <ele>156.7</ele>
        <time>2025-07-11T07:03:37Z</time>
      </trkpt>
      <trkpt lat="47.86858" lon="20.71793333">
        <ele>156.3</ele>
        <time>2025-07-11T07:03:38Z</time>
      </trkpt>
      <trkpt lat="47.86840667" lon="20.71756833">
        <ele>155.1</ele>
        <time>2025-07-11T07:03:39Z</time>
      </trkpt>
      <trkpt lat="47.86822833" lon="20.71720333">
        <ele>155</ele>
        <time>2025-07-11T07:03:40Z</time>
      </trkpt>
      <trkpt lat="47.86805" lon="20.716825">
        <ele>157.5</ele>
        <time>2025-07-11T07:03:41Z</time>
      </trkpt>
      <trkpt lat="47.867875" lon="20.71647">
        <ele>159.2</ele>
        <time>2025-07-11T07:03:42Z</time>
      </trkpt>
      <trkpt lat="47.867705" lon="20.71612167">
        <ele>159.7</ele>
        <time>2025-07-11T07:03:43Z</time>
      </trkpt>
      <trkpt lat="47.86753" lon="20.71576833">
        <ele>163.2</ele>
        <time>2025-07-11T07:03:44Z</time>
      </trkpt>
      <trkpt lat="47.867345" lon="20.71541">
        <ele>165.5</ele>
        <time>2025-07-11T07:03:45Z</time>
      </trkpt>
      <trkpt lat="47.86716833" lon="20.71505">
        <ele>165.6</ele>
        <time>2025-07-11T07:03:46Z</time>
      </trkpt>
      <trkpt lat="47.86699167" lon="20.71469167">
        <ele>166.2</ele>
        <time>2025-07-11T07:03:47Z</time>
      </trkpt>
      <trkpt lat="47.86681167" lon="20.714325">
        <ele>166.4</ele>
        <time>2025-07-11T07:03:48Z</time>
      </trkpt>
      <trkpt lat="47.86662667" lon="20.71396333">
        <ele>165.4</ele>
        <time>2025-07-11T07:03:49Z</time>
      </trkpt>
      <trkpt lat="47.86644667" lon="20.71359333">
        <ele>166.8</ele>
        <time>2025-07-11T07:03:50Z</time>
      </trkpt>
      <trkpt lat="47.866275" lon="20.71323333">
        <ele>166.8</ele>
        <time>2025-07-11T07:03:51Z</time>
      </trkpt>
      <trkpt lat="47.86610333" lon="20.71287333">
        <ele>166.7</ele>
        <time>2025-07-11T07:03:52Z</time>
      </trkpt>
      <trkpt lat="47.86593167" lon="20.71251833">
        <ele>166.4</ele>
        <time>2025-07-11T07:03:53Z</time>
      </trkpt>
      <trkpt lat="47.86575833" lon="20.71216">
        <ele>165.7</ele>
        <time>2025-07-11T07:03:54Z</time>
      </trkpt>
      <trkpt lat="47.86558" lon="20.71180333">
        <ele>165.5</ele>
        <time>2025-07-11T07:03:55Z</time>
      </trkpt>
      <trkpt lat="47.86540167" lon="20.711445">
        <ele>165.4</ele>
        <time>2025-07-11T07:03:56Z</time>
      </trkpt>
      <trkpt lat="47.86522333" lon="20.711085">
        <ele>165.2</ele>
        <time>2025-07-11T07:03:57Z</time>
      </trkpt>
      <trkpt lat="47.86504833" lon="20.71072167">
        <ele>165.2</ele>
        <time>2025-07-11T07:03:58Z</time>
      </trkpt>
      <trkpt lat="47.864875" lon="20.71035833">
        <ele>165.1</ele>
        <time>2025-07-11T07:03:59Z</time>
      </trkpt>
      <trkpt lat="47.86470167" lon="20.71">
        <ele>164.8</ele>
        <time>2025-07-11T07:04:00Z</time>
      </trkpt>
      <trkpt lat="47.864525" lon="20.70963667">
        <ele>164.9</ele>
        <time>2025-07-11T07:04:01Z</time>
      </trkpt>
      <trkpt lat="47.86435" lon="20.70927167">
        <ele>165</ele>
        <time>2025-07-11T07:04:02Z</time>
      </trkpt>
      <trkpt lat="47.86417667" lon="20.70890667">
        <ele>165.4</ele>
        <time>2025-07-11T07:04:03Z</time>
      </trkpt>
      <trkpt lat="47.864005" lon="20.70854167">
        <ele>165.7</ele>
        <time>2025-07-11T07:04:04Z</time>
      </trkpt>
      <trkpt lat="47.86383167" lon="20.70818167">
        <ele>165.9</ele>
        <time>2025-07-11T07:04:05Z</time>
      </trkpt>
      <trkpt lat="47.863655" lon="20.70782">
        <ele>165.8</ele>
        <time>2025-07-11T07:04:06Z</time>
      </trkpt>
      <trkpt lat="47.86348167" lon="20.70746167">
        <ele>166</ele>
        <time>2025-07-11T07:04:07Z</time>
      </trkpt>
      <trkpt lat="47.86331167" lon="20.70710167">
        <ele>163.6</ele>
        <time>2025-07-11T07:04:08Z</time>
      </trkpt>
      <trkpt lat="47.86314833" lon="20.70674">
        <ele>160</ele>
        <time>2025-07-11T07:04:09Z</time>
      </trkpt>
      <trkpt lat="47.86297667" lon="20.70638667">
        <ele>156.7</ele>
        <time>2025-07-11T07:04:10Z</time>
      </trkpt>
      <trkpt lat="47.862815" lon="20.70602333">
        <ele>153</ele>
        <time>2025-07-11T07:04:11Z</time>
      </trkpt>
      <trkpt lat="47.86263833" lon="20.70566167">
        <ele>152.9</ele>
        <time>2025-07-11T07:04:12Z</time>
      </trkpt>
      <trkpt lat="47.86246" lon="20.70529">
        <ele>152.7</ele>
        <time>2025-07-11T07:04:13Z</time>
      </trkpt>
      <trkpt lat="47.86229167" lon="20.704905">
        <ele>153</ele>
        <time>2025-07-11T07:04:14Z</time>
      </trkpt>
      <trkpt lat="47.86211667" lon="20.704525">
        <ele>153.9</ele>
        <time>2025-07-11T07:04:15Z</time>
      </trkpt>
      <trkpt lat="47.86193" lon="20.70416">
        <ele>155</ele>
        <time>2025-07-11T07:04:16Z</time>
      </trkpt>
      <trkpt lat="47.86175667" lon="20.70378833">
        <ele>155.3</ele>
        <time>2025-07-11T07:04:17Z</time>
      </trkpt>
      <trkpt lat="47.86158" lon="20.70342333">
        <ele>155.7</ele>
        <time>2025-07-11T07:04:18Z</time>
      </trkpt>
      <trkpt lat="47.86140667" lon="20.70307833">
        <ele>156</ele>
        <time>2025-07-11T07:04:19Z</time>
      </trkpt>
      <trkpt lat="47.86123" lon="20.70272167">
        <ele>156.2</ele>
        <time>2025-07-11T07:04:20Z</time>
      </trkpt>
      <trkpt lat="47.86105333" lon="20.70235167">
        <ele>156.7</ele>
        <time>2025-07-11T07:04:21Z</time>
      </trkpt>
      <trkpt lat="47.86087667" lon="20.70198333">
        <ele>156.6</ele>
        <time>2025-07-11T07:04:22Z</time>
      </trkpt>
      <trkpt lat="47.86069833" lon="20.70162">
        <ele>159.3</ele>
        <time>2025-07-11T07:04:23Z</time>
      </trkpt>
      <trkpt lat="47.860525" lon="20.70127">
        <ele>161</ele>
        <time>2025-07-11T07:04:24Z</time>
      </trkpt>
      <trkpt lat="47.86034333" lon="20.70092">
        <ele>161</ele>
        <time>2025-07-11T07:04:25Z</time>
      </trkpt>
      <trkpt lat="47.86016167" lon="20.70055667">
        <ele>160.1</ele>
        <time>2025-07-11T07:04:26Z</time>
      </trkpt>
      <trkpt lat="47.85999" lon="20.700195">
        <ele>160.7</ele>
        <time>2025-07-11T07:04:27Z</time>
      </trkpt>
      <trkpt lat="47.85980833" lon="20.699825">
        <ele>159.8</ele>
        <time>2025-07-11T07:04:28Z</time>
      </trkpt>
      <trkpt lat="47.85963167" lon="20.69944833">
        <ele>158.9</ele>
        <time>2025-07-11T07:04:29Z</time>
      </trkpt>
      <trkpt lat="47.85945833" lon="20.69907667">
        <ele>157.6</ele>
        <time>2025-07-11T07:04:30Z</time>
      </trkpt>
      <trkpt lat="47.85928333" lon="20.69872167">
        <ele>157.1</ele>
        <time>2025-07-11T07:04:31Z</time>
      </trkpt>
      <trkpt lat="47.85910667" lon="20.69834833">
        <ele>155.7</ele>
        <time>2025-07-11T07:04:32Z</time>
      </trkpt>
      <trkpt lat="47.858935" lon="20.69798833">
        <ele>154.9</ele>
        <time>2025-07-11T07:04:33Z</time>
      </trkpt>
      <trkpt lat="47.85876" lon="20.697625">
        <ele>154.9</ele>
        <time>2025-07-11T07:04:34Z</time>
      </trkpt>
      <trkpt lat="47.85859" lon="20.69727333">
        <ele>155.5</ele>
        <time>2025-07-11T07:04:35Z</time>
      </trkpt>
      <trkpt lat="47.85841667" lon="20.69691667">
        <ele>155.7</ele>
        <time>2025-07-11T07:04:36Z</time>
      </trkpt>
      <trkpt lat="47.85824167" lon="20.69655833">
        <ele>156.9</ele>
        <time>2025-07-11T07:04:37Z</time>
      </trkpt>
      <trkpt lat="47.858065" lon="20.6962">
        <ele>156.8</ele>
        <time>2025-07-11T07:04:38Z</time>
      </trkpt>
      <trkpt lat="47.85788833" lon="20.69583833">
        <ele>156.3</ele>
        <time>2025-07-11T07:04:39Z</time>
      </trkpt>
      <trkpt lat="47.857715" lon="20.695485">
        <ele>156.9</ele>
        <time>2025-07-11T07:04:40Z</time>
      </trkpt>
      <trkpt lat="47.85754" lon="20.69512667">
        <ele>157.8</ele>
        <time>2025-07-11T07:04:41Z</time>
      </trkpt>
      <trkpt lat="47.857365" lon="20.69476333">
        <ele>157.4</ele>
        <time>2025-07-11T07:04:42Z</time>
      </trkpt>
      <trkpt lat="47.85719667" lon="20.69439">
        <ele>159.7</ele>
        <time>2025-07-11T07:04:43Z</time>
      </trkpt>
      <trkpt lat="47.85702" lon="20.69402167">
        <ele>158.8</ele>
        <time>2025-07-11T07:04:44Z</time>
      </trkpt>
      <trkpt lat="47.85685167" lon="20.69366">
        <ele>158.3</ele>
        <time>2025-07-11T07:04:45Z</time>
      </trkpt>
      <trkpt lat="47.85668167" lon="20.693295">
        <ele>157.7</ele>
        <time>2025-07-11T07:04:46Z</time>
      </trkpt>
      <trkpt lat="47.85651333" lon="20.69292667">
        <ele>157.1</ele>
        <time>2025-07-11T07:04:47Z</time>
      </trkpt>
      <trkpt lat="47.85633833" lon="20.69256833">
        <ele>154.9</ele>
        <time>2025-07-11T07:04:48Z</time>
      </trkpt>
      <trkpt lat="47.85616" lon="20.69221667">
        <ele>154.2</ele>
        <time>2025-07-11T07:04:49Z</time>
      </trkpt>
      <trkpt lat="47.85598167" lon="20.69186333">
        <ele>152.3</ele>
        <time>2025-07-11T07:04:50Z</time>
      </trkpt>
      <trkpt lat="47.85580333" lon="20.69149833">
        <ele>151</ele>
        <time>2025-07-11T07:04:51Z</time>
      </trkpt>
      <trkpt lat="47.85562667" lon="20.69114167">
        <ele>150.6</ele>
        <time>2025-07-11T07:04:52Z</time>
      </trkpt>
      <trkpt lat="47.85545667" lon="20.69077333">
        <ele>150.7</ele>
        <time>2025-07-11T07:04:53Z</time>
      </trkpt>
      <trkpt lat="47.85527167" lon="20.69041833">
        <ele>152.5</ele>
        <time>2025-07-11T07:04:54Z</time>
      </trkpt>
      <trkpt lat="47.85509" lon="20.690045">
        <ele>152.5</ele>
        <time>2025-07-11T07:04:55Z</time>
      </trkpt>
      <trkpt lat="47.85491167" lon="20.68970167">
        <ele>152.9</ele>
        <time>2025-07-11T07:04:56Z</time>
      </trkpt>
      <trkpt lat="47.85473" lon="20.68936167">
        <ele>154.4</ele>
        <time>2025-07-11T07:04:57Z</time>
      </trkpt>
      <trkpt lat="47.85455833" lon="20.689015">
        <ele>156</ele>
        <time>2025-07-11T07:04:58Z</time>
      </trkpt>
      <trkpt lat="47.85437833" lon="20.68867167">
        <ele>156</ele>
        <time>2025-07-11T07:04:59Z</time>
      </trkpt>
      <trkpt lat="47.85420667" lon="20.68833">
        <ele>155.9</ele>
        <time>2025-07-11T07:05:00Z</time>
      </trkpt>
      <trkpt lat="47.85403" lon="20.68797667">
        <ele>155.6</ele>
        <time>2025-07-11T07:05:01Z</time>
      </trkpt>
      <trkpt lat="47.85386" lon="20.68761">
        <ele>155.7</ele>
        <time>2025-07-11T07:05:02Z</time>
      </trkpt>
      <trkpt lat="47.85366833" lon="20.68727167">
        <ele>157.9</ele>
        <time>2025-07-11T07:05:03Z</time>
      </trkpt>
      <trkpt lat="47.85349333" lon="20.68693833">
        <ele>164.1</ele>
        <time>2025-07-11T07:05:04Z</time>
      </trkpt>
      <trkpt lat="47.853325" lon="20.68658167">
        <ele>163.4</ele>
        <time>2025-07-11T07:05:05Z</time>
      </trkpt>
      <trkpt lat="47.85316333" lon="20.686225">
        <ele>163.5</ele>
        <time>2025-07-11T07:05:06Z</time>
      </trkpt>
      <trkpt lat="47.85298167" lon="20.68585333">
        <ele>165.4</ele>
        <time>2025-07-11T07:05:07Z</time>
      </trkpt>
      <trkpt lat="47.85281167" lon="20.68548833">
        <ele>164.1</ele>
        <time>2025-07-11T07:05:08Z</time>
      </trkpt>
      <trkpt lat="47.85263333" lon="20.68512">
        <ele>165.7</ele>
        <time>2025-07-11T07:05:09Z</time>
      </trkpt>
      <trkpt lat="47.85245667" lon="20.68475">
        <ele>166</ele>
        <time>2025-07-11T07:05:10Z</time>
      </trkpt>
      <trkpt lat="47.852275" lon="20.684385">
        <ele>165.8</ele>
        <time>2025-07-11T07:05:11Z</time>
      </trkpt>
      <trkpt lat="47.85208333" lon="20.68398">
        <ele>172.6</ele>
        <time>2025-07-11T07:05:12Z</time>
      </trkpt>
      <trkpt lat="47.85190667" lon="20.68359833">
        <ele>172.9</ele>
        <time>2025-07-11T07:05:13Z</time>
      </trkpt>
      <trkpt lat="47.85173667" lon="20.68323833">
        <ele>173.6</ele>
        <time>2025-07-11T07:05:14Z</time>
      </trkpt>
      <trkpt lat="47.85156" lon="20.682865">
        <ele>173.6</ele>
        <time>2025-07-11T07:05:15Z</time>
      </trkpt>
      <trkpt lat="47.85138833" lon="20.68250333">
        <ele>173.8</ele>
        <time>2025-07-11T07:05:16Z</time>
      </trkpt>
      <trkpt lat="47.85123167" lon="20.68213167">
        <ele>168.5</ele>
        <time>2025-07-11T07:05:17Z</time>
      </trkpt>
      <trkpt lat="47.85106667" lon="20.68176333">
        <ele>165.6</ele>
        <time>2025-07-11T07:05:18Z</time>
      </trkpt>
      <trkpt lat="47.85090333" lon="20.68139">
        <ele>162.9</ele>
        <time>2025-07-11T07:05:19Z</time>
      </trkpt>
      <trkpt lat="47.85073333" lon="20.681025">
        <ele>162.3</ele>
        <time>2025-07-11T07:05:20Z</time>
      </trkpt>
      <trkpt lat="47.85056667" lon="20.68067333">
        <ele>160.9</ele>
        <time>2025-07-11T07:05:21Z</time>
      </trkpt>
      <trkpt lat="47.85039833" lon="20.68031833">
        <ele>160.5</ele>
        <time>2025-07-11T07:05:22Z</time>
      </trkpt>
      <trkpt lat="47.85023167" lon="20.67995667">
        <ele>160.4</ele>
        <time>2025-07-11T07:05:23Z</time>
      </trkpt>
      <trkpt lat="47.85006" lon="20.679595">
        <ele>160.2</ele>
        <time>2025-07-11T07:05:24Z</time>
      </trkpt>
      <trkpt lat="47.84989167" lon="20.67922667">
        <ele>159.9</ele>
        <time>2025-07-11T07:05:25Z</time>
      </trkpt>
      <trkpt lat="47.84972833" lon="20.67886333">
        <ele>159.6</ele>
        <time>2025-07-11T07:05:26Z</time>
      </trkpt>
      <trkpt lat="47.84955667" lon="20.678505">
        <ele>159.2</ele>
        <time>2025-07-11T07:05:27Z</time>
      </trkpt>
      <trkpt lat="47.84937833" lon="20.678145">
        <ele>159.1</ele>
        <time>2025-07-11T07:05:28Z</time>
      </trkpt>
      <trkpt lat="47.8492" lon="20.67777833">
        <ele>158.7</ele>
        <time>2025-07-11T07:05:29Z</time>
      </trkpt>
      <trkpt lat="47.849065" lon="20.677335">
        <ele>155.6</ele>
        <time>2025-07-11T07:05:30Z</time>
      </trkpt>
      <trkpt lat="47.84893167" lon="20.67690333">
        <ele>154.5</ele>
        <time>2025-07-11T07:05:31Z</time>
      </trkpt>
      <trkpt lat="47.848755" lon="20.67653167">
        <ele>157.6</ele>
        <time>2025-07-11T07:05:32Z</time>
      </trkpt>
      <trkpt lat="47.84858333" lon="20.67616">
        <ele>158.7</ele>
        <time>2025-07-11T07:05:33Z</time>
      </trkpt>
      <trkpt lat="47.84840333" lon="20.67580333">
        <ele>158.6</ele>
        <time>2025-07-11T07:05:34Z</time>
      </trkpt>
      <trkpt lat="47.84818833" lon="20.67551167">
        <ele>159.9</ele>
        <time>2025-07-11T07:05:35Z</time>
      </trkpt>
      <trkpt lat="47.84799333" lon="20.67521167">
        <ele>161.6</ele>
        <time>2025-07-11T07:05:36Z</time>
      </trkpt>
      <trkpt lat="47.84781167" lon="20.67489667">
        <ele>162.3</ele>
        <time>2025-07-11T07:05:37Z</time>
      </trkpt>
      <trkpt lat="47.84763667" lon="20.67455333">
        <ele>162.6</ele>
        <time>2025-07-11T07:05:38Z</time>
      </trkpt>
      <trkpt lat="47.84745333" lon="20.67422667">
        <ele>165.1</ele>
        <time>2025-07-11T07:05:39Z</time>
      </trkpt>
      <trkpt lat="47.847275" lon="20.67389">
        <ele>166.8</ele>
        <time>2025-07-11T07:05:40Z</time>
      </trkpt>
      <trkpt lat="47.84710667" lon="20.67354333">
        <ele>166.9</ele>
        <time>2025-07-11T07:05:41Z</time>
      </trkpt>
      <trkpt lat="47.84693333" lon="20.67320667">
        <ele>168.6</ele>
        <time>2025-07-11T07:05:42Z</time>
      </trkpt>
      <trkpt lat="47.846765" lon="20.67286167">
        <ele>168.5</ele>
        <time>2025-07-11T07:05:43Z</time>
      </trkpt>
      <trkpt lat="47.84659167" lon="20.67252833">
        <ele>168.9</ele>
        <time>2025-07-11T07:05:44Z</time>
      </trkpt>
      <trkpt lat="47.84642333" lon="20.67218">
        <ele>168.9</ele>
        <time>2025-07-11T07:05:45Z</time>
      </trkpt>
      <trkpt lat="47.84624167" lon="20.67185333">
        <ele>168.5</ele>
        <time>2025-07-11T07:05:46Z</time>
      </trkpt>
      <trkpt lat="47.846075" lon="20.67151333">
        <ele>168.8</ele>
        <time>2025-07-11T07:05:47Z</time>
      </trkpt>
      <trkpt lat="47.84590667" lon="20.67116667">
        <ele>168.3</ele>
        <time>2025-07-11T07:05:48Z</time>
      </trkpt>
      <trkpt lat="47.84573667" lon="20.67081667">
        <ele>168.4</ele>
        <time>2025-07-11T07:05:49Z</time>
      </trkpt>
      <trkpt lat="47.84556333" lon="20.67046833">
        <ele>165.2</ele>
        <time>2025-07-11T07:05:50Z</time>
      </trkpt>
      <trkpt lat="47.84539667" lon="20.67012167">
        <ele>164.6</ele>
        <time>2025-07-11T07:05:51Z</time>
      </trkpt>
      <trkpt lat="47.84523333" lon="20.66977333">
        <ele>164.2</ele>
        <time>2025-07-11T07:05:52Z</time>
      </trkpt>
      <trkpt lat="47.845065" lon="20.66940333">
        <ele>164.8</ele>
        <time>2025-07-11T07:05:53Z</time>
      </trkpt>
      <trkpt lat="47.84490167" lon="20.66905">
        <ele>164.7</ele>
        <time>2025-07-11T07:05:54Z</time>
      </trkpt>
      <trkpt lat="47.84473333" lon="20.668705">
        <ele>162.9</ele>
        <time>2025-07-11T07:05:55Z</time>
      </trkpt>
      <trkpt lat="47.84456333" lon="20.66836">
        <ele>162.1</ele>
        <time>2025-07-11T07:05:56Z</time>
      </trkpt>
      <trkpt lat="47.84439333" lon="20.66802167">
        <ele>161.7</ele>
        <time>2025-07-11T07:05:57Z</time>
      </trkpt>
      <trkpt lat="47.84423167" lon="20.66767667">
        <ele>161.4</ele>
        <time>2025-07-11T07:05:58Z</time>
      </trkpt>
      <trkpt lat="47.844065" lon="20.66734833">
        <ele>161.1</ele>
        <time>2025-07-11T07:05:59Z</time>
      </trkpt>
      <trkpt lat="47.84389667" lon="20.66701833">
        <ele>161.1</ele>
        <time>2025-07-11T07:06:00Z</time>
      </trkpt>
      <trkpt lat="47.84372333" lon="20.666685">
        <ele>161.1</ele>
        <time>2025-07-11T07:06:01Z</time>
      </trkpt>
      <trkpt lat="47.843565" lon="20.66634667">
        <ele>160.8</ele>
        <time>2025-07-11T07:06:02Z</time>
      </trkpt>
      <trkpt lat="47.84340333" lon="20.66599">
        <ele>160.5</ele>
        <time>2025-07-11T07:06:03Z</time>
      </trkpt>
      <trkpt lat="47.84324333" lon="20.665645">
        <ele>156.4</ele>
        <time>2025-07-11T07:06:04Z</time>
      </trkpt>
      <trkpt lat="47.84308167" lon="20.66530167">
        <ele>156</ele>
        <time>2025-07-11T07:06:05Z</time>
      </trkpt>
      <trkpt lat="47.84291833" lon="20.664965">
        <ele>156.4</ele>
        <time>2025-07-11T07:06:06Z</time>
      </trkpt>
      <trkpt lat="47.84274667" lon="20.66461833">
        <ele>153.8</ele>
        <time>2025-07-11T07:06:07Z</time>
      </trkpt>
      <trkpt lat="47.84256" lon="20.66427">
        <ele>155.7</ele>
        <time>2025-07-11T07:06:08Z</time>
      </trkpt>
      <trkpt lat="47.84240333" lon="20.66392167">
        <ele>155.9</ele>
        <time>2025-07-11T07:06:09Z</time>
      </trkpt>
      <trkpt lat="47.842245" lon="20.66358">
        <ele>156.7</ele>
        <time>2025-07-11T07:06:10Z</time>
      </trkpt>
      <trkpt lat="47.84208333" lon="20.66325">
        <ele>159</ele>
        <time>2025-07-11T07:06:11Z</time>
      </trkpt>
      <trkpt lat="47.841925" lon="20.66291167">
        <ele>159.4</ele>
        <time>2025-07-11T07:06:12Z</time>
      </trkpt>
      <trkpt lat="47.84176167" lon="20.66257167">
        <ele>159.6</ele>
        <time>2025-07-11T07:06:13Z</time>
      </trkpt>
      <trkpt lat="47.84159833" lon="20.662245">
        <ele>160.3</ele>
        <time>2025-07-11T07:06:14Z</time>
      </trkpt>
      <trkpt lat="47.84143333" lon="20.66192167">
        <ele>161.1</ele>
        <time>2025-07-11T07:06:15Z</time>
      </trkpt>
      <trkpt lat="47.84128" lon="20.66160333">
        <ele>161.7</ele>
        <time>2025-07-11T07:06:16Z</time>
      </trkpt>
      <trkpt lat="47.84112333" lon="20.66126833">
        <ele>161.2</ele>
        <time>2025-07-11T07:06:17Z</time>
      </trkpt>
      <trkpt lat="47.84096333" lon="20.66093667">
        <ele>160.7</ele>
        <time>2025-07-11T07:06:18Z</time>
      </trkpt>
      <trkpt lat="47.84079333" lon="20.66060333">
        <ele>161.5</ele>
        <time>2025-07-11T07:06:19Z</time>
      </trkpt>
      <trkpt lat="47.840625" lon="20.66025667">
        <ele>160.8</ele>
        <time>2025-07-11T07:06:20Z</time>
      </trkpt>
      <trkpt lat="47.84045167" lon="20.65992">
        <ele>161.5</ele>
        <time>2025-07-11T07:06:21Z</time>
      </trkpt>
      <trkpt lat="47.84028667" lon="20.65958167">
        <ele>159.9</ele>
        <time>2025-07-11T07:06:22Z</time>
      </trkpt>
      <trkpt lat="47.840125" lon="20.65923667">
        <ele>159.9</ele>
        <time>2025-07-11T07:06:23Z</time>
      </trkpt>
      <trkpt lat="47.839965" lon="20.65889">
        <ele>160.2</ele>
        <time>2025-07-11T07:06:24Z</time>
      </trkpt>
      <trkpt lat="47.8398" lon="20.65855833">
        <ele>160.4</ele>
        <time>2025-07-11T07:06:25Z</time>
      </trkpt>
      <trkpt lat="47.83963167" lon="20.65821167">
        <ele>160.2</ele>
        <time>2025-07-11T07:06:26Z</time>
      </trkpt>
      <trkpt lat="47.83946" lon="20.65787167">
        <ele>160.2</ele>
        <time>2025-07-11T07:06:27Z</time>
      </trkpt>
      <trkpt lat="47.83929833" lon="20.65752833">
        <ele>161.5</ele>
        <time>2025-07-11T07:06:28Z</time>
      </trkpt>
      <trkpt lat="47.83913" lon="20.65718333">
        <ele>161.5</ele>
        <time>2025-07-11T07:06:29Z</time>
      </trkpt>
      <trkpt lat="47.83899333" lon="20.65687167">
        <ele>161</ele>
        <time>2025-07-11T07:06:30Z</time>
      </trkpt>
      <trkpt lat="47.83882" lon="20.65654">
        <ele>160.3</ele>
        <time>2025-07-11T07:06:31Z</time>
      </trkpt>
      <trkpt lat="47.83866667" lon="20.656235">
        <ele>155</ele>
        <time>2025-07-11T07:06:32Z</time>
      </trkpt>
      <trkpt lat="47.8385" lon="20.65590333">
        <ele>155.1</ele>
        <time>2025-07-11T07:06:33Z</time>
      </trkpt>
      <trkpt lat="47.83833667" lon="20.65558167">
        <ele>152.2</ele>
        <time>2025-07-11T07:06:34Z</time>
      </trkpt>
      <trkpt lat="47.83818" lon="20.65525">
        <ele>155</ele>
        <time>2025-07-11T07:06:35Z</time>
      </trkpt>
      <trkpt lat="47.838015" lon="20.65491667">
        <ele>155</ele>
        <time>2025-07-11T07:06:36Z</time>
      </trkpt>
      <trkpt lat="47.83785167" lon="20.65458667">
        <ele>155.2</ele>
        <time>2025-07-11T07:06:37Z</time>
      </trkpt>
      <trkpt lat="47.837695" lon="20.65424333">
        <ele>158.7</ele>
        <time>2025-07-11T07:06:38Z</time>
      </trkpt>
      <trkpt lat="47.83754" lon="20.653905">
        <ele>158.3</ele>
        <time>2025-07-11T07:06:39Z</time>
      </trkpt>
      <trkpt lat="47.83739667" lon="20.65355833">
        <ele>162.7</ele>
        <time>2025-07-11T07:06:40Z</time>
      </trkpt>
      <trkpt lat="47.83724" lon="20.65322833">
        <ele>162.4</ele>
        <time>2025-07-11T07:06:41Z</time>
      </trkpt>
      <trkpt lat="47.83707833" lon="20.6529">
        <ele>162.3</ele>
        <time>2025-07-11T07:06:42Z</time>
      </trkpt>
      <trkpt lat="47.83692167" lon="20.65258">
        <ele>162.6</ele>
        <time>2025-07-11T07:06:43Z</time>
      </trkpt>
      <trkpt lat="47.83677333" lon="20.65226333">
        <ele>163.2</ele>
        <time>2025-07-11T07:06:44Z</time>
      </trkpt>
      <trkpt lat="47.83661833" lon="20.651945">
        <ele>163.2</ele>
        <time>2025-07-11T07:06:45Z</time>
      </trkpt>
      <trkpt lat="47.83646167" lon="20.651625">
        <ele>163.1</ele>
        <time>2025-07-11T07:06:46Z</time>
      </trkpt>
      <trkpt lat="47.8363" lon="20.651305">
        <ele>162.5</ele>
        <time>2025-07-11T07:06:47Z</time>
      </trkpt>
      <trkpt lat="47.83614833" lon="20.650995">
        <ele>161.5</ele>
        <time>2025-07-11T07:06:48Z</time>
      </trkpt>
      <trkpt lat="47.83599167" lon="20.65067667">
        <ele>161.2</ele>
        <time>2025-07-11T07:06:49Z</time>
      </trkpt>
      <trkpt lat="47.83584167" lon="20.65036667">
        <ele>160.1</ele>
        <time>2025-07-11T07:06:50Z</time>
      </trkpt>
      <trkpt lat="47.83568833" lon="20.65004667">
        <ele>162.9</ele>
        <time>2025-07-11T07:06:51Z</time>
      </trkpt>
      <trkpt lat="47.83554333" lon="20.64971333">
        <ele>166.1</ele>
        <time>2025-07-11T07:06:52Z</time>
      </trkpt>
      <trkpt lat="47.835365" lon="20.649405">
        <ele>163.8</ele>
        <time>2025-07-11T07:06:53Z</time>
      </trkpt>
      <trkpt lat="47.83518833" lon="20.64908667">
        <ele>162.8</ele>
        <time>2025-07-11T07:06:54Z</time>
      </trkpt>
      <trkpt lat="47.83504" lon="20.64877833">
        <ele>166.2</ele>
        <time>2025-07-11T07:06:55Z</time>
      </trkpt>
      <trkpt lat="47.83489833" lon="20.64845667">
        <ele>167.4</ele>
        <time>2025-07-11T07:06:56Z</time>
      </trkpt>
      <trkpt lat="47.834755" lon="20.648145">
        <ele>168.3</ele>
        <time>2025-07-11T07:06:57Z</time>
      </trkpt>
      <trkpt lat="47.83457833" lon="20.64782167">
        <ele>168.8</ele>
        <time>2025-07-11T07:06:58Z</time>
      </trkpt>
      <trkpt lat="47.834415" lon="20.64749667">
        <ele>168.9</ele>
        <time>2025-07-11T07:06:59Z</time>
      </trkpt>
      <trkpt lat="47.83425667" lon="20.64716667">
        <ele>168.9</ele>
        <time>2025-07-11T07:07:00Z</time>
      </trkpt>
      <trkpt lat="47.83409833" lon="20.64683667">
        <ele>170</ele>
        <time>2025-07-11T07:07:01Z</time>
      </trkpt>
      <trkpt lat="47.83395167" lon="20.64652333">
        <ele>170.9</ele>
        <time>2025-07-11T07:07:02Z</time>
      </trkpt>
      <trkpt lat="47.833795" lon="20.64619333">
        <ele>171.2</ele>
        <time>2025-07-11T07:07:03Z</time>
      </trkpt>
      <trkpt lat="47.833645" lon="20.645875">
        <ele>170.3</ele>
        <time>2025-07-11T07:07:04Z</time>
      </trkpt>
      <trkpt lat="47.833495" lon="20.64557167">
        <ele>169.9</ele>
        <time>2025-07-11T07:07:05Z</time>
      </trkpt>
      <trkpt lat="47.83334333" lon="20.64526333">
        <ele>169.8</ele>
        <time>2025-07-11T07:07:06Z</time>
      </trkpt>
      <trkpt lat="47.833195" lon="20.644955">
        <ele>169</ele>
        <time>2025-07-11T07:07:07Z</time>
      </trkpt>
      <trkpt lat="47.83304833" lon="20.64465833">
        <ele>169.8</ele>
        <time>2025-07-11T07:07:08Z</time>
      </trkpt>
      <trkpt lat="47.83291667" lon="20.64438167">
        <ele>171.8</ele>
        <time>2025-07-11T07:07:09Z</time>
      </trkpt>
      <trkpt lat="47.83277833" lon="20.6441">
        <ele>173.1</ele>
        <time>2025-07-11T07:07:10Z</time>
      </trkpt>
      <trkpt lat="47.83262167" lon="20.64378833">
        <ele>170.3</ele>
        <time>2025-07-11T07:07:11Z</time>
      </trkpt>
      <trkpt lat="47.83247333" lon="20.64348167">
        <ele>172.1</ele>
        <time>2025-07-11T07:07:12Z</time>
      </trkpt>
      <trkpt lat="47.83233" lon="20.64317833">
        <ele>170.8</ele>
        <time>2025-07-11T07:07:13Z</time>
      </trkpt>
      <trkpt lat="47.83218167" lon="20.642865">
        <ele>170.9</ele>
        <time>2025-07-11T07:07:14Z</time>
      </trkpt>
      <trkpt lat="47.83202667" lon="20.642555">
        <ele>168.7</ele>
        <time>2025-07-11T07:07:15Z</time>
      </trkpt>
      <trkpt lat="47.83187667" lon="20.64226333">
        <ele>170.4</ele>
        <time>2025-07-11T07:07:16Z</time>
      </trkpt>
      <trkpt lat="47.83172167" lon="20.64197">
        <ele>174</ele>
        <time>2025-07-11T07:07:17Z</time>
      </trkpt>
      <trkpt lat="47.831575" lon="20.64166">
        <ele>174.5</ele>
        <time>2025-07-11T07:07:18Z</time>
      </trkpt>
      <trkpt lat="47.83143333" lon="20.64134167">
        <ele>171.8</ele>
        <time>2025-07-11T07:07:19Z</time>
      </trkpt>
      <trkpt lat="47.83129" lon="20.64101833">
        <ele>169.3</ele>
        <time>2025-07-11T07:07:20Z</time>
      </trkpt>
      <trkpt lat="47.83115" lon="20.64068333">
        <ele>165.1</ele>
        <time>2025-07-11T07:07:21Z</time>
      </trkpt>
      <trkpt lat="47.83099667" lon="20.64034">
        <ele>162.3</ele>
        <time>2025-07-11T07:07:22Z</time>
      </trkpt>
      <trkpt lat="47.83085167" lon="20.64000167">
        <ele>160.5</ele>
        <time>2025-07-11T07:07:23Z</time>
      </trkpt>
      <trkpt lat="47.83069" lon="20.63966333">
        <ele>159</ele>
        <time>2025-07-11T07:07:24Z</time>
      </trkpt>
      <trkpt lat="47.83053167" lon="20.63932833">
        <ele>158</ele>
        <time>2025-07-11T07:07:25Z</time>
      </trkpt>
      <trkpt lat="47.83036333" lon="20.63899">
        <ele>159.4</ele>
        <time>2025-07-11T07:07:26Z</time>
      </trkpt>
      <trkpt lat="47.83021" lon="20.63865">
        <ele>160.3</ele>
        <time>2025-07-11T07:07:27Z</time>
      </trkpt>
      <trkpt lat="47.83005333" lon="20.638305">
        <ele>160.3</ele>
        <time>2025-07-11T07:07:28Z</time>
      </trkpt>
      <trkpt lat="47.82988167" lon="20.63796167">
        <ele>160.7</ele>
        <time>2025-07-11T07:07:29Z</time>
      </trkpt>
      <trkpt lat="47.829705" lon="20.63761833">
        <ele>160.9</ele>
        <time>2025-07-11T07:07:30Z</time>
      </trkpt>
      <trkpt lat="47.82952667" lon="20.63727333">
        <ele>161.5</ele>
        <time>2025-07-11T07:07:31Z</time>
      </trkpt>
      <trkpt lat="47.82934" lon="20.63693167">
        <ele>164.4</ele>
        <time>2025-07-11T07:07:32Z</time>
      </trkpt>
      <trkpt lat="47.82917" lon="20.63657667">
        <ele>163.4</ele>
        <time>2025-07-11T07:07:33Z</time>
      </trkpt>
      <trkpt lat="47.82898333" lon="20.63621667">
        <ele>162</ele>
        <time>2025-07-11T07:07:34Z</time>
      </trkpt>
      <trkpt lat="47.82880667" lon="20.63585833">
        <ele>160.6</ele>
        <time>2025-07-11T07:07:35Z</time>
      </trkpt>
      <trkpt lat="47.82863167" lon="20.63550333">
        <ele>159.3</ele>
        <time>2025-07-11T07:07:36Z</time>
      </trkpt>
      <trkpt lat="47.828455" lon="20.63514167">
        <ele>157.2</ele>
        <time>2025-07-11T07:07:37Z</time>
      </trkpt>
      <trkpt lat="47.82828667" lon="20.634785">
        <ele>157.6</ele>
        <time>2025-07-11T07:07:38Z</time>
      </trkpt>
      <trkpt lat="47.82812" lon="20.63443167">
        <ele>158.4</ele>
        <time>2025-07-11T07:07:39Z</time>
      </trkpt>
      <trkpt lat="47.827945" lon="20.63407">
        <ele>158.5</ele>
        <time>2025-07-11T07:07:40Z</time>
      </trkpt>
      <trkpt lat="47.82777" lon="20.63371">
        <ele>154.8</ele>
        <time>2025-07-11T07:07:41Z</time>
      </trkpt>
      <trkpt lat="47.82759167" lon="20.63334333">
        <ele>154.4</ele>
        <time>2025-07-11T07:07:42Z</time>
      </trkpt>
      <trkpt lat="47.827415" lon="20.63298333">
        <ele>154.1</ele>
        <time>2025-07-11T07:07:43Z</time>
      </trkpt>
      <trkpt lat="47.827235" lon="20.63263">
        <ele>154</ele>
        <time>2025-07-11T07:07:44Z</time>
      </trkpt>
      <trkpt lat="47.82706667" lon="20.63227667">
        <ele>153.9</ele>
        <time>2025-07-11T07:07:45Z</time>
      </trkpt>
      <trkpt lat="47.82689667" lon="20.63191667">
        <ele>153.4</ele>
        <time>2025-07-11T07:07:46Z</time>
      </trkpt>
      <trkpt lat="47.82672333" lon="20.63154667">
        <ele>153.2</ele>
        <time>2025-07-11T07:07:47Z</time>
      </trkpt>
      <trkpt lat="47.826525" lon="20.63119333">
        <ele>152</ele>
        <time>2025-07-11T07:07:48Z</time>
      </trkpt>
      <trkpt lat="47.82634" lon="20.63083667">
        <ele>152.4</ele>
        <time>2025-07-11T07:07:49Z</time>
      </trkpt>
      <trkpt lat="47.82618667" lon="20.6305">
        <ele>152.4</ele>
        <time>2025-07-11T07:07:50Z</time>
      </trkpt>
      <trkpt lat="47.826015" lon="20.63013833">
        <ele>152.7</ele>
        <time>2025-07-11T07:07:51Z</time>
      </trkpt>
      <trkpt lat="47.82584167" lon="20.62977667">
        <ele>152.9</ele>
        <time>2025-07-11T07:07:52Z</time>
      </trkpt>
      <trkpt lat="47.825665" lon="20.629415">
        <ele>152.8</ele>
        <time>2025-07-11T07:07:53Z</time>
      </trkpt>
      <trkpt lat="47.82548167" lon="20.62905667">
        <ele>153.9</ele>
        <time>2025-07-11T07:07:54Z</time>
      </trkpt>
      <trkpt lat="47.82530833" lon="20.62871">
        <ele>154.6</ele>
        <time>2025-07-11T07:07:55Z</time>
      </trkpt>
      <trkpt lat="47.82514167" lon="20.62836667">
        <ele>156</ele>
        <time>2025-07-11T07:07:56Z</time>
      </trkpt>
      <trkpt lat="47.82497333" lon="20.62800833">
        <ele>156.8</ele>
        <time>2025-07-11T07:07:57Z</time>
      </trkpt>
      <trkpt lat="47.82480333" lon="20.62765167">
        <ele>157.5</ele>
        <time>2025-07-11T07:07:58Z</time>
      </trkpt>
      <trkpt lat="47.82464167" lon="20.62729333">
        <ele>157.3</ele>
        <time>2025-07-11T07:07:59Z</time>
      </trkpt>
      <trkpt lat="47.82448" lon="20.62692833">
        <ele>157.6</ele>
        <time>2025-07-11T07:08:00Z</time>
      </trkpt>
      <trkpt lat="47.82431" lon="20.626575">
        <ele>157.2</ele>
        <time>2025-07-11T07:08:01Z</time>
      </trkpt>
      <trkpt lat="47.82413667" lon="20.62622">
        <ele>157.2</ele>
        <time>2025-07-11T07:08:02Z</time>
      </trkpt>
      <trkpt lat="47.82396333" lon="20.62586">
        <ele>157.1</ele>
        <time>2025-07-11T07:08:03Z</time>
      </trkpt>
      <trkpt lat="47.82379" lon="20.62549667">
        <ele>157.7</ele>
        <time>2025-07-11T07:08:04Z</time>
      </trkpt>
      <trkpt lat="47.82359167" lon="20.62513667">
        <ele>158.2</ele>
        <time>2025-07-11T07:08:05Z</time>
      </trkpt>
      <trkpt lat="47.82340167" lon="20.62477333">
        <ele>158.6</ele>
        <time>2025-07-11T07:08:06Z</time>
      </trkpt>
      <trkpt lat="47.82322833" lon="20.62440833">
        <ele>158.9</ele>
        <time>2025-07-11T07:08:07Z</time>
      </trkpt>
      <trkpt lat="47.823045" lon="20.62404167">
        <ele>159.1</ele>
        <time>2025-07-11T07:08:08Z</time>
      </trkpt>
      <trkpt lat="47.82286667" lon="20.623675">
        <ele>159.6</ele>
        <time>2025-07-11T07:08:09Z</time>
      </trkpt>
      <trkpt lat="47.82268833" lon="20.62331167">
        <ele>160</ele>
        <time>2025-07-11T07:08:10Z</time>
      </trkpt>
      <trkpt lat="47.82249833" lon="20.622925">
        <ele>165.1</ele>
        <time>2025-07-11T07:08:11Z</time>
      </trkpt>
      <trkpt lat="47.82233" lon="20.62254333">
        <ele>170.1</ele>
        <time>2025-07-11T07:08:12Z</time>
      </trkpt>
      <trkpt lat="47.82216333" lon="20.62217667">
        <ele>172.5</ele>
        <time>2025-07-11T07:08:13Z</time>
      </trkpt>
      <trkpt lat="47.82199167" lon="20.62180333">
        <ele>178.3</ele>
        <time>2025-07-11T07:08:14Z</time>
      </trkpt>
      <trkpt lat="47.82182333" lon="20.62144167">
        <ele>182.1</ele>
        <time>2025-07-11T07:08:15Z</time>
      </trkpt>
      <trkpt lat="47.82164833" lon="20.62108167">
        <ele>182.3</ele>
        <time>2025-07-11T07:08:16Z</time>
      </trkpt>
      <trkpt lat="47.821475" lon="20.62072333">
        <ele>182.5</ele>
        <time>2025-07-11T07:08:17Z</time>
      </trkpt>
      <trkpt lat="47.821275" lon="20.62037833">
        <ele>176.7</ele>
        <time>2025-07-11T07:08:18Z</time>
      </trkpt>
      <trkpt lat="47.82108333" lon="20.62004667">
        <ele>174.4</ele>
        <time>2025-07-11T07:08:19Z</time>
      </trkpt>
      <trkpt lat="47.82090667" lon="20.61969833">
        <ele>174.3</ele>
        <time>2025-07-11T07:08:20Z</time>
      </trkpt>
      <trkpt lat="47.820735" lon="20.61933667">
        <ele>174.4</ele>
        <time>2025-07-11T07:08:21Z</time>
      </trkpt>
      <trkpt lat="47.820565" lon="20.61897667">
        <ele>174.4</ele>
        <time>2025-07-11T07:08:22Z</time>
      </trkpt>
      <trkpt lat="47.820405" lon="20.6186">
        <ele>174.3</ele>
        <time>2025-07-11T07:08:23Z</time>
      </trkpt>
      <trkpt lat="47.82023833" lon="20.61821833">
        <ele>174.4</ele>
        <time>2025-07-11T07:08:24Z</time>
      </trkpt>
      <trkpt lat="47.82005833" lon="20.61787833">
        <ele>166.6</ele>
        <time>2025-07-11T07:08:25Z</time>
      </trkpt>
      <trkpt lat="47.81985667" lon="20.61752667">
        <ele>166.8</ele>
        <time>2025-07-11T07:08:26Z</time>
      </trkpt>
      <trkpt lat="47.81969833" lon="20.61716333">
        <ele>167.3</ele>
        <time>2025-07-11T07:08:27Z</time>
      </trkpt>
      <trkpt lat="47.81952833" lon="20.61680667">
        <ele>166.9</ele>
        <time>2025-07-11T07:08:28Z</time>
      </trkpt>
      <trkpt lat="47.81935333" lon="20.616445">
        <ele>166.6</ele>
        <time>2025-07-11T07:08:29Z</time>
      </trkpt>
      <trkpt lat="47.81918" lon="20.616085">
        <ele>166.4</ele>
        <time>2025-07-11T07:08:30Z</time>
      </trkpt>
      <trkpt lat="47.81900833" lon="20.61572833">
        <ele>167.6</ele>
        <time>2025-07-11T07:08:31Z</time>
      </trkpt>
      <trkpt lat="47.81882167" lon="20.615375">
        <ele>171.2</ele>
        <time>2025-07-11T07:08:32Z</time>
      </trkpt>
      <trkpt lat="47.81866833" lon="20.61501167">
        <ele>170</ele>
        <time>2025-07-11T07:08:33Z</time>
      </trkpt>
      <trkpt lat="47.81850667" lon="20.614655">
        <ele>168.9</ele>
        <time>2025-07-11T07:08:34Z</time>
      </trkpt>
      <trkpt lat="47.81833167" lon="20.61430167">
        <ele>168.2</ele>
        <time>2025-07-11T07:08:35Z</time>
      </trkpt>
      <trkpt lat="47.81813" lon="20.61393833">
        <ele>165.9</ele>
        <time>2025-07-11T07:08:36Z</time>
      </trkpt>
      <trkpt lat="47.81796667" lon="20.613575">
        <ele>165.7</ele>
        <time>2025-07-11T07:08:37Z</time>
      </trkpt>
      <trkpt lat="47.81778667" lon="20.61321833">
        <ele>162.1</ele>
        <time>2025-07-11T07:08:38Z</time>
      </trkpt>
      <trkpt lat="47.81759333" lon="20.612855">
        <ele>157.2</ele>
        <time>2025-07-11T07:08:39Z</time>
      </trkpt>
      <trkpt lat="47.81741833" lon="20.61248833">
        <ele>157.5</ele>
        <time>2025-07-11T07:08:40Z</time>
      </trkpt>
      <trkpt lat="47.81725167" lon="20.61211833">
        <ele>157.9</ele>
        <time>2025-07-11T07:08:41Z</time>
      </trkpt>
      <trkpt lat="47.817085" lon="20.61176167">
        <ele>158.5</ele>
        <time>2025-07-11T07:08:42Z</time>
      </trkpt>
      <trkpt lat="47.81691667" lon="20.61140167">
        <ele>158.6</ele>
        <time>2025-07-11T07:08:43Z</time>
      </trkpt>
      <trkpt lat="47.816745" lon="20.61104333">
        <ele>158.5</ele>
        <time>2025-07-11T07:08:44Z</time>
      </trkpt>
      <trkpt lat="47.81657333" lon="20.610685">
        <ele>158.5</ele>
        <time>2025-07-11T07:08:45Z</time>
      </trkpt>
      <trkpt lat="47.81638667" lon="20.61031833">
        <ele>158.4</ele>
        <time>2025-07-11T07:08:46Z</time>
      </trkpt>
      <trkpt lat="47.81620667" lon="20.60995">
        <ele>158.5</ele>
        <time>2025-07-11T07:08:47Z</time>
      </trkpt>
      <trkpt lat="47.81603" lon="20.60958">
        <ele>158.9</ele>
        <time>2025-07-11T07:08:48Z</time>
      </trkpt>
      <trkpt lat="47.81585167" lon="20.609215">
        <ele>159.2</ele>
        <time>2025-07-11T07:08:49Z</time>
      </trkpt>
      <trkpt lat="47.815675" lon="20.60885">
        <ele>159.5</ele>
        <time>2025-07-11T07:08:50Z</time>
      </trkpt>
      <trkpt lat="47.815495" lon="20.60848">
        <ele>159.7</ele>
        <time>2025-07-11T07:08:51Z</time>
      </trkpt>
      <trkpt lat="47.81532" lon="20.60811833">
        <ele>160.1</ele>
        <time>2025-07-11T07:08:52Z</time>
      </trkpt>
      <trkpt lat="47.81514167" lon="20.60775">
        <ele>160.4</ele>
        <time>2025-07-11T07:08:53Z</time>
      </trkpt>
      <trkpt lat="47.81496333" lon="20.60738333">
        <ele>160.8</ele>
        <time>2025-07-11T07:08:54Z</time>
      </trkpt>
      <trkpt lat="47.81478167" lon="20.60701833">
        <ele>161.7</ele>
        <time>2025-07-11T07:08:55Z</time>
      </trkpt>
      <trkpt lat="47.814605" lon="20.60666167">
        <ele>162.3</ele>
        <time>2025-07-11T07:08:56Z</time>
      </trkpt>
      <trkpt lat="47.814425" lon="20.60630167">
        <ele>162.9</ele>
        <time>2025-07-11T07:08:57Z</time>
      </trkpt>
      <trkpt lat="47.81425333" lon="20.60596">
        <ele>163.1</ele>
        <time>2025-07-11T07:08:58Z</time>
      </trkpt>
      <trkpt lat="47.81407833" lon="20.60560333">
        <ele>164.8</ele>
        <time>2025-07-11T07:08:59Z</time>
      </trkpt>
      <trkpt lat="47.813905" lon="20.605245">
        <ele>165.3</ele>
        <time>2025-07-11T07:09:00Z</time>
      </trkpt>
      <trkpt lat="47.81373" lon="20.60488667">
        <ele>165.6</ele>
        <time>2025-07-11T07:09:01Z</time>
      </trkpt>
      <trkpt lat="47.81354833" lon="20.60453167">
        <ele>164.6</ele>
        <time>2025-07-11T07:09:02Z</time>
      </trkpt>
      <trkpt lat="47.81337" lon="20.60418333">
        <ele>163.2</ele>
        <time>2025-07-11T07:09:03Z</time>
      </trkpt>
      <trkpt lat="47.81319667" lon="20.60383667">
        <ele>159.9</ele>
        <time>2025-07-11T07:09:04Z</time>
      </trkpt>
      <trkpt lat="47.81302333" lon="20.60349167">
        <ele>160.1</ele>
        <time>2025-07-11T07:09:05Z</time>
      </trkpt>
      <trkpt lat="47.81285167" lon="20.60314667">
        <ele>160.3</ele>
        <time>2025-07-11T07:09:06Z</time>
      </trkpt>
      <trkpt lat="47.81267667" lon="20.60278333">
        <ele>160.5</ele>
        <time>2025-07-11T07:09:07Z</time>
      </trkpt>
      <trkpt lat="47.812505" lon="20.60242333">
        <ele>160.5</ele>
        <time>2025-07-11T07:09:08Z</time>
      </trkpt>
      <trkpt lat="47.81233167" lon="20.60206667">
        <ele>160.6</ele>
        <time>2025-07-11T07:09:09Z</time>
      </trkpt>
      <trkpt lat="47.812165" lon="20.601715">
        <ele>160.8</ele>
        <time>2025-07-11T07:09:10Z</time>
      </trkpt>
      <trkpt lat="47.811995" lon="20.60135667">
        <ele>160.7</ele>
        <time>2025-07-11T07:09:11Z</time>
      </trkpt>
      <trkpt lat="47.81181333" lon="20.60097">
        <ele>158.6</ele>
        <time>2025-07-11T07:09:12Z</time>
      </trkpt>
      <trkpt lat="47.81164167" lon="20.60061333">
        <ele>158.7</ele>
        <time>2025-07-11T07:09:13Z</time>
      </trkpt>
      <trkpt lat="47.81147167" lon="20.60026333">
        <ele>158.8</ele>
        <time>2025-07-11T07:09:14Z</time>
      </trkpt>
      <trkpt lat="47.8113" lon="20.59990167">
        <ele>158.7</ele>
        <time>2025-07-11T07:09:15Z</time>
      </trkpt>
      <trkpt lat="47.81112833" lon="20.59953167">
        <ele>158.3</ele>
        <time>2025-07-11T07:09:16Z</time>
      </trkpt>
      <trkpt lat="47.81095333" lon="20.599135">
        <ele>157.5</ele>
        <time>2025-07-11T07:09:17Z</time>
      </trkpt>
      <trkpt lat="47.81078167" lon="20.59876667">
        <ele>160</ele>
        <time>2025-07-11T07:09:18Z</time>
      </trkpt>
      <trkpt lat="47.81060667" lon="20.598405">
        <ele>160.8</ele>
        <time>2025-07-11T07:09:19Z</time>
      </trkpt>
      <trkpt lat="47.81042833" lon="20.59805333">
        <ele>162</ele>
        <time>2025-07-11T07:09:20Z</time>
      </trkpt>
      <trkpt lat="47.81024833" lon="20.59769">
        <ele>163.5</ele>
        <time>2025-07-11T07:09:21Z</time>
      </trkpt>
      <trkpt lat="47.810085" lon="20.59733">
        <ele>161.4</ele>
        <time>2025-07-11T07:09:22Z</time>
      </trkpt>
      <trkpt lat="47.80991" lon="20.59697">
        <ele>161.3</ele>
        <time>2025-07-11T07:09:23Z</time>
      </trkpt>
      <trkpt lat="47.80972833" lon="20.59661833">
        <ele>162.3</ele>
        <time>2025-07-11T07:09:24Z</time>
      </trkpt>
      <trkpt lat="47.80954833" lon="20.59625667">
        <ele>162.8</ele>
        <time>2025-07-11T07:09:25Z</time>
      </trkpt>
      <trkpt lat="47.809365" lon="20.59590333">
        <ele>163.7</ele>
        <time>2025-07-11T07:09:26Z</time>
      </trkpt>
      <trkpt lat="47.80918833" lon="20.59552333">
        <ele>164</ele>
        <time>2025-07-11T07:09:27Z</time>
      </trkpt>
      <trkpt lat="47.80901833" lon="20.59515167">
        <ele>161.9</ele>
        <time>2025-07-11T07:09:28Z</time>
      </trkpt>
      <trkpt lat="47.80885" lon="20.59480167">
        <ele>160.7</ele>
        <time>2025-07-11T07:09:29Z</time>
      </trkpt>
      <trkpt lat="47.80868667" lon="20.59446667">
        <ele>159.2</ele>
        <time>2025-07-11T07:09:30Z</time>
      </trkpt>
      <trkpt lat="47.80851333" lon="20.59414167">
        <ele>163.4</ele>
        <time>2025-07-11T07:09:31Z</time>
      </trkpt>
      <trkpt lat="47.80834" lon="20.593795">
        <ele>164</ele>
        <time>2025-07-11T07:09:32Z</time>
      </trkpt>
      <trkpt lat="47.80816" lon="20.59344833">
        <ele>164.9</ele>
        <time>2025-07-11T07:09:33Z</time>
      </trkpt>
      <trkpt lat="47.80799167" lon="20.59309">
        <ele>165.6</ele>
        <time>2025-07-11T07:09:34Z</time>
      </trkpt>
      <trkpt lat="47.80783" lon="20.59274">
        <ele>166.7</ele>
        <time>2025-07-11T07:09:35Z</time>
      </trkpt>
      <trkpt lat="47.80767167" lon="20.592395">
        <ele>167.6</ele>
        <time>2025-07-11T07:09:36Z</time>
      </trkpt>
      <trkpt lat="47.80749" lon="20.59200167">
        <ele>171.9</ele>
        <time>2025-07-11T07:09:37Z</time>
      </trkpt>
      <trkpt lat="47.80731667" lon="20.59163">
        <ele>173</ele>
        <time>2025-07-11T07:09:38Z</time>
      </trkpt>
      <trkpt lat="47.80712833" lon="20.591275">
        <ele>172.7</ele>
        <time>2025-07-11T07:09:39Z</time>
      </trkpt>
      <trkpt lat="47.806945" lon="20.59089833">
        <ele>172.6</ele>
        <time>2025-07-11T07:09:40Z</time>
      </trkpt>
      <trkpt lat="47.80677333" lon="20.59051167">
        <ele>171.4</ele>
        <time>2025-07-11T07:09:41Z</time>
      </trkpt>
      <trkpt lat="47.80659333" lon="20.590145">
        <ele>170.4</ele>
        <time>2025-07-11T07:09:42Z</time>
      </trkpt>
      <trkpt lat="47.80642167" lon="20.58977167">
        <ele>168.5</ele>
        <time>2025-07-11T07:09:43Z</time>
      </trkpt>
      <trkpt lat="47.80624833" lon="20.5894">
        <ele>168.4</ele>
        <time>2025-07-11T07:09:44Z</time>
      </trkpt>
      <trkpt lat="47.80608" lon="20.58902833">
        <ele>167.4</ele>
        <time>2025-07-11T07:09:45Z</time>
      </trkpt>
      <trkpt lat="47.805915" lon="20.588645">
        <ele>164.1</ele>
        <time>2025-07-11T07:09:46Z</time>
      </trkpt>
      <trkpt lat="47.80574667" lon="20.58827167">
        <ele>164.2</ele>
        <time>2025-07-11T07:09:47Z</time>
      </trkpt>
      <trkpt lat="47.805585" lon="20.587885">
        <ele>164.2</ele>
        <time>2025-07-11T07:09:48Z</time>
      </trkpt>
      <trkpt lat="47.805415" lon="20.58750167">
        <ele>164.5</ele>
        <time>2025-07-11T07:09:49Z</time>
      </trkpt>
      <trkpt lat="47.80525167" lon="20.587115">
        <ele>164.6</ele>
        <time>2025-07-11T07:09:50Z</time>
      </trkpt>
      <trkpt lat="47.80509167" lon="20.58672667">
        <ele>164.7</ele>
        <time>2025-07-11T07:09:51Z</time>
      </trkpt>
      <trkpt lat="47.80494167" lon="20.58635833">
        <ele>164.9</ele>
        <time>2025-07-11T07:09:52Z</time>
      </trkpt>
      <trkpt lat="47.80479" lon="20.58598333">
        <ele>162</ele>
        <time>2025-07-11T07:09:53Z</time>
      </trkpt>
      <trkpt lat="47.80463333" lon="20.585605">
        <ele>162.3</ele>
        <time>2025-07-11T07:09:54Z</time>
      </trkpt>
      <trkpt lat="47.80448" lon="20.58522667">
        <ele>162.8</ele>
        <time>2025-07-11T07:09:55Z</time>
      </trkpt>
      <trkpt lat="47.80432" lon="20.58485">
        <ele>163.3</ele>
        <time>2025-07-11T07:09:56Z</time>
      </trkpt>
      <trkpt lat="47.80417" lon="20.58445833">
        <ele>163.5</ele>
        <time>2025-07-11T07:09:57Z</time>
      </trkpt>
      <trkpt lat="47.80402667" lon="20.58408167">
        <ele>163.8</ele>
        <time>2025-07-11T07:09:58Z</time>
      </trkpt>
      <trkpt lat="47.803865" lon="20.58371833">
        <ele>163</ele>
        <time>2025-07-11T07:09:59Z</time>
      </trkpt>
      <trkpt lat="47.80371833" lon="20.58335167">
        <ele>162.5</ele>
        <time>2025-07-11T07:10:00Z</time>
      </trkpt>
      <trkpt lat="47.803555" lon="20.58297833">
        <ele>161.4</ele>
        <time>2025-07-11T07:10:01Z</time>
      </trkpt>
      <trkpt lat="47.803405" lon="20.58261667">
        <ele>161.6</ele>
        <time>2025-07-11T07:10:02Z</time>
      </trkpt>
      <trkpt lat="47.80325333" lon="20.58225167">
        <ele>161</ele>
        <time>2025-07-11T07:10:03Z</time>
      </trkpt>
      <trkpt lat="47.80309167" lon="20.581875">
        <ele>160.5</ele>
        <time>2025-07-11T07:10:04Z</time>
      </trkpt>
      <trkpt lat="47.80293333" lon="20.58149833">
        <ele>159.9</ele>
        <time>2025-07-11T07:10:05Z</time>
      </trkpt>
      <trkpt lat="47.80277333" lon="20.58111333">
        <ele>160</ele>
        <time>2025-07-11T07:10:06Z</time>
      </trkpt>
      <trkpt lat="47.80261833" lon="20.58072833">
        <ele>160.2</ele>
        <time>2025-07-11T07:10:07Z</time>
      </trkpt>
      <trkpt lat="47.80246" lon="20.58034">
        <ele>159.7</ele>
        <time>2025-07-11T07:10:08Z</time>
      </trkpt>
      <trkpt lat="47.80230667" lon="20.57996667">
        <ele>158</ele>
        <time>2025-07-11T07:10:09Z</time>
      </trkpt>
      <trkpt lat="47.80216167" lon="20.57959833">
        <ele>157.2</ele>
        <time>2025-07-11T07:10:10Z</time>
      </trkpt>
      <trkpt lat="47.80202" lon="20.57924167">
        <ele>157.2</ele>
        <time>2025-07-11T07:10:11Z</time>
      </trkpt>
      <trkpt lat="47.80186667" lon="20.578885">
        <ele>157.2</ele>
        <time>2025-07-11T07:10:12Z</time>
      </trkpt>
      <trkpt lat="47.80172333" lon="20.578545">
        <ele>157.2</ele>
        <time>2025-07-11T07:10:13Z</time>
      </trkpt>
      <trkpt lat="47.80158" lon="20.57820833">
        <ele>157</ele>
        <time>2025-07-11T07:10:14Z</time>
      </trkpt>
      <trkpt lat="47.80144167" lon="20.57787833">
        <ele>157.6</ele>
        <time>2025-07-11T07:10:15Z</time>
      </trkpt>
      <trkpt lat="47.80130667" lon="20.57755667">
        <ele>157.7</ele>
        <time>2025-07-11T07:10:16Z</time>
      </trkpt>
      <trkpt lat="47.80117833" lon="20.57723833">
        <ele>157.5</ele>
        <time>2025-07-11T07:10:17Z</time>
      </trkpt>
      <trkpt lat="47.80105833" lon="20.57693333">
        <ele>157.7</ele>
        <time>2025-07-11T07:10:18Z</time>
      </trkpt>
      <trkpt lat="47.800945" lon="20.57662667">
        <ele>158.2</ele>
        <time>2025-07-11T07:10:19Z</time>
      </trkpt>
      <trkpt lat="47.80082333" lon="20.576335">
        <ele>156.8</ele>
        <time>2025-07-11T07:10:20Z</time>
      </trkpt>
      <trkpt lat="47.800705" lon="20.57604833">
        <ele>157</ele>
        <time>2025-07-11T07:10:21Z</time>
      </trkpt>
      <trkpt lat="47.80058833" lon="20.575765">
        <ele>157</ele>
        <time>2025-07-11T07:10:22Z</time>
      </trkpt>
      <trkpt lat="47.80047333" lon="20.575485">
        <ele>157.5</ele>
        <time>2025-07-11T07:10:23Z</time>
      </trkpt>
      <trkpt lat="47.80036" lon="20.57520833">
        <ele>157.7</ele>
        <time>2025-07-11T07:10:24Z</time>
      </trkpt>
      <trkpt lat="47.800245" lon="20.57493667">
        <ele>157.3</ele>
        <time>2025-07-11T07:10:25Z</time>
      </trkpt>
      <trkpt lat="47.800135" lon="20.57466">
        <ele>156.9</ele>
        <time>2025-07-11T07:10:26Z</time>
      </trkpt>
      <trkpt lat="47.80002667" lon="20.57437833">
        <ele>156.8</ele>
        <time>2025-07-11T07:10:27Z</time>
      </trkpt>
      <trkpt lat="47.79991667" lon="20.57410333">
        <ele>156.5</ele>
        <time>2025-07-11T07:10:28Z</time>
      </trkpt>
      <trkpt lat="47.79980333" lon="20.57383167">
        <ele>155.6</ele>
        <time>2025-07-11T07:10:29Z</time>
      </trkpt>
      <trkpt lat="47.79969667" lon="20.57356833">
        <ele>154.9</ele>
        <time>2025-07-11T07:10:30Z</time>
      </trkpt>
      <trkpt lat="47.79959" lon="20.57330833">
        <ele>154.3</ele>
        <time>2025-07-11T07:10:31Z</time>
      </trkpt>
      <trkpt lat="47.79948" lon="20.57304833">
        <ele>154.7</ele>
        <time>2025-07-11T07:10:32Z</time>
      </trkpt>
      <trkpt lat="47.79938" lon="20.57279333">
        <ele>155.4</ele>
        <time>2025-07-11T07:10:33Z</time>
      </trkpt>
      <trkpt lat="47.79927167" lon="20.57253667">
        <ele>154.9</ele>
        <time>2025-07-11T07:10:34Z</time>
      </trkpt>
      <trkpt lat="47.79916333" lon="20.572265">
        <ele>155.4</ele>
        <time>2025-07-11T07:10:35Z</time>
      </trkpt>
      <trkpt lat="47.79905" lon="20.57199">
        <ele>155.7</ele>
        <time>2025-07-11T07:10:36Z</time>
      </trkpt>
      <trkpt lat="47.79893667" lon="20.57172">
        <ele>155.5</ele>
        <time>2025-07-11T07:10:37Z</time>
      </trkpt>
      <trkpt lat="47.79883333" lon="20.57146167">
        <ele>155.2</ele>
        <time>2025-07-11T07:10:38Z</time>
      </trkpt>
      <trkpt lat="47.79873333" lon="20.57119833">
        <ele>156.1</ele>
        <time>2025-07-11T07:10:39Z</time>
      </trkpt>
      <trkpt lat="47.79863167" lon="20.57093667">
        <ele>155.9</ele>
        <time>2025-07-11T07:10:40Z</time>
      </trkpt>
      <trkpt lat="47.79853" lon="20.570675">
        <ele>157.3</ele>
        <time>2025-07-11T07:10:41Z</time>
      </trkpt>
      <trkpt lat="47.79842833" lon="20.57042">
        <ele>157.2</ele>
        <time>2025-07-11T07:10:42Z</time>
      </trkpt>
      <trkpt lat="47.79832667" lon="20.57017167">
        <ele>156.1</ele>
        <time>2025-07-11T07:10:43Z</time>
      </trkpt>
      <trkpt lat="47.798225" lon="20.56992167">
        <ele>155.7</ele>
        <time>2025-07-11T07:10:44Z</time>
      </trkpt>
      <trkpt lat="47.79811833" lon="20.56967333">
        <ele>155.7</ele>
        <time>2025-07-11T07:10:45Z</time>
      </trkpt>
      <trkpt lat="47.79802" lon="20.56942833">
        <ele>156.5</ele>
        <time>2025-07-11T07:10:46Z</time>
      </trkpt>
      <trkpt lat="47.79791" lon="20.56916833">
        <ele>157.3</ele>
        <time>2025-07-11T07:10:47Z</time>
      </trkpt>
      <trkpt lat="47.79780167" lon="20.568915">
        <ele>156.3</ele>
        <time>2025-07-11T07:10:48Z</time>
      </trkpt>
      <trkpt lat="47.79768833" lon="20.56865833">
        <ele>155.5</ele>
        <time>2025-07-11T07:10:49Z</time>
      </trkpt>
      <trkpt lat="47.797575" lon="20.5684">
        <ele>155.5</ele>
        <time>2025-07-11T07:10:50Z</time>
      </trkpt>
      <trkpt lat="47.79747167" lon="20.56813833">
        <ele>156.6</ele>
        <time>2025-07-11T07:10:51Z</time>
      </trkpt>
      <trkpt lat="47.797375" lon="20.56788167">
        <ele>156.7</ele>
        <time>2025-07-11T07:10:52Z</time>
      </trkpt>
      <trkpt lat="47.79728" lon="20.567625">
        <ele>156.5</ele>
        <time>2025-07-11T07:10:53Z</time>
      </trkpt>
      <trkpt lat="47.79718" lon="20.56736667">
        <ele>156.3</ele>
        <time>2025-07-11T07:10:54Z</time>
      </trkpt>
      <trkpt lat="47.797085" lon="20.56713">
        <ele>155.3</ele>
        <time>2025-07-11T07:10:55Z</time>
      </trkpt>
      <trkpt lat="47.79698833" lon="20.56687333">
        <ele>155.3</ele>
        <time>2025-07-11T07:10:56Z</time>
      </trkpt>
      <trkpt lat="47.79688167" lon="20.56662333">
        <ele>154.8</ele>
        <time>2025-07-11T07:10:57Z</time>
      </trkpt>
      <trkpt lat="47.79677667" lon="20.56637">
        <ele>154.3</ele>
        <time>2025-07-11T07:10:58Z</time>
      </trkpt>
      <trkpt lat="47.79668" lon="20.56611833">
        <ele>153.7</ele>
        <time>2025-07-11T07:10:59Z</time>
      </trkpt>
      <trkpt lat="47.79658667" lon="20.56587667">
        <ele>153.2</ele>
        <time>2025-07-11T07:11:00Z</time>
      </trkpt>
      <trkpt lat="47.796485" lon="20.56562667">
        <ele>153.2</ele>
        <time>2025-07-11T07:11:01Z</time>
      </trkpt>
      <trkpt lat="47.79637833" lon="20.565375">
        <ele>153.1</ele>
        <time>2025-07-11T07:11:02Z</time>
      </trkpt>
      <trkpt lat="47.79626833" lon="20.56512833">
        <ele>154.6</ele>
        <time>2025-07-11T07:11:03Z</time>
      </trkpt>
      <trkpt lat="47.79616667" lon="20.56487833">
        <ele>155.1</ele>
        <time>2025-07-11T07:11:04Z</time>
      </trkpt>
      <trkpt lat="47.79606667" lon="20.56463">
        <ele>155.3</ele>
        <time>2025-07-11T07:11:05Z</time>
      </trkpt>
      <trkpt lat="47.79596667" lon="20.564385">
        <ele>155.4</ele>
        <time>2025-07-11T07:11:06Z</time>
      </trkpt>
      <trkpt lat="47.79586" lon="20.56414167">
        <ele>155.3</ele>
        <time>2025-07-11T07:11:07Z</time>
      </trkpt>
      <trkpt lat="47.79575" lon="20.56391333">
        <ele>154.5</ele>
        <time>2025-07-11T07:11:08Z</time>
      </trkpt>
      <trkpt lat="47.79564833" lon="20.56367167">
        <ele>155.3</ele>
        <time>2025-07-11T07:11:09Z</time>
      </trkpt>
      <trkpt lat="47.79555167" lon="20.56343">
        <ele>154.7</ele>
        <time>2025-07-11T07:11:10Z</time>
      </trkpt>
      <trkpt lat="47.79544333" lon="20.56317667">
        <ele>152.3</ele>
        <time>2025-07-11T07:11:11Z</time>
      </trkpt>
      <trkpt lat="47.79533833" lon="20.56292333">
        <ele>152.4</ele>
        <time>2025-07-11T07:11:12Z</time>
      </trkpt>
      <trkpt lat="47.79524833" lon="20.562665">
        <ele>153.1</ele>
        <time>2025-07-11T07:11:13Z</time>
      </trkpt>
      <trkpt lat="47.79515333" lon="20.56241667">
        <ele>153.7</ele>
        <time>2025-07-11T07:11:14Z</time>
      </trkpt>
      <trkpt lat="47.79504667" lon="20.562165">
        <ele>153.6</ele>
        <time>2025-07-11T07:11:15Z</time>
      </trkpt>
      <trkpt lat="47.79494167" lon="20.56192">
        <ele>154.6</ele>
        <time>2025-07-11T07:11:16Z</time>
      </trkpt>
      <trkpt lat="47.79483833" lon="20.56167">
        <ele>155</ele>
        <time>2025-07-11T07:11:17Z</time>
      </trkpt>
      <trkpt lat="47.79474333" lon="20.561435">
        <ele>155.1</ele>
        <time>2025-07-11T07:11:18Z</time>
      </trkpt>
      <trkpt lat="47.79465" lon="20.56121167">
        <ele>155.4</ele>
        <time>2025-07-11T07:11:19Z</time>
      </trkpt>
      <trkpt lat="47.79456167" lon="20.56098667">
        <ele>155.3</ele>
        <time>2025-07-11T07:11:20Z</time>
      </trkpt>
      <trkpt lat="47.79447333" lon="20.56077">
        <ele>156.2</ele>
        <time>2025-07-11T07:11:21Z</time>
      </trkpt>
      <trkpt lat="47.79439167" lon="20.560545">
        <ele>156.1</ele>
        <time>2025-07-11T07:11:22Z</time>
      </trkpt>
      <trkpt lat="47.7943" lon="20.56032333">
        <ele>157.2</ele>
        <time>2025-07-11T07:11:23Z</time>
      </trkpt>
      <trkpt lat="47.79421167" lon="20.56011">
        <ele>157.8</ele>
        <time>2025-07-11T07:11:24Z</time>
      </trkpt>
      <trkpt lat="47.79412667" lon="20.55989833">
        <ele>158</ele>
        <time>2025-07-11T07:11:25Z</time>
      </trkpt>
      <trkpt lat="47.79404333" lon="20.55969">
        <ele>158.2</ele>
        <time>2025-07-11T07:11:26Z</time>
      </trkpt>
      <trkpt lat="47.79396167" lon="20.55948167">
        <ele>158.5</ele>
        <time>2025-07-11T07:11:27Z</time>
      </trkpt>
      <trkpt lat="47.79388" lon="20.55927333">
        <ele>158.9</ele>
        <time>2025-07-11T07:11:28Z</time>
      </trkpt>
      <trkpt lat="47.79379667" lon="20.55906833">
        <ele>159.1</ele>
        <time>2025-07-11T07:11:29Z</time>
      </trkpt>
      <trkpt lat="47.79371167" lon="20.558865">
        <ele>159.4</ele>
        <time>2025-07-11T07:11:30Z</time>
      </trkpt>
      <trkpt lat="47.793625" lon="20.55866">
        <ele>159.6</ele>
        <time>2025-07-11T07:11:31Z</time>
      </trkpt>
      <trkpt lat="47.79354333" lon="20.55845">
        <ele>159.8</ele>
        <time>2025-07-11T07:11:32Z</time>
      </trkpt>
      <trkpt lat="47.79345833" lon="20.55825">
        <ele>159.5</ele>
        <time>2025-07-11T07:11:33Z</time>
      </trkpt>
      <trkpt lat="47.79338833" lon="20.55805">
        <ele>159.2</ele>
        <time>2025-07-11T07:11:34Z</time>
      </trkpt>
      <trkpt lat="47.79331333" lon="20.55784833">
        <ele>159.6</ele>
        <time>2025-07-11T07:11:35Z</time>
      </trkpt>
      <trkpt lat="47.79323333" lon="20.557635">
        <ele>159.2</ele>
        <time>2025-07-11T07:11:36Z</time>
      </trkpt>
      <trkpt lat="47.793155" lon="20.55743667">
        <ele>158.8</ele>
        <time>2025-07-11T07:11:37Z</time>
      </trkpt>
      <trkpt lat="47.79307" lon="20.55723333">
        <ele>155</ele>
        <time>2025-07-11T07:11:38Z</time>
      </trkpt>
      <trkpt lat="47.79299167" lon="20.557025">
        <ele>154.7</ele>
        <time>2025-07-11T07:11:39Z</time>
      </trkpt>
      <trkpt lat="47.79290833" lon="20.55681">
        <ele>154.9</ele>
        <time>2025-07-11T07:11:40Z</time>
      </trkpt>
      <trkpt lat="47.79282333" lon="20.55660667">
        <ele>154.4</ele>
        <time>2025-07-11T07:11:41Z</time>
      </trkpt>
      <trkpt lat="47.79274167" lon="20.55641333">
        <ele>152</ele>
        <time>2025-07-11T07:11:42Z</time>
      </trkpt>
      <trkpt lat="47.79265667" lon="20.55620167">
        <ele>151.4</ele>
        <time>2025-07-11T07:11:43Z</time>
      </trkpt>
      <trkpt lat="47.79257167" lon="20.556005">
        <ele>151.6</ele>
        <time>2025-07-11T07:11:44Z</time>
      </trkpt>
      <trkpt lat="47.79248333" lon="20.55580667">
        <ele>150.2</ele>
        <time>2025-07-11T07:11:45Z</time>
      </trkpt>
      <trkpt lat="47.79240167" lon="20.555605">
        <ele>149.5</ele>
        <time>2025-07-11T07:11:46Z</time>
      </trkpt>
      <trkpt lat="47.792325" lon="20.55540833">
        <ele>148.9</ele>
        <time>2025-07-11T07:11:47Z</time>
      </trkpt>
      <trkpt lat="47.79225667" lon="20.55522167">
        <ele>148.9</ele>
        <time>2025-07-11T07:11:48Z</time>
      </trkpt>
      <trkpt lat="47.79217667" lon="20.55502833">
        <ele>148.1</ele>
        <time>2025-07-11T07:11:49Z</time>
      </trkpt>
      <trkpt lat="47.79209333" lon="20.55483333">
        <ele>147.7</ele>
        <time>2025-07-11T07:11:50Z</time>
      </trkpt>
      <trkpt lat="47.79201333" lon="20.55464167">
        <ele>148.9</ele>
        <time>2025-07-11T07:11:51Z</time>
      </trkpt>
      <trkpt lat="47.79193167" lon="20.554455">
        <ele>149.1</ele>
        <time>2025-07-11T07:11:52Z</time>
      </trkpt>
      <trkpt lat="47.79184667" lon="20.55426167">
        <ele>149</ele>
        <time>2025-07-11T07:11:53Z</time>
      </trkpt>
      <trkpt lat="47.79176" lon="20.55406833">
        <ele>149</ele>
        <time>2025-07-11T07:11:54Z</time>
      </trkpt>
      <trkpt lat="47.79167667" lon="20.55388167">
        <ele>149.9</ele>
        <time>2025-07-11T07:11:55Z</time>
      </trkpt>
      <trkpt lat="47.79159667" lon="20.55368667">
        <ele>150</ele>
        <time>2025-07-11T07:11:56Z</time>
      </trkpt>
      <trkpt lat="47.79152667" lon="20.55348667">
        <ele>149.7</ele>
        <time>2025-07-11T07:11:57Z</time>
      </trkpt>
      <trkpt lat="47.791445" lon="20.55328">
        <ele>149.7</ele>
        <time>2025-07-11T07:11:58Z</time>
      </trkpt>
      <trkpt lat="47.79136" lon="20.55306167">
        <ele>149.7</ele>
        <time>2025-07-11T07:11:59Z</time>
      </trkpt>
      <trkpt lat="47.79127167" lon="20.55283167">
        <ele>148.8</ele>
        <time>2025-07-11T07:12:00Z</time>
      </trkpt>
      <trkpt lat="47.79118167" lon="20.552615">
        <ele>148.5</ele>
        <time>2025-07-11T07:12:01Z</time>
      </trkpt>
      <trkpt lat="47.79109167" lon="20.55238667">
        <ele>148.7</ele>
        <time>2025-07-11T07:12:02Z</time>
      </trkpt>
      <trkpt lat="47.79099833" lon="20.55215167">
        <ele>149</ele>
        <time>2025-07-11T07:12:03Z</time>
      </trkpt>
      <trkpt lat="47.79089667" lon="20.55190333">
        <ele>149.3</ele>
        <time>2025-07-11T07:12:04Z</time>
      </trkpt>
      <trkpt lat="47.79079667" lon="20.551645">
        <ele>149.8</ele>
        <time>2025-07-11T07:12:05Z</time>
      </trkpt>
      <trkpt lat="47.79069667" lon="20.55138667">
        <ele>150.5</ele>
        <time>2025-07-11T07:12:06Z</time>
      </trkpt>
      <trkpt lat="47.7906" lon="20.55113">
        <ele>151.2</ele>
        <time>2025-07-11T07:12:07Z</time>
      </trkpt>
      <trkpt lat="47.79049833" lon="20.55088167">
        <ele>151.8</ele>
        <time>2025-07-11T07:12:08Z</time>
      </trkpt>
      <trkpt lat="47.790395" lon="20.55062833">
        <ele>152</ele>
        <time>2025-07-11T07:12:09Z</time>
      </trkpt>
      <trkpt lat="47.79029667" lon="20.55037833">
        <ele>152.3</ele>
        <time>2025-07-11T07:12:10Z</time>
      </trkpt>
      <trkpt lat="47.79018333" lon="20.55010833">
        <ele>153.3</ele>
        <time>2025-07-11T07:12:11Z</time>
      </trkpt>
      <trkpt lat="47.79007667" lon="20.54985333">
        <ele>154.2</ele>
        <time>2025-07-11T07:12:12Z</time>
      </trkpt>
      <trkpt lat="47.78998167" lon="20.549605">
        <ele>154.8</ele>
        <time>2025-07-11T07:12:13Z</time>
      </trkpt>
      <trkpt lat="47.789865" lon="20.54935333">
        <ele>153.2</ele>
        <time>2025-07-11T07:12:14Z</time>
      </trkpt>
      <trkpt lat="47.78975167" lon="20.549085">
        <ele>152.8</ele>
        <time>2025-07-11T07:12:15Z</time>
      </trkpt>
      <trkpt lat="47.78964667" lon="20.54884333">
        <ele>153.3</ele>
        <time>2025-07-11T07:12:16Z</time>
      </trkpt>
      <trkpt lat="47.78955" lon="20.54858833">
        <ele>155.4</ele>
        <time>2025-07-11T07:12:17Z</time>
      </trkpt>
      <trkpt lat="47.78944" lon="20.54834333">
        <ele>156.2</ele>
        <time>2025-07-11T07:12:18Z</time>
      </trkpt>
      <trkpt lat="47.78934167" lon="20.548085">
        <ele>156.3</ele>
        <time>2025-07-11T07:12:19Z</time>
      </trkpt>
      <trkpt lat="47.78924333" lon="20.54784">
        <ele>156.4</ele>
        <time>2025-07-11T07:12:20Z</time>
      </trkpt>
      <trkpt lat="47.78914167" lon="20.54759333">
        <ele>156.5</ele>
        <time>2025-07-11T07:12:21Z</time>
      </trkpt>
      <trkpt lat="47.78904333" lon="20.54735333">
        <ele>156.8</ele>
        <time>2025-07-11T07:12:22Z</time>
      </trkpt>
      <trkpt lat="47.788945" lon="20.547115">
        <ele>157.1</ele>
        <time>2025-07-11T07:12:23Z</time>
      </trkpt>
      <trkpt lat="47.788855" lon="20.54688">
        <ele>157.8</ele>
        <time>2025-07-11T07:12:24Z</time>
      </trkpt>
      <trkpt lat="47.788755" lon="20.54664167">
        <ele>157.8</ele>
        <time>2025-07-11T07:12:25Z</time>
      </trkpt>
      <trkpt lat="47.788555" lon="20.54614667">
        <ele>157</ele>
        <time>2025-07-11T07:12:27Z</time>
      </trkpt>
      <trkpt lat="47.788445" lon="20.54590667">
        <ele>157.4</ele>
        <time>2025-07-11T07:12:28Z</time>
      </trkpt>
      <trkpt lat="47.78835167" lon="20.545665">
        <ele>157</ele>
        <time>2025-07-11T07:12:29Z</time>
      </trkpt>
      <trkpt lat="47.78825167" lon="20.54542167">
        <ele>157</ele>
        <time>2025-07-11T07:12:30Z</time>
      </trkpt>
      <trkpt lat="47.78815333" lon="20.54517333">
        <ele>157</ele>
        <time>2025-07-11T07:12:31Z</time>
      </trkpt>
      <trkpt lat="47.78805" lon="20.544935">
        <ele>156.8</ele>
        <time>2025-07-11T07:12:32Z</time>
      </trkpt>
      <trkpt lat="47.78794833" lon="20.544705">
        <ele>156.8</ele>
        <time>2025-07-11T07:12:33Z</time>
      </trkpt>
      <trkpt lat="47.78785833" lon="20.54447833">
        <ele>156.8</ele>
        <time>2025-07-11T07:12:34Z</time>
      </trkpt>
      <trkpt lat="47.78776333" lon="20.54424333">
        <ele>156.9</ele>
        <time>2025-07-11T07:12:35Z</time>
      </trkpt>
      <trkpt lat="47.78767167" lon="20.544">
        <ele>157</ele>
        <time>2025-07-11T07:12:36Z</time>
      </trkpt>
      <trkpt lat="47.78757667" lon="20.54376167">
        <ele>157</ele>
        <time>2025-07-11T07:12:37Z</time>
      </trkpt>
      <trkpt lat="47.78747833" lon="20.54352167">
        <ele>156.8</ele>
        <time>2025-07-11T07:12:38Z</time>
      </trkpt>
      <trkpt lat="47.78727833" lon="20.54303333">
        <ele>157.2</ele>
        <time>2025-07-11T07:12:40Z</time>
      </trkpt>
      <trkpt lat="47.78718167" lon="20.54279333">
        <ele>157.2</ele>
        <time>2025-07-11T07:12:41Z</time>
      </trkpt>
      <trkpt lat="47.78708167" lon="20.54255333">
        <ele>157</ele>
        <time>2025-07-11T07:12:42Z</time>
      </trkpt>
      <trkpt lat="47.78689" lon="20.54207833">
        <ele>157.4</ele>
        <time>2025-07-11T07:12:44Z</time>
      </trkpt>
      <trkpt lat="47.78679" lon="20.541835">
        <ele>157</ele>
        <time>2025-07-11T07:12:45Z</time>
      </trkpt>
      <trkpt lat="47.78669167" lon="20.54159667">
        <ele>156.9</ele>
        <time>2025-07-11T07:12:46Z</time>
      </trkpt>
      <trkpt lat="47.78659333" lon="20.54135333">
        <ele>156.6</ele>
        <time>2025-07-11T07:12:47Z</time>
      </trkpt>
      <trkpt lat="47.78649167" lon="20.54110667">
        <ele>156.3</ele>
        <time>2025-07-11T07:12:48Z</time>
      </trkpt>
      <trkpt lat="47.78638333" lon="20.54087">
        <ele>152.6</ele>
        <time>2025-07-11T07:12:49Z</time>
      </trkpt>
      <trkpt lat="47.786285" lon="20.54062667">
        <ele>151.7</ele>
        <time>2025-07-11T07:12:50Z</time>
      </trkpt>
      <trkpt lat="47.78619" lon="20.54038167">
        <ele>151.1</ele>
        <time>2025-07-11T07:12:51Z</time>
      </trkpt>
      <trkpt lat="47.78609667" lon="20.54012333">
        <ele>150.8</ele>
        <time>2025-07-11T07:12:52Z</time>
      </trkpt>
      <trkpt lat="47.78599" lon="20.53986167">
        <ele>150.3</ele>
        <time>2025-07-11T07:12:53Z</time>
      </trkpt>
      <trkpt lat="47.78589333" lon="20.539605">
        <ele>149.4</ele>
        <time>2025-07-11T07:12:54Z</time>
      </trkpt>
      <trkpt lat="47.78581333" lon="20.539365">
        <ele>147.9</ele>
        <time>2025-07-11T07:12:55Z</time>
      </trkpt>
      <trkpt lat="47.78571" lon="20.53912333">
        <ele>150.5</ele>
        <time>2025-07-11T07:12:56Z</time>
      </trkpt>
      <trkpt lat="47.78561167" lon="20.53887833">
        <ele>150.4</ele>
        <time>2025-07-11T07:12:57Z</time>
      </trkpt>
      <trkpt lat="47.78551167" lon="20.53863167">
        <ele>150.4</ele>
        <time>2025-07-11T07:12:58Z</time>
      </trkpt>
      <trkpt lat="47.78540333" lon="20.538375">
        <ele>151.8</ele>
        <time>2025-07-11T07:12:59Z</time>
      </trkpt>
      <trkpt lat="47.78529333" lon="20.53812167">
        <ele>152.1</ele>
        <time>2025-07-11T07:13:00Z</time>
      </trkpt>
      <trkpt lat="47.78518833" lon="20.53785833">
        <ele>153.4</ele>
        <time>2025-07-11T07:13:01Z</time>
      </trkpt>
      <trkpt lat="47.78508" lon="20.53760833">
        <ele>153.7</ele>
        <time>2025-07-11T07:13:02Z</time>
      </trkpt>
      <trkpt lat="47.78498333" lon="20.53736167">
        <ele>153.7</ele>
        <time>2025-07-11T07:13:03Z</time>
      </trkpt>
      <trkpt lat="47.78488333" lon="20.53710667">
        <ele>153.6</ele>
        <time>2025-07-11T07:13:04Z</time>
      </trkpt>
      <trkpt lat="47.78478333" lon="20.53686">
        <ele>153.9</ele>
        <time>2025-07-11T07:13:05Z</time>
      </trkpt>
      <trkpt lat="47.784675" lon="20.53659">
        <ele>154.3</ele>
        <time>2025-07-11T07:13:06Z</time>
      </trkpt>
      <trkpt lat="47.78456667" lon="20.53633667">
        <ele>153.8</ele>
        <time>2025-07-11T07:13:07Z</time>
      </trkpt>
      <trkpt lat="47.78445833" lon="20.53608167">
        <ele>153.7</ele>
        <time>2025-07-11T07:13:08Z</time>
      </trkpt>
      <trkpt lat="47.78434833" lon="20.535835">
        <ele>154.2</ele>
        <time>2025-07-11T07:13:09Z</time>
      </trkpt>
      <trkpt lat="47.784245" lon="20.535585">
        <ele>154.1</ele>
        <time>2025-07-11T07:13:10Z</time>
      </trkpt>
      <trkpt lat="47.78415167" lon="20.53533333">
        <ele>154.1</ele>
        <time>2025-07-11T07:13:11Z</time>
      </trkpt>
      <trkpt lat="47.78406167" lon="20.53508833">
        <ele>154.4</ele>
        <time>2025-07-11T07:13:12Z</time>
      </trkpt>
      <trkpt lat="47.78395833" lon="20.53483333">
        <ele>155.3</ele>
        <time>2025-07-11T07:13:13Z</time>
      </trkpt>
      <trkpt lat="47.78384833" lon="20.53457333">
        <ele>155.5</ele>
        <time>2025-07-11T07:13:14Z</time>
      </trkpt>
      <trkpt lat="47.78372167" lon="20.534295">
        <ele>151.6</ele>
        <time>2025-07-11T07:13:15Z</time>
      </trkpt>
      <trkpt lat="47.783625" lon="20.534025">
        <ele>152</ele>
        <time>2025-07-11T07:13:16Z</time>
      </trkpt>
      <trkpt lat="47.78351" lon="20.53377333">
        <ele>152.3</ele>
        <time>2025-07-11T07:13:17Z</time>
      </trkpt>
      <trkpt lat="47.783405" lon="20.533515">
        <ele>152.7</ele>
        <time>2025-07-11T07:13:18Z</time>
      </trkpt>
      <trkpt lat="47.78329667" lon="20.53325333">
        <ele>152.6</ele>
        <time>2025-07-11T07:13:19Z</time>
      </trkpt>
      <trkpt lat="47.78318667" lon="20.53300167">
        <ele>153.3</ele>
        <time>2025-07-11T07:13:20Z</time>
      </trkpt>
      <trkpt lat="47.78309333" lon="20.53277167">
        <ele>161.4</ele>
        <time>2025-07-11T07:13:21Z</time>
      </trkpt>
      <trkpt lat="47.78299333" lon="20.532525">
        <ele>164.8</ele>
        <time>2025-07-11T07:13:22Z</time>
      </trkpt>
      <trkpt lat="47.782895" lon="20.53227333">
        <ele>166.3</ele>
        <time>2025-07-11T07:13:23Z</time>
      </trkpt>
      <trkpt lat="47.78278833" lon="20.53203">
        <ele>165</ele>
        <time>2025-07-11T07:13:24Z</time>
      </trkpt>
      <trkpt lat="47.78268167" lon="20.53178333">
        <ele>165.5</ele>
        <time>2025-07-11T07:13:25Z</time>
      </trkpt>
      <trkpt lat="47.78257167" lon="20.53152833">
        <ele>164.5</ele>
        <time>2025-07-11T07:13:26Z</time>
      </trkpt>
      <trkpt lat="47.78246667" lon="20.53128333">
        <ele>164.6</ele>
        <time>2025-07-11T07:13:27Z</time>
      </trkpt>
      <trkpt lat="47.78236167" lon="20.531015">
        <ele>165.1</ele>
        <time>2025-07-11T07:13:28Z</time>
      </trkpt>
      <trkpt lat="47.78225833" lon="20.53075833">
        <ele>165.3</ele>
        <time>2025-07-11T07:13:29Z</time>
      </trkpt>
      <trkpt lat="47.78215667" lon="20.53048833">
        <ele>165.5</ele>
        <time>2025-07-11T07:13:30Z</time>
      </trkpt>
      <trkpt lat="47.78205167" lon="20.53024667">
        <ele>165.3</ele>
        <time>2025-07-11T07:13:31Z</time>
      </trkpt>
      <trkpt lat="47.78194833" lon="20.53002833">
        <ele>165.2</ele>
        <time>2025-07-11T07:13:32Z</time>
      </trkpt>
      <trkpt lat="47.78184333" lon="20.52980667">
        <ele>165.1</ele>
        <time>2025-07-11T07:13:33Z</time>
      </trkpt>
      <trkpt lat="47.78174333" lon="20.52958">
        <ele>165.3</ele>
        <time>2025-07-11T07:13:34Z</time>
      </trkpt>
      <trkpt lat="47.78164167" lon="20.52936167">
        <ele>165.7</ele>
        <time>2025-07-11T07:13:35Z</time>
      </trkpt>
      <trkpt lat="47.78154833" lon="20.52913167">
        <ele>166.2</ele>
        <time>2025-07-11T07:13:36Z</time>
      </trkpt>
      <trkpt lat="47.78146167" lon="20.52888167">
        <ele>166.5</ele>
        <time>2025-07-11T07:13:37Z</time>
      </trkpt>
      <trkpt lat="47.781375" lon="20.52862333">
        <ele>166.8</ele>
        <time>2025-07-11T07:13:38Z</time>
      </trkpt>
      <trkpt lat="47.78127833" lon="20.52839333">
        <ele>167.1</ele>
        <time>2025-07-11T07:13:39Z</time>
      </trkpt>
      <trkpt lat="47.78116333" lon="20.528175">
        <ele>167.3</ele>
        <time>2025-07-11T07:13:40Z</time>
      </trkpt>
      <trkpt lat="47.78106333" lon="20.52794333">
        <ele>167.1</ele>
        <time>2025-07-11T07:13:41Z</time>
      </trkpt>
      <trkpt lat="47.78095667" lon="20.527705">
        <ele>167</ele>
        <time>2025-07-11T07:13:42Z</time>
      </trkpt>
      <trkpt lat="47.78085667" lon="20.52746667">
        <ele>166.8</ele>
        <time>2025-07-11T07:13:43Z</time>
      </trkpt>
      <trkpt lat="47.780755" lon="20.52723167">
        <ele>165.4</ele>
        <time>2025-07-11T07:13:44Z</time>
      </trkpt>
      <trkpt lat="47.78065667" lon="20.52699667">
        <ele>164</ele>
        <time>2025-07-11T07:13:45Z</time>
      </trkpt>
      <trkpt lat="47.78055333" lon="20.52676167">
        <ele>162.4</ele>
        <time>2025-07-11T07:13:46Z</time>
      </trkpt>
      <trkpt lat="47.78044833" lon="20.526535">
        <ele>161.3</ele>
        <time>2025-07-11T07:13:47Z</time>
      </trkpt>
      <trkpt lat="47.78034167" lon="20.52629833">
        <ele>160.8</ele>
        <time>2025-07-11T07:13:48Z</time>
      </trkpt>
      <trkpt lat="47.78024167" lon="20.52606">
        <ele>161</ele>
        <time>2025-07-11T07:13:49Z</time>
      </trkpt>
      <trkpt lat="47.78016" lon="20.52579667">
        <ele>161.3</ele>
        <time>2025-07-11T07:13:50Z</time>
      </trkpt>
      <trkpt lat="47.78005667" lon="20.52553833">
        <ele>161.3</ele>
        <time>2025-07-11T07:13:51Z</time>
      </trkpt>
      <trkpt lat="47.77995167" lon="20.525285">
        <ele>161.2</ele>
        <time>2025-07-11T07:13:52Z</time>
      </trkpt>
      <trkpt lat="47.77984667" lon="20.52502667">
        <ele>162</ele>
        <time>2025-07-11T07:13:53Z</time>
      </trkpt>
      <trkpt lat="47.77971667" lon="20.52475167">
        <ele>163.9</ele>
        <time>2025-07-11T07:13:54Z</time>
      </trkpt>
      <trkpt lat="47.77962167" lon="20.52449333">
        <ele>165.6</ele>
        <time>2025-07-11T07:13:55Z</time>
      </trkpt>
      <trkpt lat="47.77952833" lon="20.52421833">
        <ele>170.9</ele>
        <time>2025-07-11T07:13:56Z</time>
      </trkpt>
      <trkpt lat="47.77942833" lon="20.52397333">
        <ele>171.2</ele>
        <time>2025-07-11T07:13:57Z</time>
      </trkpt>
      <trkpt lat="47.77934333" lon="20.52373">
        <ele>171</ele>
        <time>2025-07-11T07:13:58Z</time>
      </trkpt>
      <trkpt lat="47.77924167" lon="20.52348167">
        <ele>171.6</ele>
        <time>2025-07-11T07:13:59Z</time>
      </trkpt>
      <trkpt lat="47.77914" lon="20.52324667">
        <ele>171.6</ele>
        <time>2025-07-11T07:14:00Z</time>
      </trkpt>
      <trkpt lat="47.77903833" lon="20.523005">
        <ele>171.5</ele>
        <time>2025-07-11T07:14:01Z</time>
      </trkpt>
      <trkpt lat="47.77893833" lon="20.52276167">
        <ele>171.4</ele>
        <time>2025-07-11T07:14:02Z</time>
      </trkpt>
      <trkpt lat="47.77883" lon="20.52252167">
        <ele>171.2</ele>
        <time>2025-07-11T07:14:03Z</time>
      </trkpt>
      <trkpt lat="47.778725" lon="20.52228167">
        <ele>170.8</ele>
        <time>2025-07-11T07:14:04Z</time>
      </trkpt>
      <trkpt lat="47.77863333" lon="20.52204333">
        <ele>170.8</ele>
        <time>2025-07-11T07:14:05Z</time>
      </trkpt>
      <trkpt lat="47.77854" lon="20.52181167">
        <ele>170.6</ele>
        <time>2025-07-11T07:14:06Z</time>
      </trkpt>
      <trkpt lat="47.778445" lon="20.52157333">
        <ele>170.6</ele>
        <time>2025-07-11T07:14:07Z</time>
      </trkpt>
      <trkpt lat="47.77835333" lon="20.52133833">
        <ele>170.4</ele>
        <time>2025-07-11T07:14:08Z</time>
      </trkpt>
      <trkpt lat="47.77826667" lon="20.52110333">
        <ele>170.2</ele>
        <time>2025-07-11T07:14:09Z</time>
      </trkpt>
      <trkpt lat="47.77817833" lon="20.520865">
        <ele>170</ele>
        <time>2025-07-11T07:14:10Z</time>
      </trkpt>
      <trkpt lat="47.77809333" lon="20.52063167">
        <ele>170</ele>
        <time>2025-07-11T07:14:11Z</time>
      </trkpt>
      <trkpt lat="47.77801167" lon="20.52039833">
        <ele>169.7</ele>
        <time>2025-07-11T07:14:12Z</time>
      </trkpt>
      <trkpt lat="47.77792333" lon="20.52016667">
        <ele>169.6</ele>
        <time>2025-07-11T07:14:13Z</time>
      </trkpt>
      <trkpt lat="47.77783667" lon="20.51994">
        <ele>170.4</ele>
        <time>2025-07-11T07:14:14Z</time>
      </trkpt>
      <trkpt lat="47.777745" lon="20.519715">
        <ele>170.4</ele>
        <time>2025-07-11T07:14:15Z</time>
      </trkpt>
      <trkpt lat="47.77765667" lon="20.519485">
        <ele>170.2</ele>
        <time>2025-07-11T07:14:16Z</time>
      </trkpt>
      <trkpt lat="47.77756667" lon="20.51925667">
        <ele>170.2</ele>
        <time>2025-07-11T07:14:17Z</time>
      </trkpt>
      <trkpt lat="47.77747167" lon="20.51902333">
        <ele>160.9</ele>
        <time>2025-07-11T07:14:18Z</time>
      </trkpt>
      <trkpt lat="47.777385" lon="20.518795">
        <ele>160.5</ele>
        <time>2025-07-11T07:14:19Z</time>
      </trkpt>
      <trkpt lat="47.77728667" lon="20.51856333">
        <ele>160.2</ele>
        <time>2025-07-11T07:14:20Z</time>
      </trkpt>
      <trkpt lat="47.777195" lon="20.51834">
        <ele>160</ele>
        <time>2025-07-11T07:14:21Z</time>
      </trkpt>
      <trkpt lat="47.7771" lon="20.51811167">
        <ele>159.6</ele>
        <time>2025-07-11T07:14:22Z</time>
      </trkpt>
      <trkpt lat="47.77700167" lon="20.51788333">
        <ele>159.4</ele>
        <time>2025-07-11T07:14:23Z</time>
      </trkpt>
      <trkpt lat="47.77690667" lon="20.51765333">
        <ele>159.1</ele>
        <time>2025-07-11T07:14:24Z</time>
      </trkpt>
      <trkpt lat="47.77680833" lon="20.51741667">
        <ele>158.4</ele>
        <time>2025-07-11T07:14:25Z</time>
      </trkpt>
      <trkpt lat="47.77671667" lon="20.51717333">
        <ele>160.3</ele>
        <time>2025-07-11T07:14:26Z</time>
      </trkpt>
      <trkpt lat="47.77662667" lon="20.51693833">
        <ele>161.8</ele>
        <time>2025-07-11T07:14:27Z</time>
      </trkpt>
      <trkpt lat="47.77653333" lon="20.51670333">
        <ele>162.8</ele>
        <time>2025-07-11T07:14:28Z</time>
      </trkpt>
      <trkpt lat="47.77644167" lon="20.51647">
        <ele>163.8</ele>
        <time>2025-07-11T07:14:29Z</time>
      </trkpt>
      <trkpt lat="47.77635" lon="20.51623167">
        <ele>163.9</ele>
        <time>2025-07-11T07:14:30Z</time>
      </trkpt>
      <trkpt lat="47.77625167" lon="20.51599">
        <ele>163.6</ele>
        <time>2025-07-11T07:14:31Z</time>
      </trkpt>
      <trkpt lat="47.77615333" lon="20.51574333">
        <ele>163.4</ele>
        <time>2025-07-11T07:14:32Z</time>
      </trkpt>
      <trkpt lat="47.77605833" lon="20.5155">
        <ele>162.9</ele>
        <time>2025-07-11T07:14:33Z</time>
      </trkpt>
      <trkpt lat="47.77596167" lon="20.51525">
        <ele>162.4</ele>
        <time>2025-07-11T07:14:34Z</time>
      </trkpt>
      <trkpt lat="47.77586333" lon="20.51500167">
        <ele>162.3</ele>
        <time>2025-07-11T07:14:35Z</time>
      </trkpt>
      <trkpt lat="47.77576" lon="20.51474667">
        <ele>162.3</ele>
        <time>2025-07-11T07:14:36Z</time>
      </trkpt>
      <trkpt lat="47.775655" lon="20.51449167">
        <ele>162.5</ele>
        <time>2025-07-11T07:14:37Z</time>
      </trkpt>
      <trkpt lat="47.77555167" lon="20.51424167">
        <ele>163</ele>
        <time>2025-07-11T07:14:38Z</time>
      </trkpt>
      <trkpt lat="47.77545" lon="20.51399">
        <ele>164.1</ele>
        <time>2025-07-11T07:14:39Z</time>
      </trkpt>
      <trkpt lat="47.77535" lon="20.51373667">
        <ele>164.3</ele>
        <time>2025-07-11T07:14:40Z</time>
      </trkpt>
      <trkpt lat="47.775255" lon="20.51348667">
        <ele>166.1</ele>
        <time>2025-07-11T07:14:41Z</time>
      </trkpt>
      <trkpt lat="47.77515833" lon="20.51324">
        <ele>166.5</ele>
        <time>2025-07-11T07:14:42Z</time>
      </trkpt>
      <trkpt lat="47.77505167" lon="20.51299167">
        <ele>167.7</ele>
        <time>2025-07-11T07:14:43Z</time>
      </trkpt>
      <trkpt lat="47.77495" lon="20.51274167">
        <ele>168.1</ele>
        <time>2025-07-11T07:14:44Z</time>
      </trkpt>
      <trkpt lat="47.77484833" lon="20.512495">
        <ele>168.2</ele>
        <time>2025-07-11T07:14:45Z</time>
      </trkpt>
      <trkpt lat="47.77474" lon="20.512255">
        <ele>167.3</ele>
        <time>2025-07-11T07:14:46Z</time>
      </trkpt>
      <trkpt lat="47.77462833" lon="20.512015">
        <ele>166.3</ele>
        <time>2025-07-11T07:14:47Z</time>
      </trkpt>
      <trkpt lat="47.77452167" lon="20.51177">
        <ele>167.1</ele>
        <time>2025-07-11T07:14:48Z</time>
      </trkpt>
      <trkpt lat="47.77441833" lon="20.511525">
        <ele>167.3</ele>
        <time>2025-07-11T07:14:49Z</time>
      </trkpt>
      <trkpt lat="47.77432333" lon="20.51129333">
        <ele>166</ele>
        <time>2025-07-11T07:14:50Z</time>
      </trkpt>
      <trkpt lat="47.77422167" lon="20.51105">
        <ele>166.1</ele>
        <time>2025-07-11T07:14:51Z</time>
      </trkpt>
      <trkpt lat="47.77412167" lon="20.51080167">
        <ele>165.7</ele>
        <time>2025-07-11T07:14:52Z</time>
      </trkpt>
      <trkpt lat="47.77402" lon="20.51056333">
        <ele>165.3</ele>
        <time>2025-07-11T07:14:53Z</time>
      </trkpt>
      <trkpt lat="47.77391833" lon="20.51032833">
        <ele>165.3</ele>
        <time>2025-07-11T07:14:54Z</time>
      </trkpt>
      <trkpt lat="47.77382" lon="20.51009667">
        <ele>165.3</ele>
        <time>2025-07-11T07:14:55Z</time>
      </trkpt>
      <trkpt lat="47.77371667" lon="20.509855">
        <ele>165.1</ele>
        <time>2025-07-11T07:14:56Z</time>
      </trkpt>
      <trkpt lat="47.773615" lon="20.50961">
        <ele>165</ele>
        <time>2025-07-11T07:14:57Z</time>
      </trkpt>
      <trkpt lat="47.77351667" lon="20.509365">
        <ele>165.1</ele>
        <time>2025-07-11T07:14:58Z</time>
      </trkpt>
      <trkpt lat="47.77342" lon="20.50912">
        <ele>164.9</ele>
        <time>2025-07-11T07:14:59Z</time>
      </trkpt>
      <trkpt lat="47.77332667" lon="20.50885">
        <ele>165.1</ele>
        <time>2025-07-11T07:15:00Z</time>
      </trkpt>
      <trkpt lat="47.77323167" lon="20.508595">
        <ele>164</ele>
        <time>2025-07-11T07:15:01Z</time>
      </trkpt>
      <trkpt lat="47.77313167" lon="20.508355">
        <ele>160.2</ele>
        <time>2025-07-11T07:15:02Z</time>
      </trkpt>
      <trkpt lat="47.77303167" lon="20.508105">
        <ele>158.8</ele>
        <time>2025-07-11T07:15:03Z</time>
      </trkpt>
      <trkpt lat="47.77292833" lon="20.50785">
        <ele>158.7</ele>
        <time>2025-07-11T07:15:04Z</time>
      </trkpt>
      <trkpt lat="47.772825" lon="20.50759167">
        <ele>158.5</ele>
        <time>2025-07-11T07:15:05Z</time>
      </trkpt>
      <trkpt lat="47.77271833" lon="20.50735167">
        <ele>158</ele>
        <time>2025-07-11T07:15:06Z</time>
      </trkpt>
      <trkpt lat="47.77261333" lon="20.507095">
        <ele>157.8</ele>
        <time>2025-07-11T07:15:07Z</time>
      </trkpt>
      <trkpt lat="47.77250833" lon="20.50682833">
        <ele>157.6</ele>
        <time>2025-07-11T07:15:08Z</time>
      </trkpt>
      <trkpt lat="47.77240833" lon="20.506545">
        <ele>157.7</ele>
        <time>2025-07-11T07:15:09Z</time>
      </trkpt>
      <trkpt lat="47.77228667" lon="20.50627833">
        <ele>156.5</ele>
        <time>2025-07-11T07:15:10Z</time>
      </trkpt>
      <trkpt lat="47.77216833" lon="20.50597667">
        <ele>157.2</ele>
        <time>2025-07-11T07:15:11Z</time>
      </trkpt>
      <trkpt lat="47.77205167" lon="20.50566667">
        <ele>153.5</ele>
        <time>2025-07-11T07:15:12Z</time>
      </trkpt>
      <trkpt lat="47.77193667" lon="20.50537667">
        <ele>153.4</ele>
        <time>2025-07-11T07:15:13Z</time>
      </trkpt>
      <trkpt lat="47.77181667" lon="20.50507833">
        <ele>153.4</ele>
        <time>2025-07-11T07:15:14Z</time>
      </trkpt>
      <trkpt lat="47.77169167" lon="20.50477">
        <ele>153.8</ele>
        <time>2025-07-11T07:15:15Z</time>
      </trkpt>
      <trkpt lat="47.771575" lon="20.50446667">
        <ele>153.8</ele>
        <time>2025-07-11T07:15:16Z</time>
      </trkpt>
      <trkpt lat="47.77145667" lon="20.50413167">
        <ele>155.2</ele>
        <time>2025-07-11T07:15:17Z</time>
      </trkpt>
      <trkpt lat="47.771335" lon="20.50382667">
        <ele>156.1</ele>
        <time>2025-07-11T07:15:18Z</time>
      </trkpt>
      <trkpt lat="47.77119167" lon="20.50355">
        <ele>158.1</ele>
        <time>2025-07-11T07:15:19Z</time>
      </trkpt>
      <trkpt lat="47.77106667" lon="20.50325167">
        <ele>158</ele>
        <time>2025-07-11T07:15:20Z</time>
      </trkpt>
      <trkpt lat="47.77094" lon="20.50293833">
        <ele>157.8</ele>
        <time>2025-07-11T07:15:21Z</time>
      </trkpt>
      <trkpt lat="47.77081" lon="20.502625">
        <ele>157.4</ele>
        <time>2025-07-11T07:15:22Z</time>
      </trkpt>
      <trkpt lat="47.77067333" lon="20.502305">
        <ele>156.7</ele>
        <time>2025-07-11T07:15:23Z</time>
      </trkpt>
      <trkpt lat="47.77054" lon="20.50200333">
        <ele>156.4</ele>
        <time>2025-07-11T07:15:24Z</time>
      </trkpt>
      <trkpt lat="47.77041667" lon="20.50170833">
        <ele>156.2</ele>
        <time>2025-07-11T07:15:25Z</time>
      </trkpt>
      <trkpt lat="47.77029167" lon="20.50139333">
        <ele>156.1</ele>
        <time>2025-07-11T07:15:26Z</time>
      </trkpt>
      <trkpt lat="47.77017167" lon="20.50107">
        <ele>156</ele>
        <time>2025-07-11T07:15:27Z</time>
      </trkpt>
      <trkpt lat="47.77005667" lon="20.500785">
        <ele>155.8</ele>
        <time>2025-07-11T07:15:28Z</time>
      </trkpt>
      <trkpt lat="47.76993667" lon="20.50048667">
        <ele>155.4</ele>
        <time>2025-07-11T07:15:29Z</time>
      </trkpt>
      <trkpt lat="47.76982333" lon="20.50020667">
        <ele>155</ele>
        <time>2025-07-11T07:15:30Z</time>
      </trkpt>
      <trkpt lat="47.7697" lon="20.49990333">
        <ele>154.7</ele>
        <time>2025-07-11T07:15:31Z</time>
      </trkpt>
      <trkpt lat="47.76957167" lon="20.49960833">
        <ele>151.5</ele>
        <time>2025-07-11T07:15:32Z</time>
      </trkpt>
      <trkpt lat="47.769445" lon="20.49929667">
        <ele>151.1</ele>
        <time>2025-07-11T07:15:33Z</time>
      </trkpt>
      <trkpt lat="47.76931667" lon="20.49898833">
        <ele>152.8</ele>
        <time>2025-07-11T07:15:34Z</time>
      </trkpt>
      <trkpt lat="47.769195" lon="20.49869167">
        <ele>154.9</ele>
        <time>2025-07-11T07:15:35Z</time>
      </trkpt>
      <trkpt lat="47.769065" lon="20.49839833">
        <ele>156.9</ele>
        <time>2025-07-11T07:15:36Z</time>
      </trkpt>
      <trkpt lat="47.76895333" lon="20.49808333">
        <ele>156.9</ele>
        <time>2025-07-11T07:15:37Z</time>
      </trkpt>
      <trkpt lat="47.76884833" lon="20.497765">
        <ele>156.4</ele>
        <time>2025-07-11T07:15:38Z</time>
      </trkpt>
      <trkpt lat="47.76874667" lon="20.497455">
        <ele>156.4</ele>
        <time>2025-07-11T07:15:39Z</time>
      </trkpt>
      <trkpt lat="47.76864833" lon="20.49715333">
        <ele>156</ele>
        <time>2025-07-11T07:15:40Z</time>
      </trkpt>
      <trkpt lat="47.76854167" lon="20.49684167">
        <ele>156.1</ele>
        <time>2025-07-11T07:15:41Z</time>
      </trkpt>
      <trkpt lat="47.76843167" lon="20.49653167">
        <ele>156</ele>
        <time>2025-07-11T07:15:42Z</time>
      </trkpt>
      <trkpt lat="47.76832167" lon="20.49622833">
        <ele>154.5</ele>
        <time>2025-07-11T07:15:43Z</time>
      </trkpt>
      <trkpt lat="47.768215" lon="20.49591167">
        <ele>154.7</ele>
        <time>2025-07-11T07:15:44Z</time>
      </trkpt>
      <trkpt lat="47.76811667" lon="20.49559">
        <ele>157</ele>
        <time>2025-07-11T07:15:45Z</time>
      </trkpt>
      <trkpt lat="47.76802333" lon="20.49528167">
        <ele>157.4</ele>
        <time>2025-07-11T07:15:46Z</time>
      </trkpt>
      <trkpt lat="47.76792167" lon="20.49497333">
        <ele>158</ele>
        <time>2025-07-11T07:15:47Z</time>
      </trkpt>
      <trkpt lat="47.76782167" lon="20.49464667">
        <ele>158.5</ele>
        <time>2025-07-11T07:15:48Z</time>
      </trkpt>
      <trkpt lat="47.76772167" lon="20.49433">
        <ele>158.9</ele>
        <time>2025-07-11T07:15:49Z</time>
      </trkpt>
      <trkpt lat="47.767625" lon="20.49399167">
        <ele>159.6</ele>
        <time>2025-07-11T07:15:50Z</time>
      </trkpt>
      <trkpt lat="47.76751333" lon="20.49365">
        <ele>154.1</ele>
        <time>2025-07-11T07:15:51Z</time>
      </trkpt>
      <trkpt lat="47.767405" lon="20.49333167">
        <ele>153.9</ele>
        <time>2025-07-11T07:15:52Z</time>
      </trkpt>
      <trkpt lat="47.767295" lon="20.49302833">
        <ele>154.3</ele>
        <time>2025-07-11T07:15:53Z</time>
      </trkpt>
      <trkpt lat="47.76718833" lon="20.492715">
        <ele>153.7</ele>
        <time>2025-07-11T07:15:54Z</time>
      </trkpt>
      <trkpt lat="47.76709833" lon="20.49237167">
        <ele>147.3</ele>
        <time>2025-07-11T07:15:55Z</time>
      </trkpt>
      <trkpt lat="47.76699667" lon="20.49203833">
        <ele>150.7</ele>
        <time>2025-07-11T07:15:56Z</time>
      </trkpt>
      <trkpt lat="47.76690667" lon="20.49171667">
        <ele>150.3</ele>
        <time>2025-07-11T07:15:57Z</time>
      </trkpt>
      <trkpt lat="47.76682" lon="20.49139">
        <ele>150.1</ele>
        <time>2025-07-11T07:15:58Z</time>
      </trkpt>
      <trkpt lat="47.76672333" lon="20.49106">
        <ele>149.9</ele>
        <time>2025-07-11T07:15:59Z</time>
      </trkpt>
      <trkpt lat="47.76662833" lon="20.490725">
        <ele>149.8</ele>
        <time>2025-07-11T07:16:00Z</time>
      </trkpt>
      <trkpt lat="47.76655667" lon="20.49043667">
        <ele>152.8</ele>
        <time>2025-07-11T07:16:01Z</time>
      </trkpt>
      <trkpt lat="47.76646667" lon="20.490095">
        <ele>152.7</ele>
        <time>2025-07-11T07:16:02Z</time>
      </trkpt>
      <trkpt lat="47.76638167" lon="20.489745">
        <ele>153.3</ele>
        <time>2025-07-11T07:16:03Z</time>
      </trkpt>
      <trkpt lat="47.766305" lon="20.489405">
        <ele>154</ele>
        <time>2025-07-11T07:16:04Z</time>
      </trkpt>
      <trkpt lat="47.766235" lon="20.48907333">
        <ele>154.7</ele>
        <time>2025-07-11T07:16:05Z</time>
      </trkpt>
      <trkpt lat="47.76616" lon="20.48872667">
        <ele>161.8</ele>
        <time>2025-07-11T07:16:06Z</time>
      </trkpt>
      <trkpt lat="47.76609333" lon="20.48839333">
        <ele>163.2</ele>
        <time>2025-07-11T07:16:07Z</time>
      </trkpt>
      <trkpt lat="47.76602333" lon="20.488065">
        <ele>163.3</ele>
        <time>2025-07-11T07:16:08Z</time>
      </trkpt>
      <trkpt lat="47.76595333" lon="20.48774333">
        <ele>161.6</ele>
        <time>2025-07-11T07:16:09Z</time>
      </trkpt>
      <trkpt lat="47.76588667" lon="20.48743833">
        <ele>159.6</ele>
        <time>2025-07-11T07:16:10Z</time>
      </trkpt>
      <trkpt lat="47.765805" lon="20.487115">
        <ele>159.7</ele>
        <time>2025-07-11T07:16:11Z</time>
      </trkpt>
      <trkpt lat="47.76572667" lon="20.48678667">
        <ele>160.4</ele>
        <time>2025-07-11T07:16:12Z</time>
      </trkpt>
      <trkpt lat="47.765655" lon="20.48645">
        <ele>160.1</ele>
        <time>2025-07-11T07:16:13Z</time>
      </trkpt>
      <trkpt lat="47.76558" lon="20.48611833">
        <ele>160</ele>
        <time>2025-07-11T07:16:14Z</time>
      </trkpt>
      <trkpt lat="47.76550667" lon="20.48578167">
        <ele>159.9</ele>
        <time>2025-07-11T07:16:15Z</time>
      </trkpt>
      <trkpt lat="47.76544333" lon="20.48543">
        <ele>157.8</ele>
        <time>2025-07-11T07:16:16Z</time>
      </trkpt>
      <trkpt lat="47.76538333" lon="20.48506667">
        <ele>153.6</ele>
        <time>2025-07-11T07:16:17Z</time>
      </trkpt>
      <trkpt lat="47.76531167" lon="20.484715">
        <ele>153.6</ele>
        <time>2025-07-11T07:16:18Z</time>
      </trkpt>
      <trkpt lat="47.76523667" lon="20.48436833">
        <ele>153.3</ele>
        <time>2025-07-11T07:16:19Z</time>
      </trkpt>
      <trkpt lat="47.76516667" lon="20.48402">
        <ele>153.3</ele>
        <time>2025-07-11T07:16:20Z</time>
      </trkpt>
      <trkpt lat="47.765095" lon="20.48367">
        <ele>155</ele>
        <time>2025-07-11T07:16:21Z</time>
      </trkpt>
      <trkpt lat="47.76502333" lon="20.48333333">
        <ele>158.1</ele>
        <time>2025-07-11T07:16:22Z</time>
      </trkpt>
      <trkpt lat="47.76495333" lon="20.48299167">
        <ele>157.9</ele>
        <time>2025-07-11T07:16:23Z</time>
      </trkpt>
      <trkpt lat="47.76487833" lon="20.48265333">
        <ele>163</ele>
        <time>2025-07-11T07:16:24Z</time>
      </trkpt>
      <trkpt lat="47.76481333" lon="20.48230667">
        <ele>161.3</ele>
        <time>2025-07-11T07:16:25Z</time>
      </trkpt>
      <trkpt lat="47.76475" lon="20.48196">
        <ele>161.7</ele>
        <time>2025-07-11T07:16:26Z</time>
      </trkpt>
      <trkpt lat="47.76467833" lon="20.48162667">
        <ele>161</ele>
        <time>2025-07-11T07:16:27Z</time>
      </trkpt>
      <trkpt lat="47.76460667" lon="20.48130167">
        <ele>155.6</ele>
        <time>2025-07-11T07:16:28Z</time>
      </trkpt>
      <trkpt lat="47.76454" lon="20.48097833">
        <ele>154.7</ele>
        <time>2025-07-11T07:16:29Z</time>
      </trkpt>
      <trkpt lat="47.76449" lon="20.480645">
        <ele>156.3</ele>
        <time>2025-07-11T07:16:30Z</time>
      </trkpt>
      <trkpt lat="47.764425" lon="20.48030167">
        <ele>156.9</ele>
        <time>2025-07-11T07:16:31Z</time>
      </trkpt>
      <trkpt lat="47.76435333" lon="20.47995">
        <ele>156.7</ele>
        <time>2025-07-11T07:16:32Z</time>
      </trkpt>
      <trkpt lat="47.76428667" lon="20.47960833">
        <ele>156.6</ele>
        <time>2025-07-11T07:16:33Z</time>
      </trkpt>
      <trkpt lat="47.76422333" lon="20.479265">
        <ele>156.5</ele>
        <time>2025-07-11T07:16:34Z</time>
      </trkpt>
      <trkpt lat="47.76416167" lon="20.47892333">
        <ele>156.3</ele>
        <time>2025-07-11T07:16:35Z</time>
      </trkpt>
      <trkpt lat="47.76410333" lon="20.47859333">
        <ele>157.5</ele>
        <time>2025-07-11T07:16:36Z</time>
      </trkpt>
      <trkpt lat="47.76404833" lon="20.478285">
        <ele>157.8</ele>
        <time>2025-07-11T07:16:37Z</time>
      </trkpt>
      <trkpt lat="47.76401167" lon="20.47796667">
        <ele>156.4</ele>
        <time>2025-07-11T07:16:38Z</time>
      </trkpt>
      <trkpt lat="47.763945" lon="20.47769667">
        <ele>157.1</ele>
        <time>2025-07-11T07:16:39Z</time>
      </trkpt>
      <trkpt lat="47.76388833" lon="20.47742">
        <ele>163.2</ele>
        <time>2025-07-11T07:16:40Z</time>
      </trkpt>
      <trkpt lat="47.76382667" lon="20.47715333">
        <ele>163.9</ele>
        <time>2025-07-11T07:16:41Z</time>
      </trkpt>
      <trkpt lat="47.76377333" lon="20.47691">
        <ele>164.1</ele>
        <time>2025-07-11T07:16:42Z</time>
      </trkpt>
      <trkpt lat="47.76372" lon="20.476685">
        <ele>164</ele>
        <time>2025-07-11T07:16:43Z</time>
      </trkpt>
      <trkpt lat="47.76366" lon="20.47647167">
        <ele>159.6</ele>
        <time>2025-07-11T07:16:44Z</time>
      </trkpt>
      <trkpt lat="47.7636" lon="20.476255">
        <ele>157.6</ele>
        <time>2025-07-11T07:16:45Z</time>
      </trkpt>
      <trkpt lat="47.76354167" lon="20.47605667">
        <ele>155.2</ele>
        <time>2025-07-11T07:16:46Z</time>
      </trkpt>
      <trkpt lat="47.76347833" lon="20.47584167">
        <ele>155</ele>
        <time>2025-07-11T07:16:47Z</time>
      </trkpt>
      <trkpt lat="47.76343333" lon="20.47563667">
        <ele>155.1</ele>
        <time>2025-07-11T07:16:48Z</time>
      </trkpt>
      <trkpt lat="47.76338167" lon="20.47548333">
        <ele>153.8</ele>
        <time>2025-07-11T07:16:49Z</time>
      </trkpt>
      <trkpt lat="47.76334" lon="20.47528333">
        <ele>153.9</ele>
        <time>2025-07-11T07:16:50Z</time>
      </trkpt>
      <trkpt lat="47.76329667" lon="20.47507333">
        <ele>154.1</ele>
        <time>2025-07-11T07:16:51Z</time>
      </trkpt>
      <trkpt lat="47.76325" lon="20.47487667">
        <ele>154.1</ele>
        <time>2025-07-11T07:16:52Z</time>
      </trkpt>
      <trkpt lat="47.76320667" lon="20.47468167">
        <ele>154</ele>
        <time>2025-07-11T07:16:53Z</time>
      </trkpt>
      <trkpt lat="47.76316667" lon="20.47448">
        <ele>152.7</ele>
        <time>2025-07-11T07:16:54Z</time>
      </trkpt>
      <trkpt lat="47.763125" lon="20.47427833">
        <ele>147</ele>
        <time>2025-07-11T07:16:55Z</time>
      </trkpt>
      <trkpt lat="47.763085" lon="20.47407333">
        <ele>146.9</ele>
        <time>2025-07-11T07:16:56Z</time>
      </trkpt>
      <trkpt lat="47.76304833" lon="20.47388">
        <ele>149.4</ele>
        <time>2025-07-11T07:16:57Z</time>
      </trkpt>
      <trkpt lat="47.763015" lon="20.47367667">
        <ele>152.5</ele>
        <time>2025-07-11T07:16:58Z</time>
      </trkpt>
      <trkpt lat="47.76297667" lon="20.47348833">
        <ele>152.7</ele>
        <time>2025-07-11T07:16:59Z</time>
      </trkpt>
      <trkpt lat="47.76294" lon="20.47334167">
        <ele>153</ele>
        <time>2025-07-11T07:17:00Z</time>
      </trkpt>
      <trkpt lat="47.76290333" lon="20.47314">
        <ele>153</ele>
        <time>2025-07-11T07:17:01Z</time>
      </trkpt>
      <trkpt lat="47.762865" lon="20.47293333">
        <ele>152.9</ele>
        <time>2025-07-11T07:17:02Z</time>
      </trkpt>
      <trkpt lat="47.76282167" lon="20.47271167">
        <ele>153</ele>
        <time>2025-07-11T07:17:03Z</time>
      </trkpt>
      <trkpt lat="47.76277833" lon="20.47250167">
        <ele>153.8</ele>
        <time>2025-07-11T07:17:04Z</time>
      </trkpt>
      <trkpt lat="47.76273667" lon="20.472295">
        <ele>153.7</ele>
        <time>2025-07-11T07:17:05Z</time>
      </trkpt>
      <trkpt lat="47.76270333" lon="20.47208">
        <ele>154.3</ele>
        <time>2025-07-11T07:17:06Z</time>
      </trkpt>
      <trkpt lat="47.76266667" lon="20.47184833">
        <ele>152.4</ele>
        <time>2025-07-11T07:17:07Z</time>
      </trkpt>
      <trkpt lat="47.762625" lon="20.471655">
        <ele>148.7</ele>
        <time>2025-07-11T07:17:08Z</time>
      </trkpt>
      <trkpt lat="47.76258167" lon="20.47147167">
        <ele>147.1</ele>
        <time>2025-07-11T07:17:09Z</time>
      </trkpt>
      <trkpt lat="47.76254833" lon="20.471275">
        <ele>147.8</ele>
        <time>2025-07-11T07:17:10Z</time>
      </trkpt>
      <trkpt lat="47.76250833" lon="20.47105833">
        <ele>150</ele>
        <time>2025-07-11T07:17:11Z</time>
      </trkpt>
      <trkpt lat="47.76247" lon="20.47086167">
        <ele>150.2</ele>
        <time>2025-07-11T07:17:12Z</time>
      </trkpt>
      <trkpt lat="47.76243833" lon="20.47069333">
        <ele>155.7</ele>
        <time>2025-07-11T07:17:13Z</time>
      </trkpt>
      <trkpt lat="47.76239667" lon="20.47051167">
        <ele>156</ele>
        <time>2025-07-11T07:17:14Z</time>
      </trkpt>
      <trkpt lat="47.76235167" lon="20.47032">
        <ele>155.4</ele>
        <time>2025-07-11T07:17:15Z</time>
      </trkpt>
      <trkpt lat="47.76231333" lon="20.47013167">
        <ele>155.5</ele>
        <time>2025-07-11T07:17:16Z</time>
      </trkpt>
      <trkpt lat="47.76227167" lon="20.46995167">
        <ele>155.5</ele>
        <time>2025-07-11T07:17:17Z</time>
      </trkpt>
      <trkpt lat="47.76223167" lon="20.469765">
        <ele>155.1</ele>
        <time>2025-07-11T07:17:18Z</time>
      </trkpt>
      <trkpt lat="47.76218667" lon="20.469575">
        <ele>152.7</ele>
        <time>2025-07-11T07:17:19Z</time>
      </trkpt>
      <trkpt lat="47.76215167" lon="20.46938167">
        <ele>152.9</ele>
        <time>2025-07-11T07:17:20Z</time>
      </trkpt>
      <trkpt lat="47.76211333" lon="20.46918">
        <ele>153.9</ele>
        <time>2025-07-11T07:17:21Z</time>
      </trkpt>
      <trkpt lat="47.76207667" lon="20.46898333">
        <ele>154.3</ele>
        <time>2025-07-11T07:17:22Z</time>
      </trkpt>
      <trkpt lat="47.76203833" lon="20.46878667">
        <ele>154.8</ele>
        <time>2025-07-11T07:17:23Z</time>
      </trkpt>
      <trkpt lat="47.76199833" lon="20.46859">
        <ele>154.4</ele>
        <time>2025-07-11T07:17:24Z</time>
      </trkpt>
      <trkpt lat="47.76195667" lon="20.46838333">
        <ele>154.7</ele>
        <time>2025-07-11T07:17:25Z</time>
      </trkpt>
      <trkpt lat="47.76192833" lon="20.46816167">
        <ele>155.4</ele>
        <time>2025-07-11T07:17:26Z</time>
      </trkpt>
      <trkpt lat="47.761895" lon="20.46796333">
        <ele>164.1</ele>
        <time>2025-07-11T07:17:27Z</time>
      </trkpt>
      <trkpt lat="47.76184833" lon="20.46778333">
        <ele>163.8</ele>
        <time>2025-07-11T07:17:28Z</time>
      </trkpt>
      <trkpt lat="47.761805" lon="20.46761333">
        <ele>163.5</ele>
        <time>2025-07-11T07:17:29Z</time>
      </trkpt>
      <trkpt lat="47.76177333" lon="20.46746833">
        <ele>169.7</ele>
        <time>2025-07-11T07:17:30Z</time>
      </trkpt>
      <trkpt lat="47.76173333" lon="20.46727667">
        <ele>169.5</ele>
        <time>2025-07-11T07:17:31Z</time>
      </trkpt>
      <trkpt lat="47.76169333" lon="20.46708333">
        <ele>169.2</ele>
        <time>2025-07-11T07:17:32Z</time>
      </trkpt>
      <trkpt lat="47.76166333" lon="20.46686833">
        <ele>168.5</ele>
        <time>2025-07-11T07:17:33Z</time>
      </trkpt>
      <trkpt lat="47.76163167" lon="20.46667333">
        <ele>168.3</ele>
        <time>2025-07-11T07:17:34Z</time>
      </trkpt>
      <trkpt lat="47.7616" lon="20.46647">
        <ele>167.4</ele>
        <time>2025-07-11T07:17:35Z</time>
      </trkpt>
      <trkpt lat="47.76156167" lon="20.46627333">
        <ele>165.9</ele>
        <time>2025-07-11T07:17:36Z</time>
      </trkpt>
      <trkpt lat="47.76155333" lon="20.46605167">
        <ele>173.6</ele>
        <time>2025-07-11T07:17:37Z</time>
      </trkpt>
      <trkpt lat="47.76151833" lon="20.46585333">
        <ele>173.5</ele>
        <time>2025-07-11T07:17:38Z</time>
      </trkpt>
      <trkpt lat="47.76148333" lon="20.46565">
        <ele>176.7</ele>
        <time>2025-07-11T07:17:39Z</time>
      </trkpt>
      <trkpt lat="47.76144667" lon="20.465465">
        <ele>176.6</ele>
        <time>2025-07-11T07:17:40Z</time>
      </trkpt>
      <trkpt lat="47.761405" lon="20.46526667">
        <ele>171.3</ele>
        <time>2025-07-11T07:17:41Z</time>
      </trkpt>
      <trkpt lat="47.76136" lon="20.465075">
        <ele>164.8</ele>
        <time>2025-07-11T07:17:42Z</time>
      </trkpt>
      <trkpt lat="47.76131833" lon="20.46487333">
        <ele>162.4</ele>
        <time>2025-07-11T07:17:43Z</time>
      </trkpt>
      <trkpt lat="47.76127" lon="20.46467167">
        <ele>160.1</ele>
        <time>2025-07-11T07:17:44Z</time>
      </trkpt>
      <trkpt lat="47.76122667" lon="20.46447167">
        <ele>161.5</ele>
        <time>2025-07-11T07:17:45Z</time>
      </trkpt>
      <trkpt lat="47.76119167" lon="20.464255">
        <ele>163.8</ele>
        <time>2025-07-11T07:17:46Z</time>
      </trkpt>
      <trkpt lat="47.76114667" lon="20.46403">
        <ele>164.4</ele>
        <time>2025-07-11T07:17:47Z</time>
      </trkpt>
      <trkpt lat="47.76109167" lon="20.46379">
        <ele>162</ele>
        <time>2025-07-11T07:17:48Z</time>
      </trkpt>
      <trkpt lat="47.76103333" lon="20.46355167">
        <ele>157.8</ele>
        <time>2025-07-11T07:17:49Z</time>
      </trkpt>
      <trkpt lat="47.76098333" lon="20.46331667">
        <ele>156.9</ele>
        <time>2025-07-11T07:17:50Z</time>
      </trkpt>
      <trkpt lat="47.760935" lon="20.46307833">
        <ele>154.8</ele>
        <time>2025-07-11T07:17:51Z</time>
      </trkpt>
      <trkpt lat="47.760885" lon="20.462825">
        <ele>156.3</ele>
        <time>2025-07-11T07:17:52Z</time>
      </trkpt>
      <trkpt lat="47.760825" lon="20.46255167">
        <ele>158.2</ele>
        <time>2025-07-11T07:17:53Z</time>
      </trkpt>
      <trkpt lat="47.76076333" lon="20.46229">
        <ele>155.5</ele>
        <time>2025-07-11T07:17:54Z</time>
      </trkpt>
      <trkpt lat="47.7607" lon="20.46203167">
        <ele>155.2</ele>
        <time>2025-07-11T07:17:55Z</time>
      </trkpt>
      <trkpt lat="47.76063833" lon="20.46176333">
        <ele>154.8</ele>
        <time>2025-07-11T07:17:56Z</time>
      </trkpt>
      <trkpt lat="47.76057667" lon="20.46148">
        <ele>154.3</ele>
        <time>2025-07-11T07:17:57Z</time>
      </trkpt>
      <trkpt lat="47.76052" lon="20.46117">
        <ele>155.3</ele>
        <time>2025-07-11T07:17:58Z</time>
      </trkpt>
      <trkpt lat="47.76045167" lon="20.46086">
        <ele>154.7</ele>
        <time>2025-07-11T07:17:59Z</time>
      </trkpt>
      <trkpt lat="47.760385" lon="20.46054333">
        <ele>154.1</ele>
        <time>2025-07-11T07:18:00Z</time>
      </trkpt>
      <trkpt lat="47.76032333" lon="20.46022">
        <ele>153.6</ele>
        <time>2025-07-11T07:18:01Z</time>
      </trkpt>
      <trkpt lat="47.76025833" lon="20.45990167">
        <ele>153.2</ele>
        <time>2025-07-11T07:18:02Z</time>
      </trkpt>
      <trkpt lat="47.76019667" lon="20.459575">
        <ele>153.1</ele>
        <time>2025-07-11T07:18:03Z</time>
      </trkpt>
      <trkpt lat="47.76013167" lon="20.45924333">
        <ele>152.9</ele>
        <time>2025-07-11T07:18:04Z</time>
      </trkpt>
      <trkpt lat="47.76006333" lon="20.45891667">
        <ele>152.9</ele>
        <time>2025-07-11T07:18:05Z</time>
      </trkpt>
      <trkpt lat="47.76000167" lon="20.45856333">
        <ele>152.6</ele>
        <time>2025-07-11T07:18:06Z</time>
      </trkpt>
      <trkpt lat="47.75993833" lon="20.45821167">
        <ele>152.3</ele>
        <time>2025-07-11T07:18:07Z</time>
      </trkpt>
      <trkpt lat="47.75987167" lon="20.45786">
        <ele>151.8</ele>
        <time>2025-07-11T07:18:08Z</time>
      </trkpt>
      <trkpt lat="47.7598" lon="20.45750667">
        <ele>151.5</ele>
        <time>2025-07-11T07:18:09Z</time>
      </trkpt>
      <trkpt lat="47.75972667" lon="20.45715833">
        <ele>151.2</ele>
        <time>2025-07-11T07:18:10Z</time>
      </trkpt>
      <trkpt lat="47.75965833" lon="20.45680833">
        <ele>151.1</ele>
        <time>2025-07-11T07:18:11Z</time>
      </trkpt>
      <trkpt lat="47.75961167" lon="20.45642167">
        <ele>160.6</ele>
        <time>2025-07-11T07:18:12Z</time>
      </trkpt>
      <trkpt lat="47.75954" lon="20.45608167">
        <ele>160.4</ele>
        <time>2025-07-11T07:18:13Z</time>
      </trkpt>
      <trkpt lat="47.75946833" lon="20.45574">
        <ele>160.5</ele>
        <time>2025-07-11T07:18:14Z</time>
      </trkpt>
      <trkpt lat="47.75939833" lon="20.45538833">
        <ele>160.5</ele>
        <time>2025-07-11T07:18:15Z</time>
      </trkpt>
      <trkpt lat="47.75934667" lon="20.455015">
        <ele>169.8</ele>
        <time>2025-07-11T07:18:16Z</time>
      </trkpt>
      <trkpt lat="47.759285" lon="20.45465">
        <ele>173.3</ele>
        <time>2025-07-11T07:18:17Z</time>
      </trkpt>
      <trkpt lat="47.75921333" lon="20.45430833">
        <ele>169.8</ele>
        <time>2025-07-11T07:18:18Z</time>
      </trkpt>
      <trkpt lat="47.75913833" lon="20.45400333">
        <ele>169.2</ele>
        <time>2025-07-11T07:18:19Z</time>
      </trkpt>
      <trkpt lat="47.75907" lon="20.45367">
        <ele>168.7</ele>
        <time>2025-07-11T07:18:20Z</time>
      </trkpt>
      <trkpt lat="47.75899667" lon="20.45334">
        <ele>168.5</ele>
        <time>2025-07-11T07:18:21Z</time>
      </trkpt>
      <trkpt lat="47.758925" lon="20.45299833">
        <ele>168.2</ele>
        <time>2025-07-11T07:18:22Z</time>
      </trkpt>
      <trkpt lat="47.75885667" lon="20.45265167">
        <ele>168</ele>
        <time>2025-07-11T07:18:23Z</time>
      </trkpt>
      <trkpt lat="47.7588" lon="20.45230833">
        <ele>162.9</ele>
        <time>2025-07-11T07:18:24Z</time>
      </trkpt>
      <trkpt lat="47.75873667" lon="20.45197667">
        <ele>158.7</ele>
        <time>2025-07-11T07:18:25Z</time>
      </trkpt>
      <trkpt lat="47.758665" lon="20.451645">
        <ele>158.7</ele>
        <time>2025-07-11T07:18:26Z</time>
      </trkpt>
      <trkpt lat="47.7586" lon="20.45131167">
        <ele>158.4</ele>
        <time>2025-07-11T07:18:27Z</time>
      </trkpt>
      <trkpt lat="47.75853667" lon="20.45097833">
        <ele>157.9</ele>
        <time>2025-07-11T07:18:28Z</time>
      </trkpt>
      <trkpt lat="47.75846667" lon="20.450645">
        <ele>157.3</ele>
        <time>2025-07-11T07:18:29Z</time>
      </trkpt>
      <trkpt lat="47.75839333" lon="20.45032167">
        <ele>157.1</ele>
        <time>2025-07-11T07:18:30Z</time>
      </trkpt>
      <trkpt lat="47.75830167" lon="20.44999667">
        <ele>147.4</ele>
        <time>2025-07-11T07:18:31Z</time>
      </trkpt>
      <trkpt lat="47.758225" lon="20.44965333">
        <ele>146.7</ele>
        <time>2025-07-11T07:18:32Z</time>
      </trkpt>
      <trkpt lat="47.758155" lon="20.44931">
        <ele>145.5</ele>
        <time>2025-07-11T07:18:33Z</time>
      </trkpt>
      <trkpt lat="47.75809167" lon="20.44898167">
        <ele>145.1</ele>
        <time>2025-07-11T07:18:34Z</time>
      </trkpt>
      <trkpt lat="47.75804" lon="20.44864">
        <ele>144.8</ele>
        <time>2025-07-11T07:18:35Z</time>
      </trkpt>
      <trkpt lat="47.75798333" lon="20.448295">
        <ele>144.6</ele>
        <time>2025-07-11T07:18:36Z</time>
      </trkpt>
      <trkpt lat="47.75791667" lon="20.44796">
        <ele>144.4</ele>
        <time>2025-07-11T07:18:37Z</time>
      </trkpt>
      <trkpt lat="47.757855" lon="20.44762167">
        <ele>144.4</ele>
        <time>2025-07-11T07:18:38Z</time>
      </trkpt>
      <trkpt lat="47.75778667" lon="20.44727">
        <ele>146.9</ele>
        <time>2025-07-11T07:18:39Z</time>
      </trkpt>
      <trkpt lat="47.757715" lon="20.44692">
        <ele>147.3</ele>
        <time>2025-07-11T07:18:40Z</time>
      </trkpt>
      <trkpt lat="47.75764833" lon="20.44658333">
        <ele>146.2</ele>
        <time>2025-07-11T07:18:41Z</time>
      </trkpt>
      <trkpt lat="47.75758833" lon="20.44623667">
        <ele>149</ele>
        <time>2025-07-11T07:18:42Z</time>
      </trkpt>
      <trkpt lat="47.75752167" lon="20.44591167">
        <ele>153.3</ele>
        <time>2025-07-11T07:18:43Z</time>
      </trkpt>
      <trkpt lat="47.757445" lon="20.44559833">
        <ele>157.2</ele>
        <time>2025-07-11T07:18:44Z</time>
      </trkpt>
      <trkpt lat="47.75737333" lon="20.44526667">
        <ele>157.8</ele>
        <time>2025-07-11T07:18:45Z</time>
      </trkpt>
      <trkpt lat="47.7573" lon="20.44494">
        <ele>158.8</ele>
        <time>2025-07-11T07:18:46Z</time>
      </trkpt>
      <trkpt lat="47.75721" lon="20.44461">
        <ele>158.1</ele>
        <time>2025-07-11T07:18:47Z</time>
      </trkpt>
      <trkpt lat="47.75712667" lon="20.44428">
        <ele>159.7</ele>
        <time>2025-07-11T07:18:48Z</time>
      </trkpt>
      <trkpt lat="47.757045" lon="20.443945">
        <ele>158.5</ele>
        <time>2025-07-11T07:18:49Z</time>
      </trkpt>
      <trkpt lat="47.75697333" lon="20.44361333">
        <ele>158.6</ele>
        <time>2025-07-11T07:18:50Z</time>
      </trkpt>
      <trkpt lat="47.75690167" lon="20.44328">
        <ele>158.5</ele>
        <time>2025-07-11T07:18:51Z</time>
      </trkpt>
      <trkpt lat="47.75683667" lon="20.44292333">
        <ele>157.8</ele>
        <time>2025-07-11T07:18:52Z</time>
      </trkpt>
      <trkpt lat="47.75677167" lon="20.44259">
        <ele>158.3</ele>
        <time>2025-07-11T07:18:53Z</time>
      </trkpt>
      <trkpt lat="47.75670167" lon="20.442265">
        <ele>159.1</ele>
        <time>2025-07-11T07:18:54Z</time>
      </trkpt>
      <trkpt lat="47.75663333" lon="20.44193">
        <ele>159.3</ele>
        <time>2025-07-11T07:18:55Z</time>
      </trkpt>
      <trkpt lat="47.75656833" lon="20.44159">
        <ele>159.3</ele>
        <time>2025-07-11T07:18:56Z</time>
      </trkpt>
      <trkpt lat="47.75650167" lon="20.44125">
        <ele>159</ele>
        <time>2025-07-11T07:18:57Z</time>
      </trkpt>
      <trkpt lat="47.75643833" lon="20.44090667">
        <ele>159.1</ele>
        <time>2025-07-11T07:18:58Z</time>
      </trkpt>
      <trkpt lat="47.75637667" lon="20.44055333">
        <ele>158.9</ele>
        <time>2025-07-11T07:18:59Z</time>
      </trkpt>
      <trkpt lat="47.75631333" lon="20.44019667">
        <ele>158.5</ele>
        <time>2025-07-11T07:19:00Z</time>
      </trkpt>
      <trkpt lat="47.75624667" lon="20.43986167">
        <ele>158.5</ele>
        <time>2025-07-11T07:19:01Z</time>
      </trkpt>
      <trkpt lat="47.75617833" lon="20.439525">
        <ele>158.6</ele>
        <time>2025-07-11T07:19:02Z</time>
      </trkpt>
      <trkpt lat="47.75611" lon="20.43919">
        <ele>156.6</ele>
        <time>2025-07-11T07:19:03Z</time>
      </trkpt>
      <trkpt lat="47.75604" lon="20.43885667">
        <ele>155.1</ele>
        <time>2025-07-11T07:19:04Z</time>
      </trkpt>
      <trkpt lat="47.75597167" lon="20.43852333">
        <ele>155.8</ele>
        <time>2025-07-11T07:19:05Z</time>
      </trkpt>
      <trkpt lat="47.75590333" lon="20.438205">
        <ele>157.6</ele>
        <time>2025-07-11T07:19:06Z</time>
      </trkpt>
      <trkpt lat="47.75583667" lon="20.437885">
        <ele>157.1</ele>
        <time>2025-07-11T07:19:07Z</time>
      </trkpt>
      <trkpt lat="47.75577167" lon="20.43758667">
        <ele>156.9</ele>
        <time>2025-07-11T07:19:08Z</time>
      </trkpt>
      <trkpt lat="47.75571" lon="20.43728">
        <ele>156.7</ele>
        <time>2025-07-11T07:19:09Z</time>
      </trkpt>
      <trkpt lat="47.75564833" lon="20.43696833">
        <ele>156.9</ele>
        <time>2025-07-11T07:19:10Z</time>
      </trkpt>
      <trkpt lat="47.75558167" lon="20.43667">
        <ele>156.6</ele>
        <time>2025-07-11T07:19:11Z</time>
      </trkpt>
      <trkpt lat="47.75551" lon="20.43633833">
        <ele>156.5</ele>
        <time>2025-07-11T07:19:12Z</time>
      </trkpt>
      <trkpt lat="47.75542667" lon="20.43601667">
        <ele>155.9</ele>
        <time>2025-07-11T07:19:13Z</time>
      </trkpt>
      <trkpt lat="47.75535667" lon="20.4357">
        <ele>157.3</ele>
        <time>2025-07-11T07:19:14Z</time>
      </trkpt>
      <trkpt lat="47.75529" lon="20.43536833">
        <ele>157</ele>
        <time>2025-07-11T07:19:15Z</time>
      </trkpt>
      <trkpt lat="47.755225" lon="20.43504333">
        <ele>157.4</ele>
        <time>2025-07-11T07:19:16Z</time>
      </trkpt>
      <trkpt lat="47.75515833" lon="20.43471">
        <ele>150.1</ele>
        <time>2025-07-11T07:19:17Z</time>
      </trkpt>
      <trkpt lat="47.75509167" lon="20.434365">
        <ele>144.9</ele>
        <time>2025-07-11T07:19:18Z</time>
      </trkpt>
      <trkpt lat="47.75502833" lon="20.43402167">
        <ele>145.6</ele>
        <time>2025-07-11T07:19:19Z</time>
      </trkpt>
      <trkpt lat="47.754965" lon="20.433695">
        <ele>143.7</ele>
        <time>2025-07-11T07:19:20Z</time>
      </trkpt>
      <trkpt lat="47.75488833" lon="20.43338333">
        <ele>140.5</ele>
        <time>2025-07-11T07:19:21Z</time>
      </trkpt>
      <trkpt lat="47.75483" lon="20.43307167">
        <ele>143.3</ele>
        <time>2025-07-11T07:19:22Z</time>
      </trkpt>
      <trkpt lat="47.75479667" lon="20.43274">
        <ele>151.3</ele>
        <time>2025-07-11T07:19:23Z</time>
      </trkpt>
      <trkpt lat="47.75474833" lon="20.43242833">
        <ele>155.6</ele>
        <time>2025-07-11T07:19:24Z</time>
      </trkpt>
      <trkpt lat="47.75468" lon="20.43210333">
        <ele>156.5</ele>
        <time>2025-07-11T07:19:25Z</time>
      </trkpt>
      <trkpt lat="47.75460833" lon="20.431775">
        <ele>156.1</ele>
        <time>2025-07-11T07:19:26Z</time>
      </trkpt>
      <trkpt lat="47.75454333" lon="20.431445">
        <ele>156</ele>
        <time>2025-07-11T07:19:27Z</time>
      </trkpt>
      <trkpt lat="47.75447167" lon="20.43117167">
        <ele>154</ele>
        <time>2025-07-11T07:19:28Z</time>
      </trkpt>
      <trkpt lat="47.75439833" lon="20.43088167">
        <ele>155.1</ele>
        <time>2025-07-11T07:19:29Z</time>
      </trkpt>
      <trkpt lat="47.75433833" lon="20.43055833">
        <ele>155.2</ele>
        <time>2025-07-11T07:19:30Z</time>
      </trkpt>
      <trkpt lat="47.75426833" lon="20.43024333">
        <ele>160.1</ele>
        <time>2025-07-11T07:19:31Z</time>
      </trkpt>
      <trkpt lat="47.75421" lon="20.42990833">
        <ele>159.7</ele>
        <time>2025-07-11T07:19:32Z</time>
      </trkpt>
      <trkpt lat="47.75415333" lon="20.429575">
        <ele>159.7</ele>
        <time>2025-07-11T07:19:33Z</time>
      </trkpt>
      <trkpt lat="47.754105" lon="20.42923167">
        <ele>159.9</ele>
        <time>2025-07-11T07:19:34Z</time>
      </trkpt>
      <trkpt lat="47.75407167" lon="20.42889167">
        <ele>161</ele>
        <time>2025-07-11T07:19:35Z</time>
      </trkpt>
      <trkpt lat="47.75401333" lon="20.428615">
        <ele>161.6</ele>
        <time>2025-07-11T07:19:36Z</time>
      </trkpt>
      <trkpt lat="47.75395333" lon="20.42833167">
        <ele>161.5</ele>
        <time>2025-07-11T07:19:37Z</time>
      </trkpt>
      <trkpt lat="47.75389667" lon="20.42804167">
        <ele>162.8</ele>
        <time>2025-07-11T07:19:38Z</time>
      </trkpt>
      <trkpt lat="47.753845" lon="20.42776167">
        <ele>165.8</ele>
        <time>2025-07-11T07:19:39Z</time>
      </trkpt>
      <trkpt lat="47.75379167" lon="20.42748333">
        <ele>165.5</ele>
        <time>2025-07-11T07:19:40Z</time>
      </trkpt>
      <trkpt lat="47.75374667" lon="20.42718">
        <ele>167.7</ele>
        <time>2025-07-11T07:19:41Z</time>
      </trkpt>
      <trkpt lat="47.75369167" lon="20.42690667">
        <ele>167.5</ele>
        <time>2025-07-11T07:19:42Z</time>
      </trkpt>
      <trkpt lat="47.753645" lon="20.42662167">
        <ele>167.4</ele>
        <time>2025-07-11T07:19:43Z</time>
      </trkpt>
      <trkpt lat="47.75359667" lon="20.42635333">
        <ele>156</ele>
        <time>2025-07-11T07:19:44Z</time>
      </trkpt>
      <trkpt lat="47.75355" lon="20.42610333">
        <ele>155.3</ele>
        <time>2025-07-11T07:19:45Z</time>
      </trkpt>
      <trkpt lat="47.75350167" lon="20.42586167">
        <ele>154.9</ele>
        <time>2025-07-11T07:19:46Z</time>
      </trkpt>
      <trkpt lat="47.75345833" lon="20.42561667">
        <ele>154.5</ele>
        <time>2025-07-11T07:19:47Z</time>
      </trkpt>
      <trkpt lat="47.75341833" lon="20.42537833">
        <ele>154.1</ele>
        <time>2025-07-11T07:19:48Z</time>
      </trkpt>
      <trkpt lat="47.75337833" lon="20.42515167">
        <ele>153.9</ele>
        <time>2025-07-11T07:19:49Z</time>
      </trkpt>
      <trkpt lat="47.75333833" lon="20.42493">
        <ele>154.7</ele>
        <time>2025-07-11T07:19:50Z</time>
      </trkpt>
      <trkpt lat="47.753295" lon="20.42471167">
        <ele>154.6</ele>
        <time>2025-07-11T07:19:51Z</time>
      </trkpt>
      <trkpt lat="47.75326" lon="20.42448833">
        <ele>154.4</ele>
        <time>2025-07-11T07:19:52Z</time>
      </trkpt>
      <trkpt lat="47.75322833" lon="20.42428667">
        <ele>154.2</ele>
        <time>2025-07-11T07:19:53Z</time>
      </trkpt>
      <trkpt lat="47.75319667" lon="20.42408667">
        <ele>153.7</ele>
        <time>2025-07-11T07:19:54Z</time>
      </trkpt>
      <trkpt lat="47.75318667" lon="20.42381833">
        <ele>149.9</ele>
        <time>2025-07-11T07:19:55Z</time>
      </trkpt>
      <trkpt lat="47.75315667" lon="20.42364167">
        <ele>150.2</ele>
        <time>2025-07-11T07:19:56Z</time>
      </trkpt>
      <trkpt lat="47.75312" lon="20.42348">
        <ele>150.2</ele>
        <time>2025-07-11T07:19:57Z</time>
      </trkpt>
      <trkpt lat="47.753085" lon="20.423325">
        <ele>149.7</ele>
        <time>2025-07-11T07:19:58Z</time>
      </trkpt>
      <trkpt lat="47.75303167" lon="20.423205">
        <ele>136.3</ele>
        <time>2025-07-11T07:19:59Z</time>
      </trkpt>
      <trkpt lat="47.75300333" lon="20.42306333">
        <ele>136.5</ele>
        <time>2025-07-11T07:20:00Z</time>
      </trkpt>
      <trkpt lat="47.75297333" lon="20.42292333">
        <ele>136.5</ele>
        <time>2025-07-11T07:20:01Z</time>
      </trkpt>
      <trkpt lat="47.752945" lon="20.422785">
        <ele>136.7</ele>
        <time>2025-07-11T07:20:02Z</time>
      </trkpt>
      <trkpt lat="47.75289167" lon="20.42253333">
        <ele>140.2</ele>
        <time>2025-07-11T07:20:04Z</time>
      </trkpt>
      <trkpt lat="47.75283" lon="20.422315">
        <ele>144</ele>
        <time>2025-07-11T07:20:06Z</time>
      </trkpt>
      <trkpt lat="47.75277667" lon="20.42213333">
        <ele>146.9</ele>
        <time>2025-07-11T07:20:08Z</time>
      </trkpt>
      <trkpt lat="47.752745" lon="20.42196">
        <ele>147.7</ele>
        <time>2025-07-11T07:20:10Z</time>
      </trkpt>
      <trkpt lat="47.75271167" lon="20.42181167">
        <ele>148.8</ele>
        <time>2025-07-11T07:20:12Z</time>
      </trkpt>
      <trkpt lat="47.75268" lon="20.421645">
        <ele>151</ele>
        <time>2025-07-11T07:20:14Z</time>
      </trkpt>
      <trkpt lat="47.75265333" lon="20.421485">
        <ele>151.3</ele>
        <time>2025-07-11T07:20:16Z</time>
      </trkpt>
      <trkpt lat="47.75262667" lon="20.42134667">
        <ele>152.9</ele>
        <time>2025-07-11T07:20:18Z</time>
      </trkpt>
      <trkpt lat="47.75260167" lon="20.42120833">
        <ele>154.4</ele>
        <time>2025-07-11T07:20:20Z</time>
      </trkpt>
      <trkpt lat="47.75257667" lon="20.42105667">
        <ele>155.1</ele>
        <time>2025-07-11T07:20:22Z</time>
      </trkpt>
      <trkpt lat="47.752555" lon="20.420925">
        <ele>156.5</ele>
        <time>2025-07-11T07:20:24Z</time>
      </trkpt>
      <trkpt lat="47.75251833" lon="20.420745">
        <ele>158.6</ele>
        <time>2025-07-11T07:20:27Z</time>
      </trkpt>
      <trkpt lat="47.75247" lon="20.42056833">
        <ele>159.8</ele>
        <time>2025-07-11T07:20:30Z</time>
      </trkpt>
      <trkpt lat="47.752435" lon="20.42043833">
        <ele>160.1</ele>
        <time>2025-07-11T07:20:32Z</time>
      </trkpt>
      <trkpt lat="47.75240333" lon="20.4203">
        <ele>159.6</ele>
        <time>2025-07-11T07:20:34Z</time>
      </trkpt>
      <trkpt lat="47.75238" lon="20.42015333">
        <ele>159.9</ele>
        <time>2025-07-11T07:20:36Z</time>
      </trkpt>
      <trkpt lat="47.75235167" lon="20.420025">
        <ele>160.9</ele>
        <time>2025-07-11T07:20:38Z</time>
      </trkpt>
      <trkpt lat="47.75229833" lon="20.41985667">
        <ele>160.4</ele>
        <time>2025-07-11T07:20:41Z</time>
      </trkpt>
      <trkpt lat="47.75226167" lon="20.41973">
        <ele>159.6</ele>
        <time>2025-07-11T07:20:43Z</time>
      </trkpt>
      <trkpt lat="47.75223333" lon="20.41959833">
        <ele>159.5</ele>
        <time>2025-07-11T07:20:45Z</time>
      </trkpt>
      <trkpt lat="47.7522" lon="20.41946833">
        <ele>159.1</ele>
        <time>2025-07-11T07:20:47Z</time>
      </trkpt>
      <trkpt lat="47.75215833" lon="20.41929167">
        <ele>158</ele>
        <time>2025-07-11T07:20:50Z</time>
      </trkpt>
      <trkpt lat="47.75213167" lon="20.41915833">
        <ele>160</ele>
        <time>2025-07-11T07:20:52Z</time>
      </trkpt>
      <trkpt lat="47.75211" lon="20.41900167">
        <ele>159.8</ele>
        <time>2025-07-11T07:20:54Z</time>
      </trkpt>
      <trkpt lat="47.75207833" lon="20.418875">
        <ele>158.3</ele>
        <time>2025-07-11T07:20:56Z</time>
      </trkpt>
      <trkpt lat="47.75205333" lon="20.418735">
        <ele>157.8</ele>
        <time>2025-07-11T07:20:58Z</time>
      </trkpt>
      <trkpt lat="47.75203" lon="20.41859833">
        <ele>157.3</ele>
        <time>2025-07-11T07:21:00Z</time>
      </trkpt>
      <trkpt lat="47.75200833" lon="20.41846833">
        <ele>156.7</ele>
        <time>2025-07-11T07:21:02Z</time>
      </trkpt>
      <trkpt lat="47.75199833" lon="20.41832333">
        <ele>156.3</ele>
        <time>2025-07-11T07:21:04Z</time>
      </trkpt>
      <trkpt lat="47.751985" lon="20.41818833">
        <ele>156.1</ele>
        <time>2025-07-11T07:21:06Z</time>
      </trkpt>
      <trkpt lat="47.75195167" lon="20.418035">
        <ele>155.4</ele>
        <time>2025-07-11T07:21:08Z</time>
      </trkpt>
      <trkpt lat="47.75193333" lon="20.4179">
        <ele>154.8</ele>
        <time>2025-07-11T07:21:10Z</time>
      </trkpt>
      <trkpt lat="47.751915" lon="20.41776167">
        <ele>153.6</ele>
        <time>2025-07-11T07:21:12Z</time>
      </trkpt>
      <trkpt lat="47.751875" lon="20.41757167">
        <ele>152.5</ele>
        <time>2025-07-11T07:21:15Z</time>
      </trkpt>
      <trkpt lat="47.751845" lon="20.41742667">
        <ele>152.1</ele>
        <time>2025-07-11T07:21:17Z</time>
      </trkpt>
      <trkpt lat="47.75181833" lon="20.417295">
        <ele>152.3</ele>
        <time>2025-07-11T07:21:19Z</time>
      </trkpt>
      <trkpt lat="47.75177167" lon="20.41711833">
        <ele>151.8</ele>
        <time>2025-07-11T07:21:22Z</time>
      </trkpt>
      <trkpt lat="47.75173" lon="20.416935">
        <ele>152.8</ele>
        <time>2025-07-11T07:21:25Z</time>
      </trkpt>
      <trkpt lat="47.75168667" lon="20.41674833">
        <ele>153.8</ele>
        <time>2025-07-11T07:21:28Z</time>
      </trkpt>
      <trkpt lat="47.75166" lon="20.416615">
        <ele>153.7</ele>
        <time>2025-07-11T07:21:30Z</time>
      </trkpt>
      <trkpt lat="47.75163833" lon="20.41648333">
        <ele>153.4</ele>
        <time>2025-07-11T07:21:32Z</time>
      </trkpt>
      <trkpt lat="47.75160667" lon="20.41634333">
        <ele>153.9</ele>
        <time>2025-07-11T07:21:34Z</time>
      </trkpt>
      <trkpt lat="47.75157333" lon="20.41614167">
        <ele>154.2</ele>
        <time>2025-07-11T07:21:37Z</time>
      </trkpt>
      <trkpt lat="47.75154667" lon="20.41600167">
        <ele>154.2</ele>
        <time>2025-07-11T07:21:39Z</time>
      </trkpt>
      <trkpt lat="47.75151667" lon="20.41585833">
        <ele>153.5</ele>
        <time>2025-07-11T07:21:41Z</time>
      </trkpt>
      <trkpt lat="47.75147667" lon="20.415675">
        <ele>152.2</ele>
        <time>2025-07-11T07:21:44Z</time>
      </trkpt>
      <trkpt lat="47.75144167" lon="20.415495">
        <ele>151.9</ele>
        <time>2025-07-11T07:21:47Z</time>
      </trkpt>
      <trkpt lat="47.75142167" lon="20.41536333">
        <ele>152</ele>
        <time>2025-07-11T07:21:49Z</time>
      </trkpt>
      <trkpt lat="47.75138333" lon="20.41518667">
        <ele>152</ele>
        <time>2025-07-11T07:21:52Z</time>
      </trkpt>
      <trkpt lat="47.75134167" lon="20.41502667">
        <ele>151</ele>
        <time>2025-07-11T07:21:55Z</time>
      </trkpt>
      <trkpt lat="47.751305" lon="20.41488333">
        <ele>151.4</ele>
        <time>2025-07-11T07:21:58Z</time>
      </trkpt>
      <trkpt lat="47.75128" lon="20.41475333">
        <ele>151.6</ele>
        <time>2025-07-11T07:22:00Z</time>
      </trkpt>
      <trkpt lat="47.75126167" lon="20.41461833">
        <ele>151.6</ele>
        <time>2025-07-11T07:22:02Z</time>
      </trkpt>
      <trkpt lat="47.75124167" lon="20.414485">
        <ele>151.9</ele>
        <time>2025-07-11T07:22:05Z</time>
      </trkpt>
      <trkpt lat="47.75121333" lon="20.41434">
        <ele>154.8</ele>
        <time>2025-07-11T07:23:38Z</time>
      </trkpt>
      <trkpt lat="47.751195" lon="20.41419">
        <ele>156.1</ele>
        <time>2025-07-11T07:23:42Z</time>
      </trkpt>
      <trkpt lat="47.751145" lon="20.41392333">
        <ele>157.4</ele>
        <time>2025-07-11T07:23:46Z</time>
      </trkpt>
      <trkpt lat="47.75111" lon="20.41374333">
        <ele>157.1</ele>
        <time>2025-07-11T07:23:48Z</time>
      </trkpt>
      <trkpt lat="47.75106667" lon="20.41349667">
        <ele>157.4</ele>
        <time>2025-07-11T07:23:50Z</time>
      </trkpt>
      <trkpt lat="47.75103667" lon="20.41334667">
        <ele>158.2</ele>
        <time>2025-07-11T07:23:51Z</time>
      </trkpt>
      <trkpt lat="47.75100167" lon="20.413195">
        <ele>158.9</ele>
        <time>2025-07-11T07:23:52Z</time>
      </trkpt>
      <trkpt lat="47.75096667" lon="20.41303167">
        <ele>159.4</ele>
        <time>2025-07-11T07:23:53Z</time>
      </trkpt>
      <trkpt lat="47.75093167" lon="20.41287">
        <ele>159.7</ele>
        <time>2025-07-11T07:23:54Z</time>
      </trkpt>
      <trkpt lat="47.75089667" lon="20.412695">
        <ele>159.2</ele>
        <time>2025-07-11T07:23:55Z</time>
      </trkpt>
      <trkpt lat="47.75085167" lon="20.412515">
        <ele>158.5</ele>
        <time>2025-07-11T07:23:56Z</time>
      </trkpt>
      <trkpt lat="47.75081" lon="20.41232833">
        <ele>158.2</ele>
        <time>2025-07-11T07:23:57Z</time>
      </trkpt>
      <trkpt lat="47.75077333" lon="20.41213">
        <ele>157.5</ele>
        <time>2025-07-11T07:23:58Z</time>
      </trkpt>
      <trkpt lat="47.750735" lon="20.41193">
        <ele>156</ele>
        <time>2025-07-11T07:23:59Z</time>
      </trkpt>
      <trkpt lat="47.75069667" lon="20.41174333">
        <ele>155.6</ele>
        <time>2025-07-11T07:24:00Z</time>
      </trkpt>
      <trkpt lat="47.75066667" lon="20.41154167">
        <ele>155.4</ele>
        <time>2025-07-11T07:24:01Z</time>
      </trkpt>
      <trkpt lat="47.75062833" lon="20.41132833">
        <ele>156</ele>
        <time>2025-07-11T07:24:02Z</time>
      </trkpt>
      <trkpt lat="47.75058" lon="20.411125">
        <ele>154.8</ele>
        <time>2025-07-11T07:24:03Z</time>
      </trkpt>
      <trkpt lat="47.75054167" lon="20.41091167">
        <ele>153.5</ele>
        <time>2025-07-11T07:24:04Z</time>
      </trkpt>
      <trkpt lat="47.7505" lon="20.41072">
        <ele>154.3</ele>
        <time>2025-07-11T07:24:05Z</time>
      </trkpt>
      <trkpt lat="47.75046" lon="20.41053">
        <ele>154.1</ele>
        <time>2025-07-11T07:24:06Z</time>
      </trkpt>
      <trkpt lat="47.75042667" lon="20.41033833">
        <ele>154.1</ele>
        <time>2025-07-11T07:24:07Z</time>
      </trkpt>
      <trkpt lat="47.75039333" lon="20.41013833">
        <ele>154.5</ele>
        <time>2025-07-11T07:24:08Z</time>
      </trkpt>
      <trkpt lat="47.75035" lon="20.40994">
        <ele>155.3</ele>
        <time>2025-07-11T07:24:09Z</time>
      </trkpt>
      <trkpt lat="47.75031" lon="20.409755">
        <ele>155.6</ele>
        <time>2025-07-11T07:24:10Z</time>
      </trkpt>
      <trkpt lat="47.750265" lon="20.40956">
        <ele>156.1</ele>
        <time>2025-07-11T07:24:11Z</time>
      </trkpt>
      <trkpt lat="47.75021667" lon="20.40935833">
        <ele>156.2</ele>
        <time>2025-07-11T07:24:12Z</time>
      </trkpt>
      <trkpt lat="47.75016833" lon="20.40915333">
        <ele>155.2</ele>
        <time>2025-07-11T07:24:13Z</time>
      </trkpt>
      <trkpt lat="47.75012167" lon="20.40893833">
        <ele>154.1</ele>
        <time>2025-07-11T07:24:14Z</time>
      </trkpt>
      <trkpt lat="47.750075" lon="20.40873">
        <ele>154.4</ele>
        <time>2025-07-11T07:24:15Z</time>
      </trkpt>
      <trkpt lat="47.75002667" lon="20.40852167">
        <ele>154.2</ele>
        <time>2025-07-11T07:24:16Z</time>
      </trkpt>
      <trkpt lat="47.749985" lon="20.40831333">
        <ele>154.4</ele>
        <time>2025-07-11T07:24:17Z</time>
      </trkpt>
      <trkpt lat="47.74994833" lon="20.40809833">
        <ele>154.9</ele>
        <time>2025-07-11T07:24:18Z</time>
      </trkpt>
      <trkpt lat="47.74990833" lon="20.40787667">
        <ele>154.5</ele>
        <time>2025-07-11T07:24:19Z</time>
      </trkpt>
      <trkpt lat="47.74986833" lon="20.40765667">
        <ele>154</ele>
        <time>2025-07-11T07:24:20Z</time>
      </trkpt>
      <trkpt lat="47.74982833" lon="20.40742833">
        <ele>153.6</ele>
        <time>2025-07-11T07:24:21Z</time>
      </trkpt>
      <trkpt lat="47.749785" lon="20.407195">
        <ele>154.1</ele>
        <time>2025-07-11T07:24:22Z</time>
      </trkpt>
      <trkpt lat="47.74974167" lon="20.40696333">
        <ele>153.8</ele>
        <time>2025-07-11T07:24:23Z</time>
      </trkpt>
      <trkpt lat="47.74969833" lon="20.406735">
        <ele>154</ele>
        <time>2025-07-11T07:24:24Z</time>
      </trkpt>
      <trkpt lat="47.74965" lon="20.40651167">
        <ele>154.5</ele>
        <time>2025-07-11T07:24:25Z</time>
      </trkpt>
      <trkpt lat="47.74960333" lon="20.40627833">
        <ele>154.8</ele>
        <time>2025-07-11T07:24:26Z</time>
      </trkpt>
      <trkpt lat="47.74955833" lon="20.40604">
        <ele>155.3</ele>
        <time>2025-07-11T07:24:27Z</time>
      </trkpt>
      <trkpt lat="47.749515" lon="20.4058">
        <ele>155.5</ele>
        <time>2025-07-11T07:24:28Z</time>
      </trkpt>
      <trkpt lat="47.74946333" lon="20.405565">
        <ele>155.2</ele>
        <time>2025-07-11T07:24:29Z</time>
      </trkpt>
      <trkpt lat="47.74941333" lon="20.40532833">
        <ele>155.5</ele>
        <time>2025-07-11T07:24:30Z</time>
      </trkpt>
      <trkpt lat="47.74936667" lon="20.40508333">
        <ele>156.3</ele>
        <time>2025-07-11T07:24:31Z</time>
      </trkpt>
      <trkpt lat="47.74931333" lon="20.40484333">
        <ele>157</ele>
        <time>2025-07-11T07:24:32Z</time>
      </trkpt>
      <trkpt lat="47.74926333" lon="20.40459833">
        <ele>157</ele>
        <time>2025-07-11T07:24:33Z</time>
      </trkpt>
      <trkpt lat="47.74921333" lon="20.404355">
        <ele>157.4</ele>
        <time>2025-07-11T07:24:34Z</time>
      </trkpt>
      <trkpt lat="47.74916667" lon="20.404105">
        <ele>157.5</ele>
        <time>2025-07-11T07:24:35Z</time>
      </trkpt>
      <trkpt lat="47.74911667" lon="20.40385167">
        <ele>157.1</ele>
        <time>2025-07-11T07:24:36Z</time>
      </trkpt>
      <trkpt lat="47.74907167" lon="20.403595">
        <ele>156.7</ele>
        <time>2025-07-11T07:24:37Z</time>
      </trkpt>
      <trkpt lat="47.74902" lon="20.40333167">
        <ele>154.7</ele>
        <time>2025-07-11T07:24:38Z</time>
      </trkpt>
      <trkpt lat="47.74896667" lon="20.403075">
        <ele>154.6</ele>
        <time>2025-07-11T07:24:39Z</time>
      </trkpt>
      <trkpt lat="47.74891167" lon="20.40282167">
        <ele>154.3</ele>
        <time>2025-07-11T07:24:40Z</time>
      </trkpt>
      <trkpt lat="47.74885833" lon="20.40255167">
        <ele>154.1</ele>
        <time>2025-07-11T07:24:41Z</time>
      </trkpt>
      <trkpt lat="47.748805" lon="20.402285">
        <ele>154.3</ele>
        <time>2025-07-11T07:24:42Z</time>
      </trkpt>
      <trkpt lat="47.74874667" lon="20.402025">
        <ele>154.5</ele>
        <time>2025-07-11T07:24:43Z</time>
      </trkpt>
      <trkpt lat="47.74868667" lon="20.40175667">
        <ele>154.2</ele>
        <time>2025-07-11T07:24:44Z</time>
      </trkpt>
      <trkpt lat="47.74863167" lon="20.40148167">
        <ele>155</ele>
        <time>2025-07-11T07:24:45Z</time>
      </trkpt>
      <trkpt lat="47.74857333" lon="20.401205">
        <ele>155.2</ele>
        <time>2025-07-11T07:24:46Z</time>
      </trkpt>
      <trkpt lat="47.74852" lon="20.40092833">
        <ele>155.7</ele>
        <time>2025-07-11T07:24:47Z</time>
      </trkpt>
      <trkpt lat="47.74846167" lon="20.40065333">
        <ele>156.4</ele>
        <time>2025-07-11T07:24:48Z</time>
      </trkpt>
      <trkpt lat="47.74839667" lon="20.400385">
        <ele>156.6</ele>
        <time>2025-07-11T07:24:49Z</time>
      </trkpt>
      <trkpt lat="47.74833167" lon="20.40009333">
        <ele>155.6</ele>
        <time>2025-07-11T07:24:50Z</time>
      </trkpt>
      <trkpt lat="47.748275" lon="20.39979667">
        <ele>154.8</ele>
        <time>2025-07-11T07:24:51Z</time>
      </trkpt>
      <trkpt lat="47.748215" lon="20.39951">
        <ele>154.1</ele>
        <time>2025-07-11T07:24:52Z</time>
      </trkpt>
      <trkpt lat="47.74815667" lon="20.39922167">
        <ele>153.2</ele>
        <time>2025-07-11T07:24:53Z</time>
      </trkpt>
      <trkpt lat="47.74810167" lon="20.39893">
        <ele>152.3</ele>
        <time>2025-07-11T07:24:54Z</time>
      </trkpt>
      <trkpt lat="47.74805" lon="20.39865167">
        <ele>152.1</ele>
        <time>2025-07-11T07:24:55Z</time>
      </trkpt>
      <trkpt lat="47.74798667" lon="20.39835333">
        <ele>151.2</ele>
        <time>2025-07-11T07:24:56Z</time>
      </trkpt>
      <trkpt lat="47.747945" lon="20.39803833">
        <ele>151.8</ele>
        <time>2025-07-11T07:24:57Z</time>
      </trkpt>
      <trkpt lat="47.74789833" lon="20.397725">
        <ele>151.9</ele>
        <time>2025-07-11T07:24:58Z</time>
      </trkpt>
      <trkpt lat="47.747835" lon="20.39742833">
        <ele>151.1</ele>
        <time>2025-07-11T07:24:59Z</time>
      </trkpt>
      <trkpt lat="47.74777333" lon="20.39711167">
        <ele>152</ele>
        <time>2025-07-11T07:25:00Z</time>
      </trkpt>
      <trkpt lat="47.74770667" lon="20.39679833">
        <ele>151.9</ele>
        <time>2025-07-11T07:25:01Z</time>
      </trkpt>
      <trkpt lat="47.74763333" lon="20.39647167">
        <ele>151.4</ele>
        <time>2025-07-11T07:25:02Z</time>
      </trkpt>
      <trkpt lat="47.74756333" lon="20.39613667">
        <ele>151.8</ele>
        <time>2025-07-11T07:25:03Z</time>
      </trkpt>
      <trkpt lat="47.74749167" lon="20.39580167">
        <ele>152.1</ele>
        <time>2025-07-11T07:25:04Z</time>
      </trkpt>
      <trkpt lat="47.747425" lon="20.39546667">
        <ele>152.2</ele>
        <time>2025-07-11T07:25:05Z</time>
      </trkpt>
      <trkpt lat="47.74735" lon="20.395115">
        <ele>152.9</ele>
        <time>2025-07-11T07:25:06Z</time>
      </trkpt>
      <trkpt lat="47.74729" lon="20.394775">
        <ele>153.1</ele>
        <time>2025-07-11T07:25:07Z</time>
      </trkpt>
      <trkpt lat="47.74723" lon="20.39443833">
        <ele>152.8</ele>
        <time>2025-07-11T07:25:08Z</time>
      </trkpt>
      <trkpt lat="47.74718" lon="20.39409">
        <ele>152.4</ele>
        <time>2025-07-11T07:25:09Z</time>
      </trkpt>
      <trkpt lat="47.747125" lon="20.39374167">
        <ele>151.9</ele>
        <time>2025-07-11T07:25:10Z</time>
      </trkpt>
      <trkpt lat="47.74706833" lon="20.39340167">
        <ele>152.1</ele>
        <time>2025-07-11T07:25:11Z</time>
      </trkpt>
      <trkpt lat="47.74701333" lon="20.39305333">
        <ele>154.1</ele>
        <time>2025-07-11T07:25:12Z</time>
      </trkpt>
      <trkpt lat="47.74695667" lon="20.392715">
        <ele>154.8</ele>
        <time>2025-07-11T07:25:13Z</time>
      </trkpt>
      <trkpt lat="47.74690167" lon="20.39237333">
        <ele>155</ele>
        <time>2025-07-11T07:25:14Z</time>
      </trkpt>
      <trkpt lat="47.74685" lon="20.39202333">
        <ele>154.2</ele>
        <time>2025-07-11T07:25:15Z</time>
      </trkpt>
      <trkpt lat="47.7468" lon="20.39169">
        <ele>153.6</ele>
        <time>2025-07-11T07:25:16Z</time>
      </trkpt>
      <trkpt lat="47.74674833" lon="20.391355">
        <ele>153.2</ele>
        <time>2025-07-11T07:25:17Z</time>
      </trkpt>
      <trkpt lat="47.74669333" lon="20.39102167">
        <ele>150.8</ele>
        <time>2025-07-11T07:25:18Z</time>
      </trkpt>
      <trkpt lat="47.74664333" lon="20.39068">
        <ele>151.7</ele>
        <time>2025-07-11T07:25:19Z</time>
      </trkpt>
      <trkpt lat="47.746595" lon="20.39033833">
        <ele>152.5</ele>
        <time>2025-07-11T07:25:20Z</time>
      </trkpt>
      <trkpt lat="47.74654333" lon="20.39000333">
        <ele>152.8</ele>
        <time>2025-07-11T07:25:21Z</time>
      </trkpt>
      <trkpt lat="47.74649833" lon="20.389655">
        <ele>153.4</ele>
        <time>2025-07-11T07:25:22Z</time>
      </trkpt>
      <trkpt lat="47.74644833" lon="20.38931167">
        <ele>153.3</ele>
        <time>2025-07-11T07:25:23Z</time>
      </trkpt>
      <trkpt lat="47.74639833" lon="20.38897333">
        <ele>153.5</ele>
        <time>2025-07-11T07:25:24Z</time>
      </trkpt>
      <trkpt lat="47.746355" lon="20.38863167">
        <ele>153.9</ele>
        <time>2025-07-11T07:25:25Z</time>
      </trkpt>
      <trkpt lat="47.746315" lon="20.38829167">
        <ele>154.5</ele>
        <time>2025-07-11T07:25:26Z</time>
      </trkpt>
      <trkpt lat="47.74627667" lon="20.38794667">
        <ele>154.7</ele>
        <time>2025-07-11T07:25:27Z</time>
      </trkpt>
      <trkpt lat="47.74624" lon="20.387605">
        <ele>155.6</ele>
        <time>2025-07-11T07:25:28Z</time>
      </trkpt>
      <trkpt lat="47.74620333" lon="20.38726667">
        <ele>156.6</ele>
        <time>2025-07-11T07:25:29Z</time>
      </trkpt>
      <trkpt lat="47.746165" lon="20.38691667">
        <ele>156.9</ele>
        <time>2025-07-11T07:25:30Z</time>
      </trkpt>
      <trkpt lat="47.74613333" lon="20.38655833">
        <ele>154.2</ele>
        <time>2025-07-11T07:25:31Z</time>
      </trkpt>
      <trkpt lat="47.74610167" lon="20.38620667">
        <ele>154.6</ele>
        <time>2025-07-11T07:25:32Z</time>
      </trkpt>
      <trkpt lat="47.74606833" lon="20.385855">
        <ele>154.5</ele>
        <time>2025-07-11T07:25:33Z</time>
      </trkpt>
      <trkpt lat="47.74602833" lon="20.385505">
        <ele>154.6</ele>
        <time>2025-07-11T07:25:34Z</time>
      </trkpt>
      <trkpt lat="47.74598667" lon="20.385165">
        <ele>152.5</ele>
        <time>2025-07-11T07:25:35Z</time>
      </trkpt>
      <trkpt lat="47.74595333" lon="20.38482833">
        <ele>151.7</ele>
        <time>2025-07-11T07:25:36Z</time>
      </trkpt>
      <trkpt lat="47.745925" lon="20.38449833">
        <ele>151.9</ele>
        <time>2025-07-11T07:25:37Z</time>
      </trkpt>
      <trkpt lat="47.745895" lon="20.38416667">
        <ele>152.7</ele>
        <time>2025-07-11T07:25:38Z</time>
      </trkpt>
      <trkpt lat="47.74587167" lon="20.383815">
        <ele>150.7</ele>
        <time>2025-07-11T07:25:39Z</time>
      </trkpt>
      <trkpt lat="47.745845" lon="20.38347833">
        <ele>151.5</ele>
        <time>2025-07-11T07:25:40Z</time>
      </trkpt>
      <trkpt lat="47.74582167" lon="20.38313833">
        <ele>152</ele>
        <time>2025-07-11T07:25:41Z</time>
      </trkpt>
      <trkpt lat="47.7458" lon="20.38281">
        <ele>150.9</ele>
        <time>2025-07-11T07:25:42Z</time>
      </trkpt>
      <trkpt lat="47.74577667" lon="20.3825">
        <ele>151.3</ele>
        <time>2025-07-11T07:25:43Z</time>
      </trkpt>
      <trkpt lat="47.74575" lon="20.38219167">
        <ele>151.5</ele>
        <time>2025-07-11T07:25:44Z</time>
      </trkpt>
      <trkpt lat="47.74572167" lon="20.38186667">
        <ele>152.1</ele>
        <time>2025-07-11T07:25:45Z</time>
      </trkpt>
      <trkpt lat="47.74570333" lon="20.38154">
        <ele>153.1</ele>
        <time>2025-07-11T07:25:46Z</time>
      </trkpt>
      <trkpt lat="47.74568" lon="20.381215">
        <ele>154.1</ele>
        <time>2025-07-11T07:25:47Z</time>
      </trkpt>
      <trkpt lat="47.74565833" lon="20.38089833">
        <ele>155</ele>
        <time>2025-07-11T07:25:48Z</time>
      </trkpt>
      <trkpt lat="47.745635" lon="20.380585">
        <ele>155.9</ele>
        <time>2025-07-11T07:25:49Z</time>
      </trkpt>
      <trkpt lat="47.74561" lon="20.380265">
        <ele>156.9</ele>
        <time>2025-07-11T07:25:50Z</time>
      </trkpt>
      <trkpt lat="47.74559333" lon="20.37995167">
        <ele>158.5</ele>
        <time>2025-07-11T07:25:51Z</time>
      </trkpt>
      <trkpt lat="47.74557333" lon="20.37965">
        <ele>159.4</ele>
        <time>2025-07-11T07:25:52Z</time>
      </trkpt>
      <trkpt lat="47.74555167" lon="20.37935333">
        <ele>159</ele>
        <time>2025-07-11T07:25:53Z</time>
      </trkpt>
      <trkpt lat="47.74553" lon="20.37905333">
        <ele>159.7</ele>
        <time>2025-07-11T07:25:54Z</time>
      </trkpt>
      <trkpt lat="47.745505" lon="20.37874667">
        <ele>159.4</ele>
        <time>2025-07-11T07:25:55Z</time>
      </trkpt>
      <trkpt lat="47.74548" lon="20.37842833">
        <ele>159.1</ele>
        <time>2025-07-11T07:25:56Z</time>
      </trkpt>
      <trkpt lat="47.74545667" lon="20.37811667">
        <ele>158.7</ele>
        <time>2025-07-11T07:25:57Z</time>
      </trkpt>
      <trkpt lat="47.745435" lon="20.37780667">
        <ele>158.5</ele>
        <time>2025-07-11T07:25:58Z</time>
      </trkpt>
      <trkpt lat="47.745415" lon="20.3775">
        <ele>159.6</ele>
        <time>2025-07-11T07:25:59Z</time>
      </trkpt>
      <trkpt lat="47.74538833" lon="20.37719833">
        <ele>160.7</ele>
        <time>2025-07-11T07:26:00Z</time>
      </trkpt>
      <trkpt lat="47.745365" lon="20.37689333">
        <ele>162.1</ele>
        <time>2025-07-11T07:26:01Z</time>
      </trkpt>
      <trkpt lat="47.74534333" lon="20.37659333">
        <ele>162.9</ele>
        <time>2025-07-11T07:26:02Z</time>
      </trkpt>
      <trkpt lat="47.745315" lon="20.37629833">
        <ele>163.1</ele>
        <time>2025-07-11T07:26:03Z</time>
      </trkpt>
      <trkpt lat="47.74529" lon="20.37599833">
        <ele>163.9</ele>
        <time>2025-07-11T07:26:04Z</time>
      </trkpt>
      <trkpt lat="47.74527167" lon="20.37570167">
        <ele>163.9</ele>
        <time>2025-07-11T07:26:05Z</time>
      </trkpt>
      <trkpt lat="47.745255" lon="20.3754">
        <ele>163.8</ele>
        <time>2025-07-11T07:26:06Z</time>
      </trkpt>
      <trkpt lat="47.745235" lon="20.37509667">
        <ele>163.8</ele>
        <time>2025-07-11T07:26:07Z</time>
      </trkpt>
      <trkpt lat="47.74521333" lon="20.37479">
        <ele>163.6</ele>
        <time>2025-07-11T07:26:08Z</time>
      </trkpt>
      <trkpt lat="47.74519167" lon="20.37448333">
        <ele>163.9</ele>
        <time>2025-07-11T07:26:09Z</time>
      </trkpt>
      <trkpt lat="47.74517" lon="20.37417333">
        <ele>162.9</ele>
        <time>2025-07-11T07:26:10Z</time>
      </trkpt>
      <trkpt lat="47.745145" lon="20.37386">
        <ele>163.9</ele>
        <time>2025-07-11T07:26:11Z</time>
      </trkpt>
      <trkpt lat="47.745115" lon="20.373535">
        <ele>163.2</ele>
        <time>2025-07-11T07:26:12Z</time>
      </trkpt>
      <trkpt lat="47.74509" lon="20.37320167">
        <ele>162.7</ele>
        <time>2025-07-11T07:26:13Z</time>
      </trkpt>
      <trkpt lat="47.74506333" lon="20.37286667">
        <ele>162.6</ele>
        <time>2025-07-11T07:26:14Z</time>
      </trkpt>
      <trkpt lat="47.74503833" lon="20.37253833">
        <ele>163</ele>
        <time>2025-07-11T07:26:15Z</time>
      </trkpt>
      <trkpt lat="47.74501667" lon="20.37220167">
        <ele>163.3</ele>
        <time>2025-07-11T07:26:16Z</time>
      </trkpt>
      <trkpt lat="47.74499167" lon="20.37185667">
        <ele>162.9</ele>
        <time>2025-07-11T07:26:17Z</time>
      </trkpt>
      <trkpt lat="47.74496167" lon="20.37151333">
        <ele>163</ele>
        <time>2025-07-11T07:26:18Z</time>
      </trkpt>
      <trkpt lat="47.74493833" lon="20.371175">
        <ele>162.9</ele>
        <time>2025-07-11T07:26:19Z</time>
      </trkpt>
      <trkpt lat="47.74490833" lon="20.37081833">
        <ele>162.6</ele>
        <time>2025-07-11T07:26:20Z</time>
      </trkpt>
      <trkpt lat="47.74487833" lon="20.37045">
        <ele>162.4</ele>
        <time>2025-07-11T07:26:21Z</time>
      </trkpt>
      <trkpt lat="47.74484667" lon="20.37008667">
        <ele>161.4</ele>
        <time>2025-07-11T07:26:22Z</time>
      </trkpt>
      <trkpt lat="47.74481667" lon="20.36971833">
        <ele>161.1</ele>
        <time>2025-07-11T07:26:23Z</time>
      </trkpt>
      <trkpt lat="47.74479167" lon="20.36935167">
        <ele>161.1</ele>
        <time>2025-07-11T07:26:24Z</time>
      </trkpt>
      <trkpt lat="47.74475833" lon="20.36895667">
        <ele>161.5</ele>
        <time>2025-07-11T07:26:25Z</time>
      </trkpt>
      <trkpt lat="47.74472667" lon="20.36858167">
        <ele>161.2</ele>
        <time>2025-07-11T07:26:26Z</time>
      </trkpt>
      <trkpt lat="47.744695" lon="20.36819">
        <ele>160.8</ele>
        <time>2025-07-11T07:26:27Z</time>
      </trkpt>
      <trkpt lat="47.74467167" lon="20.3678">
        <ele>160.3</ele>
        <time>2025-07-11T07:26:28Z</time>
      </trkpt>
      <trkpt lat="47.74463833" lon="20.367405">
        <ele>160.2</ele>
        <time>2025-07-11T07:26:29Z</time>
      </trkpt>
      <trkpt lat="47.74460667" lon="20.36699833">
        <ele>159.6</ele>
        <time>2025-07-11T07:26:30Z</time>
      </trkpt>
      <trkpt lat="47.74457833" lon="20.366575">
        <ele>161.1</ele>
        <time>2025-07-11T07:26:31Z</time>
      </trkpt>
      <trkpt lat="47.74454333" lon="20.36615167">
        <ele>161.4</ele>
        <time>2025-07-11T07:26:32Z</time>
      </trkpt>
      <trkpt lat="47.74451" lon="20.36572167">
        <ele>161.9</ele>
        <time>2025-07-11T07:26:33Z</time>
      </trkpt>
      <trkpt lat="47.74448667" lon="20.36531167">
        <ele>161.2</ele>
        <time>2025-07-11T07:26:34Z</time>
      </trkpt>
      <trkpt lat="47.74446333" lon="20.36489333">
        <ele>161.1</ele>
        <time>2025-07-11T07:26:35Z</time>
      </trkpt>
      <trkpt lat="47.74442333" lon="20.36446167">
        <ele>161.4</ele>
        <time>2025-07-11T07:26:36Z</time>
      </trkpt>
      <trkpt lat="47.744385" lon="20.36402">
        <ele>161.7</ele>
        <time>2025-07-11T07:26:37Z</time>
      </trkpt>
      <trkpt lat="47.744365" lon="20.36358167">
        <ele>161.4</ele>
        <time>2025-07-11T07:26:38Z</time>
      </trkpt>
      <trkpt lat="47.74433167" lon="20.363145">
        <ele>161.2</ele>
        <time>2025-07-11T07:26:39Z</time>
      </trkpt>
      <trkpt lat="47.74429667" lon="20.36271">
        <ele>160.9</ele>
        <time>2025-07-11T07:26:40Z</time>
      </trkpt>
      <trkpt lat="47.744265" lon="20.36227">
        <ele>162</ele>
        <time>2025-07-11T07:26:41Z</time>
      </trkpt>
      <trkpt lat="47.74422667" lon="20.36183833">
        <ele>163.1</ele>
        <time>2025-07-11T07:26:42Z</time>
      </trkpt>
      <trkpt lat="47.74419333" lon="20.36139833">
        <ele>163.6</ele>
        <time>2025-07-11T07:26:43Z</time>
      </trkpt>
      <trkpt lat="47.744155" lon="20.36095">
        <ele>163.9</ele>
        <time>2025-07-11T07:26:44Z</time>
      </trkpt>
      <trkpt lat="47.74411833" lon="20.360515">
        <ele>164.2</ele>
        <time>2025-07-11T07:26:45Z</time>
      </trkpt>
      <trkpt lat="47.74409" lon="20.360075">
        <ele>164.9</ele>
        <time>2025-07-11T07:26:46Z</time>
      </trkpt>
      <trkpt lat="47.744055" lon="20.35961667">
        <ele>165.7</ele>
        <time>2025-07-11T07:26:47Z</time>
      </trkpt>
      <trkpt lat="47.74402" lon="20.35918">
        <ele>166.1</ele>
        <time>2025-07-11T07:26:48Z</time>
      </trkpt>
      <trkpt lat="47.743985" lon="20.35874">
        <ele>165.7</ele>
        <time>2025-07-11T07:26:49Z</time>
      </trkpt>
      <trkpt lat="47.74395167" lon="20.35830667">
        <ele>166.1</ele>
        <time>2025-07-11T07:26:50Z</time>
      </trkpt>
      <trkpt lat="47.74392" lon="20.35785667">
        <ele>167</ele>
        <time>2025-07-11T07:26:51Z</time>
      </trkpt>
      <trkpt lat="47.74388667" lon="20.35741167">
        <ele>167.7</ele>
        <time>2025-07-11T07:26:52Z</time>
      </trkpt>
      <trkpt lat="47.74385833" lon="20.356965">
        <ele>168.3</ele>
        <time>2025-07-11T07:26:53Z</time>
      </trkpt>
      <trkpt lat="47.74382333" lon="20.35652167">
        <ele>168.4</ele>
        <time>2025-07-11T07:26:54Z</time>
      </trkpt>
      <trkpt lat="47.74378833" lon="20.35609667">
        <ele>168.8</ele>
        <time>2025-07-11T07:26:55Z</time>
      </trkpt>
      <trkpt lat="47.74375" lon="20.35565">
        <ele>167.2</ele>
        <time>2025-07-11T07:26:56Z</time>
      </trkpt>
      <trkpt lat="47.74372167" lon="20.35522">
        <ele>167.8</ele>
        <time>2025-07-11T07:26:57Z</time>
      </trkpt>
      <trkpt lat="47.74369167" lon="20.354785">
        <ele>168.7</ele>
        <time>2025-07-11T07:26:58Z</time>
      </trkpt>
      <trkpt lat="47.74365" lon="20.35433667">
        <ele>171.2</ele>
        <time>2025-07-11T07:26:59Z</time>
      </trkpt>
      <trkpt lat="47.743615" lon="20.35389333">
        <ele>172.5</ele>
        <time>2025-07-11T07:27:00Z</time>
      </trkpt>
      <trkpt lat="47.74358833" lon="20.35346">
        <ele>173.1</ele>
        <time>2025-07-11T07:27:01Z</time>
      </trkpt>
      <trkpt lat="47.74355833" lon="20.35302167">
        <ele>173.5</ele>
        <time>2025-07-11T07:27:02Z</time>
      </trkpt>
      <trkpt lat="47.74352333" lon="20.352585">
        <ele>174.3</ele>
        <time>2025-07-11T07:27:03Z</time>
      </trkpt>
      <trkpt lat="47.74349333" lon="20.35215333">
        <ele>174.3</ele>
        <time>2025-07-11T07:27:04Z</time>
      </trkpt>
      <trkpt lat="47.74345667" lon="20.351715">
        <ele>174.1</ele>
        <time>2025-07-11T07:27:05Z</time>
      </trkpt>
      <trkpt lat="47.74342333" lon="20.35127167">
        <ele>174.3</ele>
        <time>2025-07-11T07:27:06Z</time>
      </trkpt>
      <trkpt lat="47.74339" lon="20.35082333">
        <ele>173.4</ele>
        <time>2025-07-11T07:27:07Z</time>
      </trkpt>
      <trkpt lat="47.74335833" lon="20.350375">
        <ele>173.8</ele>
        <time>2025-07-11T07:27:08Z</time>
      </trkpt>
      <trkpt lat="47.74332333" lon="20.34993167">
        <ele>174.5</ele>
        <time>2025-07-11T07:27:09Z</time>
      </trkpt>
      <trkpt lat="47.74328667" lon="20.34948667">
        <ele>174.3</ele>
        <time>2025-07-11T07:27:10Z</time>
      </trkpt>
      <trkpt lat="47.74325" lon="20.34905167">
        <ele>173.1</ele>
        <time>2025-07-11T07:27:11Z</time>
      </trkpt>
      <trkpt lat="47.74321833" lon="20.34861167">
        <ele>171.3</ele>
        <time>2025-07-11T07:27:12Z</time>
      </trkpt>
      <trkpt lat="47.74318833" lon="20.34818167">
        <ele>171.5</ele>
        <time>2025-07-11T07:27:13Z</time>
      </trkpt>
      <trkpt lat="47.743155" lon="20.34773833">
        <ele>172</ele>
        <time>2025-07-11T07:27:14Z</time>
      </trkpt>
      <trkpt lat="47.74312" lon="20.34729333">
        <ele>172</ele>
        <time>2025-07-11T07:27:15Z</time>
      </trkpt>
      <trkpt lat="47.74309" lon="20.346845">
        <ele>171.8</ele>
        <time>2025-07-11T07:27:16Z</time>
      </trkpt>
      <trkpt lat="47.743055" lon="20.34639">
        <ele>171.6</ele>
        <time>2025-07-11T07:27:17Z</time>
      </trkpt>
      <trkpt lat="47.74302167" lon="20.345945">
        <ele>170.8</ele>
        <time>2025-07-11T07:27:18Z</time>
      </trkpt>
      <trkpt lat="47.74299333" lon="20.34550333">
        <ele>169.7</ele>
        <time>2025-07-11T07:27:19Z</time>
      </trkpt>
      <trkpt lat="47.74296167" lon="20.34506667">
        <ele>168.9</ele>
        <time>2025-07-11T07:27:20Z</time>
      </trkpt>
      <trkpt lat="47.74292333" lon="20.34462167">
        <ele>168.1</ele>
        <time>2025-07-11T07:27:21Z</time>
      </trkpt>
      <trkpt lat="47.742885" lon="20.34417167">
        <ele>167.6</ele>
        <time>2025-07-11T07:27:22Z</time>
      </trkpt>
      <trkpt lat="47.74285167" lon="20.34372667">
        <ele>167.3</ele>
        <time>2025-07-11T07:27:23Z</time>
      </trkpt>
      <trkpt lat="47.74281833" lon="20.34327833">
        <ele>166.9</ele>
        <time>2025-07-11T07:27:24Z</time>
      </trkpt>
      <trkpt lat="47.74279167" lon="20.34283667">
        <ele>166.8</ele>
        <time>2025-07-11T07:27:25Z</time>
      </trkpt>
      <trkpt lat="47.74275833" lon="20.34239">
        <ele>166.2</ele>
        <time>2025-07-11T07:27:26Z</time>
      </trkpt>
      <trkpt lat="47.74271833" lon="20.34194333">
        <ele>166.2</ele>
        <time>2025-07-11T07:27:27Z</time>
      </trkpt>
      <trkpt lat="47.74268" lon="20.3415">
        <ele>166.1</ele>
        <time>2025-07-11T07:27:28Z</time>
      </trkpt>
      <trkpt lat="47.74264333" lon="20.34107">
        <ele>166</ele>
        <time>2025-07-11T07:27:29Z</time>
      </trkpt>
      <trkpt lat="47.74261667" lon="20.34063333">
        <ele>165.5</ele>
        <time>2025-07-11T07:27:30Z</time>
      </trkpt>
      <trkpt lat="47.74258667" lon="20.340185">
        <ele>165.4</ele>
        <time>2025-07-11T07:27:31Z</time>
      </trkpt>
      <trkpt lat="47.742555" lon="20.339735">
        <ele>165.6</ele>
        <time>2025-07-11T07:27:32Z</time>
      </trkpt>
      <trkpt lat="47.74252333" lon="20.33929">
        <ele>168.8</ele>
        <time>2025-07-11T07:27:33Z</time>
      </trkpt>
      <trkpt lat="47.74248833" lon="20.33884667">
        <ele>168.7</ele>
        <time>2025-07-11T07:27:34Z</time>
      </trkpt>
      <trkpt lat="47.74245333" lon="20.33840833">
        <ele>169.4</ele>
        <time>2025-07-11T07:27:35Z</time>
      </trkpt>
      <trkpt lat="47.74241667" lon="20.33796833">
        <ele>169.7</ele>
        <time>2025-07-11T07:27:36Z</time>
      </trkpt>
      <trkpt lat="47.74238167" lon="20.33752">
        <ele>170.4</ele>
        <time>2025-07-11T07:27:37Z</time>
      </trkpt>
      <trkpt lat="47.74234167" lon="20.33707167">
        <ele>170.5</ele>
        <time>2025-07-11T07:27:38Z</time>
      </trkpt>
      <trkpt lat="47.74231" lon="20.33663167">
        <ele>170.6</ele>
        <time>2025-07-11T07:27:39Z</time>
      </trkpt>
      <trkpt lat="47.74228" lon="20.33618833">
        <ele>172.5</ele>
        <time>2025-07-11T07:27:40Z</time>
      </trkpt>
      <trkpt lat="47.74224833" lon="20.33575">
        <ele>172.8</ele>
        <time>2025-07-11T07:27:41Z</time>
      </trkpt>
      <trkpt lat="47.74221333" lon="20.335305">
        <ele>173.1</ele>
        <time>2025-07-11T07:27:42Z</time>
      </trkpt>
      <trkpt lat="47.74218833" lon="20.33487">
        <ele>174.3</ele>
        <time>2025-07-11T07:27:43Z</time>
      </trkpt>
      <trkpt lat="47.74215667" lon="20.33443333">
        <ele>173.2</ele>
        <time>2025-07-11T07:27:44Z</time>
      </trkpt>
      <trkpt lat="47.742125" lon="20.333995">
        <ele>172.4</ele>
        <time>2025-07-11T07:27:45Z</time>
      </trkpt>
      <trkpt lat="47.74208833" lon="20.33355167">
        <ele>173.1</ele>
        <time>2025-07-11T07:27:46Z</time>
      </trkpt>
      <trkpt lat="47.74205333" lon="20.33310833">
        <ele>171.8</ele>
        <time>2025-07-11T07:27:47Z</time>
      </trkpt>
      <trkpt lat="47.742015" lon="20.33266667">
        <ele>170.5</ele>
        <time>2025-07-11T07:27:48Z</time>
      </trkpt>
      <trkpt lat="47.74197667" lon="20.33222">
        <ele>169.7</ele>
        <time>2025-07-11T07:27:49Z</time>
      </trkpt>
      <trkpt lat="47.741945" lon="20.33178667">
        <ele>171</ele>
        <time>2025-07-11T07:27:50Z</time>
      </trkpt>
      <trkpt lat="47.74191167" lon="20.33134667">
        <ele>170.1</ele>
        <time>2025-07-11T07:27:51Z</time>
      </trkpt>
      <trkpt lat="47.74187333" lon="20.33089">
        <ele>169.8</ele>
        <time>2025-07-11T07:27:52Z</time>
      </trkpt>
      <trkpt lat="47.74183833" lon="20.33044167">
        <ele>169.1</ele>
        <time>2025-07-11T07:27:53Z</time>
      </trkpt>
      <trkpt lat="47.74181" lon="20.329985">
        <ele>167.6</ele>
        <time>2025-07-11T07:27:54Z</time>
      </trkpt>
      <trkpt lat="47.74177333" lon="20.32954833">
        <ele>166.4</ele>
        <time>2025-07-11T07:27:55Z</time>
      </trkpt>
      <trkpt lat="47.74174167" lon="20.329115">
        <ele>166</ele>
        <time>2025-07-11T07:27:56Z</time>
      </trkpt>
      <trkpt lat="47.74171333" lon="20.32867167">
        <ele>165.4</ele>
        <time>2025-07-11T07:27:57Z</time>
      </trkpt>
      <trkpt lat="47.74167667" lon="20.32824667">
        <ele>165.2</ele>
        <time>2025-07-11T07:27:58Z</time>
      </trkpt>
      <trkpt lat="47.74164333" lon="20.32780833">
        <ele>164.9</ele>
        <time>2025-07-11T07:27:59Z</time>
      </trkpt>
      <trkpt lat="47.74160667" lon="20.32736167">
        <ele>165.1</ele>
        <time>2025-07-11T07:28:00Z</time>
      </trkpt>
      <trkpt lat="47.74157167" lon="20.32692667">
        <ele>164.4</ele>
        <time>2025-07-11T07:28:01Z</time>
      </trkpt>
      <trkpt lat="47.741545" lon="20.32648167">
        <ele>164.4</ele>
        <time>2025-07-11T07:28:02Z</time>
      </trkpt>
      <trkpt lat="47.74150833" lon="20.32604">
        <ele>165.5</ele>
        <time>2025-07-11T07:28:03Z</time>
      </trkpt>
      <trkpt lat="47.74148167" lon="20.3256">
        <ele>166.5</ele>
        <time>2025-07-11T07:28:04Z</time>
      </trkpt>
      <trkpt lat="47.74145" lon="20.32516">
        <ele>167.6</ele>
        <time>2025-07-11T07:28:05Z</time>
      </trkpt>
      <trkpt lat="47.741415" lon="20.32472">
        <ele>167.6</ele>
        <time>2025-07-11T07:28:06Z</time>
      </trkpt>
      <trkpt lat="47.74137833" lon="20.32427667">
        <ele>167.2</ele>
        <time>2025-07-11T07:28:07Z</time>
      </trkpt>
      <trkpt lat="47.74134667" lon="20.32383167">
        <ele>167.3</ele>
        <time>2025-07-11T07:28:08Z</time>
      </trkpt>
      <trkpt lat="47.74131167" lon="20.32338833">
        <ele>166.8</ele>
        <time>2025-07-11T07:28:09Z</time>
      </trkpt>
      <trkpt lat="47.74128167" lon="20.322945">
        <ele>167.2</ele>
        <time>2025-07-11T07:28:10Z</time>
      </trkpt>
      <trkpt lat="47.741245" lon="20.32249833">
        <ele>167.3</ele>
        <time>2025-07-11T07:28:11Z</time>
      </trkpt>
      <trkpt lat="47.74120833" lon="20.32205">
        <ele>167.9</ele>
        <time>2025-07-11T07:28:12Z</time>
      </trkpt>
      <trkpt lat="47.74117333" lon="20.32160833">
        <ele>168.3</ele>
        <time>2025-07-11T07:28:13Z</time>
      </trkpt>
      <trkpt lat="47.74114167" lon="20.321165">
        <ele>168.4</ele>
        <time>2025-07-11T07:28:14Z</time>
      </trkpt>
      <trkpt lat="47.74111" lon="20.32072667">
        <ele>168.6</ele>
        <time>2025-07-11T07:28:15Z</time>
      </trkpt>
      <trkpt lat="47.74108" lon="20.32029">
        <ele>169.3</ele>
        <time>2025-07-11T07:28:16Z</time>
      </trkpt>
      <trkpt lat="47.74104333" lon="20.31984833">
        <ele>169.6</ele>
        <time>2025-07-11T07:28:17Z</time>
      </trkpt>
      <trkpt lat="47.74101" lon="20.31941167">
        <ele>169.9</ele>
        <time>2025-07-11T07:28:18Z</time>
      </trkpt>
      <trkpt lat="47.74097667" lon="20.31897167">
        <ele>169.6</ele>
        <time>2025-07-11T07:28:19Z</time>
      </trkpt>
      <trkpt lat="47.74094167" lon="20.31853333">
        <ele>169.2</ele>
        <time>2025-07-11T07:28:20Z</time>
      </trkpt>
      <trkpt lat="47.74090833" lon="20.318095">
        <ele>169.4</ele>
        <time>2025-07-11T07:28:21Z</time>
      </trkpt>
      <trkpt lat="47.740875" lon="20.317655">
        <ele>169.6</ele>
        <time>2025-07-11T07:28:22Z</time>
      </trkpt>
      <trkpt lat="47.74084333" lon="20.31721833">
        <ele>169.5</ele>
        <time>2025-07-11T07:28:23Z</time>
      </trkpt>
      <trkpt lat="47.74081167" lon="20.31677667">
        <ele>168.5</ele>
        <time>2025-07-11T07:28:24Z</time>
      </trkpt>
      <trkpt lat="47.74077833" lon="20.31633833">
        <ele>168.6</ele>
        <time>2025-07-11T07:28:25Z</time>
      </trkpt>
      <trkpt lat="47.740745" lon="20.31589833">
        <ele>168.6</ele>
        <time>2025-07-11T07:28:26Z</time>
      </trkpt>
      <trkpt lat="47.74071167" lon="20.31545833">
        <ele>168.6</ele>
        <time>2025-07-11T07:28:27Z</time>
      </trkpt>
      <trkpt lat="47.74067833" lon="20.31501833">
        <ele>168.5</ele>
        <time>2025-07-11T07:28:28Z</time>
      </trkpt>
      <trkpt lat="47.740645" lon="20.31457667">
        <ele>168.4</ele>
        <time>2025-07-11T07:28:29Z</time>
      </trkpt>
      <trkpt lat="47.74061333" lon="20.31413833">
        <ele>168.5</ele>
        <time>2025-07-11T07:28:30Z</time>
      </trkpt>
      <trkpt lat="47.74058333" lon="20.31370833">
        <ele>167.8</ele>
        <time>2025-07-11T07:28:31Z</time>
      </trkpt>
      <trkpt lat="47.74055167" lon="20.313265">
        <ele>168</ele>
        <time>2025-07-11T07:28:32Z</time>
      </trkpt>
      <trkpt lat="47.740515" lon="20.31281167">
        <ele>167.8</ele>
        <time>2025-07-11T07:28:33Z</time>
      </trkpt>
      <trkpt lat="47.74048" lon="20.31236">
        <ele>167.1</ele>
        <time>2025-07-11T07:28:34Z</time>
      </trkpt>
      <trkpt lat="47.740445" lon="20.31192833">
        <ele>167.4</ele>
        <time>2025-07-11T07:28:35Z</time>
      </trkpt>
      <trkpt lat="47.74041333" lon="20.31148833">
        <ele>167.1</ele>
        <time>2025-07-11T07:28:36Z</time>
      </trkpt>
      <trkpt lat="47.740375" lon="20.31103667">
        <ele>163.9</ele>
        <time>2025-07-11T07:28:37Z</time>
      </trkpt>
      <trkpt lat="47.74034333" lon="20.31060667">
        <ele>164.8</ele>
        <time>2025-07-11T07:28:38Z</time>
      </trkpt>
      <trkpt lat="47.74030167" lon="20.31016333">
        <ele>164.5</ele>
        <time>2025-07-11T07:28:39Z</time>
      </trkpt>
      <trkpt lat="47.74026833" lon="20.30971833">
        <ele>164.2</ele>
        <time>2025-07-11T07:28:40Z</time>
      </trkpt>
      <trkpt lat="47.74024333" lon="20.30928833">
        <ele>164.5</ele>
        <time>2025-07-11T07:28:41Z</time>
      </trkpt>
      <trkpt lat="47.74022333" lon="20.30885667">
        <ele>164.3</ele>
        <time>2025-07-11T07:28:42Z</time>
      </trkpt>
      <trkpt lat="47.74019667" lon="20.30842667">
        <ele>163.7</ele>
        <time>2025-07-11T07:28:43Z</time>
      </trkpt>
      <trkpt lat="47.74015667" lon="20.30798167">
        <ele>161.8</ele>
        <time>2025-07-11T07:28:44Z</time>
      </trkpt>
      <trkpt lat="47.74012333" lon="20.30754833">
        <ele>161.6</ele>
        <time>2025-07-11T07:28:45Z</time>
      </trkpt>
      <trkpt lat="47.74009" lon="20.30711333">
        <ele>161.5</ele>
        <time>2025-07-11T07:28:46Z</time>
      </trkpt>
      <trkpt lat="47.74005167" lon="20.306675">
        <ele>161.2</ele>
        <time>2025-07-11T07:28:47Z</time>
      </trkpt>
      <trkpt lat="47.740015" lon="20.30623833">
        <ele>161.1</ele>
        <time>2025-07-11T07:28:48Z</time>
      </trkpt>
      <trkpt lat="47.73998167" lon="20.30580333">
        <ele>161.3</ele>
        <time>2025-07-11T07:28:49Z</time>
      </trkpt>
      <trkpt lat="47.73994833" lon="20.30537667">
        <ele>161.9</ele>
        <time>2025-07-11T07:28:50Z</time>
      </trkpt>
      <trkpt lat="47.73991333" lon="20.30494833">
        <ele>162.6</ele>
        <time>2025-07-11T07:28:51Z</time>
      </trkpt>
      <trkpt lat="47.73988167" lon="20.30450333">
        <ele>162.1</ele>
        <time>2025-07-11T07:28:52Z</time>
      </trkpt>
      <trkpt lat="47.739845" lon="20.304055">
        <ele>161.8</ele>
        <time>2025-07-11T07:28:53Z</time>
      </trkpt>
      <trkpt lat="47.739815" lon="20.303625">
        <ele>161.9</ele>
        <time>2025-07-11T07:28:54Z</time>
      </trkpt>
      <trkpt lat="47.73978167" lon="20.30320333">
        <ele>162.4</ele>
        <time>2025-07-11T07:28:55Z</time>
      </trkpt>
      <trkpt lat="47.73974667" lon="20.30277333">
        <ele>162.4</ele>
        <time>2025-07-11T07:28:56Z</time>
      </trkpt>
      <trkpt lat="47.73971167" lon="20.30233667">
        <ele>162.5</ele>
        <time>2025-07-11T07:28:57Z</time>
      </trkpt>
      <trkpt lat="47.73967667" lon="20.30192">
        <ele>164.3</ele>
        <time>2025-07-11T07:28:58Z</time>
      </trkpt>
      <trkpt lat="47.739625" lon="20.30112">
        <ele>164.5</ele>
        <time>2025-07-11T07:29:00Z</time>
      </trkpt>
      <trkpt lat="47.73959667" lon="20.30074">
        <ele>163.6</ele>
        <time>2025-07-11T07:29:01Z</time>
      </trkpt>
      <trkpt lat="47.73957333" lon="20.30036667">
        <ele>162.9</ele>
        <time>2025-07-11T07:29:02Z</time>
      </trkpt>
      <trkpt lat="47.73951167" lon="20.29963667">
        <ele>158.5</ele>
        <time>2025-07-11T07:29:04Z</time>
      </trkpt>
      <trkpt lat="47.73948667" lon="20.29930333">
        <ele>158.9</ele>
        <time>2025-07-11T07:29:05Z</time>
      </trkpt>
      <trkpt lat="47.73945667" lon="20.29897">
        <ele>160.5</ele>
        <time>2025-07-11T07:29:06Z</time>
      </trkpt>
      <trkpt lat="47.73941" lon="20.29833333">
        <ele>160.4</ele>
        <time>2025-07-11T07:29:08Z</time>
      </trkpt>
      <trkpt lat="47.73939167" lon="20.29804667">
        <ele>161.9</ele>
        <time>2025-07-11T07:29:09Z</time>
      </trkpt>
      <trkpt lat="47.73936833" lon="20.29775167">
        <ele>163.7</ele>
        <time>2025-07-11T07:29:10Z</time>
      </trkpt>
      <trkpt lat="47.73934833" lon="20.297475">
        <ele>165.5</ele>
        <time>2025-07-11T07:29:11Z</time>
      </trkpt>
      <trkpt lat="47.73930333" lon="20.29693667">
        <ele>164.7</ele>
        <time>2025-07-11T07:29:13Z</time>
      </trkpt>
      <trkpt lat="47.739285" lon="20.29669167">
        <ele>164.8</ele>
        <time>2025-07-11T07:29:14Z</time>
      </trkpt>
      <trkpt lat="47.73926833" lon="20.29645167">
        <ele>164.9</ele>
        <time>2025-07-11T07:29:15Z</time>
      </trkpt>
      <trkpt lat="47.73925" lon="20.296215">
        <ele>164.8</ele>
        <time>2025-07-11T07:29:16Z</time>
      </trkpt>
      <trkpt lat="47.73923" lon="20.29600333">
        <ele>165.4</ele>
        <time>2025-07-11T07:29:17Z</time>
      </trkpt>
      <trkpt lat="47.73921167" lon="20.29578667">
        <ele>165.3</ele>
        <time>2025-07-11T07:29:18Z</time>
      </trkpt>
      <trkpt lat="47.73919333" lon="20.29556833">
        <ele>164.5</ele>
        <time>2025-07-11T07:29:19Z</time>
      </trkpt>
      <trkpt lat="47.739175" lon="20.295355">
        <ele>163.1</ele>
        <time>2025-07-11T07:29:20Z</time>
      </trkpt>
      <trkpt lat="47.73916167" lon="20.29514167">
        <ele>163.3</ele>
        <time>2025-07-11T07:29:21Z</time>
      </trkpt>
      <trkpt lat="47.73914167" lon="20.29492333">
        <ele>162.7</ele>
        <time>2025-07-11T07:29:22Z</time>
      </trkpt>
      <trkpt lat="47.739125" lon="20.29471">
        <ele>162.9</ele>
        <time>2025-07-11T07:29:23Z</time>
      </trkpt>
      <trkpt lat="47.739115" lon="20.294505">
        <ele>161.7</ele>
        <time>2025-07-11T07:29:24Z</time>
      </trkpt>
      <trkpt lat="47.739105" lon="20.29430167">
        <ele>161.7</ele>
        <time>2025-07-11T07:29:25Z</time>
      </trkpt>
      <trkpt lat="47.73909333" lon="20.29409167">
        <ele>161.4</ele>
        <time>2025-07-11T07:29:26Z</time>
      </trkpt>
      <trkpt lat="47.73907667" lon="20.29388667">
        <ele>162.1</ele>
        <time>2025-07-11T07:29:27Z</time>
      </trkpt>
      <trkpt lat="47.73905" lon="20.29366333">
        <ele>162.5</ele>
        <time>2025-07-11T07:29:28Z</time>
      </trkpt>
      <trkpt lat="47.73903333" lon="20.29345167">
        <ele>162.3</ele>
        <time>2025-07-11T07:29:29Z</time>
      </trkpt>
      <trkpt lat="47.739015" lon="20.29323667">
        <ele>162.5</ele>
        <time>2025-07-11T07:29:30Z</time>
      </trkpt>
      <trkpt lat="47.739" lon="20.29303667">
        <ele>162.9</ele>
        <time>2025-07-11T07:29:31Z</time>
      </trkpt>
      <trkpt lat="47.73898667" lon="20.29283">
        <ele>163.6</ele>
        <time>2025-07-11T07:29:32Z</time>
      </trkpt>
      <trkpt lat="47.73896667" lon="20.292625">
        <ele>163.8</ele>
        <time>2025-07-11T07:29:33Z</time>
      </trkpt>
      <trkpt lat="47.738955" lon="20.29242">
        <ele>164.1</ele>
        <time>2025-07-11T07:29:34Z</time>
      </trkpt>
      <trkpt lat="47.73893667" lon="20.29222167">
        <ele>164.6</ele>
        <time>2025-07-11T07:29:35Z</time>
      </trkpt>
      <trkpt lat="47.73891167" lon="20.29200167">
        <ele>164.1</ele>
        <time>2025-07-11T07:29:36Z</time>
      </trkpt>
      <trkpt lat="47.738895" lon="20.291795">
        <ele>163.9</ele>
        <time>2025-07-11T07:29:37Z</time>
      </trkpt>
      <trkpt lat="47.73887667" lon="20.291575">
        <ele>163.3</ele>
        <time>2025-07-11T07:29:38Z</time>
      </trkpt>
      <trkpt lat="47.73885833" lon="20.29136">
        <ele>163.2</ele>
        <time>2025-07-11T07:29:39Z</time>
      </trkpt>
      <trkpt lat="47.73885167" lon="20.29113">
        <ele>163.1</ele>
        <time>2025-07-11T07:29:40Z</time>
      </trkpt>
      <trkpt lat="47.73883833" lon="20.29089833">
        <ele>164.3</ele>
        <time>2025-07-11T07:29:41Z</time>
      </trkpt>
      <trkpt lat="47.738825" lon="20.290675">
        <ele>165</ele>
        <time>2025-07-11T07:29:42Z</time>
      </trkpt>
      <trkpt lat="47.73881167" lon="20.29044667">
        <ele>165.5</ele>
        <time>2025-07-11T07:29:43Z</time>
      </trkpt>
      <trkpt lat="47.73879833" lon="20.290205">
        <ele>166.1</ele>
        <time>2025-07-11T07:29:44Z</time>
      </trkpt>
      <trkpt lat="47.73877833" lon="20.28996">
        <ele>168</ele>
        <time>2025-07-11T07:29:45Z</time>
      </trkpt>
      <trkpt lat="47.73875333" lon="20.28969167">
        <ele>168.6</ele>
        <time>2025-07-11T07:29:46Z</time>
      </trkpt>
      <trkpt lat="47.73873167" lon="20.289415">
        <ele>169.2</ele>
        <time>2025-07-11T07:29:47Z</time>
      </trkpt>
      <trkpt lat="47.73871167" lon="20.28913167">
        <ele>169.2</ele>
        <time>2025-07-11T07:29:48Z</time>
      </trkpt>
      <trkpt lat="47.73869" lon="20.28884667">
        <ele>168.9</ele>
        <time>2025-07-11T07:29:49Z</time>
      </trkpt>
      <trkpt lat="47.73866667" lon="20.28854167">
        <ele>169.3</ele>
        <time>2025-07-11T07:29:50Z</time>
      </trkpt>
      <trkpt lat="47.73864667" lon="20.28822833">
        <ele>169.3</ele>
        <time>2025-07-11T07:29:51Z</time>
      </trkpt>
      <trkpt lat="47.73863" lon="20.28791167">
        <ele>168.5</ele>
        <time>2025-07-11T07:29:52Z</time>
      </trkpt>
      <trkpt lat="47.738615" lon="20.287605">
        <ele>166.1</ele>
        <time>2025-07-11T07:29:53Z</time>
      </trkpt>
      <trkpt lat="47.73858" lon="20.28725667">
        <ele>165.5</ele>
        <time>2025-07-11T07:29:54Z</time>
      </trkpt>
      <trkpt lat="47.738545" lon="20.28691">
        <ele>165.3</ele>
        <time>2025-07-11T07:29:55Z</time>
      </trkpt>
      <trkpt lat="47.73851" lon="20.28654667">
        <ele>164.8</ele>
        <time>2025-07-11T07:29:56Z</time>
      </trkpt>
      <trkpt lat="47.73847333" lon="20.28619">
        <ele>163.9</ele>
        <time>2025-07-11T07:29:57Z</time>
      </trkpt>
      <trkpt lat="47.738445" lon="20.28581667">
        <ele>162.5</ele>
        <time>2025-07-11T07:29:58Z</time>
      </trkpt>
      <trkpt lat="47.73842167" lon="20.28543">
        <ele>162</ele>
        <time>2025-07-11T07:29:59Z</time>
      </trkpt>
      <trkpt lat="47.73839333" lon="20.28503833">
        <ele>162.3</ele>
        <time>2025-07-11T07:30:00Z</time>
      </trkpt>
      <trkpt lat="47.73836333" lon="20.28464667">
        <ele>162.3</ele>
        <time>2025-07-11T07:30:01Z</time>
      </trkpt>
      <trkpt lat="47.73833833" lon="20.284255">
        <ele>162.3</ele>
        <time>2025-07-11T07:30:02Z</time>
      </trkpt>
      <trkpt lat="47.738305" lon="20.28384667">
        <ele>162.4</ele>
        <time>2025-07-11T07:30:03Z</time>
      </trkpt>
      <trkpt lat="47.73827667" lon="20.283445">
        <ele>162.2</ele>
        <time>2025-07-11T07:30:04Z</time>
      </trkpt>
      <trkpt lat="47.73825333" lon="20.28304">
        <ele>162.3</ele>
        <time>2025-07-11T07:30:05Z</time>
      </trkpt>
      <trkpt lat="47.73822" lon="20.28261333">
        <ele>163</ele>
        <time>2025-07-11T07:30:06Z</time>
      </trkpt>
      <trkpt lat="47.73818333" lon="20.28216833">
        <ele>164.2</ele>
        <time>2025-07-11T07:30:07Z</time>
      </trkpt>
      <trkpt lat="47.73814833" lon="20.28173667">
        <ele>163.5</ele>
        <time>2025-07-11T07:30:08Z</time>
      </trkpt>
      <trkpt lat="47.73810667" lon="20.281305">
        <ele>161.7</ele>
        <time>2025-07-11T07:30:09Z</time>
      </trkpt>
      <trkpt lat="47.73808333" lon="20.28088833">
        <ele>161.1</ele>
        <time>2025-07-11T07:30:10Z</time>
      </trkpt>
      <trkpt lat="47.73806" lon="20.28044667">
        <ele>161.1</ele>
        <time>2025-07-11T07:30:11Z</time>
      </trkpt>
      <trkpt lat="47.73803333" lon="20.28000833">
        <ele>161.2</ele>
        <time>2025-07-11T07:30:12Z</time>
      </trkpt>
      <trkpt lat="47.738" lon="20.279575">
        <ele>160.8</ele>
        <time>2025-07-11T07:30:13Z</time>
      </trkpt>
      <trkpt lat="47.73796833" lon="20.27914167">
        <ele>162.4</ele>
        <time>2025-07-11T07:30:14Z</time>
      </trkpt>
      <trkpt lat="47.73792667" lon="20.27871">
        <ele>163.5</ele>
        <time>2025-07-11T07:30:15Z</time>
      </trkpt>
      <trkpt lat="47.737885" lon="20.27828">
        <ele>164.6</ele>
        <time>2025-07-11T07:30:16Z</time>
      </trkpt>
      <trkpt lat="47.73785333" lon="20.277845">
        <ele>166.8</ele>
        <time>2025-07-11T07:30:17Z</time>
      </trkpt>
      <trkpt lat="47.73782" lon="20.27740333">
        <ele>167.3</ele>
        <time>2025-07-11T07:30:18Z</time>
      </trkpt>
      <trkpt lat="47.737785" lon="20.27696167">
        <ele>167.7</ele>
        <time>2025-07-11T07:30:19Z</time>
      </trkpt>
      <trkpt lat="47.73775333" lon="20.27652167">
        <ele>168.1</ele>
        <time>2025-07-11T07:30:20Z</time>
      </trkpt>
      <trkpt lat="47.73771167" lon="20.27608833">
        <ele>168</ele>
        <time>2025-07-11T07:30:21Z</time>
      </trkpt>
      <trkpt lat="47.73767333" lon="20.275645">
        <ele>168.7</ele>
        <time>2025-07-11T07:30:22Z</time>
      </trkpt>
      <trkpt lat="47.73762667" lon="20.2752">
        <ele>168.6</ele>
        <time>2025-07-11T07:30:23Z</time>
      </trkpt>
      <trkpt lat="47.73758333" lon="20.27476333">
        <ele>169.2</ele>
        <time>2025-07-11T07:30:24Z</time>
      </trkpt>
      <trkpt lat="47.737535" lon="20.27433667">
        <ele>169.1</ele>
        <time>2025-07-11T07:30:25Z</time>
      </trkpt>
      <trkpt lat="47.73748167" lon="20.27391667">
        <ele>168.9</ele>
        <time>2025-07-11T07:30:26Z</time>
      </trkpt>
      <trkpt lat="47.73744" lon="20.27349">
        <ele>169.1</ele>
        <time>2025-07-11T07:30:27Z</time>
      </trkpt>
      <trkpt lat="47.73738833" lon="20.27305667">
        <ele>169.1</ele>
        <time>2025-07-11T07:30:28Z</time>
      </trkpt>
      <trkpt lat="47.73732667" lon="20.27262833">
        <ele>168.4</ele>
        <time>2025-07-11T07:30:29Z</time>
      </trkpt>
      <trkpt lat="47.737245" lon="20.27220833">
        <ele>163.6</ele>
        <time>2025-07-11T07:30:30Z</time>
      </trkpt>
      <trkpt lat="47.73718167" lon="20.27177667">
        <ele>164.9</ele>
        <time>2025-07-11T07:30:31Z</time>
      </trkpt>
      <trkpt lat="47.73711167" lon="20.27135833">
        <ele>164.5</ele>
        <time>2025-07-11T07:30:32Z</time>
      </trkpt>
      <trkpt lat="47.73704833" lon="20.270945">
        <ele>163.7</ele>
        <time>2025-07-11T07:30:33Z</time>
      </trkpt>
      <trkpt lat="47.73697833" lon="20.27051333">
        <ele>163.2</ele>
        <time>2025-07-11T07:30:34Z</time>
      </trkpt>
      <trkpt lat="47.73690667" lon="20.27008667">
        <ele>163</ele>
        <time>2025-07-11T07:30:35Z</time>
      </trkpt>
      <trkpt lat="47.73683833" lon="20.26966333">
        <ele>162.6</ele>
        <time>2025-07-11T07:30:36Z</time>
      </trkpt>
      <trkpt lat="47.73677" lon="20.26925833">
        <ele>163.3</ele>
        <time>2025-07-11T07:30:37Z</time>
      </trkpt>
      <trkpt lat="47.73669833" lon="20.26884333">
        <ele>163.9</ele>
        <time>2025-07-11T07:30:38Z</time>
      </trkpt>
      <trkpt lat="47.73662" lon="20.26842167">
        <ele>164.2</ele>
        <time>2025-07-11T07:30:39Z</time>
      </trkpt>
      <trkpt lat="47.73654833" lon="20.26800833">
        <ele>165.4</ele>
        <time>2025-07-11T07:30:40Z</time>
      </trkpt>
      <trkpt lat="47.73647333" lon="20.26758833">
        <ele>165.1</ele>
        <time>2025-07-11T07:30:41Z</time>
      </trkpt>
      <trkpt lat="47.7364" lon="20.26717">
        <ele>164.7</ele>
        <time>2025-07-11T07:30:42Z</time>
      </trkpt>
      <trkpt lat="47.73632167" lon="20.26674167">
        <ele>163.9</ele>
        <time>2025-07-11T07:30:43Z</time>
      </trkpt>
      <trkpt lat="47.73625" lon="20.26631333">
        <ele>162.8</ele>
        <time>2025-07-11T07:30:44Z</time>
      </trkpt>
      <trkpt lat="47.73617167" lon="20.26588667">
        <ele>162.6</ele>
        <time>2025-07-11T07:30:45Z</time>
      </trkpt>
      <trkpt lat="47.73609167" lon="20.26546833">
        <ele>162.1</ele>
        <time>2025-07-11T07:30:46Z</time>
      </trkpt>
      <trkpt lat="47.73601167" lon="20.26506667">
        <ele>162.5</ele>
        <time>2025-07-11T07:30:47Z</time>
      </trkpt>
      <trkpt lat="47.735935" lon="20.264665">
        <ele>161.6</ele>
        <time>2025-07-11T07:30:48Z</time>
      </trkpt>
      <trkpt lat="47.73586" lon="20.26426">
        <ele>161.5</ele>
        <time>2025-07-11T07:30:49Z</time>
      </trkpt>
      <trkpt lat="47.73578833" lon="20.26386833">
        <ele>160.4</ele>
        <time>2025-07-11T07:30:50Z</time>
      </trkpt>
      <trkpt lat="47.73572667" lon="20.26347667">
        <ele>159.5</ele>
        <time>2025-07-11T07:30:51Z</time>
      </trkpt>
      <trkpt lat="47.73565833" lon="20.26308667">
        <ele>159.5</ele>
        <time>2025-07-11T07:30:52Z</time>
      </trkpt>
      <trkpt lat="47.73559" lon="20.26269833">
        <ele>159.7</ele>
        <time>2025-07-11T07:30:53Z</time>
      </trkpt>
      <trkpt lat="47.73551833" lon="20.262325">
        <ele>159.3</ele>
        <time>2025-07-11T07:30:54Z</time>
      </trkpt>
      <trkpt lat="47.73545333" lon="20.26196">
        <ele>161.9</ele>
        <time>2025-07-11T07:30:55Z</time>
      </trkpt>
      <trkpt lat="47.73538167" lon="20.26159667">
        <ele>162.6</ele>
        <time>2025-07-11T07:30:56Z</time>
      </trkpt>
      <trkpt lat="47.73530833" lon="20.26123167">
        <ele>163.3</ele>
        <time>2025-07-11T07:30:57Z</time>
      </trkpt>
      <trkpt lat="47.73524167" lon="20.26086667">
        <ele>163.3</ele>
        <time>2025-07-11T07:30:58Z</time>
      </trkpt>
      <trkpt lat="47.73517667" lon="20.2605">
        <ele>163</ele>
        <time>2025-07-11T07:30:59Z</time>
      </trkpt>
      <trkpt lat="47.73511333" lon="20.26012667">
        <ele>162.4</ele>
        <time>2025-07-11T07:31:00Z</time>
      </trkpt>
      <trkpt lat="47.735045" lon="20.259765">
        <ele>162.3</ele>
        <time>2025-07-11T07:31:01Z</time>
      </trkpt>
      <trkpt lat="47.73497333" lon="20.25939167">
        <ele>161.3</ele>
        <time>2025-07-11T07:31:02Z</time>
      </trkpt>
      <trkpt lat="47.73491333" lon="20.25902833">
        <ele>160.4</ele>
        <time>2025-07-11T07:31:03Z</time>
      </trkpt>
      <trkpt lat="47.73484" lon="20.25865833">
        <ele>160.8</ele>
        <time>2025-07-11T07:31:04Z</time>
      </trkpt>
      <trkpt lat="47.734775" lon="20.2583">
        <ele>161</ele>
        <time>2025-07-11T07:31:05Z</time>
      </trkpt>
      <trkpt lat="47.734715" lon="20.25794">
        <ele>161.9</ele>
        <time>2025-07-11T07:31:06Z</time>
      </trkpt>
      <trkpt lat="47.73464333" lon="20.25757333">
        <ele>161.3</ele>
        <time>2025-07-11T07:31:07Z</time>
      </trkpt>
      <trkpt lat="47.73457667" lon="20.25721167">
        <ele>160.4</ele>
        <time>2025-07-11T07:31:08Z</time>
      </trkpt>
      <trkpt lat="47.7345" lon="20.25684333">
        <ele>160</ele>
        <time>2025-07-11T07:31:09Z</time>
      </trkpt>
      <trkpt lat="47.73443833" lon="20.256485">
        <ele>159.5</ele>
        <time>2025-07-11T07:31:10Z</time>
      </trkpt>
      <trkpt lat="47.73437333" lon="20.25613">
        <ele>159.8</ele>
        <time>2025-07-11T07:31:11Z</time>
      </trkpt>
      <trkpt lat="47.73431333" lon="20.25577333">
        <ele>159.3</ele>
        <time>2025-07-11T07:31:12Z</time>
      </trkpt>
      <trkpt lat="47.73425333" lon="20.25542333">
        <ele>159.1</ele>
        <time>2025-07-11T07:31:13Z</time>
      </trkpt>
      <trkpt lat="47.73419167" lon="20.25508667">
        <ele>159.3</ele>
        <time>2025-07-11T07:31:14Z</time>
      </trkpt>
      <trkpt lat="47.73413333" lon="20.25475167">
        <ele>159.2</ele>
        <time>2025-07-11T07:31:15Z</time>
      </trkpt>
      <trkpt lat="47.734075" lon="20.25442667">
        <ele>158.8</ele>
        <time>2025-07-11T07:31:16Z</time>
      </trkpt>
      <trkpt lat="47.734015" lon="20.25410833">
        <ele>158.6</ele>
        <time>2025-07-11T07:31:17Z</time>
      </trkpt>
      <trkpt lat="47.73396167" lon="20.25379667">
        <ele>158.3</ele>
        <time>2025-07-11T07:31:18Z</time>
      </trkpt>
      <trkpt lat="47.733905" lon="20.253495">
        <ele>158.6</ele>
        <time>2025-07-11T07:31:19Z</time>
      </trkpt>
      <trkpt lat="47.73385667" lon="20.253195">
        <ele>159.2</ele>
        <time>2025-07-11T07:31:20Z</time>
      </trkpt>
      <trkpt lat="47.73380667" lon="20.25289833">
        <ele>159.2</ele>
        <time>2025-07-11T07:31:21Z</time>
      </trkpt>
      <trkpt lat="47.73375" lon="20.25260333">
        <ele>159.1</ele>
        <time>2025-07-11T07:31:22Z</time>
      </trkpt>
      <trkpt lat="47.73369833" lon="20.25230167">
        <ele>158.9</ele>
        <time>2025-07-11T07:31:23Z</time>
      </trkpt>
      <trkpt lat="47.73365" lon="20.25201">
        <ele>157.4</ele>
        <time>2025-07-11T07:31:24Z</time>
      </trkpt>
      <trkpt lat="47.73359667" lon="20.25171667">
        <ele>157.4</ele>
        <time>2025-07-11T07:31:25Z</time>
      </trkpt>
      <trkpt lat="47.73353833" lon="20.251425">
        <ele>158.4</ele>
        <time>2025-07-11T07:31:26Z</time>
      </trkpt>
      <trkpt lat="47.73348333" lon="20.25113333">
        <ele>158.6</ele>
        <time>2025-07-11T07:31:27Z</time>
      </trkpt>
      <trkpt lat="47.73343" lon="20.250845">
        <ele>157.9</ele>
        <time>2025-07-11T07:31:28Z</time>
      </trkpt>
      <trkpt lat="47.73338" lon="20.250545">
        <ele>159</ele>
        <time>2025-07-11T07:31:29Z</time>
      </trkpt>
      <trkpt lat="47.73333167" lon="20.25025667">
        <ele>159.6</ele>
        <time>2025-07-11T07:31:30Z</time>
      </trkpt>
      <trkpt lat="47.73327667" lon="20.24996833">
        <ele>160.2</ele>
        <time>2025-07-11T07:31:31Z</time>
      </trkpt>
      <trkpt lat="47.73322667" lon="20.24967333">
        <ele>161.3</ele>
        <time>2025-07-11T07:31:32Z</time>
      </trkpt>
      <trkpt lat="47.73317333" lon="20.24939333">
        <ele>162</ele>
        <time>2025-07-11T07:31:33Z</time>
      </trkpt>
      <trkpt lat="47.73311833" lon="20.24910667">
        <ele>162.6</ele>
        <time>2025-07-11T07:31:34Z</time>
      </trkpt>
      <trkpt lat="47.73305833" lon="20.24881167">
        <ele>163.2</ele>
        <time>2025-07-11T07:31:35Z</time>
      </trkpt>
      <trkpt lat="47.73300333" lon="20.24852333">
        <ele>163.2</ele>
        <time>2025-07-11T07:31:36Z</time>
      </trkpt>
      <trkpt lat="47.73294833" lon="20.24823167">
        <ele>162.4</ele>
        <time>2025-07-11T07:31:37Z</time>
      </trkpt>
      <trkpt lat="47.7329" lon="20.24794333">
        <ele>161.8</ele>
        <time>2025-07-11T07:31:38Z</time>
      </trkpt>
      <trkpt lat="47.732845" lon="20.247655">
        <ele>161.8</ele>
        <time>2025-07-11T07:31:39Z</time>
      </trkpt>
      <trkpt lat="47.73279167" lon="20.247365">
        <ele>161.9</ele>
        <time>2025-07-11T07:31:40Z</time>
      </trkpt>
      <trkpt lat="47.73273667" lon="20.24708333">
        <ele>161.7</ele>
        <time>2025-07-11T07:31:41Z</time>
      </trkpt>
      <trkpt lat="47.73268667" lon="20.24680667">
        <ele>162.4</ele>
        <time>2025-07-11T07:31:42Z</time>
      </trkpt>
      <trkpt lat="47.73263667" lon="20.24653">
        <ele>163.7</ele>
        <time>2025-07-11T07:31:43Z</time>
      </trkpt>
      <trkpt lat="47.732585" lon="20.24624167">
        <ele>164.2</ele>
        <time>2025-07-11T07:31:44Z</time>
      </trkpt>
      <trkpt lat="47.73253333" lon="20.24596">
        <ele>164.3</ele>
        <time>2025-07-11T07:31:45Z</time>
      </trkpt>
      <trkpt lat="47.73248333" lon="20.245675">
        <ele>164.1</ele>
        <time>2025-07-11T07:31:46Z</time>
      </trkpt>
      <trkpt lat="47.73243167" lon="20.24540167">
        <ele>164</ele>
        <time>2025-07-11T07:31:47Z</time>
      </trkpt>
      <trkpt lat="47.73237833" lon="20.24511667">
        <ele>163.1</ele>
        <time>2025-07-11T07:31:48Z</time>
      </trkpt>
      <trkpt lat="47.73232833" lon="20.24483333">
        <ele>162.3</ele>
        <time>2025-07-11T07:31:49Z</time>
      </trkpt>
      <trkpt lat="47.73227667" lon="20.24456">
        <ele>161.5</ele>
        <time>2025-07-11T07:31:50Z</time>
      </trkpt>
      <trkpt lat="47.73222667" lon="20.24426833">
        <ele>160.7</ele>
        <time>2025-07-11T07:31:51Z</time>
      </trkpt>
      <trkpt lat="47.73217833" lon="20.24398667">
        <ele>160.2</ele>
        <time>2025-07-11T07:31:52Z</time>
      </trkpt>
      <trkpt lat="47.732125" lon="20.24371167">
        <ele>159</ele>
        <time>2025-07-11T07:31:53Z</time>
      </trkpt>
      <trkpt lat="47.732075" lon="20.24344167">
        <ele>159.6</ele>
        <time>2025-07-11T07:31:54Z</time>
      </trkpt>
      <trkpt lat="47.732025" lon="20.243165">
        <ele>160.4</ele>
        <time>2025-07-11T07:31:55Z</time>
      </trkpt>
      <trkpt lat="47.73197667" lon="20.24287833">
        <ele>160.7</ele>
        <time>2025-07-11T07:31:56Z</time>
      </trkpt>
      <trkpt lat="47.731925" lon="20.24260667">
        <ele>161.5</ele>
        <time>2025-07-11T07:31:57Z</time>
      </trkpt>
      <trkpt lat="47.731875" lon="20.24232833">
        <ele>161.8</ele>
        <time>2025-07-11T07:31:58Z</time>
      </trkpt>
      <trkpt lat="47.73182667" lon="20.24205333">
        <ele>162.4</ele>
        <time>2025-07-11T07:31:59Z</time>
      </trkpt>
      <trkpt lat="47.73177667" lon="20.241775">
        <ele>162.3</ele>
        <time>2025-07-11T07:32:00Z</time>
      </trkpt>
      <trkpt lat="47.73173" lon="20.24150333">
        <ele>162.9</ele>
        <time>2025-07-11T07:32:01Z</time>
      </trkpt>
      <trkpt lat="47.73168167" lon="20.24122833">
        <ele>162.6</ele>
        <time>2025-07-11T07:32:02Z</time>
      </trkpt>
      <trkpt lat="47.73163167" lon="20.24095833">
        <ele>163</ele>
        <time>2025-07-11T07:32:03Z</time>
      </trkpt>
      <trkpt lat="47.731585" lon="20.24068333">
        <ele>163.9</ele>
        <time>2025-07-11T07:32:04Z</time>
      </trkpt>
      <trkpt lat="47.731535" lon="20.24041">
        <ele>164</ele>
        <time>2025-07-11T07:32:05Z</time>
      </trkpt>
      <trkpt lat="47.73148" lon="20.240145">
        <ele>164</ele>
        <time>2025-07-11T07:32:06Z</time>
      </trkpt>
      <trkpt lat="47.73143333" lon="20.23987833">
        <ele>164.9</ele>
        <time>2025-07-11T07:32:07Z</time>
      </trkpt>
      <trkpt lat="47.73139" lon="20.23960667">
        <ele>164.5</ele>
        <time>2025-07-11T07:32:08Z</time>
      </trkpt>
      <trkpt lat="47.73134" lon="20.23935333">
        <ele>164.9</ele>
        <time>2025-07-11T07:32:09Z</time>
      </trkpt>
      <trkpt lat="47.73129167" lon="20.23908333">
        <ele>164.2</ele>
        <time>2025-07-11T07:32:10Z</time>
      </trkpt>
      <trkpt lat="47.731245" lon="20.23879833">
        <ele>163.5</ele>
        <time>2025-07-11T07:32:11Z</time>
      </trkpt>
      <trkpt lat="47.731195" lon="20.23852667">
        <ele>163.3</ele>
        <time>2025-07-11T07:32:12Z</time>
      </trkpt>
      <trkpt lat="47.73114333" lon="20.238255">
        <ele>163.7</ele>
        <time>2025-07-11T07:32:13Z</time>
      </trkpt>
      <trkpt lat="47.73109" lon="20.23798">
        <ele>163.9</ele>
        <time>2025-07-11T07:32:14Z</time>
      </trkpt>
      <trkpt lat="47.73103667" lon="20.23770833">
        <ele>164.4</ele>
        <time>2025-07-11T07:32:15Z</time>
      </trkpt>
      <trkpt lat="47.73098167" lon="20.237435">
        <ele>164.3</ele>
        <time>2025-07-11T07:32:16Z</time>
      </trkpt>
      <trkpt lat="47.730935" lon="20.23716667">
        <ele>164.8</ele>
        <time>2025-07-11T07:32:17Z</time>
      </trkpt>
      <trkpt lat="47.73088667" lon="20.23688833">
        <ele>164.7</ele>
        <time>2025-07-11T07:32:18Z</time>
      </trkpt>
      <trkpt lat="47.73083833" lon="20.236605">
        <ele>164.2</ele>
        <time>2025-07-11T07:32:19Z</time>
      </trkpt>
      <trkpt lat="47.73078667" lon="20.23632167">
        <ele>163.6</ele>
        <time>2025-07-11T07:32:20Z</time>
      </trkpt>
      <trkpt lat="47.73074333" lon="20.23603833">
        <ele>163.1</ele>
        <time>2025-07-11T07:32:21Z</time>
      </trkpt>
      <trkpt lat="47.73069" lon="20.23575">
        <ele>163.2</ele>
        <time>2025-07-11T07:32:22Z</time>
      </trkpt>
      <trkpt lat="47.730635" lon="20.23545833">
        <ele>163.6</ele>
        <time>2025-07-11T07:32:23Z</time>
      </trkpt>
      <trkpt lat="47.73058667" lon="20.235175">
        <ele>164.4</ele>
        <time>2025-07-11T07:32:24Z</time>
      </trkpt>
      <trkpt lat="47.73053667" lon="20.23489167">
        <ele>164.8</ele>
        <time>2025-07-11T07:32:25Z</time>
      </trkpt>
      <trkpt lat="47.73048667" lon="20.23461333">
        <ele>166.9</ele>
        <time>2025-07-11T07:32:26Z</time>
      </trkpt>
      <trkpt lat="47.73043333" lon="20.23432167">
        <ele>166.8</ele>
        <time>2025-07-11T07:32:27Z</time>
      </trkpt>
      <trkpt lat="47.73037667" lon="20.23403333">
        <ele>166.7</ele>
        <time>2025-07-11T07:32:28Z</time>
      </trkpt>
      <trkpt lat="47.73033" lon="20.23376167">
        <ele>166.9</ele>
        <time>2025-07-11T07:32:29Z</time>
      </trkpt>
      <trkpt lat="47.73028167" lon="20.233485">
        <ele>166.1</ele>
        <time>2025-07-11T07:32:30Z</time>
      </trkpt>
      <trkpt lat="47.73022833" lon="20.23319833">
        <ele>166.6</ele>
        <time>2025-07-11T07:32:31Z</time>
      </trkpt>
      <trkpt lat="47.73017333" lon="20.23290167">
        <ele>166.3</ele>
        <time>2025-07-11T07:32:32Z</time>
      </trkpt>
      <trkpt lat="47.73012333" lon="20.23259667">
        <ele>165.4</ele>
        <time>2025-07-11T07:32:33Z</time>
      </trkpt>
      <trkpt lat="47.730065" lon="20.232315">
        <ele>164.4</ele>
        <time>2025-07-11T07:32:34Z</time>
      </trkpt>
      <trkpt lat="47.730015" lon="20.232035">
        <ele>164.2</ele>
        <time>2025-07-11T07:32:35Z</time>
      </trkpt>
      <trkpt lat="47.72996" lon="20.23174833">
        <ele>163.7</ele>
        <time>2025-07-11T07:32:36Z</time>
      </trkpt>
      <trkpt lat="47.72991" lon="20.23146833">
        <ele>163.4</ele>
        <time>2025-07-11T07:32:37Z</time>
      </trkpt>
      <trkpt lat="47.72985833" lon="20.23118">
        <ele>163.3</ele>
        <time>2025-07-11T07:32:38Z</time>
      </trkpt>
      <trkpt lat="47.72981167" lon="20.23088833">
        <ele>163.1</ele>
        <time>2025-07-11T07:32:39Z</time>
      </trkpt>
      <trkpt lat="47.72976667" lon="20.23059667">
        <ele>163.3</ele>
        <time>2025-07-11T07:32:40Z</time>
      </trkpt>
      <trkpt lat="47.72971833" lon="20.23031">
        <ele>163.5</ele>
        <time>2025-07-11T07:32:41Z</time>
      </trkpt>
      <trkpt lat="47.72967" lon="20.23001833">
        <ele>162.9</ele>
        <time>2025-07-11T07:32:42Z</time>
      </trkpt>
      <trkpt lat="47.72962667" lon="20.22972667">
        <ele>162.6</ele>
        <time>2025-07-11T07:32:43Z</time>
      </trkpt>
      <trkpt lat="47.72958833" lon="20.22942667">
        <ele>162.2</ele>
        <time>2025-07-11T07:32:44Z</time>
      </trkpt>
      <trkpt lat="47.72955" lon="20.22913">
        <ele>162.9</ele>
        <time>2025-07-11T07:32:45Z</time>
      </trkpt>
      <trkpt lat="47.72951333" lon="20.22885">
        <ele>164.2</ele>
        <time>2025-07-11T07:32:46Z</time>
      </trkpt>
      <trkpt lat="47.729475" lon="20.22855833">
        <ele>163.8</ele>
        <time>2025-07-11T07:32:47Z</time>
      </trkpt>
      <trkpt lat="47.72943667" lon="20.22827167">
        <ele>164</ele>
        <time>2025-07-11T07:32:48Z</time>
      </trkpt>
      <trkpt lat="47.72939833" lon="20.22797667">
        <ele>164.3</ele>
        <time>2025-07-11T07:32:49Z</time>
      </trkpt>
      <trkpt lat="47.72936667" lon="20.22767833">
        <ele>164.7</ele>
        <time>2025-07-11T07:32:50Z</time>
      </trkpt>
      <trkpt lat="47.72933167" lon="20.22738333">
        <ele>164.9</ele>
        <time>2025-07-11T07:32:51Z</time>
      </trkpt>
      <trkpt lat="47.72931" lon="20.227085">
        <ele>165.7</ele>
        <time>2025-07-11T07:32:52Z</time>
      </trkpt>
      <trkpt lat="47.72929833" lon="20.22679667">
        <ele>165.6</ele>
        <time>2025-07-11T07:32:53Z</time>
      </trkpt>
      <trkpt lat="47.729275" lon="20.22649833">
        <ele>165.9</ele>
        <time>2025-07-11T07:32:54Z</time>
      </trkpt>
      <trkpt lat="47.729255" lon="20.22620333">
        <ele>166.3</ele>
        <time>2025-07-11T07:32:55Z</time>
      </trkpt>
      <trkpt lat="47.72923667" lon="20.22591">
        <ele>166.6</ele>
        <time>2025-07-11T07:32:56Z</time>
      </trkpt>
      <trkpt lat="47.72921667" lon="20.22561833">
        <ele>165.9</ele>
        <time>2025-07-11T07:32:57Z</time>
      </trkpt>
      <trkpt lat="47.72919333" lon="20.22532">
        <ele>166.3</ele>
        <time>2025-07-11T07:32:58Z</time>
      </trkpt>
      <trkpt lat="47.72917833" lon="20.22502167">
        <ele>166.5</ele>
        <time>2025-07-11T07:32:59Z</time>
      </trkpt>
      <trkpt lat="47.729165" lon="20.22473">
        <ele>167.4</ele>
        <time>2025-07-11T07:33:00Z</time>
      </trkpt>
      <trkpt lat="47.72915833" lon="20.22442833">
        <ele>166.4</ele>
        <time>2025-07-11T07:33:01Z</time>
      </trkpt>
      <trkpt lat="47.72915333" lon="20.22413">
        <ele>165.6</ele>
        <time>2025-07-11T07:33:02Z</time>
      </trkpt>
      <trkpt lat="47.729145" lon="20.22384">
        <ele>166.4</ele>
        <time>2025-07-11T07:33:03Z</time>
      </trkpt>
      <trkpt lat="47.72913333" lon="20.223545">
        <ele>166.7</ele>
        <time>2025-07-11T07:33:04Z</time>
      </trkpt>
      <trkpt lat="47.72911667" lon="20.22324667">
        <ele>166.2</ele>
        <time>2025-07-11T07:33:05Z</time>
      </trkpt>
      <trkpt lat="47.72910833" lon="20.22294333">
        <ele>166</ele>
        <time>2025-07-11T07:33:06Z</time>
      </trkpt>
      <trkpt lat="47.72909667" lon="20.22265">
        <ele>165.7</ele>
        <time>2025-07-11T07:33:07Z</time>
      </trkpt>
      <trkpt lat="47.72908333" lon="20.22235333">
        <ele>165.6</ele>
        <time>2025-07-11T07:33:08Z</time>
      </trkpt>
      <trkpt lat="47.72906667" lon="20.22206667">
        <ele>165.6</ele>
        <time>2025-07-11T07:33:09Z</time>
      </trkpt>
      <trkpt lat="47.729055" lon="20.22176333">
        <ele>166.2</ele>
        <time>2025-07-11T07:33:10Z</time>
      </trkpt>
      <trkpt lat="47.729045" lon="20.22146333">
        <ele>166.5</ele>
        <time>2025-07-11T07:33:11Z</time>
      </trkpt>
      <trkpt lat="47.72903167" lon="20.22117">
        <ele>167</ele>
        <time>2025-07-11T07:33:12Z</time>
      </trkpt>
      <trkpt lat="47.72902" lon="20.22087833">
        <ele>166.5</ele>
        <time>2025-07-11T07:33:13Z</time>
      </trkpt>
      <trkpt lat="47.72900833" lon="20.220585">
        <ele>165.7</ele>
        <time>2025-07-11T07:33:14Z</time>
      </trkpt>
      <trkpt lat="47.72899667" lon="20.22029333">
        <ele>165.6</ele>
        <time>2025-07-11T07:33:15Z</time>
      </trkpt>
      <trkpt lat="47.72898667" lon="20.219995">
        <ele>165</ele>
        <time>2025-07-11T07:33:16Z</time>
      </trkpt>
      <trkpt lat="47.72896667" lon="20.2197">
        <ele>164.3</ele>
        <time>2025-07-11T07:33:17Z</time>
      </trkpt>
      <trkpt lat="47.72895" lon="20.21940167">
        <ele>164.6</ele>
        <time>2025-07-11T07:33:18Z</time>
      </trkpt>
      <trkpt lat="47.72894167" lon="20.21911">
        <ele>165.4</ele>
        <time>2025-07-11T07:33:19Z</time>
      </trkpt>
      <trkpt lat="47.72893167" lon="20.21881333">
        <ele>165.2</ele>
        <time>2025-07-11T07:33:20Z</time>
      </trkpt>
      <trkpt lat="47.72892" lon="20.21851833">
        <ele>164.8</ele>
        <time>2025-07-11T07:33:21Z</time>
      </trkpt>
      <trkpt lat="47.72890667" lon="20.218225">
        <ele>162.5</ele>
        <time>2025-07-11T07:33:22Z</time>
      </trkpt>
      <trkpt lat="47.72889667" lon="20.21793333">
        <ele>161</ele>
        <time>2025-07-11T07:33:23Z</time>
      </trkpt>
      <trkpt lat="47.72888" lon="20.21764333">
        <ele>161.4</ele>
        <time>2025-07-11T07:33:24Z</time>
      </trkpt>
      <trkpt lat="47.72888" lon="20.21735167">
        <ele>162</ele>
        <time>2025-07-11T07:33:25Z</time>
      </trkpt>
      <trkpt lat="47.728865" lon="20.21705333">
        <ele>162.1</ele>
        <time>2025-07-11T07:33:26Z</time>
      </trkpt>
      <trkpt lat="47.72885167" lon="20.21676167">
        <ele>161.9</ele>
        <time>2025-07-11T07:33:27Z</time>
      </trkpt>
      <trkpt lat="47.72884" lon="20.21648333">
        <ele>162.1</ele>
        <time>2025-07-11T07:33:28Z</time>
      </trkpt>
      <trkpt lat="47.72883333" lon="20.21619333">
        <ele>163.6</ele>
        <time>2025-07-11T07:33:29Z</time>
      </trkpt>
      <trkpt lat="47.72882333" lon="20.21590167">
        <ele>165.8</ele>
        <time>2025-07-11T07:33:30Z</time>
      </trkpt>
      <trkpt lat="47.72880833" lon="20.2156">
        <ele>167.5</ele>
        <time>2025-07-11T07:33:31Z</time>
      </trkpt>
      <trkpt lat="47.728795" lon="20.21530667">
        <ele>168.5</ele>
        <time>2025-07-11T07:33:32Z</time>
      </trkpt>
      <trkpt lat="47.728785" lon="20.21501333">
        <ele>169.7</ele>
        <time>2025-07-11T07:33:33Z</time>
      </trkpt>
      <trkpt lat="47.72877333" lon="20.21471667">
        <ele>170.2</ele>
        <time>2025-07-11T07:33:34Z</time>
      </trkpt>
      <trkpt lat="47.72876" lon="20.21442167">
        <ele>170.2</ele>
        <time>2025-07-11T07:33:35Z</time>
      </trkpt>
      <trkpt lat="47.72874833" lon="20.21412167">
        <ele>170.1</ele>
        <time>2025-07-11T07:33:36Z</time>
      </trkpt>
      <trkpt lat="47.72873667" lon="20.21382167">
        <ele>169.9</ele>
        <time>2025-07-11T07:33:37Z</time>
      </trkpt>
      <trkpt lat="47.72872667" lon="20.21351667">
        <ele>167.4</ele>
        <time>2025-07-11T07:33:38Z</time>
      </trkpt>
      <trkpt lat="47.72871" lon="20.21322167">
        <ele>165.4</ele>
        <time>2025-07-11T07:33:39Z</time>
      </trkpt>
      <trkpt lat="47.72869333" lon="20.21292833">
        <ele>162.8</ele>
        <time>2025-07-11T07:33:40Z</time>
      </trkpt>
      <trkpt lat="47.728685" lon="20.21263167">
        <ele>162.6</ele>
        <time>2025-07-11T07:33:41Z</time>
      </trkpt>
      <trkpt lat="47.72867667" lon="20.21232667">
        <ele>161.6</ele>
        <time>2025-07-11T07:33:42Z</time>
      </trkpt>
      <trkpt lat="47.72866333" lon="20.21203">
        <ele>161.6</ele>
        <time>2025-07-11T07:33:43Z</time>
      </trkpt>
      <trkpt lat="47.72865" lon="20.21172833">
        <ele>161.8</ele>
        <time>2025-07-11T07:33:44Z</time>
      </trkpt>
      <trkpt lat="47.72863833" lon="20.21143333">
        <ele>162.3</ele>
        <time>2025-07-11T07:33:45Z</time>
      </trkpt>
      <trkpt lat="47.72863" lon="20.21114">
        <ele>161.9</ele>
        <time>2025-07-11T07:33:46Z</time>
      </trkpt>
      <trkpt lat="47.72861833" lon="20.21084333">
        <ele>162.1</ele>
        <time>2025-07-11T07:33:47Z</time>
      </trkpt>
      <trkpt lat="47.72861" lon="20.21054667">
        <ele>162.3</ele>
        <time>2025-07-11T07:33:48Z</time>
      </trkpt>
      <trkpt lat="47.72859833" lon="20.21025333">
        <ele>162</ele>
        <time>2025-07-11T07:33:49Z</time>
      </trkpt>
      <trkpt lat="47.72858667" lon="20.209955">
        <ele>162.5</ele>
        <time>2025-07-11T07:33:50Z</time>
      </trkpt>
      <trkpt lat="47.72857333" lon="20.20965667">
        <ele>162.7</ele>
        <time>2025-07-11T07:33:51Z</time>
      </trkpt>
      <trkpt lat="47.72856333" lon="20.20936333">
        <ele>162.8</ele>
        <time>2025-07-11T07:33:52Z</time>
      </trkpt>
      <trkpt lat="47.72855333" lon="20.20906833">
        <ele>162.9</ele>
        <time>2025-07-11T07:33:53Z</time>
      </trkpt>
      <trkpt lat="47.72854167" lon="20.20877333">
        <ele>163.3</ele>
        <time>2025-07-11T07:33:54Z</time>
      </trkpt>
      <trkpt lat="47.72853" lon="20.20847833">
        <ele>163.6</ele>
        <time>2025-07-11T07:33:55Z</time>
      </trkpt>
      <trkpt lat="47.72851833" lon="20.20818">
        <ele>163.5</ele>
        <time>2025-07-11T07:33:56Z</time>
      </trkpt>
      <trkpt lat="47.72850667" lon="20.20788333">
        <ele>163.1</ele>
        <time>2025-07-11T07:33:57Z</time>
      </trkpt>
      <trkpt lat="47.72849" lon="20.20759">
        <ele>161.7</ele>
        <time>2025-07-11T07:33:58Z</time>
      </trkpt>
      <trkpt lat="47.728475" lon="20.20729667">
        <ele>161.4</ele>
        <time>2025-07-11T07:33:59Z</time>
      </trkpt>
      <trkpt lat="47.72846167" lon="20.20700333">
        <ele>161.2</ele>
        <time>2025-07-11T07:34:00Z</time>
      </trkpt>
      <trkpt lat="47.72845167" lon="20.20670333">
        <ele>161.1</ele>
        <time>2025-07-11T07:34:01Z</time>
      </trkpt>
      <trkpt lat="47.72843333" lon="20.20640667">
        <ele>161.6</ele>
        <time>2025-07-11T07:34:02Z</time>
      </trkpt>
      <trkpt lat="47.728425" lon="20.20611667">
        <ele>161.4</ele>
        <time>2025-07-11T07:34:03Z</time>
      </trkpt>
      <trkpt lat="47.72842" lon="20.20582167">
        <ele>162</ele>
        <time>2025-07-11T07:34:04Z</time>
      </trkpt>
      <trkpt lat="47.72840667" lon="20.205535">
        <ele>161.8</ele>
        <time>2025-07-11T07:34:05Z</time>
      </trkpt>
      <trkpt lat="47.7284" lon="20.20524833">
        <ele>161.9</ele>
        <time>2025-07-11T07:34:06Z</time>
      </trkpt>
      <trkpt lat="47.72838833" lon="20.20494833">
        <ele>160.1</ele>
        <time>2025-07-11T07:34:07Z</time>
      </trkpt>
      <trkpt lat="47.72837667" lon="20.20465333">
        <ele>160.2</ele>
        <time>2025-07-11T07:34:08Z</time>
      </trkpt>
      <trkpt lat="47.72836" lon="20.20435333">
        <ele>159.6</ele>
        <time>2025-07-11T07:34:09Z</time>
      </trkpt>
      <trkpt lat="47.72834667" lon="20.20405333">
        <ele>159.7</ele>
        <time>2025-07-11T07:34:10Z</time>
      </trkpt>
      <trkpt lat="47.72833167" lon="20.20375333">
        <ele>160.1</ele>
        <time>2025-07-11T07:34:11Z</time>
      </trkpt>
      <trkpt lat="47.72832" lon="20.20346">
        <ele>160.1</ele>
        <time>2025-07-11T07:34:12Z</time>
      </trkpt>
      <trkpt lat="47.72830667" lon="20.20316667">
        <ele>160</ele>
        <time>2025-07-11T07:34:13Z</time>
      </trkpt>
      <trkpt lat="47.72829333" lon="20.20287667">
        <ele>160.3</ele>
        <time>2025-07-11T07:34:14Z</time>
      </trkpt>
      <trkpt lat="47.72828" lon="20.20258">
        <ele>160.6</ele>
        <time>2025-07-11T07:34:15Z</time>
      </trkpt>
      <trkpt lat="47.72827167" lon="20.202285">
        <ele>160.6</ele>
        <time>2025-07-11T07:34:16Z</time>
      </trkpt>
      <trkpt lat="47.72826667" lon="20.201985">
        <ele>161.1</ele>
        <time>2025-07-11T07:34:17Z</time>
      </trkpt>
      <trkpt lat="47.72825167" lon="20.201695">
        <ele>160.8</ele>
        <time>2025-07-11T07:34:18Z</time>
      </trkpt>
      <trkpt lat="47.72824167" lon="20.20141">
        <ele>162.7</ele>
        <time>2025-07-11T07:34:19Z</time>
      </trkpt>
      <trkpt lat="47.72823167" lon="20.20111667">
        <ele>163.6</ele>
        <time>2025-07-11T07:34:20Z</time>
      </trkpt>
      <trkpt lat="47.72822167" lon="20.20083">
        <ele>163.8</ele>
        <time>2025-07-11T07:34:21Z</time>
      </trkpt>
      <trkpt lat="47.72820667" lon="20.20052833">
        <ele>165.1</ele>
        <time>2025-07-11T07:34:22Z</time>
      </trkpt>
      <trkpt lat="47.72819333" lon="20.20023167">
        <ele>166.1</ele>
        <time>2025-07-11T07:34:23Z</time>
      </trkpt>
      <trkpt lat="47.728185" lon="20.19994">
        <ele>166</ele>
        <time>2025-07-11T07:34:24Z</time>
      </trkpt>
      <trkpt lat="47.72817167" lon="20.19964333">
        <ele>165.3</ele>
        <time>2025-07-11T07:34:25Z</time>
      </trkpt>
      <trkpt lat="47.72815667" lon="20.19934833">
        <ele>165.2</ele>
        <time>2025-07-11T07:34:26Z</time>
      </trkpt>
      <trkpt lat="47.72813833" lon="20.19905333">
        <ele>164.6</ele>
        <time>2025-07-11T07:34:27Z</time>
      </trkpt>
      <trkpt lat="47.72812833" lon="20.19876167">
        <ele>163.7</ele>
        <time>2025-07-11T07:34:28Z</time>
      </trkpt>
      <trkpt lat="47.72811667" lon="20.19846833">
        <ele>163.9</ele>
        <time>2025-07-11T07:34:29Z</time>
      </trkpt>
      <trkpt lat="47.72810667" lon="20.19817167">
        <ele>164.2</ele>
        <time>2025-07-11T07:34:30Z</time>
      </trkpt>
      <trkpt lat="47.72809333" lon="20.19788">
        <ele>164.3</ele>
        <time>2025-07-11T07:34:31Z</time>
      </trkpt>
      <trkpt lat="47.72808333" lon="20.19758833">
        <ele>164.3</ele>
        <time>2025-07-11T07:34:32Z</time>
      </trkpt>
      <trkpt lat="47.72807333" lon="20.19729333">
        <ele>164</ele>
        <time>2025-07-11T07:34:33Z</time>
      </trkpt>
      <trkpt lat="47.72806333" lon="20.19700167">
        <ele>164.4</ele>
        <time>2025-07-11T07:34:34Z</time>
      </trkpt>
      <trkpt lat="47.72805" lon="20.19670833">
        <ele>164.2</ele>
        <time>2025-07-11T07:34:35Z</time>
      </trkpt>
      <trkpt lat="47.72804833" lon="20.196415">
        <ele>164.3</ele>
        <time>2025-07-11T07:34:36Z</time>
      </trkpt>
      <trkpt lat="47.72803333" lon="20.19611667">
        <ele>164.7</ele>
        <time>2025-07-11T07:34:37Z</time>
      </trkpt>
      <trkpt lat="47.72801667" lon="20.19581">
        <ele>164.8</ele>
        <time>2025-07-11T07:34:38Z</time>
      </trkpt>
      <trkpt lat="47.72800167" lon="20.19551167">
        <ele>164.9</ele>
        <time>2025-07-11T07:34:39Z</time>
      </trkpt>
      <trkpt lat="47.72799333" lon="20.195215">
        <ele>164.6</ele>
        <time>2025-07-11T07:34:40Z</time>
      </trkpt>
      <trkpt lat="47.727985" lon="20.19491833">
        <ele>165.8</ele>
        <time>2025-07-11T07:34:41Z</time>
      </trkpt>
      <trkpt lat="47.72797167" lon="20.19462">
        <ele>166.1</ele>
        <time>2025-07-11T07:34:42Z</time>
      </trkpt>
      <trkpt lat="47.72796" lon="20.19432333">
        <ele>165.6</ele>
        <time>2025-07-11T07:34:43Z</time>
      </trkpt>
      <trkpt lat="47.727945" lon="20.19402667">
        <ele>166.2</ele>
        <time>2025-07-11T07:34:44Z</time>
      </trkpt>
      <trkpt lat="47.72793" lon="20.19373167">
        <ele>165.8</ele>
        <time>2025-07-11T07:34:45Z</time>
      </trkpt>
      <trkpt lat="47.72791833" lon="20.19344">
        <ele>165.9</ele>
        <time>2025-07-11T07:34:46Z</time>
      </trkpt>
      <trkpt lat="47.72790833" lon="20.19314667">
        <ele>165.9</ele>
        <time>2025-07-11T07:34:47Z</time>
      </trkpt>
      <trkpt lat="47.727895" lon="20.19285333">
        <ele>165.8</ele>
        <time>2025-07-11T07:34:48Z</time>
      </trkpt>
      <trkpt lat="47.72788167" lon="20.19254167">
        <ele>166.2</ele>
        <time>2025-07-11T07:34:49Z</time>
      </trkpt>
      <trkpt lat="47.72787" lon="20.19224333">
        <ele>166</ele>
        <time>2025-07-11T07:34:50Z</time>
      </trkpt>
      <trkpt lat="47.72786" lon="20.19194333">
        <ele>166.3</ele>
        <time>2025-07-11T07:34:51Z</time>
      </trkpt>
      <trkpt lat="47.727855" lon="20.191645">
        <ele>167</ele>
        <time>2025-07-11T07:34:52Z</time>
      </trkpt>
      <trkpt lat="47.72784167" lon="20.19134833">
        <ele>167.3</ele>
        <time>2025-07-11T07:34:53Z</time>
      </trkpt>
      <trkpt lat="47.72782333" lon="20.191035">
        <ele>166.5</ele>
        <time>2025-07-11T07:34:54Z</time>
      </trkpt>
      <trkpt lat="47.72781" lon="20.19073167">
        <ele>166.1</ele>
        <time>2025-07-11T07:34:55Z</time>
      </trkpt>
      <trkpt lat="47.72779167" lon="20.19044">
        <ele>166.2</ele>
        <time>2025-07-11T07:34:56Z</time>
      </trkpt>
      <trkpt lat="47.72778667" lon="20.190155">
        <ele>165.8</ele>
        <time>2025-07-11T07:34:57Z</time>
      </trkpt>
      <trkpt lat="47.72777167" lon="20.18986667">
        <ele>165.6</ele>
        <time>2025-07-11T07:34:58Z</time>
      </trkpt>
      <trkpt lat="47.72776333" lon="20.18958167">
        <ele>165.9</ele>
        <time>2025-07-11T07:34:59Z</time>
      </trkpt>
      <trkpt lat="47.72775333" lon="20.189295">
        <ele>165.3</ele>
        <time>2025-07-11T07:35:00Z</time>
      </trkpt>
      <trkpt lat="47.72774" lon="20.18900833">
        <ele>164.9</ele>
        <time>2025-07-11T07:35:01Z</time>
      </trkpt>
      <trkpt lat="47.72772833" lon="20.18871333">
        <ele>165</ele>
        <time>2025-07-11T07:35:02Z</time>
      </trkpt>
      <trkpt lat="47.72771333" lon="20.18841667">
        <ele>164.5</ele>
        <time>2025-07-11T07:35:03Z</time>
      </trkpt>
      <trkpt lat="47.72769667" lon="20.18812167">
        <ele>164.8</ele>
        <time>2025-07-11T07:35:04Z</time>
      </trkpt>
      <trkpt lat="47.72768667" lon="20.18783">
        <ele>164.5</ele>
        <time>2025-07-11T07:35:05Z</time>
      </trkpt>
      <trkpt lat="47.72767667" lon="20.187525">
        <ele>165.2</ele>
        <time>2025-07-11T07:35:06Z</time>
      </trkpt>
      <trkpt lat="47.727665" lon="20.187225">
        <ele>165.6</ele>
        <time>2025-07-11T07:35:07Z</time>
      </trkpt>
      <trkpt lat="47.72765333" lon="20.18693167">
        <ele>166.1</ele>
        <time>2025-07-11T07:35:08Z</time>
      </trkpt>
      <trkpt lat="47.72764333" lon="20.18663333">
        <ele>165.7</ele>
        <time>2025-07-11T07:35:09Z</time>
      </trkpt>
      <trkpt lat="47.72763333" lon="20.18634">
        <ele>165.6</ele>
        <time>2025-07-11T07:35:10Z</time>
      </trkpt>
      <trkpt lat="47.72762333" lon="20.18605333">
        <ele>164.4</ele>
        <time>2025-07-11T07:35:11Z</time>
      </trkpt>
      <trkpt lat="47.72761667" lon="20.18576">
        <ele>164.4</ele>
        <time>2025-07-11T07:35:12Z</time>
      </trkpt>
      <trkpt lat="47.727605" lon="20.18546333">
        <ele>165.2</ele>
        <time>2025-07-11T07:35:13Z</time>
      </trkpt>
      <trkpt lat="47.727595" lon="20.185165">
        <ele>163.7</ele>
        <time>2025-07-11T07:35:14Z</time>
      </trkpt>
      <trkpt lat="47.72758667" lon="20.18486833">
        <ele>164.1</ele>
        <time>2025-07-11T07:35:15Z</time>
      </trkpt>
      <trkpt lat="47.72757833" lon="20.184575">
        <ele>164.5</ele>
        <time>2025-07-11T07:35:16Z</time>
      </trkpt>
      <trkpt lat="47.72756" lon="20.18427">
        <ele>164.5</ele>
        <time>2025-07-11T07:35:17Z</time>
      </trkpt>
      <trkpt lat="47.72754667" lon="20.18396833">
        <ele>164.6</ele>
        <time>2025-07-11T07:35:18Z</time>
      </trkpt>
      <trkpt lat="47.72753" lon="20.18366833">
        <ele>164.9</ele>
        <time>2025-07-11T07:35:19Z</time>
      </trkpt>
      <trkpt lat="47.72752" lon="20.18338167">
        <ele>164.3</ele>
        <time>2025-07-11T07:35:20Z</time>
      </trkpt>
      <trkpt lat="47.72751" lon="20.18309333">
        <ele>163.9</ele>
        <time>2025-07-11T07:35:21Z</time>
      </trkpt>
      <trkpt lat="47.7275" lon="20.18279">
        <ele>163.8</ele>
        <time>2025-07-11T07:35:22Z</time>
      </trkpt>
      <trkpt lat="47.727485" lon="20.18249833">
        <ele>162.6</ele>
        <time>2025-07-11T07:35:23Z</time>
      </trkpt>
      <trkpt lat="47.72747167" lon="20.18219">
        <ele>163.4</ele>
        <time>2025-07-11T07:35:24Z</time>
      </trkpt>
      <trkpt lat="47.72746333" lon="20.181885">
        <ele>164.7</ele>
        <time>2025-07-11T07:35:25Z</time>
      </trkpt>
      <trkpt lat="47.727445" lon="20.18158167">
        <ele>166.3</ele>
        <time>2025-07-11T07:35:26Z</time>
      </trkpt>
      <trkpt lat="47.72743167" lon="20.18129">
        <ele>167.2</ele>
        <time>2025-07-11T07:35:27Z</time>
      </trkpt>
      <trkpt lat="47.72741833" lon="20.18099167">
        <ele>167</ele>
        <time>2025-07-11T07:35:28Z</time>
      </trkpt>
      <trkpt lat="47.72741167" lon="20.18069667">
        <ele>167</ele>
        <time>2025-07-11T07:35:29Z</time>
      </trkpt>
      <trkpt lat="47.7274" lon="20.18040333">
        <ele>167.7</ele>
        <time>2025-07-11T07:35:30Z</time>
      </trkpt>
      <trkpt lat="47.72739333" lon="20.18011667">
        <ele>166.9</ele>
        <time>2025-07-11T07:35:31Z</time>
      </trkpt>
      <trkpt lat="47.72738" lon="20.17982333">
        <ele>165.1</ele>
        <time>2025-07-11T07:35:32Z</time>
      </trkpt>
      <trkpt lat="47.72736333" lon="20.17953167">
        <ele>165.5</ele>
        <time>2025-07-11T07:35:33Z</time>
      </trkpt>
      <trkpt lat="47.72734333" lon="20.17924167">
        <ele>165.3</ele>
        <time>2025-07-11T07:35:34Z</time>
      </trkpt>
      <trkpt lat="47.72733333" lon="20.17895333">
        <ele>165.4</ele>
        <time>2025-07-11T07:35:35Z</time>
      </trkpt>
      <trkpt lat="47.727325" lon="20.17866333">
        <ele>165.7</ele>
        <time>2025-07-11T07:35:36Z</time>
      </trkpt>
      <trkpt lat="47.727315" lon="20.17836833">
        <ele>166</ele>
        <time>2025-07-11T07:35:37Z</time>
      </trkpt>
      <trkpt lat="47.72730333" lon="20.178075">
        <ele>166.2</ele>
        <time>2025-07-11T07:35:38Z</time>
      </trkpt>
      <trkpt lat="47.72729333" lon="20.17777667">
        <ele>166.8</ele>
        <time>2025-07-11T07:35:39Z</time>
      </trkpt>
      <trkpt lat="47.72728167" lon="20.17748333">
        <ele>166.4</ele>
        <time>2025-07-11T07:35:40Z</time>
      </trkpt>
      <trkpt lat="47.72726833" lon="20.17718667">
        <ele>166.1</ele>
        <time>2025-07-11T07:35:41Z</time>
      </trkpt>
      <trkpt lat="47.72726333" lon="20.17688833">
        <ele>166</ele>
        <time>2025-07-11T07:35:42Z</time>
      </trkpt>
      <trkpt lat="47.72724833" lon="20.1766">
        <ele>166</ele>
        <time>2025-07-11T07:35:43Z</time>
      </trkpt>
      <trkpt lat="47.72723667" lon="20.17630667">
        <ele>166.2</ele>
        <time>2025-07-11T07:35:44Z</time>
      </trkpt>
      <trkpt lat="47.727225" lon="20.17601167">
        <ele>166.2</ele>
        <time>2025-07-11T07:35:45Z</time>
      </trkpt>
      <trkpt lat="47.727215" lon="20.17571833">
        <ele>166.6</ele>
        <time>2025-07-11T07:35:46Z</time>
      </trkpt>
      <trkpt lat="47.72720833" lon="20.175415">
        <ele>166.7</ele>
        <time>2025-07-11T07:35:47Z</time>
      </trkpt>
      <trkpt lat="47.727195" lon="20.17512">
        <ele>165.4</ele>
        <time>2025-07-11T07:35:48Z</time>
      </trkpt>
      <trkpt lat="47.72718167" lon="20.17482333">
        <ele>165.9</ele>
        <time>2025-07-11T07:35:49Z</time>
      </trkpt>
      <trkpt lat="47.72717167" lon="20.17453167">
        <ele>165.8</ele>
        <time>2025-07-11T07:35:50Z</time>
      </trkpt>
      <trkpt lat="47.72716" lon="20.174245">
        <ele>166.5</ele>
        <time>2025-07-11T07:35:51Z</time>
      </trkpt>
      <trkpt lat="47.72714667" lon="20.173945">
        <ele>166.8</ele>
        <time>2025-07-11T07:35:52Z</time>
      </trkpt>
      <trkpt lat="47.72713667" lon="20.17365">
        <ele>166.4</ele>
        <time>2025-07-11T07:35:53Z</time>
      </trkpt>
      <trkpt lat="47.72712833" lon="20.173355">
        <ele>166.9</ele>
        <time>2025-07-11T07:35:54Z</time>
      </trkpt>
      <trkpt lat="47.727115" lon="20.17306167">
        <ele>166.9</ele>
        <time>2025-07-11T07:35:55Z</time>
      </trkpt>
      <trkpt lat="47.7271" lon="20.17275667">
        <ele>166.3</ele>
        <time>2025-07-11T07:35:56Z</time>
      </trkpt>
      <trkpt lat="47.72708667" lon="20.17246333">
        <ele>168</ele>
        <time>2025-07-11T07:35:57Z</time>
      </trkpt>
      <trkpt lat="47.727075" lon="20.17217167">
        <ele>167.1</ele>
        <time>2025-07-11T07:35:58Z</time>
      </trkpt>
      <trkpt lat="47.72706333" lon="20.17187833">
        <ele>166.8</ele>
        <time>2025-07-11T07:35:59Z</time>
      </trkpt>
      <trkpt lat="47.72704833" lon="20.17158667">
        <ele>166.9</ele>
        <time>2025-07-11T07:36:00Z</time>
      </trkpt>
      <trkpt lat="47.72703833" lon="20.17129167">
        <ele>167.5</ele>
        <time>2025-07-11T07:36:01Z</time>
      </trkpt>
      <trkpt lat="47.72702667" lon="20.170995">
        <ele>168.5</ele>
        <time>2025-07-11T07:36:02Z</time>
      </trkpt>
      <trkpt lat="47.72701667" lon="20.17068833">
        <ele>170.5</ele>
        <time>2025-07-11T07:36:03Z</time>
      </trkpt>
      <trkpt lat="47.72700167" lon="20.17038833">
        <ele>169.3</ele>
        <time>2025-07-11T07:36:04Z</time>
      </trkpt>
      <trkpt lat="47.72698667" lon="20.17010167">
        <ele>168.8</ele>
        <time>2025-07-11T07:36:05Z</time>
      </trkpt>
      <trkpt lat="47.726975" lon="20.16981333">
        <ele>168.2</ele>
        <time>2025-07-11T07:36:06Z</time>
      </trkpt>
      <trkpt lat="47.726965" lon="20.16951">
        <ele>168.3</ele>
        <time>2025-07-11T07:36:07Z</time>
      </trkpt>
      <trkpt lat="47.72695667" lon="20.169215">
        <ele>167.7</ele>
        <time>2025-07-11T07:36:08Z</time>
      </trkpt>
      <trkpt lat="47.726945" lon="20.168915">
        <ele>167.8</ele>
        <time>2025-07-11T07:36:09Z</time>
      </trkpt>
      <trkpt lat="47.72693167" lon="20.168625">
        <ele>167.1</ele>
        <time>2025-07-11T07:36:10Z</time>
      </trkpt>
      <trkpt lat="47.72691833" lon="20.16832833">
        <ele>167.2</ele>
        <time>2025-07-11T07:36:11Z</time>
      </trkpt>
      <trkpt lat="47.72690333" lon="20.16802833">
        <ele>166.9</ele>
        <time>2025-07-11T07:36:12Z</time>
      </trkpt>
      <trkpt lat="47.72689167" lon="20.16774167">
        <ele>166.3</ele>
        <time>2025-07-11T07:36:13Z</time>
      </trkpt>
      <trkpt lat="47.72688" lon="20.16744167">
        <ele>166.3</ele>
        <time>2025-07-11T07:36:14Z</time>
      </trkpt>
      <trkpt lat="47.72687333" lon="20.16713667">
        <ele>166.2</ele>
        <time>2025-07-11T07:36:15Z</time>
      </trkpt>
      <trkpt lat="47.72686" lon="20.166835">
        <ele>165.5</ele>
        <time>2025-07-11T07:36:16Z</time>
      </trkpt>
      <trkpt lat="47.72685" lon="20.16652667">
        <ele>164.3</ele>
        <time>2025-07-11T07:36:17Z</time>
      </trkpt>
      <trkpt lat="47.726845" lon="20.16623167">
        <ele>163.8</ele>
        <time>2025-07-11T07:36:18Z</time>
      </trkpt>
      <trkpt lat="47.72683333" lon="20.16592833">
        <ele>163.9</ele>
        <time>2025-07-11T07:36:19Z</time>
      </trkpt>
      <trkpt lat="47.72682167" lon="20.16563167">
        <ele>163.6</ele>
        <time>2025-07-11T07:36:20Z</time>
      </trkpt>
      <trkpt lat="47.72680667" lon="20.16533167">
        <ele>163</ele>
        <time>2025-07-11T07:36:21Z</time>
      </trkpt>
      <trkpt lat="47.72679167" lon="20.16504333">
        <ele>161.9</ele>
        <time>2025-07-11T07:36:22Z</time>
      </trkpt>
      <trkpt lat="47.72678167" lon="20.16475">
        <ele>160.7</ele>
        <time>2025-07-11T07:36:23Z</time>
      </trkpt>
      <trkpt lat="47.72677167" lon="20.16444333">
        <ele>160.3</ele>
        <time>2025-07-11T07:36:24Z</time>
      </trkpt>
      <trkpt lat="47.72676167" lon="20.16414833">
        <ele>160.1</ele>
        <time>2025-07-11T07:36:25Z</time>
      </trkpt>
      <trkpt lat="47.726745" lon="20.16385333">
        <ele>160.5</ele>
        <time>2025-07-11T07:36:26Z</time>
      </trkpt>
      <trkpt lat="47.72673333" lon="20.16356167">
        <ele>161.3</ele>
        <time>2025-07-11T07:36:27Z</time>
      </trkpt>
      <trkpt lat="47.72671833" lon="20.163265">
        <ele>161.8</ele>
        <time>2025-07-11T07:36:28Z</time>
      </trkpt>
      <trkpt lat="47.72670167" lon="20.162965">
        <ele>161.7</ele>
        <time>2025-07-11T07:36:29Z</time>
      </trkpt>
      <trkpt lat="47.72669333" lon="20.16267167">
        <ele>162.2</ele>
        <time>2025-07-11T07:36:30Z</time>
      </trkpt>
      <trkpt lat="47.72668833" lon="20.16237833">
        <ele>160.7</ele>
        <time>2025-07-11T07:36:31Z</time>
      </trkpt>
      <trkpt lat="47.72668" lon="20.16208">
        <ele>161.8</ele>
        <time>2025-07-11T07:36:32Z</time>
      </trkpt>
      <trkpt lat="47.72665833" lon="20.161785">
        <ele>161.3</ele>
        <time>2025-07-11T07:36:33Z</time>
      </trkpt>
      <trkpt lat="47.72664667" lon="20.16148333">
        <ele>160.3</ele>
        <time>2025-07-11T07:36:34Z</time>
      </trkpt>
      <trkpt lat="47.72664167" lon="20.16118833">
        <ele>160.2</ele>
        <time>2025-07-11T07:36:35Z</time>
      </trkpt>
      <trkpt lat="47.726635" lon="20.1609">
        <ele>159.5</ele>
        <time>2025-07-11T07:36:36Z</time>
      </trkpt>
      <trkpt lat="47.72662667" lon="20.16060167">
        <ele>159</ele>
        <time>2025-07-11T07:36:37Z</time>
      </trkpt>
      <trkpt lat="47.726615" lon="20.160305">
        <ele>159.1</ele>
        <time>2025-07-11T07:36:38Z</time>
      </trkpt>
      <trkpt lat="47.72660667" lon="20.16001167">
        <ele>159.3</ele>
        <time>2025-07-11T07:36:39Z</time>
      </trkpt>
      <trkpt lat="47.72659333" lon="20.15971333">
        <ele>159.7</ele>
        <time>2025-07-11T07:36:40Z</time>
      </trkpt>
      <trkpt lat="47.72658" lon="20.15941333">
        <ele>159.8</ele>
        <time>2025-07-11T07:36:41Z</time>
      </trkpt>
      <trkpt lat="47.726565" lon="20.159115">
        <ele>159.7</ele>
        <time>2025-07-11T07:36:42Z</time>
      </trkpt>
      <trkpt lat="47.72655" lon="20.15881667">
        <ele>159.2</ele>
        <time>2025-07-11T07:36:43Z</time>
      </trkpt>
      <trkpt lat="47.726535" lon="20.15851833">
        <ele>159.8</ele>
        <time>2025-07-11T07:36:44Z</time>
      </trkpt>
      <trkpt lat="47.72652667" lon="20.15822833">
        <ele>159.3</ele>
        <time>2025-07-11T07:36:45Z</time>
      </trkpt>
      <trkpt lat="47.726515" lon="20.157935">
        <ele>160.5</ele>
        <time>2025-07-11T07:36:46Z</time>
      </trkpt>
      <trkpt lat="47.72650167" lon="20.157645">
        <ele>161.6</ele>
        <time>2025-07-11T07:36:47Z</time>
      </trkpt>
      <trkpt lat="47.72648833" lon="20.15735667">
        <ele>162.5</ele>
        <time>2025-07-11T07:36:48Z</time>
      </trkpt>
      <trkpt lat="47.72647667" lon="20.15706667">
        <ele>162.6</ele>
        <time>2025-07-11T07:36:49Z</time>
      </trkpt>
      <trkpt lat="47.72646667" lon="20.156775">
        <ele>162.7</ele>
        <time>2025-07-11T07:36:50Z</time>
      </trkpt>
      <trkpt lat="47.72645667" lon="20.15647333">
        <ele>163</ele>
        <time>2025-07-11T07:36:51Z</time>
      </trkpt>
      <trkpt lat="47.72644833" lon="20.15617333">
        <ele>163.8</ele>
        <time>2025-07-11T07:36:52Z</time>
      </trkpt>
      <trkpt lat="47.726435" lon="20.15587667">
        <ele>163.9</ele>
        <time>2025-07-11T07:36:53Z</time>
      </trkpt>
      <trkpt lat="47.72642167" lon="20.15557667">
        <ele>164.1</ele>
        <time>2025-07-11T07:36:54Z</time>
      </trkpt>
      <trkpt lat="47.72641167" lon="20.15528333">
        <ele>164.3</ele>
        <time>2025-07-11T07:36:55Z</time>
      </trkpt>
      <trkpt lat="47.7264" lon="20.15498667">
        <ele>165</ele>
        <time>2025-07-11T07:36:56Z</time>
      </trkpt>
      <trkpt lat="47.72639167" lon="20.15469833">
        <ele>164.3</ele>
        <time>2025-07-11T07:36:57Z</time>
      </trkpt>
      <trkpt lat="47.72637667" lon="20.15440667">
        <ele>163.5</ele>
        <time>2025-07-11T07:36:58Z</time>
      </trkpt>
      <trkpt lat="47.72636" lon="20.15411">
        <ele>163.4</ele>
        <time>2025-07-11T07:36:59Z</time>
      </trkpt>
      <trkpt lat="47.72634667" lon="20.15381833">
        <ele>162</ele>
        <time>2025-07-11T07:37:00Z</time>
      </trkpt>
      <trkpt lat="47.72634" lon="20.15352833">
        <ele>161.5</ele>
        <time>2025-07-11T07:37:01Z</time>
      </trkpt>
      <trkpt lat="47.72633167" lon="20.15322667">
        <ele>161.8</ele>
        <time>2025-07-11T07:37:02Z</time>
      </trkpt>
      <trkpt lat="47.72631833" lon="20.15293">
        <ele>160.9</ele>
        <time>2025-07-11T07:37:03Z</time>
      </trkpt>
      <trkpt lat="47.72630667" lon="20.15263167">
        <ele>160.7</ele>
        <time>2025-07-11T07:37:04Z</time>
      </trkpt>
      <trkpt lat="47.72629" lon="20.15233333">
        <ele>159.6</ele>
        <time>2025-07-11T07:37:05Z</time>
      </trkpt>
      <trkpt lat="47.72628" lon="20.15203333">
        <ele>159</ele>
        <time>2025-07-11T07:37:06Z</time>
      </trkpt>
      <trkpt lat="47.72627167" lon="20.15173333">
        <ele>158.6</ele>
        <time>2025-07-11T07:37:07Z</time>
      </trkpt>
      <trkpt lat="47.726265" lon="20.15143667">
        <ele>158.7</ele>
        <time>2025-07-11T07:37:08Z</time>
      </trkpt>
      <trkpt lat="47.72625333" lon="20.15113833">
        <ele>158.5</ele>
        <time>2025-07-11T07:37:09Z</time>
      </trkpt>
      <trkpt lat="47.72624167" lon="20.15085167">
        <ele>159</ele>
        <time>2025-07-11T07:37:10Z</time>
      </trkpt>
      <trkpt lat="47.72622333" lon="20.15055833">
        <ele>160.5</ele>
        <time>2025-07-11T07:37:11Z</time>
      </trkpt>
      <trkpt lat="47.72621167" lon="20.150265">
        <ele>162.7</ele>
        <time>2025-07-11T07:37:12Z</time>
      </trkpt>
      <trkpt lat="47.72619833" lon="20.149975">
        <ele>163.6</ele>
        <time>2025-07-11T07:37:13Z</time>
      </trkpt>
      <trkpt lat="47.72618333" lon="20.14967833">
        <ele>164</ele>
        <time>2025-07-11T07:37:14Z</time>
      </trkpt>
      <trkpt lat="47.72617" lon="20.14938333">
        <ele>163.6</ele>
        <time>2025-07-11T07:37:15Z</time>
      </trkpt>
      <trkpt lat="47.72615667" lon="20.14908667">
        <ele>163.2</ele>
        <time>2025-07-11T07:37:16Z</time>
      </trkpt>
      <trkpt lat="47.72615" lon="20.14877833">
        <ele>163.1</ele>
        <time>2025-07-11T07:37:17Z</time>
      </trkpt>
      <trkpt lat="47.726135" lon="20.14847833">
        <ele>163.2</ele>
        <time>2025-07-11T07:37:18Z</time>
      </trkpt>
      <trkpt lat="47.72612167" lon="20.14819333">
        <ele>163.7</ele>
        <time>2025-07-11T07:37:19Z</time>
      </trkpt>
      <trkpt lat="47.72610667" lon="20.14789833">
        <ele>163.6</ele>
        <time>2025-07-11T07:37:20Z</time>
      </trkpt>
      <trkpt lat="47.726095" lon="20.14760833">
        <ele>162.5</ele>
        <time>2025-07-11T07:37:21Z</time>
      </trkpt>
      <trkpt lat="47.72608167" lon="20.14731833">
        <ele>162.2</ele>
        <time>2025-07-11T07:37:22Z</time>
      </trkpt>
      <trkpt lat="47.72607167" lon="20.14701833">
        <ele>162.3</ele>
        <time>2025-07-11T07:37:23Z</time>
      </trkpt>
      <trkpt lat="47.726065" lon="20.146725">
        <ele>162.9</ele>
        <time>2025-07-11T07:37:24Z</time>
      </trkpt>
      <trkpt lat="47.72605333" lon="20.14644">
        <ele>162.9</ele>
        <time>2025-07-11T07:37:25Z</time>
      </trkpt>
      <trkpt lat="47.726035" lon="20.14613167">
        <ele>162.9</ele>
        <time>2025-07-11T07:37:26Z</time>
      </trkpt>
      <trkpt lat="47.72602667" lon="20.14584">
        <ele>162.7</ele>
        <time>2025-07-11T07:37:27Z</time>
      </trkpt>
      <trkpt lat="47.72601333" lon="20.145545">
        <ele>163.2</ele>
        <time>2025-07-11T07:37:28Z</time>
      </trkpt>
      <trkpt lat="47.72600833" lon="20.14524833">
        <ele>163.4</ele>
        <time>2025-07-11T07:37:29Z</time>
      </trkpt>
      <trkpt lat="47.72599833" lon="20.14495">
        <ele>163.1</ele>
        <time>2025-07-11T07:37:30Z</time>
      </trkpt>
      <trkpt lat="47.72598667" lon="20.14465167">
        <ele>163.3</ele>
        <time>2025-07-11T07:37:31Z</time>
      </trkpt>
      <trkpt lat="47.725975" lon="20.14435667">
        <ele>162.9</ele>
        <time>2025-07-11T07:37:32Z</time>
      </trkpt>
      <trkpt lat="47.72595667" lon="20.14406">
        <ele>162.1</ele>
        <time>2025-07-11T07:37:33Z</time>
      </trkpt>
      <trkpt lat="47.725945" lon="20.14377">
        <ele>162.2</ele>
        <time>2025-07-11T07:37:34Z</time>
      </trkpt>
      <trkpt lat="47.72593333" lon="20.14347833">
        <ele>162.9</ele>
        <time>2025-07-11T07:37:35Z</time>
      </trkpt>
      <trkpt lat="47.72592333" lon="20.14318333">
        <ele>162.8</ele>
        <time>2025-07-11T07:37:36Z</time>
      </trkpt>
      <trkpt lat="47.72591167" lon="20.14289333">
        <ele>162.8</ele>
        <time>2025-07-11T07:37:37Z</time>
      </trkpt>
      <trkpt lat="47.72589833" lon="20.1426">
        <ele>162.6</ele>
        <time>2025-07-11T07:37:38Z</time>
      </trkpt>
      <trkpt lat="47.72588667" lon="20.142305">
        <ele>162.8</ele>
        <time>2025-07-11T07:37:39Z</time>
      </trkpt>
      <trkpt lat="47.72587333" lon="20.14200833">
        <ele>163</ele>
        <time>2025-07-11T07:37:40Z</time>
      </trkpt>
      <trkpt lat="47.72586333" lon="20.14171">
        <ele>162.7</ele>
        <time>2025-07-11T07:37:41Z</time>
      </trkpt>
      <trkpt lat="47.72585167" lon="20.14141333">
        <ele>161.7</ele>
        <time>2025-07-11T07:37:42Z</time>
      </trkpt>
      <trkpt lat="47.72583833" lon="20.14112333">
        <ele>160.3</ele>
        <time>2025-07-11T07:37:43Z</time>
      </trkpt>
      <trkpt lat="47.725825" lon="20.140825">
        <ele>160.1</ele>
        <time>2025-07-11T07:37:44Z</time>
      </trkpt>
      <trkpt lat="47.72580833" lon="20.14052667">
        <ele>159.9</ele>
        <time>2025-07-11T07:37:45Z</time>
      </trkpt>
      <trkpt lat="47.72579667" lon="20.14022833">
        <ele>160.1</ele>
        <time>2025-07-11T07:37:46Z</time>
      </trkpt>
      <trkpt lat="47.725785" lon="20.13993333">
        <ele>160.3</ele>
        <time>2025-07-11T07:37:47Z</time>
      </trkpt>
      <trkpt lat="47.72577667" lon="20.13963667">
        <ele>161.1</ele>
        <time>2025-07-11T07:37:48Z</time>
      </trkpt>
      <trkpt lat="47.72576667" lon="20.13934">
        <ele>161.9</ele>
        <time>2025-07-11T07:37:49Z</time>
      </trkpt>
      <trkpt lat="47.72575667" lon="20.13903833">
        <ele>162.4</ele>
        <time>2025-07-11T07:37:50Z</time>
      </trkpt>
      <trkpt lat="47.72574333" lon="20.13874167">
        <ele>161.9</ele>
        <time>2025-07-11T07:37:51Z</time>
      </trkpt>
      <trkpt lat="47.72572667" lon="20.13845">
        <ele>162.6</ele>
        <time>2025-07-11T07:37:52Z</time>
      </trkpt>
      <trkpt lat="47.725715" lon="20.13815667">
        <ele>162.6</ele>
        <time>2025-07-11T07:37:53Z</time>
      </trkpt>
      <trkpt lat="47.72570333" lon="20.13786333">
        <ele>162.7</ele>
        <time>2025-07-11T07:37:54Z</time>
      </trkpt>
      <trkpt lat="47.725695" lon="20.13756833">
        <ele>162.6</ele>
        <time>2025-07-11T07:37:55Z</time>
      </trkpt>
      <trkpt lat="47.72567833" lon="20.13727167">
        <ele>162.8</ele>
        <time>2025-07-11T07:37:56Z</time>
      </trkpt>
      <trkpt lat="47.72566833" lon="20.13698">
        <ele>162.6</ele>
        <time>2025-07-11T07:37:57Z</time>
      </trkpt>
      <trkpt lat="47.72565833" lon="20.136685">
        <ele>162.1</ele>
        <time>2025-07-11T07:37:58Z</time>
      </trkpt>
      <trkpt lat="47.72565" lon="20.13639">
        <ele>161.7</ele>
        <time>2025-07-11T07:37:59Z</time>
      </trkpt>
      <trkpt lat="47.72563833" lon="20.13609167">
        <ele>161.5</ele>
        <time>2025-07-11T07:38:00Z</time>
      </trkpt>
      <trkpt lat="47.72562167" lon="20.135795">
        <ele>161</ele>
        <time>2025-07-11T07:38:01Z</time>
      </trkpt>
      <trkpt lat="47.72561" lon="20.13549833">
        <ele>161.2</ele>
        <time>2025-07-11T07:38:02Z</time>
      </trkpt>
      <trkpt lat="47.725595" lon="20.13520167">
        <ele>161</ele>
        <time>2025-07-11T07:38:03Z</time>
      </trkpt>
      <trkpt lat="47.72557667" lon="20.13490667">
        <ele>160.3</ele>
        <time>2025-07-11T07:38:04Z</time>
      </trkpt>
      <trkpt lat="47.725565" lon="20.13461333">
        <ele>158.8</ele>
        <time>2025-07-11T07:38:05Z</time>
      </trkpt>
      <trkpt lat="47.72554667" lon="20.13429333">
        <ele>158.2</ele>
        <time>2025-07-11T07:38:06Z</time>
      </trkpt>
      <trkpt lat="47.72554167" lon="20.134005">
        <ele>159</ele>
        <time>2025-07-11T07:38:07Z</time>
      </trkpt>
      <trkpt lat="47.72553667" lon="20.13372167">
        <ele>159.5</ele>
        <time>2025-07-11T07:38:08Z</time>
      </trkpt>
      <trkpt lat="47.725525" lon="20.13342667">
        <ele>160</ele>
        <time>2025-07-11T07:38:09Z</time>
      </trkpt>
      <trkpt lat="47.72551333" lon="20.13313">
        <ele>160.1</ele>
        <time>2025-07-11T07:38:10Z</time>
      </trkpt>
      <trkpt lat="47.72550167" lon="20.13283167">
        <ele>160.6</ele>
        <time>2025-07-11T07:38:11Z</time>
      </trkpt>
      <trkpt lat="47.72548833" lon="20.13253167">
        <ele>161</ele>
        <time>2025-07-11T07:38:12Z</time>
      </trkpt>
      <trkpt lat="47.72546167" lon="20.13222">
        <ele>160.9</ele>
        <time>2025-07-11T07:38:13Z</time>
      </trkpt>
      <trkpt lat="47.72545" lon="20.131935">
        <ele>159.8</ele>
        <time>2025-07-11T07:38:14Z</time>
      </trkpt>
      <trkpt lat="47.72543667" lon="20.131645">
        <ele>156.8</ele>
        <time>2025-07-11T07:38:15Z</time>
      </trkpt>
      <trkpt lat="47.72542" lon="20.13134833">
        <ele>154.6</ele>
        <time>2025-07-11T07:38:16Z</time>
      </trkpt>
      <trkpt lat="47.725405" lon="20.13105">
        <ele>153.7</ele>
        <time>2025-07-11T07:38:17Z</time>
      </trkpt>
      <trkpt lat="47.7254" lon="20.13075833">
        <ele>153.7</ele>
        <time>2025-07-11T07:38:18Z</time>
      </trkpt>
      <trkpt lat="47.72539667" lon="20.13047">
        <ele>153.9</ele>
        <time>2025-07-11T07:38:19Z</time>
      </trkpt>
      <trkpt lat="47.72539" lon="20.13017">
        <ele>154.7</ele>
        <time>2025-07-11T07:38:20Z</time>
      </trkpt>
      <trkpt lat="47.72538" lon="20.129875">
        <ele>155.6</ele>
        <time>2025-07-11T07:38:21Z</time>
      </trkpt>
      <trkpt lat="47.72536667" lon="20.12958">
        <ele>155.8</ele>
        <time>2025-07-11T07:38:22Z</time>
      </trkpt>
      <trkpt lat="47.725355" lon="20.12928167">
        <ele>156.1</ele>
        <time>2025-07-11T07:38:23Z</time>
      </trkpt>
      <trkpt lat="47.72534167" lon="20.128985">
        <ele>156.2</ele>
        <time>2025-07-11T07:38:24Z</time>
      </trkpt>
      <trkpt lat="47.72532667" lon="20.12869167">
        <ele>156.3</ele>
        <time>2025-07-11T07:38:25Z</time>
      </trkpt>
      <trkpt lat="47.725315" lon="20.12839833">
        <ele>156.6</ele>
        <time>2025-07-11T07:38:26Z</time>
      </trkpt>
      <trkpt lat="47.72530167" lon="20.12810833">
        <ele>156.6</ele>
        <time>2025-07-11T07:38:27Z</time>
      </trkpt>
      <trkpt lat="47.72529" lon="20.12781667">
        <ele>156.8</ele>
        <time>2025-07-11T07:38:28Z</time>
      </trkpt>
      <trkpt lat="47.72527833" lon="20.12752333">
        <ele>156.8</ele>
        <time>2025-07-11T07:38:29Z</time>
      </trkpt>
      <trkpt lat="47.72526667" lon="20.12723">
        <ele>157.1</ele>
        <time>2025-07-11T07:38:30Z</time>
      </trkpt>
      <trkpt lat="47.72526" lon="20.12693333">
        <ele>157.5</ele>
        <time>2025-07-11T07:38:31Z</time>
      </trkpt>
      <trkpt lat="47.72524833" lon="20.12663833">
        <ele>158.1</ele>
        <time>2025-07-11T07:38:32Z</time>
      </trkpt>
      <trkpt lat="47.72524" lon="20.12635">
        <ele>158.7</ele>
        <time>2025-07-11T07:38:33Z</time>
      </trkpt>
      <trkpt lat="47.72522333" lon="20.126055">
        <ele>158.2</ele>
        <time>2025-07-11T07:38:34Z</time>
      </trkpt>
      <trkpt lat="47.72521" lon="20.12575667">
        <ele>157.5</ele>
        <time>2025-07-11T07:38:35Z</time>
      </trkpt>
      <trkpt lat="47.72519833" lon="20.125455">
        <ele>156.9</ele>
        <time>2025-07-11T07:38:36Z</time>
      </trkpt>
      <trkpt lat="47.72519" lon="20.12516">
        <ele>156.5</ele>
        <time>2025-07-11T07:38:37Z</time>
      </trkpt>
      <trkpt lat="47.725175" lon="20.12486167">
        <ele>156.4</ele>
        <time>2025-07-11T07:38:38Z</time>
      </trkpt>
      <trkpt lat="47.72516167" lon="20.12456833">
        <ele>156.2</ele>
        <time>2025-07-11T07:38:39Z</time>
      </trkpt>
      <trkpt lat="47.72514833" lon="20.12427333">
        <ele>155.8</ele>
        <time>2025-07-11T07:38:40Z</time>
      </trkpt>
      <trkpt lat="47.72514" lon="20.12398167">
        <ele>155.7</ele>
        <time>2025-07-11T07:38:41Z</time>
      </trkpt>
      <trkpt lat="47.72512833" lon="20.12369">
        <ele>155.8</ele>
        <time>2025-07-11T07:38:42Z</time>
      </trkpt>
      <trkpt lat="47.72511667" lon="20.12339667">
        <ele>155.8</ele>
        <time>2025-07-11T07:38:43Z</time>
      </trkpt>
      <trkpt lat="47.72510167" lon="20.123105">
        <ele>155.5</ele>
        <time>2025-07-11T07:38:44Z</time>
      </trkpt>
      <trkpt lat="47.72509333" lon="20.12281333">
        <ele>155.9</ele>
        <time>2025-07-11T07:38:45Z</time>
      </trkpt>
      <trkpt lat="47.72508" lon="20.12252">
        <ele>156</ele>
        <time>2025-07-11T07:38:46Z</time>
      </trkpt>
      <trkpt lat="47.72506667" lon="20.122225">
        <ele>155.3</ele>
        <time>2025-07-11T07:38:47Z</time>
      </trkpt>
      <trkpt lat="47.725055" lon="20.12192833">
        <ele>154.1</ele>
        <time>2025-07-11T07:38:48Z</time>
      </trkpt>
      <trkpt lat="47.72504667" lon="20.12163167">
        <ele>153.7</ele>
        <time>2025-07-11T07:38:49Z</time>
      </trkpt>
      <trkpt lat="47.72503333" lon="20.12133333">
        <ele>153.8</ele>
        <time>2025-07-11T07:38:50Z</time>
      </trkpt>
      <trkpt lat="47.72502333" lon="20.12103167">
        <ele>153.8</ele>
        <time>2025-07-11T07:38:51Z</time>
      </trkpt>
      <trkpt lat="47.72501333" lon="20.12074">
        <ele>153.3</ele>
        <time>2025-07-11T07:38:52Z</time>
      </trkpt>
      <trkpt lat="47.72500333" lon="20.12045">
        <ele>153.5</ele>
        <time>2025-07-11T07:38:53Z</time>
      </trkpt>
      <trkpt lat="47.72498833" lon="20.12015">
        <ele>153.2</ele>
        <time>2025-07-11T07:38:54Z</time>
      </trkpt>
      <trkpt lat="47.72497333" lon="20.11984833">
        <ele>152.4</ele>
        <time>2025-07-11T07:38:55Z</time>
      </trkpt>
      <trkpt lat="47.72496333" lon="20.11955167">
        <ele>151.5</ele>
        <time>2025-07-11T07:38:56Z</time>
      </trkpt>
      <trkpt lat="47.72495167" lon="20.11926167">
        <ele>151.1</ele>
        <time>2025-07-11T07:38:57Z</time>
      </trkpt>
      <trkpt lat="47.72494" lon="20.11897">
        <ele>151.2</ele>
        <time>2025-07-11T07:38:58Z</time>
      </trkpt>
      <trkpt lat="47.72492333" lon="20.11867833">
        <ele>151.4</ele>
        <time>2025-07-11T07:38:59Z</time>
      </trkpt>
      <trkpt lat="47.72491167" lon="20.11838167">
        <ele>151.7</ele>
        <time>2025-07-11T07:39:00Z</time>
      </trkpt>
      <trkpt lat="47.72490667" lon="20.11808333">
        <ele>153.1</ele>
        <time>2025-07-11T07:39:01Z</time>
      </trkpt>
      <trkpt lat="47.72489833" lon="20.11779167">
        <ele>153.5</ele>
        <time>2025-07-11T07:39:02Z</time>
      </trkpt>
      <trkpt lat="47.72488667" lon="20.11749833">
        <ele>154.4</ele>
        <time>2025-07-11T07:39:03Z</time>
      </trkpt>
      <trkpt lat="47.724875" lon="20.117205">
        <ele>155</ele>
        <time>2025-07-11T07:39:04Z</time>
      </trkpt>
      <trkpt lat="47.724855" lon="20.11690833">
        <ele>154.8</ele>
        <time>2025-07-11T07:39:05Z</time>
      </trkpt>
      <trkpt lat="47.72484" lon="20.11660833">
        <ele>154.5</ele>
        <time>2025-07-11T07:39:06Z</time>
      </trkpt>
      <trkpt lat="47.72482833" lon="20.11631833">
        <ele>154.6</ele>
        <time>2025-07-11T07:39:07Z</time>
      </trkpt>
      <trkpt lat="47.72481833" lon="20.11603333">
        <ele>154.2</ele>
        <time>2025-07-11T07:39:08Z</time>
      </trkpt>
      <trkpt lat="47.72480333" lon="20.115735">
        <ele>154.1</ele>
        <time>2025-07-11T07:39:09Z</time>
      </trkpt>
      <trkpt lat="47.72479167" lon="20.11544167">
        <ele>155.1</ele>
        <time>2025-07-11T07:39:10Z</time>
      </trkpt>
      <trkpt lat="47.72478" lon="20.11515">
        <ele>155.6</ele>
        <time>2025-07-11T07:39:11Z</time>
      </trkpt>
      <trkpt lat="47.724765" lon="20.11485333">
        <ele>156.7</ele>
        <time>2025-07-11T07:39:12Z</time>
      </trkpt>
      <trkpt lat="47.72475667" lon="20.11455">
        <ele>156.7</ele>
        <time>2025-07-11T07:39:13Z</time>
      </trkpt>
      <trkpt lat="47.724745" lon="20.114255">
        <ele>155.4</ele>
        <time>2025-07-11T07:39:14Z</time>
      </trkpt>
      <trkpt lat="47.72473167" lon="20.11397">
        <ele>154.5</ele>
        <time>2025-07-11T07:39:15Z</time>
      </trkpt>
      <trkpt lat="47.72471667" lon="20.11366833">
        <ele>154.1</ele>
        <time>2025-07-11T07:39:16Z</time>
      </trkpt>
      <trkpt lat="47.72471167" lon="20.11338333">
        <ele>154.3</ele>
        <time>2025-07-11T07:39:17Z</time>
      </trkpt>
      <trkpt lat="47.72469167" lon="20.113085">
        <ele>151.6</ele>
        <time>2025-07-11T07:39:18Z</time>
      </trkpt>
      <trkpt lat="47.72468" lon="20.112795">
        <ele>151.1</ele>
        <time>2025-07-11T07:39:19Z</time>
      </trkpt>
      <trkpt lat="47.72467" lon="20.1125">
        <ele>151.4</ele>
        <time>2025-07-11T07:39:20Z</time>
      </trkpt>
      <trkpt lat="47.724655" lon="20.112205">
        <ele>151.6</ele>
        <time>2025-07-11T07:39:21Z</time>
      </trkpt>
      <trkpt lat="47.72464" lon="20.11191">
        <ele>151.5</ele>
        <time>2025-07-11T07:39:22Z</time>
      </trkpt>
      <trkpt lat="47.72463167" lon="20.11161333">
        <ele>152.2</ele>
        <time>2025-07-11T07:39:23Z</time>
      </trkpt>
      <trkpt lat="47.72462" lon="20.11132167">
        <ele>152.6</ele>
        <time>2025-07-11T07:39:24Z</time>
      </trkpt>
      <trkpt lat="47.72460333" lon="20.11103">
        <ele>152.6</ele>
        <time>2025-07-11T07:39:25Z</time>
      </trkpt>
      <trkpt lat="47.72459833" lon="20.11073667">
        <ele>153.1</ele>
        <time>2025-07-11T07:39:26Z</time>
      </trkpt>
      <trkpt lat="47.72458667" lon="20.11044167">
        <ele>153.7</ele>
        <time>2025-07-11T07:39:27Z</time>
      </trkpt>
      <trkpt lat="47.72457833" lon="20.11015333">
        <ele>154.1</ele>
        <time>2025-07-11T07:39:28Z</time>
      </trkpt>
      <trkpt lat="47.724565" lon="20.10986333">
        <ele>154.3</ele>
        <time>2025-07-11T07:39:29Z</time>
      </trkpt>
      <trkpt lat="47.72455" lon="20.10957">
        <ele>154.2</ele>
        <time>2025-07-11T07:39:30Z</time>
      </trkpt>
      <trkpt lat="47.72453667" lon="20.109265">
        <ele>153.9</ele>
        <time>2025-07-11T07:39:31Z</time>
      </trkpt>
      <trkpt lat="47.72452333" lon="20.10897167">
        <ele>153.7</ele>
        <time>2025-07-11T07:39:32Z</time>
      </trkpt>
      <trkpt lat="47.72451" lon="20.10867667">
        <ele>154</ele>
        <time>2025-07-11T07:39:33Z</time>
      </trkpt>
      <trkpt lat="47.7245" lon="20.10838833">
        <ele>153.3</ele>
        <time>2025-07-11T07:39:34Z</time>
      </trkpt>
      <trkpt lat="47.72449" lon="20.1081">
        <ele>153.2</ele>
        <time>2025-07-11T07:39:35Z</time>
      </trkpt>
      <trkpt lat="47.72448" lon="20.10780667">
        <ele>153.1</ele>
        <time>2025-07-11T07:39:36Z</time>
      </trkpt>
      <trkpt lat="47.72446833" lon="20.10751833">
        <ele>153.8</ele>
        <time>2025-07-11T07:39:37Z</time>
      </trkpt>
      <trkpt lat="47.724455" lon="20.10724167">
        <ele>153.7</ele>
        <time>2025-07-11T07:39:38Z</time>
      </trkpt>
      <trkpt lat="47.72444333" lon="20.106975">
        <ele>154.2</ele>
        <time>2025-07-11T07:39:39Z</time>
      </trkpt>
      <trkpt lat="47.72443" lon="20.106715">
        <ele>154.4</ele>
        <time>2025-07-11T07:39:40Z</time>
      </trkpt>
      <trkpt lat="47.72441167" lon="20.10646833">
        <ele>153.5</ele>
        <time>2025-07-11T07:39:41Z</time>
      </trkpt>
      <trkpt lat="47.7244" lon="20.10622833">
        <ele>152.5</ele>
        <time>2025-07-11T07:39:42Z</time>
      </trkpt>
      <trkpt lat="47.72439" lon="20.105995">
        <ele>152.9</ele>
        <time>2025-07-11T07:39:43Z</time>
      </trkpt>
      <trkpt lat="47.72438" lon="20.10576167">
        <ele>153.4</ele>
        <time>2025-07-11T07:39:44Z</time>
      </trkpt>
      <trkpt lat="47.72437167" lon="20.10553833">
        <ele>153.5</ele>
        <time>2025-07-11T07:39:45Z</time>
      </trkpt>
      <trkpt lat="47.72436667" lon="20.10532167">
        <ele>154.1</ele>
        <time>2025-07-11T07:39:46Z</time>
      </trkpt>
      <trkpt lat="47.72435333" lon="20.10511">
        <ele>154.3</ele>
        <time>2025-07-11T07:39:47Z</time>
      </trkpt>
      <trkpt lat="47.72435" lon="20.10491">
        <ele>155</ele>
        <time>2025-07-11T07:39:48Z</time>
      </trkpt>
      <trkpt lat="47.72434167" lon="20.10471667">
        <ele>155.6</ele>
        <time>2025-07-11T07:39:49Z</time>
      </trkpt>
      <trkpt lat="47.724335" lon="20.104535">
        <ele>155.6</ele>
        <time>2025-07-11T07:39:50Z</time>
      </trkpt>
      <trkpt lat="47.72432833" lon="20.10435167">
        <ele>155.9</ele>
        <time>2025-07-11T07:39:51Z</time>
      </trkpt>
      <trkpt lat="47.72432333" lon="20.104175">
        <ele>156.3</ele>
        <time>2025-07-11T07:39:52Z</time>
      </trkpt>
      <trkpt lat="47.72432" lon="20.10401167">
        <ele>156.7</ele>
        <time>2025-07-11T07:39:53Z</time>
      </trkpt>
      <trkpt lat="47.724315" lon="20.103845">
        <ele>157.3</ele>
        <time>2025-07-11T07:39:54Z</time>
      </trkpt>
      <trkpt lat="47.72431333" lon="20.10369333">
        <ele>157.7</ele>
        <time>2025-07-11T07:39:55Z</time>
      </trkpt>
      <trkpt lat="47.72430667" lon="20.10354">
        <ele>157.8</ele>
        <time>2025-07-11T07:39:56Z</time>
      </trkpt>
      <trkpt lat="47.7243" lon="20.10338333">
        <ele>157.7</ele>
        <time>2025-07-11T07:39:57Z</time>
      </trkpt>
      <trkpt lat="47.724295" lon="20.10322667">
        <ele>157.6</ele>
        <time>2025-07-11T07:39:58Z</time>
      </trkpt>
      <trkpt lat="47.72428833" lon="20.10307667">
        <ele>157.8</ele>
        <time>2025-07-11T07:39:59Z</time>
      </trkpt>
      <trkpt lat="47.724285" lon="20.10293333">
        <ele>157.7</ele>
        <time>2025-07-11T07:40:00Z</time>
      </trkpt>
      <trkpt lat="47.72428" lon="20.10279167">
        <ele>158.1</ele>
        <time>2025-07-11T07:40:01Z</time>
      </trkpt>
      <trkpt lat="47.72427333" lon="20.10264833">
        <ele>158.1</ele>
        <time>2025-07-11T07:40:02Z</time>
      </trkpt>
      <trkpt lat="47.724265" lon="20.102505">
        <ele>157.8</ele>
        <time>2025-07-11T07:40:03Z</time>
      </trkpt>
      <trkpt lat="47.72426" lon="20.10236667">
        <ele>158</ele>
        <time>2025-07-11T07:40:04Z</time>
      </trkpt>
      <trkpt lat="47.72425333" lon="20.10223333">
        <ele>157.9</ele>
        <time>2025-07-11T07:40:05Z</time>
      </trkpt>
      <trkpt lat="47.724245" lon="20.10209667">
        <ele>158.4</ele>
        <time>2025-07-11T07:40:06Z</time>
      </trkpt>
      <trkpt lat="47.72424" lon="20.10196167">
        <ele>158.9</ele>
        <time>2025-07-11T07:40:07Z</time>
      </trkpt>
      <trkpt lat="47.724225" lon="20.10169833">
        <ele>158.4</ele>
        <time>2025-07-11T07:40:09Z</time>
      </trkpt>
      <trkpt lat="47.724215" lon="20.10155833">
        <ele>158</ele>
        <time>2025-07-11T07:40:10Z</time>
      </trkpt>
      <trkpt lat="47.72421" lon="20.10142">
        <ele>158.1</ele>
        <time>2025-07-11T07:40:11Z</time>
      </trkpt>
      <trkpt lat="47.72419833" lon="20.10115333">
        <ele>157.9</ele>
        <time>2025-07-11T07:40:13Z</time>
      </trkpt>
      <trkpt lat="47.724195" lon="20.10089333">
        <ele>158.6</ele>
        <time>2025-07-11T07:40:15Z</time>
      </trkpt>
      <trkpt lat="47.72419" lon="20.10063167">
        <ele>158.7</ele>
        <time>2025-07-11T07:40:17Z</time>
      </trkpt>
      <trkpt lat="47.72417667" lon="20.100375">
        <ele>158.1</ele>
        <time>2025-07-11T07:40:19Z</time>
      </trkpt>
      <trkpt lat="47.72416167" lon="20.10012">
        <ele>156.9</ele>
        <time>2025-07-11T07:40:21Z</time>
      </trkpt>
      <trkpt lat="47.72415667" lon="20.09986333">
        <ele>157.6</ele>
        <time>2025-07-11T07:40:23Z</time>
      </trkpt>
      <trkpt lat="47.72416" lon="20.09960833">
        <ele>158.2</ele>
        <time>2025-07-11T07:40:25Z</time>
      </trkpt>
      <trkpt lat="47.72415333" lon="20.09935333">
        <ele>158.7</ele>
        <time>2025-07-11T07:40:27Z</time>
      </trkpt>
      <trkpt lat="47.72414" lon="20.09909667">
        <ele>159.3</ele>
        <time>2025-07-11T07:40:29Z</time>
      </trkpt>
      <trkpt lat="47.72412833" lon="20.09884">
        <ele>159.6</ele>
        <time>2025-07-11T07:40:31Z</time>
      </trkpt>
      <trkpt lat="47.72412167" lon="20.09870667">
        <ele>159.6</ele>
        <time>2025-07-11T07:40:32Z</time>
      </trkpt>
      <trkpt lat="47.724105" lon="20.09845333">
        <ele>159.8</ele>
        <time>2025-07-11T07:40:34Z</time>
      </trkpt>
      <trkpt lat="47.72409167" lon="20.09819333">
        <ele>159.7</ele>
        <time>2025-07-11T07:40:36Z</time>
      </trkpt>
      <trkpt lat="47.72408167" lon="20.09794333">
        <ele>158.7</ele>
        <time>2025-07-11T07:40:38Z</time>
      </trkpt>
      <trkpt lat="47.72407167" lon="20.09767833">
        <ele>156.9</ele>
        <time>2025-07-11T07:40:40Z</time>
      </trkpt>
      <trkpt lat="47.724065" lon="20.097535">
        <ele>156.7</ele>
        <time>2025-07-11T07:40:41Z</time>
      </trkpt>
      <trkpt lat="47.72406" lon="20.09739">
        <ele>156.6</ele>
        <time>2025-07-11T07:40:42Z</time>
      </trkpt>
      <trkpt lat="47.724055" lon="20.09724167">
        <ele>157.3</ele>
        <time>2025-07-11T07:40:43Z</time>
      </trkpt>
      <trkpt lat="47.72405" lon="20.09709">
        <ele>157.1</ele>
        <time>2025-07-11T07:40:44Z</time>
      </trkpt>
      <trkpt lat="47.72404167" lon="20.09694">
        <ele>157.2</ele>
        <time>2025-07-11T07:40:45Z</time>
      </trkpt>
      <trkpt lat="47.72403333" lon="20.09677667">
        <ele>157.1</ele>
        <time>2025-07-11T07:40:46Z</time>
      </trkpt>
      <trkpt lat="47.72402667" lon="20.09659833">
        <ele>157.3</ele>
        <time>2025-07-11T07:40:47Z</time>
      </trkpt>
      <trkpt lat="47.72402" lon="20.096415">
        <ele>157.5</ele>
        <time>2025-07-11T07:40:48Z</time>
      </trkpt>
      <trkpt lat="47.72400667" lon="20.09622167">
        <ele>158.7</ele>
        <time>2025-07-11T07:40:49Z</time>
      </trkpt>
      <trkpt lat="47.72400167" lon="20.096035">
        <ele>158.7</ele>
        <time>2025-07-11T07:40:50Z</time>
      </trkpt>
      <trkpt lat="47.72399167" lon="20.09582667">
        <ele>158</ele>
        <time>2025-07-11T07:40:51Z</time>
      </trkpt>
      <trkpt lat="47.72397333" lon="20.09560667">
        <ele>157.2</ele>
        <time>2025-07-11T07:40:52Z</time>
      </trkpt>
      <trkpt lat="47.72396333" lon="20.09538833">
        <ele>156.6</ele>
        <time>2025-07-11T07:40:53Z</time>
      </trkpt>
      <trkpt lat="47.72395333" lon="20.09515667">
        <ele>155</ele>
        <time>2025-07-11T07:40:54Z</time>
      </trkpt>
      <trkpt lat="47.72395" lon="20.09492667">
        <ele>155.3</ele>
        <time>2025-07-11T07:40:55Z</time>
      </trkpt>
      <trkpt lat="47.72393667" lon="20.09467833">
        <ele>156</ele>
        <time>2025-07-11T07:40:56Z</time>
      </trkpt>
      <trkpt lat="47.72392167" lon="20.09442833">
        <ele>156</ele>
        <time>2025-07-11T07:40:57Z</time>
      </trkpt>
      <trkpt lat="47.72390667" lon="20.09417">
        <ele>156.1</ele>
        <time>2025-07-11T07:40:58Z</time>
      </trkpt>
      <trkpt lat="47.72389333" lon="20.09389667">
        <ele>156.4</ele>
        <time>2025-07-11T07:40:59Z</time>
      </trkpt>
      <trkpt lat="47.72388167" lon="20.09361333">
        <ele>157.4</ele>
        <time>2025-07-11T07:41:00Z</time>
      </trkpt>
      <trkpt lat="47.72386667" lon="20.093335">
        <ele>157.5</ele>
        <time>2025-07-11T07:41:01Z</time>
      </trkpt>
      <trkpt lat="47.72385333" lon="20.09305">
        <ele>157.5</ele>
        <time>2025-07-11T07:41:02Z</time>
      </trkpt>
      <trkpt lat="47.72384167" lon="20.09275333">
        <ele>157.4</ele>
        <time>2025-07-11T07:41:03Z</time>
      </trkpt>
      <trkpt lat="47.72383333" lon="20.09245">
        <ele>157.7</ele>
        <time>2025-07-11T07:41:04Z</time>
      </trkpt>
      <trkpt lat="47.72382167" lon="20.09214333">
        <ele>158.5</ele>
        <time>2025-07-11T07:41:05Z</time>
      </trkpt>
      <trkpt lat="47.72380833" lon="20.09183333">
        <ele>159</ele>
        <time>2025-07-11T07:41:06Z</time>
      </trkpt>
      <trkpt lat="47.72379333" lon="20.09151667">
        <ele>159.1</ele>
        <time>2025-07-11T07:41:07Z</time>
      </trkpt>
      <trkpt lat="47.72378333" lon="20.091195">
        <ele>159.6</ele>
        <time>2025-07-11T07:41:08Z</time>
      </trkpt>
      <trkpt lat="47.72376667" lon="20.09087167">
        <ele>159</ele>
        <time>2025-07-11T07:41:09Z</time>
      </trkpt>
      <trkpt lat="47.72375333" lon="20.09055167">
        <ele>158.6</ele>
        <time>2025-07-11T07:41:10Z</time>
      </trkpt>
      <trkpt lat="47.72374" lon="20.09022667">
        <ele>158.3</ele>
        <time>2025-07-11T07:41:11Z</time>
      </trkpt>
      <trkpt lat="47.72373" lon="20.08989667">
        <ele>158.3</ele>
        <time>2025-07-11T07:41:12Z</time>
      </trkpt>
      <trkpt lat="47.72372" lon="20.08956333">
        <ele>158.8</ele>
        <time>2025-07-11T07:41:13Z</time>
      </trkpt>
      <trkpt lat="47.72370833" lon="20.08923">
        <ele>159.1</ele>
        <time>2025-07-11T07:41:14Z</time>
      </trkpt>
      <trkpt lat="47.72369333" lon="20.08890333">
        <ele>158.9</ele>
        <time>2025-07-11T07:41:15Z</time>
      </trkpt>
      <trkpt lat="47.723685" lon="20.08857">
        <ele>158.8</ele>
        <time>2025-07-11T07:41:16Z</time>
      </trkpt>
      <trkpt lat="47.72367" lon="20.08823333">
        <ele>158.2</ele>
        <time>2025-07-11T07:41:17Z</time>
      </trkpt>
      <trkpt lat="47.723655" lon="20.08789833">
        <ele>157.7</ele>
        <time>2025-07-11T07:41:18Z</time>
      </trkpt>
      <trkpt lat="47.72364333" lon="20.08756">
        <ele>156.6</ele>
        <time>2025-07-11T07:41:19Z</time>
      </trkpt>
      <trkpt lat="47.72363667" lon="20.08723333">
        <ele>156.3</ele>
        <time>2025-07-11T07:41:20Z</time>
      </trkpt>
      <trkpt lat="47.72362167" lon="20.08690333">
        <ele>155.5</ele>
        <time>2025-07-11T07:41:21Z</time>
      </trkpt>
      <trkpt lat="47.72360833" lon="20.08657">
        <ele>155</ele>
        <time>2025-07-11T07:41:22Z</time>
      </trkpt>
      <trkpt lat="47.7236" lon="20.08623333">
        <ele>155.4</ele>
        <time>2025-07-11T07:41:23Z</time>
      </trkpt>
      <trkpt lat="47.72358167" lon="20.08590333">
        <ele>155.2</ele>
        <time>2025-07-11T07:41:24Z</time>
      </trkpt>
      <trkpt lat="47.72357167" lon="20.085565">
        <ele>155.9</ele>
        <time>2025-07-11T07:41:25Z</time>
      </trkpt>
      <trkpt lat="47.72356" lon="20.08523167">
        <ele>156.1</ele>
        <time>2025-07-11T07:41:26Z</time>
      </trkpt>
      <trkpt lat="47.72355" lon="20.08490333">
        <ele>156.3</ele>
        <time>2025-07-11T07:41:27Z</time>
      </trkpt>
      <trkpt lat="47.72354167" lon="20.08457667">
        <ele>155.8</ele>
        <time>2025-07-11T07:41:28Z</time>
      </trkpt>
      <trkpt lat="47.72352333" lon="20.08424667">
        <ele>156.2</ele>
        <time>2025-07-11T07:41:29Z</time>
      </trkpt>
      <trkpt lat="47.72350667" lon="20.08392167">
        <ele>156.2</ele>
        <time>2025-07-11T07:41:30Z</time>
      </trkpt>
      <trkpt lat="47.72349" lon="20.08359">
        <ele>156.7</ele>
        <time>2025-07-11T07:41:31Z</time>
      </trkpt>
      <trkpt lat="47.72348333" lon="20.083265">
        <ele>156.4</ele>
        <time>2025-07-11T07:41:32Z</time>
      </trkpt>
      <trkpt lat="47.72346833" lon="20.082935">
        <ele>156.4</ele>
        <time>2025-07-11T07:41:33Z</time>
      </trkpt>
      <trkpt lat="47.72345833" lon="20.08259833">
        <ele>156.3</ele>
        <time>2025-07-11T07:41:34Z</time>
      </trkpt>
      <trkpt lat="47.72344333" lon="20.08225333">
        <ele>155.6</ele>
        <time>2025-07-11T07:41:35Z</time>
      </trkpt>
      <trkpt lat="47.72343333" lon="20.08192167">
        <ele>155.5</ele>
        <time>2025-07-11T07:41:36Z</time>
      </trkpt>
      <trkpt lat="47.72342667" lon="20.08159667">
        <ele>155.4</ele>
        <time>2025-07-11T07:41:37Z</time>
      </trkpt>
      <trkpt lat="47.72340833" lon="20.08126833">
        <ele>156.4</ele>
        <time>2025-07-11T07:41:38Z</time>
      </trkpt>
      <trkpt lat="47.723395" lon="20.08093833">
        <ele>159.1</ele>
        <time>2025-07-11T07:41:39Z</time>
      </trkpt>
      <trkpt lat="47.72338167" lon="20.08060333">
        <ele>160.1</ele>
        <time>2025-07-11T07:41:40Z</time>
      </trkpt>
      <trkpt lat="47.72336667" lon="20.08027333">
        <ele>160.4</ele>
        <time>2025-07-11T07:41:41Z</time>
      </trkpt>
      <trkpt lat="47.72335333" lon="20.07994167">
        <ele>160.3</ele>
        <time>2025-07-11T07:41:42Z</time>
      </trkpt>
      <trkpt lat="47.72334" lon="20.07961333">
        <ele>159.7</ele>
        <time>2025-07-11T07:41:43Z</time>
      </trkpt>
      <trkpt lat="47.72332333" lon="20.07928333">
        <ele>160.1</ele>
        <time>2025-07-11T07:41:44Z</time>
      </trkpt>
      <trkpt lat="47.72331" lon="20.07895">
        <ele>160.3</ele>
        <time>2025-07-11T07:41:45Z</time>
      </trkpt>
      <trkpt lat="47.72329833" lon="20.07861667">
        <ele>161.3</ele>
        <time>2025-07-11T07:41:46Z</time>
      </trkpt>
      <trkpt lat="47.72328167" lon="20.07827667">
        <ele>161</ele>
        <time>2025-07-11T07:41:47Z</time>
      </trkpt>
      <trkpt lat="47.723265" lon="20.07794667">
        <ele>160.7</ele>
        <time>2025-07-11T07:41:48Z</time>
      </trkpt>
      <trkpt lat="47.72325" lon="20.07761667">
        <ele>160.2</ele>
        <time>2025-07-11T07:41:49Z</time>
      </trkpt>
      <trkpt lat="47.723235" lon="20.07728333">
        <ele>160</ele>
        <time>2025-07-11T07:41:50Z</time>
      </trkpt>
      <trkpt lat="47.723225" lon="20.07695667">
        <ele>159.4</ele>
        <time>2025-07-11T07:41:51Z</time>
      </trkpt>
      <trkpt lat="47.72321333" lon="20.07662333">
        <ele>159.4</ele>
        <time>2025-07-11T07:41:52Z</time>
      </trkpt>
      <trkpt lat="47.72319833" lon="20.07629333">
        <ele>159.7</ele>
        <time>2025-07-11T07:41:53Z</time>
      </trkpt>
      <trkpt lat="47.72318333" lon="20.07596167">
        <ele>159.8</ele>
        <time>2025-07-11T07:41:54Z</time>
      </trkpt>
      <trkpt lat="47.72317" lon="20.07562667">
        <ele>160.2</ele>
        <time>2025-07-11T07:41:55Z</time>
      </trkpt>
      <trkpt lat="47.72315833" lon="20.07529667">
        <ele>160.4</ele>
        <time>2025-07-11T07:41:56Z</time>
      </trkpt>
      <trkpt lat="47.72314667" lon="20.074965">
        <ele>160.8</ele>
        <time>2025-07-11T07:41:57Z</time>
      </trkpt>
      <trkpt lat="47.72312833" lon="20.074625">
        <ele>161.7</ele>
        <time>2025-07-11T07:41:58Z</time>
      </trkpt>
      <trkpt lat="47.72311667" lon="20.07428667">
        <ele>162.7</ele>
        <time>2025-07-11T07:41:59Z</time>
      </trkpt>
      <trkpt lat="47.72310333" lon="20.07395833">
        <ele>162.5</ele>
        <time>2025-07-11T07:42:00Z</time>
      </trkpt>
      <trkpt lat="47.72309" lon="20.07362333">
        <ele>162.5</ele>
        <time>2025-07-11T07:42:01Z</time>
      </trkpt>
      <trkpt lat="47.72307667" lon="20.07329">
        <ele>162.9</ele>
        <time>2025-07-11T07:42:02Z</time>
      </trkpt>
      <trkpt lat="47.72306167" lon="20.07296333">
        <ele>162.9</ele>
        <time>2025-07-11T07:42:03Z</time>
      </trkpt>
      <trkpt lat="47.72305167" lon="20.07262667">
        <ele>163</ele>
        <time>2025-07-11T07:42:04Z</time>
      </trkpt>
      <trkpt lat="47.72304167" lon="20.072285">
        <ele>163.2</ele>
        <time>2025-07-11T07:42:05Z</time>
      </trkpt>
      <trkpt lat="47.72303167" lon="20.07195667">
        <ele>163.2</ele>
        <time>2025-07-11T07:42:06Z</time>
      </trkpt>
      <trkpt lat="47.72302" lon="20.07162167">
        <ele>163.7</ele>
        <time>2025-07-11T07:42:07Z</time>
      </trkpt>
      <trkpt lat="47.723005" lon="20.07128333">
        <ele>163.4</ele>
        <time>2025-07-11T07:42:08Z</time>
      </trkpt>
      <trkpt lat="47.72298833" lon="20.07093667">
        <ele>163.3</ele>
        <time>2025-07-11T07:42:09Z</time>
      </trkpt>
      <trkpt lat="47.722975" lon="20.070595">
        <ele>163</ele>
        <time>2025-07-11T07:42:10Z</time>
      </trkpt>
      <trkpt lat="47.72296333" lon="20.07025667">
        <ele>162.9</ele>
        <time>2025-07-11T07:42:11Z</time>
      </trkpt>
      <trkpt lat="47.722945" lon="20.06992167">
        <ele>162.8</ele>
        <time>2025-07-11T07:42:12Z</time>
      </trkpt>
      <trkpt lat="47.72293667" lon="20.06958333">
        <ele>162</ele>
        <time>2025-07-11T07:42:13Z</time>
      </trkpt>
      <trkpt lat="47.72293" lon="20.06924667">
        <ele>162.1</ele>
        <time>2025-07-11T07:42:14Z</time>
      </trkpt>
      <trkpt lat="47.722925" lon="20.06891">
        <ele>162.5</ele>
        <time>2025-07-11T07:42:15Z</time>
      </trkpt>
      <trkpt lat="47.72290667" lon="20.06859">
        <ele>163.2</ele>
        <time>2025-07-11T07:42:16Z</time>
      </trkpt>
      <trkpt lat="47.72289" lon="20.06825667">
        <ele>163.5</ele>
        <time>2025-07-11T07:42:17Z</time>
      </trkpt>
      <trkpt lat="47.72286833" lon="20.06792333">
        <ele>163.5</ele>
        <time>2025-07-11T07:42:18Z</time>
      </trkpt>
      <trkpt lat="47.72284333" lon="20.06759167">
        <ele>163.6</ele>
        <time>2025-07-11T07:42:19Z</time>
      </trkpt>
      <trkpt lat="47.722815" lon="20.06726833">
        <ele>163.1</ele>
        <time>2025-07-11T07:42:20Z</time>
      </trkpt>
      <trkpt lat="47.72278833" lon="20.066945">
        <ele>162.3</ele>
        <time>2025-07-11T07:42:21Z</time>
      </trkpt>
      <trkpt lat="47.72276167" lon="20.06661333">
        <ele>161.7</ele>
        <time>2025-07-11T07:42:22Z</time>
      </trkpt>
      <trkpt lat="47.72272333" lon="20.06629167">
        <ele>161.3</ele>
        <time>2025-07-11T07:42:23Z</time>
      </trkpt>
      <trkpt lat="47.72269" lon="20.06596333">
        <ele>160.3</ele>
        <time>2025-07-11T07:42:24Z</time>
      </trkpt>
      <trkpt lat="47.72265" lon="20.06563333">
        <ele>159.3</ele>
        <time>2025-07-11T07:42:25Z</time>
      </trkpt>
      <trkpt lat="47.72260833" lon="20.06530333">
        <ele>158.8</ele>
        <time>2025-07-11T07:42:26Z</time>
      </trkpt>
      <trkpt lat="47.72256667" lon="20.06497">
        <ele>158.6</ele>
        <time>2025-07-11T07:42:27Z</time>
      </trkpt>
      <trkpt lat="47.72252833" lon="20.06464667">
        <ele>158.9</ele>
        <time>2025-07-11T07:42:28Z</time>
      </trkpt>
      <trkpt lat="47.72247167" lon="20.06432333">
        <ele>158.4</ele>
        <time>2025-07-11T07:42:29Z</time>
      </trkpt>
      <trkpt lat="47.72241667" lon="20.06399333">
        <ele>159.2</ele>
        <time>2025-07-11T07:42:30Z</time>
      </trkpt>
      <trkpt lat="47.72236333" lon="20.06367167">
        <ele>159.5</ele>
        <time>2025-07-11T07:42:31Z</time>
      </trkpt>
      <trkpt lat="47.72230833" lon="20.06335667">
        <ele>161</ele>
        <time>2025-07-11T07:42:32Z</time>
      </trkpt>
      <trkpt lat="47.72225333" lon="20.063035">
        <ele>161.5</ele>
        <time>2025-07-11T07:42:33Z</time>
      </trkpt>
      <trkpt lat="47.72219" lon="20.06272333">
        <ele>160.5</ele>
        <time>2025-07-11T07:42:34Z</time>
      </trkpt>
      <trkpt lat="47.722125" lon="20.062405">
        <ele>159.3</ele>
        <time>2025-07-11T07:42:35Z</time>
      </trkpt>
      <trkpt lat="47.72206333" lon="20.06209333">
        <ele>159.4</ele>
        <time>2025-07-11T07:42:36Z</time>
      </trkpt>
      <trkpt lat="47.72200667" lon="20.06178833">
        <ele>160.5</ele>
        <time>2025-07-11T07:42:37Z</time>
      </trkpt>
      <trkpt lat="47.72193" lon="20.06148333">
        <ele>163.1</ele>
        <time>2025-07-11T07:42:38Z</time>
      </trkpt>
      <trkpt lat="47.72185333" lon="20.06115167">
        <ele>159.7</ele>
        <time>2025-07-11T07:42:39Z</time>
      </trkpt>
      <trkpt lat="47.72177333" lon="20.06083">
        <ele>161.7</ele>
        <time>2025-07-11T07:42:40Z</time>
      </trkpt>
      <trkpt lat="47.72166833" lon="20.06052333">
        <ele>164.6</ele>
        <time>2025-07-11T07:42:41Z</time>
      </trkpt>
      <trkpt lat="47.72156167" lon="20.0602">
        <ele>164.3</ele>
        <time>2025-07-11T07:42:42Z</time>
      </trkpt>
      <trkpt lat="47.721485" lon="20.05989167">
        <ele>165</ele>
        <time>2025-07-11T07:42:43Z</time>
      </trkpt>
      <trkpt lat="47.72140333" lon="20.05958667">
        <ele>165.5</ele>
        <time>2025-07-11T07:42:44Z</time>
      </trkpt>
      <trkpt lat="47.721315" lon="20.05927833">
        <ele>165.9</ele>
        <time>2025-07-11T07:42:45Z</time>
      </trkpt>
      <trkpt lat="47.721225" lon="20.05897167">
        <ele>166.7</ele>
        <time>2025-07-11T07:42:46Z</time>
      </trkpt>
      <trkpt lat="47.72113667" lon="20.05867">
        <ele>167.3</ele>
        <time>2025-07-11T07:42:47Z</time>
      </trkpt>
      <trkpt lat="47.72105167" lon="20.058365">
        <ele>167.5</ele>
        <time>2025-07-11T07:42:48Z</time>
      </trkpt>
      <trkpt lat="47.72096333" lon="20.05806">
        <ele>166.3</ele>
        <time>2025-07-11T07:42:49Z</time>
      </trkpt>
      <trkpt lat="47.72087833" lon="20.05775167">
        <ele>165.4</ele>
        <time>2025-07-11T07:42:50Z</time>
      </trkpt>
      <trkpt lat="47.72079833" lon="20.05745167">
        <ele>165.1</ele>
        <time>2025-07-11T07:42:51Z</time>
      </trkpt>
      <trkpt lat="47.72071167" lon="20.05715167">
        <ele>164.7</ele>
        <time>2025-07-11T07:42:52Z</time>
      </trkpt>
      <trkpt lat="47.72061667" lon="20.05683667">
        <ele>164.7</ele>
        <time>2025-07-11T07:42:53Z</time>
      </trkpt>
      <trkpt lat="47.72053" lon="20.05653">
        <ele>163.9</ele>
        <time>2025-07-11T07:42:54Z</time>
      </trkpt>
      <trkpt lat="47.72043667" lon="20.05622">
        <ele>163.8</ele>
        <time>2025-07-11T07:42:55Z</time>
      </trkpt>
      <trkpt lat="47.72035" lon="20.055915">
        <ele>164.4</ele>
        <time>2025-07-11T07:42:56Z</time>
      </trkpt>
      <trkpt lat="47.72025333" lon="20.05561333">
        <ele>165.3</ele>
        <time>2025-07-11T07:42:57Z</time>
      </trkpt>
      <trkpt lat="47.72016" lon="20.05531833">
        <ele>165.7</ele>
        <time>2025-07-11T07:42:58Z</time>
      </trkpt>
      <trkpt lat="47.72007" lon="20.05501">
        <ele>166.1</ele>
        <time>2025-07-11T07:42:59Z</time>
      </trkpt>
      <trkpt lat="47.71998" lon="20.05470667">
        <ele>166.6</ele>
        <time>2025-07-11T07:43:00Z</time>
      </trkpt>
      <trkpt lat="47.71989667" lon="20.05440167">
        <ele>167.8</ele>
        <time>2025-07-11T07:43:01Z</time>
      </trkpt>
      <trkpt lat="47.71981333" lon="20.05409667">
        <ele>168.7</ele>
        <time>2025-07-11T07:43:02Z</time>
      </trkpt>
      <trkpt lat="47.71972333" lon="20.05380167">
        <ele>168.6</ele>
        <time>2025-07-11T07:43:03Z</time>
      </trkpt>
      <trkpt lat="47.71962833" lon="20.05349333">
        <ele>168.1</ele>
        <time>2025-07-11T07:43:04Z</time>
      </trkpt>
      <trkpt lat="47.71954" lon="20.05319167">
        <ele>168.5</ele>
        <time>2025-07-11T07:43:05Z</time>
      </trkpt>
      <trkpt lat="47.71944833" lon="20.052885">
        <ele>168.8</ele>
        <time>2025-07-11T07:43:06Z</time>
      </trkpt>
      <trkpt lat="47.71935833" lon="20.052575">
        <ele>169.3</ele>
        <time>2025-07-11T07:43:07Z</time>
      </trkpt>
      <trkpt lat="47.719265" lon="20.05226833">
        <ele>169.5</ele>
        <time>2025-07-11T07:43:08Z</time>
      </trkpt>
      <trkpt lat="47.71917333" lon="20.05196833">
        <ele>168.8</ele>
        <time>2025-07-11T07:43:09Z</time>
      </trkpt>
      <trkpt lat="47.71908167" lon="20.05166">
        <ele>169.7</ele>
        <time>2025-07-11T07:43:10Z</time>
      </trkpt>
      <trkpt lat="47.71899167" lon="20.05135333">
        <ele>170</ele>
        <time>2025-07-11T07:43:11Z</time>
      </trkpt>
      <trkpt lat="47.71890333" lon="20.051055">
        <ele>168.9</ele>
        <time>2025-07-11T07:43:12Z</time>
      </trkpt>
      <trkpt lat="47.71881333" lon="20.05074833">
        <ele>168.3</ele>
        <time>2025-07-11T07:43:13Z</time>
      </trkpt>
      <trkpt lat="47.718725" lon="20.05044333">
        <ele>168.2</ele>
        <time>2025-07-11T07:43:14Z</time>
      </trkpt>
      <trkpt lat="47.71863167" lon="20.05013333">
        <ele>168.2</ele>
        <time>2025-07-11T07:43:15Z</time>
      </trkpt>
      <trkpt lat="47.718535" lon="20.04982833">
        <ele>166.7</ele>
        <time>2025-07-11T07:43:16Z</time>
      </trkpt>
      <trkpt lat="47.71844833" lon="20.04952333">
        <ele>165.9</ele>
        <time>2025-07-11T07:43:17Z</time>
      </trkpt>
      <trkpt lat="47.71836" lon="20.04921333">
        <ele>165.2</ele>
        <time>2025-07-11T07:43:18Z</time>
      </trkpt>
      <trkpt lat="47.71827167" lon="20.048915">
        <ele>163.8</ele>
        <time>2025-07-11T07:43:19Z</time>
      </trkpt>
      <trkpt lat="47.71819" lon="20.04861333">
        <ele>163.5</ele>
        <time>2025-07-11T07:43:20Z</time>
      </trkpt>
      <trkpt lat="47.71810333" lon="20.048315">
        <ele>163.2</ele>
        <time>2025-07-11T07:43:21Z</time>
      </trkpt>
      <trkpt lat="47.71800833" lon="20.04800833">
        <ele>163</ele>
        <time>2025-07-11T07:43:22Z</time>
      </trkpt>
      <trkpt lat="47.71792" lon="20.04770333">
        <ele>162.9</ele>
        <time>2025-07-11T07:43:23Z</time>
      </trkpt>
      <trkpt lat="47.71783" lon="20.04739833">
        <ele>162.6</ele>
        <time>2025-07-11T07:43:24Z</time>
      </trkpt>
      <trkpt lat="47.717735" lon="20.04709333">
        <ele>161.9</ele>
        <time>2025-07-11T07:43:25Z</time>
      </trkpt>
      <trkpt lat="47.71765" lon="20.04678">
        <ele>161.3</ele>
        <time>2025-07-11T07:43:26Z</time>
      </trkpt>
      <trkpt lat="47.717565" lon="20.04647667">
        <ele>160.8</ele>
        <time>2025-07-11T07:43:27Z</time>
      </trkpt>
      <trkpt lat="47.71747833" lon="20.04617">
        <ele>160.6</ele>
        <time>2025-07-11T07:43:28Z</time>
      </trkpt>
      <trkpt lat="47.71739333" lon="20.04586333">
        <ele>160.4</ele>
        <time>2025-07-11T07:43:29Z</time>
      </trkpt>
      <trkpt lat="47.7173" lon="20.04555167">
        <ele>160</ele>
        <time>2025-07-11T07:43:30Z</time>
      </trkpt>
      <trkpt lat="47.71721333" lon="20.04526">
        <ele>160.4</ele>
        <time>2025-07-11T07:43:31Z</time>
      </trkpt>
      <trkpt lat="47.71713" lon="20.04495667">
        <ele>160.1</ele>
        <time>2025-07-11T07:43:32Z</time>
      </trkpt>
      <trkpt lat="47.71704" lon="20.044655">
        <ele>160</ele>
        <time>2025-07-11T07:43:33Z</time>
      </trkpt>
      <trkpt lat="47.71694667" lon="20.04435333">
        <ele>159.4</ele>
        <time>2025-07-11T07:43:34Z</time>
      </trkpt>
      <trkpt lat="47.71685667" lon="20.044035">
        <ele>160.2</ele>
        <time>2025-07-11T07:43:35Z</time>
      </trkpt>
      <trkpt lat="47.71676" lon="20.04372667">
        <ele>160.4</ele>
        <time>2025-07-11T07:43:36Z</time>
      </trkpt>
      <trkpt lat="47.71667" lon="20.04342667">
        <ele>160</ele>
        <time>2025-07-11T07:43:37Z</time>
      </trkpt>
      <trkpt lat="47.716575" lon="20.04312667">
        <ele>159.5</ele>
        <time>2025-07-11T07:43:38Z</time>
      </trkpt>
      <trkpt lat="47.71648167" lon="20.04282">
        <ele>159.6</ele>
        <time>2025-07-11T07:43:39Z</time>
      </trkpt>
      <trkpt lat="47.716395" lon="20.04251">
        <ele>159.4</ele>
        <time>2025-07-11T07:43:40Z</time>
      </trkpt>
      <trkpt lat="47.71630333" lon="20.04221333">
        <ele>159.9</ele>
        <time>2025-07-11T07:43:41Z</time>
      </trkpt>
      <trkpt lat="47.71621333" lon="20.04190667">
        <ele>159.9</ele>
        <time>2025-07-11T07:43:42Z</time>
      </trkpt>
      <trkpt lat="47.71612167" lon="20.04159667">
        <ele>158.7</ele>
        <time>2025-07-11T07:43:43Z</time>
      </trkpt>
      <trkpt lat="47.71603667" lon="20.04129167">
        <ele>158.4</ele>
        <time>2025-07-11T07:43:44Z</time>
      </trkpt>
      <trkpt lat="47.71595167" lon="20.04099">
        <ele>158.9</ele>
        <time>2025-07-11T07:43:45Z</time>
      </trkpt>
      <trkpt lat="47.71586333" lon="20.04068667">
        <ele>159.2</ele>
        <time>2025-07-11T07:43:46Z</time>
      </trkpt>
      <trkpt lat="47.71578333" lon="20.04038667">
        <ele>160.9</ele>
        <time>2025-07-11T07:43:47Z</time>
      </trkpt>
      <trkpt lat="47.71569667" lon="20.04008333">
        <ele>161.2</ele>
        <time>2025-07-11T07:43:48Z</time>
      </trkpt>
      <trkpt lat="47.71561167" lon="20.03978">
        <ele>161.3</ele>
        <time>2025-07-11T07:43:49Z</time>
      </trkpt>
      <trkpt lat="47.71552333" lon="20.03947833">
        <ele>161.1</ele>
        <time>2025-07-11T07:43:50Z</time>
      </trkpt>
      <trkpt lat="47.71543167" lon="20.03917333">
        <ele>160.7</ele>
        <time>2025-07-11T07:43:51Z</time>
      </trkpt>
      <trkpt lat="47.71533833" lon="20.03887333">
        <ele>160.9</ele>
        <time>2025-07-11T07:43:52Z</time>
      </trkpt>
      <trkpt lat="47.715245" lon="20.03857167">
        <ele>161.5</ele>
        <time>2025-07-11T07:43:53Z</time>
      </trkpt>
      <trkpt lat="47.71515333" lon="20.038265">
        <ele>161.7</ele>
        <time>2025-07-11T07:43:54Z</time>
      </trkpt>
      <trkpt lat="47.71506" lon="20.03796">
        <ele>161.3</ele>
        <time>2025-07-11T07:43:55Z</time>
      </trkpt>
      <trkpt lat="47.71496167" lon="20.037655">
        <ele>160.9</ele>
        <time>2025-07-11T07:43:56Z</time>
      </trkpt>
      <trkpt lat="47.71487167" lon="20.03734667">
        <ele>161.1</ele>
        <time>2025-07-11T07:43:57Z</time>
      </trkpt>
      <trkpt lat="47.71478333" lon="20.03704">
        <ele>161.7</ele>
        <time>2025-07-11T07:43:58Z</time>
      </trkpt>
      <trkpt lat="47.71469833" lon="20.036735">
        <ele>162.4</ele>
        <time>2025-07-11T07:43:59Z</time>
      </trkpt>
      <trkpt lat="47.71460833" lon="20.036435">
        <ele>163.2</ele>
        <time>2025-07-11T07:44:00Z</time>
      </trkpt>
      <trkpt lat="47.71451333" lon="20.036125">
        <ele>162.2</ele>
        <time>2025-07-11T07:44:01Z</time>
      </trkpt>
      <trkpt lat="47.71442333" lon="20.03582">
        <ele>162.4</ele>
        <time>2025-07-11T07:44:02Z</time>
      </trkpt>
      <trkpt lat="47.71432833" lon="20.035515">
        <ele>163</ele>
        <time>2025-07-11T07:44:03Z</time>
      </trkpt>
      <trkpt lat="47.71423667" lon="20.03521">
        <ele>163.1</ele>
        <time>2025-07-11T07:44:04Z</time>
      </trkpt>
      <trkpt lat="47.714145" lon="20.0349">
        <ele>161.8</ele>
        <time>2025-07-11T07:44:05Z</time>
      </trkpt>
      <trkpt lat="47.71405333" lon="20.03459">
        <ele>161.4</ele>
        <time>2025-07-11T07:44:06Z</time>
      </trkpt>
      <trkpt lat="47.713965" lon="20.03427833">
        <ele>160.9</ele>
        <time>2025-07-11T07:44:07Z</time>
      </trkpt>
      <trkpt lat="47.713875" lon="20.03397">
        <ele>160.5</ele>
        <time>2025-07-11T07:44:08Z</time>
      </trkpt>
      <trkpt lat="47.71378667" lon="20.03366333">
        <ele>160.1</ele>
        <time>2025-07-11T07:44:09Z</time>
      </trkpt>
      <trkpt lat="47.71370333" lon="20.03335333">
        <ele>160.2</ele>
        <time>2025-07-11T07:44:10Z</time>
      </trkpt>
      <trkpt lat="47.71362" lon="20.03304833">
        <ele>160.8</ele>
        <time>2025-07-11T07:44:11Z</time>
      </trkpt>
      <trkpt lat="47.71352667" lon="20.03275">
        <ele>161.1</ele>
        <time>2025-07-11T07:44:12Z</time>
      </trkpt>
      <trkpt lat="47.71343833" lon="20.03244667">
        <ele>162</ele>
        <time>2025-07-11T07:44:13Z</time>
      </trkpt>
      <trkpt lat="47.71335167" lon="20.03214">
        <ele>164</ele>
        <time>2025-07-11T07:44:14Z</time>
      </trkpt>
      <trkpt lat="47.71326333" lon="20.03184333">
        <ele>164.9</ele>
        <time>2025-07-11T07:44:15Z</time>
      </trkpt>
      <trkpt lat="47.71317833" lon="20.031545">
        <ele>165.6</ele>
        <time>2025-07-11T07:44:16Z</time>
      </trkpt>
      <trkpt lat="47.71309" lon="20.031245">
        <ele>165.9</ele>
        <time>2025-07-11T07:44:17Z</time>
      </trkpt>
      <trkpt lat="47.713" lon="20.03094">
        <ele>165.4</ele>
        <time>2025-07-11T07:44:18Z</time>
      </trkpt>
      <trkpt lat="47.712905" lon="20.03063833">
        <ele>164</ele>
        <time>2025-07-11T07:44:19Z</time>
      </trkpt>
      <trkpt lat="47.71281667" lon="20.03032833">
        <ele>162.9</ele>
        <time>2025-07-11T07:44:20Z</time>
      </trkpt>
      <trkpt lat="47.71273167" lon="20.03001833">
        <ele>161.4</ele>
        <time>2025-07-11T07:44:21Z</time>
      </trkpt>
      <trkpt lat="47.71264333" lon="20.02970667">
        <ele>161.5</ele>
        <time>2025-07-11T07:44:22Z</time>
      </trkpt>
      <trkpt lat="47.71255167" lon="20.02939833">
        <ele>161.5</ele>
        <time>2025-07-11T07:44:23Z</time>
      </trkpt>
      <trkpt lat="47.71246" lon="20.029095">
        <ele>161.5</ele>
        <time>2025-07-11T07:44:24Z</time>
      </trkpt>
      <trkpt lat="47.71237" lon="20.028795">
        <ele>161.6</ele>
        <time>2025-07-11T07:44:25Z</time>
      </trkpt>
      <trkpt lat="47.712275" lon="20.028495">
        <ele>161.1</ele>
        <time>2025-07-11T07:44:26Z</time>
      </trkpt>
      <trkpt lat="47.71218833" lon="20.02820167">
        <ele>159.7</ele>
        <time>2025-07-11T07:44:27Z</time>
      </trkpt>
      <trkpt lat="47.7121" lon="20.0279">
        <ele>159.5</ele>
        <time>2025-07-11T07:44:28Z</time>
      </trkpt>
      <trkpt lat="47.71201833" lon="20.02760667">
        <ele>158.8</ele>
        <time>2025-07-11T07:44:29Z</time>
      </trkpt>
      <trkpt lat="47.71193833" lon="20.027305">
        <ele>159.5</ele>
        <time>2025-07-11T07:44:30Z</time>
      </trkpt>
      <trkpt lat="47.71185167" lon="20.027005">
        <ele>159.6</ele>
        <time>2025-07-11T07:44:31Z</time>
      </trkpt>
      <trkpt lat="47.71176667" lon="20.02670167">
        <ele>160.4</ele>
        <time>2025-07-11T07:44:32Z</time>
      </trkpt>
      <trkpt lat="47.71167667" lon="20.02639667">
        <ele>160.9</ele>
        <time>2025-07-11T07:44:33Z</time>
      </trkpt>
      <trkpt lat="47.71158333" lon="20.02609167">
        <ele>161.2</ele>
        <time>2025-07-11T07:44:34Z</time>
      </trkpt>
      <trkpt lat="47.71149" lon="20.02578833">
        <ele>160.7</ele>
        <time>2025-07-11T07:44:35Z</time>
      </trkpt>
      <trkpt lat="47.71139833" lon="20.025485">
        <ele>160.2</ele>
        <time>2025-07-11T07:44:36Z</time>
      </trkpt>
      <trkpt lat="47.71130667" lon="20.02518333">
        <ele>160.4</ele>
        <time>2025-07-11T07:44:37Z</time>
      </trkpt>
      <trkpt lat="47.71121333" lon="20.02487667">
        <ele>160.6</ele>
        <time>2025-07-11T07:44:38Z</time>
      </trkpt>
      <trkpt lat="47.711115" lon="20.02458167">
        <ele>158.5</ele>
        <time>2025-07-11T07:44:39Z</time>
      </trkpt>
      <trkpt lat="47.71103167" lon="20.02429667">
        <ele>158.4</ele>
        <time>2025-07-11T07:44:40Z</time>
      </trkpt>
      <trkpt lat="47.710955" lon="20.02400667">
        <ele>158.3</ele>
        <time>2025-07-11T07:44:41Z</time>
      </trkpt>
      <trkpt lat="47.71087333" lon="20.02371833">
        <ele>156.9</ele>
        <time>2025-07-11T07:44:42Z</time>
      </trkpt>
      <trkpt lat="47.710785" lon="20.02341333">
        <ele>156.8</ele>
        <time>2025-07-11T07:44:43Z</time>
      </trkpt>
      <trkpt lat="47.710705" lon="20.02312">
        <ele>156.6</ele>
        <time>2025-07-11T07:44:44Z</time>
      </trkpt>
      <trkpt lat="47.71061833" lon="20.02283">
        <ele>155.9</ele>
        <time>2025-07-11T07:44:45Z</time>
      </trkpt>
      <trkpt lat="47.71053" lon="20.02253333">
        <ele>155.3</ele>
        <time>2025-07-11T07:44:46Z</time>
      </trkpt>
      <trkpt lat="47.71044" lon="20.02223833">
        <ele>154.5</ele>
        <time>2025-07-11T07:44:47Z</time>
      </trkpt>
      <trkpt lat="47.71035167" lon="20.02194333">
        <ele>154.2</ele>
        <time>2025-07-11T07:44:48Z</time>
      </trkpt>
      <trkpt lat="47.71027" lon="20.02164833">
        <ele>154.3</ele>
        <time>2025-07-11T07:44:49Z</time>
      </trkpt>
      <trkpt lat="47.710185" lon="20.02135667">
        <ele>154.2</ele>
        <time>2025-07-11T07:44:50Z</time>
      </trkpt>
      <trkpt lat="47.710095" lon="20.02106">
        <ele>154.1</ele>
        <time>2025-07-11T07:44:51Z</time>
      </trkpt>
      <trkpt lat="47.710015" lon="20.02077">
        <ele>154</ele>
        <time>2025-07-11T07:44:52Z</time>
      </trkpt>
      <trkpt lat="47.70992833" lon="20.020475">
        <ele>154</ele>
        <time>2025-07-11T07:44:53Z</time>
      </trkpt>
      <trkpt lat="47.70984" lon="20.02017667">
        <ele>154</ele>
        <time>2025-07-11T07:44:54Z</time>
      </trkpt>
      <trkpt lat="47.70975333" lon="20.01988333">
        <ele>153.8</ele>
        <time>2025-07-11T07:44:55Z</time>
      </trkpt>
      <trkpt lat="47.70966667" lon="20.019585">
        <ele>153.3</ele>
        <time>2025-07-11T07:44:56Z</time>
      </trkpt>
      <trkpt lat="47.70957667" lon="20.019285">
        <ele>152.8</ele>
        <time>2025-07-11T07:44:57Z</time>
      </trkpt>
      <trkpt lat="47.70949" lon="20.018985">
        <ele>152.6</ele>
        <time>2025-07-11T07:44:58Z</time>
      </trkpt>
      <trkpt lat="47.70940333" lon="20.01867833">
        <ele>152.6</ele>
        <time>2025-07-11T07:44:59Z</time>
      </trkpt>
      <trkpt lat="47.70931" lon="20.01837">
        <ele>152.6</ele>
        <time>2025-07-11T07:45:00Z</time>
      </trkpt>
      <trkpt lat="47.70921833" lon="20.01806333">
        <ele>152.7</ele>
        <time>2025-07-11T07:45:01Z</time>
      </trkpt>
      <trkpt lat="47.70912833" lon="20.017755">
        <ele>152.5</ele>
        <time>2025-07-11T07:45:02Z</time>
      </trkpt>
      <trkpt lat="47.70903833" lon="20.01744833">
        <ele>152.3</ele>
        <time>2025-07-11T07:45:03Z</time>
      </trkpt>
      <trkpt lat="47.70894667" lon="20.01714">
        <ele>152</ele>
        <time>2025-07-11T07:45:04Z</time>
      </trkpt>
      <trkpt lat="47.70884833" lon="20.01683167">
        <ele>152.1</ele>
        <time>2025-07-11T07:45:05Z</time>
      </trkpt>
      <trkpt lat="47.70875167" lon="20.01652333">
        <ele>152.4</ele>
        <time>2025-07-11T07:45:06Z</time>
      </trkpt>
      <trkpt lat="47.70865667" lon="20.01621833">
        <ele>153.5</ele>
        <time>2025-07-11T07:45:07Z</time>
      </trkpt>
      <trkpt lat="47.70856167" lon="20.01591333">
        <ele>152.8</ele>
        <time>2025-07-11T07:45:08Z</time>
      </trkpt>
      <trkpt lat="47.70846833" lon="20.01561167">
        <ele>152.1</ele>
        <time>2025-07-11T07:45:09Z</time>
      </trkpt>
      <trkpt lat="47.708375" lon="20.015305">
        <ele>151.8</ele>
        <time>2025-07-11T07:45:10Z</time>
      </trkpt>
      <trkpt lat="47.70828167" lon="20.01499667">
        <ele>151.8</ele>
        <time>2025-07-11T07:45:11Z</time>
      </trkpt>
      <trkpt lat="47.70819" lon="20.01468833">
        <ele>151.7</ele>
        <time>2025-07-11T07:45:12Z</time>
      </trkpt>
      <trkpt lat="47.7081" lon="20.01438333">
        <ele>151.1</ele>
        <time>2025-07-11T07:45:13Z</time>
      </trkpt>
      <trkpt lat="47.70801333" lon="20.014075">
        <ele>151.1</ele>
        <time>2025-07-11T07:45:14Z</time>
      </trkpt>
      <trkpt lat="47.70793" lon="20.01374667">
        <ele>150.8</ele>
        <time>2025-07-11T07:45:15Z</time>
      </trkpt>
      <trkpt lat="47.70784167" lon="20.01343">
        <ele>150.3</ele>
        <time>2025-07-11T07:45:16Z</time>
      </trkpt>
      <trkpt lat="47.70776" lon="20.01312333">
        <ele>150.2</ele>
        <time>2025-07-11T07:45:17Z</time>
      </trkpt>
      <trkpt lat="47.70767167" lon="20.01281667">
        <ele>150.7</ele>
        <time>2025-07-11T07:45:18Z</time>
      </trkpt>
      <trkpt lat="47.707585" lon="20.01250833">
        <ele>150.8</ele>
        <time>2025-07-11T07:45:19Z</time>
      </trkpt>
      <trkpt lat="47.70749" lon="20.01221">
        <ele>150.5</ele>
        <time>2025-07-11T07:45:20Z</time>
      </trkpt>
      <trkpt lat="47.7074" lon="20.011905">
        <ele>152.1</ele>
        <time>2025-07-11T07:45:21Z</time>
      </trkpt>
      <trkpt lat="47.70731" lon="20.01160167">
        <ele>151.8</ele>
        <time>2025-07-11T07:45:22Z</time>
      </trkpt>
      <trkpt lat="47.707215" lon="20.01130167">
        <ele>151.8</ele>
        <time>2025-07-11T07:45:23Z</time>
      </trkpt>
      <trkpt lat="47.70712" lon="20.01099833">
        <ele>153.5</ele>
        <time>2025-07-11T07:45:24Z</time>
      </trkpt>
      <trkpt lat="47.70702667" lon="20.01069167">
        <ele>154.3</ele>
        <time>2025-07-11T07:45:25Z</time>
      </trkpt>
      <trkpt lat="47.70693833" lon="20.01038667">
        <ele>155.2</ele>
        <time>2025-07-11T07:45:26Z</time>
      </trkpt>
      <trkpt lat="47.70685167" lon="20.01007667">
        <ele>156.1</ele>
        <time>2025-07-11T07:45:27Z</time>
      </trkpt>
      <trkpt lat="47.70676167" lon="20.00976833">
        <ele>156.5</ele>
        <time>2025-07-11T07:45:28Z</time>
      </trkpt>
      <trkpt lat="47.70667167" lon="20.00945667">
        <ele>158.1</ele>
        <time>2025-07-11T07:45:29Z</time>
      </trkpt>
      <trkpt lat="47.70658667" lon="20.00915333">
        <ele>158.8</ele>
        <time>2025-07-11T07:45:30Z</time>
      </trkpt>
      <trkpt lat="47.7065" lon="20.00884833">
        <ele>160.5</ele>
        <time>2025-07-11T07:45:31Z</time>
      </trkpt>
      <trkpt lat="47.70641833" lon="20.008545">
        <ele>161.6</ele>
        <time>2025-07-11T07:45:32Z</time>
      </trkpt>
      <trkpt lat="47.70633167" lon="20.00824333">
        <ele>162.4</ele>
        <time>2025-07-11T07:45:33Z</time>
      </trkpt>
      <trkpt lat="47.706245" lon="20.00794167">
        <ele>162.7</ele>
        <time>2025-07-11T07:45:34Z</time>
      </trkpt>
      <trkpt lat="47.70615833" lon="20.00763667">
        <ele>163.1</ele>
        <time>2025-07-11T07:45:35Z</time>
      </trkpt>
      <trkpt lat="47.70607" lon="20.00733167">
        <ele>163.8</ele>
        <time>2025-07-11T07:45:36Z</time>
      </trkpt>
      <trkpt lat="47.70598167" lon="20.00703">
        <ele>163.9</ele>
        <time>2025-07-11T07:45:37Z</time>
      </trkpt>
      <trkpt lat="47.705895" lon="20.00673">
        <ele>163.1</ele>
        <time>2025-07-11T07:45:38Z</time>
      </trkpt>
      <trkpt lat="47.70580167" lon="20.00642667">
        <ele>163.7</ele>
        <time>2025-07-11T07:45:39Z</time>
      </trkpt>
      <trkpt lat="47.70571" lon="20.00612667">
        <ele>164</ele>
        <time>2025-07-11T07:45:40Z</time>
      </trkpt>
      <trkpt lat="47.705625" lon="20.00582667">
        <ele>163.8</ele>
        <time>2025-07-11T07:45:41Z</time>
      </trkpt>
      <trkpt lat="47.70553833" lon="20.00552333">
        <ele>163.5</ele>
        <time>2025-07-11T07:45:42Z</time>
      </trkpt>
      <trkpt lat="47.70544833" lon="20.00522">
        <ele>163.5</ele>
        <time>2025-07-11T07:45:43Z</time>
      </trkpt>
      <trkpt lat="47.70535667" lon="20.00492667">
        <ele>163.7</ele>
        <time>2025-07-11T07:45:44Z</time>
      </trkpt>
      <trkpt lat="47.70527333" lon="20.00461167">
        <ele>164.5</ele>
        <time>2025-07-11T07:45:45Z</time>
      </trkpt>
      <trkpt lat="47.70509833" lon="20.00401">
        <ele>163.8</ele>
        <time>2025-07-11T07:45:47Z</time>
      </trkpt>
      <trkpt lat="47.705005" lon="20.00369667">
        <ele>163.3</ele>
        <time>2025-07-11T07:45:48Z</time>
      </trkpt>
      <trkpt lat="47.70482833" lon="20.00307833">
        <ele>163.6</ele>
        <time>2025-07-11T07:45:50Z</time>
      </trkpt>
      <trkpt lat="47.70464667" lon="20.00246333">
        <ele>163.8</ele>
        <time>2025-07-11T07:45:52Z</time>
      </trkpt>
      <trkpt lat="47.704555" lon="20.00215333">
        <ele>163.9</ele>
        <time>2025-07-11T07:45:53Z</time>
      </trkpt>
      <trkpt lat="47.704465" lon="20.00184333">
        <ele>164</ele>
        <time>2025-07-11T07:45:54Z</time>
      </trkpt>
      <trkpt lat="47.70437333" lon="20.001535">
        <ele>164.1</ele>
        <time>2025-07-11T07:45:55Z</time>
      </trkpt>
      <trkpt lat="47.70428167" lon="20.001225">
        <ele>164.7</ele>
        <time>2025-07-11T07:45:56Z</time>
      </trkpt>
      <trkpt lat="47.70418667" lon="20.000925">
        <ele>164.4</ele>
        <time>2025-07-11T07:45:57Z</time>
      </trkpt>
      <trkpt lat="47.70408667" lon="20.00062333">
        <ele>164.1</ele>
        <time>2025-07-11T07:45:58Z</time>
      </trkpt>
      <trkpt lat="47.70399167" lon="20.00031333">
        <ele>164</ele>
        <time>2025-07-11T07:45:59Z</time>
      </trkpt>
      <trkpt lat="47.7039" lon="20.00000167">
        <ele>163.6</ele>
        <time>2025-07-11T07:46:00Z</time>
      </trkpt>
      <trkpt lat="47.703805" lon="19.99969167">
        <ele>163.4</ele>
        <time>2025-07-11T07:46:01Z</time>
      </trkpt>
      <trkpt lat="47.70371667" lon="19.99938167">
        <ele>163.3</ele>
        <time>2025-07-11T07:46:02Z</time>
      </trkpt>
      <trkpt lat="47.70363" lon="19.99908333">
        <ele>163.1</ele>
        <time>2025-07-11T07:46:03Z</time>
      </trkpt>
      <trkpt lat="47.70354333" lon="19.998795">
        <ele>162.5</ele>
        <time>2025-07-11T07:46:04Z</time>
      </trkpt>
      <trkpt lat="47.70346" lon="19.99849833">
        <ele>161.6</ele>
        <time>2025-07-11T07:46:05Z</time>
      </trkpt>
      <trkpt lat="47.70338" lon="19.99818833">
        <ele>160.8</ele>
        <time>2025-07-11T07:46:06Z</time>
      </trkpt>
      <trkpt lat="47.703295" lon="19.99788333">
        <ele>160</ele>
        <time>2025-07-11T07:46:07Z</time>
      </trkpt>
      <trkpt lat="47.70319833" lon="19.99757333">
        <ele>159.8</ele>
        <time>2025-07-11T07:46:08Z</time>
      </trkpt>
      <trkpt lat="47.703095" lon="19.99727">
        <ele>160</ele>
        <time>2025-07-11T07:46:09Z</time>
      </trkpt>
      <trkpt lat="47.70300167" lon="19.99696833">
        <ele>160.8</ele>
        <time>2025-07-11T07:46:10Z</time>
      </trkpt>
      <trkpt lat="47.70290667" lon="19.99666667">
        <ele>161.1</ele>
        <time>2025-07-11T07:46:11Z</time>
      </trkpt>
      <trkpt lat="47.70281667" lon="19.996355">
        <ele>160.8</ele>
        <time>2025-07-11T07:46:12Z</time>
      </trkpt>
      <trkpt lat="47.70273" lon="19.99605167">
        <ele>160.7</ele>
        <time>2025-07-11T07:46:13Z</time>
      </trkpt>
      <trkpt lat="47.70264667" lon="19.99575667">
        <ele>160.5</ele>
        <time>2025-07-11T07:46:14Z</time>
      </trkpt>
      <trkpt lat="47.70255833" lon="19.99544833">
        <ele>159.8</ele>
        <time>2025-07-11T07:46:15Z</time>
      </trkpt>
      <trkpt lat="47.70246667" lon="19.99514167">
        <ele>157.8</ele>
        <time>2025-07-11T07:46:16Z</time>
      </trkpt>
      <trkpt lat="47.70237833" lon="19.99485">
        <ele>158.4</ele>
        <time>2025-07-11T07:46:17Z</time>
      </trkpt>
      <trkpt lat="47.70228333" lon="19.99455">
        <ele>158.6</ele>
        <time>2025-07-11T07:46:18Z</time>
      </trkpt>
      <trkpt lat="47.70219333" lon="19.99425333">
        <ele>159.4</ele>
        <time>2025-07-11T07:46:19Z</time>
      </trkpt>
      <trkpt lat="47.70210167" lon="19.99394667">
        <ele>159.3</ele>
        <time>2025-07-11T07:46:20Z</time>
      </trkpt>
      <trkpt lat="47.70201167" lon="19.99364333">
        <ele>158.9</ele>
        <time>2025-07-11T07:46:21Z</time>
      </trkpt>
      <trkpt lat="47.701925" lon="19.99334">
        <ele>158.9</ele>
        <time>2025-07-11T07:46:22Z</time>
      </trkpt>
      <trkpt lat="47.70183667" lon="19.993035">
        <ele>158.8</ele>
        <time>2025-07-11T07:46:23Z</time>
      </trkpt>
      <trkpt lat="47.70174833" lon="19.99273">
        <ele>158.9</ele>
        <time>2025-07-11T07:46:24Z</time>
      </trkpt>
      <trkpt lat="47.70165667" lon="19.99242333">
        <ele>159</ele>
        <time>2025-07-11T07:46:25Z</time>
      </trkpt>
      <trkpt lat="47.701565" lon="19.992115">
        <ele>159.3</ele>
        <time>2025-07-11T07:46:26Z</time>
      </trkpt>
      <trkpt lat="47.701475" lon="19.99181167">
        <ele>159.3</ele>
        <time>2025-07-11T07:46:27Z</time>
      </trkpt>
      <trkpt lat="47.70138167" lon="19.99150833">
        <ele>160</ele>
        <time>2025-07-11T07:46:28Z</time>
      </trkpt>
      <trkpt lat="47.70129333" lon="19.99120667">
        <ele>160.2</ele>
        <time>2025-07-11T07:46:29Z</time>
      </trkpt>
      <trkpt lat="47.701205" lon="19.99090167">
        <ele>160.5</ele>
        <time>2025-07-11T07:46:30Z</time>
      </trkpt>
      <trkpt lat="47.70111333" lon="19.99059667">
        <ele>160.6</ele>
        <time>2025-07-11T07:46:31Z</time>
      </trkpt>
      <trkpt lat="47.70102667" lon="19.99029167">
        <ele>160.9</ele>
        <time>2025-07-11T07:46:32Z</time>
      </trkpt>
      <trkpt lat="47.70093667" lon="19.98998667">
        <ele>161.2</ele>
        <time>2025-07-11T07:46:33Z</time>
      </trkpt>
      <trkpt lat="47.70084667" lon="19.98968333">
        <ele>160.9</ele>
        <time>2025-07-11T07:46:34Z</time>
      </trkpt>
      <trkpt lat="47.70075667" lon="19.98937833">
        <ele>160.7</ele>
        <time>2025-07-11T07:46:35Z</time>
      </trkpt>
      <trkpt lat="47.700665" lon="19.98907">
        <ele>160.7</ele>
        <time>2025-07-11T07:46:36Z</time>
      </trkpt>
      <trkpt lat="47.70057667" lon="19.98876333">
        <ele>160.8</ele>
        <time>2025-07-11T07:46:37Z</time>
      </trkpt>
      <trkpt lat="47.70048667" lon="19.98845667">
        <ele>161.2</ele>
        <time>2025-07-11T07:46:38Z</time>
      </trkpt>
      <trkpt lat="47.7004" lon="19.98815167">
        <ele>161.3</ele>
        <time>2025-07-11T07:46:39Z</time>
      </trkpt>
      <trkpt lat="47.70031167" lon="19.987845">
        <ele>161.3</ele>
        <time>2025-07-11T07:46:40Z</time>
      </trkpt>
      <trkpt lat="47.70022167" lon="19.98754">
        <ele>161.5</ele>
        <time>2025-07-11T07:46:41Z</time>
      </trkpt>
      <trkpt lat="47.70013167" lon="19.987235">
        <ele>161.4</ele>
        <time>2025-07-11T07:46:42Z</time>
      </trkpt>
      <trkpt lat="47.70004" lon="19.98693">
        <ele>161.5</ele>
        <time>2025-07-11T07:46:43Z</time>
      </trkpt>
      <trkpt lat="47.69995" lon="19.98662333">
        <ele>161.2</ele>
        <time>2025-07-11T07:46:44Z</time>
      </trkpt>
      <trkpt lat="47.699855" lon="19.98630667">
        <ele>160.3</ele>
        <time>2025-07-11T07:46:45Z</time>
      </trkpt>
      <trkpt lat="47.69976333" lon="19.98599">
        <ele>161.1</ele>
        <time>2025-07-11T07:46:46Z</time>
      </trkpt>
      <trkpt lat="47.69967667" lon="19.98568167">
        <ele>161.5</ele>
        <time>2025-07-11T07:46:47Z</time>
      </trkpt>
      <trkpt lat="47.69958" lon="19.98537333">
        <ele>162.9</ele>
        <time>2025-07-11T07:46:48Z</time>
      </trkpt>
      <trkpt lat="47.69948667" lon="19.98507">
        <ele>164.3</ele>
        <time>2025-07-11T07:46:49Z</time>
      </trkpt>
      <trkpt lat="47.69939" lon="19.984765">
        <ele>164.6</ele>
        <time>2025-07-11T07:46:50Z</time>
      </trkpt>
      <trkpt lat="47.6993" lon="19.98446333">
        <ele>164.8</ele>
        <time>2025-07-11T07:46:51Z</time>
      </trkpt>
      <trkpt lat="47.69921667" lon="19.98416667">
        <ele>165.7</ele>
        <time>2025-07-11T07:46:52Z</time>
      </trkpt>
      <trkpt lat="47.699125" lon="19.98386833">
        <ele>165.3</ele>
        <time>2025-07-11T07:46:53Z</time>
      </trkpt>
      <trkpt lat="47.69904" lon="19.98356833">
        <ele>166</ele>
        <time>2025-07-11T07:46:54Z</time>
      </trkpt>
      <trkpt lat="47.69895667" lon="19.98328">
        <ele>166.1</ele>
        <time>2025-07-11T07:46:55Z</time>
      </trkpt>
      <trkpt lat="47.69887167" lon="19.98299">
        <ele>165.8</ele>
        <time>2025-07-11T07:46:56Z</time>
      </trkpt>
      <trkpt lat="47.69878667" lon="19.98270167">
        <ele>165.1</ele>
        <time>2025-07-11T07:46:57Z</time>
      </trkpt>
      <trkpt lat="47.69870833" lon="19.98241333">
        <ele>164.5</ele>
        <time>2025-07-11T07:46:58Z</time>
      </trkpt>
      <trkpt lat="47.69862" lon="19.98212">
        <ele>165</ele>
        <time>2025-07-11T07:46:59Z</time>
      </trkpt>
      <trkpt lat="47.69854167" lon="19.981835">
        <ele>165.1</ele>
        <time>2025-07-11T07:47:00Z</time>
      </trkpt>
      <trkpt lat="47.69845167" lon="19.98156">
        <ele>165.7</ele>
        <time>2025-07-11T07:47:01Z</time>
      </trkpt>
      <trkpt lat="47.69836833" lon="19.98127667">
        <ele>166.1</ele>
        <time>2025-07-11T07:47:02Z</time>
      </trkpt>
      <trkpt lat="47.69829833" lon="19.981015">
        <ele>166.7</ele>
        <time>2025-07-11T07:47:03Z</time>
      </trkpt>
      <trkpt lat="47.69821833" lon="19.98074833">
        <ele>167</ele>
        <time>2025-07-11T07:47:04Z</time>
      </trkpt>
      <trkpt lat="47.69812667" lon="19.98047167">
        <ele>167.3</ele>
        <time>2025-07-11T07:47:05Z</time>
      </trkpt>
      <trkpt lat="47.69804333" lon="19.98019167">
        <ele>167.3</ele>
        <time>2025-07-11T07:47:06Z</time>
      </trkpt>
      <trkpt lat="47.69796833" lon="19.97992833">
        <ele>166.7</ele>
        <time>2025-07-11T07:47:07Z</time>
      </trkpt>
      <trkpt lat="47.69789333" lon="19.97965">
        <ele>166.2</ele>
        <time>2025-07-11T07:47:08Z</time>
      </trkpt>
      <trkpt lat="47.69780667" lon="19.97938833">
        <ele>165.6</ele>
        <time>2025-07-11T07:47:09Z</time>
      </trkpt>
      <trkpt lat="47.69772667" lon="19.97912167">
        <ele>164.7</ele>
        <time>2025-07-11T07:47:10Z</time>
      </trkpt>
      <trkpt lat="47.69765333" lon="19.978855">
        <ele>164.5</ele>
        <time>2025-07-11T07:47:11Z</time>
      </trkpt>
      <trkpt lat="47.697575" lon="19.97858167">
        <ele>165.9</ele>
        <time>2025-07-11T07:47:12Z</time>
      </trkpt>
      <trkpt lat="47.69750167" lon="19.978315">
        <ele>166.7</ele>
        <time>2025-07-11T07:47:13Z</time>
      </trkpt>
      <trkpt lat="47.69742333" lon="19.97804333">
        <ele>166.6</ele>
        <time>2025-07-11T07:47:14Z</time>
      </trkpt>
      <trkpt lat="47.69734833" lon="19.97777667">
        <ele>167.1</ele>
        <time>2025-07-11T07:47:15Z</time>
      </trkpt>
      <trkpt lat="47.69726333" lon="19.97751667">
        <ele>168.1</ele>
        <time>2025-07-11T07:47:16Z</time>
      </trkpt>
      <trkpt lat="47.69718" lon="19.97725">
        <ele>169.3</ele>
        <time>2025-07-11T07:47:17Z</time>
      </trkpt>
      <trkpt lat="47.69709667" lon="19.97698333">
        <ele>170.1</ele>
        <time>2025-07-11T07:47:18Z</time>
      </trkpt>
      <trkpt lat="47.69702333" lon="19.97673167">
        <ele>170</ele>
        <time>2025-07-11T07:47:19Z</time>
      </trkpt>
      <trkpt lat="47.69695" lon="19.97646667">
        <ele>168.3</ele>
        <time>2025-07-11T07:47:20Z</time>
      </trkpt>
      <trkpt lat="47.69687833" lon="19.976205">
        <ele>168.5</ele>
        <time>2025-07-11T07:47:21Z</time>
      </trkpt>
      <trkpt lat="47.69680833" lon="19.97593667">
        <ele>168.9</ele>
        <time>2025-07-11T07:47:22Z</time>
      </trkpt>
      <trkpt lat="47.69672" lon="19.97566333">
        <ele>166.7</ele>
        <time>2025-07-11T07:47:23Z</time>
      </trkpt>
      <trkpt lat="47.69664" lon="19.97539333">
        <ele>166.4</ele>
        <time>2025-07-11T07:47:24Z</time>
      </trkpt>
      <trkpt lat="47.69655833" lon="19.97512167">
        <ele>164.4</ele>
        <time>2025-07-11T07:47:25Z</time>
      </trkpt>
      <trkpt lat="47.69647833" lon="19.974845">
        <ele>163.9</ele>
        <time>2025-07-11T07:47:26Z</time>
      </trkpt>
      <trkpt lat="47.69639" lon="19.97457">
        <ele>163.4</ele>
        <time>2025-07-11T07:47:27Z</time>
      </trkpt>
      <trkpt lat="47.69629833" lon="19.97429833">
        <ele>162.4</ele>
        <time>2025-07-11T07:47:28Z</time>
      </trkpt>
      <trkpt lat="47.69621167" lon="19.97401667">
        <ele>161.9</ele>
        <time>2025-07-11T07:47:29Z</time>
      </trkpt>
      <trkpt lat="47.69612833" lon="19.97372333">
        <ele>161.6</ele>
        <time>2025-07-11T07:47:30Z</time>
      </trkpt>
      <trkpt lat="47.69605" lon="19.97342333">
        <ele>161.2</ele>
        <time>2025-07-11T07:47:31Z</time>
      </trkpt>
      <trkpt lat="47.69597167" lon="19.97313333">
        <ele>161.4</ele>
        <time>2025-07-11T07:47:32Z</time>
      </trkpt>
      <trkpt lat="47.69588" lon="19.97283167">
        <ele>161.8</ele>
        <time>2025-07-11T07:47:33Z</time>
      </trkpt>
      <trkpt lat="47.69579167" lon="19.97253167">
        <ele>161.4</ele>
        <time>2025-07-11T07:47:34Z</time>
      </trkpt>
      <trkpt lat="47.69570167" lon="19.97223">
        <ele>161.3</ele>
        <time>2025-07-11T07:47:35Z</time>
      </trkpt>
      <trkpt lat="47.695615" lon="19.97193">
        <ele>161.5</ele>
        <time>2025-07-11T07:47:36Z</time>
      </trkpt>
      <trkpt lat="47.69552" lon="19.97162167">
        <ele>161.3</ele>
        <time>2025-07-11T07:47:37Z</time>
      </trkpt>
      <trkpt lat="47.695435" lon="19.97131667">
        <ele>161.3</ele>
        <time>2025-07-11T07:47:38Z</time>
      </trkpt>
      <trkpt lat="47.69534833" lon="19.97101">
        <ele>160.5</ele>
        <time>2025-07-11T07:47:39Z</time>
      </trkpt>
      <trkpt lat="47.69526" lon="19.97071">
        <ele>159.7</ele>
        <time>2025-07-11T07:47:40Z</time>
      </trkpt>
      <trkpt lat="47.695175" lon="19.97041333">
        <ele>159.2</ele>
        <time>2025-07-11T07:47:41Z</time>
      </trkpt>
      <trkpt lat="47.695085" lon="19.97010833">
        <ele>158.8</ele>
        <time>2025-07-11T07:47:42Z</time>
      </trkpt>
      <trkpt lat="47.69499333" lon="19.96980167">
        <ele>159.1</ele>
        <time>2025-07-11T07:47:43Z</time>
      </trkpt>
      <trkpt lat="47.694905" lon="19.969495">
        <ele>159.1</ele>
        <time>2025-07-11T07:47:44Z</time>
      </trkpt>
      <trkpt lat="47.69481333" lon="19.96918833">
        <ele>159.1</ele>
        <time>2025-07-11T07:47:45Z</time>
      </trkpt>
      <trkpt lat="47.69472" lon="19.96888">
        <ele>159.4</ele>
        <time>2025-07-11T07:47:46Z</time>
      </trkpt>
      <trkpt lat="47.69462667" lon="19.96856833">
        <ele>159.7</ele>
        <time>2025-07-11T07:47:47Z</time>
      </trkpt>
      <trkpt lat="47.69453833" lon="19.96826333">
        <ele>159.9</ele>
        <time>2025-07-11T07:47:48Z</time>
      </trkpt>
      <trkpt lat="47.69445167" lon="19.96796">
        <ele>159.6</ele>
        <time>2025-07-11T07:47:49Z</time>
      </trkpt>
      <trkpt lat="47.69436333" lon="19.96765833">
        <ele>159.4</ele>
        <time>2025-07-11T07:47:50Z</time>
      </trkpt>
      <trkpt lat="47.69427833" lon="19.96737">
        <ele>158.9</ele>
        <time>2025-07-11T07:47:51Z</time>
      </trkpt>
      <trkpt lat="47.69419167" lon="19.96706667">
        <ele>158.6</ele>
        <time>2025-07-11T07:47:52Z</time>
      </trkpt>
      <trkpt lat="47.69411167" lon="19.96675667">
        <ele>157</ele>
        <time>2025-07-11T07:47:53Z</time>
      </trkpt>
      <trkpt lat="47.69402" lon="19.966455">
        <ele>156.7</ele>
        <time>2025-07-11T07:47:54Z</time>
      </trkpt>
      <trkpt lat="47.69391167" lon="19.96614167">
        <ele>159.8</ele>
        <time>2025-07-11T07:47:55Z</time>
      </trkpt>
      <trkpt lat="47.69382333" lon="19.965835">
        <ele>160.1</ele>
        <time>2025-07-11T07:47:56Z</time>
      </trkpt>
      <trkpt lat="47.69373167" lon="19.96552167">
        <ele>160</ele>
        <time>2025-07-11T07:47:57Z</time>
      </trkpt>
      <trkpt lat="47.69363167" lon="19.96521">
        <ele>160.1</ele>
        <time>2025-07-11T07:47:58Z</time>
      </trkpt>
      <trkpt lat="47.69352667" lon="19.96489333">
        <ele>161.4</ele>
        <time>2025-07-11T07:47:59Z</time>
      </trkpt>
      <trkpt lat="47.69343667" lon="19.96457333">
        <ele>161.9</ele>
        <time>2025-07-11T07:48:00Z</time>
      </trkpt>
      <trkpt lat="47.69334667" lon="19.96427">
        <ele>161.5</ele>
        <time>2025-07-11T07:48:01Z</time>
      </trkpt>
      <trkpt lat="47.69326" lon="19.96397333">
        <ele>161.3</ele>
        <time>2025-07-11T07:48:02Z</time>
      </trkpt>
      <trkpt lat="47.69317333" lon="19.96367167">
        <ele>160.6</ele>
        <time>2025-07-11T07:48:03Z</time>
      </trkpt>
      <trkpt lat="47.69308333" lon="19.963365">
        <ele>160.4</ele>
        <time>2025-07-11T07:48:04Z</time>
      </trkpt>
      <trkpt lat="47.69299333" lon="19.96306667">
        <ele>159.9</ele>
        <time>2025-07-11T07:48:05Z</time>
      </trkpt>
      <trkpt lat="47.69291333" lon="19.96275833">
        <ele>159.2</ele>
        <time>2025-07-11T07:48:06Z</time>
      </trkpt>
      <trkpt lat="47.69282667" lon="19.96246333">
        <ele>158.9</ele>
        <time>2025-07-11T07:48:07Z</time>
      </trkpt>
      <trkpt lat="47.69273667" lon="19.96216167">
        <ele>157.5</ele>
        <time>2025-07-11T07:48:08Z</time>
      </trkpt>
      <trkpt lat="47.692645" lon="19.96186333">
        <ele>157.8</ele>
        <time>2025-07-11T07:48:09Z</time>
      </trkpt>
      <trkpt lat="47.69255167" lon="19.96156">
        <ele>157.6</ele>
        <time>2025-07-11T07:48:10Z</time>
      </trkpt>
      <trkpt lat="47.69245833" lon="19.961255">
        <ele>159.1</ele>
        <time>2025-07-11T07:48:11Z</time>
      </trkpt>
      <trkpt lat="47.69237" lon="19.96095">
        <ele>159.4</ele>
        <time>2025-07-11T07:48:12Z</time>
      </trkpt>
      <trkpt lat="47.69227833" lon="19.96063833">
        <ele>160</ele>
        <time>2025-07-11T07:48:13Z</time>
      </trkpt>
      <trkpt lat="47.69219167" lon="19.96033167">
        <ele>159.5</ele>
        <time>2025-07-11T07:48:14Z</time>
      </trkpt>
      <trkpt lat="47.69211333" lon="19.96003333">
        <ele>159.9</ele>
        <time>2025-07-11T07:48:15Z</time>
      </trkpt>
      <trkpt lat="47.69202167" lon="19.959735">
        <ele>159.7</ele>
        <time>2025-07-11T07:48:16Z</time>
      </trkpt>
      <trkpt lat="47.69193333" lon="19.95943">
        <ele>160.7</ele>
        <time>2025-07-11T07:48:17Z</time>
      </trkpt>
      <trkpt lat="47.69183833" lon="19.95911833">
        <ele>163.2</ele>
        <time>2025-07-11T07:48:18Z</time>
      </trkpt>
      <trkpt lat="47.69174833" lon="19.95882">
        <ele>163.4</ele>
        <time>2025-07-11T07:48:19Z</time>
      </trkpt>
      <trkpt lat="47.69166" lon="19.95851833">
        <ele>163.8</ele>
        <time>2025-07-11T07:48:20Z</time>
      </trkpt>
      <trkpt lat="47.69157" lon="19.95821333">
        <ele>163.9</ele>
        <time>2025-07-11T07:48:21Z</time>
      </trkpt>
      <trkpt lat="47.69148333" lon="19.95791667">
        <ele>163.2</ele>
        <time>2025-07-11T07:48:22Z</time>
      </trkpt>
      <trkpt lat="47.69139833" lon="19.95761167">
        <ele>162.8</ele>
        <time>2025-07-11T07:48:23Z</time>
      </trkpt>
      <trkpt lat="47.69130833" lon="19.957305">
        <ele>162.1</ele>
        <time>2025-07-11T07:48:24Z</time>
      </trkpt>
      <trkpt lat="47.69121" lon="19.95699">
        <ele>161.6</ele>
        <time>2025-07-11T07:48:25Z</time>
      </trkpt>
      <trkpt lat="47.69112333" lon="19.956685">
        <ele>161.3</ele>
        <time>2025-07-11T07:48:26Z</time>
      </trkpt>
      <trkpt lat="47.69103833" lon="19.95638167">
        <ele>161.4</ele>
        <time>2025-07-11T07:48:27Z</time>
      </trkpt>
      <trkpt lat="47.69095" lon="19.95608167">
        <ele>161.3</ele>
        <time>2025-07-11T07:48:28Z</time>
      </trkpt>
      <trkpt lat="47.69085667" lon="19.95578167">
        <ele>161.1</ele>
        <time>2025-07-11T07:48:29Z</time>
      </trkpt>
      <trkpt lat="47.69077167" lon="19.955475">
        <ele>160.5</ele>
        <time>2025-07-11T07:48:30Z</time>
      </trkpt>
      <trkpt lat="47.69068" lon="19.95516833">
        <ele>160.7</ele>
        <time>2025-07-11T07:48:31Z</time>
      </trkpt>
      <trkpt lat="47.69059333" lon="19.95487333">
        <ele>159.2</ele>
        <time>2025-07-11T07:48:32Z</time>
      </trkpt>
      <trkpt lat="47.69050667" lon="19.95455833">
        <ele>158.7</ele>
        <time>2025-07-11T07:48:33Z</time>
      </trkpt>
      <trkpt lat="47.69042" lon="19.954255">
        <ele>159.1</ele>
        <time>2025-07-11T07:48:34Z</time>
      </trkpt>
      <trkpt lat="47.690335" lon="19.953945">
        <ele>156.7</ele>
        <time>2025-07-11T07:48:35Z</time>
      </trkpt>
      <trkpt lat="47.69024167" lon="19.95365">
        <ele>157.3</ele>
        <time>2025-07-11T07:48:36Z</time>
      </trkpt>
      <trkpt lat="47.69015167" lon="19.95335333">
        <ele>156.7</ele>
        <time>2025-07-11T07:48:37Z</time>
      </trkpt>
      <trkpt lat="47.69006833" lon="19.95305167">
        <ele>156.7</ele>
        <time>2025-07-11T07:48:38Z</time>
      </trkpt>
      <trkpt lat="47.68998" lon="19.95276">
        <ele>155.6</ele>
        <time>2025-07-11T07:48:39Z</time>
      </trkpt>
      <trkpt lat="47.68989333" lon="19.952455">
        <ele>154.6</ele>
        <time>2025-07-11T07:48:40Z</time>
      </trkpt>
      <trkpt lat="47.68980333" lon="19.95214833">
        <ele>155.3</ele>
        <time>2025-07-11T07:48:41Z</time>
      </trkpt>
      <trkpt lat="47.68971" lon="19.95184667">
        <ele>155.2</ele>
        <time>2025-07-11T07:48:42Z</time>
      </trkpt>
      <trkpt lat="47.68961333" lon="19.95155">
        <ele>156.1</ele>
        <time>2025-07-11T07:48:43Z</time>
      </trkpt>
      <trkpt lat="47.68953" lon="19.95123833">
        <ele>157.1</ele>
        <time>2025-07-11T07:48:44Z</time>
      </trkpt>
      <trkpt lat="47.68943833" lon="19.95093667">
        <ele>157.5</ele>
        <time>2025-07-11T07:48:45Z</time>
      </trkpt>
      <trkpt lat="47.68935" lon="19.95063667">
        <ele>157.7</ele>
        <time>2025-07-11T07:48:46Z</time>
      </trkpt>
      <trkpt lat="47.68925667" lon="19.950335">
        <ele>157.9</ele>
        <time>2025-07-11T07:48:47Z</time>
      </trkpt>
      <trkpt lat="47.68916667" lon="19.95002667">
        <ele>157.4</ele>
        <time>2025-07-11T07:48:48Z</time>
      </trkpt>
      <trkpt lat="47.68907833" lon="19.94972667">
        <ele>156.8</ele>
        <time>2025-07-11T07:48:49Z</time>
      </trkpt>
      <trkpt lat="47.688985" lon="19.949425">
        <ele>155.8</ele>
        <time>2025-07-11T07:48:50Z</time>
      </trkpt>
      <trkpt lat="47.68889167" lon="19.94912333">
        <ele>155.7</ele>
        <time>2025-07-11T07:48:51Z</time>
      </trkpt>
      <trkpt lat="47.68880333" lon="19.94882833">
        <ele>155.2</ele>
        <time>2025-07-11T07:48:52Z</time>
      </trkpt>
      <trkpt lat="47.68871833" lon="19.94851833">
        <ele>152.7</ele>
        <time>2025-07-11T07:48:53Z</time>
      </trkpt>
      <trkpt lat="47.688625" lon="19.948205">
        <ele>152.8</ele>
        <time>2025-07-11T07:48:54Z</time>
      </trkpt>
      <trkpt lat="47.68853167" lon="19.947875">
        <ele>153.5</ele>
        <time>2025-07-11T07:48:55Z</time>
      </trkpt>
      <trkpt lat="47.68844" lon="19.94755167">
        <ele>155.4</ele>
        <time>2025-07-11T07:48:56Z</time>
      </trkpt>
      <trkpt lat="47.68835833" lon="19.94724333">
        <ele>155.9</ele>
        <time>2025-07-11T07:48:57Z</time>
      </trkpt>
      <trkpt lat="47.68827" lon="19.946915">
        <ele>157.6</ele>
        <time>2025-07-11T07:48:58Z</time>
      </trkpt>
      <trkpt lat="47.68819333" lon="19.94660667">
        <ele>157.4</ele>
        <time>2025-07-11T07:48:59Z</time>
      </trkpt>
      <trkpt lat="47.68812667" lon="19.946295">
        <ele>157.4</ele>
        <time>2025-07-11T07:49:00Z</time>
      </trkpt>
      <trkpt lat="47.68807167" lon="19.94597833">
        <ele>158.1</ele>
        <time>2025-07-11T07:49:01Z</time>
      </trkpt>
      <trkpt lat="47.68801167" lon="19.94564667">
        <ele>158.3</ele>
        <time>2025-07-11T07:49:02Z</time>
      </trkpt>
      <trkpt lat="47.68796167" lon="19.94531833">
        <ele>155.8</ele>
        <time>2025-07-11T07:49:03Z</time>
      </trkpt>
      <trkpt lat="47.68791667" lon="19.94499">
        <ele>155</ele>
        <time>2025-07-11T07:49:04Z</time>
      </trkpt>
      <trkpt lat="47.68788333" lon="19.94466">
        <ele>155.5</ele>
        <time>2025-07-11T07:49:05Z</time>
      </trkpt>
      <trkpt lat="47.68784333" lon="19.94433833">
        <ele>155.5</ele>
        <time>2025-07-11T07:49:06Z</time>
      </trkpt>
      <trkpt lat="47.68781" lon="19.94401667">
        <ele>156.1</ele>
        <time>2025-07-11T07:49:07Z</time>
      </trkpt>
      <trkpt lat="47.68778167" lon="19.94369667">
        <ele>157.1</ele>
        <time>2025-07-11T07:49:08Z</time>
      </trkpt>
      <trkpt lat="47.68775667" lon="19.94336833">
        <ele>157.9</ele>
        <time>2025-07-11T07:49:09Z</time>
      </trkpt>
      <trkpt lat="47.68771833" lon="19.94303833">
        <ele>157.2</ele>
        <time>2025-07-11T07:49:10Z</time>
      </trkpt>
      <trkpt lat="47.687685" lon="19.94271333">
        <ele>158</ele>
        <time>2025-07-11T07:49:11Z</time>
      </trkpt>
      <trkpt lat="47.68765167" lon="19.94238">
        <ele>158.5</ele>
        <time>2025-07-11T07:49:12Z</time>
      </trkpt>
      <trkpt lat="47.68761667" lon="19.94204667">
        <ele>159.3</ele>
        <time>2025-07-11T07:49:13Z</time>
      </trkpt>
      <trkpt lat="47.68758" lon="19.94171333">
        <ele>159.8</ele>
        <time>2025-07-11T07:49:14Z</time>
      </trkpt>
      <trkpt lat="47.68754333" lon="19.941375">
        <ele>159.7</ele>
        <time>2025-07-11T07:49:15Z</time>
      </trkpt>
      <trkpt lat="47.68750667" lon="19.94103">
        <ele>158.8</ele>
        <time>2025-07-11T07:49:16Z</time>
      </trkpt>
      <trkpt lat="47.68746833" lon="19.94068">
        <ele>158.1</ele>
        <time>2025-07-11T07:49:17Z</time>
      </trkpt>
      <trkpt lat="47.68742667" lon="19.94032833">
        <ele>157</ele>
        <time>2025-07-11T07:49:18Z</time>
      </trkpt>
      <trkpt lat="47.68738833" lon="19.93998">
        <ele>156.6</ele>
        <time>2025-07-11T07:49:19Z</time>
      </trkpt>
      <trkpt lat="47.68735" lon="19.93962">
        <ele>155</ele>
        <time>2025-07-11T07:49:20Z</time>
      </trkpt>
      <trkpt lat="47.687315" lon="19.93925833">
        <ele>155.4</ele>
        <time>2025-07-11T07:49:21Z</time>
      </trkpt>
      <trkpt lat="47.68728" lon="19.938895">
        <ele>156.1</ele>
        <time>2025-07-11T07:49:22Z</time>
      </trkpt>
      <trkpt lat="47.68724167" lon="19.93853">
        <ele>156</ele>
        <time>2025-07-11T07:49:23Z</time>
      </trkpt>
      <trkpt lat="47.6872" lon="19.93816333">
        <ele>156.8</ele>
        <time>2025-07-11T07:49:24Z</time>
      </trkpt>
      <trkpt lat="47.687155" lon="19.93778167">
        <ele>156.2</ele>
        <time>2025-07-11T07:49:25Z</time>
      </trkpt>
      <trkpt lat="47.68711833" lon="19.93740333">
        <ele>155.9</ele>
        <time>2025-07-11T07:49:26Z</time>
      </trkpt>
      <trkpt lat="47.68708" lon="19.937015">
        <ele>156</ele>
        <time>2025-07-11T07:49:27Z</time>
      </trkpt>
      <trkpt lat="47.68703667" lon="19.93663333">
        <ele>156.7</ele>
        <time>2025-07-11T07:49:28Z</time>
      </trkpt>
      <trkpt lat="47.68699833" lon="19.93625167">
        <ele>157.8</ele>
        <time>2025-07-11T07:49:29Z</time>
      </trkpt>
      <trkpt lat="47.68695167" lon="19.93587">
        <ele>157.4</ele>
        <time>2025-07-11T07:49:30Z</time>
      </trkpt>
      <trkpt lat="47.68691167" lon="19.935475">
        <ele>158.1</ele>
        <time>2025-07-11T07:49:31Z</time>
      </trkpt>
      <trkpt lat="47.68686833" lon="19.93508167">
        <ele>157.7</ele>
        <time>2025-07-11T07:49:32Z</time>
      </trkpt>
      <trkpt lat="47.68683333" lon="19.93468167">
        <ele>156.8</ele>
        <time>2025-07-11T07:49:33Z</time>
      </trkpt>
      <trkpt lat="47.68679" lon="19.93427833">
        <ele>156.6</ele>
        <time>2025-07-11T07:49:34Z</time>
      </trkpt>
      <trkpt lat="47.68675" lon="19.93387333">
        <ele>156.4</ele>
        <time>2025-07-11T07:49:35Z</time>
      </trkpt>
      <trkpt lat="47.68670333" lon="19.933465">
        <ele>156.5</ele>
        <time>2025-07-11T07:49:36Z</time>
      </trkpt>
      <trkpt lat="47.68665667" lon="19.933055">
        <ele>156.5</ele>
        <time>2025-07-11T07:49:37Z</time>
      </trkpt>
      <trkpt lat="47.68661667" lon="19.932635">
        <ele>156.4</ele>
        <time>2025-07-11T07:49:38Z</time>
      </trkpt>
      <trkpt lat="47.68657167" lon="19.93222167">
        <ele>156.2</ele>
        <time>2025-07-11T07:49:39Z</time>
      </trkpt>
      <trkpt lat="47.68652667" lon="19.93180167">
        <ele>155.9</ele>
        <time>2025-07-11T07:49:40Z</time>
      </trkpt>
      <trkpt lat="47.68648833" lon="19.93138">
        <ele>155.9</ele>
        <time>2025-07-11T07:49:41Z</time>
      </trkpt>
      <trkpt lat="47.68644" lon="19.93095167">
        <ele>155.5</ele>
        <time>2025-07-11T07:49:42Z</time>
      </trkpt>
      <trkpt lat="47.68638833" lon="19.93051833">
        <ele>154.6</ele>
        <time>2025-07-11T07:49:43Z</time>
      </trkpt>
      <trkpt lat="47.68634333" lon="19.93008667">
        <ele>155.5</ele>
        <time>2025-07-11T07:49:44Z</time>
      </trkpt>
      <trkpt lat="47.68629667" lon="19.92965333">
        <ele>155.2</ele>
        <time>2025-07-11T07:49:45Z</time>
      </trkpt>
      <trkpt lat="47.68626167" lon="19.92920667">
        <ele>155.7</ele>
        <time>2025-07-11T07:49:46Z</time>
      </trkpt>
      <trkpt lat="47.68621667" lon="19.928775">
        <ele>156.2</ele>
        <time>2025-07-11T07:49:47Z</time>
      </trkpt>
      <trkpt lat="47.68616667" lon="19.928335">
        <ele>156.1</ele>
        <time>2025-07-11T07:49:48Z</time>
      </trkpt>
      <trkpt lat="47.68611667" lon="19.92789667">
        <ele>155.9</ele>
        <time>2025-07-11T07:49:49Z</time>
      </trkpt>
      <trkpt lat="47.68607167" lon="19.927455">
        <ele>155.5</ele>
        <time>2025-07-11T07:49:50Z</time>
      </trkpt>
      <trkpt lat="47.68603" lon="19.92702167">
        <ele>155.2</ele>
        <time>2025-07-11T07:49:51Z</time>
      </trkpt>
      <trkpt lat="47.685985" lon="19.92658167">
        <ele>155.3</ele>
        <time>2025-07-11T07:49:52Z</time>
      </trkpt>
      <trkpt lat="47.68594" lon="19.92615">
        <ele>155.8</ele>
        <time>2025-07-11T07:49:53Z</time>
      </trkpt>
      <trkpt lat="47.68589833" lon="19.92571833">
        <ele>157.1</ele>
        <time>2025-07-11T07:49:54Z</time>
      </trkpt>
      <trkpt lat="47.68585167" lon="19.92529167">
        <ele>157.8</ele>
        <time>2025-07-11T07:49:55Z</time>
      </trkpt>
      <trkpt lat="47.68580667" lon="19.92486167">
        <ele>157.8</ele>
        <time>2025-07-11T07:49:56Z</time>
      </trkpt>
      <trkpt lat="47.68576333" lon="19.92444833">
        <ele>157.1</ele>
        <time>2025-07-11T07:49:57Z</time>
      </trkpt>
      <trkpt lat="47.685715" lon="19.92403667">
        <ele>156.9</ele>
        <time>2025-07-11T07:49:58Z</time>
      </trkpt>
      <trkpt lat="47.68567333" lon="19.923635">
        <ele>156.6</ele>
        <time>2025-07-11T07:49:59Z</time>
      </trkpt>
      <trkpt lat="47.68563667" lon="19.92324333">
        <ele>156.5</ele>
        <time>2025-07-11T07:50:00Z</time>
      </trkpt>
      <trkpt lat="47.68559667" lon="19.92286833">
        <ele>156.9</ele>
        <time>2025-07-11T07:50:01Z</time>
      </trkpt>
      <trkpt lat="47.68556167" lon="19.92249667">
        <ele>157.5</ele>
        <time>2025-07-11T07:50:02Z</time>
      </trkpt>
      <trkpt lat="47.68551833" lon="19.922135">
        <ele>157.6</ele>
        <time>2025-07-11T07:50:03Z</time>
      </trkpt>
      <trkpt lat="47.685475" lon="19.92177833">
        <ele>156.6</ele>
        <time>2025-07-11T07:50:04Z</time>
      </trkpt>
      <trkpt lat="47.68544333" lon="19.92143">
        <ele>156.8</ele>
        <time>2025-07-11T07:50:05Z</time>
      </trkpt>
      <trkpt lat="47.68541167" lon="19.92110167">
        <ele>156</ele>
        <time>2025-07-11T07:50:06Z</time>
      </trkpt>
      <trkpt lat="47.68538" lon="19.92078">
        <ele>156</ele>
        <time>2025-07-11T07:50:07Z</time>
      </trkpt>
      <trkpt lat="47.68534167" lon="19.92046167">
        <ele>155.5</ele>
        <time>2025-07-11T07:50:08Z</time>
      </trkpt>
      <trkpt lat="47.68531" lon="19.92015333">
        <ele>155.9</ele>
        <time>2025-07-11T07:50:09Z</time>
      </trkpt>
      <trkpt lat="47.68528" lon="19.91986">
        <ele>155.6</ele>
        <time>2025-07-11T07:50:10Z</time>
      </trkpt>
      <trkpt lat="47.68525333" lon="19.919565">
        <ele>155.9</ele>
        <time>2025-07-11T07:50:11Z</time>
      </trkpt>
      <trkpt lat="47.68522667" lon="19.91927833">
        <ele>156.6</ele>
        <time>2025-07-11T07:50:12Z</time>
      </trkpt>
      <trkpt lat="47.68518833" lon="19.91899333">
        <ele>156.5</ele>
        <time>2025-07-11T07:50:13Z</time>
      </trkpt>
      <trkpt lat="47.68515833" lon="19.91870667">
        <ele>156.8</ele>
        <time>2025-07-11T07:50:14Z</time>
      </trkpt>
      <trkpt lat="47.68513333" lon="19.91843">
        <ele>156.4</ele>
        <time>2025-07-11T07:50:15Z</time>
      </trkpt>
      <trkpt lat="47.68510333" lon="19.91816">
        <ele>156.6</ele>
        <time>2025-07-11T07:50:16Z</time>
      </trkpt>
      <trkpt lat="47.685075" lon="19.91789333">
        <ele>156.6</ele>
        <time>2025-07-11T07:50:17Z</time>
      </trkpt>
      <trkpt lat="47.685045" lon="19.917625">
        <ele>156.5</ele>
        <time>2025-07-11T07:50:18Z</time>
      </trkpt>
      <trkpt lat="47.68502" lon="19.91735833">
        <ele>156.4</ele>
        <time>2025-07-11T07:50:19Z</time>
      </trkpt>
      <trkpt lat="47.68499333" lon="19.917085">
        <ele>157</ele>
        <time>2025-07-11T07:50:20Z</time>
      </trkpt>
      <trkpt lat="47.68496667" lon="19.91682">
        <ele>156.8</ele>
        <time>2025-07-11T07:50:21Z</time>
      </trkpt>
      <trkpt lat="47.68493833" lon="19.91655167">
        <ele>157.1</ele>
        <time>2025-07-11T07:50:22Z</time>
      </trkpt>
      <trkpt lat="47.68490667" lon="19.91629167">
        <ele>156.4</ele>
        <time>2025-07-11T07:50:23Z</time>
      </trkpt>
      <trkpt lat="47.684875" lon="19.91603">
        <ele>156.1</ele>
        <time>2025-07-11T07:50:24Z</time>
      </trkpt>
      <trkpt lat="47.68485" lon="19.915765">
        <ele>156.3</ele>
        <time>2025-07-11T07:50:25Z</time>
      </trkpt>
      <trkpt lat="47.684825" lon="19.91550833">
        <ele>156.3</ele>
        <time>2025-07-11T07:50:26Z</time>
      </trkpt>
      <trkpt lat="47.68479167" lon="19.91524667">
        <ele>156.6</ele>
        <time>2025-07-11T07:50:27Z</time>
      </trkpt>
      <trkpt lat="47.68476" lon="19.914985">
        <ele>156.7</ele>
        <time>2025-07-11T07:50:28Z</time>
      </trkpt>
      <trkpt lat="47.68472833" lon="19.91473333">
        <ele>157.5</ele>
        <time>2025-07-11T07:50:29Z</time>
      </trkpt>
      <trkpt lat="47.68470167" lon="19.91449">
        <ele>157.7</ele>
        <time>2025-07-11T07:50:30Z</time>
      </trkpt>
      <trkpt lat="47.68466833" lon="19.91424">
        <ele>157.1</ele>
        <time>2025-07-11T07:50:31Z</time>
      </trkpt>
      <trkpt lat="47.68466" lon="19.914">
        <ele>157.3</ele>
        <time>2025-07-11T07:50:32Z</time>
      </trkpt>
      <trkpt lat="47.68462167" lon="19.913735">
        <ele>158.1</ele>
        <time>2025-07-11T07:50:33Z</time>
      </trkpt>
      <trkpt lat="47.68458667" lon="19.91347333">
        <ele>158</ele>
        <time>2025-07-11T07:50:34Z</time>
      </trkpt>
      <trkpt lat="47.68456833" lon="19.91321167">
        <ele>157.8</ele>
        <time>2025-07-11T07:50:35Z</time>
      </trkpt>
      <trkpt lat="47.68455333" lon="19.91294667">
        <ele>157</ele>
        <time>2025-07-11T07:50:36Z</time>
      </trkpt>
      <trkpt lat="47.68453" lon="19.91268167">
        <ele>156.5</ele>
        <time>2025-07-11T07:50:37Z</time>
      </trkpt>
      <trkpt lat="47.68450167" lon="19.91241">
        <ele>156.3</ele>
        <time>2025-07-11T07:50:38Z</time>
      </trkpt>
      <trkpt lat="47.68448333" lon="19.91214167">
        <ele>156.1</ele>
        <time>2025-07-11T07:50:39Z</time>
      </trkpt>
      <trkpt lat="47.68446333" lon="19.91187667">
        <ele>155.5</ele>
        <time>2025-07-11T07:50:40Z</time>
      </trkpt>
      <trkpt lat="47.68443833" lon="19.91160833">
        <ele>155.3</ele>
        <time>2025-07-11T07:50:41Z</time>
      </trkpt>
      <trkpt lat="47.68439667" lon="19.91132667">
        <ele>154.8</ele>
        <time>2025-07-11T07:50:42Z</time>
      </trkpt>
      <trkpt lat="47.68436333" lon="19.91105167">
        <ele>155.2</ele>
        <time>2025-07-11T07:50:43Z</time>
      </trkpt>
      <trkpt lat="47.68433167" lon="19.91077833">
        <ele>156.3</ele>
        <time>2025-07-11T07:50:44Z</time>
      </trkpt>
      <trkpt lat="47.68430833" lon="19.91051167">
        <ele>156.3</ele>
        <time>2025-07-11T07:50:45Z</time>
      </trkpt>
      <trkpt lat="47.68429" lon="19.91024333">
        <ele>156.4</ele>
        <time>2025-07-11T07:50:46Z</time>
      </trkpt>
      <trkpt lat="47.68424" lon="19.909965">
        <ele>156</ele>
        <time>2025-07-11T07:50:47Z</time>
      </trkpt>
      <trkpt lat="47.68422167" lon="19.90969667">
        <ele>156.3</ele>
        <time>2025-07-11T07:50:48Z</time>
      </trkpt>
      <trkpt lat="47.68419667" lon="19.90943333">
        <ele>156.1</ele>
        <time>2025-07-11T07:50:49Z</time>
      </trkpt>
      <trkpt lat="47.684145" lon="19.909155">
        <ele>155.7</ele>
        <time>2025-07-11T07:50:50Z</time>
      </trkpt>
      <trkpt lat="47.68411333" lon="19.90887833">
        <ele>156.2</ele>
        <time>2025-07-11T07:50:51Z</time>
      </trkpt>
      <trkpt lat="47.68409333" lon="19.9086">
        <ele>156.7</ele>
        <time>2025-07-11T07:50:52Z</time>
      </trkpt>
      <trkpt lat="47.68406167" lon="19.90833">
        <ele>156.5</ele>
        <time>2025-07-11T07:50:53Z</time>
      </trkpt>
      <trkpt lat="47.684035" lon="19.908055">
        <ele>158.9</ele>
        <time>2025-07-11T07:50:54Z</time>
      </trkpt>
      <trkpt lat="47.68401167" lon="19.90779">
        <ele>159.1</ele>
        <time>2025-07-11T07:50:55Z</time>
      </trkpt>
      <trkpt lat="47.68398667" lon="19.90751333">
        <ele>158.3</ele>
        <time>2025-07-11T07:50:56Z</time>
      </trkpt>
      <trkpt lat="47.68396" lon="19.90724167">
        <ele>158.8</ele>
        <time>2025-07-11T07:50:57Z</time>
      </trkpt>
      <trkpt lat="47.68393" lon="19.906965">
        <ele>158.7</ele>
        <time>2025-07-11T07:50:58Z</time>
      </trkpt>
      <trkpt lat="47.68389667" lon="19.906685">
        <ele>158.8</ele>
        <time>2025-07-11T07:50:59Z</time>
      </trkpt>
      <trkpt lat="47.68386833" lon="19.90640833">
        <ele>158.8</ele>
        <time>2025-07-11T07:51:00Z</time>
      </trkpt>
      <trkpt lat="47.68384" lon="19.90613333">
        <ele>158.8</ele>
        <time>2025-07-11T07:51:01Z</time>
      </trkpt>
      <trkpt lat="47.68381333" lon="19.90586">
        <ele>158.6</ele>
        <time>2025-07-11T07:51:02Z</time>
      </trkpt>
      <trkpt lat="47.68378667" lon="19.905575">
        <ele>158.8</ele>
        <time>2025-07-11T07:51:03Z</time>
      </trkpt>
      <trkpt lat="47.68376" lon="19.90528667">
        <ele>159.1</ele>
        <time>2025-07-11T07:51:04Z</time>
      </trkpt>
      <trkpt lat="47.68373167" lon="19.90499833">
        <ele>159.2</ele>
        <time>2025-07-11T07:51:05Z</time>
      </trkpt>
      <trkpt lat="47.6837" lon="19.90470833">
        <ele>159.3</ele>
        <time>2025-07-11T07:51:06Z</time>
      </trkpt>
      <trkpt lat="47.68367167" lon="19.90441833">
        <ele>159.5</ele>
        <time>2025-07-11T07:51:07Z</time>
      </trkpt>
      <trkpt lat="47.683645" lon="19.90412833">
        <ele>159.8</ele>
        <time>2025-07-11T07:51:08Z</time>
      </trkpt>
      <trkpt lat="47.68361667" lon="19.90384333">
        <ele>160</ele>
        <time>2025-07-11T07:51:09Z</time>
      </trkpt>
      <trkpt lat="47.68358833" lon="19.90355667">
        <ele>160.3</ele>
        <time>2025-07-11T07:51:10Z</time>
      </trkpt>
      <trkpt lat="47.68355" lon="19.903245">
        <ele>161.4</ele>
        <time>2025-07-11T07:51:11Z</time>
      </trkpt>
      <trkpt lat="47.68351833" lon="19.902945">
        <ele>162.5</ele>
        <time>2025-07-11T07:51:12Z</time>
      </trkpt>
      <trkpt lat="47.68348833" lon="19.90264833">
        <ele>163.5</ele>
        <time>2025-07-11T07:51:13Z</time>
      </trkpt>
      <trkpt lat="47.68346" lon="19.90234833">
        <ele>164.7</ele>
        <time>2025-07-11T07:51:14Z</time>
      </trkpt>
      <trkpt lat="47.683425" lon="19.90204">
        <ele>164.2</ele>
        <time>2025-07-11T07:51:15Z</time>
      </trkpt>
      <trkpt lat="47.6834" lon="19.90174333">
        <ele>164.6</ele>
        <time>2025-07-11T07:51:16Z</time>
      </trkpt>
      <trkpt lat="47.68336667" lon="19.90143167">
        <ele>164.1</ele>
        <time>2025-07-11T07:51:17Z</time>
      </trkpt>
      <trkpt lat="47.68332833" lon="19.90112">
        <ele>163.3</ele>
        <time>2025-07-11T07:51:18Z</time>
      </trkpt>
      <trkpt lat="47.68329667" lon="19.9008">
        <ele>163.3</ele>
        <time>2025-07-11T07:51:19Z</time>
      </trkpt>
      <trkpt lat="47.68326" lon="19.90046833">
        <ele>164.3</ele>
        <time>2025-07-11T07:51:20Z</time>
      </trkpt>
      <trkpt lat="47.683225" lon="19.90014833">
        <ele>165.3</ele>
        <time>2025-07-11T07:51:21Z</time>
      </trkpt>
      <trkpt lat="47.68318167" lon="19.89982167">
        <ele>163.7</ele>
        <time>2025-07-11T07:51:22Z</time>
      </trkpt>
      <trkpt lat="47.68314333" lon="19.89949333">
        <ele>163</ele>
        <time>2025-07-11T07:51:23Z</time>
      </trkpt>
      <trkpt lat="47.68311" lon="19.899165">
        <ele>162.4</ele>
        <time>2025-07-11T07:51:24Z</time>
      </trkpt>
      <trkpt lat="47.68307833" lon="19.89882667">
        <ele>163.4</ele>
        <time>2025-07-11T07:51:25Z</time>
      </trkpt>
      <trkpt lat="47.68303833" lon="19.89848333">
        <ele>163.7</ele>
        <time>2025-07-11T07:51:26Z</time>
      </trkpt>
      <trkpt lat="47.683005" lon="19.89813667">
        <ele>162.5</ele>
        <time>2025-07-11T07:51:27Z</time>
      </trkpt>
      <trkpt lat="47.68297833" lon="19.89781167">
        <ele>162.6</ele>
        <time>2025-07-11T07:51:28Z</time>
      </trkpt>
      <trkpt lat="47.682945" lon="19.89748">
        <ele>161.1</ele>
        <time>2025-07-11T07:51:29Z</time>
      </trkpt>
      <trkpt lat="47.68290833" lon="19.89714167">
        <ele>161.2</ele>
        <time>2025-07-11T07:51:30Z</time>
      </trkpt>
      <trkpt lat="47.68287" lon="19.89680667">
        <ele>160.7</ele>
        <time>2025-07-11T07:51:31Z</time>
      </trkpt>
      <trkpt lat="47.68283333" lon="19.896485">
        <ele>160.4</ele>
        <time>2025-07-11T07:51:32Z</time>
      </trkpt>
      <trkpt lat="47.68279833" lon="19.89615333">
        <ele>159.7</ele>
        <time>2025-07-11T07:51:33Z</time>
      </trkpt>
      <trkpt lat="47.68276833" lon="19.89580833">
        <ele>159</ele>
        <time>2025-07-11T07:51:34Z</time>
      </trkpt>
      <trkpt lat="47.68273667" lon="19.895475">
        <ele>159.2</ele>
        <time>2025-07-11T07:51:35Z</time>
      </trkpt>
      <trkpt lat="47.68269833" lon="19.89513333">
        <ele>158.8</ele>
        <time>2025-07-11T07:51:36Z</time>
      </trkpt>
      <trkpt lat="47.68265167" lon="19.89478">
        <ele>157.7</ele>
        <time>2025-07-11T07:51:37Z</time>
      </trkpt>
      <trkpt lat="47.68261667" lon="19.894435">
        <ele>157.9</ele>
        <time>2025-07-11T07:51:38Z</time>
      </trkpt>
      <trkpt lat="47.68258167" lon="19.894085">
        <ele>158.2</ele>
        <time>2025-07-11T07:51:39Z</time>
      </trkpt>
      <trkpt lat="47.682545" lon="19.89373333">
        <ele>158</ele>
        <time>2025-07-11T07:51:40Z</time>
      </trkpt>
      <trkpt lat="47.68250833" lon="19.89337333">
        <ele>157.7</ele>
        <time>2025-07-11T07:51:41Z</time>
      </trkpt>
      <trkpt lat="47.68247" lon="19.893005">
        <ele>157.5</ele>
        <time>2025-07-11T07:51:42Z</time>
      </trkpt>
      <trkpt lat="47.68242333" lon="19.89264167">
        <ele>157.7</ele>
        <time>2025-07-11T07:51:43Z</time>
      </trkpt>
      <trkpt lat="47.68238833" lon="19.89226833">
        <ele>158.4</ele>
        <time>2025-07-11T07:51:44Z</time>
      </trkpt>
      <trkpt lat="47.68234" lon="19.89189167">
        <ele>158.7</ele>
        <time>2025-07-11T07:51:45Z</time>
      </trkpt>
      <trkpt lat="47.68229667" lon="19.89151333">
        <ele>158.5</ele>
        <time>2025-07-11T07:51:46Z</time>
      </trkpt>
      <trkpt lat="47.68225333" lon="19.89113833">
        <ele>157.8</ele>
        <time>2025-07-11T07:51:47Z</time>
      </trkpt>
      <trkpt lat="47.68221167" lon="19.89075333">
        <ele>157.6</ele>
        <time>2025-07-11T07:51:48Z</time>
      </trkpt>
      <trkpt lat="47.68216833" lon="19.89036333">
        <ele>157.6</ele>
        <time>2025-07-11T07:51:49Z</time>
      </trkpt>
      <trkpt lat="47.682125" lon="19.88997667">
        <ele>157</ele>
        <time>2025-07-11T07:51:50Z</time>
      </trkpt>
      <trkpt lat="47.68208" lon="19.889585">
        <ele>156.1</ele>
        <time>2025-07-11T07:51:51Z</time>
      </trkpt>
      <trkpt lat="47.68203667" lon="19.889195">
        <ele>155.5</ele>
        <time>2025-07-11T07:51:52Z</time>
      </trkpt>
      <trkpt lat="47.68199" lon="19.88880167">
        <ele>155</ele>
        <time>2025-07-11T07:51:53Z</time>
      </trkpt>
      <trkpt lat="47.68193833" lon="19.88840667">
        <ele>153.5</ele>
        <time>2025-07-11T07:51:54Z</time>
      </trkpt>
      <trkpt lat="47.68189333" lon="19.88801167">
        <ele>153.5</ele>
        <time>2025-07-11T07:51:55Z</time>
      </trkpt>
      <trkpt lat="47.68185" lon="19.88762333">
        <ele>151.6</ele>
        <time>2025-07-11T07:51:56Z</time>
      </trkpt>
      <trkpt lat="47.68181" lon="19.88723333">
        <ele>151.3</ele>
        <time>2025-07-11T07:51:57Z</time>
      </trkpt>
      <trkpt lat="47.68176167" lon="19.88684333">
        <ele>150.4</ele>
        <time>2025-07-11T07:51:58Z</time>
      </trkpt>
      <trkpt lat="47.68172" lon="19.88646833">
        <ele>148.8</ele>
        <time>2025-07-11T07:51:59Z</time>
      </trkpt>
      <trkpt lat="47.68168333" lon="19.8861">
        <ele>147.6</ele>
        <time>2025-07-11T07:52:00Z</time>
      </trkpt>
      <trkpt lat="47.68166" lon="19.88574">
        <ele>150</ele>
        <time>2025-07-11T07:52:01Z</time>
      </trkpt>
      <trkpt lat="47.68162333" lon="19.88538">
        <ele>149.6</ele>
        <time>2025-07-11T07:52:02Z</time>
      </trkpt>
      <trkpt lat="47.68159" lon="19.885015">
        <ele>150.4</ele>
        <time>2025-07-11T07:52:03Z</time>
      </trkpt>
      <trkpt lat="47.68156667" lon="19.88466833">
        <ele>151.8</ele>
        <time>2025-07-11T07:52:04Z</time>
      </trkpt>
      <trkpt lat="47.68154" lon="19.88432167">
        <ele>154.1</ele>
        <time>2025-07-11T07:52:05Z</time>
      </trkpt>
      <trkpt lat="47.68151" lon="19.88398333">
        <ele>155.1</ele>
        <time>2025-07-11T07:52:06Z</time>
      </trkpt>
      <trkpt lat="47.68147667" lon="19.88365833">
        <ele>156.4</ele>
        <time>2025-07-11T07:52:07Z</time>
      </trkpt>
      <trkpt lat="47.681455" lon="19.88333167">
        <ele>157.2</ele>
        <time>2025-07-11T07:52:08Z</time>
      </trkpt>
      <trkpt lat="47.68143" lon="19.88301333">
        <ele>157.7</ele>
        <time>2025-07-11T07:52:09Z</time>
      </trkpt>
      <trkpt lat="47.68139833" lon="19.88269833">
        <ele>158.4</ele>
        <time>2025-07-11T07:52:10Z</time>
      </trkpt>
      <trkpt lat="47.68136" lon="19.88238833">
        <ele>158.8</ele>
        <time>2025-07-11T07:52:11Z</time>
      </trkpt>
      <trkpt lat="47.681325" lon="19.88207833">
        <ele>158.4</ele>
        <time>2025-07-11T07:52:12Z</time>
      </trkpt>
      <trkpt lat="47.681295" lon="19.88177667">
        <ele>158</ele>
        <time>2025-07-11T07:52:13Z</time>
      </trkpt>
      <trkpt lat="47.68126167" lon="19.88147667">
        <ele>157.9</ele>
        <time>2025-07-11T07:52:14Z</time>
      </trkpt>
      <trkpt lat="47.68123333" lon="19.88118167">
        <ele>158.7</ele>
        <time>2025-07-11T07:52:15Z</time>
      </trkpt>
      <trkpt lat="47.68120167" lon="19.88088333">
        <ele>159.2</ele>
        <time>2025-07-11T07:52:16Z</time>
      </trkpt>
      <trkpt lat="47.68116833" lon="19.88059">
        <ele>159</ele>
        <time>2025-07-11T07:52:17Z</time>
      </trkpt>
      <trkpt lat="47.68113667" lon="19.880295">
        <ele>159.2</ele>
        <time>2025-07-11T07:52:18Z</time>
      </trkpt>
      <trkpt lat="47.68110667" lon="19.87999333">
        <ele>158.6</ele>
        <time>2025-07-11T07:52:19Z</time>
      </trkpt>
      <trkpt lat="47.681075" lon="19.87969">
        <ele>159.1</ele>
        <time>2025-07-11T07:52:20Z</time>
      </trkpt>
      <trkpt lat="47.681045" lon="19.87940167">
        <ele>159.9</ele>
        <time>2025-07-11T07:52:21Z</time>
      </trkpt>
      <trkpt lat="47.68101333" lon="19.879105">
        <ele>159.7</ele>
        <time>2025-07-11T07:52:22Z</time>
      </trkpt>
      <trkpt lat="47.680985" lon="19.87880333">
        <ele>159</ele>
        <time>2025-07-11T07:52:23Z</time>
      </trkpt>
      <trkpt lat="47.68095167" lon="19.87851">
        <ele>159</ele>
        <time>2025-07-11T07:52:24Z</time>
      </trkpt>
      <trkpt lat="47.68091833" lon="19.87821333">
        <ele>158.7</ele>
        <time>2025-07-11T07:52:25Z</time>
      </trkpt>
      <trkpt lat="47.68089" lon="19.87791333">
        <ele>159.4</ele>
        <time>2025-07-11T07:52:26Z</time>
      </trkpt>
      <trkpt lat="47.68085833" lon="19.877615">
        <ele>158.6</ele>
        <time>2025-07-11T07:52:27Z</time>
      </trkpt>
      <trkpt lat="47.68082667" lon="19.877325">
        <ele>159.2</ele>
        <time>2025-07-11T07:52:28Z</time>
      </trkpt>
      <trkpt lat="47.68079667" lon="19.87702833">
        <ele>159.7</ele>
        <time>2025-07-11T07:52:29Z</time>
      </trkpt>
      <trkpt lat="47.680765" lon="19.876735">
        <ele>159.9</ele>
        <time>2025-07-11T07:52:30Z</time>
      </trkpt>
      <trkpt lat="47.68073167" lon="19.876445">
        <ele>159.1</ele>
        <time>2025-07-11T07:52:31Z</time>
      </trkpt>
      <trkpt lat="47.68069833" lon="19.87615333">
        <ele>158.8</ele>
        <time>2025-07-11T07:52:32Z</time>
      </trkpt>
      <trkpt lat="47.68066667" lon="19.87586333">
        <ele>158</ele>
        <time>2025-07-11T07:52:33Z</time>
      </trkpt>
      <trkpt lat="47.68062833" lon="19.87556667">
        <ele>157.4</ele>
        <time>2025-07-11T07:52:34Z</time>
      </trkpt>
      <trkpt lat="47.68059667" lon="19.87527667">
        <ele>158</ele>
        <time>2025-07-11T07:52:35Z</time>
      </trkpt>
      <trkpt lat="47.68056333" lon="19.87498833">
        <ele>158</ele>
        <time>2025-07-11T07:52:36Z</time>
      </trkpt>
      <trkpt lat="47.68054333" lon="19.874705">
        <ele>157.3</ele>
        <time>2025-07-11T07:52:37Z</time>
      </trkpt>
      <trkpt lat="47.68051667" lon="19.87441333">
        <ele>157.5</ele>
        <time>2025-07-11T07:52:38Z</time>
      </trkpt>
      <trkpt lat="47.68049" lon="19.87412833">
        <ele>158.1</ele>
        <time>2025-07-11T07:52:39Z</time>
      </trkpt>
      <trkpt lat="47.68046667" lon="19.87384833">
        <ele>158.6</ele>
        <time>2025-07-11T07:52:40Z</time>
      </trkpt>
      <trkpt lat="47.68043833" lon="19.87356333">
        <ele>158.7</ele>
        <time>2025-07-11T07:52:41Z</time>
      </trkpt>
      <trkpt lat="47.68041333" lon="19.87327167">
        <ele>158.9</ele>
        <time>2025-07-11T07:52:42Z</time>
      </trkpt>
      <trkpt lat="47.68037667" lon="19.87297833">
        <ele>157.7</ele>
        <time>2025-07-11T07:52:43Z</time>
      </trkpt>
      <trkpt lat="47.68034167" lon="19.872675">
        <ele>158.6</ele>
        <time>2025-07-11T07:52:44Z</time>
      </trkpt>
      <trkpt lat="47.68030667" lon="19.87237667">
        <ele>158.1</ele>
        <time>2025-07-11T07:52:45Z</time>
      </trkpt>
      <trkpt lat="47.68028" lon="19.87208333">
        <ele>158.6</ele>
        <time>2025-07-11T07:52:46Z</time>
      </trkpt>
      <trkpt lat="47.68024333" lon="19.87177167">
        <ele>158.7</ele>
        <time>2025-07-11T07:52:47Z</time>
      </trkpt>
      <trkpt lat="47.68021" lon="19.87146333">
        <ele>157.5</ele>
        <time>2025-07-11T07:52:48Z</time>
      </trkpt>
      <trkpt lat="47.68017833" lon="19.87115167">
        <ele>158</ele>
        <time>2025-07-11T07:52:49Z</time>
      </trkpt>
      <trkpt lat="47.68013833" lon="19.87083333">
        <ele>157</ele>
        <time>2025-07-11T07:52:50Z</time>
      </trkpt>
      <trkpt lat="47.680105" lon="19.87051167">
        <ele>157</ele>
        <time>2025-07-11T07:52:51Z</time>
      </trkpt>
      <trkpt lat="47.68007" lon="19.87018667">
        <ele>156.9</ele>
        <time>2025-07-11T07:52:52Z</time>
      </trkpt>
      <trkpt lat="47.68003667" lon="19.869845">
        <ele>157</ele>
        <time>2025-07-11T07:52:53Z</time>
      </trkpt>
      <trkpt lat="47.67999833" lon="19.86950333">
        <ele>157.5</ele>
        <time>2025-07-11T07:52:54Z</time>
      </trkpt>
      <trkpt lat="47.67996" lon="19.86915333">
        <ele>158.1</ele>
        <time>2025-07-11T07:52:55Z</time>
      </trkpt>
      <trkpt lat="47.67992167" lon="19.86879833">
        <ele>157.3</ele>
        <time>2025-07-11T07:52:56Z</time>
      </trkpt>
      <trkpt lat="47.67988167" lon="19.86844">
        <ele>157.8</ele>
        <time>2025-07-11T07:52:57Z</time>
      </trkpt>
      <trkpt lat="47.679845" lon="19.86806833">
        <ele>158.3</ele>
        <time>2025-07-11T07:52:58Z</time>
      </trkpt>
      <trkpt lat="47.67980833" lon="19.8677">
        <ele>158.4</ele>
        <time>2025-07-11T07:52:59Z</time>
      </trkpt>
      <trkpt lat="47.67976667" lon="19.86731">
        <ele>158.3</ele>
        <time>2025-07-11T07:53:00Z</time>
      </trkpt>
      <trkpt lat="47.67972667" lon="19.86692167">
        <ele>158.3</ele>
        <time>2025-07-11T07:53:01Z</time>
      </trkpt>
      <trkpt lat="47.67968" lon="19.866525">
        <ele>157.6</ele>
        <time>2025-07-11T07:53:02Z</time>
      </trkpt>
      <trkpt lat="47.67963833" lon="19.86612667">
        <ele>157.7</ele>
        <time>2025-07-11T07:53:03Z</time>
      </trkpt>
      <trkpt lat="47.679595" lon="19.865725">
        <ele>157.1</ele>
        <time>2025-07-11T07:53:04Z</time>
      </trkpt>
      <trkpt lat="47.67954333" lon="19.86531667">
        <ele>157.1</ele>
        <time>2025-07-11T07:53:05Z</time>
      </trkpt>
      <trkpt lat="47.67950333" lon="19.86490333">
        <ele>157.4</ele>
        <time>2025-07-11T07:53:06Z</time>
      </trkpt>
      <trkpt lat="47.67946833" lon="19.86448667">
        <ele>157.6</ele>
        <time>2025-07-11T07:53:07Z</time>
      </trkpt>
      <trkpt lat="47.67942333" lon="19.86406167">
        <ele>157.9</ele>
        <time>2025-07-11T07:53:08Z</time>
      </trkpt>
      <trkpt lat="47.67937833" lon="19.86363667">
        <ele>158.5</ele>
        <time>2025-07-11T07:53:09Z</time>
      </trkpt>
      <trkpt lat="47.67933167" lon="19.863215">
        <ele>159.3</ele>
        <time>2025-07-11T07:53:10Z</time>
      </trkpt>
      <trkpt lat="47.67928167" lon="19.86278833">
        <ele>156.6</ele>
        <time>2025-07-11T07:53:11Z</time>
      </trkpt>
      <trkpt lat="47.67923667" lon="19.86235667">
        <ele>156.7</ele>
        <time>2025-07-11T07:53:12Z</time>
      </trkpt>
      <trkpt lat="47.679195" lon="19.86191333">
        <ele>157.1</ele>
        <time>2025-07-11T07:53:13Z</time>
      </trkpt>
      <trkpt lat="47.67914667" lon="19.86147833">
        <ele>158</ele>
        <time>2025-07-11T07:53:14Z</time>
      </trkpt>
      <trkpt lat="47.679105" lon="19.86104">
        <ele>159.7</ele>
        <time>2025-07-11T07:53:15Z</time>
      </trkpt>
      <trkpt lat="47.679055" lon="19.860615">
        <ele>159.8</ele>
        <time>2025-07-11T07:53:16Z</time>
      </trkpt>
      <trkpt lat="47.67900667" lon="19.86017833">
        <ele>160.2</ele>
        <time>2025-07-11T07:53:17Z</time>
      </trkpt>
      <trkpt lat="47.678965" lon="19.85974667">
        <ele>160.7</ele>
        <time>2025-07-11T07:53:18Z</time>
      </trkpt>
      <trkpt lat="47.67892" lon="19.859305">
        <ele>161</ele>
        <time>2025-07-11T07:53:19Z</time>
      </trkpt>
      <trkpt lat="47.678875" lon="19.858875">
        <ele>161.2</ele>
        <time>2025-07-11T07:53:20Z</time>
      </trkpt>
      <trkpt lat="47.67882833" lon="19.85843167">
        <ele>161.5</ele>
        <time>2025-07-11T07:53:21Z</time>
      </trkpt>
      <trkpt lat="47.67877333" lon="19.85798333">
        <ele>161.2</ele>
        <time>2025-07-11T07:53:22Z</time>
      </trkpt>
      <trkpt lat="47.67873667" lon="19.857535">
        <ele>161.1</ele>
        <time>2025-07-11T07:53:23Z</time>
      </trkpt>
      <trkpt lat="47.67868667" lon="19.8571">
        <ele>160.8</ele>
        <time>2025-07-11T07:53:24Z</time>
      </trkpt>
      <trkpt lat="47.67863667" lon="19.85665833">
        <ele>160.7</ele>
        <time>2025-07-11T07:53:25Z</time>
      </trkpt>
      <trkpt lat="47.678595" lon="19.85622667">
        <ele>160.6</ele>
        <time>2025-07-11T07:53:26Z</time>
      </trkpt>
      <trkpt lat="47.67854667" lon="19.85579">
        <ele>160.9</ele>
        <time>2025-07-11T07:53:27Z</time>
      </trkpt>
      <trkpt lat="47.67850333" lon="19.855355">
        <ele>161.7</ele>
        <time>2025-07-11T07:53:28Z</time>
      </trkpt>
      <trkpt lat="47.67846333" lon="19.85492">
        <ele>161.9</ele>
        <time>2025-07-11T07:53:29Z</time>
      </trkpt>
      <trkpt lat="47.67841667" lon="19.85448">
        <ele>162</ele>
        <time>2025-07-11T07:53:30Z</time>
      </trkpt>
      <trkpt lat="47.67836667" lon="19.85404167">
        <ele>161.3</ele>
        <time>2025-07-11T07:53:31Z</time>
      </trkpt>
      <trkpt lat="47.67832167" lon="19.85359333">
        <ele>161.6</ele>
        <time>2025-07-11T07:53:32Z</time>
      </trkpt>
      <trkpt lat="47.678275" lon="19.85315333">
        <ele>160.4</ele>
        <time>2025-07-11T07:53:33Z</time>
      </trkpt>
      <trkpt lat="47.67822167" lon="19.85271">
        <ele>160.6</ele>
        <time>2025-07-11T07:53:34Z</time>
      </trkpt>
      <trkpt lat="47.67817333" lon="19.85225667">
        <ele>160.7</ele>
        <time>2025-07-11T07:53:35Z</time>
      </trkpt>
      <trkpt lat="47.678125" lon="19.85182333">
        <ele>160.7</ele>
        <time>2025-07-11T07:53:36Z</time>
      </trkpt>
      <trkpt lat="47.67806833" lon="19.85137833">
        <ele>160.6</ele>
        <time>2025-07-11T07:53:37Z</time>
      </trkpt>
      <trkpt lat="47.67802" lon="19.85094167">
        <ele>160.2</ele>
        <time>2025-07-11T07:53:38Z</time>
      </trkpt>
      <trkpt lat="47.677975" lon="19.85052333">
        <ele>159.6</ele>
        <time>2025-07-11T07:53:39Z</time>
      </trkpt>
      <trkpt lat="47.67793167" lon="19.850095">
        <ele>159.2</ele>
        <time>2025-07-11T07:53:40Z</time>
      </trkpt>
      <trkpt lat="47.67789" lon="19.84966">
        <ele>159.1</ele>
        <time>2025-07-11T07:53:41Z</time>
      </trkpt>
      <trkpt lat="47.67784667" lon="19.849225">
        <ele>158.9</ele>
        <time>2025-07-11T07:53:42Z</time>
      </trkpt>
      <trkpt lat="47.67780167" lon="19.84877833">
        <ele>158.7</ele>
        <time>2025-07-11T07:53:43Z</time>
      </trkpt>
      <trkpt lat="47.67775833" lon="19.84833167">
        <ele>158.9</ele>
        <time>2025-07-11T07:53:44Z</time>
      </trkpt>
      <trkpt lat="47.67771" lon="19.84788833">
        <ele>159.2</ele>
        <time>2025-07-11T07:53:45Z</time>
      </trkpt>
      <trkpt lat="47.67766667" lon="19.84745">
        <ele>158.4</ele>
        <time>2025-07-11T07:53:46Z</time>
      </trkpt>
      <trkpt lat="47.677625" lon="19.84702">
        <ele>157.4</ele>
        <time>2025-07-11T07:53:47Z</time>
      </trkpt>
      <trkpt lat="47.67757833" lon="19.84658167">
        <ele>157.8</ele>
        <time>2025-07-11T07:53:48Z</time>
      </trkpt>
      <trkpt lat="47.67753" lon="19.84614167">
        <ele>157.6</ele>
        <time>2025-07-11T07:53:49Z</time>
      </trkpt>
      <trkpt lat="47.677485" lon="19.84570167">
        <ele>158.5</ele>
        <time>2025-07-11T07:53:50Z</time>
      </trkpt>
      <trkpt lat="47.67744" lon="19.84526667">
        <ele>159.2</ele>
        <time>2025-07-11T07:53:51Z</time>
      </trkpt>
      <trkpt lat="47.67739" lon="19.84482667">
        <ele>159.7</ele>
        <time>2025-07-11T07:53:52Z</time>
      </trkpt>
      <trkpt lat="47.677345" lon="19.84439">
        <ele>160.5</ele>
        <time>2025-07-11T07:53:53Z</time>
      </trkpt>
      <trkpt lat="47.67729667" lon="19.84394667">
        <ele>161</ele>
        <time>2025-07-11T07:53:54Z</time>
      </trkpt>
      <trkpt lat="47.67724667" lon="19.84350667">
        <ele>160.9</ele>
        <time>2025-07-11T07:53:55Z</time>
      </trkpt>
      <trkpt lat="47.67719667" lon="19.843075">
        <ele>160.5</ele>
        <time>2025-07-11T07:53:56Z</time>
      </trkpt>
      <trkpt lat="47.67714833" lon="19.84263333">
        <ele>160.4</ele>
        <time>2025-07-11T07:53:57Z</time>
      </trkpt>
      <trkpt lat="47.67710667" lon="19.84219667">
        <ele>159.4</ele>
        <time>2025-07-11T07:53:58Z</time>
      </trkpt>
      <trkpt lat="47.677065" lon="19.84176833">
        <ele>160.3</ele>
        <time>2025-07-11T07:53:59Z</time>
      </trkpt>
      <trkpt lat="47.67701833" lon="19.84133333">
        <ele>158.7</ele>
        <time>2025-07-11T07:54:00Z</time>
      </trkpt>
      <trkpt lat="47.67697167" lon="19.84089333">
        <ele>159</ele>
        <time>2025-07-11T07:54:01Z</time>
      </trkpt>
      <trkpt lat="47.67692667" lon="19.840455">
        <ele>160</ele>
        <time>2025-07-11T07:54:02Z</time>
      </trkpt>
      <trkpt lat="47.676885" lon="19.84002667">
        <ele>160.5</ele>
        <time>2025-07-11T07:54:03Z</time>
      </trkpt>
      <trkpt lat="47.67683833" lon="19.8396">
        <ele>160.7</ele>
        <time>2025-07-11T07:54:04Z</time>
      </trkpt>
      <trkpt lat="47.6768" lon="19.83916833">
        <ele>161.2</ele>
        <time>2025-07-11T07:54:05Z</time>
      </trkpt>
      <trkpt lat="47.67675167" lon="19.83872167">
        <ele>159.7</ele>
        <time>2025-07-11T07:54:06Z</time>
      </trkpt>
      <trkpt lat="47.67669833" lon="19.838275">
        <ele>160.4</ele>
        <time>2025-07-11T07:54:07Z</time>
      </trkpt>
      <trkpt lat="47.67665" lon="19.83785">
        <ele>160.7</ele>
        <time>2025-07-11T07:54:08Z</time>
      </trkpt>
      <trkpt lat="47.67660167" lon="19.83740333">
        <ele>160.5</ele>
        <time>2025-07-11T07:54:09Z</time>
      </trkpt>
      <trkpt lat="47.67655667" lon="19.83696">
        <ele>160.5</ele>
        <time>2025-07-11T07:54:10Z</time>
      </trkpt>
      <trkpt lat="47.67651" lon="19.83652333">
        <ele>160.9</ele>
        <time>2025-07-11T07:54:11Z</time>
      </trkpt>
      <trkpt lat="47.67646" lon="19.83608333">
        <ele>161.3</ele>
        <time>2025-07-11T07:54:12Z</time>
      </trkpt>
      <trkpt lat="47.67641333" lon="19.83564333">
        <ele>161.6</ele>
        <time>2025-07-11T07:54:13Z</time>
      </trkpt>
      <trkpt lat="47.67636333" lon="19.835215">
        <ele>161</ele>
        <time>2025-07-11T07:54:14Z</time>
      </trkpt>
      <trkpt lat="47.67632" lon="19.834785">
        <ele>160.6</ele>
        <time>2025-07-11T07:54:15Z</time>
      </trkpt>
      <trkpt lat="47.676285" lon="19.83436">
        <ele>160.5</ele>
        <time>2025-07-11T07:54:16Z</time>
      </trkpt>
      <trkpt lat="47.67625" lon="19.83393833">
        <ele>161.9</ele>
        <time>2025-07-11T07:54:17Z</time>
      </trkpt>
      <trkpt lat="47.67621" lon="19.83351167">
        <ele>162.1</ele>
        <time>2025-07-11T07:54:18Z</time>
      </trkpt>
      <trkpt lat="47.676165" lon="19.83312333">
        <ele>162.5</ele>
        <time>2025-07-11T07:54:19Z</time>
      </trkpt>
      <trkpt lat="47.67611833" lon="19.83273167">
        <ele>163.3</ele>
        <time>2025-07-11T07:54:20Z</time>
      </trkpt>
      <trkpt lat="47.67607667" lon="19.83236">
        <ele>163.5</ele>
        <time>2025-07-11T07:54:21Z</time>
      </trkpt>
      <trkpt lat="47.676035" lon="19.83198667">
        <ele>163.3</ele>
        <time>2025-07-11T07:54:22Z</time>
      </trkpt>
      <trkpt lat="47.67599667" lon="19.831615">
        <ele>163.5</ele>
        <time>2025-07-11T07:54:23Z</time>
      </trkpt>
      <trkpt lat="47.67596" lon="19.83125833">
        <ele>163.6</ele>
        <time>2025-07-11T07:54:24Z</time>
      </trkpt>
      <trkpt lat="47.67592333" lon="19.83090833">
        <ele>164</ele>
        <time>2025-07-11T07:54:25Z</time>
      </trkpt>
      <trkpt lat="47.67588667" lon="19.83056167">
        <ele>164.4</ele>
        <time>2025-07-11T07:54:26Z</time>
      </trkpt>
      <trkpt lat="47.67584167" lon="19.83022667">
        <ele>159.2</ele>
        <time>2025-07-11T07:54:27Z</time>
      </trkpt>
      <trkpt lat="47.67580667" lon="19.829875">
        <ele>159.4</ele>
        <time>2025-07-11T07:54:28Z</time>
      </trkpt>
      <trkpt lat="47.67578" lon="19.82953667">
        <ele>159.6</ele>
        <time>2025-07-11T07:54:29Z</time>
      </trkpt>
      <trkpt lat="47.67573333" lon="19.82919667">
        <ele>158.9</ele>
        <time>2025-07-11T07:54:30Z</time>
      </trkpt>
      <trkpt lat="47.67569333" lon="19.82885167">
        <ele>158.8</ele>
        <time>2025-07-11T07:54:31Z</time>
      </trkpt>
      <trkpt lat="47.67565833" lon="19.828515">
        <ele>157.5</ele>
        <time>2025-07-11T07:54:32Z</time>
      </trkpt>
      <trkpt lat="47.67562333" lon="19.828175">
        <ele>157.5</ele>
        <time>2025-07-11T07:54:33Z</time>
      </trkpt>
      <trkpt lat="47.67558667" lon="19.82783333">
        <ele>158.2</ele>
        <time>2025-07-11T07:54:34Z</time>
      </trkpt>
      <trkpt lat="47.67554667" lon="19.82749833">
        <ele>157.9</ele>
        <time>2025-07-11T07:54:35Z</time>
      </trkpt>
      <trkpt lat="47.67550667" lon="19.827155">
        <ele>157.9</ele>
        <time>2025-07-11T07:54:36Z</time>
      </trkpt>
      <trkpt lat="47.675475" lon="19.82681833">
        <ele>158.3</ele>
        <time>2025-07-11T07:54:37Z</time>
      </trkpt>
      <trkpt lat="47.67543667" lon="19.826485">
        <ele>158.9</ele>
        <time>2025-07-11T07:54:38Z</time>
      </trkpt>
      <trkpt lat="47.675405" lon="19.82614833">
        <ele>159.6</ele>
        <time>2025-07-11T07:54:39Z</time>
      </trkpt>
      <trkpt lat="47.67537333" lon="19.82582167">
        <ele>160.4</ele>
        <time>2025-07-11T07:54:40Z</time>
      </trkpt>
      <trkpt lat="47.67534" lon="19.825485">
        <ele>161.4</ele>
        <time>2025-07-11T07:54:41Z</time>
      </trkpt>
      <trkpt lat="47.67530833" lon="19.82515">
        <ele>163.2</ele>
        <time>2025-07-11T07:54:42Z</time>
      </trkpt>
      <trkpt lat="47.67527167" lon="19.82482333">
        <ele>163.9</ele>
        <time>2025-07-11T07:54:43Z</time>
      </trkpt>
      <trkpt lat="47.67524" lon="19.82448833">
        <ele>164.6</ele>
        <time>2025-07-11T07:54:44Z</time>
      </trkpt>
      <trkpt lat="47.675205" lon="19.82416333">
        <ele>165</ele>
        <time>2025-07-11T07:54:45Z</time>
      </trkpt>
      <trkpt lat="47.675165" lon="19.82383833">
        <ele>165.1</ele>
        <time>2025-07-11T07:54:46Z</time>
      </trkpt>
      <trkpt lat="47.67513" lon="19.82350333">
        <ele>164.9</ele>
        <time>2025-07-11T07:54:47Z</time>
      </trkpt>
      <trkpt lat="47.67509833" lon="19.82317833">
        <ele>164.9</ele>
        <time>2025-07-11T07:54:48Z</time>
      </trkpt>
      <trkpt lat="47.67506833" lon="19.82284667">
        <ele>164.5</ele>
        <time>2025-07-11T07:54:49Z</time>
      </trkpt>
      <trkpt lat="47.67503167" lon="19.82251167">
        <ele>164.6</ele>
        <time>2025-07-11T07:54:50Z</time>
      </trkpt>
      <trkpt lat="47.67499667" lon="19.82217">
        <ele>163.8</ele>
        <time>2025-07-11T07:54:51Z</time>
      </trkpt>
      <trkpt lat="47.67496167" lon="19.82183667">
        <ele>164.8</ele>
        <time>2025-07-11T07:54:52Z</time>
      </trkpt>
      <trkpt lat="47.67492333" lon="19.82150167">
        <ele>165.5</ele>
        <time>2025-07-11T07:54:53Z</time>
      </trkpt>
      <trkpt lat="47.67488833" lon="19.82117667">
        <ele>165</ele>
        <time>2025-07-11T07:54:54Z</time>
      </trkpt>
      <trkpt lat="47.67485167" lon="19.82085333">
        <ele>165</ele>
        <time>2025-07-11T07:54:55Z</time>
      </trkpt>
      <trkpt lat="47.67481167" lon="19.82052333">
        <ele>164.4</ele>
        <time>2025-07-11T07:54:56Z</time>
      </trkpt>
      <trkpt lat="47.674775" lon="19.82020167">
        <ele>163.9</ele>
        <time>2025-07-11T07:54:57Z</time>
      </trkpt>
      <trkpt lat="47.67473833" lon="19.81988667">
        <ele>163.6</ele>
        <time>2025-07-11T07:54:58Z</time>
      </trkpt>
      <trkpt lat="47.67470333" lon="19.81956333">
        <ele>163.7</ele>
        <time>2025-07-11T07:54:59Z</time>
      </trkpt>
      <trkpt lat="47.67467167" lon="19.81924333">
        <ele>163.1</ele>
        <time>2025-07-11T07:55:00Z</time>
      </trkpt>
      <trkpt lat="47.67463333" lon="19.81891833">
        <ele>162</ele>
        <time>2025-07-11T07:55:01Z</time>
      </trkpt>
      <trkpt lat="47.674605" lon="19.81859333">
        <ele>161.1</ele>
        <time>2025-07-11T07:55:02Z</time>
      </trkpt>
      <trkpt lat="47.67457167" lon="19.81826667">
        <ele>160.9</ele>
        <time>2025-07-11T07:55:03Z</time>
      </trkpt>
      <trkpt lat="47.67454333" lon="19.81794167">
        <ele>160.8</ele>
        <time>2025-07-11T07:55:04Z</time>
      </trkpt>
      <trkpt lat="47.67450833" lon="19.81761">
        <ele>160.9</ele>
        <time>2025-07-11T07:55:05Z</time>
      </trkpt>
      <trkpt lat="47.67447333" lon="19.81727333">
        <ele>160.6</ele>
        <time>2025-07-11T07:55:06Z</time>
      </trkpt>
      <trkpt lat="47.67444" lon="19.81692833">
        <ele>160.4</ele>
        <time>2025-07-11T07:55:07Z</time>
      </trkpt>
      <trkpt lat="47.67440667" lon="19.81657833">
        <ele>160.8</ele>
        <time>2025-07-11T07:55:08Z</time>
      </trkpt>
      <trkpt lat="47.67437333" lon="19.81622833">
        <ele>161.2</ele>
        <time>2025-07-11T07:55:09Z</time>
      </trkpt>
      <trkpt lat="47.67433167" lon="19.81588667">
        <ele>162.2</ele>
        <time>2025-07-11T07:55:10Z</time>
      </trkpt>
      <trkpt lat="47.67429" lon="19.81552333">
        <ele>162.4</ele>
        <time>2025-07-11T07:55:11Z</time>
      </trkpt>
      <trkpt lat="47.67425333" lon="19.81517667">
        <ele>162.8</ele>
        <time>2025-07-11T07:55:12Z</time>
      </trkpt>
      <trkpt lat="47.674225" lon="19.81482333">
        <ele>164.5</ele>
        <time>2025-07-11T07:55:13Z</time>
      </trkpt>
      <trkpt lat="47.67417833" lon="19.81446167">
        <ele>164.8</ele>
        <time>2025-07-11T07:55:14Z</time>
      </trkpt>
      <trkpt lat="47.67414" lon="19.81408833">
        <ele>165.2</ele>
        <time>2025-07-11T07:55:15Z</time>
      </trkpt>
      <trkpt lat="47.67410167" lon="19.81371167">
        <ele>165</ele>
        <time>2025-07-11T07:55:16Z</time>
      </trkpt>
      <trkpt lat="47.67406833" lon="19.813335">
        <ele>165.3</ele>
        <time>2025-07-11T07:55:17Z</time>
      </trkpt>
      <trkpt lat="47.67403" lon="19.81295833">
        <ele>165.6</ele>
        <time>2025-07-11T07:55:18Z</time>
      </trkpt>
      <trkpt lat="47.67399167" lon="19.81258167">
        <ele>165.9</ele>
        <time>2025-07-11T07:55:19Z</time>
      </trkpt>
      <trkpt lat="47.67395833" lon="19.81220333">
        <ele>166.2</ele>
        <time>2025-07-11T07:55:20Z</time>
      </trkpt>
      <trkpt lat="47.673925" lon="19.81181833">
        <ele>168.2</ele>
        <time>2025-07-11T07:55:21Z</time>
      </trkpt>
      <trkpt lat="47.673895" lon="19.81142833">
        <ele>170.1</ele>
        <time>2025-07-11T07:55:22Z</time>
      </trkpt>
      <trkpt lat="47.67385667" lon="19.81103333">
        <ele>168.6</ele>
        <time>2025-07-11T07:55:23Z</time>
      </trkpt>
      <trkpt lat="47.67381833" lon="19.810645">
        <ele>170.2</ele>
        <time>2025-07-11T07:55:24Z</time>
      </trkpt>
      <trkpt lat="47.673775" lon="19.81025833">
        <ele>169.5</ele>
        <time>2025-07-11T07:55:25Z</time>
      </trkpt>
      <trkpt lat="47.67372667" lon="19.80986333">
        <ele>169.2</ele>
        <time>2025-07-11T07:55:26Z</time>
      </trkpt>
      <trkpt lat="47.67367667" lon="19.80946333">
        <ele>169.7</ele>
        <time>2025-07-11T07:55:27Z</time>
      </trkpt>
      <trkpt lat="47.67364" lon="19.80906833">
        <ele>171.2</ele>
        <time>2025-07-11T07:55:28Z</time>
      </trkpt>
      <trkpt lat="47.67360167" lon="19.80867667">
        <ele>173.3</ele>
        <time>2025-07-11T07:55:29Z</time>
      </trkpt>
      <trkpt lat="47.67356" lon="19.80827833">
        <ele>173.5</ele>
        <time>2025-07-11T07:55:30Z</time>
      </trkpt>
      <trkpt lat="47.673525" lon="19.80786667">
        <ele>174.1</ele>
        <time>2025-07-11T07:55:31Z</time>
      </trkpt>
      <trkpt lat="47.67348" lon="19.80745333">
        <ele>173.5</ele>
        <time>2025-07-11T07:55:32Z</time>
      </trkpt>
      <trkpt lat="47.67343167" lon="19.80706333">
        <ele>174.3</ele>
        <time>2025-07-11T07:55:33Z</time>
      </trkpt>
      <trkpt lat="47.67339667" lon="19.806665">
        <ele>174.2</ele>
        <time>2025-07-11T07:55:34Z</time>
      </trkpt>
      <trkpt lat="47.673355" lon="19.80625667">
        <ele>173.4</ele>
        <time>2025-07-11T07:55:35Z</time>
      </trkpt>
      <trkpt lat="47.67331667" lon="19.80585167">
        <ele>173.4</ele>
        <time>2025-07-11T07:55:36Z</time>
      </trkpt>
      <trkpt lat="47.673275" lon="19.80544833">
        <ele>172.3</ele>
        <time>2025-07-11T07:55:37Z</time>
      </trkpt>
      <trkpt lat="47.67323333" lon="19.80504333">
        <ele>170.9</ele>
        <time>2025-07-11T07:55:38Z</time>
      </trkpt>
      <trkpt lat="47.67318667" lon="19.80463833">
        <ele>169.8</ele>
        <time>2025-07-11T07:55:39Z</time>
      </trkpt>
      <trkpt lat="47.67314333" lon="19.80424167">
        <ele>168.5</ele>
        <time>2025-07-11T07:55:40Z</time>
      </trkpt>
      <trkpt lat="47.67310167" lon="19.803825">
        <ele>166.4</ele>
        <time>2025-07-11T07:55:41Z</time>
      </trkpt>
      <trkpt lat="47.673055" lon="19.803405">
        <ele>165.4</ele>
        <time>2025-07-11T07:55:42Z</time>
      </trkpt>
      <trkpt lat="47.673015" lon="19.80299667">
        <ele>165.1</ele>
        <time>2025-07-11T07:55:43Z</time>
      </trkpt>
      <trkpt lat="47.67297167" lon="19.80258">
        <ele>165.4</ele>
        <time>2025-07-11T07:55:44Z</time>
      </trkpt>
      <trkpt lat="47.67292667" lon="19.80217">
        <ele>166.1</ele>
        <time>2025-07-11T07:55:45Z</time>
      </trkpt>
      <trkpt lat="47.67287833" lon="19.80175667">
        <ele>166</ele>
        <time>2025-07-11T07:55:46Z</time>
      </trkpt>
      <trkpt lat="47.67283667" lon="19.80134667">
        <ele>165.7</ele>
        <time>2025-07-11T07:55:47Z</time>
      </trkpt>
      <trkpt lat="47.67279833" lon="19.80093167">
        <ele>167.8</ele>
        <time>2025-07-11T07:55:48Z</time>
      </trkpt>
      <trkpt lat="47.67275" lon="19.80052667">
        <ele>168.8</ele>
        <time>2025-07-11T07:55:49Z</time>
      </trkpt>
      <trkpt lat="47.672705" lon="19.80012167">
        <ele>168.7</ele>
        <time>2025-07-11T07:55:50Z</time>
      </trkpt>
      <trkpt lat="47.672655" lon="19.79972">
        <ele>166.7</ele>
        <time>2025-07-11T07:55:51Z</time>
      </trkpt>
      <trkpt lat="47.67260833" lon="19.79930333">
        <ele>167.7</ele>
        <time>2025-07-11T07:55:52Z</time>
      </trkpt>
      <trkpt lat="47.67256" lon="19.79889167">
        <ele>168</ele>
        <time>2025-07-11T07:55:53Z</time>
      </trkpt>
      <trkpt lat="47.67252" lon="19.79849333">
        <ele>167.8</ele>
        <time>2025-07-11T07:55:54Z</time>
      </trkpt>
      <trkpt lat="47.672485" lon="19.798095">
        <ele>166.2</ele>
        <time>2025-07-11T07:55:55Z</time>
      </trkpt>
      <trkpt lat="47.672445" lon="19.79771333">
        <ele>165.9</ele>
        <time>2025-07-11T07:55:56Z</time>
      </trkpt>
      <trkpt lat="47.672405" lon="19.797335">
        <ele>166.1</ele>
        <time>2025-07-11T07:55:57Z</time>
      </trkpt>
      <trkpt lat="47.67236833" lon="19.796965">
        <ele>167.1</ele>
        <time>2025-07-11T07:55:58Z</time>
      </trkpt>
      <trkpt lat="47.67232833" lon="19.796605">
        <ele>166.7</ele>
        <time>2025-07-11T07:55:59Z</time>
      </trkpt>
      <trkpt lat="47.67229167" lon="19.79624167">
        <ele>166</ele>
        <time>2025-07-11T07:56:00Z</time>
      </trkpt>
      <trkpt lat="47.67224833" lon="19.79590333">
        <ele>163.4</ele>
        <time>2025-07-11T07:56:01Z</time>
      </trkpt>
      <trkpt lat="47.672215" lon="19.79555333">
        <ele>162.1</ele>
        <time>2025-07-11T07:56:02Z</time>
      </trkpt>
      <trkpt lat="47.67217667" lon="19.79522167">
        <ele>161.7</ele>
        <time>2025-07-11T07:56:03Z</time>
      </trkpt>
      <trkpt lat="47.67213833" lon="19.79489333">
        <ele>161.3</ele>
        <time>2025-07-11T07:56:04Z</time>
      </trkpt>
      <trkpt lat="47.67210667" lon="19.79456167">
        <ele>161.5</ele>
        <time>2025-07-11T07:56:05Z</time>
      </trkpt>
      <trkpt lat="47.672075" lon="19.79425">
        <ele>161.8</ele>
        <time>2025-07-11T07:56:06Z</time>
      </trkpt>
      <trkpt lat="47.67204333" lon="19.79394333">
        <ele>160.3</ele>
        <time>2025-07-11T07:56:07Z</time>
      </trkpt>
      <trkpt lat="47.672015" lon="19.79363167">
        <ele>161</ele>
        <time>2025-07-11T07:56:08Z</time>
      </trkpt>
      <trkpt lat="47.67197667" lon="19.79332667">
        <ele>161.8</ele>
        <time>2025-07-11T07:56:09Z</time>
      </trkpt>
      <trkpt lat="47.67194333" lon="19.79303333">
        <ele>161.4</ele>
        <time>2025-07-11T07:56:10Z</time>
      </trkpt>
      <trkpt lat="47.67190833" lon="19.79272667">
        <ele>162.6</ele>
        <time>2025-07-11T07:56:11Z</time>
      </trkpt>
      <trkpt lat="47.67187333" lon="19.79242">
        <ele>163.1</ele>
        <time>2025-07-11T07:56:12Z</time>
      </trkpt>
      <trkpt lat="47.67185833" lon="19.79212167">
        <ele>163.2</ele>
        <time>2025-07-11T07:56:13Z</time>
      </trkpt>
      <trkpt lat="47.67182333" lon="19.79183167">
        <ele>163.4</ele>
        <time>2025-07-11T07:56:14Z</time>
      </trkpt>
      <trkpt lat="47.671785" lon="19.79154">
        <ele>163.3</ele>
        <time>2025-07-11T07:56:15Z</time>
      </trkpt>
      <trkpt lat="47.67175667" lon="19.79124667">
        <ele>163.9</ele>
        <time>2025-07-11T07:56:16Z</time>
      </trkpt>
      <trkpt lat="47.67171833" lon="19.79095667">
        <ele>164.4</ele>
        <time>2025-07-11T07:56:17Z</time>
      </trkpt>
      <trkpt lat="47.67168667" lon="19.79066333">
        <ele>165.9</ele>
        <time>2025-07-11T07:56:18Z</time>
      </trkpt>
      <trkpt lat="47.67165333" lon="19.79037167">
        <ele>165</ele>
        <time>2025-07-11T07:56:19Z</time>
      </trkpt>
      <trkpt lat="47.67163167" lon="19.79008833">
        <ele>166.9</ele>
        <time>2025-07-11T07:56:20Z</time>
      </trkpt>
      <trkpt lat="47.6716" lon="19.78980333">
        <ele>163.3</ele>
        <time>2025-07-11T07:56:21Z</time>
      </trkpt>
      <trkpt lat="47.671565" lon="19.78951167">
        <ele>161.4</ele>
        <time>2025-07-11T07:56:22Z</time>
      </trkpt>
      <trkpt lat="47.67152667" lon="19.78921833">
        <ele>159.9</ele>
        <time>2025-07-11T07:56:23Z</time>
      </trkpt>
      <trkpt lat="47.67149833" lon="19.78895333">
        <ele>159.2</ele>
        <time>2025-07-11T07:56:24Z</time>
      </trkpt>
      <trkpt lat="47.671465" lon="19.78866333">
        <ele>160.3</ele>
        <time>2025-07-11T07:56:25Z</time>
      </trkpt>
      <trkpt lat="47.67143667" lon="19.78838333">
        <ele>160.6</ele>
        <time>2025-07-11T07:56:26Z</time>
      </trkpt>
      <trkpt lat="47.67140667" lon="19.78810167">
        <ele>158.8</ele>
        <time>2025-07-11T07:56:27Z</time>
      </trkpt>
      <trkpt lat="47.67138667" lon="19.78781333">
        <ele>159.8</ele>
        <time>2025-07-11T07:56:28Z</time>
      </trkpt>
      <trkpt lat="47.67136167" lon="19.78753">
        <ele>160.6</ele>
        <time>2025-07-11T07:56:29Z</time>
      </trkpt>
      <trkpt lat="47.67132833" lon="19.78725167">
        <ele>165.3</ele>
        <time>2025-07-11T07:56:30Z</time>
      </trkpt>
      <trkpt lat="47.671285" lon="19.786965">
        <ele>166.9</ele>
        <time>2025-07-11T07:56:31Z</time>
      </trkpt>
      <trkpt lat="47.67125333" lon="19.78668667">
        <ele>167</ele>
        <time>2025-07-11T07:56:32Z</time>
      </trkpt>
      <trkpt lat="47.67121833" lon="19.78640333">
        <ele>167.3</ele>
        <time>2025-07-11T07:56:33Z</time>
      </trkpt>
      <trkpt lat="47.67118833" lon="19.786125">
        <ele>167.2</ele>
        <time>2025-07-11T07:56:34Z</time>
      </trkpt>
      <trkpt lat="47.67115833" lon="19.78584833">
        <ele>167.5</ele>
        <time>2025-07-11T07:56:35Z</time>
      </trkpt>
      <trkpt lat="47.671125" lon="19.78556667">
        <ele>168.1</ele>
        <time>2025-07-11T07:56:36Z</time>
      </trkpt>
      <trkpt lat="47.6711" lon="19.78529667">
        <ele>168.9</ele>
        <time>2025-07-11T07:56:37Z</time>
      </trkpt>
      <trkpt lat="47.67105667" lon="19.78502333">
        <ele>167.5</ele>
        <time>2025-07-11T07:56:38Z</time>
      </trkpt>
      <trkpt lat="47.671025" lon="19.784745">
        <ele>166.6</ele>
        <time>2025-07-11T07:56:39Z</time>
      </trkpt>
      <trkpt lat="47.67099167" lon="19.78446167">
        <ele>163.9</ele>
        <time>2025-07-11T07:56:40Z</time>
      </trkpt>
      <trkpt lat="47.67096667" lon="19.78418833">
        <ele>162.9</ele>
        <time>2025-07-11T07:56:41Z</time>
      </trkpt>
      <trkpt lat="47.67094" lon="19.78392833">
        <ele>161.6</ele>
        <time>2025-07-11T07:56:42Z</time>
      </trkpt>
      <trkpt lat="47.67091" lon="19.78363667">
        <ele>155.6</ele>
        <time>2025-07-11T07:56:43Z</time>
      </trkpt>
      <trkpt lat="47.67089" lon="19.783345">
        <ele>155</ele>
        <time>2025-07-11T07:56:44Z</time>
      </trkpt>
      <trkpt lat="47.67086167" lon="19.78304333">
        <ele>154.2</ele>
        <time>2025-07-11T07:56:45Z</time>
      </trkpt>
      <trkpt lat="47.67083333" lon="19.782735">
        <ele>151.7</ele>
        <time>2025-07-11T07:56:46Z</time>
      </trkpt>
      <trkpt lat="47.67079167" lon="19.78239833">
        <ele>150.2</ele>
        <time>2025-07-11T07:56:47Z</time>
      </trkpt>
      <trkpt lat="47.67075" lon="19.78206167">
        <ele>151.6</ele>
        <time>2025-07-11T07:56:48Z</time>
      </trkpt>
      <trkpt lat="47.67071" lon="19.78172333">
        <ele>152.1</ele>
        <time>2025-07-11T07:56:49Z</time>
      </trkpt>
      <trkpt lat="47.67066" lon="19.78136167">
        <ele>154.1</ele>
        <time>2025-07-11T07:56:50Z</time>
      </trkpt>
      <trkpt lat="47.67062333" lon="19.78100167">
        <ele>156.3</ele>
        <time>2025-07-11T07:56:51Z</time>
      </trkpt>
      <trkpt lat="47.67058167" lon="19.78062833">
        <ele>159.3</ele>
        <time>2025-07-11T07:56:52Z</time>
      </trkpt>
      <trkpt lat="47.67054333" lon="19.780255">
        <ele>159.7</ele>
        <time>2025-07-11T07:56:53Z</time>
      </trkpt>
      <trkpt lat="47.67050167" lon="19.77988833">
        <ele>160.6</ele>
        <time>2025-07-11T07:56:54Z</time>
      </trkpt>
      <trkpt lat="47.67046333" lon="19.77950667">
        <ele>160.6</ele>
        <time>2025-07-11T07:56:55Z</time>
      </trkpt>
      <trkpt lat="47.670415" lon="19.77913333">
        <ele>158.9</ele>
        <time>2025-07-11T07:56:56Z</time>
      </trkpt>
      <trkpt lat="47.67037167" lon="19.77874667">
        <ele>159.4</ele>
        <time>2025-07-11T07:56:57Z</time>
      </trkpt>
      <trkpt lat="47.67032833" lon="19.77835">
        <ele>160.2</ele>
        <time>2025-07-11T07:56:58Z</time>
      </trkpt>
      <trkpt lat="47.67028667" lon="19.77795167">
        <ele>160.8</ele>
        <time>2025-07-11T07:56:59Z</time>
      </trkpt>
      <trkpt lat="47.67024667" lon="19.77754">
        <ele>161.6</ele>
        <time>2025-07-11T07:57:00Z</time>
      </trkpt>
      <trkpt lat="47.67020667" lon="19.77712333">
        <ele>163.8</ele>
        <time>2025-07-11T07:57:01Z</time>
      </trkpt>
      <trkpt lat="47.67016167" lon="19.77670167">
        <ele>164.4</ele>
        <time>2025-07-11T07:57:02Z</time>
      </trkpt>
      <trkpt lat="47.67012" lon="19.776285">
        <ele>164.7</ele>
        <time>2025-07-11T07:57:03Z</time>
      </trkpt>
      <trkpt lat="47.67007833" lon="19.77587667">
        <ele>165.1</ele>
        <time>2025-07-11T07:57:04Z</time>
      </trkpt>
      <trkpt lat="47.67003333" lon="19.77547167">
        <ele>166</ele>
        <time>2025-07-11T07:57:05Z</time>
      </trkpt>
      <trkpt lat="47.66998667" lon="19.77506">
        <ele>166.1</ele>
        <time>2025-07-11T07:57:06Z</time>
      </trkpt>
      <trkpt lat="47.66994833" lon="19.77464333">
        <ele>165.4</ele>
        <time>2025-07-11T07:57:07Z</time>
      </trkpt>
      <trkpt lat="47.66992" lon="19.77423">
        <ele>164.9</ele>
        <time>2025-07-11T07:57:08Z</time>
      </trkpt>
      <trkpt lat="47.66989" lon="19.77383333">
        <ele>164.6</ele>
        <time>2025-07-11T07:57:09Z</time>
      </trkpt>
      <trkpt lat="47.66986" lon="19.773455">
        <ele>164.2</ele>
        <time>2025-07-11T07:57:10Z</time>
      </trkpt>
      <trkpt lat="47.66981" lon="19.77306667">
        <ele>161.7</ele>
        <time>2025-07-11T07:57:11Z</time>
      </trkpt>
      <trkpt lat="47.66976167" lon="19.77268167">
        <ele>161.7</ele>
        <time>2025-07-11T07:57:12Z</time>
      </trkpt>
      <trkpt lat="47.66971333" lon="19.77230167">
        <ele>161.7</ele>
        <time>2025-07-11T07:57:13Z</time>
      </trkpt>
      <trkpt lat="47.66967" lon="19.77193167">
        <ele>161.5</ele>
        <time>2025-07-11T07:57:14Z</time>
      </trkpt>
      <trkpt lat="47.669635" lon="19.77157">
        <ele>162.2</ele>
        <time>2025-07-11T07:57:15Z</time>
      </trkpt>
      <trkpt lat="47.6696" lon="19.77121333">
        <ele>162.4</ele>
        <time>2025-07-11T07:57:16Z</time>
      </trkpt>
      <trkpt lat="47.66956" lon="19.77086333">
        <ele>163.1</ele>
        <time>2025-07-11T07:57:17Z</time>
      </trkpt>
      <trkpt lat="47.66952333" lon="19.77051">
        <ele>165.2</ele>
        <time>2025-07-11T07:57:18Z</time>
      </trkpt>
      <trkpt lat="47.66948667" lon="19.77017333">
        <ele>166.6</ele>
        <time>2025-07-11T07:57:19Z</time>
      </trkpt>
      <trkpt lat="47.66944833" lon="19.76985667">
        <ele>166.4</ele>
        <time>2025-07-11T07:57:20Z</time>
      </trkpt>
      <trkpt lat="47.66941333" lon="19.76955167">
        <ele>167.5</ele>
        <time>2025-07-11T07:57:21Z</time>
      </trkpt>
      <trkpt lat="47.669375" lon="19.76923167">
        <ele>168.2</ele>
        <time>2025-07-11T07:57:22Z</time>
      </trkpt>
      <trkpt lat="47.66933167" lon="19.76890333">
        <ele>167.5</ele>
        <time>2025-07-11T07:57:23Z</time>
      </trkpt>
      <trkpt lat="47.66929667" lon="19.76859333">
        <ele>164.9</ele>
        <time>2025-07-11T07:57:24Z</time>
      </trkpt>
      <trkpt lat="47.66926" lon="19.76828833">
        <ele>165.5</ele>
        <time>2025-07-11T07:57:25Z</time>
      </trkpt>
      <trkpt lat="47.66923167" lon="19.767995">
        <ele>166.9</ele>
        <time>2025-07-11T07:57:26Z</time>
      </trkpt>
      <trkpt lat="47.6692" lon="19.76770333">
        <ele>167.4</ele>
        <time>2025-07-11T07:57:27Z</time>
      </trkpt>
      <trkpt lat="47.669155" lon="19.76739833">
        <ele>172.7</ele>
        <time>2025-07-11T07:57:28Z</time>
      </trkpt>
      <trkpt lat="47.66912833" lon="19.76711667">
        <ele>172.7</ele>
        <time>2025-07-11T07:57:29Z</time>
      </trkpt>
      <trkpt lat="47.66910167" lon="19.76684167">
        <ele>173</ele>
        <time>2025-07-11T07:57:30Z</time>
      </trkpt>
      <trkpt lat="47.669075" lon="19.76656667">
        <ele>172.7</ele>
        <time>2025-07-11T07:57:31Z</time>
      </trkpt>
      <trkpt lat="47.66904667" lon="19.76628833">
        <ele>173.7</ele>
        <time>2025-07-11T07:57:32Z</time>
      </trkpt>
      <trkpt lat="47.66901833" lon="19.76600833">
        <ele>173.5</ele>
        <time>2025-07-11T07:57:33Z</time>
      </trkpt>
      <trkpt lat="47.668985" lon="19.76572167">
        <ele>174.2</ele>
        <time>2025-07-11T07:57:34Z</time>
      </trkpt>
      <trkpt lat="47.668955" lon="19.76542667">
        <ele>175.2</ele>
        <time>2025-07-11T07:57:35Z</time>
      </trkpt>
      <trkpt lat="47.66892667" lon="19.76514167">
        <ele>175.9</ele>
        <time>2025-07-11T07:57:36Z</time>
      </trkpt>
      <trkpt lat="47.66889833" lon="19.764865">
        <ele>176.4</ele>
        <time>2025-07-11T07:57:37Z</time>
      </trkpt>
      <trkpt lat="47.66887833" lon="19.764585">
        <ele>177.4</ele>
        <time>2025-07-11T07:57:38Z</time>
      </trkpt>
      <trkpt lat="47.66884333" lon="19.764305">
        <ele>176.8</ele>
        <time>2025-07-11T07:57:39Z</time>
      </trkpt>
      <trkpt lat="47.668815" lon="19.764015">
        <ele>177</ele>
        <time>2025-07-11T07:57:40Z</time>
      </trkpt>
      <trkpt lat="47.66878833" lon="19.76373167">
        <ele>176.6</ele>
        <time>2025-07-11T07:57:41Z</time>
      </trkpt>
      <trkpt lat="47.668755" lon="19.76345833">
        <ele>176</ele>
        <time>2025-07-11T07:57:42Z</time>
      </trkpt>
      <trkpt lat="47.668725" lon="19.76317667">
        <ele>175.8</ele>
        <time>2025-07-11T07:57:43Z</time>
      </trkpt>
      <trkpt lat="47.66869333" lon="19.76289667">
        <ele>175.1</ele>
        <time>2025-07-11T07:57:44Z</time>
      </trkpt>
      <trkpt lat="47.66866667" lon="19.76262167">
        <ele>175</ele>
        <time>2025-07-11T07:57:45Z</time>
      </trkpt>
      <trkpt lat="47.66863833" lon="19.76234333">
        <ele>174.9</ele>
        <time>2025-07-11T07:57:46Z</time>
      </trkpt>
      <trkpt lat="47.66860833" lon="19.76205333">
        <ele>175.2</ele>
        <time>2025-07-11T07:57:47Z</time>
      </trkpt>
      <trkpt lat="47.66857833" lon="19.761765">
        <ele>175</ele>
        <time>2025-07-11T07:57:48Z</time>
      </trkpt>
      <trkpt lat="47.66854833" lon="19.76147667">
        <ele>175</ele>
        <time>2025-07-11T07:57:49Z</time>
      </trkpt>
      <trkpt lat="47.668515" lon="19.76118667">
        <ele>174.6</ele>
        <time>2025-07-11T07:57:50Z</time>
      </trkpt>
      <trkpt lat="47.66848167" lon="19.76088833">
        <ele>174.6</ele>
        <time>2025-07-11T07:57:51Z</time>
      </trkpt>
      <trkpt lat="47.66844833" lon="19.76057667">
        <ele>175.2</ele>
        <time>2025-07-11T07:57:52Z</time>
      </trkpt>
      <trkpt lat="47.66841" lon="19.76026667">
        <ele>175.3</ele>
        <time>2025-07-11T07:57:53Z</time>
      </trkpt>
      <trkpt lat="47.668375" lon="19.759945">
        <ele>175.3</ele>
        <time>2025-07-11T07:57:54Z</time>
      </trkpt>
      <trkpt lat="47.66833667" lon="19.75961167">
        <ele>174.9</ele>
        <time>2025-07-11T07:57:55Z</time>
      </trkpt>
      <trkpt lat="47.6683" lon="19.75926667">
        <ele>174.1</ele>
        <time>2025-07-11T07:57:56Z</time>
      </trkpt>
      <trkpt lat="47.668265" lon="19.75892333">
        <ele>174.4</ele>
        <time>2025-07-11T07:57:57Z</time>
      </trkpt>
      <trkpt lat="47.66823333" lon="19.758575">
        <ele>174.4</ele>
        <time>2025-07-11T07:57:58Z</time>
      </trkpt>
      <trkpt lat="47.66819667" lon="19.75822333">
        <ele>175</ele>
        <time>2025-07-11T07:57:59Z</time>
      </trkpt>
      <trkpt lat="47.66815833" lon="19.75786">
        <ele>175</ele>
        <time>2025-07-11T07:58:00Z</time>
      </trkpt>
      <trkpt lat="47.66812167" lon="19.75748">
        <ele>174.2</ele>
        <time>2025-07-11T07:58:01Z</time>
      </trkpt>
      <trkpt lat="47.66808167" lon="19.75709167">
        <ele>174.5</ele>
        <time>2025-07-11T07:58:02Z</time>
      </trkpt>
      <trkpt lat="47.66804" lon="19.75669667">
        <ele>173.5</ele>
        <time>2025-07-11T07:58:03Z</time>
      </trkpt>
      <trkpt lat="47.66799667" lon="19.75630833">
        <ele>173.4</ele>
        <time>2025-07-11T07:58:04Z</time>
      </trkpt>
      <trkpt lat="47.66795" lon="19.75591">
        <ele>174.1</ele>
        <time>2025-07-11T07:58:05Z</time>
      </trkpt>
      <trkpt lat="47.66790167" lon="19.75551">
        <ele>174.5</ele>
        <time>2025-07-11T07:58:06Z</time>
      </trkpt>
      <trkpt lat="47.66785833" lon="19.75510167">
        <ele>174.6</ele>
        <time>2025-07-11T07:58:07Z</time>
      </trkpt>
      <trkpt lat="47.66781167" lon="19.75468833">
        <ele>174.5</ele>
        <time>2025-07-11T07:58:08Z</time>
      </trkpt>
      <trkpt lat="47.66776667" lon="19.75427">
        <ele>174.1</ele>
        <time>2025-07-11T07:58:09Z</time>
      </trkpt>
      <trkpt lat="47.66772167" lon="19.75385167">
        <ele>173.7</ele>
        <time>2025-07-11T07:58:10Z</time>
      </trkpt>
      <trkpt lat="47.66767667" lon="19.75342833">
        <ele>173.9</ele>
        <time>2025-07-11T07:58:11Z</time>
      </trkpt>
      <trkpt lat="47.66763333" lon="19.753">
        <ele>174.3</ele>
        <time>2025-07-11T07:58:12Z</time>
      </trkpt>
      <trkpt lat="47.66758667" lon="19.75257167">
        <ele>174.3</ele>
        <time>2025-07-11T07:58:13Z</time>
      </trkpt>
      <trkpt lat="47.66753833" lon="19.75213833">
        <ele>174.3</ele>
        <time>2025-07-11T07:58:14Z</time>
      </trkpt>
      <trkpt lat="47.66749333" lon="19.75170333">
        <ele>174.4</ele>
        <time>2025-07-11T07:58:15Z</time>
      </trkpt>
      <trkpt lat="47.66745" lon="19.751265">
        <ele>174.4</ele>
        <time>2025-07-11T07:58:16Z</time>
      </trkpt>
      <trkpt lat="47.667405" lon="19.750825">
        <ele>174.6</ele>
        <time>2025-07-11T07:58:17Z</time>
      </trkpt>
      <trkpt lat="47.66736" lon="19.75039">
        <ele>174.7</ele>
        <time>2025-07-11T07:58:18Z</time>
      </trkpt>
      <trkpt lat="47.66731333" lon="19.74995667">
        <ele>175.2</ele>
        <time>2025-07-11T07:58:19Z</time>
      </trkpt>
      <trkpt lat="47.667275" lon="19.74952">
        <ele>176.7</ele>
        <time>2025-07-11T07:58:20Z</time>
      </trkpt>
      <trkpt lat="47.66723" lon="19.74909833">
        <ele>176.9</ele>
        <time>2025-07-11T07:58:21Z</time>
      </trkpt>
      <trkpt lat="47.66718667" lon="19.74867833">
        <ele>177.1</ele>
        <time>2025-07-11T07:58:22Z</time>
      </trkpt>
      <trkpt lat="47.66714" lon="19.74826833">
        <ele>177</ele>
        <time>2025-07-11T07:58:23Z</time>
      </trkpt>
      <trkpt lat="47.667095" lon="19.74785667">
        <ele>177.1</ele>
        <time>2025-07-11T07:58:24Z</time>
      </trkpt>
      <trkpt lat="47.66704667" lon="19.74744833">
        <ele>177.8</ele>
        <time>2025-07-11T07:58:25Z</time>
      </trkpt>
      <trkpt lat="47.667" lon="19.74704">
        <ele>179.1</ele>
        <time>2025-07-11T07:58:26Z</time>
      </trkpt>
      <trkpt lat="47.66695333" lon="19.74663667">
        <ele>179.6</ele>
        <time>2025-07-11T07:58:27Z</time>
      </trkpt>
      <trkpt lat="47.66691167" lon="19.74624167">
        <ele>180.1</ele>
        <time>2025-07-11T07:58:28Z</time>
      </trkpt>
      <trkpt lat="47.66687333" lon="19.74585333">
        <ele>180.4</ele>
        <time>2025-07-11T07:58:29Z</time>
      </trkpt>
      <trkpt lat="47.666835" lon="19.74546833">
        <ele>180.7</ele>
        <time>2025-07-11T07:58:30Z</time>
      </trkpt>
      <trkpt lat="47.66679833" lon="19.74508">
        <ele>181.2</ele>
        <time>2025-07-11T07:58:31Z</time>
      </trkpt>
      <trkpt lat="47.66675667" lon="19.744705">
        <ele>181.5</ele>
        <time>2025-07-11T07:58:32Z</time>
      </trkpt>
      <trkpt lat="47.66671667" lon="19.74433833">
        <ele>181.6</ele>
        <time>2025-07-11T07:58:33Z</time>
      </trkpt>
      <trkpt lat="47.666675" lon="19.74396667">
        <ele>182.1</ele>
        <time>2025-07-11T07:58:34Z</time>
      </trkpt>
      <trkpt lat="47.66663167" lon="19.74359833">
        <ele>182.5</ele>
        <time>2025-07-11T07:58:35Z</time>
      </trkpt>
      <trkpt lat="47.66659" lon="19.74323167">
        <ele>183</ele>
        <time>2025-07-11T07:58:36Z</time>
      </trkpt>
      <trkpt lat="47.66655167" lon="19.742875">
        <ele>183.1</ele>
        <time>2025-07-11T07:58:37Z</time>
      </trkpt>
      <trkpt lat="47.666515" lon="19.742525">
        <ele>183.2</ele>
        <time>2025-07-11T07:58:38Z</time>
      </trkpt>
      <trkpt lat="47.66647833" lon="19.74218333">
        <ele>183.1</ele>
        <time>2025-07-11T07:58:39Z</time>
      </trkpt>
      <trkpt lat="47.66644333" lon="19.74184833">
        <ele>182.7</ele>
        <time>2025-07-11T07:58:40Z</time>
      </trkpt>
      <trkpt lat="47.66641" lon="19.74151333">
        <ele>182.8</ele>
        <time>2025-07-11T07:58:41Z</time>
      </trkpt>
      <trkpt lat="47.666375" lon="19.74117667">
        <ele>182.8</ele>
        <time>2025-07-11T07:58:42Z</time>
      </trkpt>
      <trkpt lat="47.66634167" lon="19.740845">
        <ele>183</ele>
        <time>2025-07-11T07:58:43Z</time>
      </trkpt>
      <trkpt lat="47.66630833" lon="19.74051667">
        <ele>183.3</ele>
        <time>2025-07-11T07:58:44Z</time>
      </trkpt>
      <trkpt lat="47.666275" lon="19.74018833">
        <ele>183.4</ele>
        <time>2025-07-11T07:58:45Z</time>
      </trkpt>
      <trkpt lat="47.666245" lon="19.73986333">
        <ele>183.4</ele>
        <time>2025-07-11T07:58:46Z</time>
      </trkpt>
      <trkpt lat="47.66621333" lon="19.73953667">
        <ele>183.6</ele>
        <time>2025-07-11T07:58:47Z</time>
      </trkpt>
      <trkpt lat="47.66618333" lon="19.739205">
        <ele>184.2</ele>
        <time>2025-07-11T07:58:48Z</time>
      </trkpt>
      <trkpt lat="47.66615833" lon="19.73887667">
        <ele>183.9</ele>
        <time>2025-07-11T07:58:49Z</time>
      </trkpt>
      <trkpt lat="47.66612833" lon="19.73855333">
        <ele>183.8</ele>
        <time>2025-07-11T07:58:50Z</time>
      </trkpt>
      <trkpt lat="47.66609167" lon="19.73822333">
        <ele>184.3</ele>
        <time>2025-07-11T07:58:51Z</time>
      </trkpt>
      <trkpt lat="47.66605667" lon="19.73789333">
        <ele>184.4</ele>
        <time>2025-07-11T07:58:52Z</time>
      </trkpt>
      <trkpt lat="47.66602167" lon="19.737565">
        <ele>184.3</ele>
        <time>2025-07-11T07:58:53Z</time>
      </trkpt>
      <trkpt lat="47.66598667" lon="19.737235">
        <ele>182.6</ele>
        <time>2025-07-11T07:58:54Z</time>
      </trkpt>
      <trkpt lat="47.66595" lon="19.73689667">
        <ele>181.1</ele>
        <time>2025-07-11T07:58:55Z</time>
      </trkpt>
      <trkpt lat="47.66590833" lon="19.736565">
        <ele>180.6</ele>
        <time>2025-07-11T07:58:56Z</time>
      </trkpt>
      <trkpt lat="47.66586833" lon="19.73623333">
        <ele>181.9</ele>
        <time>2025-07-11T07:58:57Z</time>
      </trkpt>
      <trkpt lat="47.665845" lon="19.73592333">
        <ele>183.3</ele>
        <time>2025-07-11T07:58:58Z</time>
      </trkpt>
      <trkpt lat="47.66580833" lon="19.73559833">
        <ele>183.8</ele>
        <time>2025-07-11T07:58:59Z</time>
      </trkpt>
      <trkpt lat="47.665775" lon="19.73527167">
        <ele>183.9</ele>
        <time>2025-07-11T07:59:00Z</time>
      </trkpt>
      <trkpt lat="47.66573333" lon="19.73493833">
        <ele>183</ele>
        <time>2025-07-11T07:59:01Z</time>
      </trkpt>
      <trkpt lat="47.66569" lon="19.73459833">
        <ele>185.3</ele>
        <time>2025-07-11T07:59:02Z</time>
      </trkpt>
      <trkpt lat="47.66564667" lon="19.73424667">
        <ele>184.8</ele>
        <time>2025-07-11T07:59:03Z</time>
      </trkpt>
      <trkpt lat="47.66560833" lon="19.73389833">
        <ele>185</ele>
        <time>2025-07-11T07:59:04Z</time>
      </trkpt>
      <trkpt lat="47.66556833" lon="19.73354667">
        <ele>184.7</ele>
        <time>2025-07-11T07:59:05Z</time>
      </trkpt>
      <trkpt lat="47.66552333" lon="19.7332">
        <ele>181.9</ele>
        <time>2025-07-11T07:59:06Z</time>
      </trkpt>
      <trkpt lat="47.665485" lon="19.73283833">
        <ele>182</ele>
        <time>2025-07-11T07:59:07Z</time>
      </trkpt>
      <trkpt lat="47.665455" lon="19.73249667">
        <ele>182.9</ele>
        <time>2025-07-11T07:59:08Z</time>
      </trkpt>
      <trkpt lat="47.665415" lon="19.73213333">
        <ele>183</ele>
        <time>2025-07-11T07:59:09Z</time>
      </trkpt>
      <trkpt lat="47.66537833" lon="19.731765">
        <ele>182.7</ele>
        <time>2025-07-11T07:59:10Z</time>
      </trkpt>
      <trkpt lat="47.66533667" lon="19.7314">
        <ele>183.7</ele>
        <time>2025-07-11T07:59:11Z</time>
      </trkpt>
      <trkpt lat="47.66531" lon="19.731035">
        <ele>183.6</ele>
        <time>2025-07-11T07:59:12Z</time>
      </trkpt>
      <trkpt lat="47.66527667" lon="19.73066333">
        <ele>184.7</ele>
        <time>2025-07-11T07:59:13Z</time>
      </trkpt>
      <trkpt lat="47.66525167" lon="19.73027667">
        <ele>185</ele>
        <time>2025-07-11T07:59:14Z</time>
      </trkpt>
      <trkpt lat="47.66523167" lon="19.72989333">
        <ele>184.7</ele>
        <time>2025-07-11T07:59:15Z</time>
      </trkpt>
      <trkpt lat="47.66521167" lon="19.72950167">
        <ele>184.9</ele>
        <time>2025-07-11T07:59:16Z</time>
      </trkpt>
      <trkpt lat="47.66519667" lon="19.72911167">
        <ele>184.6</ele>
        <time>2025-07-11T07:59:17Z</time>
      </trkpt>
      <trkpt lat="47.66517667" lon="19.72870833">
        <ele>183.7</ele>
        <time>2025-07-11T07:59:18Z</time>
      </trkpt>
      <trkpt lat="47.66515833" lon="19.72830667">
        <ele>183.4</ele>
        <time>2025-07-11T07:59:19Z</time>
      </trkpt>
      <trkpt lat="47.66514667" lon="19.72789333">
        <ele>182.7</ele>
        <time>2025-07-11T07:59:20Z</time>
      </trkpt>
      <trkpt lat="47.66513667" lon="19.72748667">
        <ele>179.2</ele>
        <time>2025-07-11T07:59:21Z</time>
      </trkpt>
      <trkpt lat="47.66514167" lon="19.72706833">
        <ele>179.2</ele>
        <time>2025-07-11T07:59:22Z</time>
      </trkpt>
      <trkpt lat="47.66514833" lon="19.72664667">
        <ele>179.2</ele>
        <time>2025-07-11T07:59:23Z</time>
      </trkpt>
      <trkpt lat="47.66515" lon="19.72621667">
        <ele>178.5</ele>
        <time>2025-07-11T07:59:24Z</time>
      </trkpt>
      <trkpt lat="47.66514833" lon="19.72577667">
        <ele>178.2</ele>
        <time>2025-07-11T07:59:25Z</time>
      </trkpt>
      <trkpt lat="47.66516" lon="19.72535333">
        <ele>177.6</ele>
        <time>2025-07-11T07:59:26Z</time>
      </trkpt>
      <trkpt lat="47.66517" lon="19.72493333">
        <ele>176.9</ele>
        <time>2025-07-11T07:59:27Z</time>
      </trkpt>
      <trkpt lat="47.66519167" lon="19.72450833">
        <ele>176</ele>
        <time>2025-07-11T07:59:28Z</time>
      </trkpt>
      <trkpt lat="47.665215" lon="19.72407">
        <ele>178.2</ele>
        <time>2025-07-11T07:59:29Z</time>
      </trkpt>
      <trkpt lat="47.66525" lon="19.72364">
        <ele>178.9</ele>
        <time>2025-07-11T07:59:30Z</time>
      </trkpt>
      <trkpt lat="47.665275" lon="19.7232">
        <ele>179.3</ele>
        <time>2025-07-11T07:59:31Z</time>
      </trkpt>
      <trkpt lat="47.66530667" lon="19.72276667">
        <ele>179.6</ele>
        <time>2025-07-11T07:59:32Z</time>
      </trkpt>
      <trkpt lat="47.66534" lon="19.722335">
        <ele>180.5</ele>
        <time>2025-07-11T07:59:33Z</time>
      </trkpt>
      <trkpt lat="47.66536833" lon="19.72190167">
        <ele>180.9</ele>
        <time>2025-07-11T07:59:34Z</time>
      </trkpt>
      <trkpt lat="47.66539167" lon="19.72148167">
        <ele>180.9</ele>
        <time>2025-07-11T07:59:35Z</time>
      </trkpt>
      <trkpt lat="47.66542" lon="19.72107333">
        <ele>180.2</ele>
        <time>2025-07-11T07:59:36Z</time>
      </trkpt>
      <trkpt lat="47.66544833" lon="19.72066667">
        <ele>180.2</ele>
        <time>2025-07-11T07:59:37Z</time>
      </trkpt>
      <trkpt lat="47.66548" lon="19.72026833">
        <ele>180.8</ele>
        <time>2025-07-11T07:59:38Z</time>
      </trkpt>
      <trkpt lat="47.665515" lon="19.71987167">
        <ele>179.9</ele>
        <time>2025-07-11T07:59:39Z</time>
      </trkpt>
      <trkpt lat="47.66555" lon="19.719485">
        <ele>179.2</ele>
        <time>2025-07-11T07:59:40Z</time>
      </trkpt>
      <trkpt lat="47.66558833" lon="19.719115">
        <ele>179.1</ele>
        <time>2025-07-11T07:59:41Z</time>
      </trkpt>
      <trkpt lat="47.66563167" lon="19.71873833">
        <ele>179</ele>
        <time>2025-07-11T07:59:42Z</time>
      </trkpt>
      <trkpt lat="47.66567" lon="19.71837167">
        <ele>178.8</ele>
        <time>2025-07-11T07:59:43Z</time>
      </trkpt>
      <trkpt lat="47.665715" lon="19.718015">
        <ele>177</ele>
        <time>2025-07-11T07:59:44Z</time>
      </trkpt>
      <trkpt lat="47.66576" lon="19.71766833">
        <ele>177.6</ele>
        <time>2025-07-11T07:59:45Z</time>
      </trkpt>
      <trkpt lat="47.66581167" lon="19.71732833">
        <ele>178.8</ele>
        <time>2025-07-11T07:59:46Z</time>
      </trkpt>
      <trkpt lat="47.665875" lon="19.716995">
        <ele>180.3</ele>
        <time>2025-07-11T07:59:47Z</time>
      </trkpt>
      <trkpt lat="47.66593" lon="19.71665167">
        <ele>179.7</ele>
        <time>2025-07-11T07:59:48Z</time>
      </trkpt>
      <trkpt lat="47.66599667" lon="19.71631833">
        <ele>179.9</ele>
        <time>2025-07-11T07:59:49Z</time>
      </trkpt>
      <trkpt lat="47.66607" lon="19.71599167">
        <ele>179.6</ele>
        <time>2025-07-11T07:59:50Z</time>
      </trkpt>
      <trkpt lat="47.666135" lon="19.715675">
        <ele>179</ele>
        <time>2025-07-11T07:59:51Z</time>
      </trkpt>
      <trkpt lat="47.66621" lon="19.71536833">
        <ele>177.4</ele>
        <time>2025-07-11T07:59:52Z</time>
      </trkpt>
      <trkpt lat="47.66627833" lon="19.715075">
        <ele>177.5</ele>
        <time>2025-07-11T07:59:53Z</time>
      </trkpt>
      <trkpt lat="47.66634333" lon="19.714755">
        <ele>177.9</ele>
        <time>2025-07-11T07:59:54Z</time>
      </trkpt>
      <trkpt lat="47.66641" lon="19.71445833">
        <ele>176.8</ele>
        <time>2025-07-11T07:59:55Z</time>
      </trkpt>
      <trkpt lat="47.66648833" lon="19.714165">
        <ele>177.5</ele>
        <time>2025-07-11T07:59:56Z</time>
      </trkpt>
      <trkpt lat="47.66656667" lon="19.71388333">
        <ele>178.1</ele>
        <time>2025-07-11T07:59:57Z</time>
      </trkpt>
      <trkpt lat="47.66663833" lon="19.71361">
        <ele>178.6</ele>
        <time>2025-07-11T07:59:58Z</time>
      </trkpt>
      <trkpt lat="47.66671833" lon="19.71333333">
        <ele>179.3</ele>
        <time>2025-07-11T07:59:59Z</time>
      </trkpt>
      <trkpt lat="47.66680667" lon="19.713045">
        <ele>180.3</ele>
        <time>2025-07-11T08:00:00Z</time>
      </trkpt>
      <trkpt lat="47.66689" lon="19.71276667">
        <ele>181.7</ele>
        <time>2025-07-11T08:00:01Z</time>
      </trkpt>
      <trkpt lat="47.66697" lon="19.712495">
        <ele>181.2</ele>
        <time>2025-07-11T08:00:02Z</time>
      </trkpt>
      <trkpt lat="47.667065" lon="19.71223167">
        <ele>180.9</ele>
        <time>2025-07-11T08:00:03Z</time>
      </trkpt>
      <trkpt lat="47.66714167" lon="19.711975">
        <ele>179</ele>
        <time>2025-07-11T08:00:04Z</time>
      </trkpt>
      <trkpt lat="47.66721667" lon="19.71171333">
        <ele>176.9</ele>
        <time>2025-07-11T08:00:05Z</time>
      </trkpt>
      <trkpt lat="47.66730667" lon="19.71142833">
        <ele>176</ele>
        <time>2025-07-11T08:00:06Z</time>
      </trkpt>
      <trkpt lat="47.66741" lon="19.71116333">
        <ele>176.7</ele>
        <time>2025-07-11T08:00:07Z</time>
      </trkpt>
      <trkpt lat="47.667505" lon="19.71089667">
        <ele>175.5</ele>
        <time>2025-07-11T08:00:08Z</time>
      </trkpt>
      <trkpt lat="47.667605" lon="19.71062333">
        <ele>175.3</ele>
        <time>2025-07-11T08:00:09Z</time>
      </trkpt>
      <trkpt lat="47.66770667" lon="19.71036667">
        <ele>175.1</ele>
        <time>2025-07-11T08:00:10Z</time>
      </trkpt>
      <trkpt lat="47.6678" lon="19.71011667">
        <ele>175.3</ele>
        <time>2025-07-11T08:00:11Z</time>
      </trkpt>
      <trkpt lat="47.66791" lon="19.70985167">
        <ele>175.8</ele>
        <time>2025-07-11T08:00:12Z</time>
      </trkpt>
      <trkpt lat="47.66802833" lon="19.70958333">
        <ele>176.4</ele>
        <time>2025-07-11T08:00:13Z</time>
      </trkpt>
      <trkpt lat="47.66812667" lon="19.70933667">
        <ele>176.4</ele>
        <time>2025-07-11T08:00:14Z</time>
      </trkpt>
      <trkpt lat="47.66824667" lon="19.70909667">
        <ele>177.3</ele>
        <time>2025-07-11T08:00:15Z</time>
      </trkpt>
      <trkpt lat="47.66836167" lon="19.708855">
        <ele>177.4</ele>
        <time>2025-07-11T08:00:16Z</time>
      </trkpt>
      <trkpt lat="47.66847" lon="19.708605">
        <ele>177.4</ele>
        <time>2025-07-11T08:00:17Z</time>
      </trkpt>
      <trkpt lat="47.66858333" lon="19.70835167">
        <ele>177.5</ele>
        <time>2025-07-11T08:00:18Z</time>
      </trkpt>
      <trkpt lat="47.668705" lon="19.708095">
        <ele>177.4</ele>
        <time>2025-07-11T08:00:19Z</time>
      </trkpt>
      <trkpt lat="47.66883333" lon="19.70783667">
        <ele>177.2</ele>
        <time>2025-07-11T08:00:20Z</time>
      </trkpt>
      <trkpt lat="47.668965" lon="19.70757833">
        <ele>177</ele>
        <time>2025-07-11T08:00:21Z</time>
      </trkpt>
      <trkpt lat="47.66909333" lon="19.70732167">
        <ele>177.6</ele>
        <time>2025-07-11T08:00:22Z</time>
      </trkpt>
      <trkpt lat="47.66922" lon="19.70705167">
        <ele>177.8</ele>
        <time>2025-07-11T08:00:23Z</time>
      </trkpt>
      <trkpt lat="47.66935167" lon="19.706785">
        <ele>178.1</ele>
        <time>2025-07-11T08:00:24Z</time>
      </trkpt>
      <trkpt lat="47.66948333" lon="19.70653">
        <ele>175.2</ele>
        <time>2025-07-11T08:00:25Z</time>
      </trkpt>
      <trkpt lat="47.66962667" lon="19.706255">
        <ele>174.7</ele>
        <time>2025-07-11T08:00:26Z</time>
      </trkpt>
      <trkpt lat="47.66977667" lon="19.705975">
        <ele>175.2</ele>
        <time>2025-07-11T08:00:27Z</time>
      </trkpt>
      <trkpt lat="47.66992667" lon="19.70569333">
        <ele>175.5</ele>
        <time>2025-07-11T08:00:28Z</time>
      </trkpt>
      <trkpt lat="47.67007333" lon="19.705415">
        <ele>175.8</ele>
        <time>2025-07-11T08:00:29Z</time>
      </trkpt>
      <trkpt lat="47.67022167" lon="19.70513833">
        <ele>176.5</ele>
        <time>2025-07-11T08:00:30Z</time>
      </trkpt>
      <trkpt lat="47.67034833" lon="19.70488167">
        <ele>175.6</ele>
        <time>2025-07-11T08:00:31Z</time>
      </trkpt>
      <trkpt lat="47.67049167" lon="19.70463167">
        <ele>176.8</ele>
        <time>2025-07-11T08:00:32Z</time>
      </trkpt>
      <trkpt lat="47.67064" lon="19.70434833">
        <ele>177.5</ele>
        <time>2025-07-11T08:00:33Z</time>
      </trkpt>
      <trkpt lat="47.670785" lon="19.70406667">
        <ele>178.1</ele>
        <time>2025-07-11T08:00:34Z</time>
      </trkpt>
      <trkpt lat="47.67092667" lon="19.70379">
        <ele>177.6</ele>
        <time>2025-07-11T08:00:35Z</time>
      </trkpt>
      <trkpt lat="47.67106333" lon="19.7035">
        <ele>177.6</ele>
        <time>2025-07-11T08:00:36Z</time>
      </trkpt>
      <trkpt lat="47.67120167" lon="19.703225">
        <ele>177.3</ele>
        <time>2025-07-11T08:00:37Z</time>
      </trkpt>
      <trkpt lat="47.67134167" lon="19.702925">
        <ele>176</ele>
        <time>2025-07-11T08:00:38Z</time>
      </trkpt>
      <trkpt lat="47.67149667" lon="19.70263833">
        <ele>174.9</ele>
        <time>2025-07-11T08:00:39Z</time>
      </trkpt>
      <trkpt lat="47.67163833" lon="19.70234333">
        <ele>174.1</ele>
        <time>2025-07-11T08:00:40Z</time>
      </trkpt>
      <trkpt lat="47.671775" lon="19.70207833">
        <ele>173.8</ele>
        <time>2025-07-11T08:00:41Z</time>
      </trkpt>
      <trkpt lat="47.67192" lon="19.70178833">
        <ele>174.1</ele>
        <time>2025-07-11T08:00:42Z</time>
      </trkpt>
      <trkpt lat="47.67207" lon="19.70149167">
        <ele>174.5</ele>
        <time>2025-07-11T08:00:43Z</time>
      </trkpt>
      <trkpt lat="47.67221" lon="19.70120167">
        <ele>173.9</ele>
        <time>2025-07-11T08:00:44Z</time>
      </trkpt>
      <trkpt lat="47.67234167" lon="19.70091">
        <ele>173.8</ele>
        <time>2025-07-11T08:00:45Z</time>
      </trkpt>
      <trkpt lat="47.67248333" lon="19.70062833">
        <ele>172.8</ele>
        <time>2025-07-11T08:00:46Z</time>
      </trkpt>
      <trkpt lat="47.67263333" lon="19.70033">
        <ele>169.3</ele>
        <time>2025-07-11T08:00:47Z</time>
      </trkpt>
      <trkpt lat="47.67277667" lon="19.70003667">
        <ele>168.9</ele>
        <time>2025-07-11T08:00:48Z</time>
      </trkpt>
      <trkpt lat="47.67291167" lon="19.699745">
        <ele>168.2</ele>
        <time>2025-07-11T08:00:49Z</time>
      </trkpt>
      <trkpt lat="47.67306167" lon="19.699465">
        <ele>168.8</ele>
        <time>2025-07-11T08:00:50Z</time>
      </trkpt>
      <trkpt lat="47.673215" lon="19.69916833">
        <ele>169.4</ele>
        <time>2025-07-11T08:00:51Z</time>
      </trkpt>
      <trkpt lat="47.67336667" lon="19.69888833">
        <ele>168.5</ele>
        <time>2025-07-11T08:00:52Z</time>
      </trkpt>
      <trkpt lat="47.67351667" lon="19.69859833">
        <ele>168.2</ele>
        <time>2025-07-11T08:00:53Z</time>
      </trkpt>
      <trkpt lat="47.67366" lon="19.69830667">
        <ele>168.4</ele>
        <time>2025-07-11T08:00:54Z</time>
      </trkpt>
      <trkpt lat="47.67380333" lon="19.698015">
        <ele>168.7</ele>
        <time>2025-07-11T08:00:55Z</time>
      </trkpt>
      <trkpt lat="47.673945" lon="19.697735">
        <ele>168.2</ele>
        <time>2025-07-11T08:00:56Z</time>
      </trkpt>
      <trkpt lat="47.67408167" lon="19.69744667">
        <ele>167.7</ele>
        <time>2025-07-11T08:00:57Z</time>
      </trkpt>
      <trkpt lat="47.67421667" lon="19.69716">
        <ele>167.4</ele>
        <time>2025-07-11T08:00:58Z</time>
      </trkpt>
      <trkpt lat="47.67434667" lon="19.69686333">
        <ele>168.4</ele>
        <time>2025-07-11T08:00:59Z</time>
      </trkpt>
      <trkpt lat="47.67447167" lon="19.69656833">
        <ele>169.6</ele>
        <time>2025-07-11T08:01:00Z</time>
      </trkpt>
      <trkpt lat="47.67458833" lon="19.69626833">
        <ele>171.8</ele>
        <time>2025-07-11T08:01:01Z</time>
      </trkpt>
      <trkpt lat="47.6747" lon="19.69597333">
        <ele>171.1</ele>
        <time>2025-07-11T08:01:02Z</time>
      </trkpt>
      <trkpt lat="47.67478833" lon="19.69565833">
        <ele>169.7</ele>
        <time>2025-07-11T08:01:03Z</time>
      </trkpt>
      <trkpt lat="47.67487833" lon="19.69535667">
        <ele>168.6</ele>
        <time>2025-07-11T08:01:04Z</time>
      </trkpt>
      <trkpt lat="47.67497167" lon="19.69505">
        <ele>169</ele>
        <time>2025-07-11T08:01:05Z</time>
      </trkpt>
      <trkpt lat="47.67506333" lon="19.69472">
        <ele>169</ele>
        <time>2025-07-11T08:01:06Z</time>
      </trkpt>
      <trkpt lat="47.67514167" lon="19.694415">
        <ele>169.4</ele>
        <time>2025-07-11T08:01:07Z</time>
      </trkpt>
      <trkpt lat="47.67520667" lon="19.69413">
        <ele>166.7</ele>
        <time>2025-07-11T08:01:08Z</time>
      </trkpt>
      <trkpt lat="47.67527333" lon="19.69384">
        <ele>167.9</ele>
        <time>2025-07-11T08:01:09Z</time>
      </trkpt>
      <trkpt lat="47.67532833" lon="19.693545">
        <ele>168.2</ele>
        <time>2025-07-11T08:01:10Z</time>
      </trkpt>
      <trkpt lat="47.675385" lon="19.693235">
        <ele>169.3</ele>
        <time>2025-07-11T08:01:11Z</time>
      </trkpt>
      <trkpt lat="47.67544" lon="19.69292167">
        <ele>169.3</ele>
        <time>2025-07-11T08:01:12Z</time>
      </trkpt>
      <trkpt lat="47.67548167" lon="19.69263167">
        <ele>168.4</ele>
        <time>2025-07-11T08:01:13Z</time>
      </trkpt>
      <trkpt lat="47.67552333" lon="19.69234167">
        <ele>167.5</ele>
        <time>2025-07-11T08:01:14Z</time>
      </trkpt>
      <trkpt lat="47.67556167" lon="19.69206833">
        <ele>166</ele>
        <time>2025-07-11T08:01:15Z</time>
      </trkpt>
      <trkpt lat="47.67558833" lon="19.69179333">
        <ele>165.9</ele>
        <time>2025-07-11T08:01:16Z</time>
      </trkpt>
      <trkpt lat="47.67563667" lon="19.691525">
        <ele>166.5</ele>
        <time>2025-07-11T08:01:17Z</time>
      </trkpt>
      <trkpt lat="47.675655" lon="19.691255">
        <ele>166.3</ele>
        <time>2025-07-11T08:01:18Z</time>
      </trkpt>
      <trkpt lat="47.675665" lon="19.69097833">
        <ele>166.7</ele>
        <time>2025-07-11T08:01:19Z</time>
      </trkpt>
      <trkpt lat="47.67566333" lon="19.69068667">
        <ele>167.7</ele>
        <time>2025-07-11T08:01:20Z</time>
      </trkpt>
      <trkpt lat="47.67566333" lon="19.69042">
        <ele>166</ele>
        <time>2025-07-11T08:01:21Z</time>
      </trkpt>
      <trkpt lat="47.67567" lon="19.69015167">
        <ele>167</ele>
        <time>2025-07-11T08:01:22Z</time>
      </trkpt>
      <trkpt lat="47.67566833" lon="19.68989333">
        <ele>168.9</ele>
        <time>2025-07-11T08:01:23Z</time>
      </trkpt>
      <trkpt lat="47.67566333" lon="19.689645">
        <ele>168.2</ele>
        <time>2025-07-11T08:01:24Z</time>
      </trkpt>
      <trkpt lat="47.67567" lon="19.68940333">
        <ele>167.1</ele>
        <time>2025-07-11T08:01:25Z</time>
      </trkpt>
      <trkpt lat="47.67566333" lon="19.68915">
        <ele>167.1</ele>
        <time>2025-07-11T08:01:26Z</time>
      </trkpt>
      <trkpt lat="47.67567333" lon="19.688645">
        <ele>168.3</ele>
        <time>2025-07-11T08:01:28Z</time>
      </trkpt>
      <trkpt lat="47.67568167" lon="19.688385">
        <ele>168</ele>
        <time>2025-07-11T08:01:29Z</time>
      </trkpt>
      <trkpt lat="47.67567333" lon="19.68812">
        <ele>166.8</ele>
        <time>2025-07-11T08:01:30Z</time>
      </trkpt>
      <trkpt lat="47.67566" lon="19.68764833">
        <ele>181.2</ele>
        <time>2025-07-11T08:01:32Z</time>
      </trkpt>
      <trkpt lat="47.67565167" lon="19.68741">
        <ele>183</ele>
        <time>2025-07-11T08:01:33Z</time>
      </trkpt>
      <trkpt lat="47.67566333" lon="19.68717333">
        <ele>180.8</ele>
        <time>2025-07-11T08:01:34Z</time>
      </trkpt>
      <trkpt lat="47.67569833" lon="19.68694">
        <ele>185.7</ele>
        <time>2025-07-11T08:01:35Z</time>
      </trkpt>
      <trkpt lat="47.67567833" lon="19.6867">
        <ele>179.9</ele>
        <time>2025-07-11T08:01:36Z</time>
      </trkpt>
      <trkpt lat="47.67569833" lon="19.68645833">
        <ele>183.5</ele>
        <time>2025-07-11T08:01:37Z</time>
      </trkpt>
      <trkpt lat="47.67569333" lon="19.68617333">
        <ele>176</ele>
        <time>2025-07-11T08:01:38Z</time>
      </trkpt>
      <trkpt lat="47.67568167" lon="19.68589667">
        <ele>172.1</ele>
        <time>2025-07-11T08:01:39Z</time>
      </trkpt>
      <trkpt lat="47.67567167" lon="19.68564">
        <ele>170.7</ele>
        <time>2025-07-11T08:01:40Z</time>
      </trkpt>
      <trkpt lat="47.67563833" lon="19.6854">
        <ele>169.2</ele>
        <time>2025-07-11T08:01:41Z</time>
      </trkpt>
      <trkpt lat="47.67569" lon="19.68518667">
        <ele>176.1</ele>
        <time>2025-07-11T08:01:42Z</time>
      </trkpt>
      <trkpt lat="47.67565167" lon="19.68465167">
        <ele>165.1</ele>
        <time>2025-07-11T08:01:44Z</time>
      </trkpt>
      <trkpt lat="47.67563833" lon="19.68439">
        <ele>161.4</ele>
        <time>2025-07-11T08:01:45Z</time>
      </trkpt>
      <trkpt lat="47.67564333" lon="19.68414">
        <ele>164.8</ele>
        <time>2025-07-11T08:01:46Z</time>
      </trkpt>
      <trkpt lat="47.67564667" lon="19.68388">
        <ele>163.2</ele>
        <time>2025-07-11T08:01:47Z</time>
      </trkpt>
      <trkpt lat="47.67562667" lon="19.68363">
        <ele>161.9</ele>
        <time>2025-07-11T08:01:48Z</time>
      </trkpt>
      <trkpt lat="47.67559167" lon="19.68311667">
        <ele>159.7</ele>
        <time>2025-07-11T08:01:50Z</time>
      </trkpt>
      <trkpt lat="47.67558667" lon="19.682855">
        <ele>159.8</ele>
        <time>2025-07-11T08:01:51Z</time>
      </trkpt>
      <trkpt lat="47.67559167" lon="19.68257833">
        <ele>162</ele>
        <time>2025-07-11T08:01:52Z</time>
      </trkpt>
      <trkpt lat="47.675585" lon="19.68232">
        <ele>162.1</ele>
        <time>2025-07-11T08:01:53Z</time>
      </trkpt>
      <trkpt lat="47.67558" lon="19.68205833">
        <ele>162.2</ele>
        <time>2025-07-11T08:01:54Z</time>
      </trkpt>
      <trkpt lat="47.67557833" lon="19.68182333">
        <ele>162.9</ele>
        <time>2025-07-11T08:01:55Z</time>
      </trkpt>
      <trkpt lat="47.675575" lon="19.68158833">
        <ele>164</ele>
        <time>2025-07-11T08:01:56Z</time>
      </trkpt>
      <trkpt lat="47.675565" lon="19.68132667">
        <ele>165.3</ele>
        <time>2025-07-11T08:01:57Z</time>
      </trkpt>
      <trkpt lat="47.67555333" lon="19.681075">
        <ele>166.3</ele>
        <time>2025-07-11T08:01:58Z</time>
      </trkpt>
      <trkpt lat="47.67555" lon="19.68080667">
        <ele>166.3</ele>
        <time>2025-07-11T08:01:59Z</time>
      </trkpt>
      <trkpt lat="47.67554667" lon="19.68055333">
        <ele>166.7</ele>
        <time>2025-07-11T08:02:00Z</time>
      </trkpt>
      <trkpt lat="47.67553833" lon="19.68029167">
        <ele>166.3</ele>
        <time>2025-07-11T08:02:01Z</time>
      </trkpt>
      <trkpt lat="47.675545" lon="19.68005667">
        <ele>165.9</ele>
        <time>2025-07-11T08:02:02Z</time>
      </trkpt>
      <trkpt lat="47.67555833" lon="19.679815">
        <ele>165.4</ele>
        <time>2025-07-11T08:02:03Z</time>
      </trkpt>
      <trkpt lat="47.67556167" lon="19.679565">
        <ele>165.4</ele>
        <time>2025-07-11T08:02:04Z</time>
      </trkpt>
      <trkpt lat="47.67555833" lon="19.679325">
        <ele>166.7</ele>
        <time>2025-07-11T08:02:05Z</time>
      </trkpt>
      <trkpt lat="47.67555" lon="19.67908833">
        <ele>167.2</ele>
        <time>2025-07-11T08:02:06Z</time>
      </trkpt>
      <trkpt lat="47.67553667" lon="19.67883833">
        <ele>168.3</ele>
        <time>2025-07-11T08:02:07Z</time>
      </trkpt>
      <trkpt lat="47.67553" lon="19.67859833">
        <ele>168.7</ele>
        <time>2025-07-11T08:02:08Z</time>
      </trkpt>
      <trkpt lat="47.67553" lon="19.678355">
        <ele>169.1</ele>
        <time>2025-07-11T08:02:09Z</time>
      </trkpt>
      <trkpt lat="47.67551667" lon="19.67812">
        <ele>168.8</ele>
        <time>2025-07-11T08:02:10Z</time>
      </trkpt>
      <trkpt lat="47.6755" lon="19.67787333">
        <ele>169.5</ele>
        <time>2025-07-11T08:02:11Z</time>
      </trkpt>
      <trkpt lat="47.67548833" lon="19.67763833">
        <ele>170.2</ele>
        <time>2025-07-11T08:02:12Z</time>
      </trkpt>
      <trkpt lat="47.67547167" lon="19.67740667">
        <ele>169.9</ele>
        <time>2025-07-11T08:02:13Z</time>
      </trkpt>
      <trkpt lat="47.67545" lon="19.67719333">
        <ele>170.1</ele>
        <time>2025-07-11T08:02:14Z</time>
      </trkpt>
      <trkpt lat="47.67543667" lon="19.67699167">
        <ele>169.9</ele>
        <time>2025-07-11T08:02:15Z</time>
      </trkpt>
      <trkpt lat="47.67541833" lon="19.67680333">
        <ele>169.6</ele>
        <time>2025-07-11T08:02:16Z</time>
      </trkpt>
      <trkpt lat="47.67539167" lon="19.67662667">
        <ele>169.4</ele>
        <time>2025-07-11T08:02:17Z</time>
      </trkpt>
      <trkpt lat="47.67536667" lon="19.67644833">
        <ele>169</ele>
        <time>2025-07-11T08:02:18Z</time>
      </trkpt>
      <trkpt lat="47.67533833" lon="19.67627667">
        <ele>167.8</ele>
        <time>2025-07-11T08:02:19Z</time>
      </trkpt>
      <trkpt lat="47.67529333" lon="19.6761">
        <ele>165.7</ele>
        <time>2025-07-11T08:02:20Z</time>
      </trkpt>
      <trkpt lat="47.675255" lon="19.67593667">
        <ele>165.1</ele>
        <time>2025-07-11T08:02:21Z</time>
      </trkpt>
      <trkpt lat="47.67521667" lon="19.67578167">
        <ele>164.5</ele>
        <time>2025-07-11T08:02:22Z</time>
      </trkpt>
      <trkpt lat="47.675175" lon="19.675635">
        <ele>163.9</ele>
        <time>2025-07-11T08:02:23Z</time>
      </trkpt>
      <trkpt lat="47.67513667" lon="19.67549333">
        <ele>163.2</ele>
        <time>2025-07-11T08:02:24Z</time>
      </trkpt>
      <trkpt lat="47.67509833" lon="19.67535333">
        <ele>163.1</ele>
        <time>2025-07-11T08:02:25Z</time>
      </trkpt>
      <trkpt lat="47.67506167" lon="19.67522833">
        <ele>162.7</ele>
        <time>2025-07-11T08:02:26Z</time>
      </trkpt>
      <trkpt lat="47.67497667" lon="19.67498167">
        <ele>162.5</ele>
        <time>2025-07-11T08:02:28Z</time>
      </trkpt>
      <trkpt lat="47.67494167" lon="19.67485167">
        <ele>162.4</ele>
        <time>2025-07-11T08:02:29Z</time>
      </trkpt>
      <trkpt lat="47.67489333" lon="19.67472167">
        <ele>162.9</ele>
        <time>2025-07-11T08:02:30Z</time>
      </trkpt>
      <trkpt lat="47.67484667" lon="19.67459833">
        <ele>163.9</ele>
        <time>2025-07-11T08:02:31Z</time>
      </trkpt>
      <trkpt lat="47.67479667" lon="19.67447333">
        <ele>164.3</ele>
        <time>2025-07-11T08:02:32Z</time>
      </trkpt>
      <trkpt lat="47.674745" lon="19.674335">
        <ele>164.8</ele>
        <time>2025-07-11T08:02:33Z</time>
      </trkpt>
      <trkpt lat="47.67469667" lon="19.67421667">
        <ele>165.2</ele>
        <time>2025-07-11T08:02:34Z</time>
      </trkpt>
      <trkpt lat="47.6746" lon="19.67398333">
        <ele>165</ele>
        <time>2025-07-11T08:02:36Z</time>
      </trkpt>
      <trkpt lat="47.674505" lon="19.67376">
        <ele>165.9</ele>
        <time>2025-07-11T08:02:38Z</time>
      </trkpt>
      <trkpt lat="47.67438833" lon="19.67353167">
        <ele>166.2</ele>
        <time>2025-07-11T08:02:40Z</time>
      </trkpt>
      <trkpt lat="47.674325" lon="19.67341333">
        <ele>165.9</ele>
        <time>2025-07-11T08:02:41Z</time>
      </trkpt>
      <trkpt lat="47.67426167" lon="19.67329">
        <ele>166.1</ele>
        <time>2025-07-11T08:02:42Z</time>
      </trkpt>
      <trkpt lat="47.67420167" lon="19.673175">
        <ele>166.6</ele>
        <time>2025-07-11T08:02:43Z</time>
      </trkpt>
      <trkpt lat="47.67413667" lon="19.67305833">
        <ele>167.1</ele>
        <time>2025-07-11T08:02:44Z</time>
      </trkpt>
      <trkpt lat="47.67406667" lon="19.67294833">
        <ele>167.9</ele>
        <time>2025-07-11T08:02:45Z</time>
      </trkpt>
      <trkpt lat="47.67399167" lon="19.67284">
        <ele>167.6</ele>
        <time>2025-07-11T08:02:46Z</time>
      </trkpt>
      <trkpt lat="47.67391333" lon="19.67272167">
        <ele>167.3</ele>
        <time>2025-07-11T08:02:47Z</time>
      </trkpt>
      <trkpt lat="47.673825" lon="19.672595">
        <ele>166.5</ele>
        <time>2025-07-11T08:02:48Z</time>
      </trkpt>
      <trkpt lat="47.67373833" lon="19.67248833">
        <ele>166.9</ele>
        <time>2025-07-11T08:02:49Z</time>
      </trkpt>
      <trkpt lat="47.673645" lon="19.67235833">
        <ele>167.4</ele>
        <time>2025-07-11T08:02:50Z</time>
      </trkpt>
      <trkpt lat="47.67353" lon="19.67222167">
        <ele>166</ele>
        <time>2025-07-11T08:02:51Z</time>
      </trkpt>
      <trkpt lat="47.67342167" lon="19.67209333">
        <ele>166.1</ele>
        <time>2025-07-11T08:02:52Z</time>
      </trkpt>
      <trkpt lat="47.67330833" lon="19.67196">
        <ele>165.8</ele>
        <time>2025-07-11T08:02:53Z</time>
      </trkpt>
      <trkpt lat="47.67318833" lon="19.67184">
        <ele>165.4</ele>
        <time>2025-07-11T08:02:54Z</time>
      </trkpt>
      <trkpt lat="47.67307333" lon="19.67172333">
        <ele>166</ele>
        <time>2025-07-11T08:02:55Z</time>
      </trkpt>
      <trkpt lat="47.67294333" lon="19.67160833">
        <ele>166.2</ele>
        <time>2025-07-11T08:02:56Z</time>
      </trkpt>
      <trkpt lat="47.67282333" lon="19.67149">
        <ele>166.1</ele>
        <time>2025-07-11T08:02:57Z</time>
      </trkpt>
      <trkpt lat="47.67270333" lon="19.67139">
        <ele>166.4</ele>
        <time>2025-07-11T08:02:58Z</time>
      </trkpt>
      <trkpt lat="47.67256167" lon="19.671275">
        <ele>164.7</ele>
        <time>2025-07-11T08:02:59Z</time>
      </trkpt>
      <trkpt lat="47.67242333" lon="19.67118333">
        <ele>164.5</ele>
        <time>2025-07-11T08:03:00Z</time>
      </trkpt>
      <trkpt lat="47.67228833" lon="19.67109333">
        <ele>164.4</ele>
        <time>2025-07-11T08:03:01Z</time>
      </trkpt>
      <trkpt lat="47.67214" lon="19.67100833">
        <ele>163.9</ele>
        <time>2025-07-11T08:03:02Z</time>
      </trkpt>
      <trkpt lat="47.67199" lon="19.67092">
        <ele>163.5</ele>
        <time>2025-07-11T08:03:03Z</time>
      </trkpt>
      <trkpt lat="47.67183" lon="19.670835">
        <ele>160.3</ele>
        <time>2025-07-11T08:03:04Z</time>
      </trkpt>
      <trkpt lat="47.67168333" lon="19.67076">
        <ele>160.6</ele>
        <time>2025-07-11T08:03:05Z</time>
      </trkpt>
      <trkpt lat="47.67153167" lon="19.67069333">
        <ele>159.7</ele>
        <time>2025-07-11T08:03:06Z</time>
      </trkpt>
      <trkpt lat="47.67138333" lon="19.67061833">
        <ele>158.8</ele>
        <time>2025-07-11T08:03:07Z</time>
      </trkpt>
      <trkpt lat="47.67122167" lon="19.67055167">
        <ele>157.7</ele>
        <time>2025-07-11T08:03:08Z</time>
      </trkpt>
      <trkpt lat="47.671075" lon="19.6705">
        <ele>157.5</ele>
        <time>2025-07-11T08:03:09Z</time>
      </trkpt>
      <trkpt lat="47.670915" lon="19.670455">
        <ele>157.6</ele>
        <time>2025-07-11T08:03:10Z</time>
      </trkpt>
      <trkpt lat="47.670775" lon="19.67042333">
        <ele>158.9</ele>
        <time>2025-07-11T08:03:11Z</time>
      </trkpt>
      <trkpt lat="47.67063333" lon="19.67040667">
        <ele>159.1</ele>
        <time>2025-07-11T08:03:12Z</time>
      </trkpt>
      <trkpt lat="47.67047167" lon="19.67037167">
        <ele>157.6</ele>
        <time>2025-07-11T08:03:13Z</time>
      </trkpt>
      <trkpt lat="47.670315" lon="19.670355">
        <ele>158.4</ele>
        <time>2025-07-11T08:03:14Z</time>
      </trkpt>
      <trkpt lat="47.67017" lon="19.670355">
        <ele>158.8</ele>
        <time>2025-07-11T08:03:15Z</time>
      </trkpt>
      <trkpt lat="47.67002167" lon="19.67035833">
        <ele>159.3</ele>
        <time>2025-07-11T08:03:16Z</time>
      </trkpt>
      <trkpt lat="47.66986" lon="19.67035167">
        <ele>159.6</ele>
        <time>2025-07-11T08:03:17Z</time>
      </trkpt>
      <trkpt lat="47.669705" lon="19.67036">
        <ele>159.5</ele>
        <time>2025-07-11T08:03:18Z</time>
      </trkpt>
      <trkpt lat="47.66955833" lon="19.67036833">
        <ele>160.8</ele>
        <time>2025-07-11T08:03:19Z</time>
      </trkpt>
      <trkpt lat="47.66940833" lon="19.670375">
        <ele>161.2</ele>
        <time>2025-07-11T08:03:20Z</time>
      </trkpt>
      <trkpt lat="47.66926" lon="19.67038167">
        <ele>162.3</ele>
        <time>2025-07-11T08:03:21Z</time>
      </trkpt>
      <trkpt lat="47.66911833" lon="19.67040167">
        <ele>162.6</ele>
        <time>2025-07-11T08:03:22Z</time>
      </trkpt>
      <trkpt lat="47.668965" lon="19.670415">
        <ele>162.5</ele>
        <time>2025-07-11T08:03:23Z</time>
      </trkpt>
      <trkpt lat="47.66880333" lon="19.67041333">
        <ele>161.9</ele>
        <time>2025-07-11T08:03:24Z</time>
      </trkpt>
      <trkpt lat="47.66864" lon="19.67040167">
        <ele>160.4</ele>
        <time>2025-07-11T08:03:25Z</time>
      </trkpt>
      <trkpt lat="47.66849333" lon="19.67039833">
        <ele>160.2</ele>
        <time>2025-07-11T08:03:26Z</time>
      </trkpt>
      <trkpt lat="47.66833833" lon="19.67041">
        <ele>160.2</ele>
        <time>2025-07-11T08:03:27Z</time>
      </trkpt>
      <trkpt lat="47.66818" lon="19.67041333">
        <ele>160.3</ele>
        <time>2025-07-11T08:03:28Z</time>
      </trkpt>
      <trkpt lat="47.668025" lon="19.67042333">
        <ele>160.4</ele>
        <time>2025-07-11T08:03:29Z</time>
      </trkpt>
      <trkpt lat="47.66787" lon="19.67043333">
        <ele>161</ele>
        <time>2025-07-11T08:03:30Z</time>
      </trkpt>
      <trkpt lat="47.66772333" lon="19.67044167">
        <ele>160.8</ele>
        <time>2025-07-11T08:03:31Z</time>
      </trkpt>
      <trkpt lat="47.66756667" lon="19.67043167">
        <ele>160.2</ele>
        <time>2025-07-11T08:03:32Z</time>
      </trkpt>
      <trkpt lat="47.667425" lon="19.67043833">
        <ele>160.1</ele>
        <time>2025-07-11T08:03:33Z</time>
      </trkpt>
      <trkpt lat="47.66727667" lon="19.67044333">
        <ele>160</ele>
        <time>2025-07-11T08:03:34Z</time>
      </trkpt>
      <trkpt lat="47.66711333" lon="19.67045167">
        <ele>159.4</ele>
        <time>2025-07-11T08:03:35Z</time>
      </trkpt>
      <trkpt lat="47.66695667" lon="19.67045833">
        <ele>159.5</ele>
        <time>2025-07-11T08:03:36Z</time>
      </trkpt>
      <trkpt lat="47.66680167" lon="19.670465">
        <ele>159.3</ele>
        <time>2025-07-11T08:03:37Z</time>
      </trkpt>
      <trkpt lat="47.66665167" lon="19.670475">
        <ele>159.5</ele>
        <time>2025-07-11T08:03:38Z</time>
      </trkpt>
      <trkpt lat="47.66650667" lon="19.67048667">
        <ele>159.7</ele>
        <time>2025-07-11T08:03:39Z</time>
      </trkpt>
      <trkpt lat="47.66636333" lon="19.67049667">
        <ele>158.6</ele>
        <time>2025-07-11T08:03:40Z</time>
      </trkpt>
      <trkpt lat="47.66623" lon="19.670505">
        <ele>158.1</ele>
        <time>2025-07-11T08:03:41Z</time>
      </trkpt>
      <trkpt lat="47.66610167" lon="19.67051">
        <ele>158.6</ele>
        <time>2025-07-11T08:03:42Z</time>
      </trkpt>
      <trkpt lat="47.66598" lon="19.670525">
        <ele>158.8</ele>
        <time>2025-07-11T08:03:43Z</time>
      </trkpt>
      <trkpt lat="47.66585833" lon="19.67055333">
        <ele>158.8</ele>
        <time>2025-07-11T08:03:44Z</time>
      </trkpt>
      <trkpt lat="47.66575" lon="19.67058667">
        <ele>158.7</ele>
        <time>2025-07-11T08:03:45Z</time>
      </trkpt>
      <trkpt lat="47.665645" lon="19.67061">
        <ele>158.4</ele>
        <time>2025-07-11T08:03:46Z</time>
      </trkpt>
      <trkpt lat="47.66553833" lon="19.67063333">
        <ele>157.5</ele>
        <time>2025-07-11T08:03:47Z</time>
      </trkpt>
      <trkpt lat="47.66543667" lon="19.67064833">
        <ele>156.2</ele>
        <time>2025-07-11T08:03:48Z</time>
      </trkpt>
      <trkpt lat="47.66533833" lon="19.67066333">
        <ele>156.3</ele>
        <time>2025-07-11T08:03:49Z</time>
      </trkpt>
      <trkpt lat="47.66524167" lon="19.67068">
        <ele>155.8</ele>
        <time>2025-07-11T08:03:50Z</time>
      </trkpt>
      <trkpt lat="47.66514333" lon="19.67069333">
        <ele>156</ele>
        <time>2025-07-11T08:03:51Z</time>
      </trkpt>
      <trkpt lat="47.664955" lon="19.67073">
        <ele>155.2</ele>
        <time>2025-07-11T08:03:53Z</time>
      </trkpt>
      <trkpt lat="47.66486333" lon="19.67075">
        <ele>155.4</ele>
        <time>2025-07-11T08:03:54Z</time>
      </trkpt>
      <trkpt lat="47.66471833" lon="19.67078333">
        <ele>155.6</ele>
        <time>2025-07-11T08:03:56Z</time>
      </trkpt>
      <trkpt lat="47.664605" lon="19.67081">
        <ele>155.9</ele>
        <time>2025-07-11T08:03:58Z</time>
      </trkpt>
      <trkpt lat="47.66450667" lon="19.67083167">
        <ele>155.8</ele>
        <time>2025-07-11T08:04:00Z</time>
      </trkpt>
      <trkpt lat="47.66438" lon="19.67086167">
        <ele>155.9</ele>
        <time>2025-07-11T08:04:03Z</time>
      </trkpt>
      <trkpt lat="47.66427167" lon="19.67088">
        <ele>155.9</ele>
        <time>2025-07-11T08:04:07Z</time>
      </trkpt>
      <trkpt lat="47.66418167" lon="19.67088667">
        <ele>157.1</ele>
        <time>2025-07-11T08:04:14Z</time>
      </trkpt>
    </trkseg>
  </trk>
</gpx>