<?xml version='1.0' encoding='UTF-8' standalone='yes' ?>
<gpx xmlns="http://www.topografix.com/GPX/1/1" xmlns:geotracker="http://ilyabogdanovich.com/gpx/extensions/geotracker" xmlns:xsi="http://www.w3.org/2001/XMLSchema-instance" xsi:schemaLocation="http://www.topografix.com/GPX/1/1 http://www.topografix.com/GPX/1/1/gpx.xsd" version="1.1" creator="Recorded in Geo Tracker for Android from Ilya Bogdanovich">
  <metadata>
    <name>t_0801_04</name>
    <author>
      <name>Recorded in Geo Tracker for Android from Ilya Bogdanovich</name>
      <link href="https://play.google.com/store/apps/details?id=com.ilyabogdanovich.geotracker" />
    </author>
    <link href="https://play.google.com/store/apps/details?id=com.ilyabogdanovich.geotracker" />
    <time>2025-08-01T17:26:59Z</time>
  </metadata>
  <wpt lat="47.50075667" lon="19.08731">
    <ele>154</ele>
    <time>2025-08-01T17:29:10Z</time>
    <name>Stop for ~4 min</name>
    <desc>Elevation: 154 m
Time from start: 00:02:10
Distance from start: 4 m</desc>
    <extensions>
      <geotracker:meta visited="1" />
    </extensions>
  </wpt>
  <trk>
    <name>t_0801_04</name>
    <src>Recorded in Geo Tracker for Android from Ilya Bogdanovich</src>
    <link href="https://play.google.com/store/apps/details?id=com.ilyabogdanovich.geotracker" />
    <extensions>
      <geotracker:meta>
        <geotracker:length>35451.65</geotracker:length>
        <geotracker:duration>2021111</geotracker:duration>
        <geotracker:creationtime>2025-08-01T17:26:59Z</geotracker:creationtime>
        <geotracker:activity>0</geotracker:activity>
      </geotracker:meta>
    </extensions>
    <trkseg>
      <trkpt lat="47.50073833" lon="19.08726333">
        <ele>158</ele>
        <time>2025-08-01T17:27:04Z</time>
      </trkpt>
      <trkpt lat="47.50075667" lon="19.08731">
        <ele>154</ele>
        <time>2025-08-01T17:29:10Z</time>
      </trkpt>
      <trkpt lat="47.50071833" lon="19.08733167">
        <ele>157.2</ele>
        <time>2025-08-01T17:31:23Z</time>
      </trkpt>
      <trkpt lat="47.500775" lon="19.08718833">
        <ele>152.2</ele>
        <time>2025-08-01T17:31:50Z</time>
      </trkpt>
      <trkpt lat="47.50073" lon="19.087345">
        <ele>152.9</ele>
        <time>2025-08-01T17:32:05Z</time>
      </trkpt>
      <trkpt lat="47.50071667" lon="19.08748167">
        <ele>153.1</ele>
        <time>2025-08-01T17:32:07Z</time>
      </trkpt>
      <trkpt lat="47.500705" lon="19.08767">
        <ele>153.1</ele>
        <time>2025-08-01T17:32:10Z</time>
      </trkpt>
      <trkpt lat="47.5007" lon="19.08781">
        <ele>152.9</ele>
        <time>2025-08-01T17:32:12Z</time>
      </trkpt>
      <trkpt lat="47.50072833" lon="19.087975">
        <ele>156</ele>
        <time>2025-08-01T17:32:14Z</time>
      </trkpt>
      <trkpt lat="47.50072833" lon="19.08813333">
        <ele>156</ele>
        <time>2025-08-01T17:32:16Z</time>
      </trkpt>
      <trkpt lat="47.50072667" lon="19.08827833">
        <ele>156.1</ele>
        <time>2025-08-01T17:32:18Z</time>
      </trkpt>
      <trkpt lat="47.50072667" lon="19.08842">
        <ele>154.9</ele>
        <time>2025-08-01T17:32:20Z</time>
      </trkpt>
      <trkpt lat="47.50074167" lon="19.08859833">
        <ele>152.4</ele>
        <time>2025-08-01T17:32:22Z</time>
      </trkpt>
      <trkpt lat="47.50073833" lon="19.08875833">
        <ele>151</ele>
        <time>2025-08-01T17:32:24Z</time>
      </trkpt>
      <trkpt lat="47.50073833" lon="19.08895333">
        <ele>151.3</ele>
        <time>2025-08-01T17:32:27Z</time>
      </trkpt>
      <trkpt lat="47.50070167" lon="19.089145">
        <ele>150.8</ele>
        <time>2025-08-01T17:32:30Z</time>
      </trkpt>
      <trkpt lat="47.50068667" lon="19.08927667">
        <ele>150.6</ele>
        <time>2025-08-01T17:32:32Z</time>
      </trkpt>
      <trkpt lat="47.50067667" lon="19.08942">
        <ele>150.8</ele>
        <time>2025-08-01T17:32:34Z</time>
      </trkpt>
      <trkpt lat="47.50066667" lon="19.08958333">
        <ele>150.8</ele>
        <time>2025-08-01T17:32:36Z</time>
      </trkpt>
      <trkpt lat="47.50065333" lon="19.089755">
        <ele>150.8</ele>
        <time>2025-08-01T17:32:38Z</time>
      </trkpt>
      <trkpt lat="47.50063833" lon="19.0899">
        <ele>150.4</ele>
        <time>2025-08-01T17:32:40Z</time>
      </trkpt>
      <trkpt lat="47.50063" lon="19.090045">
        <ele>149.9</ele>
        <time>2025-08-01T17:32:42Z</time>
      </trkpt>
      <trkpt lat="47.50062333" lon="19.09018333">
        <ele>149.7</ele>
        <time>2025-08-01T17:32:44Z</time>
      </trkpt>
      <trkpt lat="47.50061167" lon="19.09031667">
        <ele>149.6</ele>
        <time>2025-08-01T17:32:46Z</time>
      </trkpt>
      <trkpt lat="47.50059333" lon="19.09046">
        <ele>150.2</ele>
        <time>2025-08-01T17:32:48Z</time>
      </trkpt>
      <trkpt lat="47.50058" lon="19.09060833">
        <ele>150.5</ele>
        <time>2025-08-01T17:32:50Z</time>
      </trkpt>
      <trkpt lat="47.50057" lon="19.09074167">
        <ele>150.8</ele>
        <time>2025-08-01T17:32:52Z</time>
      </trkpt>
      <trkpt lat="47.50056" lon="19.090875">
        <ele>151.7</ele>
        <time>2025-08-01T17:32:54Z</time>
      </trkpt>
      <trkpt lat="47.50053167" lon="19.09106167">
        <ele>151.7</ele>
        <time>2025-08-01T17:32:57Z</time>
      </trkpt>
      <trkpt lat="47.50052167" lon="19.09120833">
        <ele>150.6</ele>
        <time>2025-08-01T17:32:59Z</time>
      </trkpt>
      <trkpt lat="47.50054" lon="19.09140667">
        <ele>149.5</ele>
        <time>2025-08-01T17:33:01Z</time>
      </trkpt>
      <trkpt lat="47.500545" lon="19.09155167">
        <ele>148.7</ele>
        <time>2025-08-01T17:33:03Z</time>
      </trkpt>
      <trkpt lat="47.50054167" lon="19.09171">
        <ele>147.4</ele>
        <time>2025-08-01T17:33:05Z</time>
      </trkpt>
      <trkpt lat="47.500535" lon="19.09187333">
        <ele>146.7</ele>
        <time>2025-08-01T17:33:07Z</time>
      </trkpt>
      <trkpt lat="47.50051833" lon="19.092025">
        <ele>146.6</ele>
        <time>2025-08-01T17:33:09Z</time>
      </trkpt>
      <trkpt lat="47.50052167" lon="19.09218833">
        <ele>146.5</ele>
        <time>2025-08-01T17:33:11Z</time>
      </trkpt>
      <trkpt lat="47.50052833" lon="19.09233667">
        <ele>147.9</ele>
        <time>2025-08-01T17:33:13Z</time>
      </trkpt>
      <trkpt lat="47.50053" lon="19.09248167">
        <ele>148.2</ele>
        <time>2025-08-01T17:33:15Z</time>
      </trkpt>
      <trkpt lat="47.50053833" lon="19.09263">
        <ele>148.6</ele>
        <time>2025-08-01T17:33:17Z</time>
      </trkpt>
      <trkpt lat="47.50053667" lon="19.09279833">
        <ele>147.9</ele>
        <time>2025-08-01T17:33:20Z</time>
      </trkpt>
      <trkpt lat="47.50055167" lon="19.09296667">
        <ele>147.8</ele>
        <time>2025-08-01T17:33:23Z</time>
      </trkpt>
      <trkpt lat="47.50055667" lon="19.09315">
        <ele>147.6</ele>
        <time>2025-08-01T17:33:26Z</time>
      </trkpt>
      <trkpt lat="47.50057" lon="19.09329667">
        <ele>148</ele>
        <time>2025-08-01T17:33:28Z</time>
      </trkpt>
      <trkpt lat="47.50055333" lon="19.09348833">
        <ele>149.1</ele>
        <time>2025-08-01T17:33:31Z</time>
      </trkpt>
      <trkpt lat="47.50055333" lon="19.093675">
        <ele>148.9</ele>
        <time>2025-08-01T17:33:34Z</time>
      </trkpt>
      <trkpt lat="47.500545" lon="19.09383667">
        <ele>147.3</ele>
        <time>2025-08-01T17:33:37Z</time>
      </trkpt>
      <trkpt lat="47.50053333" lon="19.09398167">
        <ele>147</ele>
        <time>2025-08-01T17:33:39Z</time>
      </trkpt>
      <trkpt lat="47.500525" lon="19.09417167">
        <ele>146.8</ele>
        <time>2025-08-01T17:33:42Z</time>
      </trkpt>
      <trkpt lat="47.50052" lon="19.09432">
        <ele>146.4</ele>
        <time>2025-08-01T17:33:44Z</time>
      </trkpt>
      <trkpt lat="47.50051833" lon="19.09447667">
        <ele>145.4</ele>
        <time>2025-08-01T17:33:46Z</time>
      </trkpt>
      <trkpt lat="47.50052" lon="19.09462333">
        <ele>145.9</ele>
        <time>2025-08-01T17:33:48Z</time>
      </trkpt>
      <trkpt lat="47.50051" lon="19.09476167">
        <ele>146</ele>
        <time>2025-08-01T17:33:50Z</time>
      </trkpt>
      <trkpt lat="47.500505" lon="19.09489833">
        <ele>147.2</ele>
        <time>2025-08-01T17:33:52Z</time>
      </trkpt>
      <trkpt lat="47.50048167" lon="19.095095">
        <ele>146.6</ele>
        <time>2025-08-01T17:33:55Z</time>
      </trkpt>
      <trkpt lat="47.50046333" lon="19.09525667">
        <ele>145.8</ele>
        <time>2025-08-01T17:33:57Z</time>
      </trkpt>
      <trkpt lat="47.50045" lon="19.09544">
        <ele>144.8</ele>
        <time>2025-08-01T17:34:00Z</time>
      </trkpt>
      <trkpt lat="47.50044333" lon="19.09558167">
        <ele>144</ele>
        <time>2025-08-01T17:34:02Z</time>
      </trkpt>
      <trkpt lat="47.50041167" lon="19.09572833">
        <ele>144.2</ele>
        <time>2025-08-01T17:34:04Z</time>
      </trkpt>
      <trkpt lat="47.50037667" lon="19.09589167">
        <ele>143.8</ele>
        <time>2025-08-01T17:34:06Z</time>
      </trkpt>
      <trkpt lat="47.50031333" lon="19.09606167">
        <ele>144.1</ele>
        <time>2025-08-01T17:34:08Z</time>
      </trkpt>
      <trkpt lat="47.50021333" lon="19.09620833">
        <ele>148.4</ele>
        <time>2025-08-01T17:34:10Z</time>
      </trkpt>
      <trkpt lat="47.50014833" lon="19.09645833">
        <ele>151.2</ele>
        <time>2025-08-01T17:34:12Z</time>
      </trkpt>
      <trkpt lat="47.500105" lon="19.09657667">
        <ele>152.6</ele>
        <time>2025-08-01T17:34:13Z</time>
      </trkpt>
      <trkpt lat="47.50006167" lon="19.096695">
        <ele>153.1</ele>
        <time>2025-08-01T17:34:14Z</time>
      </trkpt>
      <trkpt lat="47.500015" lon="19.09681833">
        <ele>153.5</ele>
        <time>2025-08-01T17:34:15Z</time>
      </trkpt>
      <trkpt lat="47.49997" lon="19.09694">
        <ele>153.9</ele>
        <time>2025-08-01T17:34:16Z</time>
      </trkpt>
      <trkpt lat="47.49991833" lon="19.097065">
        <ele>154.4</ele>
        <time>2025-08-01T17:34:17Z</time>
      </trkpt>
      <trkpt lat="47.49981333" lon="19.09728167">
        <ele>154.4</ele>
        <time>2025-08-01T17:34:19Z</time>
      </trkpt>
      <trkpt lat="47.49975667" lon="19.09739">
        <ele>154.2</ele>
        <time>2025-08-01T17:34:20Z</time>
      </trkpt>
      <trkpt lat="47.49969333" lon="19.09749333">
        <ele>154</ele>
        <time>2025-08-01T17:34:21Z</time>
      </trkpt>
      <trkpt lat="47.49895833" lon="19.09830833">
        <ele>149.2</ele>
        <time>2025-08-01T17:34:33Z</time>
      </trkpt>
      <trkpt lat="47.49883167" lon="19.09847333">
        <ele>143.5</ele>
        <time>2025-08-01T17:34:35Z</time>
      </trkpt>
      <trkpt lat="47.49875" lon="19.098565">
        <ele>145</ele>
        <time>2025-08-01T17:34:36Z</time>
      </trkpt>
      <trkpt lat="47.49867" lon="19.09864667">
        <ele>141.4</ele>
        <time>2025-08-01T17:34:37Z</time>
      </trkpt>
      <trkpt lat="47.49858" lon="19.09873833">
        <ele>140.6</ele>
        <time>2025-08-01T17:34:38Z</time>
      </trkpt>
      <trkpt lat="47.49849667" lon="19.09884333">
        <ele>141.5</ele>
        <time>2025-08-01T17:34:39Z</time>
      </trkpt>
      <trkpt lat="47.498415" lon="19.09891833">
        <ele>142.2</ele>
        <time>2025-08-01T17:34:40Z</time>
      </trkpt>
      <trkpt lat="47.49832833" lon="19.09897667">
        <ele>142.9</ele>
        <time>2025-08-01T17:34:41Z</time>
      </trkpt>
      <trkpt lat="47.49825" lon="19.09905667">
        <ele>142.1</ele>
        <time>2025-08-01T17:34:42Z</time>
      </trkpt>
      <trkpt lat="47.498165" lon="19.09911">
        <ele>140.9</ele>
        <time>2025-08-01T17:34:43Z</time>
      </trkpt>
      <trkpt lat="47.49807833" lon="19.09916">
        <ele>140.8</ele>
        <time>2025-08-01T17:34:44Z</time>
      </trkpt>
      <trkpt lat="47.49799667" lon="19.09922">
        <ele>138.8</ele>
        <time>2025-08-01T17:34:45Z</time>
      </trkpt>
      <trkpt lat="47.49791" lon="19.09928">
        <ele>136.9</ele>
        <time>2025-08-01T17:34:46Z</time>
      </trkpt>
      <trkpt lat="47.49774667" lon="19.09937167">
        <ele>140.5</ele>
        <time>2025-08-01T17:34:48Z</time>
      </trkpt>
      <trkpt lat="47.49756333" lon="19.099425">
        <ele>144.1</ele>
        <time>2025-08-01T17:34:50Z</time>
      </trkpt>
      <trkpt lat="47.49747833" lon="19.09947667">
        <ele>144.5</ele>
        <time>2025-08-01T17:34:51Z</time>
      </trkpt>
      <trkpt lat="47.497395" lon="19.09953333">
        <ele>144.1</ele>
        <time>2025-08-01T17:34:52Z</time>
      </trkpt>
      <trkpt lat="47.49731167" lon="19.09959">
        <ele>144.2</ele>
        <time>2025-08-01T17:34:53Z</time>
      </trkpt>
      <trkpt lat="47.49722833" lon="19.09964833">
        <ele>143.6</ele>
        <time>2025-08-01T17:34:54Z</time>
      </trkpt>
      <trkpt lat="47.49714" lon="19.09970833">
        <ele>144.2</ele>
        <time>2025-08-01T17:34:55Z</time>
      </trkpt>
      <trkpt lat="47.497045" lon="19.09976833">
        <ele>144.9</ele>
        <time>2025-08-01T17:34:56Z</time>
      </trkpt>
      <trkpt lat="47.49694667" lon="19.09982">
        <ele>145.7</ele>
        <time>2025-08-01T17:34:57Z</time>
      </trkpt>
      <trkpt lat="47.49685167" lon="19.09987">
        <ele>146.4</ele>
        <time>2025-08-01T17:34:58Z</time>
      </trkpt>
      <trkpt lat="47.49675833" lon="19.09992833">
        <ele>146.4</ele>
        <time>2025-08-01T17:34:59Z</time>
      </trkpt>
      <trkpt lat="47.49666833" lon="19.09998667">
        <ele>146.6</ele>
        <time>2025-08-01T17:35:00Z</time>
      </trkpt>
      <trkpt lat="47.49657833" lon="19.10004">
        <ele>146.6</ele>
        <time>2025-08-01T17:35:01Z</time>
      </trkpt>
      <trkpt lat="47.49649" lon="19.10009">
        <ele>146.5</ele>
        <time>2025-08-01T17:35:02Z</time>
      </trkpt>
      <trkpt lat="47.49640333" lon="19.100145">
        <ele>146.2</ele>
        <time>2025-08-01T17:35:03Z</time>
      </trkpt>
      <trkpt lat="47.496315" lon="19.10019833">
        <ele>146.2</ele>
        <time>2025-08-01T17:35:04Z</time>
      </trkpt>
      <trkpt lat="47.49622667" lon="19.10025167">
        <ele>146.1</ele>
        <time>2025-08-01T17:35:05Z</time>
      </trkpt>
      <trkpt lat="47.49613833" lon="19.10030833">
        <ele>146.2</ele>
        <time>2025-08-01T17:35:06Z</time>
      </trkpt>
      <trkpt lat="47.49605" lon="19.10035667">
        <ele>146.9</ele>
        <time>2025-08-01T17:35:07Z</time>
      </trkpt>
      <trkpt lat="47.49596333" lon="19.1004">
        <ele>147.2</ele>
        <time>2025-08-01T17:35:08Z</time>
      </trkpt>
      <trkpt lat="47.49587667" lon="19.10045">
        <ele>147.9</ele>
        <time>2025-08-01T17:35:09Z</time>
      </trkpt>
      <trkpt lat="47.49572" lon="19.10054">
        <ele>148.3</ele>
        <time>2025-08-01T17:35:11Z</time>
      </trkpt>
      <trkpt lat="47.49555333" lon="19.10063167">
        <ele>147.6</ele>
        <time>2025-08-01T17:35:13Z</time>
      </trkpt>
      <trkpt lat="47.49546667" lon="19.10068333">
        <ele>147.2</ele>
        <time>2025-08-01T17:35:14Z</time>
      </trkpt>
      <trkpt lat="47.49537833" lon="19.100735">
        <ele>147.2</ele>
        <time>2025-08-01T17:35:15Z</time>
      </trkpt>
      <trkpt lat="47.49528833" lon="19.10078333">
        <ele>147.4</ele>
        <time>2025-08-01T17:35:16Z</time>
      </trkpt>
      <trkpt lat="47.495205" lon="19.100835">
        <ele>147.8</ele>
        <time>2025-08-01T17:35:17Z</time>
      </trkpt>
      <trkpt lat="47.49511833" lon="19.10088">
        <ele>147.9</ele>
        <time>2025-08-01T17:35:18Z</time>
      </trkpt>
      <trkpt lat="47.49502167" lon="19.10092833">
        <ele>148.1</ele>
        <time>2025-08-01T17:35:19Z</time>
      </trkpt>
      <trkpt lat="47.49492" lon="19.10098833">
        <ele>148.1</ele>
        <time>2025-08-01T17:35:20Z</time>
      </trkpt>
      <trkpt lat="47.49481" lon="19.10105333">
        <ele>148.6</ele>
        <time>2025-08-01T17:35:21Z</time>
      </trkpt>
      <trkpt lat="47.49469833" lon="19.10112">
        <ele>149</ele>
        <time>2025-08-01T17:35:22Z</time>
      </trkpt>
      <trkpt lat="47.49458833" lon="19.10117833">
        <ele>149.3</ele>
        <time>2025-08-01T17:35:23Z</time>
      </trkpt>
      <trkpt lat="47.49447" lon="19.10125667">
        <ele>149.6</ele>
        <time>2025-08-01T17:35:24Z</time>
      </trkpt>
      <trkpt lat="47.494345" lon="19.10133">
        <ele>149.3</ele>
        <time>2025-08-01T17:35:25Z</time>
      </trkpt>
      <trkpt lat="47.49421" lon="19.10141">
        <ele>148.7</ele>
        <time>2025-08-01T17:35:26Z</time>
      </trkpt>
      <trkpt lat="47.49407333" lon="19.10149333">
        <ele>148.1</ele>
        <time>2025-08-01T17:35:27Z</time>
      </trkpt>
      <trkpt lat="47.49393167" lon="19.10157833">
        <ele>147.6</ele>
        <time>2025-08-01T17:35:28Z</time>
      </trkpt>
      <trkpt lat="47.49378333" lon="19.10166333">
        <ele>147.1</ele>
        <time>2025-08-01T17:35:29Z</time>
      </trkpt>
      <trkpt lat="47.49362" lon="19.10175">
        <ele>146.8</ele>
        <time>2025-08-01T17:35:30Z</time>
      </trkpt>
      <trkpt lat="47.49345833" lon="19.10183333">
        <ele>146.7</ele>
        <time>2025-08-01T17:35:31Z</time>
      </trkpt>
      <trkpt lat="47.49329" lon="19.10193">
        <ele>146.7</ele>
        <time>2025-08-01T17:35:32Z</time>
      </trkpt>
      <trkpt lat="47.49311667" lon="19.102035">
        <ele>147</ele>
        <time>2025-08-01T17:35:33Z</time>
      </trkpt>
      <trkpt lat="47.49294167" lon="19.10214167">
        <ele>147.5</ele>
        <time>2025-08-01T17:35:34Z</time>
      </trkpt>
      <trkpt lat="47.492765" lon="19.102255">
        <ele>147.9</ele>
        <time>2025-08-01T17:35:35Z</time>
      </trkpt>
      <trkpt lat="47.49258333" lon="19.10236833">
        <ele>148.2</ele>
        <time>2025-08-01T17:35:36Z</time>
      </trkpt>
      <trkpt lat="47.4924" lon="19.102475">
        <ele>148.6</ele>
        <time>2025-08-01T17:35:37Z</time>
      </trkpt>
      <trkpt lat="47.49222167" lon="19.10258167">
        <ele>148.9</ele>
        <time>2025-08-01T17:35:38Z</time>
      </trkpt>
      <trkpt lat="47.49203667" lon="19.10268167">
        <ele>149.5</ele>
        <time>2025-08-01T17:35:39Z</time>
      </trkpt>
      <trkpt lat="47.49185167" lon="19.10278833">
        <ele>150.1</ele>
        <time>2025-08-01T17:35:40Z</time>
      </trkpt>
      <trkpt lat="47.49167333" lon="19.10289833">
        <ele>150.7</ele>
        <time>2025-08-01T17:35:41Z</time>
      </trkpt>
      <trkpt lat="47.49149667" lon="19.10301833">
        <ele>151.6</ele>
        <time>2025-08-01T17:35:42Z</time>
      </trkpt>
      <trkpt lat="47.49132333" lon="19.10315">
        <ele>152.9</ele>
        <time>2025-08-01T17:35:43Z</time>
      </trkpt>
      <trkpt lat="47.49116167" lon="19.10328167">
        <ele>153.4</ele>
        <time>2025-08-01T17:35:44Z</time>
      </trkpt>
      <trkpt lat="47.49100833" lon="19.10341833">
        <ele>153.8</ele>
        <time>2025-08-01T17:35:45Z</time>
      </trkpt>
      <trkpt lat="47.49087667" lon="19.10360333">
        <ele>153.2</ele>
        <time>2025-08-01T17:35:46Z</time>
      </trkpt>
      <trkpt lat="47.490735" lon="19.10375667">
        <ele>154.2</ele>
        <time>2025-08-01T17:35:47Z</time>
      </trkpt>
      <trkpt lat="47.4906" lon="19.10389667">
        <ele>154.8</ele>
        <time>2025-08-01T17:35:48Z</time>
      </trkpt>
      <trkpt lat="47.49046167" lon="19.10403833">
        <ele>155.1</ele>
        <time>2025-08-01T17:35:49Z</time>
      </trkpt>
      <trkpt lat="47.49034" lon="19.10418">
        <ele>155.3</ele>
        <time>2025-08-01T17:35:50Z</time>
      </trkpt>
      <trkpt lat="47.490225" lon="19.10433167">
        <ele>155.4</ele>
        <time>2025-08-01T17:35:51Z</time>
      </trkpt>
      <trkpt lat="47.490105" lon="19.10448667">
        <ele>156.2</ele>
        <time>2025-08-01T17:35:52Z</time>
      </trkpt>
      <trkpt lat="47.48999667" lon="19.10462833">
        <ele>156.2</ele>
        <time>2025-08-01T17:35:53Z</time>
      </trkpt>
      <trkpt lat="47.48988833" lon="19.104775">
        <ele>156.2</ele>
        <time>2025-08-01T17:35:54Z</time>
      </trkpt>
      <trkpt lat="47.48978333" lon="19.10493167">
        <ele>157.7</ele>
        <time>2025-08-01T17:35:55Z</time>
      </trkpt>
      <trkpt lat="47.48967" lon="19.10509">
        <ele>158.4</ele>
        <time>2025-08-01T17:35:56Z</time>
      </trkpt>
      <trkpt lat="47.489575" lon="19.10523">
        <ele>158.8</ele>
        <time>2025-08-01T17:35:57Z</time>
      </trkpt>
      <trkpt lat="47.48948833" lon="19.10538667">
        <ele>159</ele>
        <time>2025-08-01T17:35:58Z</time>
      </trkpt>
      <trkpt lat="47.48940333" lon="19.10555333">
        <ele>159.7</ele>
        <time>2025-08-01T17:35:59Z</time>
      </trkpt>
      <trkpt lat="47.48932" lon="19.10571167">
        <ele>159.8</ele>
        <time>2025-08-01T17:36:00Z</time>
      </trkpt>
      <trkpt lat="47.48924" lon="19.10587333">
        <ele>160.1</ele>
        <time>2025-08-01T17:36:01Z</time>
      </trkpt>
      <trkpt lat="47.48917333" lon="19.10602833">
        <ele>160.2</ele>
        <time>2025-08-01T17:36:02Z</time>
      </trkpt>
      <trkpt lat="47.48911333" lon="19.10619">
        <ele>160.3</ele>
        <time>2025-08-01T17:36:03Z</time>
      </trkpt>
      <trkpt lat="47.48905" lon="19.10635333">
        <ele>160.6</ele>
        <time>2025-08-01T17:36:04Z</time>
      </trkpt>
      <trkpt lat="47.48896167" lon="19.10653833">
        <ele>160.1</ele>
        <time>2025-08-01T17:36:05Z</time>
      </trkpt>
      <trkpt lat="47.488875" lon="19.10673167">
        <ele>159.3</ele>
        <time>2025-08-01T17:36:06Z</time>
      </trkpt>
      <trkpt lat="47.4888" lon="19.10692333">
        <ele>158.9</ele>
        <time>2025-08-01T17:36:07Z</time>
      </trkpt>
      <trkpt lat="47.488735" lon="19.107095">
        <ele>157.8</ele>
        <time>2025-08-01T17:36:08Z</time>
      </trkpt>
      <trkpt lat="47.48867833" lon="19.10726833">
        <ele>156</ele>
        <time>2025-08-01T17:36:09Z</time>
      </trkpt>
      <trkpt lat="47.488615" lon="19.10742667">
        <ele>155.7</ele>
        <time>2025-08-01T17:36:10Z</time>
      </trkpt>
      <trkpt lat="47.48857333" lon="19.107555">
        <ele>156.7</ele>
        <time>2025-08-01T17:36:11Z</time>
      </trkpt>
      <trkpt lat="47.48852" lon="19.10782">
        <ele>157.9</ele>
        <time>2025-08-01T17:36:13Z</time>
      </trkpt>
      <trkpt lat="47.48847833" lon="19.10807">
        <ele>159.9</ele>
        <time>2025-08-01T17:36:15Z</time>
      </trkpt>
      <trkpt lat="47.48844833" lon="19.10820167">
        <ele>160</ele>
        <time>2025-08-01T17:36:16Z</time>
      </trkpt>
      <trkpt lat="47.48842167" lon="19.10833333">
        <ele>160.4</ele>
        <time>2025-08-01T17:36:17Z</time>
      </trkpt>
      <trkpt lat="47.48840167" lon="19.10848167">
        <ele>160.2</ele>
        <time>2025-08-01T17:36:18Z</time>
      </trkpt>
      <trkpt lat="47.48838" lon="19.108625">
        <ele>160.4</ele>
        <time>2025-08-01T17:36:19Z</time>
      </trkpt>
      <trkpt lat="47.48835667" lon="19.10877">
        <ele>160.8</ele>
        <time>2025-08-01T17:36:20Z</time>
      </trkpt>
      <trkpt lat="47.48833833" lon="19.10891">
        <ele>160.9</ele>
        <time>2025-08-01T17:36:21Z</time>
      </trkpt>
      <trkpt lat="47.488325" lon="19.10904833">
        <ele>160.7</ele>
        <time>2025-08-01T17:36:22Z</time>
      </trkpt>
      <trkpt lat="47.48830667" lon="19.10919">
        <ele>160.9</ele>
        <time>2025-08-01T17:36:23Z</time>
      </trkpt>
      <trkpt lat="47.48830167" lon="19.109325">
        <ele>160.5</ele>
        <time>2025-08-01T17:36:24Z</time>
      </trkpt>
      <trkpt lat="47.4883" lon="19.10959833">
        <ele>159.4</ele>
        <time>2025-08-01T17:36:26Z</time>
      </trkpt>
      <trkpt lat="47.48829667" lon="19.10974167">
        <ele>158.9</ele>
        <time>2025-08-01T17:36:27Z</time>
      </trkpt>
      <trkpt lat="47.48829333" lon="19.10988167">
        <ele>158.7</ele>
        <time>2025-08-01T17:36:28Z</time>
      </trkpt>
      <trkpt lat="47.48828833" lon="19.110015">
        <ele>158.4</ele>
        <time>2025-08-01T17:36:29Z</time>
      </trkpt>
      <trkpt lat="47.48828167" lon="19.11028667">
        <ele>157.6</ele>
        <time>2025-08-01T17:36:31Z</time>
      </trkpt>
      <trkpt lat="47.48827833" lon="19.11042">
        <ele>157.6</ele>
        <time>2025-08-01T17:36:32Z</time>
      </trkpt>
      <trkpt lat="47.48827833" lon="19.11056333">
        <ele>157.5</ele>
        <time>2025-08-01T17:36:33Z</time>
      </trkpt>
      <trkpt lat="47.48829333" lon="19.11073667">
        <ele>155</ele>
        <time>2025-08-01T17:36:34Z</time>
      </trkpt>
      <trkpt lat="47.488295" lon="19.11088833">
        <ele>154.6</ele>
        <time>2025-08-01T17:36:35Z</time>
      </trkpt>
      <trkpt lat="47.48830667" lon="19.111025">
        <ele>155.3</ele>
        <time>2025-08-01T17:36:36Z</time>
      </trkpt>
      <trkpt lat="47.48832167" lon="19.11117833">
        <ele>155.3</ele>
        <time>2025-08-01T17:36:37Z</time>
      </trkpt>
      <trkpt lat="47.48833667" lon="19.111325">
        <ele>155</ele>
        <time>2025-08-01T17:36:38Z</time>
      </trkpt>
      <trkpt lat="47.488385" lon="19.11158167">
        <ele>154.5</ele>
        <time>2025-08-01T17:36:40Z</time>
      </trkpt>
      <trkpt lat="47.48841" lon="19.11172">
        <ele>154</ele>
        <time>2025-08-01T17:36:41Z</time>
      </trkpt>
      <trkpt lat="47.48843167" lon="19.11185167">
        <ele>153.8</ele>
        <time>2025-08-01T17:36:42Z</time>
      </trkpt>
      <trkpt lat="47.48845667" lon="19.11198833">
        <ele>153.8</ele>
        <time>2025-08-01T17:36:43Z</time>
      </trkpt>
      <trkpt lat="47.48848833" lon="19.11212">
        <ele>153.7</ele>
        <time>2025-08-01T17:36:44Z</time>
      </trkpt>
      <trkpt lat="47.48852" lon="19.11227333">
        <ele>153.4</ele>
        <time>2025-08-01T17:36:45Z</time>
      </trkpt>
      <trkpt lat="47.48853833" lon="19.11242">
        <ele>153.5</ele>
        <time>2025-08-01T17:36:46Z</time>
      </trkpt>
      <trkpt lat="47.48858" lon="19.11266167">
        <ele>153.4</ele>
        <time>2025-08-01T17:36:48Z</time>
      </trkpt>
      <trkpt lat="47.48863" lon="19.11284667">
        <ele>152.8</ele>
        <time>2025-08-01T17:36:50Z</time>
      </trkpt>
      <trkpt lat="47.48866667" lon="19.11305167">
        <ele>152.7</ele>
        <time>2025-08-01T17:36:52Z</time>
      </trkpt>
      <trkpt lat="47.488695" lon="19.113255">
        <ele>152.7</ele>
        <time>2025-08-01T17:36:54Z</time>
      </trkpt>
      <trkpt lat="47.48870667" lon="19.113445">
        <ele>152.9</ele>
        <time>2025-08-01T17:36:56Z</time>
      </trkpt>
      <trkpt lat="47.48872167" lon="19.11361167">
        <ele>152.5</ele>
        <time>2025-08-01T17:36:58Z</time>
      </trkpt>
      <trkpt lat="47.48873667" lon="19.11380667">
        <ele>152.3</ele>
        <time>2025-08-01T17:37:00Z</time>
      </trkpt>
      <trkpt lat="47.48872667" lon="19.11406167">
        <ele>156.2</ele>
        <time>2025-08-01T17:37:02Z</time>
      </trkpt>
      <trkpt lat="47.48870667" lon="19.11434167">
        <ele>157.1</ele>
        <time>2025-08-01T17:37:04Z</time>
      </trkpt>
      <trkpt lat="47.4887" lon="19.114485">
        <ele>157.4</ele>
        <time>2025-08-01T17:37:05Z</time>
      </trkpt>
      <trkpt lat="47.48869833" lon="19.11463667">
        <ele>158.4</ele>
        <time>2025-08-01T17:37:06Z</time>
      </trkpt>
      <trkpt lat="47.48869" lon="19.11477">
        <ele>158.7</ele>
        <time>2025-08-01T17:37:07Z</time>
      </trkpt>
      <trkpt lat="47.48867833" lon="19.11491">
        <ele>159.2</ele>
        <time>2025-08-01T17:37:08Z</time>
      </trkpt>
      <trkpt lat="47.488665" lon="19.11504667">
        <ele>159.7</ele>
        <time>2025-08-01T17:37:09Z</time>
      </trkpt>
      <trkpt lat="47.488645" lon="19.11529333">
        <ele>160.6</ele>
        <time>2025-08-01T17:37:11Z</time>
      </trkpt>
      <trkpt lat="47.48863833" lon="19.11552">
        <ele>161.4</ele>
        <time>2025-08-01T17:37:13Z</time>
      </trkpt>
      <trkpt lat="47.48862333" lon="19.11576333">
        <ele>162.5</ele>
        <time>2025-08-01T17:37:15Z</time>
      </trkpt>
      <trkpt lat="47.48861" lon="19.11590167">
        <ele>162.7</ele>
        <time>2025-08-01T17:37:16Z</time>
      </trkpt>
      <trkpt lat="47.48859833" lon="19.11615833">
        <ele>163.2</ele>
        <time>2025-08-01T17:37:18Z</time>
      </trkpt>
      <trkpt lat="47.48859" lon="19.11630167">
        <ele>163.4</ele>
        <time>2025-08-01T17:37:19Z</time>
      </trkpt>
      <trkpt lat="47.48860833" lon="19.11653833">
        <ele>163.4</ele>
        <time>2025-08-01T17:37:21Z</time>
      </trkpt>
      <trkpt lat="47.488605" lon="19.11678833">
        <ele>164.3</ele>
        <time>2025-08-01T17:37:23Z</time>
      </trkpt>
      <trkpt lat="47.488635" lon="19.117005">
        <ele>165.7</ele>
        <time>2025-08-01T17:37:25Z</time>
      </trkpt>
      <trkpt lat="47.48869" lon="19.11719833">
        <ele>167.4</ele>
        <time>2025-08-01T17:37:27Z</time>
      </trkpt>
      <trkpt lat="47.48873" lon="19.11741833">
        <ele>169.2</ele>
        <time>2025-08-01T17:37:29Z</time>
      </trkpt>
      <trkpt lat="47.48875333" lon="19.117645">
        <ele>168.8</ele>
        <time>2025-08-01T17:37:31Z</time>
      </trkpt>
      <trkpt lat="47.48877167" lon="19.11786833">
        <ele>168.6</ele>
        <time>2025-08-01T17:37:33Z</time>
      </trkpt>
      <trkpt lat="47.48879" lon="19.11808">
        <ele>175.7</ele>
        <time>2025-08-01T17:37:35Z</time>
      </trkpt>
      <trkpt lat="47.48881667" lon="19.11832">
        <ele>176.9</ele>
        <time>2025-08-01T17:37:37Z</time>
      </trkpt>
      <trkpt lat="47.488845" lon="19.11854">
        <ele>177.9</ele>
        <time>2025-08-01T17:37:39Z</time>
      </trkpt>
      <trkpt lat="47.48888333" lon="19.11875667">
        <ele>178.3</ele>
        <time>2025-08-01T17:37:41Z</time>
      </trkpt>
      <trkpt lat="47.48891167" lon="19.11898333">
        <ele>179.6</ele>
        <time>2025-08-01T17:37:43Z</time>
      </trkpt>
      <trkpt lat="47.48895167" lon="19.11922167">
        <ele>180.2</ele>
        <time>2025-08-01T17:37:45Z</time>
      </trkpt>
      <trkpt lat="47.488985" lon="19.11935167">
        <ele>180.1</ele>
        <time>2025-08-01T17:37:46Z</time>
      </trkpt>
      <trkpt lat="47.48904667" lon="19.11962">
        <ele>179.6</ele>
        <time>2025-08-01T17:37:48Z</time>
      </trkpt>
      <trkpt lat="47.48907333" lon="19.11975167">
        <ele>179.3</ele>
        <time>2025-08-01T17:37:49Z</time>
      </trkpt>
      <trkpt lat="47.48911333" lon="19.11996667">
        <ele>179.6</ele>
        <time>2025-08-01T17:37:51Z</time>
      </trkpt>
      <trkpt lat="47.48917" lon="19.12016667">
        <ele>179.9</ele>
        <time>2025-08-01T17:37:53Z</time>
      </trkpt>
      <trkpt lat="47.48920667" lon="19.12039833">
        <ele>179.6</ele>
        <time>2025-08-01T17:37:55Z</time>
      </trkpt>
      <trkpt lat="47.489255" lon="19.12061">
        <ele>180.9</ele>
        <time>2025-08-01T17:37:57Z</time>
      </trkpt>
      <trkpt lat="47.48928667" lon="19.12080667">
        <ele>181.4</ele>
        <time>2025-08-01T17:37:59Z</time>
      </trkpt>
      <trkpt lat="47.48933167" lon="19.12097833">
        <ele>175.3</ele>
        <time>2025-08-01T17:38:01Z</time>
      </trkpt>
      <trkpt lat="47.48935833" lon="19.121205">
        <ele>173.7</ele>
        <time>2025-08-01T17:38:03Z</time>
      </trkpt>
      <trkpt lat="47.48939167" lon="19.12142167">
        <ele>174.3</ele>
        <time>2025-08-01T17:38:05Z</time>
      </trkpt>
      <trkpt lat="47.489405" lon="19.12166333">
        <ele>175.4</ele>
        <time>2025-08-01T17:38:07Z</time>
      </trkpt>
      <trkpt lat="47.489405" lon="19.12180667">
        <ele>177.8</ele>
        <time>2025-08-01T17:38:08Z</time>
      </trkpt>
      <trkpt lat="47.48941" lon="19.12202333">
        <ele>180.4</ele>
        <time>2025-08-01T17:38:10Z</time>
      </trkpt>
      <trkpt lat="47.48944167" lon="19.12220667">
        <ele>179.2</ele>
        <time>2025-08-01T17:38:12Z</time>
      </trkpt>
      <trkpt lat="47.489465" lon="19.12239667">
        <ele>178.4</ele>
        <time>2025-08-01T17:38:14Z</time>
      </trkpt>
      <trkpt lat="47.48948833" lon="19.122585">
        <ele>176.3</ele>
        <time>2025-08-01T17:38:16Z</time>
      </trkpt>
      <trkpt lat="47.48952667" lon="19.12277833">
        <ele>175.2</ele>
        <time>2025-08-01T17:38:18Z</time>
      </trkpt>
      <trkpt lat="47.48957" lon="19.12297">
        <ele>174.3</ele>
        <time>2025-08-01T17:38:20Z</time>
      </trkpt>
      <trkpt lat="47.4896" lon="19.12315667">
        <ele>174.3</ele>
        <time>2025-08-01T17:38:22Z</time>
      </trkpt>
      <trkpt lat="47.489635" lon="19.12333333">
        <ele>174.1</ele>
        <time>2025-08-01T17:38:24Z</time>
      </trkpt>
      <trkpt lat="47.48966167" lon="19.123515">
        <ele>174</ele>
        <time>2025-08-01T17:38:26Z</time>
      </trkpt>
      <trkpt lat="47.48968667" lon="19.12368167">
        <ele>173.4</ele>
        <time>2025-08-01T17:38:28Z</time>
      </trkpt>
      <trkpt lat="47.489715" lon="19.12384167">
        <ele>172.1</ele>
        <time>2025-08-01T17:38:30Z</time>
      </trkpt>
      <trkpt lat="47.48973833" lon="19.12397833">
        <ele>171</ele>
        <time>2025-08-01T17:38:32Z</time>
      </trkpt>
      <trkpt lat="47.48977" lon="19.12411833">
        <ele>169.8</ele>
        <time>2025-08-01T17:38:35Z</time>
      </trkpt>
      <trkpt lat="47.48978333" lon="19.12425167">
        <ele>166.7</ele>
        <time>2025-08-01T17:39:01Z</time>
      </trkpt>
      <trkpt lat="47.48980167" lon="19.12442167">
        <ele>166.1</ele>
        <time>2025-08-01T17:39:05Z</time>
      </trkpt>
      <trkpt lat="47.48983333" lon="19.12456833">
        <ele>166</ele>
        <time>2025-08-01T17:39:07Z</time>
      </trkpt>
      <trkpt lat="47.48987167" lon="19.12474">
        <ele>165.6</ele>
        <time>2025-08-01T17:39:09Z</time>
      </trkpt>
      <trkpt lat="47.48991833" lon="19.124975">
        <ele>165.5</ele>
        <time>2025-08-01T17:39:11Z</time>
      </trkpt>
      <trkpt lat="47.48994667" lon="19.12510833">
        <ele>165.4</ele>
        <time>2025-08-01T17:39:12Z</time>
      </trkpt>
      <trkpt lat="47.48998667" lon="19.12524833">
        <ele>165.1</ele>
        <time>2025-08-01T17:39:13Z</time>
      </trkpt>
      <trkpt lat="47.49003" lon="19.12540667">
        <ele>165.3</ele>
        <time>2025-08-01T17:39:14Z</time>
      </trkpt>
      <trkpt lat="47.49007833" lon="19.12557833">
        <ele>165.4</ele>
        <time>2025-08-01T17:39:15Z</time>
      </trkpt>
      <trkpt lat="47.49013" lon="19.12576167">
        <ele>165.1</ele>
        <time>2025-08-01T17:39:16Z</time>
      </trkpt>
      <trkpt lat="47.490185" lon="19.12594333">
        <ele>165.2</ele>
        <time>2025-08-01T17:39:17Z</time>
      </trkpt>
      <trkpt lat="47.49023333" lon="19.126115">
        <ele>164.8</ele>
        <time>2025-08-01T17:39:18Z</time>
      </trkpt>
      <trkpt lat="47.490285" lon="19.12629667">
        <ele>164.5</ele>
        <time>2025-08-01T17:39:19Z</time>
      </trkpt>
      <trkpt lat="47.49034" lon="19.12648667">
        <ele>164.4</ele>
        <time>2025-08-01T17:39:20Z</time>
      </trkpt>
      <trkpt lat="47.4904" lon="19.12669333">
        <ele>164.4</ele>
        <time>2025-08-01T17:39:21Z</time>
      </trkpt>
      <trkpt lat="47.49046167" lon="19.126905">
        <ele>164.4</ele>
        <time>2025-08-01T17:39:22Z</time>
      </trkpt>
      <trkpt lat="47.49052167" lon="19.12711">
        <ele>164.4</ele>
        <time>2025-08-01T17:39:23Z</time>
      </trkpt>
      <trkpt lat="47.49058" lon="19.12730833">
        <ele>164.6</ele>
        <time>2025-08-01T17:39:24Z</time>
      </trkpt>
      <trkpt lat="47.49063833" lon="19.12751667">
        <ele>164.7</ele>
        <time>2025-08-01T17:39:25Z</time>
      </trkpt>
      <trkpt lat="47.49069667" lon="19.12772">
        <ele>164.8</ele>
        <time>2025-08-01T17:39:26Z</time>
      </trkpt>
      <trkpt lat="47.49076" lon="19.127925">
        <ele>165.1</ele>
        <time>2025-08-01T17:39:27Z</time>
      </trkpt>
      <trkpt lat="47.490825" lon="19.12812">
        <ele>165</ele>
        <time>2025-08-01T17:39:28Z</time>
      </trkpt>
      <trkpt lat="47.490905" lon="19.128305">
        <ele>168.7</ele>
        <time>2025-08-01T17:39:29Z</time>
      </trkpt>
      <trkpt lat="47.49097667" lon="19.12850167">
        <ele>171.2</ele>
        <time>2025-08-01T17:39:30Z</time>
      </trkpt>
      <trkpt lat="47.49104167" lon="19.128705">
        <ele>172.5</ele>
        <time>2025-08-01T17:39:31Z</time>
      </trkpt>
      <trkpt lat="47.49110833" lon="19.12891167">
        <ele>172</ele>
        <time>2025-08-01T17:39:32Z</time>
      </trkpt>
      <trkpt lat="47.49118167" lon="19.12911833">
        <ele>171.9</ele>
        <time>2025-08-01T17:39:33Z</time>
      </trkpt>
      <trkpt lat="47.49124167" lon="19.12931">
        <ele>171.5</ele>
        <time>2025-08-01T17:39:34Z</time>
      </trkpt>
      <trkpt lat="47.49129333" lon="19.12947833">
        <ele>171.4</ele>
        <time>2025-08-01T17:39:35Z</time>
      </trkpt>
      <trkpt lat="47.491345" lon="19.12965">
        <ele>171</ele>
        <time>2025-08-01T17:39:36Z</time>
      </trkpt>
      <trkpt lat="47.49139667" lon="19.12981667">
        <ele>170.4</ele>
        <time>2025-08-01T17:39:37Z</time>
      </trkpt>
      <trkpt lat="47.49144833" lon="19.13">
        <ele>166.9</ele>
        <time>2025-08-01T17:39:38Z</time>
      </trkpt>
      <trkpt lat="47.49148833" lon="19.13014667">
        <ele>167</ele>
        <time>2025-08-01T17:39:39Z</time>
      </trkpt>
      <trkpt lat="47.49152333" lon="19.130295">
        <ele>166.7</ele>
        <time>2025-08-01T17:39:40Z</time>
      </trkpt>
      <trkpt lat="47.49155833" lon="19.13042333">
        <ele>167.2</ele>
        <time>2025-08-01T17:39:41Z</time>
      </trkpt>
      <trkpt lat="47.491595" lon="19.13056667">
        <ele>167</ele>
        <time>2025-08-01T17:39:42Z</time>
      </trkpt>
      <trkpt lat="47.49162667" lon="19.13071667">
        <ele>166.8</ele>
        <time>2025-08-01T17:39:43Z</time>
      </trkpt>
      <trkpt lat="47.49166167" lon="19.130875">
        <ele>166.6</ele>
        <time>2025-08-01T17:39:44Z</time>
      </trkpt>
      <trkpt lat="47.49169667" lon="19.131025">
        <ele>166.5</ele>
        <time>2025-08-01T17:39:45Z</time>
      </trkpt>
      <trkpt lat="47.491725" lon="19.13116167">
        <ele>166.6</ele>
        <time>2025-08-01T17:39:46Z</time>
      </trkpt>
      <trkpt lat="47.49175667" lon="19.13129">
        <ele>166.2</ele>
        <time>2025-08-01T17:39:47Z</time>
      </trkpt>
      <trkpt lat="47.49180833" lon="19.13152667">
        <ele>167.4</ele>
        <time>2025-08-01T17:39:49Z</time>
      </trkpt>
      <trkpt lat="47.49185167" lon="19.13177667">
        <ele>167.8</ele>
        <time>2025-08-01T17:39:51Z</time>
      </trkpt>
      <trkpt lat="47.49188333" lon="19.13202167">
        <ele>167.8</ele>
        <time>2025-08-01T17:39:53Z</time>
      </trkpt>
      <trkpt lat="47.49190333" lon="19.13216">
        <ele>167.7</ele>
        <time>2025-08-01T17:39:54Z</time>
      </trkpt>
      <trkpt lat="47.49192833" lon="19.132295">
        <ele>167.8</ele>
        <time>2025-08-01T17:39:55Z</time>
      </trkpt>
      <trkpt lat="47.49195333" lon="19.13243167">
        <ele>167.7</ele>
        <time>2025-08-01T17:39:56Z</time>
      </trkpt>
      <trkpt lat="47.492005" lon="19.132685">
        <ele>167.4</ele>
        <time>2025-08-01T17:39:58Z</time>
      </trkpt>
      <trkpt lat="47.49205" lon="19.13294833">
        <ele>167</ele>
        <time>2025-08-01T17:40:00Z</time>
      </trkpt>
      <trkpt lat="47.49207167" lon="19.13309">
        <ele>167.1</ele>
        <time>2025-08-01T17:40:01Z</time>
      </trkpt>
      <trkpt lat="47.49209333" lon="19.13322667">
        <ele>167.2</ele>
        <time>2025-08-01T17:40:02Z</time>
      </trkpt>
      <trkpt lat="47.49213333" lon="19.133485">
        <ele>167.7</ele>
        <time>2025-08-01T17:40:04Z</time>
      </trkpt>
      <trkpt lat="47.49215833" lon="19.13362167">
        <ele>167.6</ele>
        <time>2025-08-01T17:40:05Z</time>
      </trkpt>
      <trkpt lat="47.49217833" lon="19.13375833">
        <ele>167.5</ele>
        <time>2025-08-01T17:40:06Z</time>
      </trkpt>
      <trkpt lat="47.49220167" lon="19.13389667">
        <ele>166.9</ele>
        <time>2025-08-01T17:40:07Z</time>
      </trkpt>
      <trkpt lat="47.49222667" lon="19.134025">
        <ele>166.7</ele>
        <time>2025-08-01T17:40:08Z</time>
      </trkpt>
      <trkpt lat="47.49224667" lon="19.13415667">
        <ele>167.1</ele>
        <time>2025-08-01T17:40:09Z</time>
      </trkpt>
      <trkpt lat="47.49226667" lon="19.13439667">
        <ele>166.6</ele>
        <time>2025-08-01T17:40:11Z</time>
      </trkpt>
      <trkpt lat="47.49228333" lon="19.13465667">
        <ele>166.8</ele>
        <time>2025-08-01T17:40:13Z</time>
      </trkpt>
      <trkpt lat="47.49229833" lon="19.13479833">
        <ele>167</ele>
        <time>2025-08-01T17:40:14Z</time>
      </trkpt>
      <trkpt lat="47.49231167" lon="19.13493333">
        <ele>167.1</ele>
        <time>2025-08-01T17:40:15Z</time>
      </trkpt>
      <trkpt lat="47.49232833" lon="19.13507333">
        <ele>167.4</ele>
        <time>2025-08-01T17:40:16Z</time>
      </trkpt>
      <trkpt lat="47.49234333" lon="19.13520667">
        <ele>167.5</ele>
        <time>2025-08-01T17:40:17Z</time>
      </trkpt>
      <trkpt lat="47.49235833" lon="19.13546">
        <ele>168.3</ele>
        <time>2025-08-01T17:40:19Z</time>
      </trkpt>
      <trkpt lat="47.49236333" lon="19.13572333">
        <ele>169</ele>
        <time>2025-08-01T17:40:21Z</time>
      </trkpt>
      <trkpt lat="47.49236167" lon="19.13586">
        <ele>169.6</ele>
        <time>2025-08-01T17:40:22Z</time>
      </trkpt>
      <trkpt lat="47.492365" lon="19.13599833">
        <ele>170.3</ele>
        <time>2025-08-01T17:40:23Z</time>
      </trkpt>
      <trkpt lat="47.49237" lon="19.136135">
        <ele>171.2</ele>
        <time>2025-08-01T17:40:24Z</time>
      </trkpt>
      <trkpt lat="47.49237833" lon="19.13627333">
        <ele>172.2</ele>
        <time>2025-08-01T17:40:25Z</time>
      </trkpt>
      <trkpt lat="47.492385" lon="19.13641167">
        <ele>173.5</ele>
        <time>2025-08-01T17:40:26Z</time>
      </trkpt>
      <trkpt lat="47.492385" lon="19.136665">
        <ele>176.2</ele>
        <time>2025-08-01T17:40:28Z</time>
      </trkpt>
      <trkpt lat="47.49237833" lon="19.13680333">
        <ele>177.2</ele>
        <time>2025-08-01T17:40:29Z</time>
      </trkpt>
      <trkpt lat="47.49237167" lon="19.13695">
        <ele>177.5</ele>
        <time>2025-08-01T17:40:30Z</time>
      </trkpt>
      <trkpt lat="47.49236667" lon="19.13709833">
        <ele>177.9</ele>
        <time>2025-08-01T17:40:31Z</time>
      </trkpt>
      <trkpt lat="47.49236167" lon="19.137245">
        <ele>178.1</ele>
        <time>2025-08-01T17:40:32Z</time>
      </trkpt>
      <trkpt lat="47.49236333" lon="19.13741167">
        <ele>176.5</ele>
        <time>2025-08-01T17:40:33Z</time>
      </trkpt>
      <trkpt lat="47.49236333" lon="19.13756167">
        <ele>175.5</ele>
        <time>2025-08-01T17:40:34Z</time>
      </trkpt>
      <trkpt lat="47.492365" lon="19.13770833">
        <ele>173.6</ele>
        <time>2025-08-01T17:40:35Z</time>
      </trkpt>
      <trkpt lat="47.492365" lon="19.13785">
        <ele>173.3</ele>
        <time>2025-08-01T17:40:36Z</time>
      </trkpt>
      <trkpt lat="47.492365" lon="19.13798333">
        <ele>173.2</ele>
        <time>2025-08-01T17:40:37Z</time>
      </trkpt>
      <trkpt lat="47.492365" lon="19.13812167">
        <ele>171.6</ele>
        <time>2025-08-01T17:40:38Z</time>
      </trkpt>
      <trkpt lat="47.492365" lon="19.13826833">
        <ele>170.7</ele>
        <time>2025-08-01T17:40:39Z</time>
      </trkpt>
      <trkpt lat="47.49237" lon="19.138405">
        <ele>169.9</ele>
        <time>2025-08-01T17:40:40Z</time>
      </trkpt>
      <trkpt lat="47.492375" lon="19.13855">
        <ele>169.6</ele>
        <time>2025-08-01T17:40:41Z</time>
      </trkpt>
      <trkpt lat="47.49238" lon="19.13868667">
        <ele>169.4</ele>
        <time>2025-08-01T17:40:42Z</time>
      </trkpt>
      <trkpt lat="47.49239667" lon="19.13894667">
        <ele>168.8</ele>
        <time>2025-08-01T17:40:44Z</time>
      </trkpt>
      <trkpt lat="47.49240833" lon="19.13908333">
        <ele>168.3</ele>
        <time>2025-08-01T17:40:45Z</time>
      </trkpt>
      <trkpt lat="47.49244167" lon="19.139335">
        <ele>167.2</ele>
        <time>2025-08-01T17:40:47Z</time>
      </trkpt>
      <trkpt lat="47.49245333" lon="19.13946667">
        <ele>166.5</ele>
        <time>2025-08-01T17:40:48Z</time>
      </trkpt>
      <trkpt lat="47.49246833" lon="19.139615">
        <ele>166.2</ele>
        <time>2025-08-01T17:40:49Z</time>
      </trkpt>
      <trkpt lat="47.492495" lon="19.13975333">
        <ele>165.6</ele>
        <time>2025-08-01T17:40:50Z</time>
      </trkpt>
      <trkpt lat="47.49252667" lon="19.14001167">
        <ele>165.7</ele>
        <time>2025-08-01T17:40:52Z</time>
      </trkpt>
      <trkpt lat="47.49254667" lon="19.14015333">
        <ele>165.5</ele>
        <time>2025-08-01T17:40:53Z</time>
      </trkpt>
      <trkpt lat="47.49258667" lon="19.14040167">
        <ele>167</ele>
        <time>2025-08-01T17:40:55Z</time>
      </trkpt>
      <trkpt lat="47.49261" lon="19.14053333">
        <ele>167.6</ele>
        <time>2025-08-01T17:40:56Z</time>
      </trkpt>
      <trkpt lat="47.49265667" lon="19.14078833">
        <ele>167.8</ele>
        <time>2025-08-01T17:40:58Z</time>
      </trkpt>
      <trkpt lat="47.49268" lon="19.14092">
        <ele>167.6</ele>
        <time>2025-08-01T17:40:59Z</time>
      </trkpt>
      <trkpt lat="47.49269667" lon="19.14105833">
        <ele>168.2</ele>
        <time>2025-08-01T17:41:00Z</time>
      </trkpt>
      <trkpt lat="47.49273" lon="19.14131833">
        <ele>171.2</ele>
        <time>2025-08-01T17:41:02Z</time>
      </trkpt>
      <trkpt lat="47.49276167" lon="19.14157833">
        <ele>172.6</ele>
        <time>2025-08-01T17:41:04Z</time>
      </trkpt>
      <trkpt lat="47.492785" lon="19.14171167">
        <ele>172.9</ele>
        <time>2025-08-01T17:41:05Z</time>
      </trkpt>
      <trkpt lat="47.49281" lon="19.14184333">
        <ele>173.1</ele>
        <time>2025-08-01T17:41:06Z</time>
      </trkpt>
      <trkpt lat="47.49285333" lon="19.142095">
        <ele>172.3</ele>
        <time>2025-08-01T17:41:08Z</time>
      </trkpt>
      <trkpt lat="47.49289" lon="19.14235167">
        <ele>171.6</ele>
        <time>2025-08-01T17:41:10Z</time>
      </trkpt>
      <trkpt lat="47.49291333" lon="19.142495">
        <ele>171.7</ele>
        <time>2025-08-01T17:41:11Z</time>
      </trkpt>
      <trkpt lat="47.49293833" lon="19.14264333">
        <ele>171.7</ele>
        <time>2025-08-01T17:41:12Z</time>
      </trkpt>
      <trkpt lat="47.49296" lon="19.142805">
        <ele>172</ele>
        <time>2025-08-01T17:41:13Z</time>
      </trkpt>
      <trkpt lat="47.49297667" lon="19.142985">
        <ele>172.4</ele>
        <time>2025-08-01T17:41:14Z</time>
      </trkpt>
      <trkpt lat="47.49298333" lon="19.14321167">
        <ele>164.7</ele>
        <time>2025-08-01T17:41:15Z</time>
      </trkpt>
      <trkpt lat="47.49299667" lon="19.14341833">
        <ele>164.9</ele>
        <time>2025-08-01T17:41:16Z</time>
      </trkpt>
      <trkpt lat="47.49301333" lon="19.14365167">
        <ele>163.5</ele>
        <time>2025-08-01T17:41:17Z</time>
      </trkpt>
      <trkpt lat="47.49303" lon="19.14385167">
        <ele>166.8</ele>
        <time>2025-08-01T17:41:18Z</time>
      </trkpt>
      <trkpt lat="47.49304" lon="19.14406">
        <ele>167.1</ele>
        <time>2025-08-01T17:41:19Z</time>
      </trkpt>
      <trkpt lat="47.49304667" lon="19.14426833">
        <ele>167.4</ele>
        <time>2025-08-01T17:41:20Z</time>
      </trkpt>
      <trkpt lat="47.493065" lon="19.14446333">
        <ele>175.3</ele>
        <time>2025-08-01T17:41:21Z</time>
      </trkpt>
      <trkpt lat="47.49309167" lon="19.14468">
        <ele>178.9</ele>
        <time>2025-08-01T17:41:22Z</time>
      </trkpt>
      <trkpt lat="47.49311667" lon="19.14489333">
        <ele>179.3</ele>
        <time>2025-08-01T17:41:23Z</time>
      </trkpt>
      <trkpt lat="47.49312833" lon="19.14509667">
        <ele>179.5</ele>
        <time>2025-08-01T17:41:24Z</time>
      </trkpt>
      <trkpt lat="47.49314667" lon="19.14531833">
        <ele>181.1</ele>
        <time>2025-08-01T17:41:25Z</time>
      </trkpt>
      <trkpt lat="47.49317167" lon="19.14552">
        <ele>183.4</ele>
        <time>2025-08-01T17:41:26Z</time>
      </trkpt>
      <trkpt lat="47.493175" lon="19.145725">
        <ele>183.4</ele>
        <time>2025-08-01T17:41:27Z</time>
      </trkpt>
      <trkpt lat="47.49316167" lon="19.14592">
        <ele>178.3</ele>
        <time>2025-08-01T17:41:28Z</time>
      </trkpt>
      <trkpt lat="47.49315" lon="19.14610167">
        <ele>177.8</ele>
        <time>2025-08-01T17:41:29Z</time>
      </trkpt>
      <trkpt lat="47.49314667" lon="19.14625833">
        <ele>180</ele>
        <time>2025-08-01T17:41:30Z</time>
      </trkpt>
      <trkpt lat="47.49314" lon="19.14640667">
        <ele>180.5</ele>
        <time>2025-08-01T17:41:31Z</time>
      </trkpt>
      <trkpt lat="47.49314333" lon="19.14656833">
        <ele>180.1</ele>
        <time>2025-08-01T17:41:32Z</time>
      </trkpt>
      <trkpt lat="47.49314667" lon="19.14672333">
        <ele>180.4</ele>
        <time>2025-08-01T17:41:33Z</time>
      </trkpt>
      <trkpt lat="47.49314667" lon="19.14688">
        <ele>180.8</ele>
        <time>2025-08-01T17:41:34Z</time>
      </trkpt>
      <trkpt lat="47.49315" lon="19.14702">
        <ele>181.2</ele>
        <time>2025-08-01T17:41:35Z</time>
      </trkpt>
      <trkpt lat="47.49314667" lon="19.147165">
        <ele>181.2</ele>
        <time>2025-08-01T17:41:36Z</time>
      </trkpt>
      <trkpt lat="47.49314833" lon="19.14732">
        <ele>181.4</ele>
        <time>2025-08-01T17:41:37Z</time>
      </trkpt>
      <trkpt lat="47.49314667" lon="19.14748167">
        <ele>181.9</ele>
        <time>2025-08-01T17:41:38Z</time>
      </trkpt>
      <trkpt lat="47.49314167" lon="19.14763">
        <ele>181.6</ele>
        <time>2025-08-01T17:41:39Z</time>
      </trkpt>
      <trkpt lat="47.49314167" lon="19.14777">
        <ele>181.7</ele>
        <time>2025-08-01T17:41:40Z</time>
      </trkpt>
      <trkpt lat="47.49314" lon="19.14791667">
        <ele>182.5</ele>
        <time>2025-08-01T17:41:41Z</time>
      </trkpt>
      <trkpt lat="47.49313333" lon="19.14806333">
        <ele>182.5</ele>
        <time>2025-08-01T17:41:42Z</time>
      </trkpt>
      <trkpt lat="47.493125" lon="19.14819833">
        <ele>182.6</ele>
        <time>2025-08-01T17:41:43Z</time>
      </trkpt>
      <trkpt lat="47.49311667" lon="19.14833333">
        <ele>182.6</ele>
        <time>2025-08-01T17:41:44Z</time>
      </trkpt>
      <trkpt lat="47.49311167" lon="19.14847167">
        <ele>182.5</ele>
        <time>2025-08-01T17:41:45Z</time>
      </trkpt>
      <trkpt lat="47.49309333" lon="19.14873">
        <ele>181.5</ele>
        <time>2025-08-01T17:41:47Z</time>
      </trkpt>
      <trkpt lat="47.49308667" lon="19.14886333">
        <ele>180.9</ele>
        <time>2025-08-01T17:41:48Z</time>
      </trkpt>
      <trkpt lat="47.493075" lon="19.14910833">
        <ele>180.5</ele>
        <time>2025-08-01T17:41:50Z</time>
      </trkpt>
      <trkpt lat="47.49306167" lon="19.149355">
        <ele>179.6</ele>
        <time>2025-08-01T17:41:52Z</time>
      </trkpt>
      <trkpt lat="47.493045" lon="19.14960167">
        <ele>179.2</ele>
        <time>2025-08-01T17:41:54Z</time>
      </trkpt>
      <trkpt lat="47.49303833" lon="19.14984667">
        <ele>177.1</ele>
        <time>2025-08-01T17:41:56Z</time>
      </trkpt>
      <trkpt lat="47.493025" lon="19.15006833">
        <ele>175.7</ele>
        <time>2025-08-01T17:41:58Z</time>
      </trkpt>
      <trkpt lat="47.49300333" lon="19.15029667">
        <ele>173.5</ele>
        <time>2025-08-01T17:42:00Z</time>
      </trkpt>
      <trkpt lat="47.49297667" lon="19.15051167">
        <ele>171.2</ele>
        <time>2025-08-01T17:42:02Z</time>
      </trkpt>
      <trkpt lat="47.49295333" lon="19.15073333">
        <ele>170.8</ele>
        <time>2025-08-01T17:42:04Z</time>
      </trkpt>
      <trkpt lat="47.49292667" lon="19.15098">
        <ele>170.5</ele>
        <time>2025-08-01T17:42:06Z</time>
      </trkpt>
      <trkpt lat="47.49291" lon="19.15111667">
        <ele>170.4</ele>
        <time>2025-08-01T17:42:07Z</time>
      </trkpt>
      <trkpt lat="47.49289" lon="19.15138167">
        <ele>169.1</ele>
        <time>2025-08-01T17:42:09Z</time>
      </trkpt>
      <trkpt lat="47.49288167" lon="19.15152833">
        <ele>168.8</ele>
        <time>2025-08-01T17:42:10Z</time>
      </trkpt>
      <trkpt lat="47.49286667" lon="19.151665">
        <ele>168.4</ele>
        <time>2025-08-01T17:42:11Z</time>
      </trkpt>
      <trkpt lat="47.492855" lon="19.1518">
        <ele>168.2</ele>
        <time>2025-08-01T17:42:12Z</time>
      </trkpt>
      <trkpt lat="47.49282667" lon="19.15205167">
        <ele>167.7</ele>
        <time>2025-08-01T17:42:14Z</time>
      </trkpt>
      <trkpt lat="47.49281667" lon="19.15219">
        <ele>167.5</ele>
        <time>2025-08-01T17:42:15Z</time>
      </trkpt>
      <trkpt lat="47.49280667" lon="19.15232667">
        <ele>167.4</ele>
        <time>2025-08-01T17:42:16Z</time>
      </trkpt>
      <trkpt lat="47.49279833" lon="19.15246833">
        <ele>167.1</ele>
        <time>2025-08-01T17:42:17Z</time>
      </trkpt>
      <trkpt lat="47.492785" lon="19.15261">
        <ele>167</ele>
        <time>2025-08-01T17:42:18Z</time>
      </trkpt>
      <trkpt lat="47.49276833" lon="19.15275">
        <ele>166.9</ele>
        <time>2025-08-01T17:42:19Z</time>
      </trkpt>
      <trkpt lat="47.49274833" lon="19.152885">
        <ele>166.7</ele>
        <time>2025-08-01T17:42:20Z</time>
      </trkpt>
      <trkpt lat="47.49272833" lon="19.15301833">
        <ele>166.8</ele>
        <time>2025-08-01T17:42:21Z</time>
      </trkpt>
      <trkpt lat="47.4927" lon="19.15315333">
        <ele>166.9</ele>
        <time>2025-08-01T17:42:22Z</time>
      </trkpt>
      <trkpt lat="47.49265667" lon="19.15339333">
        <ele>166.6</ele>
        <time>2025-08-01T17:42:24Z</time>
      </trkpt>
      <trkpt lat="47.49261333" lon="19.15363667">
        <ele>166.9</ele>
        <time>2025-08-01T17:42:26Z</time>
      </trkpt>
      <trkpt lat="47.49257167" lon="19.153865">
        <ele>169.1</ele>
        <time>2025-08-01T17:42:28Z</time>
      </trkpt>
      <trkpt lat="47.49251833" lon="19.15408833">
        <ele>169.4</ele>
        <time>2025-08-01T17:42:30Z</time>
      </trkpt>
      <trkpt lat="47.49247" lon="19.15433333">
        <ele>170.4</ele>
        <time>2025-08-01T17:42:32Z</time>
      </trkpt>
      <trkpt lat="47.49245167" lon="19.15446333">
        <ele>169.9</ele>
        <time>2025-08-01T17:42:33Z</time>
      </trkpt>
      <trkpt lat="47.49242667" lon="19.15459333">
        <ele>170.1</ele>
        <time>2025-08-01T17:42:34Z</time>
      </trkpt>
      <trkpt lat="47.49240167" lon="19.15472333">
        <ele>170.8</ele>
        <time>2025-08-01T17:42:35Z</time>
      </trkpt>
      <trkpt lat="47.49237833" lon="19.15486667">
        <ele>171.3</ele>
        <time>2025-08-01T17:42:36Z</time>
      </trkpt>
      <trkpt lat="47.49235833" lon="19.15501667">
        <ele>171.2</ele>
        <time>2025-08-01T17:42:37Z</time>
      </trkpt>
      <trkpt lat="47.49233833" lon="19.15516167">
        <ele>171.3</ele>
        <time>2025-08-01T17:42:38Z</time>
      </trkpt>
      <trkpt lat="47.49231" lon="19.15529833">
        <ele>170.8</ele>
        <time>2025-08-01T17:42:39Z</time>
      </trkpt>
      <trkpt lat="47.49228333" lon="19.15543833">
        <ele>170.2</ele>
        <time>2025-08-01T17:42:40Z</time>
      </trkpt>
      <trkpt lat="47.492255" lon="19.15557667">
        <ele>170</ele>
        <time>2025-08-01T17:42:41Z</time>
      </trkpt>
      <trkpt lat="47.49223167" lon="19.15571833">
        <ele>169.5</ele>
        <time>2025-08-01T17:42:42Z</time>
      </trkpt>
      <trkpt lat="47.492205" lon="19.15586167">
        <ele>169</ele>
        <time>2025-08-01T17:42:43Z</time>
      </trkpt>
      <trkpt lat="47.49217833" lon="19.156">
        <ele>168.5</ele>
        <time>2025-08-01T17:42:44Z</time>
      </trkpt>
      <trkpt lat="47.49214667" lon="19.15614167">
        <ele>168.2</ele>
        <time>2025-08-01T17:42:45Z</time>
      </trkpt>
      <trkpt lat="47.49212333" lon="19.15627333">
        <ele>168</ele>
        <time>2025-08-01T17:42:46Z</time>
      </trkpt>
      <trkpt lat="47.49210333" lon="19.156405">
        <ele>167.8</ele>
        <time>2025-08-01T17:42:47Z</time>
      </trkpt>
      <trkpt lat="47.49208" lon="19.156535">
        <ele>167.6</ele>
        <time>2025-08-01T17:42:48Z</time>
      </trkpt>
      <trkpt lat="47.49203333" lon="19.15679167">
        <ele>166.6</ele>
        <time>2025-08-01T17:42:50Z</time>
      </trkpt>
      <trkpt lat="47.49200833" lon="19.15692333">
        <ele>166.7</ele>
        <time>2025-08-01T17:42:51Z</time>
      </trkpt>
      <trkpt lat="47.49197833" lon="19.15705833">
        <ele>166.7</ele>
        <time>2025-08-01T17:42:52Z</time>
      </trkpt>
      <trkpt lat="47.49194667" lon="19.15718833">
        <ele>166.9</ele>
        <time>2025-08-01T17:42:53Z</time>
      </trkpt>
      <trkpt lat="47.491915" lon="19.157325">
        <ele>167.1</ele>
        <time>2025-08-01T17:42:54Z</time>
      </trkpt>
      <trkpt lat="47.49188" lon="19.15746167">
        <ele>167.2</ele>
        <time>2025-08-01T17:42:55Z</time>
      </trkpt>
      <trkpt lat="47.49185167" lon="19.15759167">
        <ele>168.7</ele>
        <time>2025-08-01T17:42:56Z</time>
      </trkpt>
      <trkpt lat="47.491825" lon="19.15773167">
        <ele>169.3</ele>
        <time>2025-08-01T17:42:57Z</time>
      </trkpt>
      <trkpt lat="47.49180167" lon="19.15787833">
        <ele>170.1</ele>
        <time>2025-08-01T17:42:58Z</time>
      </trkpt>
      <trkpt lat="47.49177" lon="19.15806">
        <ele>170.5</ele>
        <time>2025-08-01T17:42:59Z</time>
      </trkpt>
      <trkpt lat="47.49174167" lon="19.15826">
        <ele>171.1</ele>
        <time>2025-08-01T17:43:00Z</time>
      </trkpt>
      <trkpt lat="47.49170667" lon="19.15848">
        <ele>172</ele>
        <time>2025-08-01T17:43:01Z</time>
      </trkpt>
      <trkpt lat="47.49166667" lon="19.15871">
        <ele>172</ele>
        <time>2025-08-01T17:43:02Z</time>
      </trkpt>
      <trkpt lat="47.49163167" lon="19.158915">
        <ele>171.1</ele>
        <time>2025-08-01T17:43:03Z</time>
      </trkpt>
      <trkpt lat="47.491585" lon="19.15911667">
        <ele>170.9</ele>
        <time>2025-08-01T17:43:04Z</time>
      </trkpt>
      <trkpt lat="47.49154667" lon="19.15932333">
        <ele>171.2</ele>
        <time>2025-08-01T17:43:05Z</time>
      </trkpt>
      <trkpt lat="47.49150667" lon="19.15953333">
        <ele>171.3</ele>
        <time>2025-08-01T17:43:06Z</time>
      </trkpt>
      <trkpt lat="47.491455" lon="19.15974667">
        <ele>173.4</ele>
        <time>2025-08-01T17:43:07Z</time>
      </trkpt>
      <trkpt lat="47.49141" lon="19.15997">
        <ele>174.2</ele>
        <time>2025-08-01T17:43:08Z</time>
      </trkpt>
      <trkpt lat="47.49136667" lon="19.16016833">
        <ele>175.4</ele>
        <time>2025-08-01T17:43:09Z</time>
      </trkpt>
      <trkpt lat="47.49131833" lon="19.16033833">
        <ele>186.6</ele>
        <time>2025-08-01T17:43:10Z</time>
      </trkpt>
      <trkpt lat="47.49128167" lon="19.16054167">
        <ele>187.1</ele>
        <time>2025-08-01T17:43:11Z</time>
      </trkpt>
      <trkpt lat="47.49126167" lon="19.16073167">
        <ele>181.1</ele>
        <time>2025-08-01T17:43:12Z</time>
      </trkpt>
      <trkpt lat="47.49121833" lon="19.160945">
        <ele>181.1</ele>
        <time>2025-08-01T17:43:13Z</time>
      </trkpt>
      <trkpt lat="47.49116" lon="19.16117167">
        <ele>175.9</ele>
        <time>2025-08-01T17:43:14Z</time>
      </trkpt>
      <trkpt lat="47.49111667" lon="19.16138333">
        <ele>175.9</ele>
        <time>2025-08-01T17:43:15Z</time>
      </trkpt>
      <trkpt lat="47.491075" lon="19.16159833">
        <ele>175.9</ele>
        <time>2025-08-01T17:43:16Z</time>
      </trkpt>
      <trkpt lat="47.49104667" lon="19.16187667">
        <ele>174.1</ele>
        <time>2025-08-01T17:43:17Z</time>
      </trkpt>
      <trkpt lat="47.49101333" lon="19.16208833">
        <ele>174.2</ele>
        <time>2025-08-01T17:43:18Z</time>
      </trkpt>
      <trkpt lat="47.49097667" lon="19.162295">
        <ele>174.1</ele>
        <time>2025-08-01T17:43:19Z</time>
      </trkpt>
      <trkpt lat="47.49093667" lon="19.16250333">
        <ele>174.1</ele>
        <time>2025-08-01T17:43:20Z</time>
      </trkpt>
      <trkpt lat="47.490895" lon="19.16271333">
        <ele>174</ele>
        <time>2025-08-01T17:43:21Z</time>
      </trkpt>
      <trkpt lat="47.490855" lon="19.162925">
        <ele>174</ele>
        <time>2025-08-01T17:43:22Z</time>
      </trkpt>
      <trkpt lat="47.49081833" lon="19.16312667">
        <ele>174.2</ele>
        <time>2025-08-01T17:43:23Z</time>
      </trkpt>
      <trkpt lat="47.49078167" lon="19.16332667">
        <ele>174.2</ele>
        <time>2025-08-01T17:43:24Z</time>
      </trkpt>
      <trkpt lat="47.490745" lon="19.163525">
        <ele>174.1</ele>
        <time>2025-08-01T17:43:25Z</time>
      </trkpt>
      <trkpt lat="47.49069667" lon="19.16373333">
        <ele>173.8</ele>
        <time>2025-08-01T17:43:26Z</time>
      </trkpt>
      <trkpt lat="47.49065167" lon="19.16394">
        <ele>173.8</ele>
        <time>2025-08-01T17:43:27Z</time>
      </trkpt>
      <trkpt lat="47.49061167" lon="19.16414833">
        <ele>173.8</ele>
        <time>2025-08-01T17:43:28Z</time>
      </trkpt>
      <trkpt lat="47.49056667" lon="19.16435167">
        <ele>173.3</ele>
        <time>2025-08-01T17:43:29Z</time>
      </trkpt>
      <trkpt lat="47.49051167" lon="19.16456333">
        <ele>170.3</ele>
        <time>2025-08-01T17:43:30Z</time>
      </trkpt>
      <trkpt lat="47.49046833" lon="19.16476667">
        <ele>169.9</ele>
        <time>2025-08-01T17:43:31Z</time>
      </trkpt>
      <trkpt lat="47.490425" lon="19.16497">
        <ele>169.5</ele>
        <time>2025-08-01T17:43:32Z</time>
      </trkpt>
      <trkpt lat="47.49038333" lon="19.165175">
        <ele>169.2</ele>
        <time>2025-08-01T17:43:33Z</time>
      </trkpt>
      <trkpt lat="47.49031667" lon="19.16541333">
        <ele>165.3</ele>
        <time>2025-08-01T17:43:34Z</time>
      </trkpt>
      <trkpt lat="47.49026833" lon="19.165625">
        <ele>164.8</ele>
        <time>2025-08-01T17:43:35Z</time>
      </trkpt>
      <trkpt lat="47.49022167" lon="19.165835">
        <ele>164.4</ele>
        <time>2025-08-01T17:43:36Z</time>
      </trkpt>
      <trkpt lat="47.49018833" lon="19.16605167">
        <ele>166.4</ele>
        <time>2025-08-01T17:43:37Z</time>
      </trkpt>
      <trkpt lat="47.49016" lon="19.16625667">
        <ele>169.5</ele>
        <time>2025-08-01T17:43:38Z</time>
      </trkpt>
      <trkpt lat="47.490125" lon="19.16648667">
        <ele>171.4</ele>
        <time>2025-08-01T17:43:39Z</time>
      </trkpt>
      <trkpt lat="47.49008833" lon="19.16669">
        <ele>173.1</ele>
        <time>2025-08-01T17:43:40Z</time>
      </trkpt>
      <trkpt lat="47.49005167" lon="19.16689333">
        <ele>175.6</ele>
        <time>2025-08-01T17:43:41Z</time>
      </trkpt>
      <trkpt lat="47.490015" lon="19.1671">
        <ele>175.8</ele>
        <time>2025-08-01T17:43:42Z</time>
      </trkpt>
      <trkpt lat="47.48997333" lon="19.16729833">
        <ele>175</ele>
        <time>2025-08-01T17:43:43Z</time>
      </trkpt>
      <trkpt lat="47.48994" lon="19.16749667">
        <ele>175.5</ele>
        <time>2025-08-01T17:43:44Z</time>
      </trkpt>
      <trkpt lat="47.48990333" lon="19.16770167">
        <ele>176.5</ele>
        <time>2025-08-01T17:43:45Z</time>
      </trkpt>
      <trkpt lat="47.48986833" lon="19.16790833">
        <ele>177.8</ele>
        <time>2025-08-01T17:43:46Z</time>
      </trkpt>
      <trkpt lat="47.48983333" lon="19.168115">
        <ele>179.2</ele>
        <time>2025-08-01T17:43:47Z</time>
      </trkpt>
      <trkpt lat="47.48979833" lon="19.16831833">
        <ele>179.1</ele>
        <time>2025-08-01T17:43:48Z</time>
      </trkpt>
      <trkpt lat="47.48975667" lon="19.168535">
        <ele>179.4</ele>
        <time>2025-08-01T17:43:49Z</time>
      </trkpt>
      <trkpt lat="47.48972" lon="19.16874">
        <ele>179.5</ele>
        <time>2025-08-01T17:43:50Z</time>
      </trkpt>
      <trkpt lat="47.48967667" lon="19.16894667">
        <ele>177.6</ele>
        <time>2025-08-01T17:43:51Z</time>
      </trkpt>
      <trkpt lat="47.48964167" lon="19.16915667">
        <ele>177.4</ele>
        <time>2025-08-01T17:43:52Z</time>
      </trkpt>
      <trkpt lat="47.4896" lon="19.16938333">
        <ele>177.5</ele>
        <time>2025-08-01T17:43:53Z</time>
      </trkpt>
      <trkpt lat="47.48955167" lon="19.16961167">
        <ele>177.5</ele>
        <time>2025-08-01T17:43:54Z</time>
      </trkpt>
      <trkpt lat="47.48950167" lon="19.16984333">
        <ele>177.6</ele>
        <time>2025-08-01T17:43:55Z</time>
      </trkpt>
      <trkpt lat="47.48945167" lon="19.170085">
        <ele>177.9</ele>
        <time>2025-08-01T17:43:56Z</time>
      </trkpt>
      <trkpt lat="47.48938667" lon="19.17033">
        <ele>172.8</ele>
        <time>2025-08-01T17:43:57Z</time>
      </trkpt>
      <trkpt lat="47.48933333" lon="19.17058">
        <ele>173.3</ele>
        <time>2025-08-01T17:43:58Z</time>
      </trkpt>
      <trkpt lat="47.48928167" lon="19.17084333">
        <ele>173.5</ele>
        <time>2025-08-01T17:43:59Z</time>
      </trkpt>
      <trkpt lat="47.48923" lon="19.17111833">
        <ele>168.2</ele>
        <time>2025-08-01T17:44:00Z</time>
      </trkpt>
      <trkpt lat="47.48918333" lon="19.17138667">
        <ele>168.1</ele>
        <time>2025-08-01T17:44:01Z</time>
      </trkpt>
      <trkpt lat="47.48915" lon="19.17164167">
        <ele>171.3</ele>
        <time>2025-08-01T17:44:02Z</time>
      </trkpt>
      <trkpt lat="47.489105" lon="19.17191">
        <ele>172</ele>
        <time>2025-08-01T17:44:03Z</time>
      </trkpt>
      <trkpt lat="47.489055" lon="19.17218">
        <ele>172.1</ele>
        <time>2025-08-01T17:44:04Z</time>
      </trkpt>
      <trkpt lat="47.489005" lon="19.17245">
        <ele>172.2</ele>
        <time>2025-08-01T17:44:05Z</time>
      </trkpt>
      <trkpt lat="47.48896833" lon="19.17270667">
        <ele>173.3</ele>
        <time>2025-08-01T17:44:06Z</time>
      </trkpt>
      <trkpt lat="47.48891667" lon="19.17298667">
        <ele>173.5</ele>
        <time>2025-08-01T17:44:07Z</time>
      </trkpt>
      <trkpt lat="47.48886333" lon="19.17326667">
        <ele>173.7</ele>
        <time>2025-08-01T17:44:08Z</time>
      </trkpt>
      <trkpt lat="47.48881167" lon="19.17354833">
        <ele>173.7</ele>
        <time>2025-08-01T17:44:09Z</time>
      </trkpt>
      <trkpt lat="47.488765" lon="19.17381333">
        <ele>171.2</ele>
        <time>2025-08-01T17:44:10Z</time>
      </trkpt>
      <trkpt lat="47.48871667" lon="19.17408333">
        <ele>171.2</ele>
        <time>2025-08-01T17:44:11Z</time>
      </trkpt>
      <trkpt lat="47.48861833" lon="19.17463833">
        <ele>171.5</ele>
        <time>2025-08-01T17:44:13Z</time>
      </trkpt>
      <trkpt lat="47.48856833" lon="19.17491667">
        <ele>171.6</ele>
        <time>2025-08-01T17:44:14Z</time>
      </trkpt>
      <trkpt lat="47.488515" lon="19.17519667">
        <ele>171.8</ele>
        <time>2025-08-01T17:44:15Z</time>
      </trkpt>
      <trkpt lat="47.48846" lon="19.175475">
        <ele>172.1</ele>
        <time>2025-08-01T17:44:16Z</time>
      </trkpt>
      <trkpt lat="47.488405" lon="19.175755">
        <ele>172.3</ele>
        <time>2025-08-01T17:44:17Z</time>
      </trkpt>
      <trkpt lat="47.48834833" lon="19.17603167">
        <ele>172.3</ele>
        <time>2025-08-01T17:44:18Z</time>
      </trkpt>
      <trkpt lat="47.48829333" lon="19.17630667">
        <ele>172.6</ele>
        <time>2025-08-01T17:44:19Z</time>
      </trkpt>
      <trkpt lat="47.488245" lon="19.17658">
        <ele>172.8</ele>
        <time>2025-08-01T17:44:20Z</time>
      </trkpt>
      <trkpt lat="47.48818833" lon="19.176855">
        <ele>173.2</ele>
        <time>2025-08-01T17:44:21Z</time>
      </trkpt>
      <trkpt lat="47.48808333" lon="19.1774">
        <ele>174.3</ele>
        <time>2025-08-01T17:44:23Z</time>
      </trkpt>
      <trkpt lat="47.48802833" lon="19.17768">
        <ele>174.6</ele>
        <time>2025-08-01T17:44:24Z</time>
      </trkpt>
      <trkpt lat="47.487975" lon="19.17795667">
        <ele>174.9</ele>
        <time>2025-08-01T17:44:25Z</time>
      </trkpt>
      <trkpt lat="47.487865" lon="19.17849833">
        <ele>176.7</ele>
        <time>2025-08-01T17:44:27Z</time>
      </trkpt>
      <trkpt lat="47.48781167" lon="19.17877167">
        <ele>176.2</ele>
        <time>2025-08-01T17:44:28Z</time>
      </trkpt>
      <trkpt lat="47.48775667" lon="19.17904667">
        <ele>176.3</ele>
        <time>2025-08-01T17:44:29Z</time>
      </trkpt>
      <trkpt lat="47.48770667" lon="19.17933">
        <ele>176.5</ele>
        <time>2025-08-01T17:44:30Z</time>
      </trkpt>
      <trkpt lat="47.48766" lon="19.17961333">
        <ele>176.7</ele>
        <time>2025-08-01T17:44:31Z</time>
      </trkpt>
      <trkpt lat="47.48761333" lon="19.17989333">
        <ele>176.9</ele>
        <time>2025-08-01T17:44:32Z</time>
      </trkpt>
      <trkpt lat="47.48756167" lon="19.18018">
        <ele>176.2</ele>
        <time>2025-08-01T17:44:33Z</time>
      </trkpt>
      <trkpt lat="47.48751667" lon="19.18046">
        <ele>176</ele>
        <time>2025-08-01T17:44:34Z</time>
      </trkpt>
      <trkpt lat="47.48746833" lon="19.18076667">
        <ele>172.4</ele>
        <time>2025-08-01T17:44:35Z</time>
      </trkpt>
      <trkpt lat="47.48744833" lon="19.18104">
        <ele>171.6</ele>
        <time>2025-08-01T17:44:36Z</time>
      </trkpt>
      <trkpt lat="47.48742333" lon="19.18131667">
        <ele>171.5</ele>
        <time>2025-08-01T17:44:37Z</time>
      </trkpt>
      <trkpt lat="47.487395" lon="19.18160167">
        <ele>171.1</ele>
        <time>2025-08-01T17:44:38Z</time>
      </trkpt>
      <trkpt lat="47.48737" lon="19.18188">
        <ele>170.8</ele>
        <time>2025-08-01T17:44:39Z</time>
      </trkpt>
      <trkpt lat="47.48733833" lon="19.18216">
        <ele>170.9</ele>
        <time>2025-08-01T17:44:40Z</time>
      </trkpt>
      <trkpt lat="47.48730667" lon="19.18243833">
        <ele>170.7</ele>
        <time>2025-08-01T17:44:41Z</time>
      </trkpt>
      <trkpt lat="47.487275" lon="19.18271333">
        <ele>170.8</ele>
        <time>2025-08-01T17:44:42Z</time>
      </trkpt>
      <trkpt lat="47.48724833" lon="19.18298833">
        <ele>171.1</ele>
        <time>2025-08-01T17:44:43Z</time>
      </trkpt>
      <trkpt lat="47.48722" lon="19.18326167">
        <ele>171.1</ele>
        <time>2025-08-01T17:44:44Z</time>
      </trkpt>
      <trkpt lat="47.48718833" lon="19.18353333">
        <ele>170.2</ele>
        <time>2025-08-01T17:44:45Z</time>
      </trkpt>
      <trkpt lat="47.48716833" lon="19.18380833">
        <ele>170.1</ele>
        <time>2025-08-01T17:44:46Z</time>
      </trkpt>
      <trkpt lat="47.48715333" lon="19.18407">
        <ele>169.9</ele>
        <time>2025-08-01T17:44:47Z</time>
      </trkpt>
      <trkpt lat="47.48712333" lon="19.18434833">
        <ele>170.5</ele>
        <time>2025-08-01T17:44:48Z</time>
      </trkpt>
      <trkpt lat="47.4871" lon="19.18459333">
        <ele>173.5</ele>
        <time>2025-08-01T17:44:49Z</time>
      </trkpt>
      <trkpt lat="47.487085" lon="19.18483667">
        <ele>171</ele>
        <time>2025-08-01T17:44:50Z</time>
      </trkpt>
      <trkpt lat="47.48706667" lon="19.18506833">
        <ele>168.6</ele>
        <time>2025-08-01T17:44:51Z</time>
      </trkpt>
      <trkpt lat="47.487055" lon="19.18528667">
        <ele>168.4</ele>
        <time>2025-08-01T17:44:52Z</time>
      </trkpt>
      <trkpt lat="47.487045" lon="19.18550167">
        <ele>168.4</ele>
        <time>2025-08-01T17:44:53Z</time>
      </trkpt>
      <trkpt lat="47.48703667" lon="19.18572">
        <ele>168.1</ele>
        <time>2025-08-01T17:44:54Z</time>
      </trkpt>
      <trkpt lat="47.48702667" lon="19.18594">
        <ele>167.8</ele>
        <time>2025-08-01T17:44:55Z</time>
      </trkpt>
      <trkpt lat="47.48701667" lon="19.186165">
        <ele>167.8</ele>
        <time>2025-08-01T17:44:56Z</time>
      </trkpt>
      <trkpt lat="47.487005" lon="19.18638">
        <ele>167.5</ele>
        <time>2025-08-01T17:44:57Z</time>
      </trkpt>
      <trkpt lat="47.486995" lon="19.18659833">
        <ele>166.6</ele>
        <time>2025-08-01T17:44:58Z</time>
      </trkpt>
      <trkpt lat="47.486985" lon="19.18682333">
        <ele>166</ele>
        <time>2025-08-01T17:44:59Z</time>
      </trkpt>
      <trkpt lat="47.48697667" lon="19.187035">
        <ele>165.6</ele>
        <time>2025-08-01T17:45:00Z</time>
      </trkpt>
      <trkpt lat="47.48697" lon="19.18724667">
        <ele>165.2</ele>
        <time>2025-08-01T17:45:01Z</time>
      </trkpt>
      <trkpt lat="47.48696167" lon="19.187455">
        <ele>164.9</ele>
        <time>2025-08-01T17:45:02Z</time>
      </trkpt>
      <trkpt lat="47.48695333" lon="19.18766167">
        <ele>164.8</ele>
        <time>2025-08-01T17:45:03Z</time>
      </trkpt>
      <trkpt lat="47.48694667" lon="19.18788833">
        <ele>162.8</ele>
        <time>2025-08-01T17:45:04Z</time>
      </trkpt>
      <trkpt lat="47.48693667" lon="19.18810833">
        <ele>161.3</ele>
        <time>2025-08-01T17:45:05Z</time>
      </trkpt>
      <trkpt lat="47.48692833" lon="19.18832667">
        <ele>160.1</ele>
        <time>2025-08-01T17:45:06Z</time>
      </trkpt>
      <trkpt lat="47.48692" lon="19.18853833">
        <ele>159.5</ele>
        <time>2025-08-01T17:45:07Z</time>
      </trkpt>
      <trkpt lat="47.48691333" lon="19.18875167">
        <ele>159</ele>
        <time>2025-08-01T17:45:08Z</time>
      </trkpt>
      <trkpt lat="47.48690333" lon="19.188965">
        <ele>158.7</ele>
        <time>2025-08-01T17:45:09Z</time>
      </trkpt>
      <trkpt lat="47.486895" lon="19.189175">
        <ele>158.4</ele>
        <time>2025-08-01T17:45:10Z</time>
      </trkpt>
      <trkpt lat="47.48689667" lon="19.18937167">
        <ele>159.4</ele>
        <time>2025-08-01T17:45:11Z</time>
      </trkpt>
      <trkpt lat="47.48689" lon="19.189585">
        <ele>159.4</ele>
        <time>2025-08-01T17:45:12Z</time>
      </trkpt>
      <trkpt lat="47.48688333" lon="19.18980167">
        <ele>159.4</ele>
        <time>2025-08-01T17:45:13Z</time>
      </trkpt>
      <trkpt lat="47.486875" lon="19.19001833">
        <ele>159.6</ele>
        <time>2025-08-01T17:45:14Z</time>
      </trkpt>
      <trkpt lat="47.48687167" lon="19.19023667">
        <ele>159.4</ele>
        <time>2025-08-01T17:45:15Z</time>
      </trkpt>
      <trkpt lat="47.48687" lon="19.19047">
        <ele>159.4</ele>
        <time>2025-08-01T17:45:16Z</time>
      </trkpt>
      <trkpt lat="47.48686667" lon="19.19072333">
        <ele>159.4</ele>
        <time>2025-08-01T17:45:17Z</time>
      </trkpt>
      <trkpt lat="47.48686" lon="19.190985">
        <ele>159.3</ele>
        <time>2025-08-01T17:45:18Z</time>
      </trkpt>
      <trkpt lat="47.48685167" lon="19.19124667">
        <ele>159.4</ele>
        <time>2025-08-01T17:45:19Z</time>
      </trkpt>
      <trkpt lat="47.48683833" lon="19.19151167">
        <ele>159.1</ele>
        <time>2025-08-01T17:45:20Z</time>
      </trkpt>
      <trkpt lat="47.48683" lon="19.19177">
        <ele>158.6</ele>
        <time>2025-08-01T17:45:21Z</time>
      </trkpt>
      <trkpt lat="47.48680833" lon="19.19202833">
        <ele>158.1</ele>
        <time>2025-08-01T17:45:22Z</time>
      </trkpt>
      <trkpt lat="47.48678833" lon="19.1923">
        <ele>158.6</ele>
        <time>2025-08-01T17:45:23Z</time>
      </trkpt>
      <trkpt lat="47.48677667" lon="19.192575">
        <ele>158.3</ele>
        <time>2025-08-01T17:45:24Z</time>
      </trkpt>
      <trkpt lat="47.48676833" lon="19.192845">
        <ele>158.3</ele>
        <time>2025-08-01T17:45:25Z</time>
      </trkpt>
      <trkpt lat="47.48676333" lon="19.19311">
        <ele>158.4</ele>
        <time>2025-08-01T17:45:26Z</time>
      </trkpt>
      <trkpt lat="47.48675167" lon="19.193375">
        <ele>158.5</ele>
        <time>2025-08-01T17:45:27Z</time>
      </trkpt>
      <trkpt lat="47.48673833" lon="19.19363833">
        <ele>158.6</ele>
        <time>2025-08-01T17:45:28Z</time>
      </trkpt>
      <trkpt lat="47.48672833" lon="19.193915">
        <ele>158.7</ele>
        <time>2025-08-01T17:45:29Z</time>
      </trkpt>
      <trkpt lat="47.48671833" lon="19.19419333">
        <ele>158.8</ele>
        <time>2025-08-01T17:45:30Z</time>
      </trkpt>
      <trkpt lat="47.48670667" lon="19.194465">
        <ele>159.7</ele>
        <time>2025-08-01T17:45:31Z</time>
      </trkpt>
      <trkpt lat="47.48669667" lon="19.19473">
        <ele>159.9</ele>
        <time>2025-08-01T17:45:32Z</time>
      </trkpt>
      <trkpt lat="47.48669" lon="19.19499333">
        <ele>160.3</ele>
        <time>2025-08-01T17:45:33Z</time>
      </trkpt>
      <trkpt lat="47.48668333" lon="19.19526167">
        <ele>160.6</ele>
        <time>2025-08-01T17:45:34Z</time>
      </trkpt>
      <trkpt lat="47.48667667" lon="19.19553">
        <ele>161</ele>
        <time>2025-08-01T17:45:35Z</time>
      </trkpt>
      <trkpt lat="47.486665" lon="19.19580667">
        <ele>161.4</ele>
        <time>2025-08-01T17:45:36Z</time>
      </trkpt>
      <trkpt lat="47.48665333" lon="19.19608833">
        <ele>161.7</ele>
        <time>2025-08-01T17:45:37Z</time>
      </trkpt>
      <trkpt lat="47.48663667" lon="19.19636833">
        <ele>161.9</ele>
        <time>2025-08-01T17:45:38Z</time>
      </trkpt>
      <trkpt lat="47.48662167" lon="19.19665">
        <ele>162.2</ele>
        <time>2025-08-01T17:45:39Z</time>
      </trkpt>
      <trkpt lat="47.48660833" lon="19.19693667">
        <ele>162.4</ele>
        <time>2025-08-01T17:45:40Z</time>
      </trkpt>
      <trkpt lat="47.486595" lon="19.19722833">
        <ele>162.5</ele>
        <time>2025-08-01T17:45:41Z</time>
      </trkpt>
      <trkpt lat="47.48658" lon="19.19752667">
        <ele>162.6</ele>
        <time>2025-08-01T17:45:42Z</time>
      </trkpt>
      <trkpt lat="47.48656833" lon="19.197835">
        <ele>162.8</ele>
        <time>2025-08-01T17:45:43Z</time>
      </trkpt>
      <trkpt lat="47.48655333" lon="19.19815">
        <ele>162.7</ele>
        <time>2025-08-01T17:45:44Z</time>
      </trkpt>
      <trkpt lat="47.48653833" lon="19.19847167">
        <ele>162.8</ele>
        <time>2025-08-01T17:45:45Z</time>
      </trkpt>
      <trkpt lat="47.48652167" lon="19.198805">
        <ele>162.7</ele>
        <time>2025-08-01T17:45:46Z</time>
      </trkpt>
      <trkpt lat="47.48651167" lon="19.19914833">
        <ele>161.5</ele>
        <time>2025-08-01T17:45:47Z</time>
      </trkpt>
      <trkpt lat="47.4865" lon="19.19949667">
        <ele>161.5</ele>
        <time>2025-08-01T17:45:48Z</time>
      </trkpt>
      <trkpt lat="47.48648667" lon="19.19985667">
        <ele>161.6</ele>
        <time>2025-08-01T17:45:49Z</time>
      </trkpt>
      <trkpt lat="47.48647167" lon="19.200225">
        <ele>161.7</ele>
        <time>2025-08-01T17:45:50Z</time>
      </trkpt>
      <trkpt lat="47.48645333" lon="19.20061333">
        <ele>160.6</ele>
        <time>2025-08-01T17:45:51Z</time>
      </trkpt>
      <trkpt lat="47.48643667" lon="19.201005">
        <ele>158.4</ele>
        <time>2025-08-01T17:45:52Z</time>
      </trkpt>
      <trkpt lat="47.48642167" lon="19.20137833">
        <ele>158.2</ele>
        <time>2025-08-01T17:45:53Z</time>
      </trkpt>
      <trkpt lat="47.48639667" lon="19.20176333">
        <ele>155.2</ele>
        <time>2025-08-01T17:45:54Z</time>
      </trkpt>
      <trkpt lat="47.48637833" lon="19.20213667">
        <ele>154.9</ele>
        <time>2025-08-01T17:45:55Z</time>
      </trkpt>
      <trkpt lat="47.48636" lon="19.20250833">
        <ele>154.6</ele>
        <time>2025-08-01T17:45:56Z</time>
      </trkpt>
      <trkpt lat="47.486345" lon="19.20288">
        <ele>154.4</ele>
        <time>2025-08-01T17:45:57Z</time>
      </trkpt>
      <trkpt lat="47.48632833" lon="19.20325167">
        <ele>154.1</ele>
        <time>2025-08-01T17:45:58Z</time>
      </trkpt>
      <trkpt lat="47.48631167" lon="19.20361">
        <ele>154.3</ele>
        <time>2025-08-01T17:45:59Z</time>
      </trkpt>
      <trkpt lat="47.48629833" lon="19.20397167">
        <ele>154.3</ele>
        <time>2025-08-01T17:46:00Z</time>
      </trkpt>
      <trkpt lat="47.48628167" lon="19.204335">
        <ele>154.5</ele>
        <time>2025-08-01T17:46:01Z</time>
      </trkpt>
      <trkpt lat="47.48627" lon="19.20469">
        <ele>154.6</ele>
        <time>2025-08-01T17:46:02Z</time>
      </trkpt>
      <trkpt lat="47.48626" lon="19.20505833">
        <ele>155.3</ele>
        <time>2025-08-01T17:46:03Z</time>
      </trkpt>
      <trkpt lat="47.48625" lon="19.20541667">
        <ele>155.2</ele>
        <time>2025-08-01T17:46:04Z</time>
      </trkpt>
      <trkpt lat="47.486235" lon="19.20578167">
        <ele>156</ele>
        <time>2025-08-01T17:46:05Z</time>
      </trkpt>
      <trkpt lat="47.486215" lon="19.206145">
        <ele>158.6</ele>
        <time>2025-08-01T17:46:06Z</time>
      </trkpt>
      <trkpt lat="47.486195" lon="19.20649667">
        <ele>158.9</ele>
        <time>2025-08-01T17:46:07Z</time>
      </trkpt>
      <trkpt lat="47.48618" lon="19.20686">
        <ele>159</ele>
        <time>2025-08-01T17:46:08Z</time>
      </trkpt>
      <trkpt lat="47.48616" lon="19.20722">
        <ele>159.1</ele>
        <time>2025-08-01T17:46:09Z</time>
      </trkpt>
      <trkpt lat="47.48614167" lon="19.20758667">
        <ele>159.3</ele>
        <time>2025-08-01T17:46:10Z</time>
      </trkpt>
      <trkpt lat="47.48615833" lon="19.207995">
        <ele>175.8</ele>
        <time>2025-08-01T17:46:11Z</time>
      </trkpt>
      <trkpt lat="47.48615667" lon="19.20838667">
        <ele>186.6</ele>
        <time>2025-08-01T17:46:12Z</time>
      </trkpt>
      <trkpt lat="47.48614333" lon="19.20877">
        <ele>186.9</ele>
        <time>2025-08-01T17:46:13Z</time>
      </trkpt>
      <trkpt lat="47.48613667" lon="19.20916">
        <ele>188.4</ele>
        <time>2025-08-01T17:46:14Z</time>
      </trkpt>
      <trkpt lat="47.48612667" lon="19.209555">
        <ele>189.1</ele>
        <time>2025-08-01T17:46:15Z</time>
      </trkpt>
      <trkpt lat="47.486115" lon="19.20994333">
        <ele>189.8</ele>
        <time>2025-08-01T17:46:16Z</time>
      </trkpt>
      <trkpt lat="47.48610333" lon="19.210335">
        <ele>190.6</ele>
        <time>2025-08-01T17:46:17Z</time>
      </trkpt>
      <trkpt lat="47.48609833" lon="19.21073833">
        <ele>191.2</ele>
        <time>2025-08-01T17:46:18Z</time>
      </trkpt>
      <trkpt lat="47.48609" lon="19.21114167">
        <ele>192</ele>
        <time>2025-08-01T17:46:19Z</time>
      </trkpt>
      <trkpt lat="47.48607833" lon="19.21154333">
        <ele>192.6</ele>
        <time>2025-08-01T17:46:20Z</time>
      </trkpt>
      <trkpt lat="47.48607" lon="19.21195667">
        <ele>193.3</ele>
        <time>2025-08-01T17:46:21Z</time>
      </trkpt>
      <trkpt lat="47.48605667" lon="19.21236833">
        <ele>193.8</ele>
        <time>2025-08-01T17:46:22Z</time>
      </trkpt>
      <trkpt lat="47.48603667" lon="19.212775">
        <ele>194.3</ele>
        <time>2025-08-01T17:46:23Z</time>
      </trkpt>
      <trkpt lat="47.486015" lon="19.213185">
        <ele>194.8</ele>
        <time>2025-08-01T17:46:24Z</time>
      </trkpt>
      <trkpt lat="47.48600167" lon="19.21360333">
        <ele>195.3</ele>
        <time>2025-08-01T17:46:25Z</time>
      </trkpt>
      <trkpt lat="47.48599" lon="19.21402333">
        <ele>195.6</ele>
        <time>2025-08-01T17:46:26Z</time>
      </trkpt>
      <trkpt lat="47.48597167" lon="19.21444833">
        <ele>195.9</ele>
        <time>2025-08-01T17:46:27Z</time>
      </trkpt>
      <trkpt lat="47.48595167" lon="19.21486833">
        <ele>196.4</ele>
        <time>2025-08-01T17:46:28Z</time>
      </trkpt>
      <trkpt lat="47.48593833" lon="19.21529">
        <ele>197</ele>
        <time>2025-08-01T17:46:29Z</time>
      </trkpt>
      <trkpt lat="47.48592333" lon="19.21571333">
        <ele>197.9</ele>
        <time>2025-08-01T17:46:30Z</time>
      </trkpt>
      <trkpt lat="47.48591167" lon="19.21615">
        <ele>198.9</ele>
        <time>2025-08-01T17:46:31Z</time>
      </trkpt>
      <trkpt lat="47.48589" lon="19.21656167">
        <ele>197.3</ele>
        <time>2025-08-01T17:46:32Z</time>
      </trkpt>
      <trkpt lat="47.48586333" lon="19.216965">
        <ele>194.5</ele>
        <time>2025-08-01T17:46:33Z</time>
      </trkpt>
      <trkpt lat="47.48584167" lon="19.21738833">
        <ele>194.7</ele>
        <time>2025-08-01T17:46:34Z</time>
      </trkpt>
      <trkpt lat="47.48582333" lon="19.21782167">
        <ele>194.6</ele>
        <time>2025-08-01T17:46:35Z</time>
      </trkpt>
      <trkpt lat="47.48581167" lon="19.21825667">
        <ele>195.2</ele>
        <time>2025-08-01T17:46:36Z</time>
      </trkpt>
      <trkpt lat="47.4858" lon="19.21869833">
        <ele>195.4</ele>
        <time>2025-08-01T17:46:37Z</time>
      </trkpt>
      <trkpt lat="47.48578333" lon="19.21913333">
        <ele>195.5</ele>
        <time>2025-08-01T17:46:38Z</time>
      </trkpt>
      <trkpt lat="47.48579333" lon="19.21958667">
        <ele>182.8</ele>
        <time>2025-08-01T17:46:39Z</time>
      </trkpt>
      <trkpt lat="47.48579667" lon="19.22005">
        <ele>182.8</ele>
        <time>2025-08-01T17:46:40Z</time>
      </trkpt>
      <trkpt lat="47.48579333" lon="19.220495">
        <ele>183.4</ele>
        <time>2025-08-01T17:46:41Z</time>
      </trkpt>
      <trkpt lat="47.48579" lon="19.22094667">
        <ele>184.3</ele>
        <time>2025-08-01T17:46:42Z</time>
      </trkpt>
      <trkpt lat="47.48577833" lon="19.22135667">
        <ele>186.1</ele>
        <time>2025-08-01T17:46:43Z</time>
      </trkpt>
      <trkpt lat="47.48578167" lon="19.22178167">
        <ele>186.7</ele>
        <time>2025-08-01T17:46:44Z</time>
      </trkpt>
      <trkpt lat="47.48576833" lon="19.222225">
        <ele>180.7</ele>
        <time>2025-08-01T17:46:45Z</time>
      </trkpt>
      <trkpt lat="47.48578667" lon="19.22266333">
        <ele>180.9</ele>
        <time>2025-08-01T17:46:46Z</time>
      </trkpt>
      <trkpt lat="47.48581667" lon="19.223065">
        <ele>185.8</ele>
        <time>2025-08-01T17:46:47Z</time>
      </trkpt>
      <trkpt lat="47.48586167" lon="19.22349">
        <ele>185.2</ele>
        <time>2025-08-01T17:46:48Z</time>
      </trkpt>
      <trkpt lat="47.485925" lon="19.22392167">
        <ele>184.7</ele>
        <time>2025-08-01T17:46:49Z</time>
      </trkpt>
      <trkpt lat="47.48598667" lon="19.224345">
        <ele>183.8</ele>
        <time>2025-08-01T17:46:50Z</time>
      </trkpt>
      <trkpt lat="47.48605167" lon="19.22475333">
        <ele>183.1</ele>
        <time>2025-08-01T17:46:51Z</time>
      </trkpt>
      <trkpt lat="47.48609333" lon="19.22512167">
        <ele>178.8</ele>
        <time>2025-08-01T17:46:52Z</time>
      </trkpt>
      <trkpt lat="47.48615" lon="19.22551333">
        <ele>177.2</ele>
        <time>2025-08-01T17:46:53Z</time>
      </trkpt>
      <trkpt lat="47.48622" lon="19.22592833">
        <ele>173.9</ele>
        <time>2025-08-01T17:46:54Z</time>
      </trkpt>
      <trkpt lat="47.48631333" lon="19.22638333">
        <ele>168.1</ele>
        <time>2025-08-01T17:46:55Z</time>
      </trkpt>
      <trkpt lat="47.48641833" lon="19.22683">
        <ele>164.1</ele>
        <time>2025-08-01T17:46:56Z</time>
      </trkpt>
      <trkpt lat="47.48653333" lon="19.22726167">
        <ele>161.4</ele>
        <time>2025-08-01T17:46:57Z</time>
      </trkpt>
      <trkpt lat="47.486665" lon="19.22770333">
        <ele>157.6</ele>
        <time>2025-08-01T17:46:58Z</time>
      </trkpt>
      <trkpt lat="47.48679167" lon="19.22812833">
        <ele>152.8</ele>
        <time>2025-08-01T17:46:59Z</time>
      </trkpt>
      <trkpt lat="47.48693667" lon="19.22859">
        <ele>147.2</ele>
        <time>2025-08-01T17:47:00Z</time>
      </trkpt>
      <trkpt lat="47.48706333" lon="19.22899667">
        <ele>139.2</ele>
        <time>2025-08-01T17:47:01Z</time>
      </trkpt>
      <trkpt lat="47.48719667" lon="19.22942167">
        <ele>127.4</ele>
        <time>2025-08-01T17:47:02Z</time>
      </trkpt>
      <trkpt lat="47.487345" lon="19.22981">
        <ele>118.8</ele>
        <time>2025-08-01T17:47:03Z</time>
      </trkpt>
      <trkpt lat="47.48747667" lon="19.23019333">
        <ele>118.7</ele>
        <time>2025-08-01T17:47:04Z</time>
      </trkpt>
      <trkpt lat="47.48760167" lon="19.23058">
        <ele>118.5</ele>
        <time>2025-08-01T17:47:05Z</time>
      </trkpt>
      <trkpt lat="47.48770667" lon="19.23096">
        <ele>123.6</ele>
        <time>2025-08-01T17:47:06Z</time>
      </trkpt>
      <trkpt lat="47.48782167" lon="19.23136167">
        <ele>122.7</ele>
        <time>2025-08-01T17:47:07Z</time>
      </trkpt>
      <trkpt lat="47.48793333" lon="19.231755">
        <ele>121.6</ele>
        <time>2025-08-01T17:47:08Z</time>
      </trkpt>
      <trkpt lat="47.488055" lon="19.232155">
        <ele>120.4</ele>
        <time>2025-08-01T17:47:09Z</time>
      </trkpt>
      <trkpt lat="47.488175" lon="19.23255833">
        <ele>120</ele>
        <time>2025-08-01T17:47:10Z</time>
      </trkpt>
      <trkpt lat="47.48828333" lon="19.232955">
        <ele>120.1</ele>
        <time>2025-08-01T17:47:11Z</time>
      </trkpt>
      <trkpt lat="47.488375" lon="19.23337333">
        <ele>120.8</ele>
        <time>2025-08-01T17:47:12Z</time>
      </trkpt>
      <trkpt lat="47.48848" lon="19.23376333">
        <ele>120</ele>
        <time>2025-08-01T17:47:13Z</time>
      </trkpt>
      <trkpt lat="47.48858" lon="19.23415">
        <ele>119.2</ele>
        <time>2025-08-01T17:47:14Z</time>
      </trkpt>
      <trkpt lat="47.48867167" lon="19.234545">
        <ele>118.3</ele>
        <time>2025-08-01T17:47:15Z</time>
      </trkpt>
      <trkpt lat="47.48871333" lon="19.23499">
        <ele>118.4</ele>
        <time>2025-08-01T17:47:16Z</time>
      </trkpt>
      <trkpt lat="47.48876333" lon="19.235435">
        <ele>118.4</ele>
        <time>2025-08-01T17:47:17Z</time>
      </trkpt>
      <trkpt lat="47.488815" lon="19.23583667">
        <ele>117.4</ele>
        <time>2025-08-01T17:47:18Z</time>
      </trkpt>
      <trkpt lat="47.48885667" lon="19.236255">
        <ele>116.4</ele>
        <time>2025-08-01T17:47:19Z</time>
      </trkpt>
      <trkpt lat="47.48890167" lon="19.236685">
        <ele>115.4</ele>
        <time>2025-08-01T17:47:20Z</time>
      </trkpt>
      <trkpt lat="47.48892" lon="19.237135">
        <ele>114.6</ele>
        <time>2025-08-01T17:47:21Z</time>
      </trkpt>
      <trkpt lat="47.488925" lon="19.23756">
        <ele>113.4</ele>
        <time>2025-08-01T17:47:22Z</time>
      </trkpt>
      <trkpt lat="47.488905" lon="19.237995">
        <ele>112.5</ele>
        <time>2025-08-01T17:47:23Z</time>
      </trkpt>
      <trkpt lat="47.48886667" lon="19.23845333">
        <ele>111.7</ele>
        <time>2025-08-01T17:47:24Z</time>
      </trkpt>
      <trkpt lat="47.488815" lon="19.23887167">
        <ele>110.7</ele>
        <time>2025-08-01T17:47:25Z</time>
      </trkpt>
      <trkpt lat="47.48876333" lon="19.23931833">
        <ele>110.1</ele>
        <time>2025-08-01T17:47:26Z</time>
      </trkpt>
      <trkpt lat="47.488705" lon="19.23975333">
        <ele>109.8</ele>
        <time>2025-08-01T17:47:27Z</time>
      </trkpt>
      <trkpt lat="47.48865" lon="19.24018">
        <ele>109.4</ele>
        <time>2025-08-01T17:47:28Z</time>
      </trkpt>
      <trkpt lat="47.488595" lon="19.24060167">
        <ele>108.7</ele>
        <time>2025-08-01T17:47:29Z</time>
      </trkpt>
      <trkpt lat="47.48851667" lon="19.24103167">
        <ele>108.1</ele>
        <time>2025-08-01T17:47:30Z</time>
      </trkpt>
      <trkpt lat="47.48842" lon="19.241495">
        <ele>108.4</ele>
        <time>2025-08-01T17:47:31Z</time>
      </trkpt>
      <trkpt lat="47.48833167" lon="19.24198667">
        <ele>108.6</ele>
        <time>2025-08-01T17:47:32Z</time>
      </trkpt>
      <trkpt lat="47.48824667" lon="19.24244833">
        <ele>108.6</ele>
        <time>2025-08-01T17:47:33Z</time>
      </trkpt>
      <trkpt lat="47.48816667" lon="19.2429">
        <ele>108.5</ele>
        <time>2025-08-01T17:47:34Z</time>
      </trkpt>
      <trkpt lat="47.488095" lon="19.24334667">
        <ele>109.2</ele>
        <time>2025-08-01T17:47:35Z</time>
      </trkpt>
      <trkpt lat="47.48801833" lon="19.24379667">
        <ele>109.5</ele>
        <time>2025-08-01T17:47:36Z</time>
      </trkpt>
      <trkpt lat="47.48792833" lon="19.24423167">
        <ele>110.4</ele>
        <time>2025-08-01T17:47:37Z</time>
      </trkpt>
      <trkpt lat="47.48785667" lon="19.24470167">
        <ele>113.1</ele>
        <time>2025-08-01T17:47:38Z</time>
      </trkpt>
      <trkpt lat="47.48780333" lon="19.24514">
        <ele>112.2</ele>
        <time>2025-08-01T17:47:39Z</time>
      </trkpt>
      <trkpt lat="47.48773833" lon="19.24556">
        <ele>111.8</ele>
        <time>2025-08-01T17:47:40Z</time>
      </trkpt>
      <trkpt lat="47.48767333" lon="19.24599833">
        <ele>111.6</ele>
        <time>2025-08-01T17:47:41Z</time>
      </trkpt>
      <trkpt lat="47.48761333" lon="19.24643833">
        <ele>111</ele>
        <time>2025-08-01T17:47:42Z</time>
      </trkpt>
      <trkpt lat="47.487555" lon="19.24687333">
        <ele>111</ele>
        <time>2025-08-01T17:47:43Z</time>
      </trkpt>
      <trkpt lat="47.4875" lon="19.24730667">
        <ele>111.3</ele>
        <time>2025-08-01T17:47:44Z</time>
      </trkpt>
      <trkpt lat="47.487445" lon="19.247735">
        <ele>112.3</ele>
        <time>2025-08-01T17:47:45Z</time>
      </trkpt>
      <trkpt lat="47.48738833" lon="19.24815833">
        <ele>113.6</ele>
        <time>2025-08-01T17:47:46Z</time>
      </trkpt>
      <trkpt lat="47.48733167" lon="19.24858167">
        <ele>113.5</ele>
        <time>2025-08-01T17:47:47Z</time>
      </trkpt>
      <trkpt lat="47.48727667" lon="19.249005">
        <ele>113.5</ele>
        <time>2025-08-01T17:47:48Z</time>
      </trkpt>
      <trkpt lat="47.48722667" lon="19.24943167">
        <ele>113.3</ele>
        <time>2025-08-01T17:47:49Z</time>
      </trkpt>
      <trkpt lat="47.48717167" lon="19.249865">
        <ele>113.5</ele>
        <time>2025-08-01T17:47:50Z</time>
      </trkpt>
      <trkpt lat="47.48710833" lon="19.250295">
        <ele>116.4</ele>
        <time>2025-08-01T17:47:51Z</time>
      </trkpt>
      <trkpt lat="47.487045" lon="19.25071833">
        <ele>118.5</ele>
        <time>2025-08-01T17:47:52Z</time>
      </trkpt>
      <trkpt lat="47.48698" lon="19.25114333">
        <ele>120.4</ele>
        <time>2025-08-01T17:47:53Z</time>
      </trkpt>
      <trkpt lat="47.48692167" lon="19.25156833">
        <ele>121.8</ele>
        <time>2025-08-01T17:47:54Z</time>
      </trkpt>
      <trkpt lat="47.48686167" lon="19.25199167">
        <ele>124</ele>
        <time>2025-08-01T17:47:55Z</time>
      </trkpt>
      <trkpt lat="47.48680167" lon="19.252415">
        <ele>125.9</ele>
        <time>2025-08-01T17:47:56Z</time>
      </trkpt>
      <trkpt lat="47.48674" lon="19.25283333">
        <ele>127.7</ele>
        <time>2025-08-01T17:47:57Z</time>
      </trkpt>
      <trkpt lat="47.48667667" lon="19.25325833">
        <ele>129</ele>
        <time>2025-08-01T17:47:58Z</time>
      </trkpt>
      <trkpt lat="47.48661667" lon="19.25368167">
        <ele>129.8</ele>
        <time>2025-08-01T17:47:59Z</time>
      </trkpt>
      <trkpt lat="47.48655667" lon="19.254055">
        <ele>154.5</ele>
        <time>2025-08-01T17:48:00Z</time>
      </trkpt>
      <trkpt lat="47.48650667" lon="19.25447833">
        <ele>154.4</ele>
        <time>2025-08-01T17:48:01Z</time>
      </trkpt>
      <trkpt lat="47.48645333" lon="19.25490833">
        <ele>154.7</ele>
        <time>2025-08-01T17:48:02Z</time>
      </trkpt>
      <trkpt lat="47.48639667" lon="19.25534333">
        <ele>154.8</ele>
        <time>2025-08-01T17:48:03Z</time>
      </trkpt>
      <trkpt lat="47.48634167" lon="19.25577833">
        <ele>155.1</ele>
        <time>2025-08-01T17:48:04Z</time>
      </trkpt>
      <trkpt lat="47.48628833" lon="19.25621">
        <ele>155.1</ele>
        <time>2025-08-01T17:48:05Z</time>
      </trkpt>
      <trkpt lat="47.48623333" lon="19.256645">
        <ele>155.9</ele>
        <time>2025-08-01T17:48:06Z</time>
      </trkpt>
      <trkpt lat="47.48618333" lon="19.25708">
        <ele>156.4</ele>
        <time>2025-08-01T17:48:07Z</time>
      </trkpt>
      <trkpt lat="47.48613" lon="19.25750667">
        <ele>156.4</ele>
        <time>2025-08-01T17:48:08Z</time>
      </trkpt>
      <trkpt lat="47.486085" lon="19.25794833">
        <ele>156.1</ele>
        <time>2025-08-01T17:48:09Z</time>
      </trkpt>
      <trkpt lat="47.48604167" lon="19.25839">
        <ele>156.1</ele>
        <time>2025-08-01T17:48:10Z</time>
      </trkpt>
      <trkpt lat="47.48603333" lon="19.25870833">
        <ele>172.7</ele>
        <time>2025-08-01T17:48:11Z</time>
      </trkpt>
      <trkpt lat="47.48601333" lon="19.25903">
        <ele>188.4</ele>
        <time>2025-08-01T17:48:12Z</time>
      </trkpt>
      <trkpt lat="47.48595" lon="19.259525">
        <ele>184.5</ele>
        <time>2025-08-01T17:48:13Z</time>
      </trkpt>
      <trkpt lat="47.4859" lon="19.25999333">
        <ele>182.5</ele>
        <time>2025-08-01T17:48:14Z</time>
      </trkpt>
      <trkpt lat="47.48586333" lon="19.26041">
        <ele>183.4</ele>
        <time>2025-08-01T17:48:15Z</time>
      </trkpt>
      <trkpt lat="47.485825" lon="19.260845">
        <ele>181.4</ele>
        <time>2025-08-01T17:48:16Z</time>
      </trkpt>
      <trkpt lat="47.48579167" lon="19.26129333">
        <ele>178</ele>
        <time>2025-08-01T17:48:17Z</time>
      </trkpt>
      <trkpt lat="47.48577333" lon="19.26172667">
        <ele>177.8</ele>
        <time>2025-08-01T17:48:18Z</time>
      </trkpt>
      <trkpt lat="47.48576667" lon="19.26215667">
        <ele>178</ele>
        <time>2025-08-01T17:48:19Z</time>
      </trkpt>
      <trkpt lat="47.48576667" lon="19.26258">
        <ele>178</ele>
        <time>2025-08-01T17:48:20Z</time>
      </trkpt>
      <trkpt lat="47.48577" lon="19.26301333">
        <ele>178.7</ele>
        <time>2025-08-01T17:48:21Z</time>
      </trkpt>
      <trkpt lat="47.485785" lon="19.26343">
        <ele>179.1</ele>
        <time>2025-08-01T17:48:22Z</time>
      </trkpt>
      <trkpt lat="47.485795" lon="19.26386167">
        <ele>179</ele>
        <time>2025-08-01T17:48:23Z</time>
      </trkpt>
      <trkpt lat="47.48581333" lon="19.26430833">
        <ele>178.9</ele>
        <time>2025-08-01T17:48:24Z</time>
      </trkpt>
      <trkpt lat="47.48585333" lon="19.26475">
        <ele>178.5</ele>
        <time>2025-08-01T17:48:25Z</time>
      </trkpt>
      <trkpt lat="47.48590167" lon="19.26521167">
        <ele>178.8</ele>
        <time>2025-08-01T17:48:26Z</time>
      </trkpt>
      <trkpt lat="47.48595833" lon="19.26566833">
        <ele>179</ele>
        <time>2025-08-01T17:48:27Z</time>
      </trkpt>
      <trkpt lat="47.48602333" lon="19.26610667">
        <ele>179.1</ele>
        <time>2025-08-01T17:48:28Z</time>
      </trkpt>
      <trkpt lat="47.48609667" lon="19.266545">
        <ele>179.3</ele>
        <time>2025-08-01T17:48:29Z</time>
      </trkpt>
      <trkpt lat="47.48616833" lon="19.26696833">
        <ele>179</ele>
        <time>2025-08-01T17:48:30Z</time>
      </trkpt>
      <trkpt lat="47.48624333" lon="19.26739833">
        <ele>179.3</ele>
        <time>2025-08-01T17:48:31Z</time>
      </trkpt>
      <trkpt lat="47.48633167" lon="19.26781833">
        <ele>179.9</ele>
        <time>2025-08-01T17:48:32Z</time>
      </trkpt>
      <trkpt lat="47.48644" lon="19.26824333">
        <ele>180.2</ele>
        <time>2025-08-01T17:48:33Z</time>
      </trkpt>
      <trkpt lat="47.48655333" lon="19.26865667">
        <ele>180</ele>
        <time>2025-08-01T17:48:34Z</time>
      </trkpt>
      <trkpt lat="47.486675" lon="19.26903667">
        <ele>179.8</ele>
        <time>2025-08-01T17:48:35Z</time>
      </trkpt>
      <trkpt lat="47.48678333" lon="19.26943333">
        <ele>179</ele>
        <time>2025-08-01T17:48:36Z</time>
      </trkpt>
      <trkpt lat="47.48689333" lon="19.26983333">
        <ele>178.7</ele>
        <time>2025-08-01T17:48:37Z</time>
      </trkpt>
      <trkpt lat="47.487005" lon="19.27022167">
        <ele>178</ele>
        <time>2025-08-01T17:48:38Z</time>
      </trkpt>
      <trkpt lat="47.487105" lon="19.27061333">
        <ele>177.6</ele>
        <time>2025-08-01T17:48:39Z</time>
      </trkpt>
      <trkpt lat="47.4872" lon="19.27097667">
        <ele>178.1</ele>
        <time>2025-08-01T17:48:40Z</time>
      </trkpt>
      <trkpt lat="47.487305" lon="19.271355">
        <ele>178.6</ele>
        <time>2025-08-01T17:48:41Z</time>
      </trkpt>
      <trkpt lat="47.487395" lon="19.27174667">
        <ele>179.4</ele>
        <time>2025-08-01T17:48:42Z</time>
      </trkpt>
      <trkpt lat="47.487495" lon="19.27214167">
        <ele>179.8</ele>
        <time>2025-08-01T17:48:43Z</time>
      </trkpt>
      <trkpt lat="47.48760167" lon="19.27255667">
        <ele>180.2</ele>
        <time>2025-08-01T17:48:44Z</time>
      </trkpt>
      <trkpt lat="47.48771167" lon="19.27296667">
        <ele>181</ele>
        <time>2025-08-01T17:48:45Z</time>
      </trkpt>
      <trkpt lat="47.48783167" lon="19.27338">
        <ele>181.9</ele>
        <time>2025-08-01T17:48:46Z</time>
      </trkpt>
      <trkpt lat="47.487945" lon="19.27379667">
        <ele>183.4</ele>
        <time>2025-08-01T17:48:47Z</time>
      </trkpt>
      <trkpt lat="47.48805833" lon="19.27418833">
        <ele>184.2</ele>
        <time>2025-08-01T17:48:48Z</time>
      </trkpt>
      <trkpt lat="47.48817833" lon="19.27458833">
        <ele>185.1</ele>
        <time>2025-08-01T17:48:49Z</time>
      </trkpt>
      <trkpt lat="47.48829333" lon="19.274995">
        <ele>186</ele>
        <time>2025-08-01T17:48:50Z</time>
      </trkpt>
      <trkpt lat="47.48840833" lon="19.27540333">
        <ele>187.5</ele>
        <time>2025-08-01T17:48:51Z</time>
      </trkpt>
      <trkpt lat="47.48853833" lon="19.275785">
        <ele>186.8</ele>
        <time>2025-08-01T17:48:52Z</time>
      </trkpt>
      <trkpt lat="47.48866167" lon="19.276195">
        <ele>187.3</ele>
        <time>2025-08-01T17:48:53Z</time>
      </trkpt>
      <trkpt lat="47.48878333" lon="19.27658167">
        <ele>187.2</ele>
        <time>2025-08-01T17:48:54Z</time>
      </trkpt>
      <trkpt lat="47.48890667" lon="19.276975">
        <ele>187.5</ele>
        <time>2025-08-01T17:48:55Z</time>
      </trkpt>
      <trkpt lat="47.489045" lon="19.27740167">
        <ele>187.8</ele>
        <time>2025-08-01T17:48:56Z</time>
      </trkpt>
      <trkpt lat="47.489185" lon="19.27782667">
        <ele>188.5</ele>
        <time>2025-08-01T17:48:57Z</time>
      </trkpt>
      <trkpt lat="47.48931667" lon="19.27824667">
        <ele>187.5</ele>
        <time>2025-08-01T17:48:58Z</time>
      </trkpt>
      <trkpt lat="47.48946" lon="19.27862333">
        <ele>188.8</ele>
        <time>2025-08-01T17:48:59Z</time>
      </trkpt>
      <trkpt lat="47.48961833" lon="19.27900333">
        <ele>189.1</ele>
        <time>2025-08-01T17:49:00Z</time>
      </trkpt>
      <trkpt lat="47.48978333" lon="19.27939833">
        <ele>188.7</ele>
        <time>2025-08-01T17:49:01Z</time>
      </trkpt>
      <trkpt lat="47.48994333" lon="19.27976667">
        <ele>188.5</ele>
        <time>2025-08-01T17:49:02Z</time>
      </trkpt>
      <trkpt lat="47.49014333" lon="19.28017333">
        <ele>182.3</ele>
        <time>2025-08-01T17:49:03Z</time>
      </trkpt>
      <trkpt lat="47.49029333" lon="19.28055167">
        <ele>182.5</ele>
        <time>2025-08-01T17:49:04Z</time>
      </trkpt>
      <trkpt lat="47.49046333" lon="19.28089333">
        <ele>183</ele>
        <time>2025-08-01T17:49:05Z</time>
      </trkpt>
      <trkpt lat="47.49063333" lon="19.28125333">
        <ele>183.9</ele>
        <time>2025-08-01T17:49:06Z</time>
      </trkpt>
      <trkpt lat="47.49081" lon="19.28162333">
        <ele>186.3</ele>
        <time>2025-08-01T17:49:07Z</time>
      </trkpt>
      <trkpt lat="47.490975" lon="19.28198667">
        <ele>189.3</ele>
        <time>2025-08-01T17:49:08Z</time>
      </trkpt>
      <trkpt lat="47.49112667" lon="19.28231667">
        <ele>190.4</ele>
        <time>2025-08-01T17:49:09Z</time>
      </trkpt>
      <trkpt lat="47.49126833" lon="19.28260167">
        <ele>178.2</ele>
        <time>2025-08-01T17:49:10Z</time>
      </trkpt>
      <trkpt lat="47.49143167" lon="19.28298667">
        <ele>174</ele>
        <time>2025-08-01T17:49:11Z</time>
      </trkpt>
      <trkpt lat="47.491615" lon="19.28334333">
        <ele>181.4</ele>
        <time>2025-08-01T17:49:12Z</time>
      </trkpt>
      <trkpt lat="47.49176167" lon="19.28370167">
        <ele>186.5</ele>
        <time>2025-08-01T17:49:13Z</time>
      </trkpt>
      <trkpt lat="47.491915" lon="19.284075">
        <ele>187.2</ele>
        <time>2025-08-01T17:49:14Z</time>
      </trkpt>
      <trkpt lat="47.49207833" lon="19.28443">
        <ele>187.4</ele>
        <time>2025-08-01T17:49:15Z</time>
      </trkpt>
      <trkpt lat="47.49224667" lon="19.28478333">
        <ele>187.6</ele>
        <time>2025-08-01T17:49:16Z</time>
      </trkpt>
      <trkpt lat="47.49240833" lon="19.28513667">
        <ele>187.5</ele>
        <time>2025-08-01T17:49:17Z</time>
      </trkpt>
      <trkpt lat="47.49257333" lon="19.28549">
        <ele>187.3</ele>
        <time>2025-08-01T17:49:18Z</time>
      </trkpt>
      <trkpt lat="47.49274167" lon="19.28584833">
        <ele>189.2</ele>
        <time>2025-08-01T17:49:19Z</time>
      </trkpt>
      <trkpt lat="47.49290167" lon="19.28621333">
        <ele>189</ele>
        <time>2025-08-01T17:49:20Z</time>
      </trkpt>
      <trkpt lat="47.49302833" lon="19.286595">
        <ele>185.6</ele>
        <time>2025-08-01T17:49:21Z</time>
      </trkpt>
      <trkpt lat="47.49317167" lon="19.28697833">
        <ele>185.2</ele>
        <time>2025-08-01T17:49:22Z</time>
      </trkpt>
      <trkpt lat="47.49331833" lon="19.28739667">
        <ele>186.3</ele>
        <time>2025-08-01T17:49:23Z</time>
      </trkpt>
      <trkpt lat="47.49345333" lon="19.28777167">
        <ele>185.9</ele>
        <time>2025-08-01T17:49:24Z</time>
      </trkpt>
      <trkpt lat="47.49359333" lon="19.28817167">
        <ele>184.4</ele>
        <time>2025-08-01T17:49:25Z</time>
      </trkpt>
      <trkpt lat="47.49372667" lon="19.28857667">
        <ele>184.1</ele>
        <time>2025-08-01T17:49:26Z</time>
      </trkpt>
      <trkpt lat="47.49384333" lon="19.28897667">
        <ele>183.5</ele>
        <time>2025-08-01T17:49:27Z</time>
      </trkpt>
      <trkpt lat="47.49395333" lon="19.28938">
        <ele>182.9</ele>
        <time>2025-08-01T17:49:28Z</time>
      </trkpt>
      <trkpt lat="47.49405167" lon="19.28980667">
        <ele>182.5</ele>
        <time>2025-08-01T17:49:29Z</time>
      </trkpt>
      <trkpt lat="47.49418667" lon="19.290225">
        <ele>182.7</ele>
        <time>2025-08-01T17:49:30Z</time>
      </trkpt>
      <trkpt lat="47.49432667" lon="19.29064667">
        <ele>180.6</ele>
        <time>2025-08-01T17:49:31Z</time>
      </trkpt>
      <trkpt lat="47.49443167" lon="19.291075">
        <ele>180.2</ele>
        <time>2025-08-01T17:49:32Z</time>
      </trkpt>
      <trkpt lat="47.494535" lon="19.29148667">
        <ele>179.3</ele>
        <time>2025-08-01T17:49:33Z</time>
      </trkpt>
      <trkpt lat="47.49463167" lon="19.29189167">
        <ele>178.5</ele>
        <time>2025-08-01T17:49:34Z</time>
      </trkpt>
      <trkpt lat="47.49472333" lon="19.29230833">
        <ele>177.7</ele>
        <time>2025-08-01T17:49:35Z</time>
      </trkpt>
      <trkpt lat="47.49481833" lon="19.292725">
        <ele>176.8</ele>
        <time>2025-08-01T17:49:36Z</time>
      </trkpt>
      <trkpt lat="47.494885" lon="19.293175">
        <ele>174.6</ele>
        <time>2025-08-01T17:49:37Z</time>
      </trkpt>
      <trkpt lat="47.49496" lon="19.29361667">
        <ele>173.5</ele>
        <time>2025-08-01T17:49:38Z</time>
      </trkpt>
      <trkpt lat="47.49500667" lon="19.29404833">
        <ele>166.5</ele>
        <time>2025-08-01T17:49:39Z</time>
      </trkpt>
      <trkpt lat="47.49508333" lon="19.29447667">
        <ele>163.7</ele>
        <time>2025-08-01T17:49:40Z</time>
      </trkpt>
      <trkpt lat="47.49514333" lon="19.29489167">
        <ele>168.8</ele>
        <time>2025-08-01T17:49:41Z</time>
      </trkpt>
      <trkpt lat="47.49520333" lon="19.29531167">
        <ele>170.9</ele>
        <time>2025-08-01T17:49:42Z</time>
      </trkpt>
      <trkpt lat="47.49527167" lon="19.29574667">
        <ele>171.8</ele>
        <time>2025-08-01T17:49:43Z</time>
      </trkpt>
      <trkpt lat="47.49535" lon="19.29616833">
        <ele>171.3</ele>
        <time>2025-08-01T17:49:44Z</time>
      </trkpt>
      <trkpt lat="47.49543333" lon="19.29659">
        <ele>170.7</ele>
        <time>2025-08-01T17:49:45Z</time>
      </trkpt>
      <trkpt lat="47.49551167" lon="19.29701">
        <ele>169.8</ele>
        <time>2025-08-01T17:49:46Z</time>
      </trkpt>
      <trkpt lat="47.49559667" lon="19.29743">
        <ele>169.1</ele>
        <time>2025-08-01T17:49:47Z</time>
      </trkpt>
      <trkpt lat="47.49567833" lon="19.29785167">
        <ele>168.5</ele>
        <time>2025-08-01T17:49:48Z</time>
      </trkpt>
      <trkpt lat="47.49576333" lon="19.29827333">
        <ele>167.9</ele>
        <time>2025-08-01T17:49:49Z</time>
      </trkpt>
      <trkpt lat="47.49584" lon="19.298695">
        <ele>167.3</ele>
        <time>2025-08-01T17:49:50Z</time>
      </trkpt>
      <trkpt lat="47.49592333" lon="19.29911667">
        <ele>166.7</ele>
        <time>2025-08-01T17:49:51Z</time>
      </trkpt>
      <trkpt lat="47.49601" lon="19.29953333">
        <ele>166.2</ele>
        <time>2025-08-01T17:49:52Z</time>
      </trkpt>
      <trkpt lat="47.49608833" lon="19.29995333">
        <ele>165.8</ele>
        <time>2025-08-01T17:49:53Z</time>
      </trkpt>
      <trkpt lat="47.49616833" lon="19.30038167">
        <ele>165.3</ele>
        <time>2025-08-01T17:49:54Z</time>
      </trkpt>
      <trkpt lat="47.496245" lon="19.30080833">
        <ele>164.8</ele>
        <time>2025-08-01T17:49:55Z</time>
      </trkpt>
      <trkpt lat="47.49631833" lon="19.30123333">
        <ele>164.3</ele>
        <time>2025-08-01T17:49:56Z</time>
      </trkpt>
      <trkpt lat="47.49639167" lon="19.301655">
        <ele>163.9</ele>
        <time>2025-08-01T17:49:57Z</time>
      </trkpt>
      <trkpt lat="47.49645667" lon="19.30208333">
        <ele>163.3</ele>
        <time>2025-08-01T17:49:58Z</time>
      </trkpt>
      <trkpt lat="47.49651667" lon="19.30250833">
        <ele>162.6</ele>
        <time>2025-08-01T17:49:59Z</time>
      </trkpt>
      <trkpt lat="47.49656833" lon="19.30293833">
        <ele>162.2</ele>
        <time>2025-08-01T17:50:00Z</time>
      </trkpt>
      <trkpt lat="47.49663" lon="19.30336167">
        <ele>164.5</ele>
        <time>2025-08-01T17:50:01Z</time>
      </trkpt>
      <trkpt lat="47.49668833" lon="19.30378667">
        <ele>163.2</ele>
        <time>2025-08-01T17:50:02Z</time>
      </trkpt>
      <trkpt lat="47.496735" lon="19.30421">
        <ele>165.3</ele>
        <time>2025-08-01T17:50:03Z</time>
      </trkpt>
      <trkpt lat="47.49674833" lon="19.30464">
        <ele>165</ele>
        <time>2025-08-01T17:50:04Z</time>
      </trkpt>
      <trkpt lat="47.49675333" lon="19.30508167">
        <ele>164.4</ele>
        <time>2025-08-01T17:50:05Z</time>
      </trkpt>
      <trkpt lat="47.49675167" lon="19.30552167">
        <ele>164.1</ele>
        <time>2025-08-01T17:50:06Z</time>
      </trkpt>
      <trkpt lat="47.49673333" lon="19.30595167">
        <ele>164</ele>
        <time>2025-08-01T17:50:07Z</time>
      </trkpt>
      <trkpt lat="47.49665833" lon="19.306315">
        <ele>172.8</ele>
        <time>2025-08-01T17:50:08Z</time>
      </trkpt>
      <trkpt lat="47.49664333" lon="19.30675667">
        <ele>172.5</ele>
        <time>2025-08-01T17:50:09Z</time>
      </trkpt>
      <trkpt lat="47.49661167" lon="19.30719667">
        <ele>172.3</ele>
        <time>2025-08-01T17:50:10Z</time>
      </trkpt>
      <trkpt lat="47.49656667" lon="19.30763167">
        <ele>172.4</ele>
        <time>2025-08-01T17:50:11Z</time>
      </trkpt>
      <trkpt lat="47.49652333" lon="19.30809333">
        <ele>173</ele>
        <time>2025-08-01T17:50:12Z</time>
      </trkpt>
      <trkpt lat="47.49647667" lon="19.30852333">
        <ele>173.2</ele>
        <time>2025-08-01T17:50:13Z</time>
      </trkpt>
      <trkpt lat="47.49642667" lon="19.30895667">
        <ele>173.3</ele>
        <time>2025-08-01T17:50:14Z</time>
      </trkpt>
      <trkpt lat="47.49637167" lon="19.30936167">
        <ele>173.3</ele>
        <time>2025-08-01T17:50:15Z</time>
      </trkpt>
      <trkpt lat="47.49630333" lon="19.309775">
        <ele>173.2</ele>
        <time>2025-08-01T17:50:16Z</time>
      </trkpt>
      <trkpt lat="47.49623" lon="19.31018667">
        <ele>173.2</ele>
        <time>2025-08-01T17:50:17Z</time>
      </trkpt>
      <trkpt lat="47.49613667" lon="19.31059333">
        <ele>172.8</ele>
        <time>2025-08-01T17:50:18Z</time>
      </trkpt>
      <trkpt lat="47.49604333" lon="19.31099333">
        <ele>172.7</ele>
        <time>2025-08-01T17:50:19Z</time>
      </trkpt>
      <trkpt lat="47.49594333" lon="19.31141">
        <ele>172.5</ele>
        <time>2025-08-01T17:50:20Z</time>
      </trkpt>
      <trkpt lat="47.49585667" lon="19.31181667">
        <ele>172.3</ele>
        <time>2025-08-01T17:50:21Z</time>
      </trkpt>
      <trkpt lat="47.495775" lon="19.31222">
        <ele>172.4</ele>
        <time>2025-08-01T17:50:22Z</time>
      </trkpt>
      <trkpt lat="47.4957" lon="19.312645">
        <ele>172.4</ele>
        <time>2025-08-01T17:50:23Z</time>
      </trkpt>
      <trkpt lat="47.495625" lon="19.313065">
        <ele>172</ele>
        <time>2025-08-01T17:50:24Z</time>
      </trkpt>
      <trkpt lat="47.49555167" lon="19.313485">
        <ele>171.7</ele>
        <time>2025-08-01T17:50:25Z</time>
      </trkpt>
      <trkpt lat="47.49547167" lon="19.31390333">
        <ele>171.4</ele>
        <time>2025-08-01T17:50:26Z</time>
      </trkpt>
      <trkpt lat="47.495395" lon="19.31432">
        <ele>171.1</ele>
        <time>2025-08-01T17:50:27Z</time>
      </trkpt>
      <trkpt lat="47.49531833" lon="19.31475">
        <ele>170.8</ele>
        <time>2025-08-01T17:50:28Z</time>
      </trkpt>
      <trkpt lat="47.495245" lon="19.31518333">
        <ele>170.5</ele>
        <time>2025-08-01T17:50:29Z</time>
      </trkpt>
      <trkpt lat="47.495175" lon="19.31561">
        <ele>170.2</ele>
        <time>2025-08-01T17:50:30Z</time>
      </trkpt>
      <trkpt lat="47.49511" lon="19.31603667">
        <ele>169.9</ele>
        <time>2025-08-01T17:50:31Z</time>
      </trkpt>
      <trkpt lat="47.49504833" lon="19.31647">
        <ele>169.8</ele>
        <time>2025-08-01T17:50:32Z</time>
      </trkpt>
      <trkpt lat="47.49500333" lon="19.31690333">
        <ele>169.7</ele>
        <time>2025-08-01T17:50:33Z</time>
      </trkpt>
      <trkpt lat="47.49496333" lon="19.31731667">
        <ele>169.2</ele>
        <time>2025-08-01T17:50:34Z</time>
      </trkpt>
      <trkpt lat="47.49492333" lon="19.31775">
        <ele>169.2</ele>
        <time>2025-08-01T17:50:35Z</time>
      </trkpt>
      <trkpt lat="47.49489" lon="19.31819">
        <ele>169.5</ele>
        <time>2025-08-01T17:50:36Z</time>
      </trkpt>
      <trkpt lat="47.494855" lon="19.31863167">
        <ele>170</ele>
        <time>2025-08-01T17:50:37Z</time>
      </trkpt>
      <trkpt lat="47.49482167" lon="19.319065">
        <ele>169.8</ele>
        <time>2025-08-01T17:50:38Z</time>
      </trkpt>
      <trkpt lat="47.49478" lon="19.31949167">
        <ele>169.5</ele>
        <time>2025-08-01T17:50:39Z</time>
      </trkpt>
      <trkpt lat="47.49474667" lon="19.31992">
        <ele>169.3</ele>
        <time>2025-08-01T17:50:40Z</time>
      </trkpt>
      <trkpt lat="47.494715" lon="19.32035833">
        <ele>169.3</ele>
        <time>2025-08-01T17:50:41Z</time>
      </trkpt>
      <trkpt lat="47.49468167" lon="19.32080167">
        <ele>181.8</ele>
        <time>2025-08-01T17:50:42Z</time>
      </trkpt>
      <trkpt lat="47.49464" lon="19.32121">
        <ele>190</ele>
        <time>2025-08-01T17:50:43Z</time>
      </trkpt>
      <trkpt lat="47.49460833" lon="19.32164667">
        <ele>190.1</ele>
        <time>2025-08-01T17:50:44Z</time>
      </trkpt>
      <trkpt lat="47.49457667" lon="19.32208333">
        <ele>190.1</ele>
        <time>2025-08-01T17:50:45Z</time>
      </trkpt>
      <trkpt lat="47.49455167" lon="19.322515">
        <ele>190.1</ele>
        <time>2025-08-01T17:50:46Z</time>
      </trkpt>
      <trkpt lat="47.49452167" lon="19.322945">
        <ele>190.1</ele>
        <time>2025-08-01T17:50:47Z</time>
      </trkpt>
      <trkpt lat="47.49449167" lon="19.323365">
        <ele>195.2</ele>
        <time>2025-08-01T17:50:48Z</time>
      </trkpt>
      <trkpt lat="47.49449" lon="19.32375">
        <ele>198.2</ele>
        <time>2025-08-01T17:50:49Z</time>
      </trkpt>
      <trkpt lat="47.49447333" lon="19.32418167">
        <ele>197</ele>
        <time>2025-08-01T17:50:50Z</time>
      </trkpt>
      <trkpt lat="47.49444667" lon="19.32461667">
        <ele>197.2</ele>
        <time>2025-08-01T17:50:51Z</time>
      </trkpt>
      <trkpt lat="47.49441667" lon="19.32504833">
        <ele>197.7</ele>
        <time>2025-08-01T17:50:52Z</time>
      </trkpt>
      <trkpt lat="47.49438833" lon="19.32547333">
        <ele>198</ele>
        <time>2025-08-01T17:50:53Z</time>
      </trkpt>
      <trkpt lat="47.494365" lon="19.32589833">
        <ele>198.6</ele>
        <time>2025-08-01T17:50:54Z</time>
      </trkpt>
      <trkpt lat="47.49433833" lon="19.32632">
        <ele>199.3</ele>
        <time>2025-08-01T17:50:55Z</time>
      </trkpt>
      <trkpt lat="47.49431333" lon="19.326735">
        <ele>199.7</ele>
        <time>2025-08-01T17:50:56Z</time>
      </trkpt>
      <trkpt lat="47.49429" lon="19.32714167">
        <ele>200.3</ele>
        <time>2025-08-01T17:50:57Z</time>
      </trkpt>
      <trkpt lat="47.49426667" lon="19.32754333">
        <ele>200.6</ele>
        <time>2025-08-01T17:50:58Z</time>
      </trkpt>
      <trkpt lat="47.49425167" lon="19.32795">
        <ele>201.6</ele>
        <time>2025-08-01T17:50:59Z</time>
      </trkpt>
      <trkpt lat="47.49423667" lon="19.32833333">
        <ele>201.9</ele>
        <time>2025-08-01T17:51:00Z</time>
      </trkpt>
      <trkpt lat="47.49420167" lon="19.32875167">
        <ele>201.6</ele>
        <time>2025-08-01T17:51:01Z</time>
      </trkpt>
      <trkpt lat="47.49417167" lon="19.32915833">
        <ele>200.9</ele>
        <time>2025-08-01T17:51:02Z</time>
      </trkpt>
      <trkpt lat="47.49413667" lon="19.32955833">
        <ele>200.7</ele>
        <time>2025-08-01T17:51:03Z</time>
      </trkpt>
      <trkpt lat="47.49409667" lon="19.329945">
        <ele>201.1</ele>
        <time>2025-08-01T17:51:04Z</time>
      </trkpt>
      <trkpt lat="47.494065" lon="19.33031333">
        <ele>200.9</ele>
        <time>2025-08-01T17:51:05Z</time>
      </trkpt>
      <trkpt lat="47.49403" lon="19.33067667">
        <ele>201</ele>
        <time>2025-08-01T17:51:06Z</time>
      </trkpt>
      <trkpt lat="47.49400333" lon="19.33103667">
        <ele>201.1</ele>
        <time>2025-08-01T17:51:07Z</time>
      </trkpt>
      <trkpt lat="47.49397833" lon="19.33139167">
        <ele>201.3</ele>
        <time>2025-08-01T17:51:08Z</time>
      </trkpt>
      <trkpt lat="47.49395" lon="19.331745">
        <ele>201.5</ele>
        <time>2025-08-01T17:51:09Z</time>
      </trkpt>
      <trkpt lat="47.49392667" lon="19.33210167">
        <ele>201.5</ele>
        <time>2025-08-01T17:51:10Z</time>
      </trkpt>
      <trkpt lat="47.49390667" lon="19.33245333">
        <ele>201.7</ele>
        <time>2025-08-01T17:51:11Z</time>
      </trkpt>
      <trkpt lat="47.49388333" lon="19.33281333">
        <ele>202</ele>
        <time>2025-08-01T17:51:12Z</time>
      </trkpt>
      <trkpt lat="47.49386667" lon="19.33317333">
        <ele>202.4</ele>
        <time>2025-08-01T17:51:13Z</time>
      </trkpt>
      <trkpt lat="47.49386833" lon="19.333585">
        <ele>206.6</ele>
        <time>2025-08-01T17:51:14Z</time>
      </trkpt>
      <trkpt lat="47.49385167" lon="19.33392833">
        <ele>206.7</ele>
        <time>2025-08-01T17:51:15Z</time>
      </trkpt>
      <trkpt lat="47.493835" lon="19.33427833">
        <ele>206.9</ele>
        <time>2025-08-01T17:51:16Z</time>
      </trkpt>
      <trkpt lat="47.493815" lon="19.33462833">
        <ele>207.2</ele>
        <time>2025-08-01T17:51:17Z</time>
      </trkpt>
      <trkpt lat="47.49379667" lon="19.33497667">
        <ele>207</ele>
        <time>2025-08-01T17:51:18Z</time>
      </trkpt>
      <trkpt lat="47.49377833" lon="19.33531667">
        <ele>204.3</ele>
        <time>2025-08-01T17:51:19Z</time>
      </trkpt>
      <trkpt lat="47.49377333" lon="19.33569">
        <ele>203.9</ele>
        <time>2025-08-01T17:51:20Z</time>
      </trkpt>
      <trkpt lat="47.49376667" lon="19.33604833">
        <ele>204</ele>
        <time>2025-08-01T17:51:21Z</time>
      </trkpt>
      <trkpt lat="47.49375333" lon="19.336415">
        <ele>204</ele>
        <time>2025-08-01T17:51:22Z</time>
      </trkpt>
      <trkpt lat="47.49374167" lon="19.33677333">
        <ele>204.2</ele>
        <time>2025-08-01T17:51:23Z</time>
      </trkpt>
      <trkpt lat="47.49372833" lon="19.33712167">
        <ele>204.3</ele>
        <time>2025-08-01T17:51:24Z</time>
      </trkpt>
      <trkpt lat="47.49371667" lon="19.33748167">
        <ele>205</ele>
        <time>2025-08-01T17:51:25Z</time>
      </trkpt>
      <trkpt lat="47.49371167" lon="19.33785167">
        <ele>205.8</ele>
        <time>2025-08-01T17:51:26Z</time>
      </trkpt>
      <trkpt lat="47.493715" lon="19.33819833">
        <ele>210.8</ele>
        <time>2025-08-01T17:51:27Z</time>
      </trkpt>
      <trkpt lat="47.49372333" lon="19.33856167">
        <ele>211.4</ele>
        <time>2025-08-01T17:51:28Z</time>
      </trkpt>
      <trkpt lat="47.49373667" lon="19.33892167">
        <ele>213</ele>
        <time>2025-08-01T17:51:29Z</time>
      </trkpt>
      <trkpt lat="47.49373667" lon="19.33927167">
        <ele>210</ele>
        <time>2025-08-01T17:51:30Z</time>
      </trkpt>
      <trkpt lat="47.49373167" lon="19.33961833">
        <ele>210.4</ele>
        <time>2025-08-01T17:51:31Z</time>
      </trkpt>
      <trkpt lat="47.49372667" lon="19.33997667">
        <ele>211.3</ele>
        <time>2025-08-01T17:51:32Z</time>
      </trkpt>
      <trkpt lat="47.49372833" lon="19.34033667">
        <ele>212</ele>
        <time>2025-08-01T17:51:33Z</time>
      </trkpt>
      <trkpt lat="47.49373333" lon="19.34070167">
        <ele>212.8</ele>
        <time>2025-08-01T17:51:34Z</time>
      </trkpt>
      <trkpt lat="47.49373333" lon="19.34105667">
        <ele>212.6</ele>
        <time>2025-08-01T17:51:35Z</time>
      </trkpt>
      <trkpt lat="47.49373167" lon="19.341415">
        <ele>213.8</ele>
        <time>2025-08-01T17:51:36Z</time>
      </trkpt>
      <trkpt lat="47.49373" lon="19.341775">
        <ele>214.6</ele>
        <time>2025-08-01T17:51:37Z</time>
      </trkpt>
      <trkpt lat="47.49372167" lon="19.34211833">
        <ele>216</ele>
        <time>2025-08-01T17:51:38Z</time>
      </trkpt>
      <trkpt lat="47.49372833" lon="19.34248667">
        <ele>216.3</ele>
        <time>2025-08-01T17:51:39Z</time>
      </trkpt>
      <trkpt lat="47.49374333" lon="19.34287333">
        <ele>213.4</ele>
        <time>2025-08-01T17:51:40Z</time>
      </trkpt>
      <trkpt lat="47.493745" lon="19.34324">
        <ele>213.8</ele>
        <time>2025-08-01T17:51:41Z</time>
      </trkpt>
      <trkpt lat="47.493745" lon="19.34360333">
        <ele>214.1</ele>
        <time>2025-08-01T17:51:42Z</time>
      </trkpt>
      <trkpt lat="47.493745" lon="19.34397167">
        <ele>214.3</ele>
        <time>2025-08-01T17:51:43Z</time>
      </trkpt>
      <trkpt lat="47.49374833" lon="19.34433833">
        <ele>214.2</ele>
        <time>2025-08-01T17:51:44Z</time>
      </trkpt>
      <trkpt lat="47.49374667" lon="19.34471333">
        <ele>214.3</ele>
        <time>2025-08-01T17:51:45Z</time>
      </trkpt>
      <trkpt lat="47.49374667" lon="19.345085">
        <ele>210.7</ele>
        <time>2025-08-01T17:51:46Z</time>
      </trkpt>
      <trkpt lat="47.493745" lon="19.34545167">
        <ele>208.4</ele>
        <time>2025-08-01T17:51:47Z</time>
      </trkpt>
      <trkpt lat="47.49375167" lon="19.34581333">
        <ele>208.8</ele>
        <time>2025-08-01T17:51:48Z</time>
      </trkpt>
      <trkpt lat="47.49375833" lon="19.34617667">
        <ele>209.5</ele>
        <time>2025-08-01T17:51:49Z</time>
      </trkpt>
      <trkpt lat="47.49376833" lon="19.34654">
        <ele>209.4</ele>
        <time>2025-08-01T17:51:50Z</time>
      </trkpt>
      <trkpt lat="47.49378333" lon="19.346905">
        <ele>209</ele>
        <time>2025-08-01T17:51:51Z</time>
      </trkpt>
      <trkpt lat="47.49381333" lon="19.34728333">
        <ele>209</ele>
        <time>2025-08-01T17:51:52Z</time>
      </trkpt>
      <trkpt lat="47.493855" lon="19.34763167">
        <ele>209.2</ele>
        <time>2025-08-01T17:51:53Z</time>
      </trkpt>
      <trkpt lat="47.49391333" lon="19.347985">
        <ele>209.4</ele>
        <time>2025-08-01T17:51:54Z</time>
      </trkpt>
      <trkpt lat="47.49398" lon="19.34833167">
        <ele>209.4</ele>
        <time>2025-08-01T17:51:55Z</time>
      </trkpt>
      <trkpt lat="47.49405" lon="19.34868167">
        <ele>209.5</ele>
        <time>2025-08-01T17:51:56Z</time>
      </trkpt>
      <trkpt lat="47.494135" lon="19.34902333">
        <ele>209.7</ele>
        <time>2025-08-01T17:51:57Z</time>
      </trkpt>
      <trkpt lat="47.49422167" lon="19.34935667">
        <ele>209.8</ele>
        <time>2025-08-01T17:51:58Z</time>
      </trkpt>
      <trkpt lat="47.49430333" lon="19.34969333">
        <ele>210</ele>
        <time>2025-08-01T17:51:59Z</time>
      </trkpt>
      <trkpt lat="47.494385" lon="19.35003333">
        <ele>209.9</ele>
        <time>2025-08-01T17:52:00Z</time>
      </trkpt>
      <trkpt lat="47.49445833" lon="19.35037667">
        <ele>209.9</ele>
        <time>2025-08-01T17:52:01Z</time>
      </trkpt>
      <trkpt lat="47.494525" lon="19.35072833">
        <ele>209.8</ele>
        <time>2025-08-01T17:52:02Z</time>
      </trkpt>
      <trkpt lat="47.49461667" lon="19.35116833">
        <ele>197.6</ele>
        <time>2025-08-01T17:52:03Z</time>
      </trkpt>
      <trkpt lat="47.49467667" lon="19.351535">
        <ele>197.1</ele>
        <time>2025-08-01T17:52:04Z</time>
      </trkpt>
      <trkpt lat="47.49473667" lon="19.35194333">
        <ele>195.4</ele>
        <time>2025-08-01T17:52:05Z</time>
      </trkpt>
      <trkpt lat="47.49478333" lon="19.35233333">
        <ele>193.5</ele>
        <time>2025-08-01T17:52:06Z</time>
      </trkpt>
      <trkpt lat="47.49480833" lon="19.352675">
        <ele>189.9</ele>
        <time>2025-08-01T17:52:07Z</time>
      </trkpt>
      <trkpt lat="47.49482667" lon="19.35304167">
        <ele>190</ele>
        <time>2025-08-01T17:52:08Z</time>
      </trkpt>
      <trkpt lat="47.49479667" lon="19.35337833">
        <ele>197.5</ele>
        <time>2025-08-01T17:52:09Z</time>
      </trkpt>
      <trkpt lat="47.49476667" lon="19.35371667">
        <ele>194.6</ele>
        <time>2025-08-01T17:52:10Z</time>
      </trkpt>
      <trkpt lat="47.49473833" lon="19.35404833">
        <ele>193</ele>
        <time>2025-08-01T17:52:11Z</time>
      </trkpt>
      <trkpt lat="47.49471667" lon="19.3544">
        <ele>191.9</ele>
        <time>2025-08-01T17:52:12Z</time>
      </trkpt>
      <trkpt lat="47.49470333" lon="19.35477167">
        <ele>191</ele>
        <time>2025-08-01T17:52:13Z</time>
      </trkpt>
      <trkpt lat="47.49469833" lon="19.35513">
        <ele>193.5</ele>
        <time>2025-08-01T17:52:14Z</time>
      </trkpt>
      <trkpt lat="47.49468" lon="19.355495">
        <ele>193.5</ele>
        <time>2025-08-01T17:52:15Z</time>
      </trkpt>
      <trkpt lat="47.49467" lon="19.35585">
        <ele>193.5</ele>
        <time>2025-08-01T17:52:16Z</time>
      </trkpt>
      <trkpt lat="47.49464833" lon="19.356235">
        <ele>196.7</ele>
        <time>2025-08-01T17:52:17Z</time>
      </trkpt>
      <trkpt lat="47.494625" lon="19.356595">
        <ele>196.7</ele>
        <time>2025-08-01T17:52:18Z</time>
      </trkpt>
      <trkpt lat="47.49457" lon="19.356965">
        <ele>199.5</ele>
        <time>2025-08-01T17:52:19Z</time>
      </trkpt>
      <trkpt lat="47.49454167" lon="19.35732667">
        <ele>199.4</ele>
        <time>2025-08-01T17:52:20Z</time>
      </trkpt>
      <trkpt lat="47.49451667" lon="19.35767667">
        <ele>200.5</ele>
        <time>2025-08-01T17:52:21Z</time>
      </trkpt>
      <trkpt lat="47.49449833" lon="19.35802167">
        <ele>202.7</ele>
        <time>2025-08-01T17:52:22Z</time>
      </trkpt>
      <trkpt lat="47.49448167" lon="19.35838">
        <ele>203.1</ele>
        <time>2025-08-01T17:52:23Z</time>
      </trkpt>
      <trkpt lat="47.49446" lon="19.35873833">
        <ele>203.6</ele>
        <time>2025-08-01T17:52:24Z</time>
      </trkpt>
      <trkpt lat="47.49443667" lon="19.35909667">
        <ele>204.1</ele>
        <time>2025-08-01T17:52:25Z</time>
      </trkpt>
      <trkpt lat="47.49441667" lon="19.35946167">
        <ele>204.4</ele>
        <time>2025-08-01T17:52:26Z</time>
      </trkpt>
      <trkpt lat="47.49439833" lon="19.35981167">
        <ele>205</ele>
        <time>2025-08-01T17:52:27Z</time>
      </trkpt>
      <trkpt lat="47.49438333" lon="19.36016333">
        <ele>205.4</ele>
        <time>2025-08-01T17:52:28Z</time>
      </trkpt>
      <trkpt lat="47.49437" lon="19.36052167">
        <ele>205.8</ele>
        <time>2025-08-01T17:52:29Z</time>
      </trkpt>
      <trkpt lat="47.49435333" lon="19.360885">
        <ele>206.3</ele>
        <time>2025-08-01T17:52:30Z</time>
      </trkpt>
      <trkpt lat="47.49433167" lon="19.361245">
        <ele>206.7</ele>
        <time>2025-08-01T17:52:31Z</time>
      </trkpt>
      <trkpt lat="47.49431167" lon="19.36161">
        <ele>207.2</ele>
        <time>2025-08-01T17:52:32Z</time>
      </trkpt>
      <trkpt lat="47.494285" lon="19.36197167">
        <ele>207.5</ele>
        <time>2025-08-01T17:52:33Z</time>
      </trkpt>
      <trkpt lat="47.494265" lon="19.36232667">
        <ele>207.7</ele>
        <time>2025-08-01T17:52:34Z</time>
      </trkpt>
      <trkpt lat="47.49426" lon="19.362665">
        <ele>207.9</ele>
        <time>2025-08-01T17:52:35Z</time>
      </trkpt>
      <trkpt lat="47.49427333" lon="19.36302333">
        <ele>207.2</ele>
        <time>2025-08-01T17:52:36Z</time>
      </trkpt>
      <trkpt lat="47.49427167" lon="19.36337667">
        <ele>207.5</ele>
        <time>2025-08-01T17:52:37Z</time>
      </trkpt>
      <trkpt lat="47.49428" lon="19.36372667">
        <ele>208</ele>
        <time>2025-08-01T17:52:38Z</time>
      </trkpt>
      <trkpt lat="47.49429333" lon="19.36408333">
        <ele>208.3</ele>
        <time>2025-08-01T17:52:39Z</time>
      </trkpt>
      <trkpt lat="47.49432" lon="19.36445667">
        <ele>211.7</ele>
        <time>2025-08-01T17:52:40Z</time>
      </trkpt>
      <trkpt lat="47.49435" lon="19.36483167">
        <ele>211.3</ele>
        <time>2025-08-01T17:52:41Z</time>
      </trkpt>
      <trkpt lat="47.494385" lon="19.36521333">
        <ele>211.3</ele>
        <time>2025-08-01T17:52:42Z</time>
      </trkpt>
      <trkpt lat="47.494435" lon="19.36558">
        <ele>211.8</ele>
        <time>2025-08-01T17:52:43Z</time>
      </trkpt>
      <trkpt lat="47.4945" lon="19.36593333">
        <ele>212.2</ele>
        <time>2025-08-01T17:52:44Z</time>
      </trkpt>
      <trkpt lat="47.49456833" lon="19.36623167">
        <ele>214.7</ele>
        <time>2025-08-01T17:52:45Z</time>
      </trkpt>
      <trkpt lat="47.49466167" lon="19.36652">
        <ele>213.7</ele>
        <time>2025-08-01T17:52:46Z</time>
      </trkpt>
      <trkpt lat="47.49474667" lon="19.36682333">
        <ele>211.8</ele>
        <time>2025-08-01T17:52:47Z</time>
      </trkpt>
      <trkpt lat="47.49484667" lon="19.36714833">
        <ele>212.2</ele>
        <time>2025-08-01T17:52:48Z</time>
      </trkpt>
      <trkpt lat="47.49496" lon="19.36748833">
        <ele>215.5</ele>
        <time>2025-08-01T17:52:49Z</time>
      </trkpt>
      <trkpt lat="47.49508333" lon="19.36779833">
        <ele>216.2</ele>
        <time>2025-08-01T17:52:50Z</time>
      </trkpt>
      <trkpt lat="47.49527" lon="19.36815">
        <ele>219.3</ele>
        <time>2025-08-01T17:52:51Z</time>
      </trkpt>
      <trkpt lat="47.49543333" lon="19.368435">
        <ele>223.1</ele>
        <time>2025-08-01T17:52:52Z</time>
      </trkpt>
      <trkpt lat="47.49559667" lon="19.36871333">
        <ele>221.8</ele>
        <time>2025-08-01T17:52:53Z</time>
      </trkpt>
      <trkpt lat="47.49576" lon="19.368985">
        <ele>222.3</ele>
        <time>2025-08-01T17:52:54Z</time>
      </trkpt>
      <trkpt lat="47.495925" lon="19.36928167">
        <ele>217.4</ele>
        <time>2025-08-01T17:52:55Z</time>
      </trkpt>
      <trkpt lat="47.496105" lon="19.36954833">
        <ele>218.1</ele>
        <time>2025-08-01T17:52:56Z</time>
      </trkpt>
      <trkpt lat="47.496295" lon="19.36979833">
        <ele>218.4</ele>
        <time>2025-08-01T17:52:57Z</time>
      </trkpt>
      <trkpt lat="47.49647167" lon="19.37011667">
        <ele>209.3</ele>
        <time>2025-08-01T17:52:58Z</time>
      </trkpt>
      <trkpt lat="47.496665" lon="19.37033333">
        <ele>209.9</ele>
        <time>2025-08-01T17:52:59Z</time>
      </trkpt>
      <trkpt lat="47.49684333" lon="19.37054667">
        <ele>208.8</ele>
        <time>2025-08-01T17:53:00Z</time>
      </trkpt>
      <trkpt lat="47.49704" lon="19.37072833">
        <ele>211.9</ele>
        <time>2025-08-01T17:53:01Z</time>
      </trkpt>
      <trkpt lat="47.49722333" lon="19.37088667">
        <ele>215.2</ele>
        <time>2025-08-01T17:53:02Z</time>
      </trkpt>
      <trkpt lat="47.49744667" lon="19.37104833">
        <ele>215.6</ele>
        <time>2025-08-01T17:53:03Z</time>
      </trkpt>
      <trkpt lat="47.4977" lon="19.37121">
        <ele>223.9</ele>
        <time>2025-08-01T17:53:04Z</time>
      </trkpt>
      <trkpt lat="47.49793" lon="19.37134">
        <ele>224.3</ele>
        <time>2025-08-01T17:53:05Z</time>
      </trkpt>
      <trkpt lat="47.49815833" lon="19.37145333">
        <ele>224.7</ele>
        <time>2025-08-01T17:53:06Z</time>
      </trkpt>
      <trkpt lat="47.49839833" lon="19.371555">
        <ele>225.1</ele>
        <time>2025-08-01T17:53:07Z</time>
      </trkpt>
      <trkpt lat="47.49864" lon="19.37163167">
        <ele>225.4</ele>
        <time>2025-08-01T17:53:08Z</time>
      </trkpt>
      <trkpt lat="47.49887833" lon="19.37169333">
        <ele>225.7</ele>
        <time>2025-08-01T17:53:09Z</time>
      </trkpt>
      <trkpt lat="47.49912" lon="19.37176167">
        <ele>226.3</ele>
        <time>2025-08-01T17:53:10Z</time>
      </trkpt>
      <trkpt lat="47.49936333" lon="19.37181333">
        <ele>226.8</ele>
        <time>2025-08-01T17:53:11Z</time>
      </trkpt>
      <trkpt lat="47.49960167" lon="19.37185167">
        <ele>221.4</ele>
        <time>2025-08-01T17:53:12Z</time>
      </trkpt>
      <trkpt lat="47.499845" lon="19.37189833">
        <ele>221.7</ele>
        <time>2025-08-01T17:53:13Z</time>
      </trkpt>
      <trkpt lat="47.50009" lon="19.37193333">
        <ele>222.3</ele>
        <time>2025-08-01T17:53:14Z</time>
      </trkpt>
      <trkpt lat="47.50036333" lon="19.37193">
        <ele>224</ele>
        <time>2025-08-01T17:53:15Z</time>
      </trkpt>
      <trkpt lat="47.50061167" lon="19.371965">
        <ele>224.6</ele>
        <time>2025-08-01T17:53:16Z</time>
      </trkpt>
      <trkpt lat="47.50086" lon="19.372">
        <ele>225</ele>
        <time>2025-08-01T17:53:17Z</time>
      </trkpt>
      <trkpt lat="47.50111333" lon="19.372045">
        <ele>225.4</ele>
        <time>2025-08-01T17:53:18Z</time>
      </trkpt>
      <trkpt lat="47.50137167" lon="19.37208333">
        <ele>225.6</ele>
        <time>2025-08-01T17:53:19Z</time>
      </trkpt>
      <trkpt lat="47.50162167" lon="19.37212333">
        <ele>225.9</ele>
        <time>2025-08-01T17:53:20Z</time>
      </trkpt>
      <trkpt lat="47.50188167" lon="19.37215833">
        <ele>219.9</ele>
        <time>2025-08-01T17:53:21Z</time>
      </trkpt>
      <trkpt lat="47.50213167" lon="19.372165">
        <ele>220.3</ele>
        <time>2025-08-01T17:53:22Z</time>
      </trkpt>
      <trkpt lat="47.50239833" lon="19.37212167">
        <ele>226.5</ele>
        <time>2025-08-01T17:53:23Z</time>
      </trkpt>
      <trkpt lat="47.50266667" lon="19.37211667">
        <ele>227.1</ele>
        <time>2025-08-01T17:53:24Z</time>
      </trkpt>
      <trkpt lat="47.50291" lon="19.37211333">
        <ele>228.3</ele>
        <time>2025-08-01T17:53:25Z</time>
      </trkpt>
      <trkpt lat="47.50314" lon="19.37212167">
        <ele>224.4</ele>
        <time>2025-08-01T17:53:26Z</time>
      </trkpt>
      <trkpt lat="47.50337333" lon="19.37211667">
        <ele>224.4</ele>
        <time>2025-08-01T17:53:27Z</time>
      </trkpt>
      <trkpt lat="47.50360167" lon="19.37214667">
        <ele>218.5</ele>
        <time>2025-08-01T17:53:28Z</time>
      </trkpt>
      <trkpt lat="47.50382667" lon="19.37221">
        <ele>209.6</ele>
        <time>2025-08-01T17:53:29Z</time>
      </trkpt>
      <trkpt lat="47.50406833" lon="19.372235">
        <ele>203.8</ele>
        <time>2025-08-01T17:53:30Z</time>
      </trkpt>
      <trkpt lat="47.50431333" lon="19.37224833">
        <ele>200.8</ele>
        <time>2025-08-01T17:53:31Z</time>
      </trkpt>
      <trkpt lat="47.50455333" lon="19.37224833">
        <ele>197.1</ele>
        <time>2025-08-01T17:53:32Z</time>
      </trkpt>
      <trkpt lat="47.504795" lon="19.37221833">
        <ele>196.7</ele>
        <time>2025-08-01T17:53:33Z</time>
      </trkpt>
      <trkpt lat="47.50503667" lon="19.37218167">
        <ele>197.2</ele>
        <time>2025-08-01T17:53:34Z</time>
      </trkpt>
      <trkpt lat="47.50528167" lon="19.37212833">
        <ele>197</ele>
        <time>2025-08-01T17:53:35Z</time>
      </trkpt>
      <trkpt lat="47.505515" lon="19.37206833">
        <ele>202.8</ele>
        <time>2025-08-01T17:53:36Z</time>
      </trkpt>
      <trkpt lat="47.50576167" lon="19.37201">
        <ele>203</ele>
        <time>2025-08-01T17:53:37Z</time>
      </trkpt>
      <trkpt lat="47.506" lon="19.37193833">
        <ele>199.3</ele>
        <time>2025-08-01T17:53:38Z</time>
      </trkpt>
      <trkpt lat="47.50623667" lon="19.37186833">
        <ele>198.3</ele>
        <time>2025-08-01T17:53:39Z</time>
      </trkpt>
      <trkpt lat="47.50648167" lon="19.37179">
        <ele>195.4</ele>
        <time>2025-08-01T17:53:40Z</time>
      </trkpt>
      <trkpt lat="47.50673667" lon="19.371715">
        <ele>192.7</ele>
        <time>2025-08-01T17:53:41Z</time>
      </trkpt>
      <trkpt lat="47.50698333" lon="19.37164667">
        <ele>190.6</ele>
        <time>2025-08-01T17:53:42Z</time>
      </trkpt>
      <trkpt lat="47.507225" lon="19.37156833">
        <ele>190.3</ele>
        <time>2025-08-01T17:53:43Z</time>
      </trkpt>
      <trkpt lat="47.50747667" lon="19.37147667">
        <ele>188.5</ele>
        <time>2025-08-01T17:53:44Z</time>
      </trkpt>
      <trkpt lat="47.50772667" lon="19.37138667">
        <ele>187.1</ele>
        <time>2025-08-01T17:53:45Z</time>
      </trkpt>
      <trkpt lat="47.50797" lon="19.371315">
        <ele>186.7</ele>
        <time>2025-08-01T17:53:46Z</time>
      </trkpt>
      <trkpt lat="47.508215" lon="19.37124667">
        <ele>186.5</ele>
        <time>2025-08-01T17:53:47Z</time>
      </trkpt>
      <trkpt lat="47.50845833" lon="19.37117">
        <ele>186.4</ele>
        <time>2025-08-01T17:53:48Z</time>
      </trkpt>
      <trkpt lat="47.5087" lon="19.37108333">
        <ele>186.2</ele>
        <time>2025-08-01T17:53:49Z</time>
      </trkpt>
      <trkpt lat="47.50893333" lon="19.37099167">
        <ele>186.2</ele>
        <time>2025-08-01T17:53:50Z</time>
      </trkpt>
      <trkpt lat="47.50918167" lon="19.37089833">
        <ele>185.7</ele>
        <time>2025-08-01T17:53:51Z</time>
      </trkpt>
      <trkpt lat="47.509425" lon="19.37079833">
        <ele>185.5</ele>
        <time>2025-08-01T17:53:52Z</time>
      </trkpt>
      <trkpt lat="47.50966667" lon="19.37070667">
        <ele>185.2</ele>
        <time>2025-08-01T17:53:53Z</time>
      </trkpt>
      <trkpt lat="47.509905" lon="19.37060833">
        <ele>184</ele>
        <time>2025-08-01T17:53:54Z</time>
      </trkpt>
      <trkpt lat="47.51013667" lon="19.37051167">
        <ele>183</ele>
        <time>2025-08-01T17:53:55Z</time>
      </trkpt>
      <trkpt lat="47.51036667" lon="19.37041667">
        <ele>184.1</ele>
        <time>2025-08-01T17:53:56Z</time>
      </trkpt>
      <trkpt lat="47.5106" lon="19.37032167">
        <ele>183.8</ele>
        <time>2025-08-01T17:53:57Z</time>
      </trkpt>
      <trkpt lat="47.51083" lon="19.37022333">
        <ele>183.6</ele>
        <time>2025-08-01T17:53:58Z</time>
      </trkpt>
      <trkpt lat="47.51106667" lon="19.37012333">
        <ele>183.2</ele>
        <time>2025-08-01T17:53:59Z</time>
      </trkpt>
      <trkpt lat="47.51130167" lon="19.37003333">
        <ele>183</ele>
        <time>2025-08-01T17:54:00Z</time>
      </trkpt>
      <trkpt lat="47.51154" lon="19.36994667">
        <ele>182.8</ele>
        <time>2025-08-01T17:54:01Z</time>
      </trkpt>
      <trkpt lat="47.51177333" lon="19.369855">
        <ele>182.7</ele>
        <time>2025-08-01T17:54:02Z</time>
      </trkpt>
      <trkpt lat="47.51201" lon="19.36977167">
        <ele>182.6</ele>
        <time>2025-08-01T17:54:03Z</time>
      </trkpt>
      <trkpt lat="47.51225" lon="19.36968167">
        <ele>182.4</ele>
        <time>2025-08-01T17:54:04Z</time>
      </trkpt>
      <trkpt lat="47.51249167" lon="19.3696">
        <ele>182.3</ele>
        <time>2025-08-01T17:54:05Z</time>
      </trkpt>
      <trkpt lat="47.51272667" lon="19.36952333">
        <ele>182.2</ele>
        <time>2025-08-01T17:54:06Z</time>
      </trkpt>
      <trkpt lat="47.51296333" lon="19.36944">
        <ele>182.1</ele>
        <time>2025-08-01T17:54:07Z</time>
      </trkpt>
      <trkpt lat="47.51320667" lon="19.36936">
        <ele>182.2</ele>
        <time>2025-08-01T17:54:08Z</time>
      </trkpt>
      <trkpt lat="47.51344667" lon="19.36927333">
        <ele>182</ele>
        <time>2025-08-01T17:54:09Z</time>
      </trkpt>
      <trkpt lat="47.51368667" lon="19.369185">
        <ele>181.8</ele>
        <time>2025-08-01T17:54:10Z</time>
      </trkpt>
      <trkpt lat="47.513925" lon="19.36909667">
        <ele>181.5</ele>
        <time>2025-08-01T17:54:11Z</time>
      </trkpt>
      <trkpt lat="47.51415833" lon="19.36900333">
        <ele>181.3</ele>
        <time>2025-08-01T17:54:12Z</time>
      </trkpt>
      <trkpt lat="47.514395" lon="19.36890167">
        <ele>180.9</ele>
        <time>2025-08-01T17:54:13Z</time>
      </trkpt>
      <trkpt lat="47.51464667" lon="19.36881">
        <ele>180.3</ele>
        <time>2025-08-01T17:54:14Z</time>
      </trkpt>
      <trkpt lat="47.51489" lon="19.368725">
        <ele>179.9</ele>
        <time>2025-08-01T17:54:15Z</time>
      </trkpt>
      <trkpt lat="47.51511167" lon="19.36866667">
        <ele>178.7</ele>
        <time>2025-08-01T17:54:16Z</time>
      </trkpt>
      <trkpt lat="47.51533833" lon="19.3686">
        <ele>179.1</ele>
        <time>2025-08-01T17:54:17Z</time>
      </trkpt>
      <trkpt lat="47.51557333" lon="19.368505">
        <ele>178.9</ele>
        <time>2025-08-01T17:54:18Z</time>
      </trkpt>
      <trkpt lat="47.51581" lon="19.36840667">
        <ele>178.7</ele>
        <time>2025-08-01T17:54:19Z</time>
      </trkpt>
      <trkpt lat="47.516045" lon="19.36830833">
        <ele>178.5</ele>
        <time>2025-08-01T17:54:20Z</time>
      </trkpt>
      <trkpt lat="47.51628333" lon="19.36821333">
        <ele>178.2</ele>
        <time>2025-08-01T17:54:21Z</time>
      </trkpt>
      <trkpt lat="47.51652167" lon="19.36811167">
        <ele>178</ele>
        <time>2025-08-01T17:54:22Z</time>
      </trkpt>
      <trkpt lat="47.51675667" lon="19.36800833">
        <ele>177.9</ele>
        <time>2025-08-01T17:54:23Z</time>
      </trkpt>
      <trkpt lat="47.51699333" lon="19.36792">
        <ele>177.7</ele>
        <time>2025-08-01T17:54:24Z</time>
      </trkpt>
      <trkpt lat="47.51723" lon="19.36783333">
        <ele>177.4</ele>
        <time>2025-08-01T17:54:25Z</time>
      </trkpt>
      <trkpt lat="47.51747333" lon="19.36774833">
        <ele>177.2</ele>
        <time>2025-08-01T17:54:26Z</time>
      </trkpt>
      <trkpt lat="47.51771167" lon="19.36766667">
        <ele>177.1</ele>
        <time>2025-08-01T17:54:27Z</time>
      </trkpt>
      <trkpt lat="47.51795333" lon="19.367585">
        <ele>177.3</ele>
        <time>2025-08-01T17:54:28Z</time>
      </trkpt>
      <trkpt lat="47.51819" lon="19.36750833">
        <ele>177.4</ele>
        <time>2025-08-01T17:54:29Z</time>
      </trkpt>
      <trkpt lat="47.518425" lon="19.36743833">
        <ele>177.5</ele>
        <time>2025-08-01T17:54:30Z</time>
      </trkpt>
      <trkpt lat="47.518665" lon="19.36738333">
        <ele>177.7</ele>
        <time>2025-08-01T17:54:31Z</time>
      </trkpt>
      <trkpt lat="47.518905" lon="19.36735833">
        <ele>180.4</ele>
        <time>2025-08-01T17:54:32Z</time>
      </trkpt>
      <trkpt lat="47.51913833" lon="19.36734167">
        <ele>182.4</ele>
        <time>2025-08-01T17:54:33Z</time>
      </trkpt>
      <trkpt lat="47.51937333" lon="19.36732333">
        <ele>182.5</ele>
        <time>2025-08-01T17:54:34Z</time>
      </trkpt>
      <trkpt lat="47.51961333" lon="19.36732">
        <ele>182.6</ele>
        <time>2025-08-01T17:54:35Z</time>
      </trkpt>
      <trkpt lat="47.51985833" lon="19.36730833">
        <ele>182.6</ele>
        <time>2025-08-01T17:54:36Z</time>
      </trkpt>
      <trkpt lat="47.52010333" lon="19.36731">
        <ele>183.3</ele>
        <time>2025-08-01T17:54:37Z</time>
      </trkpt>
      <trkpt lat="47.520345" lon="19.36732333">
        <ele>183.7</ele>
        <time>2025-08-01T17:54:38Z</time>
      </trkpt>
      <trkpt lat="47.52058833" lon="19.36734833">
        <ele>184</ele>
        <time>2025-08-01T17:54:39Z</time>
      </trkpt>
      <trkpt lat="47.52082667" lon="19.36739">
        <ele>184.9</ele>
        <time>2025-08-01T17:54:40Z</time>
      </trkpt>
      <trkpt lat="47.521075" lon="19.36742667">
        <ele>185.5</ele>
        <time>2025-08-01T17:54:41Z</time>
      </trkpt>
      <trkpt lat="47.52131833" lon="19.36746333">
        <ele>186.4</ele>
        <time>2025-08-01T17:54:42Z</time>
      </trkpt>
      <trkpt lat="47.52153333" lon="19.36756">
        <ele>199.7</ele>
        <time>2025-08-01T17:54:43Z</time>
      </trkpt>
      <trkpt lat="47.52176833" lon="19.36763333">
        <ele>204.6</ele>
        <time>2025-08-01T17:54:44Z</time>
      </trkpt>
      <trkpt lat="47.52201333" lon="19.36768">
        <ele>204.9</ele>
        <time>2025-08-01T17:54:45Z</time>
      </trkpt>
      <trkpt lat="47.522265" lon="19.36773">
        <ele>205.1</ele>
        <time>2025-08-01T17:54:46Z</time>
      </trkpt>
      <trkpt lat="47.52250833" lon="19.36778333">
        <ele>205.8</ele>
        <time>2025-08-01T17:54:47Z</time>
      </trkpt>
      <trkpt lat="47.52275333" lon="19.36784667">
        <ele>206.6</ele>
        <time>2025-08-01T17:54:48Z</time>
      </trkpt>
      <trkpt lat="47.52299333" lon="19.36791667">
        <ele>207.4</ele>
        <time>2025-08-01T17:54:49Z</time>
      </trkpt>
      <trkpt lat="47.52323" lon="19.36799833">
        <ele>208</ele>
        <time>2025-08-01T17:54:50Z</time>
      </trkpt>
      <trkpt lat="47.52347" lon="19.368085">
        <ele>208.5</ele>
        <time>2025-08-01T17:54:51Z</time>
      </trkpt>
      <trkpt lat="47.52370667" lon="19.36819167">
        <ele>209.1</ele>
        <time>2025-08-01T17:54:52Z</time>
      </trkpt>
      <trkpt lat="47.52393667" lon="19.36832">
        <ele>209.4</ele>
        <time>2025-08-01T17:54:53Z</time>
      </trkpt>
      <trkpt lat="47.52416333" lon="19.36846333">
        <ele>209.4</ele>
        <time>2025-08-01T17:54:54Z</time>
      </trkpt>
      <trkpt lat="47.52439" lon="19.36861667">
        <ele>209.7</ele>
        <time>2025-08-01T17:54:55Z</time>
      </trkpt>
      <trkpt lat="47.52461" lon="19.36878">
        <ele>210.2</ele>
        <time>2025-08-01T17:54:56Z</time>
      </trkpt>
      <trkpt lat="47.52482" lon="19.36896833">
        <ele>210.7</ele>
        <time>2025-08-01T17:54:57Z</time>
      </trkpt>
      <trkpt lat="47.52502833" lon="19.36917167">
        <ele>212.4</ele>
        <time>2025-08-01T17:54:58Z</time>
      </trkpt>
      <trkpt lat="47.52523167" lon="19.36938333">
        <ele>213.2</ele>
        <time>2025-08-01T17:54:59Z</time>
      </trkpt>
      <trkpt lat="47.52542833" lon="19.36961">
        <ele>214.6</ele>
        <time>2025-08-01T17:55:00Z</time>
      </trkpt>
      <trkpt lat="47.52561333" lon="19.36984667">
        <ele>215.7</ele>
        <time>2025-08-01T17:55:01Z</time>
      </trkpt>
      <trkpt lat="47.52578833" lon="19.37008833">
        <ele>216.9</ele>
        <time>2025-08-01T17:55:02Z</time>
      </trkpt>
      <trkpt lat="47.52595333" lon="19.37035167">
        <ele>217.9</ele>
        <time>2025-08-01T17:55:03Z</time>
      </trkpt>
      <trkpt lat="47.52611333" lon="19.37061333">
        <ele>231.7</ele>
        <time>2025-08-01T17:55:04Z</time>
      </trkpt>
      <trkpt lat="47.52626667" lon="19.37090833">
        <ele>232.6</ele>
        <time>2025-08-01T17:55:05Z</time>
      </trkpt>
      <trkpt lat="47.526405" lon="19.37120333">
        <ele>233.1</ele>
        <time>2025-08-01T17:55:06Z</time>
      </trkpt>
      <trkpt lat="47.52653833" lon="19.371525">
        <ele>234.4</ele>
        <time>2025-08-01T17:55:07Z</time>
      </trkpt>
      <trkpt lat="47.52666" lon="19.37185833">
        <ele>231</ele>
        <time>2025-08-01T17:55:08Z</time>
      </trkpt>
      <trkpt lat="47.52676" lon="19.37219">
        <ele>229.9</ele>
        <time>2025-08-01T17:55:09Z</time>
      </trkpt>
      <trkpt lat="47.52685167" lon="19.37252">
        <ele>229.9</ele>
        <time>2025-08-01T17:55:10Z</time>
      </trkpt>
      <trkpt lat="47.52694333" lon="19.37285333">
        <ele>227.3</ele>
        <time>2025-08-01T17:55:11Z</time>
      </trkpt>
      <trkpt lat="47.52702333" lon="19.37319167">
        <ele>225.4</ele>
        <time>2025-08-01T17:55:12Z</time>
      </trkpt>
      <trkpt lat="47.52709" lon="19.37355">
        <ele>223.1</ele>
        <time>2025-08-01T17:55:13Z</time>
      </trkpt>
      <trkpt lat="47.52714833" lon="19.37389833">
        <ele>223.7</ele>
        <time>2025-08-01T17:55:14Z</time>
      </trkpt>
      <trkpt lat="47.52719167" lon="19.37424833">
        <ele>223.9</ele>
        <time>2025-08-01T17:55:15Z</time>
      </trkpt>
      <trkpt lat="47.52722333" lon="19.37461667">
        <ele>223.7</ele>
        <time>2025-08-01T17:55:16Z</time>
      </trkpt>
      <trkpt lat="47.52723667" lon="19.37497833">
        <ele>225.4</ele>
        <time>2025-08-01T17:55:17Z</time>
      </trkpt>
      <trkpt lat="47.527245" lon="19.37534833">
        <ele>229.1</ele>
        <time>2025-08-01T17:55:18Z</time>
      </trkpt>
      <trkpt lat="47.527245" lon="19.37571333">
        <ele>228.6</ele>
        <time>2025-08-01T17:55:19Z</time>
      </trkpt>
      <trkpt lat="47.52722333" lon="19.37605333">
        <ele>229.4</ele>
        <time>2025-08-01T17:55:20Z</time>
      </trkpt>
      <trkpt lat="47.52719333" lon="19.376415">
        <ele>225.9</ele>
        <time>2025-08-01T17:55:21Z</time>
      </trkpt>
      <trkpt lat="47.52716667" lon="19.37677833">
        <ele>225.8</ele>
        <time>2025-08-01T17:55:22Z</time>
      </trkpt>
      <trkpt lat="47.52710833" lon="19.37713">
        <ele>224.1</ele>
        <time>2025-08-01T17:55:23Z</time>
      </trkpt>
      <trkpt lat="47.52704167" lon="19.37746833">
        <ele>222.8</ele>
        <time>2025-08-01T17:55:24Z</time>
      </trkpt>
      <trkpt lat="47.52697" lon="19.3778">
        <ele>222.2</ele>
        <time>2025-08-01T17:55:25Z</time>
      </trkpt>
      <trkpt lat="47.52688667" lon="19.37812667">
        <ele>221.8</ele>
        <time>2025-08-01T17:55:26Z</time>
      </trkpt>
      <trkpt lat="47.52679" lon="19.37844167">
        <ele>218.7</ele>
        <time>2025-08-01T17:55:27Z</time>
      </trkpt>
      <trkpt lat="47.526705" lon="19.378775">
        <ele>216</ele>
        <time>2025-08-01T17:55:28Z</time>
      </trkpt>
      <trkpt lat="47.52663667" lon="19.379115">
        <ele>218.1</ele>
        <time>2025-08-01T17:55:29Z</time>
      </trkpt>
      <trkpt lat="47.526555" lon="19.37946833">
        <ele>218.3</ele>
        <time>2025-08-01T17:55:30Z</time>
      </trkpt>
      <trkpt lat="47.52647" lon="19.37983167">
        <ele>217.4</ele>
        <time>2025-08-01T17:55:31Z</time>
      </trkpt>
      <trkpt lat="47.52637667" lon="19.38016667">
        <ele>217.8</ele>
        <time>2025-08-01T17:55:32Z</time>
      </trkpt>
      <trkpt lat="47.5263" lon="19.38051">
        <ele>217.5</ele>
        <time>2025-08-01T17:55:33Z</time>
      </trkpt>
      <trkpt lat="47.526235" lon="19.38086">
        <ele>214.7</ele>
        <time>2025-08-01T17:55:34Z</time>
      </trkpt>
      <trkpt lat="47.52617833" lon="19.38118333">
        <ele>216.4</ele>
        <time>2025-08-01T17:55:35Z</time>
      </trkpt>
      <trkpt lat="47.526135" lon="19.38152333">
        <ele>215.6</ele>
        <time>2025-08-01T17:55:36Z</time>
      </trkpt>
      <trkpt lat="47.52609333" lon="19.38184667">
        <ele>218.5</ele>
        <time>2025-08-01T17:55:37Z</time>
      </trkpt>
      <trkpt lat="47.52605833" lon="19.38219">
        <ele>218.2</ele>
        <time>2025-08-01T17:55:38Z</time>
      </trkpt>
      <trkpt lat="47.526035" lon="19.38255">
        <ele>217.8</ele>
        <time>2025-08-01T17:55:39Z</time>
      </trkpt>
      <trkpt lat="47.526025" lon="19.38291167">
        <ele>217.7</ele>
        <time>2025-08-01T17:55:40Z</time>
      </trkpt>
      <trkpt lat="47.526025" lon="19.38328167">
        <ele>217.3</ele>
        <time>2025-08-01T17:55:41Z</time>
      </trkpt>
      <trkpt lat="47.52604" lon="19.38365167">
        <ele>217.1</ele>
        <time>2025-08-01T17:55:42Z</time>
      </trkpt>
      <trkpt lat="47.52606167" lon="19.38400833">
        <ele>216.7</ele>
        <time>2025-08-01T17:55:43Z</time>
      </trkpt>
      <trkpt lat="47.52610167" lon="19.38433167">
        <ele>220.4</ele>
        <time>2025-08-01T17:55:44Z</time>
      </trkpt>
      <trkpt lat="47.52615167" lon="19.38468833">
        <ele>220.5</ele>
        <time>2025-08-01T17:55:45Z</time>
      </trkpt>
      <trkpt lat="47.5262" lon="19.38504167">
        <ele>220.2</ele>
        <time>2025-08-01T17:55:46Z</time>
      </trkpt>
      <trkpt lat="47.52628" lon="19.38540833">
        <ele>214.2</ele>
        <time>2025-08-01T17:55:47Z</time>
      </trkpt>
      <trkpt lat="47.52635167" lon="19.38576833">
        <ele>214.1</ele>
        <time>2025-08-01T17:55:48Z</time>
      </trkpt>
      <trkpt lat="47.52643167" lon="19.38613167">
        <ele>214.1</ele>
        <time>2025-08-01T17:55:49Z</time>
      </trkpt>
      <trkpt lat="47.52654" lon="19.38647667">
        <ele>215.3</ele>
        <time>2025-08-01T17:55:50Z</time>
      </trkpt>
      <trkpt lat="47.526685" lon="19.38686333">
        <ele>211.7</ele>
        <time>2025-08-01T17:55:51Z</time>
      </trkpt>
      <trkpt lat="47.52680667" lon="19.38718333">
        <ele>212.1</ele>
        <time>2025-08-01T17:55:52Z</time>
      </trkpt>
      <trkpt lat="47.52692" lon="19.38750333">
        <ele>216.1</ele>
        <time>2025-08-01T17:55:53Z</time>
      </trkpt>
      <trkpt lat="47.527065" lon="19.38780667">
        <ele>217.5</ele>
        <time>2025-08-01T17:55:54Z</time>
      </trkpt>
      <trkpt lat="47.52721167" lon="19.388095">
        <ele>217.6</ele>
        <time>2025-08-01T17:55:55Z</time>
      </trkpt>
      <trkpt lat="47.52738667" lon="19.38839167">
        <ele>216.6</ele>
        <time>2025-08-01T17:55:56Z</time>
      </trkpt>
      <trkpt lat="47.52755667" lon="19.38865">
        <ele>215.7</ele>
        <time>2025-08-01T17:55:57Z</time>
      </trkpt>
      <trkpt lat="47.52772667" lon="19.38891333">
        <ele>215.9</ele>
        <time>2025-08-01T17:55:58Z</time>
      </trkpt>
      <trkpt lat="47.52789833" lon="19.38916">
        <ele>217.4</ele>
        <time>2025-08-01T17:55:59Z</time>
      </trkpt>
      <trkpt lat="47.52807333" lon="19.38938333">
        <ele>217.9</ele>
        <time>2025-08-01T17:56:00Z</time>
      </trkpt>
      <trkpt lat="47.52825667" lon="19.389605">
        <ele>218.2</ele>
        <time>2025-08-01T17:56:01Z</time>
      </trkpt>
      <trkpt lat="47.528445" lon="19.38983">
        <ele>220.8</ele>
        <time>2025-08-01T17:56:02Z</time>
      </trkpt>
      <trkpt lat="47.52864667" lon="19.39003667">
        <ele>221.2</ele>
        <time>2025-08-01T17:56:03Z</time>
      </trkpt>
      <trkpt lat="47.52885833" lon="19.39024">
        <ele>223.5</ele>
        <time>2025-08-01T17:56:04Z</time>
      </trkpt>
      <trkpt lat="47.52907167" lon="19.39041333">
        <ele>223.6</ele>
        <time>2025-08-01T17:56:05Z</time>
      </trkpt>
      <trkpt lat="47.52929167" lon="19.39058333">
        <ele>223.9</ele>
        <time>2025-08-01T17:56:06Z</time>
      </trkpt>
      <trkpt lat="47.52951167" lon="19.39073">
        <ele>224.4</ele>
        <time>2025-08-01T17:56:07Z</time>
      </trkpt>
      <trkpt lat="47.52974" lon="19.39086">
        <ele>224.7</ele>
        <time>2025-08-01T17:56:08Z</time>
      </trkpt>
      <trkpt lat="47.52997167" lon="19.39098167">
        <ele>225.2</ele>
        <time>2025-08-01T17:56:09Z</time>
      </trkpt>
      <trkpt lat="47.53020833" lon="19.39108167">
        <ele>225.4</ele>
        <time>2025-08-01T17:56:10Z</time>
      </trkpt>
      <trkpt lat="47.530445" lon="19.39117167">
        <ele>225.7</ele>
        <time>2025-08-01T17:56:11Z</time>
      </trkpt>
      <trkpt lat="47.53068667" lon="19.39125167">
        <ele>226</ele>
        <time>2025-08-01T17:56:12Z</time>
      </trkpt>
      <trkpt lat="47.53092333" lon="19.39132833">
        <ele>226.8</ele>
        <time>2025-08-01T17:56:13Z</time>
      </trkpt>
      <trkpt lat="47.53116667" lon="19.39137">
        <ele>227.5</ele>
        <time>2025-08-01T17:56:14Z</time>
      </trkpt>
      <trkpt lat="47.53141667" lon="19.39139333">
        <ele>228.1</ele>
        <time>2025-08-01T17:56:15Z</time>
      </trkpt>
      <trkpt lat="47.53165667" lon="19.39139167">
        <ele>230</ele>
        <time>2025-08-01T17:56:16Z</time>
      </trkpt>
      <trkpt lat="47.531905" lon="19.39138">
        <ele>230.4</ele>
        <time>2025-08-01T17:56:17Z</time>
      </trkpt>
      <trkpt lat="47.53215" lon="19.39136">
        <ele>230.9</ele>
        <time>2025-08-01T17:56:18Z</time>
      </trkpt>
      <trkpt lat="47.53238333" lon="19.39130167">
        <ele>233.7</ele>
        <time>2025-08-01T17:56:19Z</time>
      </trkpt>
      <trkpt lat="47.532635" lon="19.39124167">
        <ele>233.8</ele>
        <time>2025-08-01T17:56:20Z</time>
      </trkpt>
      <trkpt lat="47.53287833" lon="19.39117333">
        <ele>233.9</ele>
        <time>2025-08-01T17:56:21Z</time>
      </trkpt>
      <trkpt lat="47.533115" lon="19.39110667">
        <ele>232.1</ele>
        <time>2025-08-01T17:56:22Z</time>
      </trkpt>
      <trkpt lat="47.53334833" lon="19.39101667">
        <ele>231.9</ele>
        <time>2025-08-01T17:56:23Z</time>
      </trkpt>
      <trkpt lat="47.53357" lon="19.39094333">
        <ele>231.4</ele>
        <time>2025-08-01T17:56:24Z</time>
      </trkpt>
      <trkpt lat="47.533795" lon="19.39086333">
        <ele>229.8</ele>
        <time>2025-08-01T17:56:25Z</time>
      </trkpt>
      <trkpt lat="47.53402333" lon="19.390765">
        <ele>228.3</ele>
        <time>2025-08-01T17:56:26Z</time>
      </trkpt>
      <trkpt lat="47.53425167" lon="19.39066667">
        <ele>226.8</ele>
        <time>2025-08-01T17:56:27Z</time>
      </trkpt>
      <trkpt lat="47.534485" lon="19.39056667">
        <ele>226.2</ele>
        <time>2025-08-01T17:56:28Z</time>
      </trkpt>
      <trkpt lat="47.534725" lon="19.39045833">
        <ele>220</ele>
        <time>2025-08-01T17:56:29Z</time>
      </trkpt>
      <trkpt lat="47.53495333" lon="19.39033667">
        <ele>218</ele>
        <time>2025-08-01T17:56:30Z</time>
      </trkpt>
      <trkpt lat="47.53518833" lon="19.39022167">
        <ele>217.5</ele>
        <time>2025-08-01T17:56:31Z</time>
      </trkpt>
      <trkpt lat="47.53542667" lon="19.39011333">
        <ele>211.5</ele>
        <time>2025-08-01T17:56:32Z</time>
      </trkpt>
      <trkpt lat="47.53565667" lon="19.38999833">
        <ele>208.4</ele>
        <time>2025-08-01T17:56:33Z</time>
      </trkpt>
      <trkpt lat="47.53588167" lon="19.38988667">
        <ele>208</ele>
        <time>2025-08-01T17:56:34Z</time>
      </trkpt>
      <trkpt lat="47.53610833" lon="19.38977167">
        <ele>207.6</ele>
        <time>2025-08-01T17:56:35Z</time>
      </trkpt>
      <trkpt lat="47.53633333" lon="19.38965667">
        <ele>207.5</ele>
        <time>2025-08-01T17:56:36Z</time>
      </trkpt>
      <trkpt lat="47.53655833" lon="19.38953833">
        <ele>207.4</ele>
        <time>2025-08-01T17:56:37Z</time>
      </trkpt>
      <trkpt lat="47.53678333" lon="19.38942333">
        <ele>207.4</ele>
        <time>2025-08-01T17:56:38Z</time>
      </trkpt>
      <trkpt lat="47.53700833" lon="19.38931167">
        <ele>207.3</ele>
        <time>2025-08-01T17:56:39Z</time>
      </trkpt>
      <trkpt lat="47.537235" lon="19.389205">
        <ele>207.4</ele>
        <time>2025-08-01T17:56:40Z</time>
      </trkpt>
      <trkpt lat="47.53746167" lon="19.38909333">
        <ele>207.7</ele>
        <time>2025-08-01T17:56:41Z</time>
      </trkpt>
      <trkpt lat="47.53768833" lon="19.38898333">
        <ele>207.6</ele>
        <time>2025-08-01T17:56:42Z</time>
      </trkpt>
      <trkpt lat="47.53791333" lon="19.38887333">
        <ele>207.4</ele>
        <time>2025-08-01T17:56:43Z</time>
      </trkpt>
      <trkpt lat="47.538135" lon="19.38877167">
        <ele>207</ele>
        <time>2025-08-01T17:56:44Z</time>
      </trkpt>
      <trkpt lat="47.538365" lon="19.38866833">
        <ele>206.6</ele>
        <time>2025-08-01T17:56:45Z</time>
      </trkpt>
      <trkpt lat="47.53859" lon="19.38856333">
        <ele>206.1</ele>
        <time>2025-08-01T17:56:46Z</time>
      </trkpt>
      <trkpt lat="47.53882" lon="19.38846833">
        <ele>203.5</ele>
        <time>2025-08-01T17:56:47Z</time>
      </trkpt>
      <trkpt lat="47.53905333" lon="19.38836667">
        <ele>202.9</ele>
        <time>2025-08-01T17:56:48Z</time>
      </trkpt>
      <trkpt lat="47.53928833" lon="19.388265">
        <ele>202.8</ele>
        <time>2025-08-01T17:56:49Z</time>
      </trkpt>
      <trkpt lat="47.53951833" lon="19.388165">
        <ele>202.1</ele>
        <time>2025-08-01T17:56:50Z</time>
      </trkpt>
      <trkpt lat="47.53974167" lon="19.38805">
        <ele>201.8</ele>
        <time>2025-08-01T17:56:51Z</time>
      </trkpt>
      <trkpt lat="47.53997667" lon="19.387945">
        <ele>200.2</ele>
        <time>2025-08-01T17:56:52Z</time>
      </trkpt>
      <trkpt lat="47.54020833" lon="19.38783">
        <ele>200.3</ele>
        <time>2025-08-01T17:56:53Z</time>
      </trkpt>
      <trkpt lat="47.54044667" lon="19.38772">
        <ele>200</ele>
        <time>2025-08-01T17:56:54Z</time>
      </trkpt>
      <trkpt lat="47.54068667" lon="19.38759">
        <ele>200.7</ele>
        <time>2025-08-01T17:56:55Z</time>
      </trkpt>
      <trkpt lat="47.54092333" lon="19.38747333">
        <ele>201.2</ele>
        <time>2025-08-01T17:56:56Z</time>
      </trkpt>
      <trkpt lat="47.541155" lon="19.38735667">
        <ele>201.5</ele>
        <time>2025-08-01T17:56:57Z</time>
      </trkpt>
      <trkpt lat="47.541395" lon="19.38725333">
        <ele>201.3</ele>
        <time>2025-08-01T17:56:58Z</time>
      </trkpt>
      <trkpt lat="47.54165167" lon="19.38712167">
        <ele>200.7</ele>
        <time>2025-08-01T17:56:59Z</time>
      </trkpt>
      <trkpt lat="47.54189833" lon="19.387">
        <ele>201</ele>
        <time>2025-08-01T17:57:00Z</time>
      </trkpt>
      <trkpt lat="47.54215" lon="19.38687667">
        <ele>201.5</ele>
        <time>2025-08-01T17:57:01Z</time>
      </trkpt>
      <trkpt lat="47.54240333" lon="19.38675667">
        <ele>201.6</ele>
        <time>2025-08-01T17:57:02Z</time>
      </trkpt>
      <trkpt lat="47.54265833" lon="19.38663833">
        <ele>201.6</ele>
        <time>2025-08-01T17:57:03Z</time>
      </trkpt>
      <trkpt lat="47.54291333" lon="19.38652">
        <ele>201.7</ele>
        <time>2025-08-01T17:57:04Z</time>
      </trkpt>
      <trkpt lat="47.54317667" lon="19.38640167">
        <ele>200.3</ele>
        <time>2025-08-01T17:57:05Z</time>
      </trkpt>
      <trkpt lat="47.54343667" lon="19.386285">
        <ele>200</ele>
        <time>2025-08-01T17:57:06Z</time>
      </trkpt>
      <trkpt lat="47.5437" lon="19.38617">
        <ele>200.1</ele>
        <time>2025-08-01T17:57:07Z</time>
      </trkpt>
      <trkpt lat="47.54396667" lon="19.386055">
        <ele>200.3</ele>
        <time>2025-08-01T17:57:08Z</time>
      </trkpt>
      <trkpt lat="47.544235" lon="19.38593333">
        <ele>200.2</ele>
        <time>2025-08-01T17:57:09Z</time>
      </trkpt>
      <trkpt lat="47.5445" lon="19.38581333">
        <ele>200.1</ele>
        <time>2025-08-01T17:57:10Z</time>
      </trkpt>
      <trkpt lat="47.544775" lon="19.38568833">
        <ele>199.9</ele>
        <time>2025-08-01T17:57:11Z</time>
      </trkpt>
      <trkpt lat="47.54504833" lon="19.38556333">
        <ele>200.1</ele>
        <time>2025-08-01T17:57:12Z</time>
      </trkpt>
      <trkpt lat="47.54532167" lon="19.38544333">
        <ele>200</ele>
        <time>2025-08-01T17:57:13Z</time>
      </trkpt>
      <trkpt lat="47.545595" lon="19.385325">
        <ele>199.9</ele>
        <time>2025-08-01T17:57:14Z</time>
      </trkpt>
      <trkpt lat="47.545875" lon="19.3852">
        <ele>199.6</ele>
        <time>2025-08-01T17:57:15Z</time>
      </trkpt>
      <trkpt lat="47.54614167" lon="19.38507167">
        <ele>199.8</ele>
        <time>2025-08-01T17:57:16Z</time>
      </trkpt>
      <trkpt lat="47.54640833" lon="19.38494167">
        <ele>199.6</ele>
        <time>2025-08-01T17:57:17Z</time>
      </trkpt>
      <trkpt lat="47.54667" lon="19.38481833">
        <ele>199.2</ele>
        <time>2025-08-01T17:57:18Z</time>
      </trkpt>
      <trkpt lat="47.546925" lon="19.38468833">
        <ele>199.1</ele>
        <time>2025-08-01T17:57:19Z</time>
      </trkpt>
      <trkpt lat="47.54718" lon="19.38455667">
        <ele>199.4</ele>
        <time>2025-08-01T17:57:20Z</time>
      </trkpt>
      <trkpt lat="47.54743167" lon="19.38442833">
        <ele>200</ele>
        <time>2025-08-01T17:57:21Z</time>
      </trkpt>
      <trkpt lat="47.54768333" lon="19.38431667">
        <ele>203.3</ele>
        <time>2025-08-01T17:57:22Z</time>
      </trkpt>
      <trkpt lat="47.54792833" lon="19.38420333">
        <ele>204</ele>
        <time>2025-08-01T17:57:23Z</time>
      </trkpt>
      <trkpt lat="47.54816667" lon="19.38408833">
        <ele>204.8</ele>
        <time>2025-08-01T17:57:24Z</time>
      </trkpt>
      <trkpt lat="47.54841" lon="19.383965">
        <ele>205</ele>
        <time>2025-08-01T17:57:25Z</time>
      </trkpt>
      <trkpt lat="47.54865667" lon="19.383845">
        <ele>205.3</ele>
        <time>2025-08-01T17:57:26Z</time>
      </trkpt>
      <trkpt lat="47.54889833" lon="19.38372833">
        <ele>205.7</ele>
        <time>2025-08-01T17:57:27Z</time>
      </trkpt>
      <trkpt lat="47.54913667" lon="19.38360833">
        <ele>205.9</ele>
        <time>2025-08-01T17:57:28Z</time>
      </trkpt>
      <trkpt lat="47.54937667" lon="19.38348833">
        <ele>206.3</ele>
        <time>2025-08-01T17:57:29Z</time>
      </trkpt>
      <trkpt lat="47.54961667" lon="19.38336833">
        <ele>206.5</ele>
        <time>2025-08-01T17:57:30Z</time>
      </trkpt>
      <trkpt lat="47.54984833" lon="19.38325167">
        <ele>206.6</ele>
        <time>2025-08-01T17:57:31Z</time>
      </trkpt>
      <trkpt lat="47.55008167" lon="19.38313833">
        <ele>206.9</ele>
        <time>2025-08-01T17:57:32Z</time>
      </trkpt>
      <trkpt lat="47.550315" lon="19.38303">
        <ele>209.5</ele>
        <time>2025-08-01T17:57:33Z</time>
      </trkpt>
      <trkpt lat="47.550555" lon="19.38292833">
        <ele>215.4</ele>
        <time>2025-08-01T17:57:34Z</time>
      </trkpt>
      <trkpt lat="47.55081167" lon="19.382795">
        <ele>219.8</ele>
        <time>2025-08-01T17:57:35Z</time>
      </trkpt>
      <trkpt lat="47.55107167" lon="19.382685">
        <ele>218.6</ele>
        <time>2025-08-01T17:57:36Z</time>
      </trkpt>
      <trkpt lat="47.55132333" lon="19.382535">
        <ele>222.5</ele>
        <time>2025-08-01T17:57:37Z</time>
      </trkpt>
      <trkpt lat="47.55156" lon="19.38239167">
        <ele>220.3</ele>
        <time>2025-08-01T17:57:38Z</time>
      </trkpt>
      <trkpt lat="47.551805" lon="19.38227667">
        <ele>221.2</ele>
        <time>2025-08-01T17:57:39Z</time>
      </trkpt>
      <trkpt lat="47.55205333" lon="19.38215333">
        <ele>221.1</ele>
        <time>2025-08-01T17:57:40Z</time>
      </trkpt>
      <trkpt lat="47.552305" lon="19.382025">
        <ele>220.9</ele>
        <time>2025-08-01T17:57:41Z</time>
      </trkpt>
      <trkpt lat="47.55256" lon="19.38189167">
        <ele>221.1</ele>
        <time>2025-08-01T17:57:42Z</time>
      </trkpt>
      <trkpt lat="47.55282333" lon="19.38176333">
        <ele>222.3</ele>
        <time>2025-08-01T17:57:43Z</time>
      </trkpt>
      <trkpt lat="47.55309" lon="19.381635">
        <ele>223.2</ele>
        <time>2025-08-01T17:57:44Z</time>
      </trkpt>
      <trkpt lat="47.55336333" lon="19.381475">
        <ele>232.1</ele>
        <time>2025-08-01T17:57:45Z</time>
      </trkpt>
      <trkpt lat="47.553625" lon="19.38133167">
        <ele>237.1</ele>
        <time>2025-08-01T17:57:46Z</time>
      </trkpt>
      <trkpt lat="47.55389833" lon="19.38120667">
        <ele>237.9</ele>
        <time>2025-08-01T17:57:47Z</time>
      </trkpt>
      <trkpt lat="47.55417167" lon="19.38107667">
        <ele>240.3</ele>
        <time>2025-08-01T17:57:48Z</time>
      </trkpt>
      <trkpt lat="47.55444667" lon="19.38094">
        <ele>240.9</ele>
        <time>2025-08-01T17:57:49Z</time>
      </trkpt>
      <trkpt lat="47.55472667" lon="19.38079833">
        <ele>241.5</ele>
        <time>2025-08-01T17:57:50Z</time>
      </trkpt>
      <trkpt lat="47.55501833" lon="19.38064167">
        <ele>238</ele>
        <time>2025-08-01T17:57:51Z</time>
      </trkpt>
      <trkpt lat="47.555305" lon="19.38049333">
        <ele>240.7</ele>
        <time>2025-08-01T17:57:52Z</time>
      </trkpt>
      <trkpt lat="47.55558833" lon="19.380355">
        <ele>241.3</ele>
        <time>2025-08-01T17:57:53Z</time>
      </trkpt>
      <trkpt lat="47.55588" lon="19.38020667">
        <ele>244.2</ele>
        <time>2025-08-01T17:57:54Z</time>
      </trkpt>
      <trkpt lat="47.55616667" lon="19.38005667">
        <ele>246</ele>
        <time>2025-08-01T17:57:55Z</time>
      </trkpt>
      <trkpt lat="47.55644833" lon="19.37991333">
        <ele>247.1</ele>
        <time>2025-08-01T17:57:56Z</time>
      </trkpt>
      <trkpt lat="47.55673167" lon="19.37977333">
        <ele>247.6</ele>
        <time>2025-08-01T17:57:57Z</time>
      </trkpt>
      <trkpt lat="47.55701833" lon="19.37963167">
        <ele>247.9</ele>
        <time>2025-08-01T17:57:58Z</time>
      </trkpt>
      <trkpt lat="47.557295" lon="19.37949333">
        <ele>248</ele>
        <time>2025-08-01T17:57:59Z</time>
      </trkpt>
      <trkpt lat="47.55757" lon="19.37936667">
        <ele>245.3</ele>
        <time>2025-08-01T17:58:00Z</time>
      </trkpt>
      <trkpt lat="47.55784333" lon="19.37924167">
        <ele>245.9</ele>
        <time>2025-08-01T17:58:01Z</time>
      </trkpt>
      <trkpt lat="47.55811667" lon="19.37912167">
        <ele>245.8</ele>
        <time>2025-08-01T17:58:02Z</time>
      </trkpt>
      <trkpt lat="47.5584" lon="19.37899167">
        <ele>245.8</ele>
        <time>2025-08-01T17:58:03Z</time>
      </trkpt>
      <trkpt lat="47.55868" lon="19.37885167">
        <ele>244.4</ele>
        <time>2025-08-01T17:58:04Z</time>
      </trkpt>
      <trkpt lat="47.55896167" lon="19.37871667">
        <ele>244.1</ele>
        <time>2025-08-01T17:58:05Z</time>
      </trkpt>
      <trkpt lat="47.559235" lon="19.37857833">
        <ele>243.1</ele>
        <time>2025-08-01T17:58:06Z</time>
      </trkpt>
      <trkpt lat="47.55950667" lon="19.37844">
        <ele>242.7</ele>
        <time>2025-08-01T17:58:07Z</time>
      </trkpt>
      <trkpt lat="47.55978167" lon="19.37831">
        <ele>242.9</ele>
        <time>2025-08-01T17:58:08Z</time>
      </trkpt>
      <trkpt lat="47.56005833" lon="19.37818">
        <ele>243</ele>
        <time>2025-08-01T17:58:09Z</time>
      </trkpt>
      <trkpt lat="47.56034167" lon="19.37809167">
        <ele>244.8</ele>
        <time>2025-08-01T17:58:10Z</time>
      </trkpt>
      <trkpt lat="47.56063167" lon="19.37797833">
        <ele>242.4</ele>
        <time>2025-08-01T17:58:11Z</time>
      </trkpt>
      <trkpt lat="47.56092167" lon="19.37782833">
        <ele>242.2</ele>
        <time>2025-08-01T17:58:12Z</time>
      </trkpt>
      <trkpt lat="47.56120667" lon="19.37769167">
        <ele>242</ele>
        <time>2025-08-01T17:58:13Z</time>
      </trkpt>
      <trkpt lat="47.56148167" lon="19.37754667">
        <ele>241.9</ele>
        <time>2025-08-01T17:58:14Z</time>
      </trkpt>
      <trkpt lat="47.56175667" lon="19.377395">
        <ele>242</ele>
        <time>2025-08-01T17:58:15Z</time>
      </trkpt>
      <trkpt lat="47.56203167" lon="19.37724">
        <ele>242.5</ele>
        <time>2025-08-01T17:58:16Z</time>
      </trkpt>
      <trkpt lat="47.56230833" lon="19.377075">
        <ele>243</ele>
        <time>2025-08-01T17:58:17Z</time>
      </trkpt>
      <trkpt lat="47.562585" lon="19.37689667">
        <ele>243.6</ele>
        <time>2025-08-01T17:58:18Z</time>
      </trkpt>
      <trkpt lat="47.56284667" lon="19.37671">
        <ele>244.4</ele>
        <time>2025-08-01T17:58:19Z</time>
      </trkpt>
      <trkpt lat="47.563115" lon="19.37651833">
        <ele>244.8</ele>
        <time>2025-08-01T17:58:20Z</time>
      </trkpt>
      <trkpt lat="47.56337667" lon="19.37633">
        <ele>244.9</ele>
        <time>2025-08-01T17:58:21Z</time>
      </trkpt>
      <trkpt lat="47.56363" lon="19.37612833">
        <ele>254.4</ele>
        <time>2025-08-01T17:58:22Z</time>
      </trkpt>
      <trkpt lat="47.56390167" lon="19.37593667">
        <ele>253.5</ele>
        <time>2025-08-01T17:58:23Z</time>
      </trkpt>
      <trkpt lat="47.56418333" lon="19.37570667">
        <ele>251.7</ele>
        <time>2025-08-01T17:58:24Z</time>
      </trkpt>
      <trkpt lat="47.56444833" lon="19.37549833">
        <ele>251.5</ele>
        <time>2025-08-01T17:58:25Z</time>
      </trkpt>
      <trkpt lat="47.564725" lon="19.37528">
        <ele>245.6</ele>
        <time>2025-08-01T17:58:26Z</time>
      </trkpt>
      <trkpt lat="47.56498833" lon="19.37506667">
        <ele>245.2</ele>
        <time>2025-08-01T17:58:27Z</time>
      </trkpt>
      <trkpt lat="47.56525333" lon="19.374865">
        <ele>244.9</ele>
        <time>2025-08-01T17:58:28Z</time>
      </trkpt>
      <trkpt lat="47.56551167" lon="19.374665">
        <ele>244.6</ele>
        <time>2025-08-01T17:58:29Z</time>
      </trkpt>
      <trkpt lat="47.56577" lon="19.37445333">
        <ele>245</ele>
        <time>2025-08-01T17:58:30Z</time>
      </trkpt>
      <trkpt lat="47.56603333" lon="19.37424833">
        <ele>245.3</ele>
        <time>2025-08-01T17:58:31Z</time>
      </trkpt>
      <trkpt lat="47.566295" lon="19.37403667">
        <ele>245.4</ele>
        <time>2025-08-01T17:58:32Z</time>
      </trkpt>
      <trkpt lat="47.56655333" lon="19.373835">
        <ele>245.7</ele>
        <time>2025-08-01T17:58:33Z</time>
      </trkpt>
      <trkpt lat="47.56680833" lon="19.37363333">
        <ele>245.8</ele>
        <time>2025-08-01T17:58:34Z</time>
      </trkpt>
      <trkpt lat="47.56706333" lon="19.37344">
        <ele>246</ele>
        <time>2025-08-01T17:58:35Z</time>
      </trkpt>
      <trkpt lat="47.56732" lon="19.37325333">
        <ele>246.3</ele>
        <time>2025-08-01T17:58:36Z</time>
      </trkpt>
      <trkpt lat="47.56758" lon="19.373055">
        <ele>246.4</ele>
        <time>2025-08-01T17:58:37Z</time>
      </trkpt>
      <trkpt lat="47.56784167" lon="19.37285333">
        <ele>246.2</ele>
        <time>2025-08-01T17:58:38Z</time>
      </trkpt>
      <trkpt lat="47.56836833" lon="19.37245333">
        <ele>246.5</ele>
        <time>2025-08-01T17:58:40Z</time>
      </trkpt>
      <trkpt lat="47.568625" lon="19.37225">
        <ele>247.1</ele>
        <time>2025-08-01T17:58:41Z</time>
      </trkpt>
      <trkpt lat="47.568885" lon="19.37205833">
        <ele>247.4</ele>
        <time>2025-08-01T17:58:42Z</time>
      </trkpt>
      <trkpt lat="47.56914667" lon="19.371865">
        <ele>247.5</ele>
        <time>2025-08-01T17:58:43Z</time>
      </trkpt>
      <trkpt lat="47.56940667" lon="19.37166833">
        <ele>247.7</ele>
        <time>2025-08-01T17:58:44Z</time>
      </trkpt>
      <trkpt lat="47.56967667" lon="19.37146333">
        <ele>247.6</ele>
        <time>2025-08-01T17:58:45Z</time>
      </trkpt>
      <trkpt lat="47.56994333" lon="19.37125667">
        <ele>247.7</ele>
        <time>2025-08-01T17:58:46Z</time>
      </trkpt>
      <trkpt lat="47.57019333" lon="19.37107833">
        <ele>238.2</ele>
        <time>2025-08-01T17:58:47Z</time>
      </trkpt>
      <trkpt lat="47.57046167" lon="19.37088167">
        <ele>238.1</ele>
        <time>2025-08-01T17:58:48Z</time>
      </trkpt>
      <trkpt lat="47.57073333" lon="19.37067833">
        <ele>238.4</ele>
        <time>2025-08-01T17:58:49Z</time>
      </trkpt>
      <trkpt lat="47.571015" lon="19.37047833">
        <ele>238.4</ele>
        <time>2025-08-01T17:58:50Z</time>
      </trkpt>
      <trkpt lat="47.571275" lon="19.37028167">
        <ele>238.8</ele>
        <time>2025-08-01T17:58:51Z</time>
      </trkpt>
      <trkpt lat="47.571535" lon="19.370085">
        <ele>238.4</ele>
        <time>2025-08-01T17:58:52Z</time>
      </trkpt>
      <trkpt lat="47.5718" lon="19.36988667">
        <ele>237.6</ele>
        <time>2025-08-01T17:58:53Z</time>
      </trkpt>
      <trkpt lat="47.57206167" lon="19.36969333">
        <ele>237.5</ele>
        <time>2025-08-01T17:58:54Z</time>
      </trkpt>
      <trkpt lat="47.57232333" lon="19.36949333">
        <ele>237.9</ele>
        <time>2025-08-01T17:58:55Z</time>
      </trkpt>
      <trkpt lat="47.57258333" lon="19.36929833">
        <ele>237.7</ele>
        <time>2025-08-01T17:58:56Z</time>
      </trkpt>
      <trkpt lat="47.57283333" lon="19.36910833">
        <ele>237.3</ele>
        <time>2025-08-01T17:58:57Z</time>
      </trkpt>
      <trkpt lat="47.5731" lon="19.3689">
        <ele>237.3</ele>
        <time>2025-08-01T17:58:58Z</time>
      </trkpt>
      <trkpt lat="47.57335667" lon="19.36870167">
        <ele>237</ele>
        <time>2025-08-01T17:58:59Z</time>
      </trkpt>
      <trkpt lat="47.57362" lon="19.36849833">
        <ele>237</ele>
        <time>2025-08-01T17:59:00Z</time>
      </trkpt>
      <trkpt lat="47.57388167" lon="19.36828833">
        <ele>236.8</ele>
        <time>2025-08-01T17:59:01Z</time>
      </trkpt>
      <trkpt lat="47.57414167" lon="19.36807333">
        <ele>241.8</ele>
        <time>2025-08-01T17:59:02Z</time>
      </trkpt>
      <trkpt lat="47.5744" lon="19.36786667">
        <ele>241.9</ele>
        <time>2025-08-01T17:59:03Z</time>
      </trkpt>
      <trkpt lat="47.57465833" lon="19.36765833">
        <ele>237.8</ele>
        <time>2025-08-01T17:59:04Z</time>
      </trkpt>
      <trkpt lat="47.57492167" lon="19.367465">
        <ele>238.1</ele>
        <time>2025-08-01T17:59:05Z</time>
      </trkpt>
      <trkpt lat="47.575185" lon="19.36726667">
        <ele>238.6</ele>
        <time>2025-08-01T17:59:06Z</time>
      </trkpt>
      <trkpt lat="47.57545167" lon="19.36707167">
        <ele>235.6</ele>
        <time>2025-08-01T17:59:07Z</time>
      </trkpt>
      <trkpt lat="47.57572" lon="19.36688333">
        <ele>235.8</ele>
        <time>2025-08-01T17:59:08Z</time>
      </trkpt>
      <trkpt lat="47.57598167" lon="19.36669">
        <ele>236.8</ele>
        <time>2025-08-01T17:59:09Z</time>
      </trkpt>
      <trkpt lat="47.576245" lon="19.36649333">
        <ele>236.7</ele>
        <time>2025-08-01T17:59:10Z</time>
      </trkpt>
      <trkpt lat="47.57651" lon="19.36630333">
        <ele>237</ele>
        <time>2025-08-01T17:59:11Z</time>
      </trkpt>
      <trkpt lat="47.57676833" lon="19.36611167">
        <ele>237.2</ele>
        <time>2025-08-01T17:59:12Z</time>
      </trkpt>
      <trkpt lat="47.577025" lon="19.365915">
        <ele>238</ele>
        <time>2025-08-01T17:59:13Z</time>
      </trkpt>
      <trkpt lat="47.57727667" lon="19.36572167">
        <ele>241.3</ele>
        <time>2025-08-01T17:59:14Z</time>
      </trkpt>
      <trkpt lat="47.57753" lon="19.36553167">
        <ele>242.1</ele>
        <time>2025-08-01T17:59:15Z</time>
      </trkpt>
      <trkpt lat="47.57779" lon="19.36534333">
        <ele>242.2</ele>
        <time>2025-08-01T17:59:16Z</time>
      </trkpt>
      <trkpt lat="47.57805" lon="19.365165">
        <ele>242.5</ele>
        <time>2025-08-01T17:59:17Z</time>
      </trkpt>
      <trkpt lat="47.57830667" lon="19.36499167">
        <ele>241.8</ele>
        <time>2025-08-01T17:59:18Z</time>
      </trkpt>
      <trkpt lat="47.57856167" lon="19.36482833">
        <ele>241.9</ele>
        <time>2025-08-01T17:59:19Z</time>
      </trkpt>
      <trkpt lat="47.57882" lon="19.364665">
        <ele>242.1</ele>
        <time>2025-08-01T17:59:20Z</time>
      </trkpt>
      <trkpt lat="47.57907667" lon="19.36453333">
        <ele>241.9</ele>
        <time>2025-08-01T17:59:21Z</time>
      </trkpt>
      <trkpt lat="47.57933667" lon="19.36439167">
        <ele>242</ele>
        <time>2025-08-01T17:59:22Z</time>
      </trkpt>
      <trkpt lat="47.57959667" lon="19.36425">
        <ele>241.9</ele>
        <time>2025-08-01T17:59:23Z</time>
      </trkpt>
      <trkpt lat="47.579855" lon="19.36411833">
        <ele>241.5</ele>
        <time>2025-08-01T17:59:24Z</time>
      </trkpt>
      <trkpt lat="47.58011333" lon="19.36399667">
        <ele>241.4</ele>
        <time>2025-08-01T17:59:25Z</time>
      </trkpt>
      <trkpt lat="47.58037333" lon="19.36388167">
        <ele>241.5</ele>
        <time>2025-08-01T17:59:26Z</time>
      </trkpt>
      <trkpt lat="47.58063667" lon="19.363775">
        <ele>241.9</ele>
        <time>2025-08-01T17:59:27Z</time>
      </trkpt>
      <trkpt lat="47.58089667" lon="19.363665">
        <ele>241.6</ele>
        <time>2025-08-01T17:59:28Z</time>
      </trkpt>
      <trkpt lat="47.58115333" lon="19.36356">
        <ele>242.1</ele>
        <time>2025-08-01T17:59:29Z</time>
      </trkpt>
      <trkpt lat="47.58140167" lon="19.36345833">
        <ele>242.9</ele>
        <time>2025-08-01T17:59:30Z</time>
      </trkpt>
      <trkpt lat="47.58166" lon="19.36334667">
        <ele>242.7</ele>
        <time>2025-08-01T17:59:31Z</time>
      </trkpt>
      <trkpt lat="47.58191833" lon="19.363235">
        <ele>243.1</ele>
        <time>2025-08-01T17:59:32Z</time>
      </trkpt>
      <trkpt lat="47.58217333" lon="19.36311833">
        <ele>244.8</ele>
        <time>2025-08-01T17:59:33Z</time>
      </trkpt>
      <trkpt lat="47.58243" lon="19.363005">
        <ele>245.7</ele>
        <time>2025-08-01T17:59:34Z</time>
      </trkpt>
      <trkpt lat="47.58268" lon="19.36289">
        <ele>246.2</ele>
        <time>2025-08-01T17:59:35Z</time>
      </trkpt>
      <trkpt lat="47.58293" lon="19.36277167">
        <ele>246.6</ele>
        <time>2025-08-01T17:59:36Z</time>
      </trkpt>
      <trkpt lat="47.58318167" lon="19.36265333">
        <ele>247.1</ele>
        <time>2025-08-01T17:59:37Z</time>
      </trkpt>
      <trkpt lat="47.58343167" lon="19.36254333">
        <ele>247.4</ele>
        <time>2025-08-01T17:59:38Z</time>
      </trkpt>
      <trkpt lat="47.58368" lon="19.362435">
        <ele>247.5</ele>
        <time>2025-08-01T17:59:39Z</time>
      </trkpt>
      <trkpt lat="47.58392833" lon="19.36232167">
        <ele>247.5</ele>
        <time>2025-08-01T17:59:40Z</time>
      </trkpt>
      <trkpt lat="47.58417833" lon="19.362205">
        <ele>247.8</ele>
        <time>2025-08-01T17:59:41Z</time>
      </trkpt>
      <trkpt lat="47.584425" lon="19.36209333">
        <ele>248.2</ele>
        <time>2025-08-01T17:59:42Z</time>
      </trkpt>
      <trkpt lat="47.58467" lon="19.36199333">
        <ele>248.6</ele>
        <time>2025-08-01T17:59:43Z</time>
      </trkpt>
      <trkpt lat="47.58491" lon="19.36187667">
        <ele>249.8</ele>
        <time>2025-08-01T17:59:44Z</time>
      </trkpt>
      <trkpt lat="47.58516" lon="19.36177667">
        <ele>250</ele>
        <time>2025-08-01T17:59:45Z</time>
      </trkpt>
      <trkpt lat="47.58540833" lon="19.361685">
        <ele>252.5</ele>
        <time>2025-08-01T17:59:46Z</time>
      </trkpt>
      <trkpt lat="47.58564833" lon="19.361585">
        <ele>255.6</ele>
        <time>2025-08-01T17:59:47Z</time>
      </trkpt>
      <trkpt lat="47.58587833" lon="19.361475">
        <ele>256.5</ele>
        <time>2025-08-01T17:59:48Z</time>
      </trkpt>
      <trkpt lat="47.58610833" lon="19.36136">
        <ele>256.8</ele>
        <time>2025-08-01T17:59:49Z</time>
      </trkpt>
      <trkpt lat="47.58634333" lon="19.36124167">
        <ele>256.2</ele>
        <time>2025-08-01T17:59:50Z</time>
      </trkpt>
      <trkpt lat="47.58658167" lon="19.36114833">
        <ele>256.4</ele>
        <time>2025-08-01T17:59:51Z</time>
      </trkpt>
      <trkpt lat="47.58682333" lon="19.36106167">
        <ele>256.5</ele>
        <time>2025-08-01T17:59:52Z</time>
      </trkpt>
      <trkpt lat="47.58705833" lon="19.36097333">
        <ele>256.8</ele>
        <time>2025-08-01T17:59:53Z</time>
      </trkpt>
      <trkpt lat="47.58728833" lon="19.36088833">
        <ele>257.1</ele>
        <time>2025-08-01T17:59:54Z</time>
      </trkpt>
      <trkpt lat="47.58751167" lon="19.36081333">
        <ele>257.1</ele>
        <time>2025-08-01T17:59:55Z</time>
      </trkpt>
      <trkpt lat="47.587735" lon="19.36074">
        <ele>256.8</ele>
        <time>2025-08-01T17:59:56Z</time>
      </trkpt>
      <trkpt lat="47.587945" lon="19.36066333">
        <ele>255.8</ele>
        <time>2025-08-01T17:59:57Z</time>
      </trkpt>
      <trkpt lat="47.58814833" lon="19.36059167">
        <ele>255.8</ele>
        <time>2025-08-01T17:59:58Z</time>
      </trkpt>
      <trkpt lat="47.58835333" lon="19.36051167">
        <ele>255.8</ele>
        <time>2025-08-01T17:59:59Z</time>
      </trkpt>
      <trkpt lat="47.58855333" lon="19.36043">
        <ele>255.2</ele>
        <time>2025-08-01T18:00:00Z</time>
      </trkpt>
      <trkpt lat="47.58875167" lon="19.360355">
        <ele>254.6</ele>
        <time>2025-08-01T18:00:01Z</time>
      </trkpt>
      <trkpt lat="47.588945" lon="19.36028333">
        <ele>255.1</ele>
        <time>2025-08-01T18:00:02Z</time>
      </trkpt>
      <trkpt lat="47.58912833" lon="19.36022">
        <ele>254</ele>
        <time>2025-08-01T18:00:03Z</time>
      </trkpt>
      <trkpt lat="47.58931" lon="19.360165">
        <ele>251.4</ele>
        <time>2025-08-01T18:00:04Z</time>
      </trkpt>
      <trkpt lat="47.589485" lon="19.3601">
        <ele>249.9</ele>
        <time>2025-08-01T18:00:05Z</time>
      </trkpt>
      <trkpt lat="47.589665" lon="19.36004167">
        <ele>248.2</ele>
        <time>2025-08-01T18:00:06Z</time>
      </trkpt>
      <trkpt lat="47.589835" lon="19.35997667">
        <ele>248.7</ele>
        <time>2025-08-01T18:00:07Z</time>
      </trkpt>
      <trkpt lat="47.59000333" lon="19.359905">
        <ele>249</ele>
        <time>2025-08-01T18:00:08Z</time>
      </trkpt>
      <trkpt lat="47.59016833" lon="19.35983833">
        <ele>249.7</ele>
        <time>2025-08-01T18:00:09Z</time>
      </trkpt>
      <trkpt lat="47.59033" lon="19.35977167">
        <ele>250</ele>
        <time>2025-08-01T18:00:10Z</time>
      </trkpt>
      <trkpt lat="47.59049" lon="19.35970333">
        <ele>250.2</ele>
        <time>2025-08-01T18:00:11Z</time>
      </trkpt>
      <trkpt lat="47.59064167" lon="19.35963833">
        <ele>250.4</ele>
        <time>2025-08-01T18:00:12Z</time>
      </trkpt>
      <trkpt lat="47.59079167" lon="19.35957">
        <ele>251</ele>
        <time>2025-08-01T18:00:13Z</time>
      </trkpt>
      <trkpt lat="47.59094167" lon="19.35950667">
        <ele>251.1</ele>
        <time>2025-08-01T18:00:14Z</time>
      </trkpt>
      <trkpt lat="47.591085" lon="19.359445">
        <ele>251.4</ele>
        <time>2025-08-01T18:00:15Z</time>
      </trkpt>
      <trkpt lat="47.59122167" lon="19.35939833">
        <ele>251.8</ele>
        <time>2025-08-01T18:00:16Z</time>
      </trkpt>
      <trkpt lat="47.59135333" lon="19.35936167">
        <ele>251.3</ele>
        <time>2025-08-01T18:00:17Z</time>
      </trkpt>
      <trkpt lat="47.59147" lon="19.35931167">
        <ele>248.9</ele>
        <time>2025-08-01T18:00:18Z</time>
      </trkpt>
      <trkpt lat="47.59159167" lon="19.35927167">
        <ele>248.9</ele>
        <time>2025-08-01T18:00:19Z</time>
      </trkpt>
      <trkpt lat="47.59171167" lon="19.359215">
        <ele>249.5</ele>
        <time>2025-08-01T18:00:20Z</time>
      </trkpt>
      <trkpt lat="47.591825" lon="19.35916667">
        <ele>249.7</ele>
        <time>2025-08-01T18:00:21Z</time>
      </trkpt>
      <trkpt lat="47.59193" lon="19.35910333">
        <ele>250.3</ele>
        <time>2025-08-01T18:00:22Z</time>
      </trkpt>
      <trkpt lat="47.59204833" lon="19.35904833">
        <ele>251</ele>
        <time>2025-08-01T18:00:23Z</time>
      </trkpt>
      <trkpt lat="47.59214667" lon="19.359005">
        <ele>251.1</ele>
        <time>2025-08-01T18:00:24Z</time>
      </trkpt>
      <trkpt lat="47.59224167" lon="19.35896">
        <ele>251.1</ele>
        <time>2025-08-01T18:00:25Z</time>
      </trkpt>
      <trkpt lat="47.59234167" lon="19.358915">
        <ele>251.7</ele>
        <time>2025-08-01T18:00:26Z</time>
      </trkpt>
      <trkpt lat="47.59243333" lon="19.35886833">
        <ele>251.4</ele>
        <time>2025-08-01T18:00:27Z</time>
      </trkpt>
      <trkpt lat="47.592585" lon="19.358785">
        <ele>250.6</ele>
        <time>2025-08-01T18:00:29Z</time>
      </trkpt>
      <trkpt lat="47.59271333" lon="19.35873">
        <ele>250.8</ele>
        <time>2025-08-01T18:00:31Z</time>
      </trkpt>
      <trkpt lat="47.592805" lon="19.35866833">
        <ele>249.7</ele>
        <time>2025-08-01T18:00:33Z</time>
      </trkpt>
      <trkpt lat="47.59289667" lon="19.35862667">
        <ele>249.3</ele>
        <time>2025-08-01T18:00:36Z</time>
      </trkpt>
    </trkseg>
  </trk>
</gpx>