julius;telepules;x;y
1;Sátoraljaújhely;48.40083405845981;21.657103219122863
