<?xml version='1.0' encoding='UTF-8' standalone='yes' ?>
<gpx xmlns="http://www.topografix.com/GPX/1/1" xmlns:geotracker="http://ilyabogdanovich.com/gpx/extensions/geotracker" xmlns:xsi="http://www.w3.org/2001/XMLSchema-instance" xsi:schemaLocation="http://www.topografix.com/GPX/1/1 http://www.topografix.com/GPX/1/1/gpx.xsd" version="1.1" creator="Recorded in Geo Tracker for Android from Ilya Bogdanovich">
  <metadata>
    <name>f_0722_07</name>
    <author>
      <name>Recorded in Geo Tracker for Android from Ilya Bogdanovich</name>
      <link href="https://play.google.com/store/apps/details?id=com.ilyabogdanovich.geotracker" />
    </author>
    <link href="https://play.google.com/store/apps/details?id=com.ilyabogdanovich.geotracker" />
    <time>2025-07-22T14:10:15Z</time>
  </metadata>
  <trk>
    <name>f_0722_07</name>
    <src>Recorded in Geo Tracker for Android from Ilya Bogdanovich</src>
    <link href="https://play.google.com/store/apps/details?id=com.ilyabogdanovich.geotracker" />
    <extensions>
      <geotracker:meta>
        <geotracker:length>10927.77</geotracker:length>
        <geotracker:duration>1901709</geotracker:duration>
        <geotracker:creationtime>2025-07-22T14:10:15Z</geotracker:creationtime>
        <geotracker:activity>0</geotracker:activity>
      </geotracker:meta>
    </extensions>
    <trkseg>
      <trkpt lat="45.93154167" lon="17.646185">
        <ele>146.7</ele>
        <time>2025-07-22T14:10:21Z</time>
      </trkpt>
      <trkpt lat="45.93141333" lon="17.64626667">
        <ele>145.8</ele>
        <time>2025-07-22T14:10:32Z</time>
      </trkpt>
      <trkpt lat="45.93129" lon="17.64626833">
        <ele>145.7</ele>
        <time>2025-07-22T14:10:35Z</time>
      </trkpt>
      <trkpt lat="45.9312" lon="17.64626333">
        <ele>145.5</ele>
        <time>2025-07-22T14:10:37Z</time>
      </trkpt>
      <trkpt lat="45.93111167" lon="17.646195">
        <ele>145.8</ele>
        <time>2025-07-22T14:10:40Z</time>
      </trkpt>
      <trkpt lat="45.93109667" lon="17.646005">
        <ele>146</ele>
        <time>2025-07-22T14:10:43Z</time>
      </trkpt>
      <trkpt lat="45.93109167" lon="17.645845">
        <ele>146.3</ele>
        <time>2025-07-22T14:10:45Z</time>
      </trkpt>
      <trkpt lat="45.9311" lon="17.64568167">
        <ele>146</ele>
        <time>2025-07-22T14:10:47Z</time>
      </trkpt>
      <trkpt lat="45.93111167" lon="17.64552333">
        <ele>145.8</ele>
        <time>2025-07-22T14:10:49Z</time>
      </trkpt>
      <trkpt lat="45.93112833" lon="17.64536333">
        <ele>145.4</ele>
        <time>2025-07-22T14:10:51Z</time>
      </trkpt>
      <trkpt lat="45.93114" lon="17.64520333">
        <ele>145.6</ele>
        <time>2025-07-22T14:10:53Z</time>
      </trkpt>
      <trkpt lat="45.93115333" lon="17.64502833">
        <ele>145.4</ele>
        <time>2025-07-22T14:10:55Z</time>
      </trkpt>
      <trkpt lat="45.93115" lon="17.64485333">
        <ele>145.8</ele>
        <time>2025-07-22T14:10:57Z</time>
      </trkpt>
      <trkpt lat="45.93111" lon="17.64469667">
        <ele>145.9</ele>
        <time>2025-07-22T14:10:59Z</time>
      </trkpt>
      <trkpt lat="45.931005" lon="17.64456333">
        <ele>145.8</ele>
        <time>2025-07-22T14:11:01Z</time>
      </trkpt>
      <trkpt lat="45.93087833" lon="17.64449333">
        <ele>145.5</ele>
        <time>2025-07-22T14:11:03Z</time>
      </trkpt>
      <trkpt lat="45.930785" lon="17.64446667">
        <ele>145.6</ele>
        <time>2025-07-22T14:11:04Z</time>
      </trkpt>
      <trkpt lat="45.93064167" lon="17.64444">
        <ele>145.2</ele>
        <time>2025-07-22T14:11:06Z</time>
      </trkpt>
      <trkpt lat="45.93051" lon="17.64444">
        <ele>145.2</ele>
        <time>2025-07-22T14:11:08Z</time>
      </trkpt>
      <trkpt lat="45.93038333" lon="17.64443333">
        <ele>145.5</ele>
        <time>2025-07-22T14:11:10Z</time>
      </trkpt>
      <trkpt lat="45.93026" lon="17.64442833">
        <ele>146</ele>
        <time>2025-07-22T14:11:12Z</time>
      </trkpt>
      <trkpt lat="45.93015167" lon="17.64442833">
        <ele>147.3</ele>
        <time>2025-07-22T14:11:14Z</time>
      </trkpt>
      <trkpt lat="45.930045" lon="17.64442">
        <ele>147.4</ele>
        <time>2025-07-22T14:11:16Z</time>
      </trkpt>
      <trkpt lat="45.92993833" lon="17.64442167">
        <ele>148.1</ele>
        <time>2025-07-22T14:11:18Z</time>
      </trkpt>
      <trkpt lat="45.92984167" lon="17.64439833">
        <ele>147.1</ele>
        <time>2025-07-22T14:11:20Z</time>
      </trkpt>
      <trkpt lat="45.92974833" lon="17.64438333">
        <ele>146</ele>
        <time>2025-07-22T14:11:22Z</time>
      </trkpt>
      <trkpt lat="45.92965667" lon="17.64438167">
        <ele>145.4</ele>
        <time>2025-07-22T14:11:24Z</time>
      </trkpt>
      <trkpt lat="45.929565" lon="17.64437667">
        <ele>146.4</ele>
        <time>2025-07-22T14:11:26Z</time>
      </trkpt>
      <trkpt lat="45.929465" lon="17.64437167">
        <ele>147.9</ele>
        <time>2025-07-22T14:11:28Z</time>
      </trkpt>
      <trkpt lat="45.92936" lon="17.64435">
        <ele>147.9</ele>
        <time>2025-07-22T14:11:30Z</time>
      </trkpt>
      <trkpt lat="45.92926167" lon="17.64434167">
        <ele>148.5</ele>
        <time>2025-07-22T14:11:32Z</time>
      </trkpt>
      <trkpt lat="45.929155" lon="17.644345">
        <ele>149</ele>
        <time>2025-07-22T14:11:34Z</time>
      </trkpt>
      <trkpt lat="45.92905167" lon="17.64433">
        <ele>149.5</ele>
        <time>2025-07-22T14:11:36Z</time>
      </trkpt>
      <trkpt lat="45.928935" lon="17.64433">
        <ele>150.1</ele>
        <time>2025-07-22T14:11:38Z</time>
      </trkpt>
      <trkpt lat="45.928815" lon="17.64432667">
        <ele>149.9</ele>
        <time>2025-07-22T14:11:40Z</time>
      </trkpt>
      <trkpt lat="45.92870833" lon="17.64431667">
        <ele>149.5</ele>
        <time>2025-07-22T14:11:42Z</time>
      </trkpt>
      <trkpt lat="45.92859667" lon="17.64431333">
        <ele>149</ele>
        <time>2025-07-22T14:11:44Z</time>
      </trkpt>
      <trkpt lat="45.92849" lon="17.64431667">
        <ele>149.4</ele>
        <time>2025-07-22T14:11:46Z</time>
      </trkpt>
      <trkpt lat="45.92839167" lon="17.64433167">
        <ele>150</ele>
        <time>2025-07-22T14:11:48Z</time>
      </trkpt>
      <trkpt lat="45.92829167" lon="17.64432667">
        <ele>150.7</ele>
        <time>2025-07-22T14:11:50Z</time>
      </trkpt>
      <trkpt lat="45.92817667" lon="17.64431833">
        <ele>149.8</ele>
        <time>2025-07-22T14:11:52Z</time>
      </trkpt>
      <trkpt lat="45.92807167" lon="17.644315">
        <ele>149.6</ele>
        <time>2025-07-22T14:11:54Z</time>
      </trkpt>
      <trkpt lat="45.92796333" lon="17.64430333">
        <ele>149.7</ele>
        <time>2025-07-22T14:11:56Z</time>
      </trkpt>
      <trkpt lat="45.92785333" lon="17.64430833">
        <ele>150.1</ele>
        <time>2025-07-22T14:11:58Z</time>
      </trkpt>
      <trkpt lat="45.92774833" lon="17.6443">
        <ele>149.9</ele>
        <time>2025-07-22T14:12:00Z</time>
      </trkpt>
      <trkpt lat="45.92765833" lon="17.64429333">
        <ele>148.9</ele>
        <time>2025-07-22T14:12:02Z</time>
      </trkpt>
      <trkpt lat="45.927555" lon="17.64429">
        <ele>148.3</ele>
        <time>2025-07-22T14:12:04Z</time>
      </trkpt>
      <trkpt lat="45.92745167" lon="17.64427">
        <ele>148</ele>
        <time>2025-07-22T14:12:06Z</time>
      </trkpt>
      <trkpt lat="45.92734" lon="17.64425333">
        <ele>147.6</ele>
        <time>2025-07-22T14:12:08Z</time>
      </trkpt>
      <trkpt lat="45.92721833" lon="17.64422667">
        <ele>147.8</ele>
        <time>2025-07-22T14:12:10Z</time>
      </trkpt>
      <trkpt lat="45.92711" lon="17.64420333">
        <ele>147.2</ele>
        <time>2025-07-22T14:12:12Z</time>
      </trkpt>
      <trkpt lat="45.92701167" lon="17.64418833">
        <ele>146.9</ele>
        <time>2025-07-22T14:12:14Z</time>
      </trkpt>
      <trkpt lat="45.92691833" lon="17.64416833">
        <ele>146.4</ele>
        <time>2025-07-22T14:12:16Z</time>
      </trkpt>
      <trkpt lat="45.92682667" lon="17.64416167">
        <ele>146</ele>
        <time>2025-07-22T14:12:18Z</time>
      </trkpt>
      <trkpt lat="45.92673333" lon="17.64415667">
        <ele>145.6</ele>
        <time>2025-07-22T14:12:20Z</time>
      </trkpt>
      <trkpt lat="45.92664167" lon="17.64414333">
        <ele>145.4</ele>
        <time>2025-07-22T14:12:22Z</time>
      </trkpt>
      <trkpt lat="45.92651833" lon="17.64411833">
        <ele>145.3</ele>
        <time>2025-07-22T14:12:25Z</time>
      </trkpt>
      <trkpt lat="45.92642667" lon="17.64410333">
        <ele>144.6</ele>
        <time>2025-07-22T14:12:27Z</time>
      </trkpt>
      <trkpt lat="45.92631833" lon="17.64407667">
        <ele>142.6</ele>
        <time>2025-07-22T14:12:30Z</time>
      </trkpt>
      <trkpt lat="45.92622667" lon="17.64405167">
        <ele>142.2</ele>
        <time>2025-07-22T14:12:32Z</time>
      </trkpt>
      <trkpt lat="45.92613167" lon="17.64402167">
        <ele>141.7</ele>
        <time>2025-07-22T14:12:34Z</time>
      </trkpt>
      <trkpt lat="45.92602167" lon="17.64399833">
        <ele>140.9</ele>
        <time>2025-07-22T14:12:36Z</time>
      </trkpt>
      <trkpt lat="45.925915" lon="17.64398667">
        <ele>139.8</ele>
        <time>2025-07-22T14:12:38Z</time>
      </trkpt>
      <trkpt lat="45.92579167" lon="17.643945">
        <ele>138.5</ele>
        <time>2025-07-22T14:12:41Z</time>
      </trkpt>
      <trkpt lat="45.92569833" lon="17.64392167">
        <ele>138.2</ele>
        <time>2025-07-22T14:12:43Z</time>
      </trkpt>
      <trkpt lat="45.92557667" lon="17.64385833">
        <ele>136.2</ele>
        <time>2025-07-22T14:12:46Z</time>
      </trkpt>
      <trkpt lat="45.92546667" lon="17.64381167">
        <ele>134.8</ele>
        <time>2025-07-22T14:12:48Z</time>
      </trkpt>
      <trkpt lat="45.92534167" lon="17.643755">
        <ele>134.7</ele>
        <time>2025-07-22T14:12:50Z</time>
      </trkpt>
      <trkpt lat="45.92521833" lon="17.64367667">
        <ele>135.7</ele>
        <time>2025-07-22T14:12:52Z</time>
      </trkpt>
      <trkpt lat="45.9251" lon="17.64360833">
        <ele>134</ele>
        <time>2025-07-22T14:12:54Z</time>
      </trkpt>
      <trkpt lat="45.92497333" lon="17.64355833">
        <ele>130.7</ele>
        <time>2025-07-22T14:12:56Z</time>
      </trkpt>
      <trkpt lat="45.92484833" lon="17.64355833">
        <ele>128.8</ele>
        <time>2025-07-22T14:12:58Z</time>
      </trkpt>
      <trkpt lat="45.92471333" lon="17.643535">
        <ele>126.8</ele>
        <time>2025-07-22T14:13:00Z</time>
      </trkpt>
      <trkpt lat="45.92456667" lon="17.64350167">
        <ele>125.6</ele>
        <time>2025-07-22T14:13:02Z</time>
      </trkpt>
      <trkpt lat="45.92446" lon="17.64349667">
        <ele>131.8</ele>
        <time>2025-07-22T14:13:03Z</time>
      </trkpt>
      <trkpt lat="45.924295" lon="17.64346667">
        <ele>133.8</ele>
        <time>2025-07-22T14:13:05Z</time>
      </trkpt>
      <trkpt lat="45.92414167" lon="17.64343">
        <ele>136.4</ele>
        <time>2025-07-22T14:13:07Z</time>
      </trkpt>
      <trkpt lat="45.92400333" lon="17.64339167">
        <ele>139</ele>
        <time>2025-07-22T14:13:09Z</time>
      </trkpt>
      <trkpt lat="45.9239" lon="17.64336833">
        <ele>140.6</ele>
        <time>2025-07-22T14:13:11Z</time>
      </trkpt>
      <trkpt lat="45.92378667" lon="17.643325">
        <ele>141.9</ele>
        <time>2025-07-22T14:13:13Z</time>
      </trkpt>
      <trkpt lat="45.923665" lon="17.64328167">
        <ele>143.4</ele>
        <time>2025-07-22T14:13:15Z</time>
      </trkpt>
      <trkpt lat="45.92355333" lon="17.64324333">
        <ele>143.4</ele>
        <time>2025-07-22T14:13:17Z</time>
      </trkpt>
      <trkpt lat="45.92343333" lon="17.643195">
        <ele>144.1</ele>
        <time>2025-07-22T14:13:19Z</time>
      </trkpt>
      <trkpt lat="45.923325" lon="17.64315667">
        <ele>142.6</ele>
        <time>2025-07-22T14:13:21Z</time>
      </trkpt>
      <trkpt lat="45.92320667" lon="17.64311667">
        <ele>142.3</ele>
        <time>2025-07-22T14:13:23Z</time>
      </trkpt>
      <trkpt lat="45.92309" lon="17.64307833">
        <ele>143.4</ele>
        <time>2025-07-22T14:13:25Z</time>
      </trkpt>
      <trkpt lat="45.922975" lon="17.64303833">
        <ele>144.4</ele>
        <time>2025-07-22T14:13:27Z</time>
      </trkpt>
      <trkpt lat="45.92286333" lon="17.64299667">
        <ele>145.6</ele>
        <time>2025-07-22T14:13:29Z</time>
      </trkpt>
      <trkpt lat="45.92275667" lon="17.64297167">
        <ele>147.8</ele>
        <time>2025-07-22T14:13:31Z</time>
      </trkpt>
      <trkpt lat="45.92264667" lon="17.642945">
        <ele>149.4</ele>
        <time>2025-07-22T14:13:33Z</time>
      </trkpt>
      <trkpt lat="45.92253333" lon="17.64290333">
        <ele>150</ele>
        <time>2025-07-22T14:13:35Z</time>
      </trkpt>
      <trkpt lat="45.92242" lon="17.642865">
        <ele>150</ele>
        <time>2025-07-22T14:13:37Z</time>
      </trkpt>
      <trkpt lat="45.92231" lon="17.64282833">
        <ele>149.5</ele>
        <time>2025-07-22T14:13:39Z</time>
      </trkpt>
      <trkpt lat="45.9222" lon="17.64279833">
        <ele>148</ele>
        <time>2025-07-22T14:13:41Z</time>
      </trkpt>
      <trkpt lat="45.92208333" lon="17.64275667">
        <ele>147.4</ele>
        <time>2025-07-22T14:13:43Z</time>
      </trkpt>
      <trkpt lat="45.921965" lon="17.64272333">
        <ele>146.8</ele>
        <time>2025-07-22T14:13:45Z</time>
      </trkpt>
      <trkpt lat="45.92185833" lon="17.64270167">
        <ele>147</ele>
        <time>2025-07-22T14:13:47Z</time>
      </trkpt>
      <trkpt lat="45.92175333" lon="17.64266">
        <ele>146.9</ele>
        <time>2025-07-22T14:13:49Z</time>
      </trkpt>
      <trkpt lat="45.92165" lon="17.64261">
        <ele>145.5</ele>
        <time>2025-07-22T14:13:51Z</time>
      </trkpt>
      <trkpt lat="45.92156167" lon="17.642565">
        <ele>144</ele>
        <time>2025-07-22T14:13:53Z</time>
      </trkpt>
      <trkpt lat="45.92146167" lon="17.64252">
        <ele>141.5</ele>
        <time>2025-07-22T14:13:55Z</time>
      </trkpt>
      <trkpt lat="45.92135167" lon="17.64249333">
        <ele>141.2</ele>
        <time>2025-07-22T14:13:57Z</time>
      </trkpt>
      <trkpt lat="45.92126167" lon="17.64247333">
        <ele>140</ele>
        <time>2025-07-22T14:13:59Z</time>
      </trkpt>
      <trkpt lat="45.92116833" lon="17.64245">
        <ele>138.9</ele>
        <time>2025-07-22T14:14:01Z</time>
      </trkpt>
      <trkpt lat="45.92107" lon="17.64242333">
        <ele>139.1</ele>
        <time>2025-07-22T14:14:03Z</time>
      </trkpt>
      <trkpt lat="45.92097167" lon="17.64240833">
        <ele>140</ele>
        <time>2025-07-22T14:14:05Z</time>
      </trkpt>
      <trkpt lat="45.92087" lon="17.64239833">
        <ele>140.4</ele>
        <time>2025-07-22T14:14:07Z</time>
      </trkpt>
      <trkpt lat="45.920775" lon="17.64239333">
        <ele>140.5</ele>
        <time>2025-07-22T14:14:09Z</time>
      </trkpt>
      <trkpt lat="45.92067333" lon="17.64238333">
        <ele>139.2</ele>
        <time>2025-07-22T14:14:11Z</time>
      </trkpt>
      <trkpt lat="45.92055833" lon="17.64235167">
        <ele>139</ele>
        <time>2025-07-22T14:14:13Z</time>
      </trkpt>
      <trkpt lat="45.92045" lon="17.64231833">
        <ele>139.3</ele>
        <time>2025-07-22T14:14:15Z</time>
      </trkpt>
      <trkpt lat="45.92034833" lon="17.6423">
        <ele>139.3</ele>
        <time>2025-07-22T14:14:17Z</time>
      </trkpt>
      <trkpt lat="45.92024667" lon="17.64227167">
        <ele>138.5</ele>
        <time>2025-07-22T14:14:19Z</time>
      </trkpt>
      <trkpt lat="45.920125" lon="17.64224167">
        <ele>141.4</ele>
        <time>2025-07-22T14:14:21Z</time>
      </trkpt>
      <trkpt lat="45.920005" lon="17.64219333">
        <ele>142.8</ele>
        <time>2025-07-22T14:14:23Z</time>
      </trkpt>
      <trkpt lat="45.91990333" lon="17.64213333">
        <ele>142.1</ele>
        <time>2025-07-22T14:14:25Z</time>
      </trkpt>
      <trkpt lat="45.91979167" lon="17.64208667">
        <ele>140.8</ele>
        <time>2025-07-22T14:14:27Z</time>
      </trkpt>
      <trkpt lat="45.91966667" lon="17.642055">
        <ele>139.8</ele>
        <time>2025-07-22T14:14:29Z</time>
      </trkpt>
      <trkpt lat="45.91953333" lon="17.64201167">
        <ele>139.9</ele>
        <time>2025-07-22T14:14:31Z</time>
      </trkpt>
      <trkpt lat="45.91940333" lon="17.641965">
        <ele>139.6</ele>
        <time>2025-07-22T14:14:33Z</time>
      </trkpt>
      <trkpt lat="45.91927167" lon="17.64192167">
        <ele>139.3</ele>
        <time>2025-07-22T14:14:35Z</time>
      </trkpt>
      <trkpt lat="45.91914833" lon="17.641885">
        <ele>139.1</ele>
        <time>2025-07-22T14:14:37Z</time>
      </trkpt>
      <trkpt lat="45.919025" lon="17.64183667">
        <ele>139.8</ele>
        <time>2025-07-22T14:14:39Z</time>
      </trkpt>
      <trkpt lat="45.9189" lon="17.64178167">
        <ele>140.6</ele>
        <time>2025-07-22T14:14:41Z</time>
      </trkpt>
      <trkpt lat="45.918775" lon="17.64174833">
        <ele>141.1</ele>
        <time>2025-07-22T14:14:43Z</time>
      </trkpt>
      <trkpt lat="45.918645" lon="17.64170333">
        <ele>141.3</ele>
        <time>2025-07-22T14:14:45Z</time>
      </trkpt>
      <trkpt lat="45.91853" lon="17.64168667">
        <ele>140.1</ele>
        <time>2025-07-22T14:14:47Z</time>
      </trkpt>
      <trkpt lat="45.91840333" lon="17.64163333">
        <ele>139.5</ele>
        <time>2025-07-22T14:14:49Z</time>
      </trkpt>
      <trkpt lat="45.91828" lon="17.64157167">
        <ele>138.5</ele>
        <time>2025-07-22T14:14:51Z</time>
      </trkpt>
      <trkpt lat="45.91816333" lon="17.64153">
        <ele>138.9</ele>
        <time>2025-07-22T14:14:53Z</time>
      </trkpt>
      <trkpt lat="45.91807" lon="17.64149667">
        <ele>137.4</ele>
        <time>2025-07-22T14:14:55Z</time>
      </trkpt>
      <trkpt lat="45.91796833" lon="17.64146167">
        <ele>134.7</ele>
        <time>2025-07-22T14:14:57Z</time>
      </trkpt>
      <trkpt lat="45.91784333" lon="17.64142667">
        <ele>134.7</ele>
        <time>2025-07-22T14:14:59Z</time>
      </trkpt>
      <trkpt lat="45.91772167" lon="17.64139833">
        <ele>135.8</ele>
        <time>2025-07-22T14:15:01Z</time>
      </trkpt>
      <trkpt lat="45.91760167" lon="17.64137">
        <ele>135.8</ele>
        <time>2025-07-22T14:15:03Z</time>
      </trkpt>
      <trkpt lat="45.91748" lon="17.64133">
        <ele>136.3</ele>
        <time>2025-07-22T14:15:05Z</time>
      </trkpt>
      <trkpt lat="45.91736" lon="17.641295">
        <ele>137.1</ele>
        <time>2025-07-22T14:15:07Z</time>
      </trkpt>
      <trkpt lat="45.917235" lon="17.64127333">
        <ele>137.7</ele>
        <time>2025-07-22T14:15:09Z</time>
      </trkpt>
      <trkpt lat="45.917115" lon="17.64124333">
        <ele>138.4</ele>
        <time>2025-07-22T14:15:11Z</time>
      </trkpt>
      <trkpt lat="45.91701167" lon="17.64119833">
        <ele>139</ele>
        <time>2025-07-22T14:15:13Z</time>
      </trkpt>
      <trkpt lat="45.91691333" lon="17.64116167">
        <ele>139.8</ele>
        <time>2025-07-22T14:15:15Z</time>
      </trkpt>
      <trkpt lat="45.916815" lon="17.64113167">
        <ele>141.4</ele>
        <time>2025-07-22T14:15:17Z</time>
      </trkpt>
      <trkpt lat="45.916685" lon="17.64111">
        <ele>141.8</ele>
        <time>2025-07-22T14:15:20Z</time>
      </trkpt>
      <trkpt lat="45.91658667" lon="17.64106167">
        <ele>142.6</ele>
        <time>2025-07-22T14:15:22Z</time>
      </trkpt>
      <trkpt lat="45.91649333" lon="17.64103">
        <ele>141.6</ele>
        <time>2025-07-22T14:15:24Z</time>
      </trkpt>
      <trkpt lat="45.91639667" lon="17.64100167">
        <ele>141.8</ele>
        <time>2025-07-22T14:15:26Z</time>
      </trkpt>
      <trkpt lat="45.916265" lon="17.64097">
        <ele>141.3</ele>
        <time>2025-07-22T14:15:29Z</time>
      </trkpt>
      <trkpt lat="45.91616333" lon="17.64095">
        <ele>141.5</ele>
        <time>2025-07-22T14:15:31Z</time>
      </trkpt>
      <trkpt lat="45.91604833" lon="17.64091167">
        <ele>141.1</ele>
        <time>2025-07-22T14:15:33Z</time>
      </trkpt>
      <trkpt lat="45.91594333" lon="17.64087833">
        <ele>140.8</ele>
        <time>2025-07-22T14:15:35Z</time>
      </trkpt>
      <trkpt lat="45.91583" lon="17.640855">
        <ele>140.7</ele>
        <time>2025-07-22T14:15:37Z</time>
      </trkpt>
      <trkpt lat="45.91573167" lon="17.64083167">
        <ele>140.8</ele>
        <time>2025-07-22T14:15:39Z</time>
      </trkpt>
      <trkpt lat="45.91561833" lon="17.64080167">
        <ele>140.8</ele>
        <time>2025-07-22T14:15:41Z</time>
      </trkpt>
      <trkpt lat="45.91545667" lon="17.64076">
        <ele>139.7</ele>
        <time>2025-07-22T14:15:44Z</time>
      </trkpt>
      <trkpt lat="45.91535667" lon="17.64072">
        <ele>138.7</ele>
        <time>2025-07-22T14:15:46Z</time>
      </trkpt>
      <trkpt lat="45.91525167" lon="17.64066667">
        <ele>138.8</ele>
        <time>2025-07-22T14:15:48Z</time>
      </trkpt>
      <trkpt lat="45.91512667" lon="17.64062">
        <ele>139.8</ele>
        <time>2025-07-22T14:15:50Z</time>
      </trkpt>
      <trkpt lat="45.91499667" lon="17.64056833">
        <ele>140.1</ele>
        <time>2025-07-22T14:15:52Z</time>
      </trkpt>
      <trkpt lat="45.91486" lon="17.64051667">
        <ele>141.4</ele>
        <time>2025-07-22T14:15:54Z</time>
      </trkpt>
      <trkpt lat="45.91472667" lon="17.64046833">
        <ele>142.9</ele>
        <time>2025-07-22T14:15:56Z</time>
      </trkpt>
      <trkpt lat="45.91462" lon="17.64043">
        <ele>144.3</ele>
        <time>2025-07-22T14:15:58Z</time>
      </trkpt>
      <trkpt lat="45.91445833" lon="17.640395">
        <ele>144.2</ele>
        <time>2025-07-22T14:16:01Z</time>
      </trkpt>
      <trkpt lat="45.914335" lon="17.640365">
        <ele>144.6</ele>
        <time>2025-07-22T14:16:03Z</time>
      </trkpt>
      <trkpt lat="45.91422" lon="17.64033667">
        <ele>144.7</ele>
        <time>2025-07-22T14:16:05Z</time>
      </trkpt>
      <trkpt lat="45.91410833" lon="17.64032667">
        <ele>144.8</ele>
        <time>2025-07-22T14:16:07Z</time>
      </trkpt>
      <trkpt lat="45.91400167" lon="17.64030833">
        <ele>145</ele>
        <time>2025-07-22T14:16:09Z</time>
      </trkpt>
      <trkpt lat="45.91389333" lon="17.64028667">
        <ele>143.6</ele>
        <time>2025-07-22T14:16:11Z</time>
      </trkpt>
      <trkpt lat="45.91379667" lon="17.64027">
        <ele>142</ele>
        <time>2025-07-22T14:16:13Z</time>
      </trkpt>
      <trkpt lat="45.91363667" lon="17.64024">
        <ele>142</ele>
        <time>2025-07-22T14:16:16Z</time>
      </trkpt>
      <trkpt lat="45.91347" lon="17.640225">
        <ele>142.5</ele>
        <time>2025-07-22T14:16:19Z</time>
      </trkpt>
      <trkpt lat="45.91328167" lon="17.64020167">
        <ele>142.7</ele>
        <time>2025-07-22T14:16:22Z</time>
      </trkpt>
      <trkpt lat="45.91316333" lon="17.64017333">
        <ele>143.3</ele>
        <time>2025-07-22T14:16:24Z</time>
      </trkpt>
      <trkpt lat="45.91305167" lon="17.64013333">
        <ele>143.9</ele>
        <time>2025-07-22T14:16:26Z</time>
      </trkpt>
      <trkpt lat="45.91293167" lon="17.64008833">
        <ele>143.3</ele>
        <time>2025-07-22T14:16:28Z</time>
      </trkpt>
      <trkpt lat="45.91281" lon="17.64003167">
        <ele>143</ele>
        <time>2025-07-22T14:16:30Z</time>
      </trkpt>
      <trkpt lat="45.912695" lon="17.64000667">
        <ele>144.3</ele>
        <time>2025-07-22T14:16:32Z</time>
      </trkpt>
      <trkpt lat="45.912565" lon="17.63996333">
        <ele>145.9</ele>
        <time>2025-07-22T14:16:34Z</time>
      </trkpt>
      <trkpt lat="45.91245667" lon="17.63995">
        <ele>147.1</ele>
        <time>2025-07-22T14:16:36Z</time>
      </trkpt>
      <trkpt lat="45.91236333" lon="17.639945">
        <ele>148.7</ele>
        <time>2025-07-22T14:16:38Z</time>
      </trkpt>
      <trkpt lat="45.91226" lon="17.63992833">
        <ele>150.3</ele>
        <time>2025-07-22T14:16:40Z</time>
      </trkpt>
      <trkpt lat="45.912145" lon="17.63990333">
        <ele>150.3</ele>
        <time>2025-07-22T14:16:42Z</time>
      </trkpt>
      <trkpt lat="45.91203667" lon="17.63987333">
        <ele>150.8</ele>
        <time>2025-07-22T14:16:44Z</time>
      </trkpt>
      <trkpt lat="45.91193833" lon="17.63983333">
        <ele>150.6</ele>
        <time>2025-07-22T14:16:46Z</time>
      </trkpt>
      <trkpt lat="45.91184" lon="17.639825">
        <ele>151.1</ele>
        <time>2025-07-22T14:16:48Z</time>
      </trkpt>
      <trkpt lat="45.91173333" lon="17.63981667">
        <ele>151</ele>
        <time>2025-07-22T14:16:50Z</time>
      </trkpt>
      <trkpt lat="45.91161833" lon="17.639795">
        <ele>151.3</ele>
        <time>2025-07-22T14:16:52Z</time>
      </trkpt>
      <trkpt lat="45.911505" lon="17.63976">
        <ele>150.9</ele>
        <time>2025-07-22T14:16:54Z</time>
      </trkpt>
      <trkpt lat="45.911415" lon="17.63974667">
        <ele>151.2</ele>
        <time>2025-07-22T14:16:56Z</time>
      </trkpt>
      <trkpt lat="45.91131" lon="17.63972667">
        <ele>150.6</ele>
        <time>2025-07-22T14:16:58Z</time>
      </trkpt>
      <trkpt lat="45.91119833" lon="17.63971">
        <ele>148.6</ele>
        <time>2025-07-22T14:17:00Z</time>
      </trkpt>
      <trkpt lat="45.91109833" lon="17.63971">
        <ele>147.8</ele>
        <time>2025-07-22T14:17:02Z</time>
      </trkpt>
      <trkpt lat="45.91098667" lon="17.63966167">
        <ele>145.5</ele>
        <time>2025-07-22T14:17:04Z</time>
      </trkpt>
      <trkpt lat="45.91087333" lon="17.63963167">
        <ele>143.1</ele>
        <time>2025-07-22T14:17:06Z</time>
      </trkpt>
      <trkpt lat="45.91077667" lon="17.63958167">
        <ele>141.7</ele>
        <time>2025-07-22T14:17:08Z</time>
      </trkpt>
      <trkpt lat="45.91066667" lon="17.63953333">
        <ele>140.4</ele>
        <time>2025-07-22T14:17:10Z</time>
      </trkpt>
      <trkpt lat="45.91055" lon="17.639515">
        <ele>139.9</ele>
        <time>2025-07-22T14:17:12Z</time>
      </trkpt>
      <trkpt lat="45.910445" lon="17.63949667">
        <ele>140.8</ele>
        <time>2025-07-22T14:17:14Z</time>
      </trkpt>
      <trkpt lat="45.91034667" lon="17.639475">
        <ele>141.9</ele>
        <time>2025-07-22T14:17:16Z</time>
      </trkpt>
      <trkpt lat="45.91025167" lon="17.63945333">
        <ele>142.7</ele>
        <time>2025-07-22T14:17:18Z</time>
      </trkpt>
      <trkpt lat="45.910155" lon="17.63944667">
        <ele>143</ele>
        <time>2025-07-22T14:17:20Z</time>
      </trkpt>
      <trkpt lat="45.91005833" lon="17.63944667">
        <ele>143.5</ele>
        <time>2025-07-22T14:17:22Z</time>
      </trkpt>
      <trkpt lat="45.90995333" lon="17.63944667">
        <ele>144.2</ele>
        <time>2025-07-22T14:17:24Z</time>
      </trkpt>
      <trkpt lat="45.90986" lon="17.63943333">
        <ele>144.8</ele>
        <time>2025-07-22T14:17:26Z</time>
      </trkpt>
      <trkpt lat="45.909755" lon="17.639415">
        <ele>144.9</ele>
        <time>2025-07-22T14:17:28Z</time>
      </trkpt>
      <trkpt lat="45.909635" lon="17.63938833">
        <ele>148.6</ele>
        <time>2025-07-22T14:17:30Z</time>
      </trkpt>
      <trkpt lat="45.90953333" lon="17.63936667">
        <ele>149.4</ele>
        <time>2025-07-22T14:17:32Z</time>
      </trkpt>
      <trkpt lat="45.90943" lon="17.63935167">
        <ele>149.2</ele>
        <time>2025-07-22T14:17:34Z</time>
      </trkpt>
      <trkpt lat="45.909315" lon="17.63932167">
        <ele>148.3</ele>
        <time>2025-07-22T14:17:36Z</time>
      </trkpt>
      <trkpt lat="45.90921" lon="17.639285">
        <ele>148.9</ele>
        <time>2025-07-22T14:17:38Z</time>
      </trkpt>
      <trkpt lat="45.90910667" lon="17.63924833">
        <ele>150</ele>
        <time>2025-07-22T14:17:40Z</time>
      </trkpt>
      <trkpt lat="45.909005" lon="17.63921833">
        <ele>150.4</ele>
        <time>2025-07-22T14:17:42Z</time>
      </trkpt>
      <trkpt lat="45.90891667" lon="17.63919333">
        <ele>150.6</ele>
        <time>2025-07-22T14:17:44Z</time>
      </trkpt>
      <trkpt lat="45.90882167" lon="17.63916833">
        <ele>149.8</ele>
        <time>2025-07-22T14:17:46Z</time>
      </trkpt>
      <trkpt lat="45.90873" lon="17.63914167">
        <ele>149.9</ele>
        <time>2025-07-22T14:17:48Z</time>
      </trkpt>
      <trkpt lat="45.90861667" lon="17.63910333">
        <ele>149.8</ele>
        <time>2025-07-22T14:17:50Z</time>
      </trkpt>
      <trkpt lat="45.908505" lon="17.63907833">
        <ele>149.4</ele>
        <time>2025-07-22T14:17:52Z</time>
      </trkpt>
      <trkpt lat="45.90839333" lon="17.63905333">
        <ele>147.9</ele>
        <time>2025-07-22T14:17:54Z</time>
      </trkpt>
      <trkpt lat="45.90828833" lon="17.639055">
        <ele>144.7</ele>
        <time>2025-07-22T14:17:56Z</time>
      </trkpt>
      <trkpt lat="45.90816" lon="17.63905667">
        <ele>141.6</ele>
        <time>2025-07-22T14:17:58Z</time>
      </trkpt>
      <trkpt lat="45.90801" lon="17.63903">
        <ele>139.4</ele>
        <time>2025-07-22T14:18:00Z</time>
      </trkpt>
      <trkpt lat="45.90785667" lon="17.63900167">
        <ele>137.3</ele>
        <time>2025-07-22T14:18:02Z</time>
      </trkpt>
      <trkpt lat="45.90769667" lon="17.63897333">
        <ele>135.9</ele>
        <time>2025-07-22T14:18:04Z</time>
      </trkpt>
      <trkpt lat="45.907555" lon="17.63893667">
        <ele>137.6</ele>
        <time>2025-07-22T14:18:06Z</time>
      </trkpt>
      <trkpt lat="45.90741" lon="17.63890333">
        <ele>138.4</ele>
        <time>2025-07-22T14:18:08Z</time>
      </trkpt>
      <trkpt lat="45.90728" lon="17.63888167">
        <ele>139.6</ele>
        <time>2025-07-22T14:18:10Z</time>
      </trkpt>
      <trkpt lat="45.90715667" lon="17.638875">
        <ele>141.8</ele>
        <time>2025-07-22T14:18:12Z</time>
      </trkpt>
      <trkpt lat="45.90704167" lon="17.638875">
        <ele>143.6</ele>
        <time>2025-07-22T14:18:14Z</time>
      </trkpt>
      <trkpt lat="45.906925" lon="17.63886333">
        <ele>143.9</ele>
        <time>2025-07-22T14:18:16Z</time>
      </trkpt>
      <trkpt lat="45.90681167" lon="17.63886833">
        <ele>146</ele>
        <time>2025-07-22T14:18:18Z</time>
      </trkpt>
      <trkpt lat="45.90669833" lon="17.63887667">
        <ele>146.1</ele>
        <time>2025-07-22T14:18:20Z</time>
      </trkpt>
      <trkpt lat="45.906595" lon="17.638885">
        <ele>147.1</ele>
        <time>2025-07-22T14:18:22Z</time>
      </trkpt>
      <trkpt lat="45.90649167" lon="17.63888667">
        <ele>146.4</ele>
        <time>2025-07-22T14:18:24Z</time>
      </trkpt>
      <trkpt lat="45.90639333" lon="17.63888667">
        <ele>145.7</ele>
        <time>2025-07-22T14:18:26Z</time>
      </trkpt>
      <trkpt lat="45.90628" lon="17.638885">
        <ele>145.6</ele>
        <time>2025-07-22T14:18:28Z</time>
      </trkpt>
      <trkpt lat="45.90616667" lon="17.63887333">
        <ele>146</ele>
        <time>2025-07-22T14:18:30Z</time>
      </trkpt>
      <trkpt lat="45.90605833" lon="17.63886833">
        <ele>144.2</ele>
        <time>2025-07-22T14:18:32Z</time>
      </trkpt>
      <trkpt lat="45.905955" lon="17.638855">
        <ele>143.3</ele>
        <time>2025-07-22T14:18:34Z</time>
      </trkpt>
      <trkpt lat="45.90583833" lon="17.63884">
        <ele>142.8</ele>
        <time>2025-07-22T14:18:36Z</time>
      </trkpt>
      <trkpt lat="45.90572" lon="17.63883667">
        <ele>143</ele>
        <time>2025-07-22T14:18:38Z</time>
      </trkpt>
      <trkpt lat="45.905615" lon="17.638825">
        <ele>142.3</ele>
        <time>2025-07-22T14:18:40Z</time>
      </trkpt>
      <trkpt lat="45.905495" lon="17.63883">
        <ele>141.5</ele>
        <time>2025-07-22T14:18:42Z</time>
      </trkpt>
      <trkpt lat="45.90537167" lon="17.638845">
        <ele>144.7</ele>
        <time>2025-07-22T14:18:44Z</time>
      </trkpt>
      <trkpt lat="45.90524833" lon="17.63885833">
        <ele>147.3</ele>
        <time>2025-07-22T14:18:46Z</time>
      </trkpt>
      <trkpt lat="45.90513167" lon="17.63886">
        <ele>148.4</ele>
        <time>2025-07-22T14:18:48Z</time>
      </trkpt>
      <trkpt lat="45.905025" lon="17.638865">
        <ele>150.1</ele>
        <time>2025-07-22T14:18:50Z</time>
      </trkpt>
      <trkpt lat="45.90490833" lon="17.63886833">
        <ele>150.1</ele>
        <time>2025-07-22T14:18:52Z</time>
      </trkpt>
      <trkpt lat="45.90479333" lon="17.63887333">
        <ele>150.5</ele>
        <time>2025-07-22T14:18:54Z</time>
      </trkpt>
      <trkpt lat="45.90468833" lon="17.638865">
        <ele>149.9</ele>
        <time>2025-07-22T14:18:56Z</time>
      </trkpt>
      <trkpt lat="45.90458333" lon="17.638855">
        <ele>149.1</ele>
        <time>2025-07-22T14:18:58Z</time>
      </trkpt>
      <trkpt lat="45.90447667" lon="17.63885167">
        <ele>148.8</ele>
        <time>2025-07-22T14:19:00Z</time>
      </trkpt>
      <trkpt lat="45.904375" lon="17.638855">
        <ele>148.8</ele>
        <time>2025-07-22T14:19:02Z</time>
      </trkpt>
      <trkpt lat="45.90427167" lon="17.63886667">
        <ele>148</ele>
        <time>2025-07-22T14:19:04Z</time>
      </trkpt>
      <trkpt lat="45.90417333" lon="17.63886">
        <ele>148</ele>
        <time>2025-07-22T14:19:06Z</time>
      </trkpt>
      <trkpt lat="45.90407667" lon="17.63885">
        <ele>146.8</ele>
        <time>2025-07-22T14:19:08Z</time>
      </trkpt>
      <trkpt lat="45.90397" lon="17.638845">
        <ele>146.1</ele>
        <time>2025-07-22T14:19:10Z</time>
      </trkpt>
      <trkpt lat="45.903865" lon="17.63883333">
        <ele>145.5</ele>
        <time>2025-07-22T14:19:12Z</time>
      </trkpt>
      <trkpt lat="45.903765" lon="17.63882167">
        <ele>145.1</ele>
        <time>2025-07-22T14:19:14Z</time>
      </trkpt>
      <trkpt lat="45.90363333" lon="17.63881833">
        <ele>144.1</ele>
        <time>2025-07-22T14:19:17Z</time>
      </trkpt>
      <trkpt lat="45.90353667" lon="17.63882167">
        <ele>143.5</ele>
        <time>2025-07-22T14:19:19Z</time>
      </trkpt>
      <trkpt lat="45.90344" lon="17.63882667">
        <ele>144</ele>
        <time>2025-07-22T14:19:21Z</time>
      </trkpt>
      <trkpt lat="45.90331833" lon="17.63885333">
        <ele>143.1</ele>
        <time>2025-07-22T14:19:24Z</time>
      </trkpt>
      <trkpt lat="45.90321" lon="17.63882667">
        <ele>142.7</ele>
        <time>2025-07-22T14:19:27Z</time>
      </trkpt>
      <trkpt lat="45.90314167" lon="17.63869167">
        <ele>143</ele>
        <time>2025-07-22T14:19:31Z</time>
      </trkpt>
      <trkpt lat="45.90312333" lon="17.63855">
        <ele>143.8</ele>
        <time>2025-07-22T14:19:34Z</time>
      </trkpt>
      <trkpt lat="45.90309" lon="17.63870333">
        <ele>140.6</ele>
        <time>2025-07-22T14:19:59Z</time>
      </trkpt>
      <trkpt lat="45.90308833" lon="17.63886833">
        <ele>140.6</ele>
        <time>2025-07-22T14:20:03Z</time>
      </trkpt>
      <trkpt lat="45.90308" lon="17.63902167">
        <ele>140.6</ele>
        <time>2025-07-22T14:20:07Z</time>
      </trkpt>
      <trkpt lat="45.90307333" lon="17.639155">
        <ele>139.7</ele>
        <time>2025-07-22T14:20:10Z</time>
      </trkpt>
      <trkpt lat="45.903075" lon="17.63931667">
        <ele>139</ele>
        <time>2025-07-22T14:20:13Z</time>
      </trkpt>
      <trkpt lat="45.903085" lon="17.639485">
        <ele>138.2</ele>
        <time>2025-07-22T14:20:16Z</time>
      </trkpt>
      <trkpt lat="45.90308833" lon="17.639645">
        <ele>139.8</ele>
        <time>2025-07-22T14:20:19Z</time>
      </trkpt>
      <trkpt lat="45.90307667" lon="17.63977333">
        <ele>139.7</ele>
        <time>2025-07-22T14:20:21Z</time>
      </trkpt>
      <trkpt lat="45.90306333" lon="17.639955">
        <ele>139.2</ele>
        <time>2025-07-22T14:20:24Z</time>
      </trkpt>
      <trkpt lat="45.90304833" lon="17.64009333">
        <ele>138.3</ele>
        <time>2025-07-22T14:20:26Z</time>
      </trkpt>
      <trkpt lat="45.903045" lon="17.64026667">
        <ele>137.2</ele>
        <time>2025-07-22T14:20:28Z</time>
      </trkpt>
      <trkpt lat="45.90303333" lon="17.64042167">
        <ele>137.7</ele>
        <time>2025-07-22T14:20:30Z</time>
      </trkpt>
      <trkpt lat="45.90303167" lon="17.640575">
        <ele>138.4</ele>
        <time>2025-07-22T14:20:32Z</time>
      </trkpt>
      <trkpt lat="45.90303" lon="17.640725">
        <ele>138.6</ele>
        <time>2025-07-22T14:20:34Z</time>
      </trkpt>
      <trkpt lat="45.90302667" lon="17.64086333">
        <ele>138.5</ele>
        <time>2025-07-22T14:20:36Z</time>
      </trkpt>
      <trkpt lat="45.90302" lon="17.64100833">
        <ele>138.9</ele>
        <time>2025-07-22T14:20:38Z</time>
      </trkpt>
      <trkpt lat="45.90301333" lon="17.64116667">
        <ele>139.6</ele>
        <time>2025-07-22T14:20:40Z</time>
      </trkpt>
      <trkpt lat="45.90300833" lon="17.641355">
        <ele>139</ele>
        <time>2025-07-22T14:20:43Z</time>
      </trkpt>
      <trkpt lat="45.90301333" lon="17.64148667">
        <ele>138.2</ele>
        <time>2025-07-22T14:20:45Z</time>
      </trkpt>
      <trkpt lat="45.90302" lon="17.64162333">
        <ele>138.6</ele>
        <time>2025-07-22T14:20:47Z</time>
      </trkpt>
      <trkpt lat="45.90302333" lon="17.641805">
        <ele>138.7</ele>
        <time>2025-07-22T14:20:50Z</time>
      </trkpt>
      <trkpt lat="45.90301667" lon="17.64197167">
        <ele>139.8</ele>
        <time>2025-07-22T14:20:53Z</time>
      </trkpt>
      <trkpt lat="45.90295667" lon="17.642095">
        <ele>142</ele>
        <time>2025-07-22T14:20:56Z</time>
      </trkpt>
      <trkpt lat="45.90283833" lon="17.64216833">
        <ele>144.3</ele>
        <time>2025-07-22T14:20:59Z</time>
      </trkpt>
      <trkpt lat="45.90274333" lon="17.642215">
        <ele>145.5</ele>
        <time>2025-07-22T14:21:01Z</time>
      </trkpt>
      <trkpt lat="45.90264333" lon="17.64226833">
        <ele>146.5</ele>
        <time>2025-07-22T14:21:03Z</time>
      </trkpt>
      <trkpt lat="45.902545" lon="17.64231667">
        <ele>146</ele>
        <time>2025-07-22T14:21:05Z</time>
      </trkpt>
      <trkpt lat="45.90245167" lon="17.64235833">
        <ele>145.8</ele>
        <time>2025-07-22T14:21:07Z</time>
      </trkpt>
      <trkpt lat="45.90235333" lon="17.64239333">
        <ele>146.1</ele>
        <time>2025-07-22T14:21:09Z</time>
      </trkpt>
      <trkpt lat="45.90225333" lon="17.64243833">
        <ele>145.1</ele>
        <time>2025-07-22T14:21:11Z</time>
      </trkpt>
      <trkpt lat="45.90214833" lon="17.64246833">
        <ele>144.4</ele>
        <time>2025-07-22T14:21:13Z</time>
      </trkpt>
      <trkpt lat="45.90201667" lon="17.64252">
        <ele>143.9</ele>
        <time>2025-07-22T14:21:16Z</time>
      </trkpt>
      <trkpt lat="45.90191333" lon="17.64258">
        <ele>143.8</ele>
        <time>2025-07-22T14:21:18Z</time>
      </trkpt>
      <trkpt lat="45.90180167" lon="17.64264667">
        <ele>144.1</ele>
        <time>2025-07-22T14:21:20Z</time>
      </trkpt>
      <trkpt lat="45.901695" lon="17.64272167">
        <ele>144.7</ele>
        <time>2025-07-22T14:21:22Z</time>
      </trkpt>
      <trkpt lat="45.901585" lon="17.64277833">
        <ele>145.3</ele>
        <time>2025-07-22T14:21:24Z</time>
      </trkpt>
      <trkpt lat="45.90147833" lon="17.64283">
        <ele>144.5</ele>
        <time>2025-07-22T14:21:26Z</time>
      </trkpt>
      <trkpt lat="45.901375" lon="17.642875">
        <ele>142.6</ele>
        <time>2025-07-22T14:21:28Z</time>
      </trkpt>
      <trkpt lat="45.901275" lon="17.64292833">
        <ele>140.7</ele>
        <time>2025-07-22T14:21:30Z</time>
      </trkpt>
      <trkpt lat="45.90118333" lon="17.642985">
        <ele>139.5</ele>
        <time>2025-07-22T14:21:32Z</time>
      </trkpt>
      <trkpt lat="45.901085" lon="17.64303333">
        <ele>138.7</ele>
        <time>2025-07-22T14:21:34Z</time>
      </trkpt>
      <trkpt lat="45.90099" lon="17.64308667">
        <ele>138.2</ele>
        <time>2025-07-22T14:21:36Z</time>
      </trkpt>
      <trkpt lat="45.90086833" lon="17.64313167">
        <ele>138.2</ele>
        <time>2025-07-22T14:21:38Z</time>
      </trkpt>
      <trkpt lat="45.90076667" lon="17.64317333">
        <ele>137.7</ele>
        <time>2025-07-22T14:21:40Z</time>
      </trkpt>
      <trkpt lat="45.90067" lon="17.64324">
        <ele>136.9</ele>
        <time>2025-07-22T14:21:42Z</time>
      </trkpt>
      <trkpt lat="45.90058" lon="17.6433">
        <ele>135.8</ele>
        <time>2025-07-22T14:21:44Z</time>
      </trkpt>
      <trkpt lat="45.900475" lon="17.64335667">
        <ele>136.1</ele>
        <time>2025-07-22T14:21:46Z</time>
      </trkpt>
      <trkpt lat="45.90037167" lon="17.64339333">
        <ele>136.6</ele>
        <time>2025-07-22T14:21:48Z</time>
      </trkpt>
      <trkpt lat="45.900275" lon="17.643435">
        <ele>137.4</ele>
        <time>2025-07-22T14:21:50Z</time>
      </trkpt>
      <trkpt lat="45.90016333" lon="17.64349">
        <ele>136.4</ele>
        <time>2025-07-22T14:21:53Z</time>
      </trkpt>
      <trkpt lat="45.90004" lon="17.64356">
        <ele>134.5</ele>
        <time>2025-07-22T14:21:56Z</time>
      </trkpt>
      <trkpt lat="45.899925" lon="17.64361667">
        <ele>133.4</ele>
        <time>2025-07-22T14:21:58Z</time>
      </trkpt>
      <trkpt lat="45.899815" lon="17.64366833">
        <ele>133.2</ele>
        <time>2025-07-22T14:22:00Z</time>
      </trkpt>
      <trkpt lat="45.89969" lon="17.643755">
        <ele>133</ele>
        <time>2025-07-22T14:22:02Z</time>
      </trkpt>
      <trkpt lat="45.89956167" lon="17.643835">
        <ele>134.3</ele>
        <time>2025-07-22T14:22:04Z</time>
      </trkpt>
      <trkpt lat="45.89945833" lon="17.64391">
        <ele>136.7</ele>
        <time>2025-07-22T14:22:06Z</time>
      </trkpt>
      <trkpt lat="45.89936667" lon="17.64398">
        <ele>139.4</ele>
        <time>2025-07-22T14:22:08Z</time>
      </trkpt>
      <trkpt lat="45.89925" lon="17.64405833">
        <ele>141.7</ele>
        <time>2025-07-22T14:22:10Z</time>
      </trkpt>
      <trkpt lat="45.89914333" lon="17.64413667">
        <ele>142.6</ele>
        <time>2025-07-22T14:22:12Z</time>
      </trkpt>
      <trkpt lat="45.89904" lon="17.64421833">
        <ele>145</ele>
        <time>2025-07-22T14:22:14Z</time>
      </trkpt>
      <trkpt lat="45.89892833" lon="17.64430833">
        <ele>146.8</ele>
        <time>2025-07-22T14:22:16Z</time>
      </trkpt>
      <trkpt lat="45.89882333" lon="17.64438833">
        <ele>149.7</ele>
        <time>2025-07-22T14:22:18Z</time>
      </trkpt>
      <trkpt lat="45.89872833" lon="17.64445833">
        <ele>151</ele>
        <time>2025-07-22T14:22:20Z</time>
      </trkpt>
      <trkpt lat="45.89864" lon="17.64451333">
        <ele>151.7</ele>
        <time>2025-07-22T14:22:22Z</time>
      </trkpt>
      <trkpt lat="45.898535" lon="17.64458333">
        <ele>151.3</ele>
        <time>2025-07-22T14:22:24Z</time>
      </trkpt>
      <trkpt lat="45.89844" lon="17.64463667">
        <ele>149.9</ele>
        <time>2025-07-22T14:22:26Z</time>
      </trkpt>
      <trkpt lat="45.89833333" lon="17.64469167">
        <ele>149.6</ele>
        <time>2025-07-22T14:22:28Z</time>
      </trkpt>
      <trkpt lat="45.89823833" lon="17.64473833">
        <ele>148.9</ele>
        <time>2025-07-22T14:22:30Z</time>
      </trkpt>
      <trkpt lat="45.89813" lon="17.64479167">
        <ele>147.6</ele>
        <time>2025-07-22T14:22:32Z</time>
      </trkpt>
      <trkpt lat="45.89803" lon="17.64483">
        <ele>147</ele>
        <time>2025-07-22T14:22:34Z</time>
      </trkpt>
      <trkpt lat="45.89793167" lon="17.64488833">
        <ele>147.1</ele>
        <time>2025-07-22T14:22:36Z</time>
      </trkpt>
      <trkpt lat="45.89783167" lon="17.64494333">
        <ele>144.8</ele>
        <time>2025-07-22T14:22:38Z</time>
      </trkpt>
      <trkpt lat="45.89773667" lon="17.64500667">
        <ele>142.4</ele>
        <time>2025-07-22T14:22:40Z</time>
      </trkpt>
      <trkpt lat="45.89764167" lon="17.64511667">
        <ele>141</ele>
        <time>2025-07-22T14:22:42Z</time>
      </trkpt>
      <trkpt lat="45.89756667" lon="17.64526333">
        <ele>140.5</ele>
        <time>2025-07-22T14:22:44Z</time>
      </trkpt>
      <trkpt lat="45.89752667" lon="17.64542">
        <ele>140.8</ele>
        <time>2025-07-22T14:22:46Z</time>
      </trkpt>
      <trkpt lat="45.89749833" lon="17.645555">
        <ele>140.5</ele>
        <time>2025-07-22T14:22:48Z</time>
      </trkpt>
      <trkpt lat="45.89747667" lon="17.64569667">
        <ele>139.7</ele>
        <time>2025-07-22T14:22:50Z</time>
      </trkpt>
      <trkpt lat="45.89748333" lon="17.64585333">
        <ele>138.8</ele>
        <time>2025-07-22T14:22:52Z</time>
      </trkpt>
      <trkpt lat="45.89748667" lon="17.64600167">
        <ele>138.9</ele>
        <time>2025-07-22T14:22:54Z</time>
      </trkpt>
      <trkpt lat="45.897505" lon="17.64615667">
        <ele>139.1</ele>
        <time>2025-07-22T14:22:57Z</time>
      </trkpt>
      <trkpt lat="45.89752333" lon="17.64634667">
        <ele>138.7</ele>
        <time>2025-07-22T14:23:00Z</time>
      </trkpt>
      <trkpt lat="45.89753" lon="17.64650833">
        <ele>138.3</ele>
        <time>2025-07-22T14:23:02Z</time>
      </trkpt>
      <trkpt lat="45.89753833" lon="17.64669167">
        <ele>137.7</ele>
        <time>2025-07-22T14:23:04Z</time>
      </trkpt>
      <trkpt lat="45.897545" lon="17.64684667">
        <ele>137.6</ele>
        <time>2025-07-22T14:23:06Z</time>
      </trkpt>
      <trkpt lat="45.897545" lon="17.64700333">
        <ele>137.1</ele>
        <time>2025-07-22T14:23:08Z</time>
      </trkpt>
      <trkpt lat="45.89754833" lon="17.64716">
        <ele>136.1</ele>
        <time>2025-07-22T14:23:10Z</time>
      </trkpt>
      <trkpt lat="45.897555" lon="17.64731167">
        <ele>135.5</ele>
        <time>2025-07-22T14:23:12Z</time>
      </trkpt>
      <trkpt lat="45.89755833" lon="17.64746833">
        <ele>136.1</ele>
        <time>2025-07-22T14:23:14Z</time>
      </trkpt>
      <trkpt lat="45.89757167" lon="17.64767">
        <ele>136.6</ele>
        <time>2025-07-22T14:23:17Z</time>
      </trkpt>
      <trkpt lat="45.89756667" lon="17.64781167">
        <ele>136.7</ele>
        <time>2025-07-22T14:23:19Z</time>
      </trkpt>
      <trkpt lat="45.89757" lon="17.64795833">
        <ele>136.8</ele>
        <time>2025-07-22T14:23:21Z</time>
      </trkpt>
      <trkpt lat="45.89756833" lon="17.64810333">
        <ele>135.5</ele>
        <time>2025-07-22T14:23:23Z</time>
      </trkpt>
      <trkpt lat="45.897585" lon="17.64828833">
        <ele>133.1</ele>
        <time>2025-07-22T14:23:26Z</time>
      </trkpt>
      <trkpt lat="45.897595" lon="17.64843833">
        <ele>132.9</ele>
        <time>2025-07-22T14:23:28Z</time>
      </trkpt>
      <trkpt lat="45.89760167" lon="17.64859167">
        <ele>133.1</ele>
        <time>2025-07-22T14:23:30Z</time>
      </trkpt>
      <trkpt lat="45.89761333" lon="17.64873167">
        <ele>132.7</ele>
        <time>2025-07-22T14:23:32Z</time>
      </trkpt>
      <trkpt lat="45.89762167" lon="17.64892167">
        <ele>131.2</ele>
        <time>2025-07-22T14:23:35Z</time>
      </trkpt>
      <trkpt lat="45.897625" lon="17.649075">
        <ele>131.1</ele>
        <time>2025-07-22T14:23:37Z</time>
      </trkpt>
      <trkpt lat="45.89762833" lon="17.649225">
        <ele>130.7</ele>
        <time>2025-07-22T14:23:39Z</time>
      </trkpt>
      <trkpt lat="45.89763333" lon="17.64938333">
        <ele>130.5</ele>
        <time>2025-07-22T14:23:41Z</time>
      </trkpt>
      <trkpt lat="45.89763167" lon="17.64953333">
        <ele>130.1</ele>
        <time>2025-07-22T14:23:43Z</time>
      </trkpt>
      <trkpt lat="45.89764333" lon="17.64966833">
        <ele>128.8</ele>
        <time>2025-07-22T14:23:45Z</time>
      </trkpt>
      <trkpt lat="45.89765" lon="17.64981833">
        <ele>127.5</ele>
        <time>2025-07-22T14:23:47Z</time>
      </trkpt>
      <trkpt lat="45.89767" lon="17.64999833">
        <ele>122.8</ele>
        <time>2025-07-22T14:23:50Z</time>
      </trkpt>
      <trkpt lat="45.89766667" lon="17.65013">
        <ele>119.9</ele>
        <time>2025-07-22T14:23:52Z</time>
      </trkpt>
      <trkpt lat="45.89766167" lon="17.65030833">
        <ele>118.8</ele>
        <time>2025-07-22T14:23:54Z</time>
      </trkpt>
      <trkpt lat="45.897675" lon="17.65048833">
        <ele>117.5</ele>
        <time>2025-07-22T14:23:56Z</time>
      </trkpt>
      <trkpt lat="45.897675" lon="17.65066">
        <ele>116.5</ele>
        <time>2025-07-22T14:23:58Z</time>
      </trkpt>
      <trkpt lat="45.89767667" lon="17.65082333">
        <ele>115.4</ele>
        <time>2025-07-22T14:24:00Z</time>
      </trkpt>
      <trkpt lat="45.89767333" lon="17.65100667">
        <ele>115</ele>
        <time>2025-07-22T14:24:02Z</time>
      </trkpt>
      <trkpt lat="45.89767167" lon="17.65117667">
        <ele>114.5</ele>
        <time>2025-07-22T14:24:04Z</time>
      </trkpt>
      <trkpt lat="45.89768" lon="17.65135167">
        <ele>114</ele>
        <time>2025-07-22T14:24:06Z</time>
      </trkpt>
      <trkpt lat="45.89768167" lon="17.65152333">
        <ele>114.8</ele>
        <time>2025-07-22T14:24:08Z</time>
      </trkpt>
      <trkpt lat="45.89768833" lon="17.65171333">
        <ele>115.9</ele>
        <time>2025-07-22T14:24:10Z</time>
      </trkpt>
      <trkpt lat="45.89769667" lon="17.651905">
        <ele>116.6</ele>
        <time>2025-07-22T14:24:12Z</time>
      </trkpt>
      <trkpt lat="45.897705" lon="17.65209">
        <ele>116.9</ele>
        <time>2025-07-22T14:24:14Z</time>
      </trkpt>
      <trkpt lat="45.89770833" lon="17.65226333">
        <ele>117.1</ele>
        <time>2025-07-22T14:24:16Z</time>
      </trkpt>
      <trkpt lat="45.89771833" lon="17.652445">
        <ele>118.2</ele>
        <time>2025-07-22T14:24:18Z</time>
      </trkpt>
      <trkpt lat="45.897725" lon="17.65261333">
        <ele>118.3</ele>
        <time>2025-07-22T14:24:20Z</time>
      </trkpt>
      <trkpt lat="45.89774167" lon="17.65279333">
        <ele>119</ele>
        <time>2025-07-22T14:24:22Z</time>
      </trkpt>
      <trkpt lat="45.89775167" lon="17.652975">
        <ele>120.1</ele>
        <time>2025-07-22T14:24:24Z</time>
      </trkpt>
      <trkpt lat="45.89777" lon="17.65315">
        <ele>121.5</ele>
        <time>2025-07-22T14:24:26Z</time>
      </trkpt>
      <trkpt lat="45.89778667" lon="17.65331167">
        <ele>122.7</ele>
        <time>2025-07-22T14:24:28Z</time>
      </trkpt>
      <trkpt lat="45.89779" lon="17.65348">
        <ele>124.1</ele>
        <time>2025-07-22T14:24:30Z</time>
      </trkpt>
      <trkpt lat="45.89781167" lon="17.65365167">
        <ele>125.4</ele>
        <time>2025-07-22T14:24:32Z</time>
      </trkpt>
      <trkpt lat="45.89781667" lon="17.65381333">
        <ele>126.4</ele>
        <time>2025-07-22T14:24:34Z</time>
      </trkpt>
      <trkpt lat="45.89782" lon="17.65397667">
        <ele>126.4</ele>
        <time>2025-07-22T14:24:36Z</time>
      </trkpt>
      <trkpt lat="45.897825" lon="17.65411333">
        <ele>125.1</ele>
        <time>2025-07-22T14:24:38Z</time>
      </trkpt>
      <trkpt lat="45.89782833" lon="17.654285">
        <ele>126</ele>
        <time>2025-07-22T14:24:40Z</time>
      </trkpt>
      <trkpt lat="45.89783667" lon="17.654445">
        <ele>125.3</ele>
        <time>2025-07-22T14:24:42Z</time>
      </trkpt>
      <trkpt lat="45.89784667" lon="17.65459833">
        <ele>125.2</ele>
        <time>2025-07-22T14:24:44Z</time>
      </trkpt>
      <trkpt lat="45.89785" lon="17.65476333">
        <ele>125.7</ele>
        <time>2025-07-22T14:24:46Z</time>
      </trkpt>
      <trkpt lat="45.89784833" lon="17.65494333">
        <ele>125.5</ele>
        <time>2025-07-22T14:24:49Z</time>
      </trkpt>
      <trkpt lat="45.89785333" lon="17.655115">
        <ele>125.2</ele>
        <time>2025-07-22T14:24:52Z</time>
      </trkpt>
      <trkpt lat="45.89786" lon="17.65527">
        <ele>124.4</ele>
        <time>2025-07-22T14:24:55Z</time>
      </trkpt>
      <trkpt lat="45.89787" lon="17.65547333">
        <ele>123.3</ele>
        <time>2025-07-22T14:24:58Z</time>
      </trkpt>
      <trkpt lat="45.89788" lon="17.65563333">
        <ele>122.8</ele>
        <time>2025-07-22T14:25:00Z</time>
      </trkpt>
      <trkpt lat="45.897885" lon="17.65578333">
        <ele>123</ele>
        <time>2025-07-22T14:25:02Z</time>
      </trkpt>
      <trkpt lat="45.89789667" lon="17.65592167">
        <ele>122.3</ele>
        <time>2025-07-22T14:25:04Z</time>
      </trkpt>
      <trkpt lat="45.89790333" lon="17.65605667">
        <ele>122.4</ele>
        <time>2025-07-22T14:25:06Z</time>
      </trkpt>
      <trkpt lat="45.89790833" lon="17.65618833">
        <ele>122.4</ele>
        <time>2025-07-22T14:25:08Z</time>
      </trkpt>
      <trkpt lat="45.89790167" lon="17.65633">
        <ele>122.5</ele>
        <time>2025-07-22T14:25:10Z</time>
      </trkpt>
      <trkpt lat="45.897905" lon="17.65648333">
        <ele>122.3</ele>
        <time>2025-07-22T14:25:13Z</time>
      </trkpt>
      <trkpt lat="45.89791167" lon="17.65662833">
        <ele>121.8</ele>
        <time>2025-07-22T14:25:16Z</time>
      </trkpt>
      <trkpt lat="45.89791167" lon="17.65679167">
        <ele>117.5</ele>
        <time>2025-07-22T14:25:21Z</time>
      </trkpt>
      <trkpt lat="45.897895" lon="17.65696667">
        <ele>115.7</ele>
        <time>2025-07-22T14:25:24Z</time>
      </trkpt>
      <trkpt lat="45.897885" lon="17.65711333">
        <ele>114.5</ele>
        <time>2025-07-22T14:25:26Z</time>
      </trkpt>
      <trkpt lat="45.897865" lon="17.65726833">
        <ele>113.7</ele>
        <time>2025-07-22T14:25:28Z</time>
      </trkpt>
      <trkpt lat="45.89786167" lon="17.657405">
        <ele>113.2</ele>
        <time>2025-07-22T14:25:30Z</time>
      </trkpt>
      <trkpt lat="45.89786833" lon="17.65753833">
        <ele>111.3</ele>
        <time>2025-07-22T14:25:32Z</time>
      </trkpt>
      <trkpt lat="45.89786" lon="17.65767833">
        <ele>109.9</ele>
        <time>2025-07-22T14:25:34Z</time>
      </trkpt>
      <trkpt lat="45.89785" lon="17.65782333">
        <ele>109.3</ele>
        <time>2025-07-22T14:25:36Z</time>
      </trkpt>
      <trkpt lat="45.89784" lon="17.657965">
        <ele>109.3</ele>
        <time>2025-07-22T14:25:38Z</time>
      </trkpt>
      <trkpt lat="45.89783667" lon="17.65809667">
        <ele>108.8</ele>
        <time>2025-07-22T14:25:40Z</time>
      </trkpt>
      <trkpt lat="45.89783167" lon="17.65828">
        <ele>109.5</ele>
        <time>2025-07-22T14:25:43Z</time>
      </trkpt>
      <trkpt lat="45.89783" lon="17.65844">
        <ele>108.7</ele>
        <time>2025-07-22T14:25:45Z</time>
      </trkpt>
      <trkpt lat="45.89783833" lon="17.65862333">
        <ele>108.2</ele>
        <time>2025-07-22T14:25:48Z</time>
      </trkpt>
      <trkpt lat="45.89784833" lon="17.65875667">
        <ele>108.7</ele>
        <time>2025-07-22T14:25:50Z</time>
      </trkpt>
      <trkpt lat="45.89785333" lon="17.65892833">
        <ele>108.4</ele>
        <time>2025-07-22T14:25:52Z</time>
      </trkpt>
      <trkpt lat="45.897845" lon="17.65909167">
        <ele>108.5</ele>
        <time>2025-07-22T14:25:54Z</time>
      </trkpt>
      <trkpt lat="45.89783667" lon="17.659245">
        <ele>109.5</ele>
        <time>2025-07-22T14:25:56Z</time>
      </trkpt>
      <trkpt lat="45.897835" lon="17.65942667">
        <ele>109.9</ele>
        <time>2025-07-22T14:25:58Z</time>
      </trkpt>
      <trkpt lat="45.89783833" lon="17.659625">
        <ele>110.9</ele>
        <time>2025-07-22T14:26:00Z</time>
      </trkpt>
      <trkpt lat="45.89784333" lon="17.65980333">
        <ele>111.8</ele>
        <time>2025-07-22T14:26:02Z</time>
      </trkpt>
      <trkpt lat="45.89784333" lon="17.659955">
        <ele>112.4</ele>
        <time>2025-07-22T14:26:04Z</time>
      </trkpt>
      <trkpt lat="45.897815" lon="17.66011667">
        <ele>111.7</ele>
        <time>2025-07-22T14:26:06Z</time>
      </trkpt>
      <trkpt lat="45.89779667" lon="17.66028333">
        <ele>112.7</ele>
        <time>2025-07-22T14:26:08Z</time>
      </trkpt>
      <trkpt lat="45.89778333" lon="17.66045667">
        <ele>112.1</ele>
        <time>2025-07-22T14:26:10Z</time>
      </trkpt>
      <trkpt lat="45.89777667" lon="17.66059167">
        <ele>110.1</ele>
        <time>2025-07-22T14:26:12Z</time>
      </trkpt>
      <trkpt lat="45.89775667" lon="17.66077833">
        <ele>108.8</ele>
        <time>2025-07-22T14:26:15Z</time>
      </trkpt>
      <trkpt lat="45.89773833" lon="17.660925">
        <ele>107.5</ele>
        <time>2025-07-22T14:26:17Z</time>
      </trkpt>
      <trkpt lat="45.897705" lon="17.661055">
        <ele>106.8</ele>
        <time>2025-07-22T14:26:19Z</time>
      </trkpt>
      <trkpt lat="45.89768833" lon="17.66119833">
        <ele>106.2</ele>
        <time>2025-07-22T14:26:21Z</time>
      </trkpt>
      <trkpt lat="45.89766833" lon="17.66136667">
        <ele>104.5</ele>
        <time>2025-07-22T14:26:24Z</time>
      </trkpt>
      <trkpt lat="45.89765667" lon="17.661505">
        <ele>104.5</ele>
        <time>2025-07-22T14:26:26Z</time>
      </trkpt>
      <trkpt lat="45.89764833" lon="17.66164333">
        <ele>102.8</ele>
        <time>2025-07-22T14:26:28Z</time>
      </trkpt>
      <trkpt lat="45.89763667" lon="17.66179167">
        <ele>101.3</ele>
        <time>2025-07-22T14:26:30Z</time>
      </trkpt>
      <trkpt lat="45.89763667" lon="17.66197333">
        <ele>100.2</ele>
        <time>2025-07-22T14:26:33Z</time>
      </trkpt>
      <trkpt lat="45.897655" lon="17.66214">
        <ele>96.5</ele>
        <time>2025-07-22T14:26:36Z</time>
      </trkpt>
      <trkpt lat="45.89766" lon="17.66229667">
        <ele>93.5</ele>
        <time>2025-07-22T14:26:39Z</time>
      </trkpt>
      <trkpt lat="45.89766167" lon="17.662435">
        <ele>88.9</ele>
        <time>2025-07-22T14:26:42Z</time>
      </trkpt>
      <trkpt lat="45.89764" lon="17.66259333">
        <ele>85.4</ele>
        <time>2025-07-22T14:26:45Z</time>
      </trkpt>
      <trkpt lat="45.897615" lon="17.66274667">
        <ele>80.2</ele>
        <time>2025-07-22T14:26:49Z</time>
      </trkpt>
      <trkpt lat="45.89757833" lon="17.66289167">
        <ele>75.1</ele>
        <time>2025-07-22T14:26:52Z</time>
      </trkpt>
      <trkpt lat="45.89754167" lon="17.663045">
        <ele>69.3</ele>
        <time>2025-07-22T14:26:55Z</time>
      </trkpt>
      <trkpt lat="45.89751833" lon="17.66320167">
        <ele>63.7</ele>
        <time>2025-07-22T14:26:58Z</time>
      </trkpt>
      <trkpt lat="45.897485" lon="17.663345">
        <ele>60.5</ele>
        <time>2025-07-22T14:27:00Z</time>
      </trkpt>
      <trkpt lat="45.8975" lon="17.66350667">
        <ele>55.6</ele>
        <time>2025-07-22T14:27:02Z</time>
      </trkpt>
      <trkpt lat="45.89748333" lon="17.66367333">
        <ele>53.5</ele>
        <time>2025-07-22T14:27:04Z</time>
      </trkpt>
      <trkpt lat="45.89745" lon="17.66383667">
        <ele>53.3</ele>
        <time>2025-07-22T14:27:06Z</time>
      </trkpt>
      <trkpt lat="45.89744333" lon="17.66401833">
        <ele>52.7</ele>
        <time>2025-07-22T14:27:08Z</time>
      </trkpt>
      <trkpt lat="45.89745" lon="17.66419333">
        <ele>53.2</ele>
        <time>2025-07-22T14:27:10Z</time>
      </trkpt>
      <trkpt lat="45.89740167" lon="17.66437">
        <ele>52.1</ele>
        <time>2025-07-22T14:27:12Z</time>
      </trkpt>
      <trkpt lat="45.897425" lon="17.66454167">
        <ele>49.6</ele>
        <time>2025-07-22T14:27:14Z</time>
      </trkpt>
      <trkpt lat="45.89745" lon="17.66472667">
        <ele>49.7</ele>
        <time>2025-07-22T14:27:16Z</time>
      </trkpt>
      <trkpt lat="45.89746833" lon="17.66488333">
        <ele>48.8</ele>
        <time>2025-07-22T14:27:18Z</time>
      </trkpt>
      <trkpt lat="45.89755333" lon="17.665095">
        <ele>46.7</ele>
        <time>2025-07-22T14:27:20Z</time>
      </trkpt>
      <trkpt lat="45.89746" lon="17.66540833">
        <ele>36.8</ele>
        <time>2025-07-22T14:27:21Z</time>
      </trkpt>
      <trkpt lat="45.89749167" lon="17.66563333">
        <ele>31.3</ele>
        <time>2025-07-22T14:27:22Z</time>
      </trkpt>
      <trkpt lat="45.89749167" lon="17.66591833">
        <ele>24.4</ele>
        <time>2025-07-22T14:27:23Z</time>
      </trkpt>
      <trkpt lat="45.89751333" lon="17.66609">
        <ele>22.6</ele>
        <time>2025-07-22T14:27:24Z</time>
      </trkpt>
      <trkpt lat="45.89748667" lon="17.66651667">
        <ele>21.1</ele>
        <time>2025-07-22T14:27:26Z</time>
      </trkpt>
      <trkpt lat="45.89740833" lon="17.6666">
        <ele>25.4</ele>
        <time>2025-07-22T14:27:27Z</time>
      </trkpt>
      <trkpt lat="45.89733833" lon="17.66673667">
        <ele>30.7</ele>
        <time>2025-07-22T14:27:28Z</time>
      </trkpt>
      <trkpt lat="45.89727667" lon="17.66687833">
        <ele>34.5</ele>
        <time>2025-07-22T14:27:29Z</time>
      </trkpt>
      <trkpt lat="45.89723833" lon="17.667015">
        <ele>38.6</ele>
        <time>2025-07-22T14:27:30Z</time>
      </trkpt>
      <trkpt lat="45.89723333" lon="17.66726">
        <ele>43.3</ele>
        <time>2025-07-22T14:27:31Z</time>
      </trkpt>
      <trkpt lat="45.89722167" lon="17.66745333">
        <ele>54.3</ele>
        <time>2025-07-22T14:27:33Z</time>
      </trkpt>
      <trkpt lat="45.89722667" lon="17.66761333">
        <ele>62.9</ele>
        <time>2025-07-22T14:27:34Z</time>
      </trkpt>
      <trkpt lat="45.89718333" lon="17.66777167">
        <ele>71.4</ele>
        <time>2025-07-22T14:27:35Z</time>
      </trkpt>
      <trkpt lat="45.89717333" lon="17.66794167">
        <ele>73.9</ele>
        <time>2025-07-22T14:27:37Z</time>
      </trkpt>
      <trkpt lat="45.89721167" lon="17.668065">
        <ele>77</ele>
        <time>2025-07-22T14:27:38Z</time>
      </trkpt>
      <trkpt lat="45.89722833" lon="17.66826833">
        <ele>82.7</ele>
        <time>2025-07-22T14:27:39Z</time>
      </trkpt>
      <trkpt lat="45.89718" lon="17.66847167">
        <ele>91.2</ele>
        <time>2025-07-22T14:27:41Z</time>
      </trkpt>
      <trkpt lat="45.89707333" lon="17.66857667">
        <ele>97.8</ele>
        <time>2025-07-22T14:27:44Z</time>
      </trkpt>
      <trkpt lat="45.89705667" lon="17.66871167">
        <ele>104.5</ele>
        <time>2025-07-22T14:27:48Z</time>
      </trkpt>
      <trkpt lat="45.89696667" lon="17.66881667">
        <ele>120.6</ele>
        <time>2025-07-22T14:27:54Z</time>
      </trkpt>
      <trkpt lat="45.89688667" lon="17.66875333">
        <ele>123.9</ele>
        <time>2025-07-22T14:27:56Z</time>
      </trkpt>
      <trkpt lat="45.896795" lon="17.66868">
        <ele>126.4</ele>
        <time>2025-07-22T14:27:58Z</time>
      </trkpt>
      <trkpt lat="45.8967" lon="17.66861">
        <ele>129.1</ele>
        <time>2025-07-22T14:28:00Z</time>
      </trkpt>
      <trkpt lat="45.89659" lon="17.66853333">
        <ele>132.7</ele>
        <time>2025-07-22T14:28:02Z</time>
      </trkpt>
      <trkpt lat="45.89649" lon="17.66847667">
        <ele>135.6</ele>
        <time>2025-07-22T14:28:04Z</time>
      </trkpt>
      <trkpt lat="45.896405" lon="17.66841667">
        <ele>137.4</ele>
        <time>2025-07-22T14:28:06Z</time>
      </trkpt>
      <trkpt lat="45.89628" lon="17.66834833">
        <ele>139</ele>
        <time>2025-07-22T14:28:09Z</time>
      </trkpt>
      <trkpt lat="45.89618167" lon="17.668275">
        <ele>140.4</ele>
        <time>2025-07-22T14:28:11Z</time>
      </trkpt>
      <trkpt lat="45.89606667" lon="17.66821">
        <ele>141.6</ele>
        <time>2025-07-22T14:28:14Z</time>
      </trkpt>
      <trkpt lat="45.89596167" lon="17.66816333">
        <ele>142.4</ele>
        <time>2025-07-22T14:28:16Z</time>
      </trkpt>
      <trkpt lat="45.895855" lon="17.668115">
        <ele>142.5</ele>
        <time>2025-07-22T14:28:18Z</time>
      </trkpt>
      <trkpt lat="45.89576167" lon="17.66807667">
        <ele>144.1</ele>
        <time>2025-07-22T14:28:20Z</time>
      </trkpt>
      <trkpt lat="45.89566167" lon="17.668015">
        <ele>144</ele>
        <time>2025-07-22T14:28:22Z</time>
      </trkpt>
      <trkpt lat="45.89556333" lon="17.66794333">
        <ele>144.1</ele>
        <time>2025-07-22T14:28:24Z</time>
      </trkpt>
      <trkpt lat="45.89543667" lon="17.66788833">
        <ele>144.5</ele>
        <time>2025-07-22T14:28:27Z</time>
      </trkpt>
      <trkpt lat="45.895345" lon="17.66785333">
        <ele>144.3</ele>
        <time>2025-07-22T14:28:29Z</time>
      </trkpt>
      <trkpt lat="45.89523667" lon="17.66782">
        <ele>143.6</ele>
        <time>2025-07-22T14:28:32Z</time>
      </trkpt>
      <trkpt lat="45.89513" lon="17.66775833">
        <ele>142.4</ele>
        <time>2025-07-22T14:28:35Z</time>
      </trkpt>
      <trkpt lat="45.89504333" lon="17.66770667">
        <ele>141</ele>
        <time>2025-07-22T14:28:37Z</time>
      </trkpt>
      <trkpt lat="45.894955" lon="17.66766333">
        <ele>139.5</ele>
        <time>2025-07-22T14:28:39Z</time>
      </trkpt>
      <trkpt lat="45.894855" lon="17.66763333">
        <ele>137.8</ele>
        <time>2025-07-22T14:28:41Z</time>
      </trkpt>
      <trkpt lat="45.89475" lon="17.66765">
        <ele>136</ele>
        <time>2025-07-22T14:28:43Z</time>
      </trkpt>
      <trkpt lat="45.89465333" lon="17.66765">
        <ele>133.8</ele>
        <time>2025-07-22T14:28:45Z</time>
      </trkpt>
      <trkpt lat="45.89455833" lon="17.667635">
        <ele>133.5</ele>
        <time>2025-07-22T14:28:47Z</time>
      </trkpt>
      <trkpt lat="45.89447167" lon="17.66758667">
        <ele>131.7</ele>
        <time>2025-07-22T14:28:49Z</time>
      </trkpt>
      <trkpt lat="45.894375" lon="17.66752167">
        <ele>130.9</ele>
        <time>2025-07-22T14:28:51Z</time>
      </trkpt>
      <trkpt lat="45.89427833" lon="17.66749">
        <ele>130.2</ele>
        <time>2025-07-22T14:28:53Z</time>
      </trkpt>
      <trkpt lat="45.89411667" lon="17.66743333">
        <ele>128.4</ele>
        <time>2025-07-22T14:28:56Z</time>
      </trkpt>
      <trkpt lat="45.89395167" lon="17.66738333">
        <ele>126.5</ele>
        <time>2025-07-22T14:28:58Z</time>
      </trkpt>
      <trkpt lat="45.89378" lon="17.66730333">
        <ele>125.2</ele>
        <time>2025-07-22T14:29:00Z</time>
      </trkpt>
      <trkpt lat="45.89369" lon="17.66726">
        <ele>125.9</ele>
        <time>2025-07-22T14:29:01Z</time>
      </trkpt>
      <trkpt lat="45.89359667" lon="17.66720833">
        <ele>127.2</ele>
        <time>2025-07-22T14:29:02Z</time>
      </trkpt>
      <trkpt lat="45.89349167" lon="17.66714833">
        <ele>129.3</ele>
        <time>2025-07-22T14:29:03Z</time>
      </trkpt>
      <trkpt lat="45.89336167" lon="17.66709167">
        <ele>130.2</ele>
        <time>2025-07-22T14:29:05Z</time>
      </trkpt>
      <trkpt lat="45.89322167" lon="17.66701667">
        <ele>132.4</ele>
        <time>2025-07-22T14:29:07Z</time>
      </trkpt>
      <trkpt lat="45.8931" lon="17.66691">
        <ele>134.7</ele>
        <time>2025-07-22T14:29:09Z</time>
      </trkpt>
      <trkpt lat="45.89298" lon="17.666795">
        <ele>135.9</ele>
        <time>2025-07-22T14:29:11Z</time>
      </trkpt>
      <trkpt lat="45.89284333" lon="17.66668333">
        <ele>137.9</ele>
        <time>2025-07-22T14:29:13Z</time>
      </trkpt>
      <trkpt lat="45.89271333" lon="17.666555">
        <ele>140.4</ele>
        <time>2025-07-22T14:29:15Z</time>
      </trkpt>
      <trkpt lat="45.89259833" lon="17.66646333">
        <ele>142.1</ele>
        <time>2025-07-22T14:29:17Z</time>
      </trkpt>
      <trkpt lat="45.89249833" lon="17.66640167">
        <ele>142.9</ele>
        <time>2025-07-22T14:29:19Z</time>
      </trkpt>
      <trkpt lat="45.89240167" lon="17.66635333">
        <ele>142.5</ele>
        <time>2025-07-22T14:29:21Z</time>
      </trkpt>
      <trkpt lat="45.89228" lon="17.66629667">
        <ele>142.5</ele>
        <time>2025-07-22T14:29:23Z</time>
      </trkpt>
      <trkpt lat="45.89216667" lon="17.66623667">
        <ele>142.1</ele>
        <time>2025-07-22T14:29:25Z</time>
      </trkpt>
      <trkpt lat="45.89206833" lon="17.66618833">
        <ele>141.7</ele>
        <time>2025-07-22T14:29:27Z</time>
      </trkpt>
      <trkpt lat="45.89196667" lon="17.66614">
        <ele>141.5</ele>
        <time>2025-07-22T14:29:29Z</time>
      </trkpt>
      <trkpt lat="45.89185667" lon="17.66607833">
        <ele>140.5</ele>
        <time>2025-07-22T14:29:31Z</time>
      </trkpt>
      <trkpt lat="45.891755" lon="17.66601167">
        <ele>141.3</ele>
        <time>2025-07-22T14:29:33Z</time>
      </trkpt>
      <trkpt lat="45.89165167" lon="17.66596167">
        <ele>140.9</ele>
        <time>2025-07-22T14:29:35Z</time>
      </trkpt>
      <trkpt lat="45.89154333" lon="17.66591167">
        <ele>140.8</ele>
        <time>2025-07-22T14:29:37Z</time>
      </trkpt>
      <trkpt lat="45.89142667" lon="17.66586">
        <ele>140.6</ele>
        <time>2025-07-22T14:29:39Z</time>
      </trkpt>
      <trkpt lat="45.89132833" lon="17.665805">
        <ele>140.7</ele>
        <time>2025-07-22T14:29:41Z</time>
      </trkpt>
      <trkpt lat="45.89123" lon="17.66573833">
        <ele>140.7</ele>
        <time>2025-07-22T14:29:43Z</time>
      </trkpt>
      <trkpt lat="45.89113667" lon="17.66568167">
        <ele>140.8</ele>
        <time>2025-07-22T14:29:45Z</time>
      </trkpt>
      <trkpt lat="45.89102" lon="17.66563">
        <ele>138.9</ele>
        <time>2025-07-22T14:29:48Z</time>
      </trkpt>
      <trkpt lat="45.89089667" lon="17.66554833">
        <ele>138.8</ele>
        <time>2025-07-22T14:29:51Z</time>
      </trkpt>
      <trkpt lat="45.89079667" lon="17.66548833">
        <ele>138.2</ele>
        <time>2025-07-22T14:29:53Z</time>
      </trkpt>
      <trkpt lat="45.89068833" lon="17.66543667">
        <ele>137.5</ele>
        <time>2025-07-22T14:29:55Z</time>
      </trkpt>
      <trkpt lat="45.890585" lon="17.66536667">
        <ele>137.3</ele>
        <time>2025-07-22T14:29:57Z</time>
      </trkpt>
      <trkpt lat="45.89048167" lon="17.66530667">
        <ele>137.6</ele>
        <time>2025-07-22T14:29:59Z</time>
      </trkpt>
      <trkpt lat="45.89037833" lon="17.66525">
        <ele>137.6</ele>
        <time>2025-07-22T14:30:01Z</time>
      </trkpt>
      <trkpt lat="45.89027667" lon="17.66518667">
        <ele>137.4</ele>
        <time>2025-07-22T14:30:03Z</time>
      </trkpt>
      <trkpt lat="45.89017" lon="17.66513">
        <ele>137.7</ele>
        <time>2025-07-22T14:30:05Z</time>
      </trkpt>
      <trkpt lat="45.89006167" lon="17.66509333">
        <ele>137.1</ele>
        <time>2025-07-22T14:30:07Z</time>
      </trkpt>
      <trkpt lat="45.88996333" lon="17.66505333">
        <ele>136.4</ele>
        <time>2025-07-22T14:30:09Z</time>
      </trkpt>
      <trkpt lat="45.88985667" lon="17.66499167">
        <ele>136.4</ele>
        <time>2025-07-22T14:30:11Z</time>
      </trkpt>
      <trkpt lat="45.889745" lon="17.66492667">
        <ele>135.9</ele>
        <time>2025-07-22T14:30:13Z</time>
      </trkpt>
      <trkpt lat="45.88964" lon="17.66485833">
        <ele>136.2</ele>
        <time>2025-07-22T14:30:15Z</time>
      </trkpt>
      <trkpt lat="45.88953333" lon="17.66478167">
        <ele>137.1</ele>
        <time>2025-07-22T14:30:17Z</time>
      </trkpt>
      <trkpt lat="45.88942833" lon="17.66471833">
        <ele>137.8</ele>
        <time>2025-07-22T14:30:19Z</time>
      </trkpt>
      <trkpt lat="45.889325" lon="17.66464167">
        <ele>138.9</ele>
        <time>2025-07-22T14:30:21Z</time>
      </trkpt>
      <trkpt lat="45.88921" lon="17.66458333">
        <ele>140.5</ele>
        <time>2025-07-22T14:30:23Z</time>
      </trkpt>
      <trkpt lat="45.88910167" lon="17.66452667">
        <ele>140.8</ele>
        <time>2025-07-22T14:30:25Z</time>
      </trkpt>
      <trkpt lat="45.88899833" lon="17.66446333">
        <ele>141.3</ele>
        <time>2025-07-22T14:30:27Z</time>
      </trkpt>
      <trkpt lat="45.88889667" lon="17.66441667">
        <ele>142.1</ele>
        <time>2025-07-22T14:30:29Z</time>
      </trkpt>
      <trkpt lat="45.88880167" lon="17.66436833">
        <ele>140.5</ele>
        <time>2025-07-22T14:30:31Z</time>
      </trkpt>
      <trkpt lat="45.88870833" lon="17.66431167">
        <ele>139.6</ele>
        <time>2025-07-22T14:30:33Z</time>
      </trkpt>
      <trkpt lat="45.888615" lon="17.66428167">
        <ele>139.2</ele>
        <time>2025-07-22T14:30:35Z</time>
      </trkpt>
      <trkpt lat="45.88850333" lon="17.66420667">
        <ele>138.1</ele>
        <time>2025-07-22T14:30:38Z</time>
      </trkpt>
      <trkpt lat="45.88840333" lon="17.66416833">
        <ele>136.8</ele>
        <time>2025-07-22T14:30:41Z</time>
      </trkpt>
      <trkpt lat="45.88828833" lon="17.66413667">
        <ele>133.8</ele>
        <time>2025-07-22T14:30:44Z</time>
      </trkpt>
      <trkpt lat="45.88817" lon="17.66408667">
        <ele>131.9</ele>
        <time>2025-07-22T14:30:47Z</time>
      </trkpt>
      <trkpt lat="45.88806667" lon="17.66403333">
        <ele>129.7</ele>
        <time>2025-07-22T14:30:50Z</time>
      </trkpt>
      <trkpt lat="45.88795833" lon="17.66397333">
        <ele>127.7</ele>
        <time>2025-07-22T14:30:53Z</time>
      </trkpt>
      <trkpt lat="45.887845" lon="17.66396667">
        <ele>124.1</ele>
        <time>2025-07-22T14:30:56Z</time>
      </trkpt>
      <trkpt lat="45.88775333" lon="17.66395">
        <ele>119.7</ele>
        <time>2025-07-22T14:30:59Z</time>
      </trkpt>
      <trkpt lat="45.88765167" lon="17.66391333">
        <ele>116.7</ele>
        <time>2025-07-22T14:31:01Z</time>
      </trkpt>
      <trkpt lat="45.88754333" lon="17.66388">
        <ele>112.7</ele>
        <time>2025-07-22T14:31:03Z</time>
      </trkpt>
      <trkpt lat="45.88744167" lon="17.66384667">
        <ele>110.5</ele>
        <time>2025-07-22T14:31:05Z</time>
      </trkpt>
      <trkpt lat="45.88733" lon="17.66379667">
        <ele>107</ele>
        <time>2025-07-22T14:31:07Z</time>
      </trkpt>
      <trkpt lat="45.887235" lon="17.66376833">
        <ele>102.9</ele>
        <time>2025-07-22T14:31:09Z</time>
      </trkpt>
      <trkpt lat="45.88712667" lon="17.66371">
        <ele>100.3</ele>
        <time>2025-07-22T14:31:11Z</time>
      </trkpt>
      <trkpt lat="45.88702333" lon="17.66365167">
        <ele>98.2</ele>
        <time>2025-07-22T14:31:13Z</time>
      </trkpt>
      <trkpt lat="45.88691667" lon="17.66359167">
        <ele>94.9</ele>
        <time>2025-07-22T14:31:15Z</time>
      </trkpt>
      <trkpt lat="45.88677333" lon="17.66353833">
        <ele>90.3</ele>
        <time>2025-07-22T14:31:18Z</time>
      </trkpt>
      <trkpt lat="45.88664333" lon="17.66351833">
        <ele>87.2</ele>
        <time>2025-07-22T14:31:21Z</time>
      </trkpt>
      <trkpt lat="45.88649" lon="17.66345167">
        <ele>82.7</ele>
        <time>2025-07-22T14:31:24Z</time>
      </trkpt>
      <trkpt lat="45.88640167" lon="17.66339">
        <ele>79.5</ele>
        <time>2025-07-22T14:31:26Z</time>
      </trkpt>
      <trkpt lat="45.88625" lon="17.66331167">
        <ele>76</ele>
        <time>2025-07-22T14:31:29Z</time>
      </trkpt>
      <trkpt lat="45.886155" lon="17.66324833">
        <ele>73.4</ele>
        <time>2025-07-22T14:31:31Z</time>
      </trkpt>
      <trkpt lat="45.88602333" lon="17.66315667">
        <ele>69.5</ele>
        <time>2025-07-22T14:31:34Z</time>
      </trkpt>
      <trkpt lat="45.88591" lon="17.66308667">
        <ele>64.4</ele>
        <time>2025-07-22T14:31:37Z</time>
      </trkpt>
      <trkpt lat="45.88581" lon="17.66299">
        <ele>59.8</ele>
        <time>2025-07-22T14:31:40Z</time>
      </trkpt>
      <trkpt lat="45.88572667" lon="17.66292833">
        <ele>56</ele>
        <time>2025-07-22T14:31:42Z</time>
      </trkpt>
      <trkpt lat="45.88560333" lon="17.66285667">
        <ele>50</ele>
        <time>2025-07-22T14:31:45Z</time>
      </trkpt>
      <trkpt lat="45.885505" lon="17.662825">
        <ele>47.1</ele>
        <time>2025-07-22T14:31:47Z</time>
      </trkpt>
      <trkpt lat="45.885415" lon="17.66277">
        <ele>44.5</ele>
        <time>2025-07-22T14:31:49Z</time>
      </trkpt>
      <trkpt lat="45.88532667" lon="17.662715">
        <ele>41.9</ele>
        <time>2025-07-22T14:31:51Z</time>
      </trkpt>
      <trkpt lat="45.88521667" lon="17.66267833">
        <ele>40.6</ele>
        <time>2025-07-22T14:31:53Z</time>
      </trkpt>
      <trkpt lat="45.88511333" lon="17.66263167">
        <ele>39.6</ele>
        <time>2025-07-22T14:31:55Z</time>
      </trkpt>
      <trkpt lat="45.88501333" lon="17.66259167">
        <ele>39.8</ele>
        <time>2025-07-22T14:31:57Z</time>
      </trkpt>
      <trkpt lat="45.88491167" lon="17.662555">
        <ele>39.2</ele>
        <time>2025-07-22T14:31:59Z</time>
      </trkpt>
      <trkpt lat="45.8848" lon="17.66248667">
        <ele>37.9</ele>
        <time>2025-07-22T14:32:01Z</time>
      </trkpt>
      <trkpt lat="45.88465333" lon="17.66239667">
        <ele>37.7</ele>
        <time>2025-07-22T14:32:03Z</time>
      </trkpt>
      <trkpt lat="45.88449667" lon="17.662315">
        <ele>39.3</ele>
        <time>2025-07-22T14:32:05Z</time>
      </trkpt>
      <trkpt lat="45.88441167" lon="17.66226667">
        <ele>40.4</ele>
        <time>2025-07-22T14:32:06Z</time>
      </trkpt>
      <trkpt lat="45.88424833" lon="17.662145">
        <ele>42.8</ele>
        <time>2025-07-22T14:32:08Z</time>
      </trkpt>
      <trkpt lat="45.88416167" lon="17.66208167">
        <ele>44.5</ele>
        <time>2025-07-22T14:32:09Z</time>
      </trkpt>
      <trkpt lat="45.884015" lon="17.66198167">
        <ele>48.3</ele>
        <time>2025-07-22T14:32:11Z</time>
      </trkpt>
      <trkpt lat="45.88386333" lon="17.66190167">
        <ele>51.5</ele>
        <time>2025-07-22T14:32:13Z</time>
      </trkpt>
      <trkpt lat="45.883725" lon="17.66184833">
        <ele>53.6</ele>
        <time>2025-07-22T14:32:15Z</time>
      </trkpt>
      <trkpt lat="45.88358833" lon="17.66177833">
        <ele>56.2</ele>
        <time>2025-07-22T14:32:17Z</time>
      </trkpt>
      <trkpt lat="45.88346333" lon="17.661675">
        <ele>59.7</ele>
        <time>2025-07-22T14:32:19Z</time>
      </trkpt>
      <trkpt lat="45.88336167" lon="17.66162833">
        <ele>62.9</ele>
        <time>2025-07-22T14:32:20Z</time>
      </trkpt>
      <trkpt lat="45.88318833" lon="17.66152333">
        <ele>66.7</ele>
        <time>2025-07-22T14:32:22Z</time>
      </trkpt>
      <trkpt lat="45.883055" lon="17.661435">
        <ele>68.3</ele>
        <time>2025-07-22T14:32:24Z</time>
      </trkpt>
      <trkpt lat="45.88290833" lon="17.66135333">
        <ele>70.4</ele>
        <time>2025-07-22T14:32:26Z</time>
      </trkpt>
      <trkpt lat="45.88274833" lon="17.66128167">
        <ele>73.2</ele>
        <time>2025-07-22T14:32:28Z</time>
      </trkpt>
      <trkpt lat="45.882585" lon="17.66123">
        <ele>77.6</ele>
        <time>2025-07-22T14:32:30Z</time>
      </trkpt>
      <trkpt lat="45.88250333" lon="17.66117">
        <ele>82.4</ele>
        <time>2025-07-22T14:32:31Z</time>
      </trkpt>
      <trkpt lat="45.88236" lon="17.66108333">
        <ele>91.1</ele>
        <time>2025-07-22T14:32:33Z</time>
      </trkpt>
      <trkpt lat="45.882215" lon="17.66095667">
        <ele>99.5</ele>
        <time>2025-07-22T14:32:35Z</time>
      </trkpt>
      <trkpt lat="45.88213667" lon="17.66087833">
        <ele>104.3</ele>
        <time>2025-07-22T14:32:36Z</time>
      </trkpt>
      <trkpt lat="45.881985" lon="17.66075167">
        <ele>112.6</ele>
        <time>2025-07-22T14:32:38Z</time>
      </trkpt>
      <trkpt lat="45.88184" lon="17.66062333">
        <ele>122.2</ele>
        <time>2025-07-22T14:32:40Z</time>
      </trkpt>
      <trkpt lat="45.88171667" lon="17.660515">
        <ele>129.6</ele>
        <time>2025-07-22T14:32:42Z</time>
      </trkpt>
      <trkpt lat="45.88160167" lon="17.66043833">
        <ele>135.1</ele>
        <time>2025-07-22T14:32:44Z</time>
      </trkpt>
      <trkpt lat="45.8815" lon="17.66038667">
        <ele>138.8</ele>
        <time>2025-07-22T14:32:46Z</time>
      </trkpt>
      <trkpt lat="45.881405" lon="17.660335">
        <ele>140.8</ele>
        <time>2025-07-22T14:32:48Z</time>
      </trkpt>
      <trkpt lat="45.881315" lon="17.66028667">
        <ele>141.4</ele>
        <time>2025-07-22T14:32:50Z</time>
      </trkpt>
      <trkpt lat="45.88119667" lon="17.66023167">
        <ele>141.3</ele>
        <time>2025-07-22T14:32:53Z</time>
      </trkpt>
      <trkpt lat="45.881085" lon="17.660175">
        <ele>141.2</ele>
        <time>2025-07-22T14:32:56Z</time>
      </trkpt>
      <trkpt lat="45.880985" lon="17.66012833">
        <ele>141.2</ele>
        <time>2025-07-22T14:32:59Z</time>
      </trkpt>
      <trkpt lat="45.880885" lon="17.66005833">
        <ele>141.8</ele>
        <time>2025-07-22T14:33:02Z</time>
      </trkpt>
      <trkpt lat="45.88076167" lon="17.660025">
        <ele>141.8</ele>
        <time>2025-07-22T14:33:05Z</time>
      </trkpt>
      <trkpt lat="45.88065" lon="17.65996833">
        <ele>141.7</ele>
        <time>2025-07-22T14:33:08Z</time>
      </trkpt>
      <trkpt lat="45.88056" lon="17.65992167">
        <ele>141.8</ele>
        <time>2025-07-22T14:33:10Z</time>
      </trkpt>
      <trkpt lat="45.88046833" lon="17.65987333">
        <ele>141.4</ele>
        <time>2025-07-22T14:33:12Z</time>
      </trkpt>
      <trkpt lat="45.88038" lon="17.65983">
        <ele>141.2</ele>
        <time>2025-07-22T14:33:14Z</time>
      </trkpt>
      <trkpt lat="45.88028167" lon="17.65976833">
        <ele>141.5</ele>
        <time>2025-07-22T14:33:16Z</time>
      </trkpt>
      <trkpt lat="45.88017667" lon="17.65969">
        <ele>143.2</ele>
        <time>2025-07-22T14:33:18Z</time>
      </trkpt>
      <trkpt lat="45.88007333" lon="17.659615">
        <ele>143.5</ele>
        <time>2025-07-22T14:33:20Z</time>
      </trkpt>
      <trkpt lat="45.87997167" lon="17.65954167">
        <ele>143.7</ele>
        <time>2025-07-22T14:33:22Z</time>
      </trkpt>
      <trkpt lat="45.87987667" lon="17.65948833">
        <ele>144.5</ele>
        <time>2025-07-22T14:33:24Z</time>
      </trkpt>
      <trkpt lat="45.87978333" lon="17.659435">
        <ele>146.1</ele>
        <time>2025-07-22T14:33:26Z</time>
      </trkpt>
      <trkpt lat="45.879695" lon="17.65938167">
        <ele>146.5</ele>
        <time>2025-07-22T14:33:28Z</time>
      </trkpt>
      <trkpt lat="45.879605" lon="17.65933333">
        <ele>146.6</ele>
        <time>2025-07-22T14:33:30Z</time>
      </trkpt>
      <trkpt lat="45.87948833" lon="17.65925167">
        <ele>146.2</ele>
        <time>2025-07-22T14:33:33Z</time>
      </trkpt>
      <trkpt lat="45.87936833" lon="17.65918667">
        <ele>146.1</ele>
        <time>2025-07-22T14:33:36Z</time>
      </trkpt>
      <trkpt lat="45.87924833" lon="17.65911833">
        <ele>146.1</ele>
        <time>2025-07-22T14:33:39Z</time>
      </trkpt>
      <trkpt lat="45.87913" lon="17.65906333">
        <ele>146</ele>
        <time>2025-07-22T14:33:42Z</time>
      </trkpt>
      <trkpt lat="45.87902167" lon="17.65899">
        <ele>146.4</ele>
        <time>2025-07-22T14:33:45Z</time>
      </trkpt>
      <trkpt lat="45.87891833" lon="17.65891167">
        <ele>145.5</ele>
        <time>2025-07-22T14:33:48Z</time>
      </trkpt>
      <trkpt lat="45.87882667" lon="17.65889">
        <ele>144.4</ele>
        <time>2025-07-22T14:33:51Z</time>
      </trkpt>
      <trkpt lat="45.87872167" lon="17.65884333">
        <ele>142.8</ele>
        <time>2025-07-22T14:33:54Z</time>
      </trkpt>
      <trkpt lat="45.87863167" lon="17.65881833">
        <ele>141.7</ele>
        <time>2025-07-22T14:33:56Z</time>
      </trkpt>
      <trkpt lat="45.87854167" lon="17.65881167">
        <ele>140.8</ele>
        <time>2025-07-22T14:33:58Z</time>
      </trkpt>
      <trkpt lat="45.87841167" lon="17.65881667">
        <ele>139.2</ele>
        <time>2025-07-22T14:34:01Z</time>
      </trkpt>
      <trkpt lat="45.87830833" lon="17.65882833">
        <ele>139.4</ele>
        <time>2025-07-22T14:34:03Z</time>
      </trkpt>
      <trkpt lat="45.87817" lon="17.65883333">
        <ele>142.5</ele>
        <time>2025-07-22T14:34:06Z</time>
      </trkpt>
      <trkpt lat="45.878075" lon="17.65883833">
        <ele>142.6</ele>
        <time>2025-07-22T14:34:08Z</time>
      </trkpt>
      <trkpt lat="45.87797167" lon="17.65886333">
        <ele>145.4</ele>
        <time>2025-07-22T14:34:10Z</time>
      </trkpt>
      <trkpt lat="45.87788167" lon="17.65889333">
        <ele>147.5</ele>
        <time>2025-07-22T14:34:12Z</time>
      </trkpt>
      <trkpt lat="45.87779167" lon="17.65890667">
        <ele>148</ele>
        <time>2025-07-22T14:34:14Z</time>
      </trkpt>
      <trkpt lat="45.8777" lon="17.65893167">
        <ele>148.6</ele>
        <time>2025-07-22T14:34:16Z</time>
      </trkpt>
      <trkpt lat="45.877605" lon="17.65894833">
        <ele>147.7</ele>
        <time>2025-07-22T14:34:18Z</time>
      </trkpt>
      <trkpt lat="45.87750833" lon="17.658985">
        <ele>148.6</ele>
        <time>2025-07-22T14:34:20Z</time>
      </trkpt>
      <trkpt lat="45.87741833" lon="17.65902167">
        <ele>149</ele>
        <time>2025-07-22T14:34:22Z</time>
      </trkpt>
      <trkpt lat="45.87729333" lon="17.65907">
        <ele>148.3</ele>
        <time>2025-07-22T14:34:25Z</time>
      </trkpt>
      <trkpt lat="45.87718667" lon="17.65910667">
        <ele>148.7</ele>
        <time>2025-07-22T14:34:27Z</time>
      </trkpt>
      <trkpt lat="45.87709833" lon="17.659145">
        <ele>148</ele>
        <time>2025-07-22T14:34:29Z</time>
      </trkpt>
      <trkpt lat="45.87701" lon="17.65917667">
        <ele>145.8</ele>
        <time>2025-07-22T14:34:31Z</time>
      </trkpt>
      <trkpt lat="45.87687833" lon="17.65921333">
        <ele>145</ele>
        <time>2025-07-22T14:34:34Z</time>
      </trkpt>
      <trkpt lat="45.87678333" lon="17.65925">
        <ele>145.4</ele>
        <time>2025-07-22T14:34:36Z</time>
      </trkpt>
      <trkpt lat="45.87668333" lon="17.6593">
        <ele>146.2</ele>
        <time>2025-07-22T14:34:38Z</time>
      </trkpt>
      <trkpt lat="45.87658833" lon="17.65932833">
        <ele>146.2</ele>
        <time>2025-07-22T14:34:40Z</time>
      </trkpt>
      <trkpt lat="45.876495" lon="17.65936833">
        <ele>146.1</ele>
        <time>2025-07-22T14:34:42Z</time>
      </trkpt>
      <trkpt lat="45.87637" lon="17.65943667">
        <ele>146.4</ele>
        <time>2025-07-22T14:34:45Z</time>
      </trkpt>
      <trkpt lat="45.876245" lon="17.65950667">
        <ele>145.8</ele>
        <time>2025-07-22T14:34:48Z</time>
      </trkpt>
      <trkpt lat="45.876155" lon="17.65955667">
        <ele>145.1</ele>
        <time>2025-07-22T14:34:50Z</time>
      </trkpt>
      <trkpt lat="45.87606667" lon="17.65962">
        <ele>144.5</ele>
        <time>2025-07-22T14:34:52Z</time>
      </trkpt>
      <trkpt lat="45.875965" lon="17.65969167">
        <ele>144.7</ele>
        <time>2025-07-22T14:34:54Z</time>
      </trkpt>
      <trkpt lat="45.875865" lon="17.65974833">
        <ele>144.5</ele>
        <time>2025-07-22T14:34:56Z</time>
      </trkpt>
      <trkpt lat="45.87575833" lon="17.65980833">
        <ele>144.1</ele>
        <time>2025-07-22T14:34:58Z</time>
      </trkpt>
      <trkpt lat="45.87563833" lon="17.65987167">
        <ele>144.1</ele>
        <time>2025-07-22T14:35:00Z</time>
      </trkpt>
      <trkpt lat="45.87553667" lon="17.659925">
        <ele>143.3</ele>
        <time>2025-07-22T14:35:02Z</time>
      </trkpt>
      <trkpt lat="45.87542833" lon="17.65999667">
        <ele>143.6</ele>
        <time>2025-07-22T14:35:04Z</time>
      </trkpt>
      <trkpt lat="45.87531833" lon="17.66006333">
        <ele>145.9</ele>
        <time>2025-07-22T14:35:06Z</time>
      </trkpt>
      <trkpt lat="45.87522" lon="17.66011167">
        <ele>146.8</ele>
        <time>2025-07-22T14:35:08Z</time>
      </trkpt>
      <trkpt lat="45.875115" lon="17.66014167">
        <ele>146.3</ele>
        <time>2025-07-22T14:35:10Z</time>
      </trkpt>
      <trkpt lat="45.87501167" lon="17.66015833">
        <ele>146.2</ele>
        <time>2025-07-22T14:35:12Z</time>
      </trkpt>
      <trkpt lat="45.87491" lon="17.66016667">
        <ele>145.5</ele>
        <time>2025-07-22T14:35:14Z</time>
      </trkpt>
      <trkpt lat="45.874815" lon="17.66016167">
        <ele>144</ele>
        <time>2025-07-22T14:35:16Z</time>
      </trkpt>
      <trkpt lat="45.87472167" lon="17.66015167">
        <ele>143.3</ele>
        <time>2025-07-22T14:35:18Z</time>
      </trkpt>
      <trkpt lat="45.87463333" lon="17.66012667">
        <ele>143.8</ele>
        <time>2025-07-22T14:35:20Z</time>
      </trkpt>
      <trkpt lat="45.87449667" lon="17.66009833">
        <ele>141.9</ele>
        <time>2025-07-22T14:35:23Z</time>
      </trkpt>
      <trkpt lat="45.87438667" lon="17.66008333">
        <ele>143</ele>
        <time>2025-07-22T14:35:25Z</time>
      </trkpt>
      <trkpt lat="45.87428667" lon="17.66007">
        <ele>143.5</ele>
        <time>2025-07-22T14:35:27Z</time>
      </trkpt>
      <trkpt lat="45.87419667" lon="17.660055">
        <ele>142.5</ele>
        <time>2025-07-22T14:35:29Z</time>
      </trkpt>
      <trkpt lat="45.874105" lon="17.66004167">
        <ele>141.9</ele>
        <time>2025-07-22T14:35:31Z</time>
      </trkpt>
      <trkpt lat="45.87400333" lon="17.66002">
        <ele>142.1</ele>
        <time>2025-07-22T14:35:33Z</time>
      </trkpt>
      <trkpt lat="45.87389167" lon="17.65999667">
        <ele>142.7</ele>
        <time>2025-07-22T14:35:35Z</time>
      </trkpt>
      <trkpt lat="45.873785" lon="17.65999333">
        <ele>143.6</ele>
        <time>2025-07-22T14:35:37Z</time>
      </trkpt>
      <trkpt lat="45.87367333" lon="17.65998">
        <ele>145.3</ele>
        <time>2025-07-22T14:35:39Z</time>
      </trkpt>
      <trkpt lat="45.87357" lon="17.659965">
        <ele>146.1</ele>
        <time>2025-07-22T14:35:41Z</time>
      </trkpt>
      <trkpt lat="45.87346833" lon="17.659955">
        <ele>145.7</ele>
        <time>2025-07-22T14:35:43Z</time>
      </trkpt>
      <trkpt lat="45.87335833" lon="17.65994333">
        <ele>146.6</ele>
        <time>2025-07-22T14:35:45Z</time>
      </trkpt>
      <trkpt lat="45.873255" lon="17.65993">
        <ele>146.7</ele>
        <time>2025-07-22T14:35:47Z</time>
      </trkpt>
      <trkpt lat="45.87315667" lon="17.65990833">
        <ele>146.2</ele>
        <time>2025-07-22T14:35:49Z</time>
      </trkpt>
      <trkpt lat="45.873065" lon="17.65988833">
        <ele>146.8</ele>
        <time>2025-07-22T14:35:51Z</time>
      </trkpt>
      <trkpt lat="45.87297" lon="17.65986667">
        <ele>146.6</ele>
        <time>2025-07-22T14:35:53Z</time>
      </trkpt>
      <trkpt lat="45.87287667" lon="17.65985167">
        <ele>146.4</ele>
        <time>2025-07-22T14:35:55Z</time>
      </trkpt>
      <trkpt lat="45.87276833" lon="17.65985167">
        <ele>147</ele>
        <time>2025-07-22T14:35:57Z</time>
      </trkpt>
      <trkpt lat="45.87265667" lon="17.65985">
        <ele>146.9</ele>
        <time>2025-07-22T14:35:59Z</time>
      </trkpt>
      <trkpt lat="45.872555" lon="17.65986333">
        <ele>147.1</ele>
        <time>2025-07-22T14:36:01Z</time>
      </trkpt>
      <trkpt lat="45.87244167" lon="17.65990167">
        <ele>147.1</ele>
        <time>2025-07-22T14:36:03Z</time>
      </trkpt>
      <trkpt lat="45.87233667" lon="17.65994167">
        <ele>147.2</ele>
        <time>2025-07-22T14:36:05Z</time>
      </trkpt>
      <trkpt lat="45.87223" lon="17.65998167">
        <ele>146.6</ele>
        <time>2025-07-22T14:36:07Z</time>
      </trkpt>
      <trkpt lat="45.87212833" lon="17.66001167">
        <ele>146</ele>
        <time>2025-07-22T14:36:09Z</time>
      </trkpt>
      <trkpt lat="45.87204" lon="17.66005667">
        <ele>145.5</ele>
        <time>2025-07-22T14:36:11Z</time>
      </trkpt>
      <trkpt lat="45.87194667" lon="17.66009833">
        <ele>145.1</ele>
        <time>2025-07-22T14:36:13Z</time>
      </trkpt>
      <trkpt lat="45.87184167" lon="17.660135">
        <ele>144.5</ele>
        <time>2025-07-22T14:36:15Z</time>
      </trkpt>
      <trkpt lat="45.87174333" lon="17.66017167">
        <ele>144.5</ele>
        <time>2025-07-22T14:36:17Z</time>
      </trkpt>
      <trkpt lat="45.87164167" lon="17.66022667">
        <ele>144.4</ele>
        <time>2025-07-22T14:36:19Z</time>
      </trkpt>
      <trkpt lat="45.87153667" lon="17.66025">
        <ele>143.5</ele>
        <time>2025-07-22T14:36:21Z</time>
      </trkpt>
      <trkpt lat="45.87142833" lon="17.66029333">
        <ele>144.3</ele>
        <time>2025-07-22T14:36:23Z</time>
      </trkpt>
      <trkpt lat="45.87132167" lon="17.66032833">
        <ele>145.3</ele>
        <time>2025-07-22T14:36:25Z</time>
      </trkpt>
      <trkpt lat="45.87122167" lon="17.66036667">
        <ele>144.2</ele>
        <time>2025-07-22T14:36:27Z</time>
      </trkpt>
      <trkpt lat="45.87112167" lon="17.66040833">
        <ele>143.4</ele>
        <time>2025-07-22T14:36:29Z</time>
      </trkpt>
      <trkpt lat="45.87100833" lon="17.66044833">
        <ele>143.6</ele>
        <time>2025-07-22T14:36:31Z</time>
      </trkpt>
      <trkpt lat="45.87090667" lon="17.66049333">
        <ele>143.6</ele>
        <time>2025-07-22T14:36:33Z</time>
      </trkpt>
      <trkpt lat="45.870815" lon="17.660535">
        <ele>145</ele>
        <time>2025-07-22T14:36:35Z</time>
      </trkpt>
      <trkpt lat="45.870715" lon="17.66057167">
        <ele>146.4</ele>
        <time>2025-07-22T14:36:37Z</time>
      </trkpt>
      <trkpt lat="45.87060833" lon="17.66059833">
        <ele>146.1</ele>
        <time>2025-07-22T14:36:39Z</time>
      </trkpt>
      <trkpt lat="45.87050667" lon="17.660645">
        <ele>146.3</ele>
        <time>2025-07-22T14:36:41Z</time>
      </trkpt>
      <trkpt lat="45.87040333" lon="17.66069333">
        <ele>147.8</ele>
        <time>2025-07-22T14:36:43Z</time>
      </trkpt>
      <trkpt lat="45.87027333" lon="17.66074333">
        <ele>148.4</ele>
        <time>2025-07-22T14:36:46Z</time>
      </trkpt>
      <trkpt lat="45.87018" lon="17.66077667">
        <ele>147.7</ele>
        <time>2025-07-22T14:36:48Z</time>
      </trkpt>
      <trkpt lat="45.87005667" lon="17.66082167">
        <ele>145.8</ele>
        <time>2025-07-22T14:36:51Z</time>
      </trkpt>
      <trkpt lat="45.86996833" lon="17.66085833">
        <ele>145.7</ele>
        <time>2025-07-22T14:36:53Z</time>
      </trkpt>
      <trkpt lat="45.86987333" lon="17.66089167">
        <ele>144.6</ele>
        <time>2025-07-22T14:36:55Z</time>
      </trkpt>
      <trkpt lat="45.86978167" lon="17.66093333">
        <ele>144.4</ele>
        <time>2025-07-22T14:36:57Z</time>
      </trkpt>
      <trkpt lat="45.86968333" lon="17.660975">
        <ele>143.5</ele>
        <time>2025-07-22T14:36:59Z</time>
      </trkpt>
      <trkpt lat="45.86959167" lon="17.66101167">
        <ele>143.8</ele>
        <time>2025-07-22T14:37:01Z</time>
      </trkpt>
      <trkpt lat="45.86948833" lon="17.66106">
        <ele>143.7</ele>
        <time>2025-07-22T14:37:03Z</time>
      </trkpt>
      <trkpt lat="45.86939667" lon="17.66109333">
        <ele>144.4</ele>
        <time>2025-07-22T14:37:05Z</time>
      </trkpt>
      <trkpt lat="45.86926667" lon="17.66112667">
        <ele>145.5</ele>
        <time>2025-07-22T14:37:08Z</time>
      </trkpt>
      <trkpt lat="45.86916833" lon="17.66117">
        <ele>146.1</ele>
        <time>2025-07-22T14:37:10Z</time>
      </trkpt>
      <trkpt lat="45.86907167" lon="17.66119833">
        <ele>146.4</ele>
        <time>2025-07-22T14:37:12Z</time>
      </trkpt>
      <trkpt lat="45.868975" lon="17.66124167">
        <ele>145.4</ele>
        <time>2025-07-22T14:37:14Z</time>
      </trkpt>
      <trkpt lat="45.86887" lon="17.66127667">
        <ele>144.6</ele>
        <time>2025-07-22T14:37:16Z</time>
      </trkpt>
      <trkpt lat="45.86877167" lon="17.66132167">
        <ele>144.4</ele>
        <time>2025-07-22T14:37:18Z</time>
      </trkpt>
      <trkpt lat="45.86867333" lon="17.66136833">
        <ele>143.9</ele>
        <time>2025-07-22T14:37:20Z</time>
      </trkpt>
      <trkpt lat="45.86856" lon="17.6614">
        <ele>144.5</ele>
        <time>2025-07-22T14:37:22Z</time>
      </trkpt>
      <trkpt lat="45.86845667" lon="17.66144167">
        <ele>144.1</ele>
        <time>2025-07-22T14:37:24Z</time>
      </trkpt>
      <trkpt lat="45.868345" lon="17.66148333">
        <ele>144</ele>
        <time>2025-07-22T14:37:26Z</time>
      </trkpt>
      <trkpt lat="45.868245" lon="17.66152167">
        <ele>144.5</ele>
        <time>2025-07-22T14:37:28Z</time>
      </trkpt>
      <trkpt lat="45.86814833" lon="17.66155167">
        <ele>143.9</ele>
        <time>2025-07-22T14:37:30Z</time>
      </trkpt>
      <trkpt lat="45.868055" lon="17.66157667">
        <ele>143.7</ele>
        <time>2025-07-22T14:37:32Z</time>
      </trkpt>
      <trkpt lat="45.86792833" lon="17.661615">
        <ele>142.5</ele>
        <time>2025-07-22T14:37:35Z</time>
      </trkpt>
      <trkpt lat="45.86782167" lon="17.66169">
        <ele>143.3</ele>
        <time>2025-07-22T14:37:37Z</time>
      </trkpt>
      <trkpt lat="45.86771667" lon="17.66175833">
        <ele>144.7</ele>
        <time>2025-07-22T14:37:39Z</time>
      </trkpt>
      <trkpt lat="45.86761167" lon="17.66185">
        <ele>144.6</ele>
        <time>2025-07-22T14:37:41Z</time>
      </trkpt>
      <trkpt lat="45.86752333" lon="17.66195833">
        <ele>145</ele>
        <time>2025-07-22T14:37:43Z</time>
      </trkpt>
      <trkpt lat="45.86744167" lon="17.66205">
        <ele>144.9</ele>
        <time>2025-07-22T14:37:45Z</time>
      </trkpt>
      <trkpt lat="45.86735833" lon="17.66214833">
        <ele>144.4</ele>
        <time>2025-07-22T14:37:47Z</time>
      </trkpt>
      <trkpt lat="45.86727" lon="17.66224">
        <ele>144.1</ele>
        <time>2025-07-22T14:37:49Z</time>
      </trkpt>
      <trkpt lat="45.867185" lon="17.66232667">
        <ele>144.1</ele>
        <time>2025-07-22T14:37:51Z</time>
      </trkpt>
      <trkpt lat="45.86710667" lon="17.66242">
        <ele>144.6</ele>
        <time>2025-07-22T14:37:53Z</time>
      </trkpt>
      <trkpt lat="45.86702833" lon="17.66252167">
        <ele>144.7</ele>
        <time>2025-07-22T14:37:55Z</time>
      </trkpt>
      <trkpt lat="45.86693667" lon="17.66261">
        <ele>144.9</ele>
        <time>2025-07-22T14:37:57Z</time>
      </trkpt>
      <trkpt lat="45.86686333" lon="17.66270167">
        <ele>144.4</ele>
        <time>2025-07-22T14:37:59Z</time>
      </trkpt>
      <trkpt lat="45.86678333" lon="17.66277667">
        <ele>144.6</ele>
        <time>2025-07-22T14:38:01Z</time>
      </trkpt>
      <trkpt lat="45.86668333" lon="17.66288667">
        <ele>145</ele>
        <time>2025-07-22T14:38:04Z</time>
      </trkpt>
      <trkpt lat="45.8666" lon="17.66298833">
        <ele>144.9</ele>
        <time>2025-07-22T14:38:07Z</time>
      </trkpt>
      <trkpt lat="45.86651333" lon="17.66308167">
        <ele>144.3</ele>
        <time>2025-07-22T14:38:10Z</time>
      </trkpt>
      <trkpt lat="45.86643333" lon="17.66315333">
        <ele>144.6</ele>
        <time>2025-07-22T14:38:13Z</time>
      </trkpt>
      <trkpt lat="45.86632667" lon="17.66311667">
        <ele>146.4</ele>
        <time>2025-07-22T14:38:17Z</time>
      </trkpt>
      <trkpt lat="45.86628333" lon="17.66297333">
        <ele>146.8</ele>
        <time>2025-07-22T14:38:20Z</time>
      </trkpt>
      <trkpt lat="45.86624667" lon="17.66285167">
        <ele>146.5</ele>
        <time>2025-07-22T14:38:22Z</time>
      </trkpt>
      <trkpt lat="45.86622333" lon="17.66271833">
        <ele>145.8</ele>
        <time>2025-07-22T14:38:24Z</time>
      </trkpt>
      <trkpt lat="45.86618833" lon="17.662595">
        <ele>145.3</ele>
        <time>2025-07-22T14:38:26Z</time>
      </trkpt>
      <trkpt lat="45.86616" lon="17.66245667">
        <ele>145.2</ele>
        <time>2025-07-22T14:38:28Z</time>
      </trkpt>
      <trkpt lat="45.86613667" lon="17.66231833">
        <ele>146.1</ele>
        <time>2025-07-22T14:38:30Z</time>
      </trkpt>
      <trkpt lat="45.86611" lon="17.66216833">
        <ele>146.1</ele>
        <time>2025-07-22T14:38:32Z</time>
      </trkpt>
      <trkpt lat="45.86607833" lon="17.66202">
        <ele>145.6</ele>
        <time>2025-07-22T14:38:34Z</time>
      </trkpt>
      <trkpt lat="45.86605" lon="17.66186833">
        <ele>144.7</ele>
        <time>2025-07-22T14:38:36Z</time>
      </trkpt>
      <trkpt lat="45.86601833" lon="17.66172">
        <ele>144.5</ele>
        <time>2025-07-22T14:38:38Z</time>
      </trkpt>
      <trkpt lat="45.86598833" lon="17.66156167">
        <ele>144.4</ele>
        <time>2025-07-22T14:38:40Z</time>
      </trkpt>
      <trkpt lat="45.86595833" lon="17.66140333">
        <ele>144.5</ele>
        <time>2025-07-22T14:38:42Z</time>
      </trkpt>
      <trkpt lat="45.86591667" lon="17.66125667">
        <ele>144.5</ele>
        <time>2025-07-22T14:38:44Z</time>
      </trkpt>
      <trkpt lat="45.86589167" lon="17.66110833">
        <ele>144.1</ele>
        <time>2025-07-22T14:38:46Z</time>
      </trkpt>
      <trkpt lat="45.86587333" lon="17.66096667">
        <ele>144.1</ele>
        <time>2025-07-22T14:38:48Z</time>
      </trkpt>
      <trkpt lat="45.865845" lon="17.66082833">
        <ele>143.9</ele>
        <time>2025-07-22T14:38:50Z</time>
      </trkpt>
      <trkpt lat="45.865815" lon="17.66068167">
        <ele>144</ele>
        <time>2025-07-22T14:38:52Z</time>
      </trkpt>
      <trkpt lat="45.865785" lon="17.660545">
        <ele>143.9</ele>
        <time>2025-07-22T14:38:54Z</time>
      </trkpt>
      <trkpt lat="45.86576333" lon="17.66039333">
        <ele>144.8</ele>
        <time>2025-07-22T14:38:56Z</time>
      </trkpt>
      <trkpt lat="45.86573333" lon="17.66025167">
        <ele>145.7</ele>
        <time>2025-07-22T14:38:58Z</time>
      </trkpt>
      <trkpt lat="45.86570167" lon="17.660125">
        <ele>146.2</ele>
        <time>2025-07-22T14:39:00Z</time>
      </trkpt>
      <trkpt lat="45.86567333" lon="17.65998833">
        <ele>145.8</ele>
        <time>2025-07-22T14:39:02Z</time>
      </trkpt>
      <trkpt lat="45.86565167" lon="17.65985">
        <ele>145.1</ele>
        <time>2025-07-22T14:39:04Z</time>
      </trkpt>
      <trkpt lat="45.86562833" lon="17.65970833">
        <ele>144.2</ele>
        <time>2025-07-22T14:39:06Z</time>
      </trkpt>
      <trkpt lat="45.86560333" lon="17.65955833">
        <ele>144.5</ele>
        <time>2025-07-22T14:39:08Z</time>
      </trkpt>
      <trkpt lat="45.865575" lon="17.65941167">
        <ele>144.6</ele>
        <time>2025-07-22T14:39:10Z</time>
      </trkpt>
      <trkpt lat="45.86553667" lon="17.65925167">
        <ele>143.9</ele>
        <time>2025-07-22T14:39:12Z</time>
      </trkpt>
      <trkpt lat="45.86550833" lon="17.65910333">
        <ele>144.2</ele>
        <time>2025-07-22T14:39:14Z</time>
      </trkpt>
      <trkpt lat="45.86547833" lon="17.65896833">
        <ele>144.8</ele>
        <time>2025-07-22T14:39:16Z</time>
      </trkpt>
      <trkpt lat="45.86545167" lon="17.65883333">
        <ele>144.9</ele>
        <time>2025-07-22T14:39:18Z</time>
      </trkpt>
      <trkpt lat="45.86542" lon="17.658645">
        <ele>144.5</ele>
        <time>2025-07-22T14:39:21Z</time>
      </trkpt>
      <trkpt lat="45.86539167" lon="17.65850167">
        <ele>144.9</ele>
        <time>2025-07-22T14:39:23Z</time>
      </trkpt>
      <trkpt lat="45.86536167" lon="17.65836">
        <ele>145</ele>
        <time>2025-07-22T14:39:25Z</time>
      </trkpt>
      <trkpt lat="45.86533833" lon="17.65823">
        <ele>145.3</ele>
        <time>2025-07-22T14:39:27Z</time>
      </trkpt>
      <trkpt lat="45.86529333" lon="17.65804">
        <ele>144.9</ele>
        <time>2025-07-22T14:39:30Z</time>
      </trkpt>
      <trkpt lat="45.86525667" lon="17.657905">
        <ele>145</ele>
        <time>2025-07-22T14:39:32Z</time>
      </trkpt>
      <trkpt lat="45.86523167" lon="17.657765">
        <ele>145.4</ele>
        <time>2025-07-22T14:39:34Z</time>
      </trkpt>
      <trkpt lat="45.86520667" lon="17.65761833">
        <ele>145.2</ele>
        <time>2025-07-22T14:39:36Z</time>
      </trkpt>
      <trkpt lat="45.86518167" lon="17.65747667">
        <ele>145.2</ele>
        <time>2025-07-22T14:39:38Z</time>
      </trkpt>
      <trkpt lat="45.86514833" lon="17.657335">
        <ele>145</ele>
        <time>2025-07-22T14:39:40Z</time>
      </trkpt>
      <trkpt lat="45.86512667" lon="17.65720333">
        <ele>144.9</ele>
        <time>2025-07-22T14:39:42Z</time>
      </trkpt>
      <trkpt lat="45.865085" lon="17.65704167">
        <ele>145</ele>
        <time>2025-07-22T14:39:45Z</time>
      </trkpt>
      <trkpt lat="45.86501833" lon="17.65686">
        <ele>145.4</ele>
        <time>2025-07-22T14:39:48Z</time>
      </trkpt>
      <trkpt lat="45.86496167" lon="17.65672167">
        <ele>145.7</ele>
        <time>2025-07-22T14:39:50Z</time>
      </trkpt>
      <trkpt lat="45.864915" lon="17.65659333">
        <ele>146.1</ele>
        <time>2025-07-22T14:39:52Z</time>
      </trkpt>
      <trkpt lat="45.864855" lon="17.65643333">
        <ele>146</ele>
        <time>2025-07-22T14:39:55Z</time>
      </trkpt>
      <trkpt lat="45.86479" lon="17.65628">
        <ele>143.7</ele>
        <time>2025-07-22T14:39:58Z</time>
      </trkpt>
      <trkpt lat="45.86473667" lon="17.65617">
        <ele>142.1</ele>
        <time>2025-07-22T14:40:00Z</time>
      </trkpt>
      <trkpt lat="45.86466167" lon="17.65602667">
        <ele>139.2</ele>
        <time>2025-07-22T14:40:03Z</time>
      </trkpt>
      <trkpt lat="45.86460667" lon="17.65588667">
        <ele>135.7</ele>
        <time>2025-07-22T14:40:06Z</time>
      </trkpt>
      <trkpt lat="45.86454833" lon="17.65575833">
        <ele>132.2</ele>
        <time>2025-07-22T14:40:09Z</time>
      </trkpt>
      <trkpt lat="45.86448" lon="17.65560667">
        <ele>130.2</ele>
        <time>2025-07-22T14:40:12Z</time>
      </trkpt>
      <trkpt lat="45.86442333" lon="17.65549">
        <ele>128.9</ele>
        <time>2025-07-22T14:40:14Z</time>
      </trkpt>
      <trkpt lat="45.86436833" lon="17.65536167">
        <ele>127</ele>
        <time>2025-07-22T14:40:16Z</time>
      </trkpt>
      <trkpt lat="45.86431833" lon="17.65523">
        <ele>124.9</ele>
        <time>2025-07-22T14:40:18Z</time>
      </trkpt>
      <trkpt lat="45.86426333" lon="17.65512333">
        <ele>123</ele>
        <time>2025-07-22T14:40:20Z</time>
      </trkpt>
      <trkpt lat="45.86418" lon="17.65503333">
        <ele>117.6</ele>
        <time>2025-07-22T14:40:23Z</time>
      </trkpt>
      <trkpt lat="45.86409333" lon="17.65488833">
        <ele>112.4</ele>
        <time>2025-07-22T14:40:27Z</time>
      </trkpt>
      <trkpt lat="45.864035" lon="17.654765">
        <ele>111.2</ele>
        <time>2025-07-22T14:40:29Z</time>
      </trkpt>
      <trkpt lat="45.86397667" lon="17.65463833">
        <ele>110.7</ele>
        <time>2025-07-22T14:40:31Z</time>
      </trkpt>
      <trkpt lat="45.86391333" lon="17.65449333">
        <ele>110.8</ele>
        <time>2025-07-22T14:40:33Z</time>
      </trkpt>
      <trkpt lat="45.86384833" lon="17.65432667">
        <ele>112.8</ele>
        <time>2025-07-22T14:40:35Z</time>
      </trkpt>
      <trkpt lat="45.86379833" lon="17.65411167">
        <ele>116</ele>
        <time>2025-07-22T14:40:37Z</time>
      </trkpt>
      <trkpt lat="45.86376167" lon="17.65389">
        <ele>119.8</ele>
        <time>2025-07-22T14:40:39Z</time>
      </trkpt>
      <trkpt lat="45.863725" lon="17.65368833">
        <ele>122.8</ele>
        <time>2025-07-22T14:40:41Z</time>
      </trkpt>
      <trkpt lat="45.86368667" lon="17.65348833">
        <ele>125.3</ele>
        <time>2025-07-22T14:40:43Z</time>
      </trkpt>
      <trkpt lat="45.86364667" lon="17.65328">
        <ele>128.4</ele>
        <time>2025-07-22T14:40:45Z</time>
      </trkpt>
      <trkpt lat="45.863595" lon="17.65308333">
        <ele>131.9</ele>
        <time>2025-07-22T14:40:47Z</time>
      </trkpt>
      <trkpt lat="45.86354667" lon="17.65291833">
        <ele>134.9</ele>
        <time>2025-07-22T14:40:49Z</time>
      </trkpt>
      <trkpt lat="45.86349167" lon="17.652755">
        <ele>137</ele>
        <time>2025-07-22T14:40:51Z</time>
      </trkpt>
      <trkpt lat="45.86344167" lon="17.65257">
        <ele>139.1</ele>
        <time>2025-07-22T14:40:53Z</time>
      </trkpt>
      <trkpt lat="45.863385" lon="17.65240833">
        <ele>140.8</ele>
        <time>2025-07-22T14:40:55Z</time>
      </trkpt>
      <trkpt lat="45.86333833" lon="17.65228833">
        <ele>141.5</ele>
        <time>2025-07-22T14:40:57Z</time>
      </trkpt>
      <trkpt lat="45.86327" lon="17.65213167">
        <ele>140.9</ele>
        <time>2025-07-22T14:41:00Z</time>
      </trkpt>
      <trkpt lat="45.86322667" lon="17.65200667">
        <ele>140</ele>
        <time>2025-07-22T14:41:02Z</time>
      </trkpt>
      <trkpt lat="45.86318" lon="17.65188167">
        <ele>139.9</ele>
        <time>2025-07-22T14:41:04Z</time>
      </trkpt>
      <trkpt lat="45.86314" lon="17.65174833">
        <ele>140.2</ele>
        <time>2025-07-22T14:41:06Z</time>
      </trkpt>
      <trkpt lat="45.86307667" lon="17.65159333">
        <ele>139.7</ele>
        <time>2025-07-22T14:41:09Z</time>
      </trkpt>
      <trkpt lat="45.86301833" lon="17.65142833">
        <ele>140.1</ele>
        <time>2025-07-22T14:41:12Z</time>
      </trkpt>
      <trkpt lat="45.86297" lon="17.65130167">
        <ele>139.5</ele>
        <time>2025-07-22T14:41:14Z</time>
      </trkpt>
      <trkpt lat="45.86290833" lon="17.65115333">
        <ele>138.4</ele>
        <time>2025-07-22T14:41:17Z</time>
      </trkpt>
      <trkpt lat="45.86285" lon="17.65102333">
        <ele>137.4</ele>
        <time>2025-07-22T14:41:20Z</time>
      </trkpt>
      <trkpt lat="45.86282" lon="17.65086833">
        <ele>138.5</ele>
        <time>2025-07-22T14:41:23Z</time>
      </trkpt>
      <trkpt lat="45.862785" lon="17.65073833">
        <ele>139.2</ele>
        <time>2025-07-22T14:41:26Z</time>
      </trkpt>
      <trkpt lat="45.86275333" lon="17.6506">
        <ele>139.4</ele>
        <time>2025-07-22T14:41:29Z</time>
      </trkpt>
      <trkpt lat="45.86272167" lon="17.65044333">
        <ele>138.8</ele>
        <time>2025-07-22T14:41:33Z</time>
      </trkpt>
      <trkpt lat="45.86266667" lon="17.650335">
        <ele>139.4</ele>
        <time>2025-07-22T14:41:36Z</time>
      </trkpt>
      <trkpt lat="45.86259" lon="17.65026167">
        <ele>143.7</ele>
        <time>2025-07-22T14:41:39Z</time>
      </trkpt>
      <trkpt lat="45.86251167" lon="17.65005833">
        <ele>183</ele>
        <time>2025-07-22T14:41:51Z</time>
      </trkpt>
      <trkpt lat="45.86241667" lon="17.649865">
        <ele>208.7</ele>
        <time>2025-07-22T14:41:54Z</time>
      </trkpt>
      <trkpt lat="45.86235167" lon="17.64973167">
        <ele>217.6</ele>
        <time>2025-07-22T14:41:56Z</time>
      </trkpt>
    </trkseg>
  </trk>
</gpx>